tree
version=v4
num_class=1
num_tree_per_iteration=1
label_index=0
max_feature_idx=49
objective=binary sigmoid:1
feature_names=ACTIVE_ADULT_COUNT ACTIVE_CHILD_COUNT INCOME_TIER MONTHLY_PREMIUM LHC_LOADING_RATE TOTAL_CLAIM_COUNT_ROLL3M TOTAL_BENEFIT_PAID_ROLL3M TOTAL_OUT_OF_POCKET_ROLL3M HOSPITAL_CLAIM_COUNT_ROLL3M REVERSAL_FLAG_ROLL3M NO_BENEFIT_PAID_FLAG_ROLL3M TOTAL_CLAIM_COUNT_ROLL6M TOTAL_BENEFIT_PAID_ROLL6M TOTAL_OUT_OF_POCKET_ROLL6M HOSPITAL_CLAIM_COUNT_ROLL6M REVERSAL_FLAG_ROLL6M NO_BENEFIT_PAID_FLAG_ROLL6M TOTAL_CLAIM_COUNT_ROLL12M TOTAL_BENEFIT_PAID_ROLL12M TOTAL_OUT_OF_POCKET_ROLL12M HOSPITAL_CLAIM_COUNT_ROLL12M REVERSAL_FLAG_ROLL12M NO_BENEFIT_PAID_FLAG_ROLL12M MONTHS_SINCE_LAST_CLAIM MONTHS_SINCE_LAST_SURVEY LAST_OVERALL_EXPERIENCE_RATING LAST_NPS_RATING LAST_SERVICE_RATING RECENT_LOW_RATING_FLAG HAS_EVER_SURVEYED HAD_COMPLAINT_FLAG ARREARS_FLAG_LAG2M PREMIUM_CHANGE_3M NEGATIVE_SENTIMENT_CALLS_LAST_6M POLICY_OWNER_AGE_BAND SCALE STATE_CODE CHANNEL_ACQUISITION TENURE_BAND YOUNGEST_DEPENDANT_AGE_BAND PRODUCT_HOLDINGS HOSPITAL_TIER EXTRAS_TIER HOSPITAL_EXCESS_AMT PAYMENT_METHOD_DESC PAYMENT_FREQUENCY_DESC ARREARS_FLAG MARKETING_OPTIN CALL_NEGATIVE_SENTIMENT RESOLUTION_TIME
feature_infos=[0:5] [0:12] [0:3] [0.31999999284744263:1455.8399658203125] [0:70] [0:397] [-345.75:238200.734375] [-0.0009765625:75709.390625] [0:46] [0:3] [0:3] [0:524] [-531.75:238200.734375] [-0.000244140625:75709.390625] [0:87] [0:6] [0:6] [0:537] [-531.75:312711.0625] [-204.10000610351562:75709.390625] [0:161] [0:9] [0:10] [-1:13] [-1:14] [0:10] [0:10] [0:10] [0:1] [0:1] [0:1] [0:1] [-711.21002197265625:806.780029296875] [0:5] -1:2:1:4:3:6:5:0 -1:5:3:0:4 -1:7:6:1:3:4:0:5 -1:0:5:2:4:3:1:6 -1:5:8:2:6:3:1:4:9:0:7 -1:0:1:2 -1:1:2:3:0 -1:1:5:2:0:4 -1:3:5:4:1:0 -1:3:0:2:5:1 -1:1:0 -1:0:2:5:3:1 -1:0:1 -1:2:0:1 -1:0 -1:3:1
tree_sizes=3320 3197 3269 3287 3288 3291 3248 3345 3311 3389 3316 3333 3374 3329 3381 3395 3401 3400 3435 3302 3380 3331 3321 3368 3366 3315 3365 3375 3253 3327 3339 3379 3395 3346 3383 3383 3351 3361 3326 3370 3412 3397 3407 3419 3408 3392 3440 3327 3438 3342 3448 3361 3383 3396 3376 3380 3394 3420 3416 3316 3423 3399 3326 3399 3418 3347 3402 3354 3363 3408 3388 3411 3441 3366 3418 3411 3353 3407 3404 3297 3363 3359 3382 3397 3443 3412 3413 3452 3334 3404 3404 3356 3373 3358 3395 3390 3394 3385 3353 3363 3356 3385 3402 3380 3399 3378 3354 3315 3385 3417 3399 3438 3386 3461 3400 3325 3395 3383 3330 3354 3440 3338 3443 3382 3379 3319 3414 3429 3436 3351 3378 3433 3409 3346 3368 3385 3432 3385 3351 3327 3360 3349 3452 3360 3380 3343 3444 3269 3420 3330

Tree=0
num_leaves=31
num_cat=16
split_feature=2 36 3 40 37 44 3 37 6 32 37 35 44 3 18 45 37 41 0 31 18 3 41 37 44 31 0 44 44 19
split_gain=1.51994e+07 5.77504e+06 5.2772e+06 2.03218e+06 1.16729e+06 770949 556243 428154 384319 367561 366777 354570 350668 299372 268841 208745 194888 192697 154157 134512 126442 120556 101749 99183.5 97726.4 96331.8 93437.6 90751.4 88720.3 87564.9
threshold=inf 0 491.38499450683599 1 2 3 231.53499603271487 4 9462.8852539062518 -4.4949998855590811 5 6 7 18.605000495910648 1.0000000180025095e-35 8 9 10 1.5000000000000002 1.0000000180025095e-35 54.07500076293946 371.28500366210943 11 12 13 1.0000000180025095e-35 1.5000000000000002 14 15 18.774999618530277
decision_type=8 9 10 1 1 9 10 1 2 10 1 1 9 10 2 9 1 9 2 10 2 10 9 1 9 8 2 9 9 2
left_child=1 2 3 17 12 15 10 -3 14 -2 -7 -4 -5 -12 -8 25 28 -1 -13 -15 -14 -11 -16 -20 26 -6 -19 -25 -9 -17
right_child=9 7 11 4 5 6 8 16 -10 21 13 18 20 19 22 29 -18 24 23 -21 -22 -23 -24 27 -26 -27 -28 -29 -30 -31
leaf_value=1.6962004863851288 2.4215001753794301 -1.7462280877956493 -3.4721093053994045 1.4670815120275966 -0.13667908112836358 -2.6677962160639055 -1.5729217294273492 0.32083328345827056 -0.25710839661714591 1.33270968569086 1.9253428771272993 -1.1869130219168471 -0.44412715679971182 -1.3969236358813495 -1.2975773611251773 -0.56817069558164279 -0.24441361849078636 -0.16203880293070583 -1.5315900040046229 0.73816545831293467 -1.0320701744913721 -1.0155464298079542 -2.3570316825640694 -1.1219164164306092 0.17981458623061819 1.181487469713324 -1.0275820678936141 -2.9462211098226465 1.6846819944174856 -1.9838408071913576
leaf_weight=497.82327098492533 7345.510528341867 995.19967783149332 7311.8277869960293 464.7772701792419 1005.68926193472 1558.4952368075028 4248.2258790116757 8939.5555476602167 729.75012028031051 1570.1584260324016 177.79926741402596 461.15344404429197 4061.8177668331191 17465.576559287496 690.24557884875685 561.57824252638966 8800.1108256708831 2584.1876034811139 424.47225517127663 190.91109801735729 5525.7052641659975 153.60820381250232 13161.165624852292 183.03441379964352 3067.9427237138152 548.25082683376968 1154.9819309310988 3750.3899558680132 316.05290109850466 556.96600215695798
leaf_count=5770 30562 55063 562872 7416 35980 104285 227393 269279 27194 27661 1830 22484 160751 896883 34204 23086 326030 93263 22139 4766 258837 7164 831749 8777 97760 10683 54038 264398 4193 32641
internal_value=-0.945852 -1.26231 -1.59845 -1.28192 -1.46342 -1.65621 -1.74736 -0.0243029 -2.05708 2.17478 -1.44664 -3.11603 -0.682731 -1.34271 -2.12965 -0.341895 0.0690393 -0.0263224 -2.58179 -1.37384 -0.782984 1.12345 -2.3004 -2.72504 -0.161174 0.297625 -0.429394 -2.86544 0.36217 -1.30153
internal_weight=98503 89433.7 70382.8 58251.9 50947 40894.7 38222.2 19050.9 18829.4 9069.28 19392.8 12130.9 10052.3 17834.3 18099.6 2672.48 18055.7 7304.94 4819.05 17656.5 9587.52 1723.77 13851.4 4357.9 6807.11 1553.94 3739.17 3933.42 9255.61 1118.54
internal_count=4509151 4443764 3789199 2908529 2657698 2230694 2128304 654565 1120540 65387 1007764 880670 427004 903479 1093346 102390 599502 250831 317798 901649 419588 34825 865953 295314 245061 46663 147301 273175 273472 55727
cat_boundaries=0 1 2 3 4 5 6 7 8 9 10 11 12 13 14 15 16
cat_threshold=128 9 4 1 16 18 1 1 12 4 16 17 4 2 1 2
is_linear=0
shrinkage=1


Tree=1
num_leaves=31
num_cat=19
split_feature=47 36 3 35 40 2 37 2 3 6 18 35 37 37 37 2 45 2 36 45 45 18 3 46 31 47 35 37 40 45
split_gain=5.17966e+06 696486 1.15852e+06 685618 382427 298574 340807 265340 168888 201810 262617 128955 156880 85283.7 83093.3 77644.9 71442.6 71438.3 61154.6 48936.5 47581.5 31948.2 30961.5 29620.5 26365.3 19319.9 63323.2 19071.1 16497.5 15356.7
threshold=0 1 491.38499450683599 2 3 inf 4 inf 231.53499603271487 9462.8852539062518 1.0000000180025095e-35 5 6 7 8 inf 9 inf 10 11 12 54.07500076293946 18.605000495910648 13 1.0000000180025095e-35 14 15 16 17 18
decision_type=1 9 10 1 1 8 1 8 10 2 2 1 1 1 1 8 9 8 9 9 9 2 10 1 10 1 1 1 1 9
left_child=1 2 4 7 5 6 21 -4 14 10 -10 12 -5 -3 16 20 -8 18 23 -12 -14 -1 -16 25 29 28 -27 -15 -2 -24
right_child=17 13 3 11 -6 -7 8 -9 9 -11 19 -13 15 27 22 -17 -18 -19 -20 -21 -22 -23 24 -25 -26 26 -28 -29 -30 -31
leaf_value=0.1719104727304798 -0.068964857787985612 0.44384684909204264 2.3150287472349405 0.3947486152610642 0.13918407140556235 0.077548865803940228 1.0831665515738729 0.087257418101590559 0.36041680118676767 0.16509245463732292 0.43775766481420209 0.3189242177944181 1.4100285381716828 0.10965569954954335 0.040523279351905521 0.14978706143126863 0.42755064578932128 -0.32030535641333296 -0.1208284175771616 0.72213502575171662 0.68040807207225329 0.26392537523821208 0.25132541478761006 0.072119407866450297 0.092495666071175847 -0.060127180846193728 0.10601852030266037 0.15193905080421855 -0.12362585569403832 0.35123540188774743
leaf_weight=49583.21921081841 290733.65421436168 5607.9374578893185 2810.575809404254 2563.5749860107899 104265.54470354319 30631.528905645013 1734.8617013804615 389.60172259807587 27444.027933612466 10225.136442944407 4542.1056908369064 3707.342589110136 3489.4852253943682 150530.01100547612 2321.1346755772829 424.93404047191143 2859.5225537866354 7764.3398322612047 149435.25173608959 32273.843058899045 763.79627078771591 47079.990703940392 11162.637303173542 10281.63513870351 2787.3829733282328 120844.87613431364 16702.880416749045 125529.15905223787 40267.071632428095 103029.46012339741
leaf_count=19480 2552763 4111 12944 1550 35972 9889 3386 116 22001 3301 4242 1789 7057 51812 2604 105 2255 44078 560586 41597 892 22006 5381 35439 933 662235 119420 44435 163802 68875
internal_value=0.0875362 0.233596 0.29601 1.00829 0.272576 0.315268 0.339959 2.03744 0.399986 0.495205 0.547733 0.704982 0.901906 0.135174 0.342772 1.17838 0.676929 -0.0791282 -0.0761476 0.687365 1.28392 0.216704 0.329819 -0.0621996 0.335588 -0.0651484 -0.0399482 0.128888 -0.0756203 0.341522
internal_weight=1.36179e+06 725757 444090 14149.3 429940 325675 295043 3200.18 198380 74485.1 64260 10949.1 7241.79 281667 123895 4678.22 4594.38 636030 628265 36815.9 4253.28 96663.2 119301 478830 116979 468548 137548 276059 331001 114192
internal_count=4505056 366733 266375 24453 241922 205950 196061 13060 154575 71141 67840 11393 9604 100358 83434 8054 5641 4138323 4094245 45839 7949 41486 77793 3533659 75189 3498220 781655 96247 2716565 74256
cat_boundaries=0 1 2 3 4 5 6 7 8 9 10 11 12 13 14 15 16 17 18 19
cat_threshold=2 128 1 6 4 8 4 16 16 5 128 8 7 1 4 32 4 6 8
is_linear=0
shrinkage=0.08


Tree=2
num_leaves=31
num_cat=18
split_feature=36 40 37 38 3 34 2 38 37 38 2 44 3 3 38 2 38 37 3 37 2 38 7 34 37 38 3 4 41 18
split_gain=111869 61257.9 45460.4 64846.5 38775 36984.8 17866.3 17245.2 14707.6 10612.3 10225.2 9670.47 9400.13 9349.16 9177.88 8896.5 8834.72 8803.74 7870 11466.8 8144 7527.87 6640.11 6773.53 6611.63 6371.9 5747.06 5990.86 5585.82 5572.51
threshold=0 1 2 3 330.29499816894537 4 inf 5 6 7 inf 8 491.38499450683599 477.54499816894537 9 inf 10 11 231.53499603271487 12 inf 13 18.749992370605472 14 15 16 231.53499603271487 1.0000000180025095e-35 17 64.099998474121108
decision_type=9 1 1 1 10 1 8 1 1 1 8 9 10 10 1 8 1 1 10 1 8 1 2 1 1 1 10 8 9 2
left_child=1 2 7 5 6 11 9 -1 -2 -5 12 -4 29 -7 17 21 -3 -10 19 -13 22 -6 23 -20 -16 -15 27 -11 -28 -9
right_child=8 16 3 4 15 13 -8 10 14 26 -12 18 -14 25 24 -17 -18 -19 20 -21 -22 -23 -24 -25 -26 -27 28 -29 -30 -31
leaf_value=0.035936655020233202 0.12623695493165152 0.066683622326761796 0.058743430450409535 0.10852114033232686 0.17172510663657264 0.049703195591546186 0.018757325605495308 0.068354403840565903 0.039524456003036376 0.1154890754384247 -0.012791799801789556 0.20297181234460418 0.20418473940513193 0.1634755663952708 0.038649533387663131 0.020139884152375224 0.029846441130973188 0.074624362198747296 0.17385274365442197 0.087836314549428793 -0.0088438913881059896 0.23189315858772691 0.11423470315865457 0.099183787290961875 0.0094927000150816319 0.078257300902086213 0.14967523089286969 0.15473858179431532 0.2403271318203071 0.10180222096852971
leaf_weight=73236.689650289714 12754.515579402447 75824.474380347878 19474.071288891137 92919.254258677363 25245.184122920036 130270.49794429541 9873.6175829395652 64510.211758866906 141352.75148303807 45109.72067893669 6655.7679494693875 6079.6867655478418 4371.7766065374017 7368.502123080194 126409.17713919282 1737.0746186003089 92629.942794334143 67687.050917066634 37560.281027756631 62689.923313025385 2486.0904590338469 29170.570841193199 40628.72457896173 9937.5567469336092 82136.463245369494 23964.458496149629 11239.392655439675 55522.051671162248 7308.6715113669634 63020.366180464625
leaf_count=208701 55674 97082 51713 332747 165608 742240 10193 102777 168927 132046 10318 38979 12238 73203 223538 3555 171659 84110 201241 203347 3965 112396 367032 66992 138053 396536 41018 125426 25219 138623
internal_value=0.0757344 0.0904258 0.0993503 0.110306 0.13897 0.0868862 0.123951 0.0673494 0.041632 0.128848 0.0839492 0.111955 0.0888371 0.0591364 0.0390449 0.198364 0.0464305 0.0508928 0.118463 0.0980573 0.13395 0.204053 0.137978 0.158288 0.027167 0.098375 0.144674 0.137144 0.185606 0.0848829
internal_weight=1.42917e+06 998835 830380 618585 278126 340460 221973 211795 430340 212099 138558 178856 131902 161603 417585 56152.8 168454 209040 159382 68769.6 90612.7 54415.8 88126.6 47497.8 208546 31333 119180 100632 18548.1 127531
internal_count=4505156 3834854 3566113 3093456 948208 2145248 666649 472657 670302 656456 263956 933269 253638 1211979 614628 281559 268741 253037 881556 242326 639230 278004 635265 268233 361591 469739 323709 257472 66237 241400
cat_boundaries=0 1 2 3 4 5 6 7 8 9 10 11 12 13 14 15 16 17 18
cat_threshold=128 6 4 44 71 300 16 256 1 659 595 4 16 256 66 35 12 49
is_linear=0
shrinkage=0.08


Tree=3
num_leaves=31
num_cat=14
split_feature=47 37 40 2 2 44 37 47 1 37 6 3 37 18 2 32 46 46 3 40 44 3 3 3 40 18 2 6 1 44
split_gain=3.78229e+06 170243 126197 98978.6 45392.1 44688.8 32477.8 28526.8 39404.7 26796.5 17020.8 25489.5 28849.2 15497.8 14570 14018.7 13783 12388.6 10522 7515.19 6282.69 6344.52 6226.88 6122.58 5526.01 5488.19 5277.59 4884.93 4796.4 4647.92
threshold=0 1 2 inf inf 3 4 5 1.0000000180025095e-35 6 9462.8852539062518 231.53499603271487 7 42.024999618530281 inf -4.4949998855590811 8 9 491.38499450683599 10 11 1.0000000180025095e-35 1.0000000180025095e-35 231.53499603271487 12 54.07500076293946 inf 9462.8852539062518 1.0000000180025095e-35 13
decision_type=1 1 1 8 8 9 1 1 2 1 2 10 1 2 8 10 1 1 10 1 9 10 10 10 1 2 8 2 2 9
left_child=1 14 3 5 6 -3 7 17 -9 10 11 12 -7 -13 20 -6 22 19 -15 -2 21 -1 -8 -11 -24 -22 29 -25 -20 -4
right_child=4 2 26 -5 15 9 16 8 -10 23 -12 13 -14 18 -16 -17 -18 -19 28 -21 25 -23 24 27 -26 -27 -28 -29 -30 -31
leaf_value=-0.20106150565122125 -0.070550531300512226 0.14526059691980009 0.1524060358362076 0.079909028110132369 -0.42109903984392238 0.387716447395417 0.16384167033862246 -0.040002732024680736 0.12743408146371724 0.20813672875490405 0.16412615613434653 0.25558738979044132 0.2329830951300598 0.35039184186233513 0.077335878379402201 -0.19502135992069153 0.038288196579204195 0.044615899086266404 0.23722229614097692 -0.11264938509826009 0.13096380220385773 0.090777930831552084 -0.09558912214890182 0.24516248559659942 -0.12990435829510513 0.15324302995331637 0.071430112732174117 0.15838881288629023 0.32037941813395421 0.11646435828567465
leaf_weight=506.00825586169958 261496.43408524059 29077.174718692899 51064.694685876369 26230.64448415488 2394.6022906005383 8464.9129426032305 570.31778889149427 91440.279139425606 9977.0237739644945 80365.315042279661 9588.0715827047825 27496.955432347953 92290.302990183234 41386.421207539737 25255.618584401906 6576.0090141445398 4692.7789292447269 5654.988745175302 9319.6018143519759 30349.396952683106 134055.66379868984 8245.1937630549073 198376.59912053496 69821.349939443171 35622.427184265107 149879.91174624115 8814.9024101532996 4414.563294261694 8476.7608991712332 41939.540575526655
leaf_count=1914 2158070 12388 18484 8600 15396 6134 301 524870 30894 37574 3371 18565 48311 29855 9063 28883 12008 22815 6581 122191 48364 3049 1079179 37263 143601 54061 3385 1364 5160 13819
internal_value=0.0681828 0.181572 0.210276 0.230213 -0.0766647 0.240575 -0.0741527 -0.0601701 -0.023531 0.248457 0.268076 0.273408 0.246045 0.305215 0.135632 -0.25537 -0.0974593 -0.0726623 0.328272 -0.0749347 0.140667 0.0739033 -0.100179 0.223423 -0.100823 0.142724 0.130578 0.240002 0.276832 0.136198
internal_weight=1.47384e+06 826694 508751 406932 647151 380701 638180 398918 101417 351624 197023 187435 100755 86679.7 317942 8970.61 239262 297501 59182.8 291846 292687 8751.2 234569 154601 233999 283936 101819 74235.9 17796.4 93004.2
internal_count=4505513 367305 250854 215166 4138208 206566 4093929 2858840 555764 194178 117977 114606 54445 60161 116451 44279 1235089 2303076 41596 2280261 107388 4963 1223081 76201 1222780 102425 35688 38627 11741 32303
cat_boundaries=0 1 2 3 4 5 6 7 8 9 10 11 12 13 14
cat_threshold=2 6 6 1 105 4 25 16 1 1 6 1 6 2
is_linear=0
shrinkage=0.08


Tree=4
num_leaves=31
num_cat=20
split_feature=47 36 40 36 37 32 46 37 47 35 18 40 1 6 18 4 46 37 37 0 37 38 40 38 47 35 31 12 4 38
split_gain=3.12704e+06 162065 85476.6 38867.6 37666.3 28035.9 21373.3 20334.4 14373.4 44673.5 11264.9 10891.4 10200.2 9677.7 7445.11 8333.14 7227.8 7109.27 6942.11 6226.29 6126.99 4940.24 4714.24 6908.61 4213.5 3732.68 3380.83 3201.44 3142.82 2971.7
threshold=0 1 2 3 4 -9.8350000381469709 5 6 7 8 54.07500076293946 9 1.5000000000000002 9462.8852539062518 1.0000000180025095e-35 inf 10 11 12 1.5000000000000002 13 14 15 16 17 18 1.0000000180025095e-35 9883.3251953125018 68.500000000000014 19
decision_type=1 9 1 9 1 10 1 1 1 1 2 1 2 2 2 8 1 1 1 2 1 1 1 1 1 1 10 2 8 1
left_child=1 2 4 6 10 16 8 -3 11 17 -1 -2 29 14 -7 21 27 -10 -9 -4 -5 -16 23 -19 26 -26 -22 -6 -21 -11
right_child=3 7 19 20 5 13 -8 18 9 12 -12 -13 -14 -15 15 -17 -18 22 -20 28 24 -23 -24 -25 25 -27 -28 -29 -30 -31
leaf_value=0.13539935076816081 -0.068166748271793171 0.23428644223191847 0.10835220686596589 -0.12659177986361597 0.18688303299179507 0.20891366038573903 0.049557809259267886 0.095378259871922777 -0.08432018990121723 0.088680416473621265 0.18456732754321528 -0.11270135532284049 0.15774280809350186 0.15291849430094762 0.26550722955995104 0.20947297105610868 0.10052806530423261 -0.060081348834411331 0.121321406699816 0.19719298729982504 -0.10578284660856746 0.23383021503899151 -0.093912666748632176 -0.0063547939701691057 0.035822126162057065 -0.073729469192594974 0.0432925501226471 0.11605927949140257 0.13623808154164002 0.0050700868883253669
leaf_weight=55591.436696194112 287934.25419878587 8371.8820027783513 75863.756028875709 66731.380975067616 86633.736071001738 69905.490486465394 10766.345154702663 140721.48264345527 48859.566910360008 3957.3301823139191 64335.633807443082 40092.370148988441 6038.1421281695366 10606.992022097111 66240.597360312939 43500.405671574175 7247.2473204396665 34742.64135684073 125549.41040942073 7463.7733321748674 64815.132615812123 64770.793874561787 10693.451044209301 27409.633922737092 2266.4572540968657 16228.753692083061 988.47370727360249 4286.8943725824356 19707.776082001626 8675.9041614476591
leaf_count=21591 2573910 4062 26963 230402 56055 30115 36027 52059 243708 12672 25052 167119 14579 3616 36479 19428 5515 247659 44421 3095 268389 30381 34299 145065 5147 61700 2036 1663 6807 93780
internal_value=0.0620244 0.162072 0.186181 -0.0730438 0.200566 0.213738 -0.061885 0.111485 -0.0644479 -0.0430255 0.161762 -0.0736154 0.0721754 0.227728 0.230974 0.239811 0.177415 -0.0607 0.107615 0.12011 -0.108436 0.249885 -0.0448478 -0.0363924 -0.0940502 -0.0603252 -0.103543 0.183544 0.152982 0.031335
internal_weight=1.481e+06 850797 576155 630200 473119 353192 479170 274643 468403 140377 119927 328027 18671.4 255024 244417 174512 98167.9 121705 266271 103035 151030 131011 72845.7 62152.3 84298.8 18495.2 65803.6 90920.6 27171.5 12633.2
internal_count=4503794 367302 266760 4136492 229895 183252 3568818 100542 3532791 791762 46643 2741029 121031 120019 116403 86288 63233 670731 96480 36865 567674 66860 427023 392724 337272 66847 270425 57718 9902 106452
cat_boundaries=0 1 2 3 4 5 6 7 8 9 10 11 12 13 14 15 16 17 18 19 20
cat_threshold=2 128 6 128 4 1 16 4 32 6 1 20 4 4 44 6 44 4 24 722
is_linear=0
shrinkage=0.08


Tree=5
num_leaves=31
num_cat=17
split_feature=47 36 44 2 36 2 37 46 3 47 1 37 3 41 18 18 37 18 44 3 37 46 3 41 3 34 8 32 38 37
split_gain=2.62637e+06 106991 53905.9 45915.1 30473.9 26069.8 24378 19483.8 15113.6 14530 30936.2 12437 8028.01 7901.64 9126.36 9882.2 7625.65 6958.02 6868.1 6553.87 8196.13 6169.44 6112.58 6052.87 5359.71 5329.01 5158.68 5094.83 5046.36 4899.29
threshold=0 1 2 inf 3 inf 4 5 231.53499603271487 6 1.0000000180025095e-35 7 19.105000495910648 8 1.0000000180025095e-35 9730.8193359375018 9 54.07500076293946 10 9.9849996566772479 11 12 491.38499450683599 13 477.54499816894537 14 1.0000000180025095e-35 -4.4949998855590811 15 16
decision_type=1 9 9 8 9 8 1 1 10 1 2 1 8 9 2 2 1 2 9 10 1 1 10 9 8 1 2 10 1 1
left_child=1 2 21 6 5 7 17 9 19 12 16 -3 -2 -10 -15 22 -11 -4 -6 -8 -21 -1 -16 25 -14 -7 -17 -25 -12 -13
right_child=4 11 3 -5 18 23 8 -9 13 10 28 29 24 14 15 26 -18 -19 -20 20 -22 -23 -24 27 -26 -27 -28 -29 -30 -31
leaf_value=0.10947778319316882 -0.11273895555231611 0.19835855690070617 0.13241810674862267 0.072875570598802036 -0.0071820255342516601 0.048150923446306448 0.10993990279825845 0.050783450597839473 0.13649939719387191 -0.073022794280817899 0.17919365164452547 0.090983344772996008 -0.068917962060608934 0.18172609147359231 0.24717896636760334 0.23603052000325453 -0.032476011243278521 0.16927021322369751 -0.10371102942869349 0.25248503832383196 0.1748219808559337 0.0360113375809131 0.20276185369231556 -0.35173128637679602 -0.035425415076736078 -0.20462501582022555 0.14886470488996473 -0.19273548142444547 0.057652082719194864 0.11320358746448669
leaf_weight=64351.982494018972 24295.770201273263 8793.9035198092461 67146.747886456549 26930.687055550516 4876.0803298056126 1034.1240083575249 9318.5514872744679 10581.994173187762 9558.0564447045326 49345.659679604694 3001.7761148773134 134819.7695024237 251043.20490999892 46063.280696816742 69378.992139190435 6116.7019457519054 74656.812880821526 64084.626980982721 144942.4758425355 9250.3092062547803 178108.55505742878 8253.8593980669975 27764.474527575076 1839.4224703684449 34820.573848661035 1090.8715789690614 15005.216405168176 4317.1055209189653 8116.646013494581 121542.51296901703
leaf_count=21876 98296 4049 23780 10882 14599 970 3772 35143 3870 263603 4063 51763 1825992 24818 39165 2584 479393 23557 553798 5159 78260 8616 15069 10318 794427 4533 5500 20055 34104 44175
internal_value=0.0573973 0.147091 0.16576 0.174639 -0.0691875 -0.0590567 0.180101 -0.0565025 0.190609 -0.0590521 -0.0371575 0.104741 -0.0685905 0.207796 0.211922 0.223701 -0.0486197 0.150403 -0.100563 0.175422 0.178679 0.101126 0.234484 -0.199726 -0.0648383 -0.0819629 0.174107 -0.23985 0.0906792 0.101522
internal_weight=1.48045e+06 866488 601332 528726 613963 464144 501796 455862 370564 445280 135121 265156 310160 173887 164329 118265 124002 131231 149819 196677 187359 72605.8 97143.5 8281.52 285864 2125 21121.9 6156.53 11118.4 256362
internal_count=4506189 366895 266908 236416 4139294 3570897 225534 3535021 178197 3499878 781163 99987 2718715 91006 87136 62318 742996 47337 568397 87191 83419 30492 54234 35876 2620419 5503 8084 30373 38167 95938
cat_boundaries=0 1 2 3 4 5 6 7 8 9 10 11 12 13 14 15 16 17
cat_threshold=2 128 1 128 4 1 4 16 17 20 1 16 1 16 112 82 4
is_linear=0
shrinkage=0.08


Tree=6
num_leaves=31
num_cat=22
split_feature=47 36 44 2 36 2 46 37 47 39 40 37 37 40 44 46 39 44 18 6 44 41 1 47 1 37 40 27 32 43
split_gain=2.18238e+06 69501.2 34024.5 29049.3 27608.7 19453.9 14865.3 13578.9 13078.4 28362 12833.2 8768.77 8512.04 8281.94 5750.48 5598 4479.04 4227.54 4219.49 4099.61 3883.23 3867.32 5382.84 3687.3 8936.43 3562.59 2908.08 2866.68 2788.26 2587.3
threshold=0 1 2 inf 3 inf 4 5 6 7 8 9 10 11 12 13 14 15 54.07500076293946 9462.8852539062518 16 17 1.0000000180025095e-35 18 1.0000000180025095e-35 19 20 inf -3.8950001001358028 21
decision_type=1 9 9 8 9 8 1 1 1 9 1 1 1 1 9 1 9 9 2 2 9 9 2 1 2 1 1 8 8 9
left_child=1 2 15 7 5 6 8 18 13 -10 19 -11 -3 20 -6 -1 -13 -8 -4 21 -2 22 -9 -16 -25 -14 -18 -28 -29 -7
right_child=4 12 3 -5 14 29 17 10 9 11 -12 16 25 -15 23 -17 26 -19 -20 -21 -22 -23 -24 24 -26 -27 27 28 -30 -31
leaf_value=0.10391693723876809 -0.023387860717874954 0.17407106168828967 0.12286355726487549 0.072469630969056606 -0.0092655725685593868 -0.089429260855464973 0.10134335584229957 0.17218967196330245 0.11641906731598546 -0.069491046895432174 0.12082125489436311 0.10234141496400748 0.087157436723913698 -0.099234313712686484 -0.10649185109390991 0.032725575726252322 -0.093548302443951764 -0.0011487837058509617 0.15154732627893178 0.12572672817304884 -0.061642573399063955 0.1613365299779336 0.20093462116157121 -0.090307068866145826 0.030736352629829357 0.10634096910367659 0.21303471155654435 0.045510450464158345 -0.029788014302968891 -0.19527246828888764
leaf_weight=61744.026472721249 18253.042983131483 9338.746505215764 66616.618010163307 25910.191135630012 4877.0213090106845 1956.8437119945884 4373.4138568006456 163908.87152007222 7577.3079774193466 48771.133993912488 35428.364034861326 1698.4605959877372 132773.4835036695 37422.921576330438 96439.430786155164 7982.9646627008915 4213.1847067158669 6265.7672325931489 64699.968600235879 12082.11362349242 243992.51291027479 118253.94096735492 55917.133851464838 41567.38676224649 4308.1419268995523 117924.46344718337 321.81444389000535 3301.3094085454941 67474.673871524632 6897.1145813912153
leaf_count=21905 92555 4025 23837 10898 14733 6136 12397 85210 15255 269927 13252 6113 52283 163557 395078 8668 15841 22930 23437 4324 2459423 49800 25487 149765 9290 44267 1534 31767 441722 29680
internal_value=0.0529105 0.133657 0.148371 0.155131 -0.0645764 -0.0547823 -0.0524402 0.159274 -0.0547356 -0.0338945 0.166857 -0.0429497 0.0989887 -0.0640103 -0.0946768 0.0957663 -0.0261283 0.0409823 0.136986 0.171511 -0.0589777 0.173153 0.179493 -0.0976104 -0.07894 0.096185 -0.0290291 -0.025189 -0.0262758 -0.172201
internal_weight=1.47229e+06 872581 612544 542817 599711 452520 443666 516907 433026 133358 385590 125781 260037 299668 147192 69727 77009.4 10639.2 131317 350162 262246 338080 219826 142315 45875.5 250698 75311 71097.8 70776 8853.96
internal_count=4505096 367393 266818 236245 4137703 3568837 3533021 225347 3497694 782159 178073 766904 100575 2715535 568866 30573 496977 35327 47274 164821 2551978 160497 110697 554133 159055 96550 490864 475023 473489 35816
cat_boundaries=0 1 2 3 4 5 6 7 8 9 10 11 12 13 14 15 16 17 18 19 20 21 22
cat_threshold=2 128 1 128 1 4 4 1 6 20 16 6 1 1 2 2 1 38 4 4 8 4
is_linear=0
shrinkage=0.08


Tree=7
num_leaves=31
num_cat=20
split_feature=36 40 2 37 34 37 37 32 43 32 0 32 37 18 44 46 34 34 32 37 31 35 34 42 32 44 32 37 43 42
split_gain=38679.1 18628.4 12141.1 11016.6 10200.7 5691.93 5089.14 4697.25 4646.32 3968.66 3317.93 3311.31 3276.58 3153.87 2531.24 2913.87 2315.22 2257.44 2253.66 1965.54 1859.47 1853.36 1803.31 1732.98 1640.51 1612.59 1555.77 1539.59 1504.1 1498.95
threshold=0 1 inf 2 3 4 5 -2.6550000905990596 6 -7.6749999523162833 1.5000000000000002 -1.7949999570846555 7 54.07500076293946 8 9 10 11 9.1649999618530291 12 1.0000000180025095e-35 13 14 15 -16.345000267028805 16 10.284999847412111 17 18 19
decision_type=9 1 8 1 1 1 1 8 9 10 2 8 1 2 9 1 1 1 10 1 10 1 1 9 8 9 10 1 9 9
left_child=1 2 3 13 8 -2 10 28 11 -4 -3 -5 20 29 21 17 -8 23 -13 -10 -7 -9 -15 -16 -14 -12 27 -19 -6 -1
right_child=5 6 9 4 7 12 16 14 19 -11 25 18 24 22 15 -17 -18 26 -20 -21 -22 -23 -24 -25 -26 -27 -28 -29 -30 -31
leaf_value=0.054635609913055702 0.076508259041176752 0.031290287370463125 0.032302810816308411 0.099916626985922172 0.080087717264816158 0.033761572955241362 0.024115566503056129 0.096724267575245937 0.056907140902067957 -0.030118903105847018 0.073328251291006799 0.047923403138530565 0.062656021286772404 0.034438788054388374 0.080197464818767522 0.12504678383453705 -0.01619199118238699 0.094929730612881388 0.098596352783254612 0.034305136696363266 0.10226116126044471 0.041078102799652648 0.06036416376841159 0.051170145976292949 0.018725462286863202 0.033850838115790628 0.093878847589739856 0.071220628078545997 0.10383597061961222 0.029811586161231616
leaf_weight=20173.426298921928 14707.375206001103 86417.374182570726 18073.184643663466 16588.557625554502 32090.174022266641 149335.2582385689 19484.008251486346 4463.9666502065957 36501.389379430562 10196.035158790648 22222.912368705496 31113.769190330058 5575.0919743701816 21203.757673855871 17662.457917427644 6604.7602103836834 17129.132923010737 18909.624796001241 6854.67282201536 76269.864362601191 2580.0758651010692 27394.491823453456 92683.179594775662 52846.428906297311 225044.30142266303 9433.2943832594901 24066.995536830276 278736.11125522666 37866.050373997539 68848.290274940431
leaf_count=32703 55415 126450 16051 88328 189030 256952 34059 15913 203623 23561 52728 179678 4578 67928 98258 12056 41711 96763 47120 544531 1861 56853 223826 274345 350239 13626 128581 978386 152559 137199
internal_value=0.0489537 0.0569729 0.0613853 0.0630609 0.0680214 0.0276777 0.0313226 0.0737399 0.0509085 0.00978878 0.0394036 0.0700862 0.0257983 0.0467253 0.0706183 0.0723517 0.00525876 0.0714643 0.0570717 0.0416253 0.0349226 0.0489184 0.0555456 0.0584518 0.0197866 0.0615643 0.0743121 0.0727325 0.0929685 0.0354465
internal_weight=1.45108e+06 1.05383e+06 899147 870878 667969 397242 154687 500641 167328 28269.2 118074 54557 382535 202909 430685 398826 36613.1 392222 37968.4 112771 151915 31858.5 113887 70508.9 230619 31656.2 321713 297646 69956.2 89021.7
internal_count=4504911 3835866 3567292 3527680 3066024 669045 268574 2002744 1063280 39612 192804 315126 613630 461656 1661155 1588389 75770 1576333 226798 748154 258813 72766 291754 372603 354817 66354 1203730 1075149 341589 169902
cat_boundaries=0 1 2 3 4 5 6 7 8 9 10 11 12 13 14 15 16 17 18 19 20
cat_threshold=128 6 4 48 16 101 14 34 1 1 99 8 34 17 24 17 2 16 33 17
is_linear=0
shrinkage=0.08


Tree=8
num_leaves=31
num_cat=19
split_feature=47 36 36 44 47 35 40 3 44 32 44 46 40 1 46 3 27 19 3 47 35 35 46 31 35 18 27 45 19 45
split_gain=1.85771e+06 39175.8 20536 18702.8 13350.5 34781 8598.65 8238.14 9778.38 6936.49 6269.83 5208.61 5186.5 4851.11 4594.06 4370.99 4245.77 6070.68 3930.42 3752.19 7871.75 3286.49 3105.16 2833.68 4074.28 4510.99 2841.31 2566.18 2545.4 3042.86
threshold=0 1 2 3 4 5 6 477.54499816894537 7 -16.345000267028805 8 9 10 1.5000000000000002 11 231.53499603271487 1.0000000180025095e-35 18.774999618530277 36.68499946594239 12 13 14 15 1.0000000180025095e-35 16 26.085000038146976 9.5000000000000018 17 37.024999618530281 18
decision_type=1 9 9 9 1 1 1 8 9 10 9 1 1 2 1 10 8 2 10 1 1 1 1 8 1 2 10 9 2 9
left_child=1 3 4 11 7 22 9 12 23 -5 27 28 14 -7 -2 -11 17 -10 -13 -12 -21 -8 -6 -9 25 -25 -27 -4 -1 -30
right_child=2 -3 10 6 5 13 21 8 16 15 19 18 -14 -15 -16 -17 -18 -19 -20 20 -22 -23 -24 24 -26 26 -28 -29 29 -31
leaf_value=0.090959987642085918 -0.066494235184061126 0.092911529154851569 0.036129679082035043 0.12274948648097796 -0.053485400162643935 0.031064145941183365 0.13762376461919898 0.042835116556398177 3.103228180514146 0.1361641809869214 -0.10197350425690624 -0.03342528147975115 -0.096828812504173384 0.11092229333368268 0.011328505970283993 0.15377287481025184 -0.043985610053689408 -0.08310299658578417 0.08146059962342872 0.033960050629119838 -0.084275635469327204 0.093419042790282333 0.030602424631159676 0.98509520705370213 0.12603635717610887 0.023902922511871715 1.5507860580110646 -0.084457924904408857 0.093378397371015345 0.18168726261866586
leaf_weight=49114.873139854521 232289.10511617735 251892.61582996324 3476.4604030102491 129488.92212069035 118250.84884447232 13615.72451967001 14853.558810319752 2719.2078248262405 6.6658100988715896 194849.87307487428 95123.839065372944 3538.6423161439598 37760.08476883173 7577.8590406253934 4958.336606323719 168016.81437421963 32568.943106025457 8.9850482419133169 4130.3619962707162 3943.8594312146306 41710.746233992279 40551.19873739779 2879.0180533528328 85.022014683112502 1111.4072640016675 80.816999426111579 8.6330753900110704 1660.6645275056362 5437.5715907774866 4762.1406306102872
leaf_count=17743 1782836 100423 7096 70838 671229 108168 5831 28659 37 73436 396060 6476 160432 15095 14247 69834 774796 286 2189 7963 150807 15916 6383 1758 2185 2399 40 7685 1927 2163
internal_value=0.0445905 0.119501 -0.0636387 0.130392 -0.0552414 -0.0349421 0.135274 -0.064515 -0.0288534 0.138642 -0.0897513 0.0904907 -0.0692597 0.0595897 -0.0648651 0.144317 -0.0433526 1.27398 0.0284498 -0.0929253 -0.0740729 0.105293 -0.0514825 0.0891092 0.186964 0.537071 0.171267 -0.00294643 0.0985122 0.134879
internal_weight=1.46647e+06 866637 599836 614744 453921 142323 547760 311597 36589.7 492356 145916 66983.6 275008 21193.6 237247 362867 32584.6 15.6509 7669 140778 45654.6 55404.8 121130 4005.09 1285.88 174.472 89.4501 5137.12 59314.6 10199.7
internal_count=4504937 366776 4138161 266353 3568550 800875 235855 2767675 810160 214108 569611 30498 1957515 123263 1797083 143270 775119 323 8665 554830 158770 21747 677612 35041 6382 4197 2439 14781 21833 4090
cat_boundaries=0 1 2 3 4 5 6 7 8 9 10 11 12 13 14 15 16 17 18 19
cat_threshold=2 128 128 1 4 32 6 1 1 1 6 1 4 24 9 1 1 12 12
is_linear=0
shrinkage=0.08


Tree=9
num_leaves=31
num_cat=14
split_feature=47 36 37 47 35 44 3 36 37 44 3 36 3 1 4 33 24 45 3 3 37 36 27 3 16 4 3 4 3 37
split_gain=1.6041e+06 27729.9 18710.8 20076.2 18729 14221.1 5685.94 4750.59 4342.48 4275.45 8387.33 4140.68 3981.33 3962.5 2984.73 3162.17 3967.91 2862.01 2691.06 2681.32 2972.16 2633.95 2586.2 2513.83 2477.22 2478.28 3950 2381.46 3461.2 2371.17
threshold=0 1 2 3 4 5 231.53499603271487 6 7 8 477.54499816894537 9 1.0000000180025095e-35 1.5000000000000002 1.0000000180025095e-35 1.5000000000000002 -1.0000000180025095e-35 10 1.0000000180025095e-35 9.9849996566772479 11 12 inf 19.105000495910648 2.5000000000000004 36.500000000000007 503.63999938964849 1.0000000180025095e-35 19.105000495910648 13
decision_type=1 9 1 1 1 9 10 9 1 9 8 9 10 2 10 2 2 9 10 10 1 9 8 10 2 10 10 8 8 1
left_child=1 5 3 9 22 12 19 18 -3 10 17 14 -1 21 -11 -16 -17 -2 -4 -7 -21 24 -5 -20 25 -6 -27 -24 -29 -10
right_child=2 8 7 4 13 6 -8 -9 29 11 -12 -13 -14 -15 15 16 -18 -19 23 20 -22 -23 27 -25 -26 26 -28 28 -30 -31
leaf_value=0.0077474215736238628 -0.014472765708292167 0.14058123591748095 0.10711181233662073 0.16585095242179557 0.031310612283853623 0.086345513574259472 0.13426666311165417 -0.093737338545025722 0.078399431670206493 -0.063190436108663928 0.086998142390152203 -0.088843542596295441 0.090372795419168692 0.1043436660057218 -0.030432217142412472 -0.12098324292856061 1.6346701057288981 -0.072102470565811108 -0.10280398301986406 0.15936732461236949 0.11786277723924514 -0.068189043926002182 -0.046784251553728957 -0.066723919560255487 0.41967755023265207 0.032703832093780694 0.72136325202436991 -0.069988582485076709 -0.0054888534018285029 0.094675684432072221
leaf_weight=3973.9958901405334 9474.5964591279626 9892.8896515928209 548.65481602400541 408.43691980838776 8598.5152132660151 16469.912863299251 233870.38522540033 86840.574411943555 118739.32596169412 176819.33644133434 3377.734552020207 38301.939913950861 61377.765542387962 6760.5898182727396 17967.427370490506 16.532481301575899 16.423077488318086 13247.800905816257 13771.452452290803 11660.117955841124 283133.47706466168 1606.5065141841769 50563.573923133314 120495.74875617027 110.28206126764417 136.96889081597328 87.267524234950542 6729.9632313288748 25499.283484790474 112781.22036998346
leaf_count=5285 25653 4010 511 1070 74786 7466 106152 350092 51655 1889267 21445 163833 25316 11842 166566 171 31 54186 58867 5387 117119 5709 328522 843958 943 510 895 20279 119869 44256
internal_value=0.0416152 0.111531 -0.0608331 -0.0495618 -0.0192105 0.120611 0.124841 -0.0791193 0.0885607 -0.061331 -0.0306256 -0.0647688 0.0853484 0.0565065 -0.060028 -0.0289962 0.753929 -0.0481106 -0.0696969 0.117759 0.119514 0.025875 -0.0349571 -0.0704246 0.0428198 0.0381577 0.300714 -0.0359519 -0.0189574 0.0863319
internal_weight=1.43328e+06 851899 581380 359723 100501 610486 545134 221656 241413 259222 26100.1 233122 65351.8 17300.1 194820 18000.4 32.9556 22722.4 134816 311264 294794 10539.5 83201.3 134267 8933.03 8822.75 224.236 82792.8 32229.2 231521
internal_count=4505651 366646 4139005 2885577 564425 266725 236124 1253428 99921 2321152 101284 2219868 30601 94685 2056035 166768 202 79839 903336 129972 122506 82843 469740 902825 77134 76191 1405 468670 140148 95911
cat_boundaries=0 1 2 3 4 5 6 7 8 9 10 11 12 13 14
cat_threshold=2 128 105 4 32 1 128 16 1 160 10 16 128 4
is_linear=0
shrinkage=0.08


Tree=10
num_leaves=31
num_cat=19
split_feature=47 36 37 47 35 2 40 2 38 38 31 3 3 2 3 38 38 32 31 36 37 36 36 21 45 40 36 3 36 40
split_gain=1.38435e+06 21426.7 15807.3 17343.6 17106.6 10823.8 7986.23 5895.31 5613.37 4724.02 4608.47 4567.61 4557.92 4159.97 3982.83 3941.4 3501.81 3482.99 3463.74 3411.73 2881.89 2845.11 2804.96 2702.09 2690 2635.41 2467.23 2396.68 2177.77 2690.26
threshold=0 1 2 3 4 inf 5 inf 6 7 1.0000000180025095e-35 18.605000495910648 477.54499816894537 inf 19.105000495910648 8 9 inf 1.0000000180025095e-35 10 11 12 13 3.5000000000000004 14 15 16 542.27001953125011 17 18
decision_type=1 9 1 1 1 8 1 8 1 1 10 10 8 8 8 1 1 8 10 9 1 9 9 2 9 1 9 8 9 1
left_child=1 5 3 7 9 6 11 12 -6 14 13 24 16 15 -5 19 -2 -13 21 27 -3 23 25 -14 -1 -18 -10 -4 29 -17
right_child=2 20 10 4 8 -7 -8 -9 26 -11 -12 17 18 -15 -16 28 22 -19 -20 -21 -22 -23 -24 -25 -26 -27 -28 -29 -30 -31
leaf_value=-0.084180746819690816 -0.067630226790262843 0.12740272860159726 -0.03990156509957344 -0.08310572505844413 0.13183878374422711 0.060430834216041424 0.09136455521053416 -0.15349518791211697 0.040787256311349517 -0.044649301144248976 0.019779614273666136 0.12279013075103719 -0.02097432412683636 -0.14779705256289216 0.017693028599282824 -0.067389959938168639 -0.025404214895197091 0.10678216975000425 0.10629290187465648 -0.077378281534750293 0.082062217921948552 -0.074546020997290269 -0.072710538913382694 1.2619661998966474 0.072476114993714424 -0.07601146378637294 -0.057202416634051727 0.10775523844819671 -0.092992412143686712 -0.10316707351045747
leaf_weight=1005.1392112672329 150131.58449988812 9412.8553426600993 27173.298175295815 2994.1175085902214 4299.7749705277383 24486.803031103685 80957.300770815462 4091.6267939954996 11580.39186970517 63161.535547275096 3263.2898754756898 382405.34703410044 24362.249861983582 5044.6062444448471 15476.657629460096 81730.719214010984 36827.526719976217 112602.44995078444 1162.2199065983295 23735.694258749485 222720.52921625972 8343.119678363204 16945.972165316343 10.511236384510992 2265.6286794245243 8023.1609073653817 1908.432321049273 722.23007665202022 57806.070869669318 16211.308176541701
leaf_count=2571 1262583 4026 114278 9478 7516 14380 32505 17409 80947 397638 10323 151130 624363 18744 62248 692075 265129 64575 8929 80182 96635 35748 71979 173 1785 34167 6215 3335 258486 75438
internal_value=0.0391962 0.104581 -0.0575322 -0.0470122 -0.0187523 0.112527 0.114731 -0.0582572 0.0523185 -0.0342416 -0.0745644 0.118524 -0.0566719 -0.0760172 0.00135279 -0.0742711 -0.0610274 0.119149 -0.0294253 -0.0550691 0.0839062 -0.0342466 -0.0449679 -0.0204127 0.0242981 -0.0344721 0.0268913 -0.0360657 -0.080628 -0.0733217
internal_weight=1.40086e+06 835856 565006 349319 99420.9 603723 579236 249898 17788.6 81632.3 215687 498279 245806 212424 18470.8 207379 211928 495008 33878.1 51631.2 232133 32715.9 61796.7 24372.8 3270.77 44850.7 13488.8 27895.5 155748 97942
internal_count=4504990 367607 4137383 2884522 564042 266946 252566 2320480 94678 469364 1252861 220061 2303071 1242538 71726 1223794 1633858 215705 669213 197795 100661 660284 371275 624536 4356 299296 87162 117613 1025999 767513
cat_boundaries=0 1 2 3 4 5 6 7 8 9 10 11 12 13 14 15 16 17 18 19
cat_threshold=2 128 105 4 32 6 82 659 643 300 161 16 129 160 8 6 128 128 6
is_linear=0
shrinkage=0.08


Tree=11
num_leaves=31
num_cat=16
split_feature=47 46 36 47 1 37 44 36 38 2 2 38 3 44 38 46 44 45 18 37 3 1 3 6 2 3 3 3 3 45
split_gain=1.19749e+06 17278.5 16227 13789.9 20587.4 10928.5 8704.56 8423.18 6477.89 6316.1 5799.69 5555.24 4673.88 5810.19 4621.8 4208.27 3125.36 3429.74 3074.61 2697.3 2629.1 2499.03 3556.51 3334.98 2744.42 2442.98 2386.94 2360.59 2332.05 2291.26
threshold=0 1 2 3 1.0000000180025095e-35 4 5 6 7 inf inf 8 491.38499450683599 9 10 11 12 13 54.07500076293946 14 36.68499946594239 1.0000000180025095e-35 572.31500244140636 27765.205078125004 1.0000000180025095e-35 665.06500244140636 491.38499450683599 283.54499816894537 491.38499450683599 15
decision_type=1 1 9 1 2 1 9 9 1 8 8 1 8 9 1 1 9 9 2 1 10 2 8 2 10 8 8 8 10 9
left_child=2 3 6 7 5 25 15 10 27 18 11 26 -13 21 -6 -1 -3 28 -8 -4 -17 22 23 24 -14 -5 29 -7 -18 -2
right_child=1 16 19 4 14 8 9 -9 -10 -11 -12 12 13 -15 -16 20 17 -19 -20 -21 -22 -23 -24 -25 -26 -27 -28 -29 -30 -31
leaf_value=0.084456682293748336 0.020706107110299198 0.076055558317935382 0.071748994942674504 -0.071377660583048924 0.099486825662589123 0.017181244428375844 0.10314627709546002 -0.086428113925729508 -0.035307542481395872 0.063138067366557499 -0.13735236776270213 -0.06684946377523486 0.41621941977542015 -0.043979921263563398 0.013716687058260997 -0.027980114502036524 0.0085515168027703002 -0.087505301318610437 0.11569158236097472 0.089319147690493886 0.069163750281613201 0.031189146996236757 0.1292813679299257 2.5698714325013685 2.1238557514236147 0.075618147357101928 0.042146574119890284 0.12516947767251482 0.14455826423972004 -0.042271562665733918
leaf_weight=52432.253711206838 3989.5566160343587 6293.329618550837 114728.7522864975 71077.838467814028 6307.9618706740439 7898.6093874387443 213129.49316728115 88972.98851955682 77061.825103066862 18668.624695682898 5778.7387076355517 183941.38272529095 98.944053499028087 23368.133067121729 11090.436437701806 3687.6489064469934 4481.6569005921483 2079.0460051037371 302460.16244046018 110673.97189556621 3452.2071303874254 2105.2639886774123 665.33741307072341 5.3377410471439353 6.4138130936771622 731.02674572356045 2511.0644268728793 1549.7182514853776 984.0169084854424 50190.15482892096
leaf_count=22000 17557 15960 54857 365053 9408 28584 96346 401685 499249 10793 23531 1613516 2250 703996 39788 6532 7181 16266 129110 45914 2137 9251 20467 27 70 7272 33919 5379 1953 314974
internal_value=0.0373335 -0.0538365 0.0986737 -0.0561095 -0.0377242 -0.0468018 0.105614 -0.0650428 -0.0276413 0.108851 -0.0580592 -0.0563445 -0.06234 -0.0307637 0.0448786 0.0766104 0.0344277 -0.000295552 0.110506 0.0803796 0.0189901 0.0764235 0.199138 0.619011 0.520174 -0.0698715 -0.0340981 0.0348566 0.0329773 -0.0376381
internal_weight=1.37042e+06 551189 819233 537351 175717 158319 593830 361633 86510.2 534258 272660 266882 210191 26249.4 17398.4 59572.1 13838 7544.72 515590 225403 7139.86 2881.3 776.033 110.696 105.358 71808.9 56690.8 9448.33 5465.67 54179.7
internal_count=4505025 4137336 367689 4095976 954733 905537 266918 3141243 533212 236249 2739558 2716027 2349577 736061 49196 30669 41360 25400 225456 100771 8669 32065 22814 2347 2320 372325 366450 33963 9134 332531
cat_boundaries=0 1 2 3 4 5 6 7 8 9 10 11 12 13 14 15 16
cat_threshold=2 1 128 4 20 1 128 514 707 1 90 1 2 12 12 10
is_linear=0
shrinkage=0.08


Tree=12
num_leaves=31
num_cat=13
split_feature=47 47 35 37 37 37 3 3 44 32 40 35 2 32 44 3 3 2 45 34 2 42 31 3 32 31 4 12 14 23
split_gain=1.05702e+06 13455.7 30392.5 8553.68 7519.9 5886.23 5866.43 4170.1 5270.57 3640.12 3034.85 2942.91 3099.84 2423.94 3248.6 2267.77 2076.95 2062 1981.95 1906.22 1826.9 1774.37 1744.59 1743.69 1718 1694.05 1692.36 1680.08 1564.57 1542.13
threshold=0 1 2 3 4 5 9.9849996566772479 491.38499450683599 6 -16.345000267028805 7 8 inf -16.345000267028805 9 9.4849996566772479 1.0000000180025095e-35 inf 10 11 inf 12 1.0000000180025095e-35 542.27001953125011 -7.6749999523162833 1.0000000180025095e-35 69.500000000000014 940.82498168945324 26.500000000000004 1.0000000180025095e-35
decision_type=1 1 1 1 1 1 10 8 9 10 1 1 8 10 9 10 10 8 9 1 8 9 10 8 8 8 10 2 2 2
left_child=3 5 4 13 23 7 -5 17 25 -8 27 12 -4 14 15 20 -7 18 19 -2 -1 -20 -12 24 -3 -9 28 -6 -13 -28
right_child=1 2 11 6 10 16 9 8 -10 -11 22 26 -14 -15 -16 -17 -18 -19 21 -21 -22 -23 -24 -25 -26 -27 29 -29 -30 -31
leaf_value=-0.21271907488221156 -0.0055322397627146193 0.034169816386184736 0.080383284558025195 0.065923548543958946 -0.008349114855400781 0.11785482714314752 0.089512883263272461 0.027927911242254279 -0.037201541802840417 0.10507899965263326 -0.041963066849987171 0.018772242195476022 -0.18449393995185442 0.086391779804190036 0.072535732055569901 0.042855409314043295 -0.075296995924243632 -0.11543420306143107 -0.042405550813261118 -0.058124916125497299 -0.0051936019082219984 -0.062580083965426775 0.048617853882877482 0.084211015833649677 -0.070864977574328608 0.14812390329728151 0.078364137711359097 0.095829633205277112 0.82706055488650509 0.84209825188589837
leaf_weight=527.80025269836187 9263.2910094894469 1011.9490997083485 10821.124155536294 32081.468896943145 15909.997665602714 357.31578307971358 128198.3456014134 2152.952974582091 27022.636124286801 384563.31745871156 61969.71459326148 17854.523610621691 290.35530975461006 180151.01464410871 72802.734904007986 1650.0598651766777 124683.2060966203 3836.8093858212233 34709.972160078585 8425.9469966851175 559.05418680608273 146553.01143381279 1391.3711621798575 477.08135657757521 65874.052979525179 1152.0140563361347 38.073315290734172 1056.5080480724573 15.339646246284245 30.455764355137944
leaf_count=2072 47886 3067 22608 18563 79831 293 76187 17204 627625 157012 387943 119278 1279 72251 39817 1350 853243 13840 321689 61775 767 1227411 3000 596 340773 3969 194 3786 120 70
internal_value=0.0352585 -0.0518127 -0.0337503 0.0934374 -0.0484615 -0.060726 0.099109 -0.0532041 -0.0255383 0.101187 -0.0319201 0.0410448 0.0733957 0.0813447 0.0693191 -0.0162456 -0.0747391 -0.0573443 -0.056224 -0.0306025 -0.105973 -0.0587194 -0.0399677 -0.0681787 -0.0692759 0.0698247 0.0209761 -0.00186078 0.0194661 0.417784
internal_weight=1.33543e+06 534898 176741 800534 147691 358157 544843 233117 30327.6 512762 80327.6 29049.9 11111.5 255691 75539.6 2736.91 125041 202789 198952 17689.2 1086.85 181263 63361.1 67363.1 66886 3304.97 17938.4 16966.5 17869.9 68.5291
internal_count=4505499 4137480 962545 368019 818996 3174935 251762 2321399 648798 233199 474560 143549 23887 116257 44006 4189 853536 1672601 1658761 109661 2839 1549100 390943 344436 343840 21173 119662 83617 119398 264
cat_boundaries=0 1 2 3 4 5 6 7 8 9 10 11 12 13
cat_threshold=2 4 32 6 20 105 1 4 8 1 8 14 17
is_linear=0
shrinkage=0.08


Tree=13
num_leaves=31
num_cat=23
split_feature=36 38 42 34 37 38 32 13 37 44 40 37 32 38 35 35 42 41 4 32 41 38 37 37 38 37 32 37 38 31
split_gain=15275.9 12265.6 6062.68 5325.24 3948.91 3424.13 3261.1 2984.85 2719.38 2192.71 2075.93 2026.49 1993.25 1974.12 1941.73 1923.08 1901.36 1730.17 1512.25 1464.52 1394.3 1393.89 1391.74 1364.76 1723.46 1312.43 1293.09 1251.48 1212.16 1134.69
threshold=0 1 2 3 4 5 -3.5349999666213985 1.0000000180025095e-35 6 7 8 9 8.7349996566772479 10 11 12 13 14 1.5000000000000002 -3.0349999666213985 15 16 17 18 19 20 -4.2550001144409171 21 22 1.0000000180025095e-35
decision_type=9 1 9 1 1 1 8 2 1 9 1 1 10 1 1 1 9 9 10 8 9 1 1 1 1 1 8 1 1 10
left_child=1 3 11 8 9 -6 -5 14 -1 -2 -10 15 22 25 16 20 27 26 -17 -9 -3 -18 -8 -15 -25 -11 -7 -4 -19 -13
right_child=4 2 7 6 5 17 12 19 10 13 -12 29 -14 23 -16 18 21 28 -20 -21 -22 -23 -24 24 -26 -27 -28 -29 -30 -31
leaf_value=0.010880312744481589 0.069730780886944538 0.093478484878385712 0.049138293674462034 0.045659580702912976 -0.012389641548712287 0.046359345020977882 0.022221045919691297 0.074677708450821528 0.042041246808498307 0.036157372657599066 0.010312161670639764 0.044030879428269297 0.039760782597066474 0.059728659193898262 0.046885347144114214 0.051884637602638284 0.046946540906241022 0.014341709234774345 0.078853545677346135 0.045927423146052082 0.064478113366536485 0.016491323546594262 0.0064711393361657288 0.015708144353161618 0.035662926147352718 -0.019797701759152856 0.0054191459678743104 0.023647631034632965 0.034297937360635529 0.098627761929588872
leaf_weight=23241.698111567646 7898.8203490395099 17078.89803837426 33660.247175613418 25409.10927212704 32645.079046614468 5270.415900811553 55655.495990619063 12762.902721691877 187012.28299294971 3787.0131112067029 14225.4806687776 76885.049006368965 18594.749998673797 8875.3537560803816 46193.93507907819 93784.462955342606 11063.618530357257 38044.75247878395 15507.201066278853 101671.53066628985 28934.828566143289 73683.735812008381 101244.92425025627 48429.011056570336 64891.962132034823 9132.5755324605852 78171.399803038687 19557.050278352574 40025.698109537363 2515.9825631193817
leaf_count=75841 12267 89732 89775 213358 82981 6561 334349 30915 932883 16687 33484 202155 173129 35284 107118 287416 14975 67145 39130 292545 92245 158984 623789 111051 111378 27451 146198 42142 51437 2370
internal_value=0.0333193 0.0384705 0.0465532 0.0283364 0.0186711 0.0112392 0.0188722 0.0389858 0.0368054 0.0287592 0.0397989 0.0561784 0.0149948 0.0263661 0.032682 0.061504 0.027921 0.0160155 0.0557061 0.049134 0.0752601 0.0204723 0.0120598 0.029509 0.0271372 -0.00338077 0.00800408 0.0397768 0.0245761 0.0457551
internal_weight=1.29586e+06 958683 533299 425384 337172 194157 200904 298593 224479 143015 201238 234706 175495 135116 184159 155305 137965 161512 109292 114434 46013.7 84747.4 156900 122196 113321 12919.6 83441.8 53217.3 78070.5 79401
internal_count=4504775 3836335 1449502 2386833 668440 354322 1344625 736454 1042208 314118 966367 713048 1131267 301851 412994 508523 305876 271341 326546 323460 181977 173959 958138 257713 222429 44138 152759 131917 118582 204525
cat_boundaries=0 1 2 3 4 5 6 7 8 9 10 11 12 13 14 15 16 17 18 19 20 21 22 23
cat_threshold=128 44 25 71 50 300 4 1 6 105 44 32 9 32 3 36 512 106 16 256 18 57 80
is_linear=0
shrinkage=0.08


Tree=14
num_leaves=31
num_cat=16
split_feature=36 38 3 34 18 3 38 3 44 38 43 45 38 38 6 11 44 6 4 42 6 44 43 4 38 0 3 45 0 4
split_gain=13113.8 10502.8 7259.45 4455.17 4433.34 3219.63 2766.02 2036.59 1940.65 1660.45 1498.61 1468.04 6209.36 1649.96 1465.92 1567.95 1436.5 1481.67 1422.87 1358.06 1312.22 1773.55 1299.68 1274.56 1242.63 1223.44 1206.58 1194.21 1190.12 1172.49
threshold=0 1 491.38499450683599 2 32.024999618530281 491.38499450683599 3 231.53499603271487 4 5 6 7 8 9 9462.8852539062518 42.500000000000007 10 959.77514648437511 1.5000000000000002 11 174.00006103515628 12 13 67.500000000000014 14 1.5000000000000002 503.63999938964849 15 1.5000000000000002 1.0000000180025095e-35
decision_type=9 1 10 1 2 10 1 8 9 1 9 9 1 1 2 2 9 2 8 9 2 9 9 8 1 2 8 9 2 8
left_child=1 3 4 16 11 8 -2 9 14 -6 -4 22 -13 -14 -5 -16 -1 26 -11 -8 21 -7 -3 -21 -22 -9 27 -18 -15 -24
right_child=6 2 10 5 7 20 19 25 -10 18 -12 12 13 28 15 -17 17 -19 -20 23 24 -23 29 -25 -26 -27 -28 -29 -30 -31
leaf_value=0.035944449155178443 -0.0075059206700704194 -0.015480452631744902 0.05032830854842299 0.018594464353160995 0.035543599163293464 0.14135663806128826 0.014462569706911732 0.066589376715470591 -0.0037965766908255056 0.038585328194243061 0.090953380862917432 -0.084241600906493283 0.061868475601655676 0.015505606047463821 -0.072300336545495031 0.043981809894905459 0.015765111564358603 0.06828776773607001 0.060843701424153525 0.020301513950245733 0.059257332951641518 0.049169586839171116 0.03027397823877559 0.03769711150690265 0.015698630363096547 0.048065379445211297 0.058378785704063817 -0.02621126837626021 0.046978125006351221 0.043273753482645609
leaf_weight=199111.14456305746 27226.629734537564 3072.7172301225364 7928.1104934215546 128164.15756425261 96558.469073697925 1519.5199546851218 175647.80219377764 45457.717489996925 35760.382689209655 31863.699482960626 22817.59894695878 3344.0987698696554 7843.5644363816828 36299.66016729176 2294.6479710489511 1096.905275804922 12539.320268495008 2997.9503545761108 43437.635610430501 96398.296663147397 5774.6055359989405 11036.118850406259 85863.614036716521 37420.576680417173 15316.405372363515 45818.869469022378 2700.2568008266389 6618.8754186965525 9756.5020258557051 91958.999740410596
leaf_count=967777 82855 6254 57639 770358 288358 7582 342426 152974 95174 83858 88093 11706 9179 76858 8686 1429 34707 9948 86611 191149 48160 150854 217351 53311 262021 158498 14054 15482 20777 190612
internal_value=0.0305208 0.0352986 0.0427897 0.0259188 0.0404762 0.0172687 0.0169399 0.0476334 0.0127287 0.0425042 0.0805237 0.0325677 0.0213876 0.0279556 0.0172207 -0.0346921 0.0336792 0.0155474 0.0514183 0.0190908 0.03985 0.0603263 0.0361024 0.0251641 0.0276603 0.0572907 0.00831385 0.00125744 0.0221679 0.0369946
internal_weight=1.29364e+06 956952 532021 424930 501276 200963 336693 263136 167316 171860 30745.7 238139 57243.8 53899.7 131556 3391.55 223968 24856.4 75301.3 309467 33646.6 12555.6 180895 133819 21091 91276.6 21858.5 19158.2 46056.2 177823
internal_count=4504741 3835000 1448768 2386232 1303036 1344264 669741 770299 875647 458827 145732 532737 118520 106814 780473 10115 1041968 74191 170469 586886 468617 158436 414217 244460 310181 311472 64243 50189 97635 407963
cat_boundaries=0 1 2 3 4 5 6 7 8 9 10 11 12 13 14 15 16
cat_threshold=128 44 70 44 2 320 35 13 129 512 2 50 1 2 12 35
is_linear=0
shrinkage=0.08


Tree=15
num_leaves=31
num_cat=15
split_feature=36 40 2 32 37 37 4 32 31 43 37 0 32 6 37 42 32 4 46 43 45 13 12 35 37 32 45 32 11 42
split_gain=12053.4 7222.8 6773.24 4197.59 3524.11 3195.81 3172.12 2924.68 2120.09 1811.33 2029.6 2329.71 1785.79 1776.63 1585.57 1370.76 1349.69 1317.93 1270.13 1212.87 1211.83 1167.78 1130.07 1143.16 1123.34 1091.42 929.018 927.062 910.855 883.481
threshold=0 1 inf -2.5249999761581416 2 3 1.0000000180025095e-35 -9.8350000381469709 1.0000000180025095e-35 4 5 1.5000000000000002 -8.6149997711181623 9462.8852539062518 6 7 -16.345000267028805 9.5000000000000018 8 9 10 1932.1999511718752 131.54000091552737 11 12 -9.8350000381469709 13 5.4949998855590829 39.500000000000007 14
decision_type=9 1 8 8 1 1 10 8 10 9 1 2 8 2 1 9 8 8 1 9 9 2 2 1 1 10 9 10 2 9
left_child=1 2 3 20 14 8 13 -4 15 -3 11 -11 -6 24 -2 -5 -16 -18 19 -9 25 28 -17 -24 -7 -1 29 -8 -15 -14
right_child=4 9 7 5 12 6 27 18 -10 10 -12 -13 26 21 16 22 17 -19 -20 -21 -22 -23 23 -25 -26 -27 -28 -29 -30 -31
leaf_value=0.076883454423836831 0.050623831373933038 -0.034795061064135928 0.045365580335313939 0.052641223358775406 0.05033408710551078 0.031675181488382574 0.049916318966780351 -0.068846347448969253 0.084791758325827971 0.014655227548333188 -0.0011371798746979116 0.042267667894191549 -0.002090764739334438 0.0018298107176016628 0.069170973456434193 0.014794190508426536 0.014823553862777394 0.032730728128503202 0.031256945459668062 -0.018345820249037931 0.034244418614513772 -0.051701460235516389 0.036236107651504652 0.013407284123182215 0.039533022036167348 0.051108500776254479 -0.009382783882984292 0.074977493831356906 0.057215158383497285 0.011692612085863752
leaf_weight=12034.020557679236 13359.582202466205 4497.7827407773584 4864.5867462400347 9264.198746111244 6093.2858947999775 218083.63236094452 34651.498162481934 4397.5662508271635 3610.5358507651836 68371.896689333022 30536.558382467367 27389.588986837305 39212.103598989546 7555.959456987679 3715.8015712052584 83772.25146677345 86918.80148232542 37718.241390371695 2208.9976448547095 9920.9649809021503 24185.005533210933 1961.300370093435 43650.682551734149 20751.199050310999 251713.71297338791 83250.045573925599 21328.961190095171 12987.534759061411 2538.9349048510194 123516.26322222687
leaf_count=40790 55366 12209 4190 19545 7129 1050760 116248 11963 3735 120653 72707 63561 79534 30243 4563 202477 188549 66438 2233 21155 145993 14530 113865 72905 1216325 448840 47030 46663 5629 220450
internal_value=0.0279904 0.0325247 0.0352743 0.0364481 0.014842 0.0340527 0.037055 -0.00915782 0.0241783 0.0150461 0.0168237 0.0225506 0.00772411 0.0351087 0.0243916 0.0227898 0.0216575 0.0202427 -0.0252058 -0.0339166 0.0502937 0.00478505 0.0209185 0.028888 0.0358869 0.0543581 0.00631391 0.0567486 0.0157596 0.00837135
internal_weight=1.29406e+06 962198 831403 810011 331863 690541 529493 21392.1 161049 130796 126298 95761.5 190151 481854 141712 157438 128353 124637 16527.5 14318.5 119469 12056.2 148174 64401.9 469797 95284.1 184057 47639 10094.9 162728
internal_count=4506278 3837219 3568089 3528548 669059 2892925 2480398 39541 412527 269130 256921 184214 354143 2317487 314916 408792 259550 254987 35351 33118 635623 50402 389247 186770 2267085 489630 347014 162911 35872 299984
cat_boundaries=0 1 2 3 4 5 6 7 8 9 10 11 12 13 14 15
cat_threshold=128 6 50 4 34 101 16 1 1 10 5 48 1 13 32
is_linear=0
shrinkage=0.08


Tree=16
num_leaves=31
num_cat=9
split_feature=47 47 35 32 32 45 2 42 3 45 3 3 2 2 35 25 43 31 31 22 45 32 6 2 32 32 3 2 3 31
split_gain=923203 12649.5 25931.5 7288.47 4491.13 4335.78 3761.47 2993.83 2744.69 2493.25 2430.24 2418.92 2160.55 2154.41 2117.29 2003.9 1719.55 1547.04 1536.01 1520.35 1375.48 1375.04 1328.49 1326.24 1282.43 1263.36 1185.34 1531.57 1175.39 1111.58
threshold=0 1 2 -16.345000267028805 -7.6749999523162833 3 inf 4 18.605000495910648 5 477.54499816894537 1.0000000180025095e-35 inf inf 6 3.5000000000000004 7 1.0000000180025095e-35 1.0000000180025095e-35 5.5000000000000009 8 -16.345000267028805 9462.8852539062518 inf 4.7950000762939462 9.6649999618530291 231.53499603271487 inf 92.934997558593764 1.0000000180025095e-35
decision_type=1 1 1 10 8 9 8 9 10 9 8 10 8 8 1 10 9 8 10 2 9 8 2 8 8 8 10 8 10 10
left_child=3 5 4 8 20 10 14 12 9 23 18 -6 21 15 24 25 -15 -12 19 -2 -3 -7 -23 -1 -4 28 27 -5 -13 -30
right_child=1 2 6 26 11 7 -8 -9 -10 -11 17 13 -14 16 -16 -17 -18 -19 -20 -21 -22 22 -24 -25 -26 -27 -28 -29 29 -31
leaf_value=-0.075798236539763503 -0.049915468280784935 0.068358919058483708 0.075777109720713498 0.086055608486378332 0.082989467348971238 0.0057667446067476069 -0.14217293633987513 -0.072152955871759308 0.073723826796182543 0.055078141137124809 -0.011581115849825869 -0.04328695216686046 -0.1211750890550386 -0.012531577283343916 0.012546643163266676 0.11650181681248807 -0.14299991482101543 0.081212756911496153 0.024517316159094759 0.68352332086038137 -0.075887525335720116 -0.055363648953987397 -0.098193148539924099 0.025810761359367326 0.03066963667898678 -0.039560369912938174 0.092633914383023958 0.050748151739188008 -0.063278539486248384 0.012862959961357355
leaf_weight=1530.9215934537351 23659.535260951146 2635.5228820890188 8930.7030955068767 298788.57635170966 853.05110481381416 2295.3202657243237 778.6373158544302 159645.11422751378 185461.97211032081 16115.377012860961 4257.7662957878783 31798.392826523632 3291.0619746483862 855.70458314567804 13556.966543141752 457.98929145559669 2792.5407850518823 1575.2723286924884 1949.7518063411117 18.102093271911144 496.42291748151183 164384.03794743307 4769.4919801726937 1775.7093733502552 7356.7104646656662 42593.308666218072 239762.14000204578 8075.4378033541143 67394.383026257157 1249.8535667434335
leaf_count=3669 148630 7070 15096 126148 746 20455 2945 1070280 113874 11656 75106 146366 14225 1535 107730 1459 9947 14027 2926 111 2771 1780449 50049 1806 17473 221773 104518 5039 425234 3321
internal_value=0.0260283 -0.0529765 -0.0357257 0.083596 -0.0493264 -0.0615466 0.0314004 -0.0642186 0.0707274 0.0421144 -0.0331161 -0.0513359 -0.0569659 -0.0521146 0.0359394 -0.0505711 -0.112825 0.0134788 -0.0437345 -0.0493547 0.0454714 -0.0557367 -0.0565713 -0.0211687 0.0553689 -0.0511061 0.0884194 0.0851265 -0.0560021 -0.0618922
internal_weight=1.29911e+06 547596 181750 751510 151127 365845 30623 334385 204884 19422 31460.4 147995 174740 147142 29844.4 143494 3648.25 5833.04 25627.4 23677.6 3131.95 171449 169154 3306.63 16287.4 143036 546626 306864 100443 68644.2
internal_count=4506434 4139724 963466 366710 820222 3176258 143244 2935458 131005 17131 240800 810381 1865178 809635 140299 798153 11482 89133 151667 148741 9841 1850953 1830498 5475 32569 796694 235705 131187 574921 428555
cat_boundaries=0 1 2 3 4 5 6 7 8 9
cat_threshold=2 4 32 8 25 8 24 4 13
is_linear=0
shrinkage=0.08


Tree=17
num_leaves=31
num_cat=15
split_feature=37 38 38 2 3 2 38 7 3 41 32 3 4 32 43 38 37 41 38 14 38 38 32 32 6 38 37 41 1 32
split_gain=7672.68 7372.81 4925.96 4089.38 3702.12 3558.58 1879.09 2375.19 2151.67 1832.65 1808.73 1747.62 2478.15 1638.4 1525.08 1562.78 1376.77 1341.94 1307.23 1272.73 1262.65 1195.15 1122.73 1078.48 1055.52 1012.27 992.596 938.191 903.963 890.621
threshold=0 1 2 inf 19.105000495910648 1.0000000180025095e-35 3 514.04998779296886 231.53499603271487 4 -4.2550001144409171 18.605000495910648 1.0000000180025095e-35 -3.254999995231628 5 6 7 8 9 1.0000000180025095e-35 10 11 0.49500000476837164 -3.5349999666213985 2672.474975585938 12 13 14 1.0000000180025095e-35 -3.8950001001358028
decision_type=1 1 1 8 8 8 1 2 10 9 8 8 8 8 9 1 1 9 1 2 1 1 8 8 2 1 1 9 2 8
left_child=2 4 5 11 26 9 7 19 16 -1 -4 18 13 -13 -5 -16 -8 -10 -3 22 -12 -14 -6 -18 -9 -11 -2 -15 -29 -7
right_child=1 3 10 14 6 29 8 24 17 25 20 12 21 27 15 -17 23 -19 -20 -21 -22 -23 -24 -25 -26 -27 -28 28 -30 -31
leaf_value=0.020071731877690159 0.020978741131020769 -0.059377488995248626 0.030506947071438896 0.027849397163547677 0.028335051941728032 0.042799156458315162 0.048462830349569809 0.0065128518244344626 0.0012750782676495505 0.04943921693795178 0.0067229399223512213 0.059510831636181261 0.043748766373345828 0.050998479366305451 -0.10874776277813347 -0.01243298084304701 0.055569922799479469 0.037955697378364024 0.023206505167440054 0.038051551043782848 -0.010862158990282183 0.059656114417807278 0.013891798760006693 0.020499400364575159 -0.029656489953833055 0.031338101232447221 -0.0062583631063778738 0.025224153745395772 0.044555842564757787 0.0055897953138688726
leaf_weight=58753.013522528112 11732.494525184855 1319.4119208343327 17383.988894402049 4662.0745962150395 57072.794959940016 4422.451566984877 13140.74514802359 19839.520347709768 6697.2874368131161 33016.918998781592 139350.46921489853 15733.256419578567 64068.295758498833 14402.799955561757 1336.4982618261129 5455.0708898808807 5799.1171712875366 141021.08141721599 16010.206333853304 28762.064032780938 32154.099764136598 57961.078449524939 86877.503436269239 173822.25159991905 6980.6034844359383 49827.513057492673 31616.547608215362 77471.376723475754 19346.659153323621 59582.895290894434
leaf_count=114974 22794 3615 38334 5689 348020 6433 65394 219082 24360 44568 351784 36108 155599 34783 3770 10017 12726 743754 25840 189345 116166 104453 587569 597955 82636 90363 78584 221390 49933 119637
internal_value=0.0244863 0.0287191 0.0152454 0.039448 0.02361 0.0238139 0.025416 0.0192474 0.0290296 0.0308912 0.00591785 0.0414625 0.0431722 0.0353473 -0.00735673 -0.0315186 0.0234633 0.0362953 0.016898 0.0226879 0.0034258 0.0513129 0.0196182 0.0216305 -0.00290112 0.0385572 0.0011168 0.0319292 0.0290841 0.00816078
internal_weight=1.25562e+06 861129 394491 277767 583362 205603 540013 199532 340480 141597 188889 266313 248983 126954 11453.6 6791.57 192762 147718 17329.6 172712 171505 122029 143950 179621 26820.1 82844.4 43349 111221 96818 64005.3
internal_count=4505675 3623416 882259 651197 2972219 375975 2870841 1426652 1444189 249905 506284 631721 602266 342214 19476 13787 676075 768114 29455 1124934 467950 260052 935589 610681 301718 134931 101378 306106 271323 126070
cat_boundaries=0 1 2 3 4 5 6 7 8 9 10 11 12 13 14 15
cat_threshold=6 300 659 32 3 5 1 16 17 129 328 80 641 32 4
is_linear=0
shrinkage=0.08


Tree=18
num_leaves=31
num_cat=14
split_feature=47 47 1 32 32 3 45 38 38 38 38 40 3 45 38 41 12 45 40 18 1 38 3 32 31 31 22 3 17 6
split_gain=809555 10906.5 14905.6 7129.25 4308.36 3949.76 3345.57 3295.24 3142.12 2655.49 2308.51 2880.16 2255.1 2022.68 1943.14 1819.22 1733.84 1665.38 1611.06 1610.96 1412.08 1314.77 1508.24 1302.68 1290.58 1185.06 1348.44 1180.87 2039.18 1158.05
threshold=0 1 1.5000000000000002 -77.079998016357408 -6.8849999904632559 503.63999938964849 2 3 4 5 6 7 1.0000000180025095e-35 8 9 10 160.00000762939456 11 12 315.02499389648443 4.5000000000000009 13 25.005000114440922 7.1749999523162851 1.0000000180025095e-35 1.0000000180025095e-35 6.5000000000000009 463.61500549316412 2.5000000000000004 9462.8852539062518
decision_type=1 1 2 10 8 8 9 1 1 1 1 1 10 9 1 9 2 9 1 2 2 1 10 8 8 10 2 8 2 2
left_child=3 6 4 12 -3 9 14 -4 -5 15 20 29 17 -9 27 24 23 -1 -11 -7 -8 22 -20 -17 -6 26 -16 -2 -29 -12
right_child=1 2 7 8 5 19 10 13 -10 18 11 -13 -14 -15 25 16 -18 -19 21 -21 -22 -23 -24 -25 -26 -27 -28 28 -30 -31
leaf_value=-0.021343267972367488 -0.076419172891720816 0.037745306014298839 0.10384881026544679 0.088655007394211491 -0.055596986108955901 0.069853994180016782 -0.040745194893093618 0.056563125969750772 0.076254654473776912 -0.082212056133835448 -0.060028685497148244 -0.084345650679190462 0.067020518883938701 -0.029499198739892377 -0.026251027849859297 -0.051658379420899604 0.026809464208335968 0.049558313718572937 -0.0084138741510846778 -0.014352177988512516 0.15563511796459609 -0.042095619413603957 -0.06448166185880401 0.0059465242397314403 0.00070829265945827403 0.040723730496045767 0.65102325631010627 0.07646052649203014 -0.063864262616544723 -0.09572999058657003
leaf_weight=3048.1959327049553 8269.5457967165858 4289.1649713758379 4683.2580007687211 293865.94076009374 13182.219913665205 2464.4198434986174 25796.037193585187 3809.0326081439853 238563.00667683035 9921.2098555937409 256488.90328523889 38388.316206499934 176590.79019186366 3215.2318571768701 17709.237371212803 5849.6427405625582 6150.0760743431747 6935.956541181542 3339.3526821136475 3546.5372578334063 236.48726962134242 73523.274489741772 38153.666559269652 4403.9849725440145 3247.1103682145476 1914.3101538605988 18.834092084318399 985.74495527613908 2022.8856306727976 5949.7392173949629
leaf_count=5096 69731 18758 4089 130466 55763 18550 120481 8769 109605 39316 2557050 198074 115641 11396 98934 21925 20532 5690 9999 50532 640 375993 303440 13557 10560 2836 47 13978 54354 58614
internal_value=0.0228639 -0.0513994 -0.0353241 0.0783863 -0.0414038 -0.0434766 -0.059477 0.051955 0.0831019 -0.0459015 -0.0618573 -0.0638385 0.0649292 0.0171837 -0.0342845 -0.0256282 -0.00676961 0.0279401 -0.0512231 0.0201713 -0.0389463 -0.0485431 -0.0599549 -0.0269168 -0.0444417 -0.0190647 -0.0255315 -0.0607513 -0.0178884 -0.0608358
internal_weight=1.25656e+06 537558 179778 719004 168071 163781 357780 11707.5 532429 157771 326859 300827 186575 7024.26 30920.6 32833 16403.7 9984.15 124938 6010.96 26032.5 115016 41493 10253.6 16429.3 19642.4 17728.1 11278.2 3008.63 262439
internal_count=4504416 4137918 963179 366498 938925 920167 3174739 24254 240071 851085 2934859 2813738 126427 20165 239880 122337 56014 10786 728748 69082 121121 689432 313439 35482 66323 101817 98981 138063 68332 2615664
cat_boundaries=0 1 2 3 4 5 6 7 8 9 10 11 12 13 14
cat_threshold=2 4 8 86 300 642 641 6 9 160 3 8 8 36
is_linear=0
shrinkage=0.08


Tree=19
num_leaves=31
num_cat=18
split_feature=36 38 2 40 42 32 34 34 38 41 32 38 44 2 12 35 34 38 41 32 32 48 31 35 42 13 4 5 5 41
split_gain=9987.78 7580.56 7447.64 3986.49 2912.4 2620.57 2074.23 2032.86 2005.76 1636.27 1621.4 1383.96 1383.37 1394.98 1292.74 1317.85 1176.06 1168.39 1119.73 1103.32 943.551 936.964 1129.22 932.945 888.938 974.667 1473.55 1574.85 935.68 840.783
threshold=0 1 inf 2 3 -1.7949999570846555 4 5 6 7 7.1749999523162851 8 9 inf 138.00000762939456 10 11 12 13 -2.1550000905990596 -3.8950001001358028 14 inf 15 16 2150.0500488281255 34.500000000000007 2.5000000000000004 26.500000000000004 17
decision_type=9 1 8 1 9 8 1 1 1 9 10 1 9 8 2 1 1 1 9 8 10 9 8 1 9 2 10 2 2 9
left_child=1 3 4 5 18 -1 29 10 9 -2 21 -8 -10 17 15 -6 -5 19 -3 -14 -18 -7 -23 24 28 -26 -27 -28 -20 -4
right_child=8 2 6 16 14 7 11 -9 12 -11 -12 -13 13 -15 -16 -17 20 -19 23 -21 -22 22 -24 -25 25 26 27 -29 -30 -31
leaf_value=0.032864779754230938 0.042435586847267281 0.037541734585353183 0.055013752840339047 0.013577268192633494 0.044302714858525348 0.0046066053137079023 -0.085166561680947717 0.022553415044772356 0.035511291429761054 0.01381881615535515 0.032037289148603702 -0.020601532598266074 0.016585194332172086 0.052862304955364738 0.04092972035606602 0.022193377144368406 0.011398821653145975 -0.014633180095171951 0.09549918652918786 0.0010397335083521019 -0.016934711628327933 0.017374277087256616 0.40100843996617275 0.046743942366219246 0.053504117725903154 0.10284535513833262 0.098631432932614532 0.82458194703049348 0.51842280496806625 -0.017878440394194076
leaf_weight=115322.6061682459 15055.265752358362 56271.10604975 2731.2483533620834 26869.003278524615 21003.917034510523 85662.249666170217 2847.3331834767014 293743.49772287905 8740.5719390800223 84930.910952342674 17025.78379558865 8378.3715266734362 37196.475392356515 3527.4858312737197 55424.292310813442 97307.484745601192 10693.525424779393 23495.11735131219 4248.947904560715 136253.59877696261 25364.204198078252 117.96402664016932 84.12213886436075 60336.678165286779 18967.470701489598 1334.8161453530192 38.013468578457832 38.490029376000166 33.745747337117791 1603.6027518436313
leaf_count=701918 16662 149333 2146 58405 43202 593143 7280 1398954 16188 148768 162833 17026 82052 3506 145008 224078 27331 78296 12617 323750 77767 1162 606 149454 57036 3957 40 166 129 3049
internal_value=0.0212264 0.0254656 0.0351196 0.0199139 0.0377895 0.0222496 -0.0189071 0.0191638 0.00881141 0.0181316 0.00948352 -0.0370393 0.00435651 0.00299839 0.0308455 0.0261241 0.000910463 0.00210527 0.0463239 0.00437322 -0.00852956 0.0050125 0.177069 0.0521328 0.0652928 0.0582479 0.122415 0.463868 0.0986014 0.0280695
internal_weight=1.21465e+06 905448 330566 574883 315005 511956 15560.6 396634 309199 99986.2 102890 11225.7 209213 200473 173736 118311 62926.7 196945 141269 173450 36057.7 85864.3 202.086 84998.2 24661.5 20378.8 1411.32 76.5035 4282.69 4334.85
internal_count=4505862 3836640 814521 3022119 785020 2858616 29501 2156698 669222 165430 757744 24306 503792 487604 412288 267280 163503 484098 372732 405802 105098 594911 1768 223399 73945 61199 4163 206 12746 5195
cat_boundaries=0 1 2 3 4 5 6 7 8 9 10 11 12 13 14 15 16 17 18
cat_threshold=128 300 6 25 112 48 643 20 1 1 24 97 336 3 1 9 1 16
is_linear=0
shrinkage=0.08


Tree=20
num_leaves=31
num_cat=12
split_feature=47 46 47 39 37 31 37 24 3 37 31 3 31 3 46 3 41 4 45 17 2 3 2 17 39 11 6 34 2 3
split_gain=703348 13353.8 10788.6 9497.43 6720.11 3675.66 3526.42 2877.06 2506.65 2282.83 2053.4 2044.52 1875.3 1759.07 1733.5 1633.82 2043.76 1525.24 1433.02 1655.28 1422.33 1344.9 1299.13 1289.36 1266.04 1233.54 1669.8 1187.02 1175.91 1170.58
threshold=0 1 2 3 4 1.0000000180025095e-35 5 -1.0000000180025095e-35 477.54499816894537 6 1.0000000180025095e-35 1.0000000180025095e-35 1.0000000180025095e-35 9.4849996566772479 7 491.38499450683599 8 1.5000000000000002 9 101.50000000000001 inf 1.0000000180025095e-35 inf 3.5000000000000004 10 48.500000000000007 871.60000610351574 11 inf 807.77999877929699
decision_type=1 1 1 9 1 8 1 2 8 1 10 10 10 10 1 8 9 10 9 2 8 10 8 2 9 2 2 1 8 10
left_child=5 2 6 20 21 9 8 15 17 -1 11 -8 -10 14 -11 16 22 24 19 29 -4 -5 -6 -17 27 -19 -27 -2 -7 -13
right_child=1 -3 3 4 7 28 10 -9 12 13 -12 18 -14 -15 -16 23 -18 25 -20 -21 -22 -23 -24 -25 -26 26 -28 -29 -30 -31
leaf_value=0.06787289824298684 0.15363484656488116 0.028274077619775781 0.040007539699352591 0.10706621742717057 -0.038418089022498582 0.062746761468038315 0.14980217684763059 0.14263781646285428 -0.035550404522959725 0.06364513055626278 0.022593500366467074 -0.049005011355759194 0.10251121982467019 0.080256268763756342 -0.014959125512478039 0.077032388331507551 -0.015123517041351108 -0.036011321329209846 -0.075347922746079682 0.74637271662794458 -0.11585982413675476 -0.059276537362356961 -0.14174642115007502 -0.011600508499839259 -0.062989056693845399 0.88299053203579936 -0.11441227713937664 -0.047390373675856592 0.026595655710672669 0.17190216804511921
leaf_weight=153665.7425008826 180.01670238003135 13848.493666532449 11214.681401744485 312.4443186968565 48519.265737198293 117194.70776525885 265.3625752069056 644.85929085686803 30752.562130109407 9542.4850917188451 1487.3835358582437 10562.22050024569 642.81840676814318 397716.05836579669 2211.798005560413 1615.960746968165 36709.165356542915 18034.621066171676 105459.30785892997 16.908375203609467 387.63820131868124 70905.808654850349 791.44495056569576 3001.4500996880233 136328.75666407496 21.8697011731565 21.113353848457336 37362.936802834272 6056.0729994978756 155.78348642215133
leaf_count=79098 639 41235 20828 179 339134 78325 146 2397 657650 5509 4910 90108 4670 193241 3653 14353 151993 137691 749111 145 1323 379959 2924 41242 1140807 59 141 355490 6706 2009
internal_value=0.0200501 -0.0492496 -0.0513326 -0.0351271 -0.0401198 0.0734841 -0.0595995 -0.0257402 -0.0536773 0.0762229 -0.0708033 -0.0720022 -0.0327236 0.0793529 0.0488542 -0.026941 -0.0294295 -0.0571073 -0.0725087 -0.044505 0.0347999 -0.0585385 -0.0400684 0.0194185 -0.0594067 -0.0349911 0.393064 -0.0463982 0.0609704 -0.0457942
internal_weight=1.21563e+06 529243 515394 174103 162500 686387 341292 91282.1 223345 563136 117947 116460 31395.4 409470 11754.3 90637.3 86019.9 191949 116194 10734.9 11602.3 71218.3 49310.7 4617.41 173872 18077.6 42.9831 37543 123251 10718
internal_count=4505675 4139143 4097908 954332 932181 366532 3143576 552043 2297147 281501 846429 841519 662320 202403 9162 549646 494051 1634827 841373 92262 22151 380138 342058 55595 1496936 137891 200 356129 85031 92117
cat_boundaries=0 1 2 3 4 5 6 7 8 9 10 11 12
cat_threshold=2 1 4 1 20 105 4 1 38 10 1 65
is_linear=0
shrinkage=0.08


Tree=21
num_leaves=31
num_cat=23
split_feature=47 47 35 32 46 36 38 37 38 38 36 32 46 45 26 44 32 45 44 37 45 45 34 31 37 32 32 44 36 36
split_gain=628330 10247.7 15816.8 6445.98 5688.5 5164.6 4487.09 4002.81 3676.89 3659.89 2935.46 2924.62 2297.98 3929.27 1888.63 1860.75 1841.02 1824.15 1767.49 1715.72 1561.23 1324.38 1522.57 1309.72 1305.9 1255.17 1198.92 1299.84 1183.87 1175.15
threshold=0 1 2 inf 3 4 5 6 7 8 9 -8.6149997711181623 10 11 9.5000000000000018 12 -6.8849999904632559 13 14 15 16 17 18 1.0000000180025095e-35 19 -7.6749999523162833 -3.695000052452087 20 21 22
decision_type=1 1 1 8 1 9 1 1 1 1 9 8 1 9 8 9 10 9 9 1 9 9 1 10 1 8 10 9 9 9
left_child=3 4 7 10 5 8 -4 11 19 -9 -1 -3 29 -14 -8 -6 -11 -17 -10 -2 -20 22 -18 -7 -15 -16 27 -21 -23 -5
right_child=1 2 6 12 15 23 14 9 18 16 -12 -13 13 24 25 17 21 -19 20 26 -22 28 -24 -25 -26 -27 -28 -29 -30 -31
leaf_value=0.078120181107994291 -0.072693074371452324 0.058650847980147351 0.05505229650635806 0.062890125679478465 0.050537376692801964 -0.076882423536545008 0.25977831759787134 -0.049263165725019369 -0.04039088242483202 0.0130799617391707 0.063998250571528525 -0.060456606162364958 0.063289734207928286 -0.11752976972500134 0.071870489948922478 0.0074407350692723443 0.064807611517639266 -0.10046213748342279 -0.034947120105145515 -0.0062720181321434141 0.052726143416071229 -0.071525612957739348 -0.095234137982931219 0.017464267081103171 -0.014301215930525172 -0.015227283995263033 -0.059253203541038711 -0.048311296034110607 -0.023347078705977093 0.047307879675137006
leaf_weight=370421.55098040774 41203.539335781708 1347.1809393242002 13255.369253506884 113162.74353542924 3750.9996375218034 77448.246142625809 168.40013237483799 37841.771657194942 66803.583173854277 11060.580152228475 127324.13152567763 63949.721342926845 5262.1439682049677 1055.2733584828675 1134.1686924938112 3369.3533754926175 1880.524971216917 1417.8640995435417 2639.2234204094857 5341.1357977390289 2542.8793054204434 3764.7640657797456 467.59932465106249 953.27352932840586 3010.3399999085814 15963.541363628581 92111.114076979458 39656.232980679721 24547.336041036993 43175.428977977484
leaf_count=179510 474467 2988 28510 78854 11474 392126 597 279166 462512 44827 66117 342031 3262 2939 6680 6866 5411 13162 10691 23762 6138 15844 2708 2492 4821 107689 1152153 618301 127173 31785
internal_value=0.0185592 -0.0479634 -0.0322785 0.0699612 -0.0561204 -0.057795 0.0200602 -0.0433045 -0.0521734 -0.031246 0.0745106 -0.0579903 0.0562924 0.0177188 -0.0068199 0.00834651 -0.0148961 -0.0247119 -0.0368944 -0.0583392 0.00810882 -0.0249932 0.0326686 -0.0757256 -0.0413179 -0.00944969 -0.0540206 -0.0433213 -0.0297765 0.0585939
internal_weight=1.17603e+06 512618 175381 663412 337237 328699 30521.5 144859 250298 79562.6 497746 65296.9 165666 9327.76 17266.1 8538.22 41720.8 4787.22 71985.7 178312 5182.1 30660.2 2348.12 78401.5 4065.61 17097.7 137108 44997.4 28312.1 156338
internal_count=4505056 4137768 963624 367288 3174144 3142642 143476 820148 2748024 475129 245627 345019 121661 11022 114966 31502 195963 20028 479341 2268683 16829 151136 8119 394618 7760 114369 1794216 642063 143017 110639
cat_boundaries=0 1 2 3 4 5 6 7 8 9 10 11 12 13 14 15 16 17 18 19 20 21 22 23
cat_threshold=2 4 32 1 160 598 20 300 45 128 1 7 2 14 2 20 32 8 15 4 1 89 128
is_linear=0
shrinkage=0.08


Tree=22
num_leaves=31
num_cat=20
split_feature=47 46 47 35 32 38 37 37 38 40 38 38 38 11 46 45 31 27 35 27 8 32 38 6 12 40 45 4 38 41
split_gain=551053 10685.2 8037.87 12607.5 6014.31 4791.82 3681.09 3262.07 2791.11 3224.43 1991.96 1990.7 1975.83 2168.2 1895.77 3331.59 1794.26 1734.76 1635.37 1612.04 2001.56 1304.46 1277.73 1458.39 1248.1 1192.07 1106.61 1076.94 1045.19 1032.66
threshold=0 1 2 3 inf 4 5 6 7 8 9 10 11 13.500000000000002 12 13 1.0000000180025095e-35 inf 14 7.5000000000000009 4.5000000000000009 -9.8350000381469709 15 165.04998779296878 821.77499389648449 16 17 31.500000000000004 18 19
decision_type=1 1 1 1 8 1 1 1 1 1 1 1 1 2 1 9 10 8 1 8 2 8 1 2 2 1 9 10 1 9
left_child=4 2 7 6 11 18 21 12 17 10 24 -1 13 -2 -6 -16 26 -8 -5 20 27 -4 23 25 -10 -23 -9 -14 -28 -15
right_child=1 -3 3 5 14 -7 8 16 9 -11 -12 -13 19 29 15 -17 -18 -19 -20 -21 -22 22 -24 -25 -26 -27 28 -29 -30 -31
leaf_value=0.075973017514580368 -0.03727702068083328 0.024390209278766072 0.033204605741520767 0.092013218429233337 0.055690211254040459 -0.010227019016169099 0.13839359756207778 -0.041819394282119164 0.0089125369966923437 -0.061368350219448427 -0.020962647385792312 0.065570119729734241 0.0425638128889263 -0.026676622919075649 0.063355939030913508 -0.032483250886828519 0.025637744233577973 -0.053915573212488771 0.029373520107813827 -0.052903797520332585 1.1330418274367009 0.11445218066852064 -0.063455112597267369 0.035704484378072388 0.089559653088640515 -0.055724626868554672 -0.044209994298515277 0.65789022577308953 -0.072337242943530736 0.081010082470095765
leaf_weight=268559.94800846931 35860.909879095852 13721.802003536373 995.78910920023918 4758.2359685432166 152538.76496026013 18256.512723073363 303.589175760746 10241.458286965266 9725.1929769217968 9550.0978704858571 27772.428899537772 212602.54507805873 468.26671307347715 907.06421077996492 4946.6372980680317 4358.8677821010351 1354.8997195456177 26942.710878826678 6129.8258460219949 169078.31576975249 11.527501794509588 268.5203715711832 53251.271161876619 1756.9801988936961 1405.6602936759591 5449.4737733080983 9488.0638562738895 18.939981646835804 88504.14755174052 1515.7266465518624
leaf_count=133591 236123 41298 2703 4499 110839 117840 818 92527 43491 32145 165929 111892 4959 6218 3013 7872 4790 222304 19009 2040483 128 450 310484 5716 5052 22577 41372 81 708100 9201
internal_value=0.0179724 -0.0452252 -0.0471988 -0.0329665 0.0668922 0.0148271 -0.0431006 -0.0546665 -0.0312659 -0.0197368 -0.00950387 0.0713794 -0.0487663 -0.03232 0.0535517 0.0184963 -0.0658471 -0.0517538 0.0568073 -0.0524771 0.0911363 -0.0576079 -0.0591065 -0.0280051 0.0190799 -0.0476303 -0.0669985 0.0664844 -0.0696186 0.0409177
internal_weight=1.14074e+06 497737 484016 166566 643007 29144.6 137422 317449 75699.7 48453.4 38903.3 481162 207861 38283.7 161844 9305.51 109589 27246.3 10888.1 169577 498.734 61722 60726.2 7474.97 11130.9 5717.99 108234 487.207 97992.2 2422.79
internal_count=4505504 4138297 4096999 953017 367207 141348 811669 3143982 469739 246617 214472 245483 2297193 251542 121724 10885 846789 223122 23508 2045651 5168 341930 339227 28743 48543 23027 841999 5040 749472 15419
cat_boundaries=0 1 2 3 4 5 6 7 8 9 10 11 12 13 14 15 16 17 18 19 20
cat_threshold=2 1 4 32 86 20 105 36 6 658 300 659 1 5 8 640 1 10 640 19
is_linear=0
shrinkage=0.08


Tree=23
num_leaves=31
num_cat=16
split_feature=36 38 42 37 3 37 38 3 43 38 37 32 27 41 3 44 38 6 3 1 44 45 46 38 13 5 17 18 6 17
split_gain=7540.39 4628.86 2900.66 2266.18 2187.67 1799.94 2126.61 1365.8 1365.69 1346.05 1718.49 1340.9 1541.12 1251.93 1178.63 2024.96 1619.06 1566.04 1552.61 3840.44 1255.72 2037.31 1592.29 1566.55 1195.27 2043.05 3586.51 4689.57 1167.88 1121.83
threshold=0 1 2 3 19.105000495910648 4 5 419.70500183105474 6 7 8 -2.1550000905990596 1.0000000180025095e-35 9 491.38499450683599 10 11 9462.8852539062518 624.96499633789074 1.0000000180025095e-35 12 13 14 15 206.02001953125003 1.5000000000000002 11.500000000000002 1326.1250000000002 171.00000762939456 8.5000000000000018
decision_type=9 1 9 1 8 1 1 10 9 1 1 8 8 9 8 9 1 2 10 2 9 9 1 1 2 2 2 2 2 2
left_child=1 3 7 -1 -5 -2 13 -3 -4 10 -8 -6 -13 -7 17 18 -17 20 -16 24 22 -22 -14 -23 25 29 27 28 -27 -20
right_child=5 2 8 4 11 6 9 -9 -10 -11 -12 12 14 -15 15 16 -18 -19 19 -21 21 23 -24 -25 -26 26 -28 -29 -30 -31
leaf_value=0.0019380765360100473 0.037012218920908765 0.034527677637639344 -0.019397880703450481 0.0001151621182350318 0.029213415384963387 0.037241749464829922 0.010135486241484058 0.057076336179752094 0.023416943158730323 -0.019925849577622345 -0.0065788992193064593 0.2243674732839788 0.018101483809087202 0.010796606109718892 0.042063251371437398 0.0073176015484076474 0.042641622642866465 -0.020322316159347816 0.18196068285937567 0.036679130020738915 0.026275415192129451 -0.045665624783359497 0.077446295395082784 0.0040943425500651401 0.12714402423804713 0.73547832149586312 0.14940982371614214 1.4344528633356712 0.085320024342439016 0.90651810849056325
leaf_weight=58916.571082452312 11535.695155947935 113922.37715475913 4905.9945748262107 37676.831832217053 85061.564473818988 13456.387841565534 82299.053672314622 20247.465325018391 164601.55461983848 19915.585079884157 75452.175814025104 231.417519797571 262838.38475529477 77049.092899696901 4207.5305285733193 19002.225666472688 14760.743001086637 7357.8464506044984 404.40471712127328 1383.0336886029691 11927.427279958501 7038.9802145697176 2925.7936602775007 9517.6492471229285 363.52142391353846 34.154616422951221 96.492925841361284 46.273572428151965 36.66387483291328 14.154742263257502
leaf_count=223684 55622 312841 11067 99706 603298 16479 205034 70040 421101 66643 177188 525 1426117 148687 13201 381289 136932 20827 3210 4494 48174 23700 4487 20373 7808 361 455 445 536 284
internal_value=0.0174394 0.0212776 0.0291368 0.0167211 0.0185943 0.00608316 0.00475139 0.0379277 0.0221767 -0.000333471 0.00214111 0.0202244 0.0179899 0.0147322 0.0178502 0.0306911 0.0227756 0.0161323 0.0712684 0.122928 0.0170439 0.0010804 0.0187548 -0.0170757 0.242731 0.309201 0.510534 0.808128 0.398881 0.206464
internal_weight=1.10723e+06 827519 303677 523842 464925 279708 268172 134170 169508 177667 157751 427248 342187 90505.5 341955 40349.2 33763 301606 6586.23 2378.7 294248 28484.1 265764 16556.6 995.666 632.144 213.585 117.092 70.8185 418.559
internal_count=4504608 3834955 815049 3019906 2796222 669653 614031 382881 432168 448865 382222 2696516 2093218 165166 2092693 549015 518221 1543678 30794 17593 1522851 92247 1430604 44073 13099 5291 1797 1342 897 3494
cat_boundaries=0 1 2 3 4 5 6 7 8 9 10 11 12 13 14 15 16
cat_threshold=128 300 25 4 16 643 34 336 35 20 1 32 2 34 1 32
is_linear=0
shrinkage=0.08


Tree=24
num_leaves=31
num_cat=18
split_feature=36 2 40 41 4 37 34 37 0 34 44 37 37 32 37 41 41 32 32 37 43 30 32 22 24 43 21 45 46 18
split_gain=6134.03 5080.93 3612.38 2355.8 2337.77 2042.96 1775.08 1640.08 2167.07 1501.8 1350.71 1335.28 1201.04 1074.79 1032.53 1012.04 1008.73 878.907 910.778 874.172 871.187 863.032 846.428 843.344 1348.44 801.911 767.903 739.254 840.787 699.779
threshold=0 inf 1 2 1.0000000180025095e-35 3 4 5 1.5000000000000002 6 7 8 9 -1.6950000524520872 10 11 12 6.7750000953674325 -6.1849999427795401 13 14 1.0000000180025095e-35 -16.345000267028805 1.0000000180025095e-35 12.500000000000002 15 1.5000000000000002 16 17 9730.8193359375018
decision_type=9 8 1 9 10 1 1 1 2 1 9 1 1 8 1 9 9 10 8 1 9 2 8 2 2 9 2 9 1 2
left_child=1 2 4 -4 6 10 15 -5 -9 -3 -2 -8 17 -11 -12 -1 -7 18 26 23 -16 -21 -22 -17 29 -15 -6 28 -18 -25
right_child=5 9 3 7 12 16 11 8 -10 13 14 -13 -14 25 20 19 27 -19 -20 21 22 -23 -24 24 -26 -27 -28 -29 -30 -31
leaf_value=0.075510576152778952 0.046280563386406223 0.013536437370728507 -0.069193961891607009 -0.009319316732934773 0.073529509375129948 0.030548560906846413 0.028133310916828098 0.0054287956644405878 0.034925475968223881 0.0053739540642087236 0.035066397215915736 0.01958706921536741 0.021721849306229012 -0.0060650675887347618 -0.0094139873727976785 0.015146784777395618 -0.00084877496344683116 0.064222447673217636 0.034117410826433561 0.0066632796494104866 0.055502394884457254 0.24437301465362221 0.010063424965430317 0.048025072467320726 0.75840659527863108 -0.053182671455336755 0.43072626632601085 -0.015220162310119911 0.044153048152958861 -0.015687872804418114
leaf_weight=1614.1335968002677 7234.4640831141733 7194.8653161274269 2558.1550753805786 25131.458545130678 3294.1418885346502 6178.7917871065438 198691.21347115841 53277.546844415367 22746.472439319827 4103.7754527144134 10275.057609370444 285431.77807211224 26818.542836448178 3067.6839322410524 14945.935132855549 40237.418306008913 110648.94549766928 9778.610054448247 38556.846075825393 83349.388084764592 2694.0448059942573 97.86396081186831 100473.26120606251 8686.6760330470279 16.74640681501478 9537.5711197340861 38.974415134638548 24002.65733054094 2722.4620036985725 1263.7914838418365
leaf_count=1619 13382 11625 6012 74704 11867 7572 989470 115001 62646 7236 50016 1206000 78321 6648 45837 277535 242636 40323 153383 690682 4313 466 244878 63836 94 24426 104 58274 2789 13132
internal_value=0.0158579 0.0193247 0.0204087 0.0064755 0.022479 0.00560624 0.0208311 0.00839578 0.0142524 -0.0170202 0.0126467 0.0230951 0.0354865 -0.0301679 0.0107525 0.0127255 -0.00104574 0.0426186 0.0375857 0.0119616 0.00863366 0.00694123 0.0112489 0.0203032 0.0411401 -0.0417629 0.0777062 -0.0024689 0.000231863 0.039933
internal_weight=1.10467e+06 825494 801590 103714 697876 279176 619389 101155 76024 23903.9 135623 484123 78487.1 16709 128388 135266 143553 51668.6 41890 133652 118113 83447.3 103167 50204.6 9967.21 12605.3 3333.12 137374 113371 9950.47
internal_count=4504827 3835130 3785195 258363 3526832 669697 3242834 252351 177647 49935 358426 2195470 283998 38310 345044 1047364 311271 205677 165354 1045745 295028 691148 249191 354597 77062 31074 11971 303699 245425 76968
cat_boundaries=0 1 2 3 4 5 6 7 8 9 10 11 12 13 14 15 16 17 18
cat_threshold=128 6 16 51 48 24 96 1 120 105 16 16 16 106 33 5 5 1
is_linear=0
shrinkage=0.08


Tree=25
num_leaves=31
num_cat=20
split_feature=47 47 35 32 46 38 37 38 36 38 40 36 2 40 44 35 36 2 46 44 2 32 38 44 1 6 38 1 27 17
split_gain=475095 9666.7 11371.7 5279.73 4017.78 3963.09 3623.23 3493.99 3414.34 3598.75 2970.64 2516.53 2032.39 1988.82 4253.67 3163.15 1944.29 1928.71 1895.44 2986.12 1832.94 1831.66 1808.46 1630.67 1572.04 1462.41 1715.85 1761.51 1425.79 1414.84
threshold=0 1 2 inf 3 4 5 6 7 8 9 10 1.5000000000000002 11 12 13 14 inf 15 16 inf -9.8350000381469709 17 18 1.5000000000000002 419.01501464843756 19 4.5000000000000009 inf 4.5000000000000009
decision_type=1 1 1 8 1 1 1 1 9 1 1 9 8 1 9 1 9 8 1 9 8 8 1 9 2 2 1 2 8 2
left_child=3 4 6 16 8 -4 21 23 9 13 11 -9 24 14 15 -2 -1 22 -5 -20 -16 -3 -13 -8 -7 26 27 -11 -25 -17
right_child=1 2 5 18 -6 12 7 10 -10 25 -12 17 -14 -15 20 29 -18 -19 19 -21 -22 -23 -24 28 -26 -27 -28 -29 -30 -31
leaf_value=0.069519381818604384 -0.040832363237238545 0.043689518600044677 0.062524240015591662 0.051588263822730539 0.002391700190249139 -0.0099119770494828525 -0.004955438325448887 -0.05906035018151487 -0.067984581352489193 -0.018070772793835829 -0.051233337984806261 -0.005463106216643321 -0.073985802762504854 -0.066572732005473131 -0.052166334199889974 0.087274076860711619 0.057413900193044494 -0.12047038720623779 -0.032314600252409668 0.060016697180306208 -0.13543365777643759 -0.053960419774446135 0.034532061037941701 0.11402834428547096 0.036924576132088299 -0.0053687311663988277 -0.045933005573668917 0.23192258482991635 -0.05497238968230489 0.003521741318841822
leaf_weight=339859.09678532742 6060.0436358228326 1254.4195269718766 8454.8565151486546 146777.54352260381 8613.6260177893564 13248.36998610571 5341.757670134306 4192.4502283781767 74334.120095141232 15526.337488165125 9527.9262604787946 18742.035243924707 2240.9910297896713 58863.570500002243 97332.96641364973 2520.2648766841739 114258.06608794024 743.04416962713003 4498.1523862350732 4468.985827928409 1721.8443864025176 61556.32312418893 11774.839404225349 323.11161983013153 7014.8959319889545 10342.138163382187 44613.096610286273 182.50817285478115 28501.958187911659 2646.4308857433498
leaf_count=180209 31904 2842 14078 110487 31441 102772 18764 17242 395001 79501 31062 105901 11135 486930 1703630 13929 65899 2414 8069 2817 9068 342143 48252 777 15409 81950 317249 429 249967 23934
internal_value=0.0148374 -0.0433343 -0.028071 0.0621172 -0.0515117 0.0158597 -0.0376501 -0.0262555 -0.0529897 -0.0483368 -0.0115994 -0.000936276 -0.00169213 -0.0546756 -0.0483199 -0.00165501 0.0664764 0.00687548 0.0494069 0.0137009 -0.0536137 -0.0520019 0.00997843 -0.045541 0.00630227 -0.0331584 -0.0379285 -0.0151567 -0.053078 0.0442896
internal_weight=1.10554e+06 495674 172917 609862 322757 30959.1 141958 79147.1 314143 239809 44980.3 35452.4 22504.3 169145 110282 11226.7 454117 31259.9 155745 8967.14 99054.8 62810.7 30516.9 34166.8 20263.3 70664.1 60321.9 15708.8 28825.1 5166.7
internal_count=4505205 4137724 962758 367481 3174966 143394 819364 474379 3143525 2748524 204871 173809 129316 2269395 1782465 69767 246108 156567 121373 10886 1712698 344985 154153 269508 118181 479129 397179 79930 250744 37863
cat_boundaries=0 1 2 3 4 5 6 7 8 9 10 11 12 13 14 15 16 17 18 19 20
cat_threshold=2 4 32 1 82 20 44 160 300 6 73 2 1 32 128 1 1 320 1 641
is_linear=0
shrinkage=0.08


Tree=26
num_leaves=31
num_cat=16
split_feature=47 47 35 32 38 44 3 37 38 3 0 37 38 2 32 3 1 38 38 44 3 38 18 16 38 38 37 24 31 19
split_gain=425389 8357.88 10399.1 5405.99 3973.74 3951.51 4204.75 3073.49 3147.42 2523.8 2376.11 2336.05 2368.68 2042.62 2005.62 1985.31 1871.88 1747.37 1736.75 1518.48 1767.85 1503.52 1502.61 1461.62 1442.98 1402.27 1379 1380.63 1343.5 1258.14
threshold=0 1 2 inf 3 4 25.005000114440922 5 6 inf 4.5000000000000009 7 8 inf -2.8950001001358028 491.38499450683599 2.5000000000000004 9 10 11 1.0000000180025095e-35 12 796.64501953125011 1.0000000180025095e-35 13 14 15 -1.0000000180025095e-35 1.0000000180025095e-35 372.02499389648443
decision_type=1 1 1 8 1 9 8 1 1 8 2 1 1 8 8 8 2 1 1 9 10 1 2 2 1 1 1 2 10 2
left_child=3 5 7 24 -4 6 18 17 10 11 -9 12 16 14 25 21 23 -3 -2 20 -5 -8 -18 -7 -1 -14 27 -6 -13 -24
right_child=1 2 4 19 26 9 15 8 -10 -11 -12 28 13 -15 -16 -17 22 -19 -20 -21 -22 -23 29 -25 -26 -27 -28 -29 -30 -31
leaf_value=0.067622641621174373 0.053884086481350277 -0.032469347067993065 0.059364261701421707 -0.022752464687814347 0.015027782531959665 -0.031244932143828268 -0.042742723323370958 -0.049702316846312149 -0.01530010273782516 0.12067516693639264 1.0606657727540059 -0.065255752767592587 -0.0098070131107636706 -0.12181229920018609 -0.053380682098111934 0.037846486887292835 0.025257328643474963 -0.060880091233332462 -0.069521241567850584 0.048624550926761823 0.038734803732734767 0.0031865858603020228 0.43423014851903746 0.074302172000627137 0.058318544808262013 -0.047904817306254226 -0.021429539770423757 0.25537233451945895 0.022400648316902156 0.092409086441474567
leaf_weight=244955.92569387145 772.16385059058666 21442.735691118985 8778.987964797765 4131.2222798857838 9237.3496621306986 9033.1749265212566 8406.0470581650734 26727.532211136073 51191.727508855984 531.47782861813903 12.339944839477537 91533.615063393489 12478.33411133755 2556.0643833354115 143662.9144776864 5270.775137080811 506.92631935700774 39624.989957550541 12163.452577747405 135287.08866355941 10858.614193424582 9964.0257266275585 133.08942791819572 925.74995659850538 191920.55946060736 12281.419102672487 12691.226704079658 155.5396714322269 1132.9002373591065 142.91832799464464
leaf_count=133575 1878 87424 14198 6996 43798 54996 43821 225764 249749 447 2 775238 136776 12367 1752390 37631 2524 257875 59578 105531 9109 30127 190 5095 111979 254009 84858 428 5606 695
internal_value=0.0133323 -0.0424165 -0.0281413 0.0590361 0.0138667 -0.0502009 -0.0254981 -0.037467 -0.0269269 -0.0534875 -0.0491715 -0.0538249 -0.0485396 -0.0508307 -0.0497565 -0.00543387 -0.0120587 -0.0509112 -0.0621669 0.0459477 0.0217888 -0.017852 0.107036 -0.0214336 0.0635382 -0.0287277 -0.00423841 0.0189875 -0.0641772 0.257233
internal_weight=1.06851e+06 481357 169862 587153 30863.1 311495 36576.5 138999 77931.6 274919 26739.9 274387 181721 170979 168423 23640.8 10741.9 61067.7 12935.6 150277 14989.8 18370.1 782.934 9958.92 436876 24759.8 22084.1 9392.89 92666.5 276.008
internal_count=4504654 4137464 964096 367190 143282 3173368 173035 820814 475515 3000333 225766 2999886 2219042 2155542 2143175 111579 63500 345299 61456 121636 16105 73948 3409 60091 245554 390785 129084 44226 780844 885
cat_boundaries=0 1 2 3 4 5 6 7 8 9 10 11 12 13 14 15 16
cat_threshold=2 4 32 82 1 20 36 105 641 643 528 1 40 300 326 106
is_linear=0
shrinkage=0.08


Tree=27
num_leaves=31
num_cat=15
split_feature=47 47 35 32 36 38 3 37 38 38 17 3 40 36 31 36 3 36 4 17 25 3 2 38 1 38 19 38 17 2
split_gain=369922 6352.52 7756.9 4953.59 3392.18 4280.98 3782.2 3263.31 2877.6 2762.85 2490.67 1874.44 1707.43 1870.6 1604.48 1417.08 1410.37 1328.13 1322.55 1288.89 7188.94 1267.17 1240.86 1236.68 1207.32 2082.08 1206.1 1195.85 1174.31 1169.67
threshold=0 1 2 inf 3 4 491.38499450683599 5 6 7 4.5000000000000009 491.38499450683599 8 9 1.0000000180025095e-35 10 542.27001953125011 11 24.500000000000004 145.50000000000003 9.5000000000000018 1.0000000180025095e-35 inf 12 1.5000000000000002 13 5928.9248046875009 14 7.5000000000000009 inf
decision_type=1 1 1 8 9 1 8 1 1 1 2 8 1 9 10 9 8 9 8 2 8 10 8 1 2 1 2 1 2 8
left_child=3 4 7 17 5 6 22 16 -9 -4 26 29 13 -10 -6 -11 23 -1 -15 -12 -21 -5 -2 28 -17 -26 -8 -14 -3 -7
right_child=1 2 9 21 14 11 10 8 12 15 19 -13 27 18 -16 24 -18 -19 -20 20 -22 -23 -24 -25 25 -27 -28 -29 -30 -31
leaf_value=0.063770447797367236 -0.052698189476058539 -0.040696775282119714 0.048646874923665678 0.01431524204087567 -0.062907492785066174 -0.025411295278597198 0.013624600409780497 -0.045567032802823849 -0.056190161985062589 -0.095286630517577325 -0.038980470251281603 0.029712817734521002 -0.01082710647482458 -0.010722498017281531 0.029781203819664086 -0.014322578692070922 0.078719611982419571 0.053458678356035308 0.021271615309235728 3.8333215875622519 -0.092102547175660701 0.045988968673466468 -0.1194012271762781 -0.058623298460293703 -0.056137895081401219 0.048524965118866961 0.37188371471651271 -0.066771686568022667 0.022189190029289461 -0.07321991122306952
leaf_weight=316747.20398729853 135455.64880652539 18623.924486514181 8483.546574103646 8581.5268667750061 69828.714751556516 62595.227867773734 8285.2810423308983 25838.705306889489 4176.7552404403687 1050.2638680264354 15251.045919173397 3821.6310989214107 4343.9198035150766 24104.546146869659 1216.0706226155162 13827.81238011457 549.56316731870174 108172.649062993 12586.796590261161 3.6160008031874895 17.134515650570396 139384.47232226934 1808.7266823016107 37994.058972692117 1541.3215933870524 5651.8359519653022 60.580357072874904 5628.732871171087 2116.4108086079359 3455.9707824401557
leaf_count=179498 1537791 79501 14150 10709 394964 428395 228891 224972 17782 4693 512273 44986 11556 143954 3053 107131 627 65974 55499 21 668 110915 8396 257060 4153 12923 631 21015 7575 11604
internal_value=0.0136448 -0.0390953 -0.0265517 0.0567583 -0.0460162 -0.0413024 -0.0484861 -0.0347355 -0.0238295 0.00987274 -0.0189179 -0.0247574 -0.0127751 -0.00552799 -0.0613123 -0.00504621 -0.0488352 0.0611481 0.000252867 -0.0381232 0.591945 0.044152 -0.0535771 -0.050037 -0.000494388 0.0260876 0.0162251 -0.0424384 -0.0342632 -0.0279128
internal_weight=1.0412e+06 468318 166518 572886 301800 230755 160882 135963 76679.5 30554.8 23617.7 69872.8 50840.8 40868.1 71044.8 22071.2 59284 424920 36691.3 15271.8 20.7505 147966 137264 58734.4 21021 7193.16 8345.86 9972.65 20740.3 66051.2
internal_count=4501360 4134264 962591 367096 3171673 2773656 2288671 819541 474778 143050 742484 484985 249806 217235 398017 128900 344763 245472 199453 512962 689 121624 1546187 344136 124207 17076 229522 32571 87076 439999
cat_boundaries=0 1 2 3 4 5 6 7 8 9 10 11 12 13 14 15
cat_threshold=2 4 32 160 300 20 36 82 6 72 57 128 643 129 523
is_linear=0
shrinkage=0.08


Tree=28
num_leaves=31
num_cat=26
split_feature=47 46 47 35 32 44 40 37 34 36 42 43 46 44 34 41 44 45 45 36 37 41 44 32 34 40 2 2 41 34
split_gain=328640 8763.25 6888.7 5402.99 4866.96 2920.96 3091.98 2897.8 2251.5 2069.75 2499.44 1867.38 1700.17 2181.8 1684.62 1829.01 1660.33 2212.74 1597.7 1346.16 1274.12 1188.16 1157.55 1201.68 1303.27 1211.34 1137.24 1100.47 1203.55 1078.74
threshold=0 1 2 3 inf 4 5 6 7 8 9 10 11 12 13 14 15 16 17 18 19 20 21 -2.7749999761581416 22 23 inf inf 24 25
decision_type=1 1 1 1 8 9 1 1 1 9 9 9 1 9 1 9 9 9 9 9 1 9 9 8 1 1 8 8 9 1
left_child=4 2 5 7 19 6 -2 -4 11 10 29 -8 -6 -14 21 18 -3 -18 -16 -1 -5 -9 23 24 -22 -25 -17 -12 -29 -7
right_child=1 16 3 20 12 9 8 14 -10 -11 27 -13 13 -15 15 26 17 -19 -20 -21 22 -23 -24 25 -26 -27 -28 28 -30 -31
leaf_value=0.060790002289706616 -0.057178334286746159 0.054557064098579265 -0.047489257367196946 -0.058380115171979802 0.043128643062046008 -0.053532312167154865 0.34960844239928413 0.055602022442384408 -0.03085023667907643 -0.062759479530042933 -0.050074769143355534 0.01914542761977836 -0.031444116901251838 0.050149463678475732 0.027788490340131308 -0.00037068373385927198 0.025792846191064311 -0.070955509701929251 -0.039467808739173667 0.05013312797025167 -0.075254005954591044 -0.047603022851022983 0.061587033930162072 0.022548049630619404 0.052468788533704576 -0.019792741677505461 -0.09302541322682531 -0.015594680771636714 -0.11743006409203256 -0.022337354359928265
leaf_weight=304313.69057424553 11815.876924004406 6335.8798161735758 56238.295620896854 1911.5564271211624 134141.28037405154 9053.4490476567298 100.84853529185057 736.22645180113614 10528.535771140829 65960.790419526398 139402.06443348527 9236.7504484821111 4556.2771569602191 3886.4956579776481 2517.3888689391315 29376.430146504194 5452.2635426800698 2082.5481215659529 21825.161272037774 102098.54793797247 568.13753068074584 18632.2388442792 2440.7225365005434 6550.217087123543 4550.2595615535975 12681.337916569784 873.00201389193535 1001.7251432538033 3031.1314433924854 33020.817957255989
leaf_count=179399 59981 15985 341493 26856 110686 220228 173 1942 76152 391894 1909869 29069 8092 2864 10974 145153 9052 16253 148538 65891 6650 161675 5516 14305 18006 69547 2778 2708 13900 435071
internal_value=0.0119627 -0.0382396 -0.0402042 -0.0268731 0.053654 -0.0476855 -0.0247937 -0.0337979 -0.00550055 -0.0505696 -0.0462294 0.0230847 0.040937 0.00611619 -0.0233822 -0.0161836 0.0243734 -0.00100739 -0.0325039 0.0581155 0.00454942 -0.0436534 0.00905965 0.00379828 0.0382472 -0.00537015 -0.0030437 -0.051263 -0.0924649 -0.0290609
internal_weight=1.00492e+06 455924 442053 158901 548996 283152 31682 130199 19866.1 251470 185509 9337.6 142584 8442.77 73960.4 54592 13870.7 7534.81 24342.6 406412 28702.2 19368.5 26790.7 24350 5118.4 19231.6 30249.4 143435 4032.86 42074.3
internal_count=4500700 4133768 4092478 953433 366932 3139045 165375 812553 105394 2973670 2581776 29242 121642 10956 471060 307443 41290 25305 159512 245290 140880 163617 114024 108508 24656 83852 147931 1926477 16608 655299
cat_boundaries=0 1 2 3 4 5 6 7 8 9 10 11 12 13 14 15 16 17 18 19 20 21 22 23 24 25 26
cat_threshold=2 1 4 32 1 1 20 15 128 17 2 1 1 96 50 2 12 8 128 16 17 2 32 5 16 96
is_linear=0
shrinkage=0.08


Tree=29
num_leaves=31
num_cat=22
split_feature=47 38 44 32 6 40 37 47 35 37 17 25 36 38 26 41 32 10 41 48 45 44 17 34 42 41 34 37 35 41
split_gain=285441 5150.13 4704.7 3984.5 3042.54 2928.92 2911.9 2821.33 5863.28 2312.22 1804.71 1720.85 1662.43 2076.06 1787.21 1567.59 1567.29 1871.5 1518.47 1479.03 1469.02 2209.09 1425.84 1374.24 1376.41 1326.12 1302.97 1256.64 1241.95 2231.28
threshold=0 1 2 inf 1.0000000180025095e-35 3 4 5 6 7 7.5000000000000009 6.5000000000000009 8 9 1.0000000180025095e-35 10 -3.1350001096725459 2.5000000000000004 11 12 13 14 79.500000000000014 15 16 17 18 19 20 21
decision_type=1 1 9 8 2 1 1 1 1 1 2 8 9 1 8 9 8 2 9 9 9 9 2 1 9 9 1 1 1 9
left_child=3 4 6 -1 20 7 28 12 27 -10 19 -7 -4 14 26 -6 17 -16 22 -11 21 -2 -8 -22 -25 -18 -14 -9 29 -3
right_child=1 2 5 -5 15 11 18 8 9 10 -12 -13 13 -15 16 -17 25 -19 -20 -21 23 -23 -24 24 -26 -27 -28 -29 -30 -31
leaf_value=0.05531269505408562 -0.040366259579162601 0.17856744600121099 -0.061462233026235852 0.039624119253942457 -0.017361430427921033 0.192375554811513 -0.005194429527470997 -0.093011963316983096 -0.052855451158600915 -0.018304403783698932 -0.050978607996112806 -0.071268848836979107 0.56407787856677893 -0.05130629018611637 0.002458810516927095 0.016794152363009282 -0.013066025807299876 0.93337556138201339 -0.054197842342090644 0.2109037956034378 -0.017442636850921168 0.066915923488543444 0.72628906823691186 -0.019567602113100407 -0.05555834195246992 -0.043203651489213936 -0.073854693904215049 0.055283348840403146 -0.0074211554609506184 0.014604311405677186
leaf_weight=391060.61358609656 2533.7961068935692 622.62942180223763 40173.492301829159 140949.20659648674 16875.004112524912 159.43600439466536 4910.8675889912993 382.84262686222792 30826.406781408936 41716.777528706938 13467.97561326623 25559.083966276608 45.438558150082827 83977.02063877508 6555.1977434568107 17516.261617955752 11865.381443597376 13.850493621081112 14279.2298758775 180.95718160644174 19587.903197535314 2384.3290327228606 17.114071439951658 9897.8765947576612 21986.852443930693 44497.521472394466 35.937144317664206 5715.9029995268211 24952.902055479586 3350.8414228577167
leaf_count=245545 12292 6510 261017 121391 88303 319 34802 3395 244824 315621 130031 168998 117 1670181 81618 86034 174488 142 70931 837 85447 2993 161 48315 110775 419533 431 10829 91352 18862
internal_value=0.0116308 -0.0357199 -0.0400871 0.0511562 -0.0187171 -0.0437546 -0.0168433 -0.0413714 -0.0299258 -0.0352878 -0.0254988 -0.0696074 -0.0470174 -0.0430624 -0.0320695 3.46275e-05 -0.0325591 0.0044216 -0.0409802 -0.0173144 -0.0301566 0.011621 -0.00264873 -0.034144 -0.0443955 -0.0368691 0.342596 0.0458372 -0.00080189 0.0406806
internal_weight=976099 444089 353307 532010 90782 305173 48133.6 279455 92290.9 86192.1 55365.7 25718.5 187164 146990 63013.3 34391.3 62932 6569.05 19207.2 41897.7 56390.8 4918.13 4927.98 51472.6 31884.7 56362.9 81.3757 6098.75 28926.4 3973.47
internal_count=4506094 4139158 3704999 366936 434159 3482381 222618 3313064 705537 691313 446489 169317 2607527 2346510 676329 174337 675781 81760 105894 316458 259822 15285 34963 244537 159090 594021 548 14224 116724 25372
cat_boundaries=0 1 2 3 4 5 6 7 8 9 10 11 12 13 14 15 16 17 18 19 20 21 22
cat_threshold=2 643 1 6 99 4 8 20 90 336 19 21 1 10 2 116 25 36 80 16 1 4
is_linear=0
shrinkage=0.08


Tree=30
num_leaves=31
num_cat=16
split_feature=47 47 35 32 45 38 32 38 2 38 32 1 38 46 3 2 27 40 38 31 40 34 48 3 17 41 30 27 45 13
split_gain=242725 5238.87 5713.21 4357.09 2832.38 2649.53 2553.21 2314.97 2118.22 2105.08 1734.76 1622.64 2048.8 1592.26 3310.18 2319.09 1544.96 1521.08 1414.07 1387.25 1421.72 1366.37 1305.96 1251.39 1734.69 1136.81 1130.41 1141.52 1128.88 1077.83
threshold=0 1 2 inf 3 4 -7.6749999523162833 5 inf 6 -16.345000267028805 1.5000000000000002 7 8 35.854999542236335 inf 9.5000000000000018 9 10 1.0000000180025095e-35 11 12 13 477.54499816894537 11.500000000000002 14 1.0000000180025095e-35 inf 15 235.00001525878909
decision_type=1 1 1 8 9 1 8 1 8 1 8 2 1 1 10 8 10 1 1 10 1 1 9 8 2 9 2 8 9 2
left_child=3 4 6 -1 18 21 -3 -4 10 26 -7 16 28 -5 15 -15 25 22 23 20 -11 -6 -12 -2 -25 -9 27 -8 -13 -27
right_child=1 2 7 13 5 8 9 11 -10 19 17 12 -14 14 -16 -17 -18 -19 -20 -21 -22 -23 -24 24 -26 29 -28 -29 -30 -31
leaf_value=0.05309126603624674 -0.052683031670799824 0.044706223378274623 0.061568862653868017 0.038590097163883889 0.0055858763941210587 0.014183897565391526 0.10641371390297641 -0.064312698550561015 -0.10902683537763923 -0.053054454169383813 -0.04211491812859771 0.00081026786355230772 0.04714053574409572 -0.11209043112231508 0.050906660720612729 0.011390292311291003 0.25178000269101608 -0.061406489506858217 0.0006539354638928997 0.04186108426705238 -0.021793838960490156 -0.033631896443841562 0.065226312769100792 0.052108169978304163 -0.086782375808993742 0.010868836599577485 0.2659395170428383 -0.050003245642730336 -0.13234684542835198 -0.035026145682933156
leaf_weight=379666.53849121556 8052.3103581238538 3002.6208137087524 4763.8082710178569 127905.15190914925 10425.699833344668 3294.1158235231414 301.47563859075308 2629.3047222793102 3196.7602687962353 10514.710830010474 190310.02843063325 1076.6104355286807 7186.8591701555997 1973.1827541179955 4253.523891672492 1921.1880434798077 138.8380003515631 28989.595551079139 16079.879267065786 2007.2762031592429 81737.644679417834 12497.026172686368 728.17627826053649 1899.7578580444679 825.63368700537831 8417.0367498043925 73.335214367136359 31339.747435580939 649.12523712217808 5360.6469620279968
leaf_count=245279 76597 9831 6971 110648 50679 31194 810 13572 16544 45537 2559357 2146 14604 5628 2995 2295 494 195641 94594 3938 453554 70017 7817 37973 30549 45490 170 305864 2480 57453
internal_value=0.0115536 -0.0324229 -0.0208635 0.0486894 -0.0390833 -0.0417408 -0.0281984 0.0104447 -0.0443651 -0.0299383 -0.0434415 0.000857828 0.0283768 0.0364057 0.00211597 -0.0511744 -0.0139651 -0.0443042 -0.01438 -0.0239308 -0.025365 -0.0158002 -0.0417036 -0.0367898 0.0100325 -0.0162138 -0.0477707 -0.0485129 -0.0497499 -0.006983
internal_weight=951218 435498 159199 515720 276299 249441 128977 30222.2 226519 125974 223322 25458.4 8912.59 136053 8147.89 3894.37 16545.8 220028 26857.6 94259.6 92252.4 22922.7 191038 10777.7 2725.39 16407 31714.6 31641.2 1725.74 13777.7
internal_count=4500721 4133876 962914 366845 3170962 2931249 819704 143210 2810553 809873 2794009 136239 19230 121566 10918 7923 117009 2762815 239713 503029 499091 120696 2567174 145119 68522 116515 306844 306674 4626 102943
cat_boundaries=0 1 2 3 4 5 6 7 8 9 10 11 12 13 14 15 16
cat_threshold=2 4 32 8 641 18 36 129 1 6 560 8 108 1 2 9
is_linear=0
shrinkage=0.08


Tree=31
num_leaves=31
num_cat=17
split_feature=47 47 35 44 40 31 37 4 37 34 37 3 42 44 3 42 31 36 36 37 23 24 43 21 21 12 5 3 5 37
split_gain=214201 5890.23 4234.8 3726.88 4368.17 2380.05 2162.82 2566.07 2119.92 2020 1762.08 1704.96 1563.96 1478.69 1464.45 1421.67 1413.91 1355.01 1304.83 1208.61 1510.49 1459.96 1160.49 1391.16 1158.36 1445.07 2135.77 1186.72 1143.31 1142.28
threshold=0 1 2 3 4 1.0000000180025095e-35 5 1.5000000000000002 6 7 8 1.0000000180025095e-35 9 10 1.0000000180025095e-35 11 1.0000000180025095e-35 12 13 14 1.0000000180025095e-35 7.5000000000000009 15 3.5000000000000004 1.0000000180025095e-35 159.9999923706055 1.5000000000000002 200.24500274658206 14.500000000000002 16
decision_type=1 1 1 9 1 8 1 10 1 1 1 10 9 9 10 9 10 9 9 1 2 2 9 2 2 2 2 8 2 1
left_child=5 3 8 4 -2 17 7 15 -3 -6 -4 -8 19 14 -10 22 -13 -1 -12 24 28 -22 -5 -24 25 26 27 -9 -21 -15
right_child=1 2 10 6 9 -7 11 12 13 -11 18 16 -14 29 -16 -17 -18 -19 -20 20 21 -23 23 -25 -26 -27 -28 -29 -30 -31
leaf_value=0.05159151643154216 -0.055288020134912498 -0.01027854973990594 -0.06537696687056839 -0.047702937108410809 0.02862264326204559 0.034876680994526697 0.15008951657073252 0.33848808587978702 0.11877818602460456 -0.01815968683783923 -0.06703144627229693 -0.054319551397945309 -0.030727746563064665 0.013251863125620605 -0.036658414837801433 -0.044338345763340933 0.038074495904942052 0.040785842382390476 0.017425554473482895 -0.027113796445996347 0.048145324518247795 0.48854716355081595 -0.015645087287392244 0.68185275385635091 0.51268372938582463 -0.038080948252848031 0.75160012756639105 -0.036811770179793299 0.13203412228206188 -0.05381894517084182
leaf_weight=307116.48251722474 10952.599062032998 42337.784853368998 1917.8175924494863 10113.165293152444 12105.411873454228 94621.438850776292 265.25019440054893 96.815204657614231 389.92584026232362 11518.446676347405 1215.1590831466019 78500.352384955157 8654.411026568152 7150.6991327479482 75650.354393697344 104664.25068116374 1074.5256227729842 98666.180324862245 26618.267815180123 4651.7938292194158 2825.5264382166788 49.01059899199754 22525.704792204313 18.315735720098019 46.96253099385649 254.18570979498327 42.121770290657878 121.7119114138186 308.02608224563301 2092.2527582477778
leaf_count=208188 60882 247555 28348 246046 32727 85254 138 280 209 79380 3978 775563 82654 19865 540227 1511934 5645 74137 111210 55791 33957 352 278069 81 415 3486 183 1487 3233 13183
internal_value=0.0108054 -0.0308755 -0.0185838 -0.0380721 -0.0135548 0.0463022 -0.0416915 -0.0361524 -0.0249189 0.00581463 0.00859686 -0.0523904 -0.00688361 -0.0321849 -0.0358614 -0.0397892 -0.0530719 0.0489664 0.0137156 0.0177095 0.00950008 0.0556541 -0.0251884 -0.0150717 0.130022 0.097642 0.229999 0.129459 -0.01723 -0.00197431
internal_weight=926565 426161 157372 268789 34576.5 500404 234212 154372 127621 23623.9 29751.2 79840.1 17050.6 85283.2 76040.3 137321 79574.9 405783 27833.4 8396.15 7834.36 2874.54 32657.2 22544 561.797 514.835 260.649 218.527 4959.82 9242.95
internal_count=4504457 4136878 964575 3172303 172989 367579 2999314 2217968 821039 112107 143536 781346 181838 573484 540436 2036130 781208 282325 115188 99184 93333 34309 524196 278150 5851 5436 1950 1767 59024 33048
cat_boundaries=0 1 2 3 4 5 6 7 8 9 10 11 12 13 14 15 16 17
cat_threshold=2 4 32 1 1 105 106 14 80 25 2 17 129 56 8 35 5
is_linear=0
shrinkage=0.08


Tree=32
num_leaves=31
num_cat=15
split_feature=36 2 38 40 38 6 4 34 42 41 3 0 36 32 3 38 36 3 43 23 27 7 3 1 45 31 38 45 12 44
split_gain=4042.8 3539.4 3785.22 2010.46 1705.31 1433.5 1281.93 1273.4 1167.09 1147.5 1045.49 1038.74 1035.82 1005.23 961.31 912.396 889.776 857.606 974.633 832.682 1028.94 1590.13 816.177 815.801 812.095 781.075 734.632 1781.98 794.622 717.249
threshold=0 inf 1 2 3 9462.8852539062518 1.0000000180025095e-35 4 5 6 231.53499603271487 1.5000000000000002 7 -6.8849999904632559 530.24499511718761 8 9 162.73000335693362 10 1.0000000180025095e-35 1.0000000180025095e-35 807.47503662109386 377.90499877929693 2.5000000000000004 11 1.0000000180025095e-35 12 13 848.89996337890636 14
decision_type=9 8 1 1 1 2 8 1 9 9 8 2 9 8 10 1 9 10 9 2 8 2 10 2 9 10 1 9 2 9
left_child=1 2 6 4 12 10 22 15 -8 16 -6 -11 14 -2 24 -3 -5 18 -9 20 21 -12 -1 -21 -4 26 27 -15 -28 -14
right_child=13 7 3 9 5 -7 8 17 -10 11 19 -13 29 25 -16 -17 -18 -19 -20 23 -22 -23 -24 -25 -26 -27 28 -29 -30 -31
leaf_value=0.012377615195516476 0.025952891388066932 -0.070805759287715445 0.018975678828700906 0.10024582217996124 0.0023309012065776125 -0.024459094547365754 0.043214009218622118 0.040653450579225543 0.023404395913437331 -0.0090837546661071203 -0.12498702768838843 0.011861267040984804 0.057909914824667549 0.019447529730694534 0.039412547317940104 -0.0099041199067250521 -0.12203631420150243 -0.027359924152871196 -0.012919298694346449 0.017617887560704436 0.0080746499964961336 1.2747001005320757 0.039947434248520271 0.052467223080558983 0.0017601604467883634 0.039638661375108686 -0.0095584389827076278 -0.10216769877341046 0.0064256211944714522 0.0022386088809524148
leaf_weight=52849.791947411373 7639.2501058927737 4247.0607609674335 178628.99572779145 128.80094761401415 106850.44576521963 8811.5058486270718 31990.624936635606 3763.2194094769657 47272.20484388154 43001.939407672733 10.445336936973037 23400.050498771481 1542.5368001237512 13566.323645828292 13417.062198562548 2519.9540500091389 803.75210922770202 7188.2014251616783 5119.56301722629 48811.403058629483 94456.581341519952 10.33355312887579 7899.3941494803876 4714.2899644458666 19460.378978205845 2600.1255595646799 104516.2791569368 807.76499322615564 24587.977203000337 37193.429447993636
leaf_count=166113 19788 12401 777315 225 631644 64357 74970 4248 113849 134095 196 89631 2274 24861 105680 5644 2707 21913 10656 534618 997310 68 25798 41918 98991 3813 337928 3443 77884 115523
internal_value=0.00947457 0.0119145 0.0128964 0.0100514 0.0117545 0.00726427 0.0247047 -0.0190921 0.031408 -0.0029469 0.00836138 -0.00170248 0.0164852 -0.00233671 0.0186882 -0.0481748 -0.0905977 -0.00681206 0.00980819 0.0127151 0.00819848 0.571092 0.0159626 0.0206873 0.0172855 -0.00381629 -0.00460378 0.012547 -0.00651376 0.00445439
internal_weight=897810 744092 721254 581242 513907 263665 140012 22838 79262.8 67334.5 254853 66402 250242 153718 211506 6767.01 932.553 16071 8882.78 148003 94477.4 20.7789 60749.2 53525.7 198089 146078 143478 14374.1 129104 38736
internal_count=4499861 4032144 3977282 3596552 3369894 2270111 380730 54862 188819 226658 2205754 223726 1099783 467717 981986 18045 2932 36817 14904 1574110 997574 264 191911 576536 876306 447929 444116 28304 415812 117797
cat_boundaries=0 1 2 3 4 5 6 7 8 9 10 11 12 13 14 15
cat_threshold=130 643 6 336 3 25 16 128 641 2 37 13 129 13 1
is_linear=0
shrinkage=0.08


Tree=33
num_leaves=31
num_cat=19
split_feature=47 46 36 38 32 37 43 17 34 47 35 41 2 38 40 4 38 32 12 41 34 32 41 35 43 18 18 12 41 33
split_gain=190059 6887.03 4445.21 6472.2 3636.26 2422.32 2206.95 2164.29 2095.89 2382.18 1895.42 1517.86 3252.75 1962.19 1769.64 1498.77 1413.86 1402.37 1350.4 1589.83 1349.61 1320.17 1201.92 1450.89 1967.49 1556.16 1601.39 1366.87 1201.27 1116.16
threshold=0 1 2 3 inf 4 5 11.500000000000002 6 7 8 9 inf 10 11 1.5000000000000002 12 -16.345000267028805 848.89996337890636 13 14 -1.8849999904632566 15 16 17 98.049999237060561 3905.0500488281255 555.52499389648449 18 1.0000000180025095e-35
decision_type=1 1 9 1 8 1 9 2 1 1 1 9 8 1 1 8 1 8 2 9 1 10 9 1 9 2 2 2 9 2
left_child=4 2 3 5 -1 -2 -5 11 29 22 -11 13 14 -8 15 21 -16 -4 -19 -20 -17 -13 23 24 25 -10 -27 -28 -9 -7
right_child=1 -3 17 6 -6 8 7 28 9 10 -12 12 -14 -15 16 20 -18 18 19 -21 -22 -23 -24 -25 -26 26 27 -29 -30 -31
leaf_value=0.047477908082487287 -0.052390852587282349 0.026158772707238678 0.020266013142862534 -0.082415760608035835 0.031827159961552505 -0.047272893883647193 0.09680818667375507 -0.0071429950380082216 0.52286575197317819 0.037821765059368788 -0.015292641570949847 -0.002662464979236165 -0.088991249931168859 -0.070839073625545534 0.018036990872622245 0.011792692415797669 -0.047711030567997845 -0.053272640820355155 -0.04556411490431711 0.0038462364679712284 -0.024901791855174809 -0.032783782515550274 -0.036838430064499182 -0.015541951900414956 -0.019496473315198423 -0.050473075861521978 1.194465870328925 0.26381207792807482 0.04678833131042099 0.037206942849688562
leaf_weight=351969.32369553344 45916.062387967948 13306.172095038928 1932.9928184002638 2772.0863966140896 130137.99243552657 45896.169510003179 1624.6125940978527 4619.4694298096001 92.601489645428956 5147.3693773895502 25864.077101115137 17364.495606077835 3711.1870188526809 608.40594980865717 2492.4160598926246 29412.303409939632 13034.514345510863 76880.942344572395 12747.454048853368 6195.4268706589937 8193.7799659632146 20082.262744119391 63593.462884825654 8296.8910935604945 423.9850057028234 135.29651118908077 11.048023157753049 117.735402116552 6171.9395307740197 1023.2366304891184
leaf_count=246120 637892 41018 6566 14850 121786 823279 1208 34583 1772 25715 190775 124902 13825 2295 8437 173108 65824 446034 82549 27910 57288 157686 936646 168060 22488 6199 200 2434 46854 16431
internal_value=0.00903081 -0.0304715 -0.032335 -0.0275954 0.0432532 -0.0362955 -0.0120629 -0.0102381 -0.0313851 -0.0250297 -0.00646929 -0.0140378 -0.0155822 0.051019 -0.0125763 -0.00748607 -0.0371522 -0.0471928 -0.0485585 -0.0294261 0.00379405 -0.0188162 -0.0329536 -0.00569137 0.0978727 0.234116 0.141729 0.343651 0.0237387 -0.0454208
internal_weight=899776 417668 404362 306605 482107 196518 110087 107315 150602 103682 31011.4 96524 94291 2233.02 90579.8 75052.8 15526.9 97756.8 95823.8 18942.9 37606.1 37446.8 72671 9077.56 780.666 356.681 264.08 128.783 10791.4 46919.4
internal_count=4504734 4136828 4095810 3532751 367906 2831891 700860 686010 2193999 1354289 216490 604573 601070 3503 587245 512984 74261 563059 556493 110459 230396 282588 1137799 201153 33093 10605 8833 2634 81437 839710
cat_boundaries=0 1 2 3 4 5 6 7 8 9 10 11 12 13 14 15 16 17 18 19
cat_threshold=2 1 128 300 20 34 96 4 9 16 641 6 512 38 23 4 1 40 19
is_linear=0
shrinkage=0.08


Tree=34
num_leaves=31
num_cat=15
split_feature=47 46 47 35 32 44 44 3 44 36 46 3 2 44 3 32 3 37 3 37 16 7 39 2 3 37 44 3 13 20
split_gain=166014 6016.85 4991.66 3951.25 3856.81 2394.97 2340.5 3038.36 2169.79 1978.11 1759.95 2686.62 1921.75 1636.72 1552.47 1479.59 1431.61 1296.92 1279.11 1299.04 1141.66 1168.01 1140.55 1067.6 1047.53 1011.13 1114.64 1128.58 1302.83 1353.3
threshold=0 1 2 3 -77.079998016357408 4 5 19.105000495910648 6 7 8 35.345001220703132 inf 9 491.38499450683599 -8.6149997711181623 1.0000000180025095e-35 10 807.77999877929699 11 1.0000000180025095e-35 -1.0000000180025095e-35 12 1.5000000000000002 572.31500244140636 13 14 491.38499450683599 1.0000000180025095e-35 6.5000000000000009
decision_type=1 1 1 1 10 9 9 8 9 9 1 10 8 9 8 8 10 1 8 1 2 2 9 8 10 1 9 10 2 2
left_child=4 2 6 8 10 -3 7 -2 15 18 -1 12 -12 24 -9 -4 -17 -18 20 -20 -8 -22 -16 25 -7 -5 -27 -28 -29 -30
right_child=1 5 3 23 -6 13 9 14 -10 -11 11 -13 -14 -15 22 16 17 -19 19 -21 21 -23 -24 -25 -26 26 27 28 29 -31
leaf_value=0.032173137757023955 -0.052623690276446887 0.059246079027609005 0.034602261671897623 -0.049497006294230816 0.045898021492088555 -0.0036089424925996611 -0.039498327468259459 -0.0097348103527056182 0.0028302174523619338 -0.057158551858518987 -0.10468615089835824 0.036654543424327106 0.0067126099973461532 -0.09218307141973528 -0.037207108274807166 0.10745568066693206 -0.041106584113095618 -0.022928520472570785 0.11141540629350027 -0.04506882112504601 1.1070350520543346 -0.020536755724459527 0.065556460684707857 -0.035580587214769491 0.095848706056817487 0.011958563126385215 0.040197310177913337 0.36767214579976165 0.045650199207830665 0.60102436674551474
leaf_weight=122397.72757499618 9729.4821338541806 6469.7982314284891 2286.3954290896654 1518.9420506190509 337835.65618914738 5163.2453415226191 158917.79262099043 15702.541056949645 15725.152766982093 35632.396333348006 2149.3835027841851 4543.5486495075747 1839.1294463383965 1222.8461627895012 867.51501852273941 479.37809446826577 45787.494841289707 55908.635742073879 740.19499091617763 614.71588301518932 5.8809891706332555 22487.781833079644 3401.3955367328599 3174.7216060180217 780.15740683302283 21661.395699346438 1816.2668716907501 155.45529224909842 339.07013428211212 30.615925202146173
leaf_count=113771 58210 15781 8429 25177 240247 9679 2325399 71807 54742 245865 5934 4100 2362 14335 4149 302 322280 426235 8761 13050 46 383043 31458 12917 1420 98014 1997 667 2274 148
internal_value=0.00884832 -0.0282907 -0.0300855 -0.0185053 0.0413806 0.0239606 -0.0370347 -0.0159644 -0.0248723 -0.0399001 0.0297243 -0.00540592 -0.0533195 -0.00789569 0.00189493 -0.0290449 -0.0304691 -0.0311193 -0.0365303 0.040909 -0.0371107 -0.020242 0.0446732 0.00816707 0.00944631 0.0136122 0.0176191 0.0700626 0.173355 0.0916441
internal_weight=879385 410619 396983 148884 468765 13636 248100 29700.9 120187 218399 130930 8532.06 3988.51 7166.25 19971.5 104462 102176 101696 182766 1354.91 181411 22493.7 4268.91 28696.5 5943.4 25521.7 24002.8 2341.41 525.141 369.686
internal_count=4502599 4136185 4094970 953182 366414 41215 3141788 165624 811988 2976164 126167 12396 8296 25434 107414 757246 748817 748515 2730299 21811 2708488 383089 35607 141194 11099 128277 103100 5086 3089 2422
cat_boundaries=0 1 2 3 4 5 6 7 8 9 10 11 12 13 14 15
cat_threshold=2 1 4 32 2 1 2 192 1 1 20 5 2 16 2
is_linear=0
shrinkage=0.08


Tree=35
num_leaves=31
num_cat=14
split_feature=47 38 46 36 32 3 37 32 47 35 44 3 27 48 15 43 41 2 3 7 34 7 16 46 3 41 18 7 17 18
split_gain=146985 5947.4 4060.01 3260.64 3105.86 2772.02 2757.71 2216.02 2071.52 1805.85 1591.09 1569.15 1568.99 1551.71 1506.27 1494.56 1702.44 2228.88 1322.48 1698.65 1490.06 3563.43 3479.98 1284.95 1644.05 1277.43 1270.95 1483.17 1830.73 2697.54
threshold=0 1 2 3 -77.079998016357408 491.38499450683599 4 -6.8849999904632559 5 6 7 9.9849996566772479 7.5000000000000009 8 1.0000000180025095e-35 9 10 inf 781.20001220703136 66.774993896484389 11 42.50000190734864 1.0000000180025095e-35 12 60.23500061035157 13 541.54998779296886 596.82501220703136 5.5000000000000009 440.07498168945318
decision_type=1 1 1 9 10 10 1 8 1 1 9 10 8 9 2 9 9 8 8 2 1 2 2 1 10 9 2 2 2 2
left_child=4 3 6 11 23 15 7 26 12 -10 13 -2 -9 -11 -12 -5 -17 -18 -14 20 21 22 -20 -1 -25 -13 27 -3 -29 -30
right_child=1 2 -4 5 -6 -7 -8 8 9 10 14 25 18 -15 -16 16 17 -19 19 -21 -22 -23 -24 24 -26 -27 -28 28 29 -31
leaf_value=0.030880068730173613 0.09759503440423245 0.046303559581203801 0.019755207051697098 -0.069034738827378261 0.043351727950851363 0.076888544079807525 -0.047382927154032146 0.11668737480541122 0.03392925521075324 -0.030051839461334114 0.004205931893973008 -0.043176744621788776 -0.039107616448479599 0.1546788019781847 0.27944901110029541 0.0383055038500935 -0.0038394331786409806 -0.068569190594874818 -0.094446222980170177 -0.034327294913032942 0.076319665744170082 1.4548501179355744 1.0129301354125746 -0.031404396059058044 0.038013985332746539 -0.013203477872161525 -0.013079332137889095 0.077116500665625559 1.5270394942370686 -0.10396092240220794
leaf_weight=121243.63769529853 600.57983431965113 2744.3117181723937 8850.7156325373799 2303.0261562038213 326137.54934007023 2691.8646126110107 83771.860979586374 419.97610483877361 3789.1325703710318 46838.884067846462 8600.5524540618062 26008.257751215249 119565.42427314911 292.83286288753152 129.15894941240549 5684.5758302239701 65481.376351850107 3591.2637651860714 62.143406636081636 814.91158325877041 460.05183620657772 18.354976356960833 25.662170843221247 4935.5372171541676 3915.7914154836908 14041.341298386455 4520.6327698342502 39.722308221273124 17.530269556678835 10.304965802468358
leaf_count=114152 807 29110 31890 10257 240584 25614 934520 4750 8074 421529 31741 132146 1922955 1405 597 22562 388486 12778 1686 19796 7179 192 130 8971 3469 57315 72215 564 194 216
internal_value=0.00811837 -0.0271919 -0.0335665 -0.0123121 0.0391829 -0.00291158 -0.035302 -0.0299247 -0.0316728 -0.0194656 -0.0230893 -0.0307499 -0.0376725 -0.0289041 0.00827824 -0.00569953 -0.00373864 -0.00720386 -0.0382085 0.0396264 0.146063 0.403136 0.229197 0.0287319 -0.000693989 -0.0326822 0.0131887 0.0554196 0.425731 0.923222
internal_weight=857607 401374 280972 120402 456233 79752.1 272121 188350 181017 59650.6 55861.4 40650.2 121367 47131.7 8729.71 77060.2 74757.2 69072.6 120947 1381.12 566.212 106.161 87.8056 130095 8851.33 40049.6 7332.5 2811.87 67.5575 27.8352
internal_count=4505884 4138708 3488743 649965 367176 459697 3456853 2522333 2420034 463346 455272 190268 1956688 422934 32338 434083 423826 401264 1951938 28983 9187 2008 1816 126592 12440 189461 102299 30084 974 410
cat_boundaries=0 1 2 3 4 5 6 7 8 9 10 11 12 13 14
cat_threshold=2 659 1 90 105 4 8 2 1 34 20 16 1 35
is_linear=0
shrinkage=0.08


Tree=36
num_leaves=31
num_cat=19
split_feature=47 46 38 32 44 45 44 5 32 32 45 32 44 47 41 46 44 33 4 44 1 38 40 45 34 38 47 27 27 32
split_gain=126910 4338.92 3825.65 2867.75 2569.53 2019.38 2361.96 2176.89 1715.02 1511.7 1505.51 1569.82 1426.88 1286.7 1268.89 1231.7 1516.8 1218.7 1201.29 1166.57 1096.99 1084.16 1174.67 1073.34 1483.54 1441.65 1295.48 957.815 939.121 881.87
threshold=0 1 2 inf 3 4 5 2.5000000000000004 3.0249999761581425 -16.345000267028805 6 -6.8849999904632559 7 8 9 10 11 1.0000000180025095e-35 50.500000000000007 12 1.0000000180025095e-35 13 14 15 16 17 18 5.5000000000000009 2.5000000000000004 -1.6050000190734861
decision_type=1 1 1 8 9 9 9 2 8 8 9 8 9 1 9 1 9 2 8 9 2 1 1 9 1 1 1 8 8 10
left_child=3 2 4 20 8 6 -4 9 23 -7 11 14 -3 28 -6 -5 -17 27 29 -14 -1 -20 -23 24 25 -2 -25 -13 -9 -11
right_child=1 12 5 15 10 7 -8 13 -10 18 -12 17 19 -15 -16 16 -18 -19 21 -21 -22 22 -24 26 -26 -27 -28 -29 -30 -31
leaf_value=0.038093386592108258 -0.020046784057378253 0.046564394563000981 -0.017726068097249498 0.028542690210213689 -0.042414267787557275 0.045950720077631832 0.060492120265386883 0.26294546365732069 0.0072076899730863613 -0.024237353695691431 -0.05576414153768549 0.13040141974013017 0.0088848282244731458 0.016232761815647673 0.031229688703649349 -0.035912906807072952 0.036440100770401565 0.022654820329610633 0.014724677584685731 -0.07802171743750537 0.048743738401545063 -0.051317256428948486 -0.014482251692720416 -0.048300445813005154 0.011427165710563923 0.51339978606615611 -0.004093821165600647 -0.037896845616540255 -0.015646411482906925 -0.041680358731322906
leaf_weight=236668.42761655618 60.965138822793961 6358.9702387917787 5602.5410083625466 114805.36458405713 2377.4984217477031 1863.1902609346434 4420.1332371234894 77.698531689122319 14090.628454217687 37571.642321972176 26396.446838411503 216.74948172457516 5954.8794230520725 13608.614909861237 4006.6086661885493 4310.2020678641275 3254.5825048848055 2177.7484663659707 6256.1363344695419 1185.2804463747889 83814.073917046189 6792.1379519477487 30066.669159925543 12850.203014341183 1076.7366582341492 72.654210485517979 6333.8187074977905 143454.3737278888 23258.683528813533 36639.687817932107
leaf_count=189109 323 15794 33333 110518 49040 6351 6103 207 74362 235324 480890 2267 11231 55949 52526 8065 2860 31036 24750 14165 56557 32586 170405 86108 10694 170 24763 2273072 185947 260068
internal_value=0.00753953 -0.0255655 -0.0271518 0.0369007 -0.0342468 -0.0180485 0.0167525 -0.0202834 -0.0142557 -0.0255438 -0.0381081 -0.0350407 0.0190036 -0.00331788 0.0037865 0.0264824 -0.00478461 -0.0367426 -0.0266792 -0.00554183 0.0408787 -0.0160589 -0.0212821 -0.029085 0.0437826 0.285561 -0.0336876 -0.0376429 -0.0147188 -0.0328493
internal_weight=835623 392771 379272 442853 213114 166157 10022.7 156134 34485 119189 178629 152233 13499.1 36945 6384.11 122370 7564.78 145849 117326 7140.16 320483 43114.9 36858.8 20394.4 1210.36 133.619 19184 143671 23336.4 74211.3
internal_count=4504573 4137464 4096274 367109 3085251 1011023 39436 971587 196420 729484 2888831 2407941 41190 242103 101566 121443 10925 2306375 723133 25396 245666 227741 202991 122058 11187 493 110871 2275339 186154 495392
cat_boundaries=0 1 2 3 4 5 6 7 8 9 10 11 12 13 14 15 16 17 18 19
cat_threshold=2 1 300 1 8 2 13 2 4 21 1 1 1 512 1 2 4 12 4
is_linear=0
shrinkage=0.08


Tree=37
num_leaves=31
num_cat=15
split_feature=47 47 1 42 44 31 25 3 3 4 42 27 3 46 36 44 34 46 3 2 3 2 36 34 43 1 3 36 45 4
split_gain=108698 4111.13 3510.1 2700.19 1757.65 1757.39 1746.38 1688.24 1680.81 1665.77 1511.09 1473.17 1347.57 1220.18 1153.56 1252.94 1150.68 1129.78 2215.55 1612.37 1131.19 1103.59 1113.27 1172.06 1059.99 1050.28 1039.37 1009.03 1343.13 998.624
threshold=0 1 1.5000000000000002 2 3 1.0000000180025095e-35 2.5000000000000004 38.255001068115241 650.06500244140636 29.500000000000004 4 2.5000000000000004 inf 5 6 7 8 9 35.345001220703132 inf 18.605000495910648 inf 10 11 12 1.0000000180025095e-35 346.78500366210943 13 14 34.500000000000007
decision_type=1 1 2 9 9 8 10 8 8 8 9 8 8 1 9 9 1 1 10 8 8 8 9 1 9 2 8 9 9 8
left_child=5 3 6 14 7 17 8 -5 9 21 29 -6 13 27 24 -16 -9 25 19 20 -19 22 -3 -24 26 -1 -2 28 -13 -11
right_child=1 2 -4 4 11 -7 -8 16 -10 10 -12 12 -14 -15 15 -17 -18 18 -20 -21 -22 -23 23 -25 -26 -27 -28 -29 -30 -31
leaf_value=0.035429002196087363 0.12015769188601455 -0.045070011580227713 0.030099391006141517 -0.039895560282118686 0.14349023659222213 0.024430938885271418 0.10452149891056425 0.013198079449050682 0.038903401094453588 0.15622292402288501 -0.014767097254949065 -0.031294595220837877 0.10818050427049951 0.0070552019114484025 -0.054898975073068422 0.087882357498281896 -0.028738072814799294 -0.24572216251417348 0.036909505638206171 0.021978030065491868 -0.067998997608097786 -0.084957684676579368 -0.013102514329127655 -0.036050490924156887 0.02674130645614501 0.045658198439009229 -0.04653356781583181 -0.050316259268660825 -0.052819141072655944 0.01455652592184771
leaf_weight=250436.11590108648 265.43318325467408 13659.567665427923 11089.844472488388 10677.968589156866 294.7162006823346 84731.465162344743 756.2819189094007 13075.070743314922 3311.9376907264814 328.02175760269165 37338.390014440753 136986.87918937206 416.82287533953786 4156.5834034821019 3213.1858826931566 448.20443739369512 6148.3206292735413 269.92276349756867 6427.9882605378516 1310.8554010963999 1519.5055046230555 1961.6024585142732 47310.226150955074 20399.831232108176 9299.4413079032674 86402.857113246806 2440.9495297633111 29711.353265225887 21517.730425524525 10919.165528774261
leaf_count=208668 4129 71960 24209 66679 1443 85380 2725 44947 28552 1360 194304 2113477 413 20102 22597 930 50094 1177 5483 1449 3693 6975 334680 247645 164607 61393 73478 223454 387642 50889
internal_value=0.00715312 -0.0236989 -0.0131782 -0.0301825 -0.0324374 0.0347581 -0.0167076 -0.0143901 -0.0173856 -0.0187988 -0.00702549 -0.0352339 -0.0355071 -0.0358184 0.00192911 -0.0373187 -0.00022267 0.0372845 0.0101186 -0.0454284 -0.0948073 -0.0256631 -0.0242337 -0.0200206 0.0139195 0.0380529 -0.0300739 -0.0367652 -0.0342198 0.0186716
internal_weight=816826 385728 147075 238653 222985 431099 135985 29901.4 135229 131917 48585.6 193084 192789 192373 15667.2 3661.39 19223.4 346367 9528.27 3100.28 1789.43 83331.2 81369.6 67710.1 12005.8 336839 2706.38 188216 158505 11247.2
internal_count=4504534 4137291 963299 3173992 2908251 367243 939090 161720 936365 907813 246553 2746531 2745088 2744675 265741 23527 95041 281863 11802 6319 4870 661260 654285 582325 242214 270061 77607 2724573 2501119 52249
cat_boundaries=0 1 2 3 4 5 6 7 8 9 10 11 12 13 14 15
cat_threshold=2 4 1 1 18 1 128 2 30 1 88 23 34 224 13
is_linear=0
shrinkage=0.08


Tree=38
num_leaves=31
num_cat=22
split_feature=47 47 37 42 39 46 45 45 34 40 36 1 34 27 36 18 40 37 46 34 37 18 18 41 41 17 37 36 31 31
split_gain=94630.4 4125.77 3112.55 2419.76 2350.69 1576.75 2513.47 1530.91 1431.5 1714.17 1422.84 1376.41 1363.44 1332.2 1247.45 1197.34 1432.01 1186.91 1219.9 1162.36 1151.7 1116.64 1095.86 1124.39 997.956 930.524 1008.21 917.925 907.331 877.897
threshold=0 1 2 3 4 5 6 7 8 9 10 1.0000000180025095e-35 11 5.5000000000000009 12 9730.8193359375018 13 14 15 16 17 8849.6406250000018 2211.075073242188 18 19 14.500000000000002 20 21 1.0000000180025095e-35 inf
decision_type=1 1 1 9 9 1 9 9 1 1 9 2 1 8 9 2 1 1 1 1 1 2 2 9 9 2 1 9 10 8
left_child=5 3 14 19 -4 10 -7 12 -6 28 11 -1 25 -9 -3 16 22 -15 27 20 21 -2 23 -16 -8 26 -5 -19 -10 -12
right_child=1 2 4 7 8 6 24 13 9 -11 29 -13 -14 17 15 -17 -18 18 -20 -21 -22 -23 -24 -25 -26 -27 -28 -29 -30 -31
leaf_value=0.033877785198779563 0.044213842882770388 -0.027179058251774899 0.022697698198857547 0.044427570277315268 -0.041372131822821546 0.036257742428151336 0.0013440563412042625 0.096679496228971179 -0.058038943894345156 -0.013197781002390588 0.029546473804379008 0.04643579960708747 -0.033670832516517632 -0.052789956903231822 -0.0097036497298760779 -0.064096794633815693 -0.015953243479827892 -0.029048684622792042 0.0089512167337153035 -0.022027741034965978 0.00023468665288133649 0.1970807393726085 0.072866716725244127 0.028823766049874276 -0.06206095823776555 -0.062130701508762542 -0.0045015259375469161 -0.042914161092511477 0.11508506011941438 0.010560403969086708
leaf_weight=231553.36918665003 2666.9558993503451 5817.0827001929283 8120.7868603207171 4189.7378156092018 19670.017608646303 8382.4120406727307 3175.8821687549353 507.14225475443527 7328.859652926214 68884.263862425461 84610.231273986399 73616.885912491474 9505.6811585407704 17919.616505596321 6588.4362085107714 1253.7725985217839 7326.5123704764992 132572.07161562843 4722.9981940258294 7062.8096368634142 5596.779453964904 345.43053730484098 2638.1226193290204 18330.955672459677 3177.3563231560402 1158.3790918793529 7524.6711934888735 39882.808269158006 199.00621129572392 19106.407987385523
leaf_count=200250 36009 24679 15436 23204 200815 7229 4434 3608 38042 475117 74455 52731 133969 348941 42727 10716 22354 2049349 18968 174051 51477 3053 18858 113609 6955 13554 45071 272737 368 21742
internal_value=0.00722926 -0.0217665 -0.0112242 -0.028361 -0.018631 0.0332264 0.00751657 -0.0305432 -0.022126 -0.017164 0.0341529 0.036906 -0.0107066 -0.032812 0.00717455 0.0127104 0.0154746 -0.0331502 -0.0311592 0.00200943 0.0217318 0.0615388 0.0238272 0.0186452 -0.0304135 0.00626384 0.0130324 -0.0322595 -0.0533913 0.0260464
internal_weight=803435 379813 146158 233655 104203 423623 14735.7 217983 96082.1 76412.1 408887 305170 22378.5 195605 41954.9 36137.8 34884 195097 177178 15672 8609.17 3012.39 27557.5 24919.4 6353.24 12872.8 11714.4 172455 7527.87 103717
internal_count=4504508 4136712 962721 3173991 729778 367796 18618 2909401 714342 513527 349178 252981 215798 2693603 232943 208264 197548 2689995 2341054 264590 90539 39062 175194 156336 11389 81829 68275 2322086 38410 96197
cat_boundaries=0 1 2 3 4 5 6 7 8 9 10 11 12 13 14 15 16 17 18 19 20 21 22
cat_threshold=2 4 98 1 1 1 5 8 80 8 128 14 73 6 18 1 15 75 2 38 98 128
is_linear=0
shrinkage=0.08


Tree=39
num_leaves=31
num_cat=20
split_feature=47 38 44 46 36 34 42 38 4 31 45 27 34 36 12 44 6 48 12 7 38 45 34 42 6 43 45 47 26 5
split_gain=82607 3691.07 2965.65 2276.61 1947.44 1928.97 1821.63 2218.35 1702.31 1694.54 1477.83 1469.44 1413.48 1429.31 1399.68 1338.91 1328.98 1294.36 1672.75 1355.27 1256.19 1239.1 1218.91 1340.99 1152.57 1143.75 1061.18 1051.02 1126.49 1024.37
threshold=0 1 2 3 4 5 6 7 6.5000000000000009 1.0000000180025095e-35 8 5.5000000000000009 9 10 160.00000762939456 11 398.50001525878912 12 357.02499389648443 170.00000762939456 13 14 15 16 3122.9499511718755 17 18 19 9.5000000000000018 5.5000000000000009
decision_type=1 1 9 1 9 1 9 1 10 8 9 8 1 9 2 9 2 9 2 2 1 9 1 9 2 9 9 1 8 2
left_child=9 4 22 6 -2 8 7 16 25 20 14 -8 -9 17 -7 -5 21 27 19 -19 -1 -4 26 -24 29 -6 -3 -14 -29 -18
right_child=1 2 3 15 5 10 11 12 -10 -11 -12 -13 13 -15 -16 -17 24 18 -20 -21 -22 -23 23 -25 -26 -27 -28 28 -30 -31
leaf_value=0.037950309355934339 -0.046528682260262987 -0.012246374576707259 0.019114616185571136 0.042816154276104829 -0.056360475774844876 -0.011497046913392529 0.1632089285042401 -0.052506528454235986 -0.019656083101967231 0.020755048925366251 -0.025337796583002229 -0.037791556907798438 -0.029331103191927388 -0.05140039226966156 0.025713899811337055 -0.060800164714426841 -0.0071549030453413398 0.21114762332179571 -0.045321820684162399 0.80382230816446287 0.02798199358738521 -0.023649596873771828 0.049596764896411002 -0.023945015413280236 -0.047600057750088409 0.034991272754962818 0.023978090327128491 0.18749548166941746 -0.0066703968286132009 0.039181946096182821
leaf_weight=187391.86119973054 6892.2598148416728 9273.1107633840293 4933.8320684344508 4285.964106968604 920.02578434161842 18204.38418561127 233.27865268755704 16901.260420791339 5950.7647696686909 81470.894640793093 23784.410502233543 108096.81809036713 33897.096440614667 11805.489586355165 10036.04330153903 980.77136311028153 5437.988903073594 112.06329140998423 142.10213521914557 31.67166022118181 143075.10395340854 35529.081929646898 1703.1870347931981 21746.905195408501 1929.7271646847948 16117.690252424218 11692.343376826495 193.62676214799285 15461.358271732926 6963.235391178634
leaf_count=151935 35053 46845 46779 12060 3923 94978 815 444934 32704 85325 136811 1196112 965858 104817 55699 13168 57843 836 2907 253 130187 351563 11560 137658 22603 73200 26171 439 192670 68680
internal_value=0.00638886 -0.0208709 -0.0250887 -0.0285126 -0.00586383 -0.00212182 -0.0296466 -0.0233792 0.0171726 0.0310889 -0.0106492 -0.0373553 -0.0319989 -0.0263685 0.00172632 0.0235207 -0.0110196 -0.0204299 0.149316 0.341742 0.0336365 -0.0184363 -0.00605836 -0.0185848 0.00991349 0.0300458 0.00795765 -0.0214132 -0.00426888 0.018863
internal_weight=785194 373256 291351 246935 81905.6 75013.3 241669 133339 22988.5 411938 52024.8 108330 78544.7 61643.4 28240.4 5266.74 54793.9 49837.9 285.837 143.735 330467 40462.9 44415.5 23450.1 14331 17037.7 20965.5 49552.1 15655 12401.2
internal_count=4504386 4136939 3704571 3482337 432368 397315 3457109 2260182 109827 367447 287488 1196927 1712714 1267780 150677 25228 547468 1162963 3996 1089 282122 398342 222234 149218 149126 77123 73016 1158967 193109 126523
cat_boundaries=0 1 2 3 4 5 6 7 8 9 10 11 12 13 14 15 16 17 18 19 20
cat_threshold=2 643 1 1 24 100 25 84 11 64 128 2 1 300 40 15 1 34 32 4
is_linear=0
shrinkage=0.08


Tree=40
num_leaves=31
num_cat=12
split_feature=47 38 37 44 38 32 40 36 32 3 32 2 34 36 41 4 18 3 3 3 17 36 45 24 31 17 12 31 4 13
split_gain=67940.8 4142.48 3395.35 2808.6 2580.84 2579.2 1989.01 2071.3 1980.66 1957.96 1668.51 1655.17 2341.55 1863.65 1775.09 1581.52 1504.25 1395.59 1372.37 1356.28 1283.82 1269.3 1247.61 1239.41 1215.69 1144.78 1192.2 1134.93 1091.51 1059.92
threshold=0 1 2 3 4 inf 5 6 -16.345000267028805 542.27001953125011 -3.3950001001358028 inf 7 8 9 1.5000000000000002 2961.724975585938 503.63999938964849 75.165000915527358 491.38499450683599 42.500000000000007 10 11 6.5000000000000009 1.0000000180025095e-35 15.500000000000002 686.54998779296886 1.0000000180025095e-35 11.500000000000002 5150.8498535156259
decision_type=1 1 1 9 1 8 1 9 8 8 8 8 1 9 9 10 2 10 10 8 2 9 9 2 10 2 2 10 8 2
left_child=5 8 3 9 6 -1 7 28 -2 21 -9 13 14 16 -13 19 22 -12 -14 -6 -20 -3 -10 -17 29 -25 -27 -15 -5 -4
right_child=1 2 24 4 15 -7 -8 10 11 -11 17 12 18 27 -16 23 -18 -19 20 -21 -22 -23 -24 25 -26 26 -28 -29 -30 -31
leaf_value=0.033316170939977269 0.077883540642210147 0.091225494375164792 -0.037759298567145154 -0.049765402999054853 -0.037706870475414267 0.019074807929675464 -0.047973906367944096 0.043549260054046704 0.045460857958255739 0.058759921410985919 -0.0067882918924685844 0.10426140772712952 -0.0097464107224837365 -0.022370998491205371 -0.076137493322822006 0.012527792992459388 0.073608827588465375 0.053956000829805 -0.09973991970029214 -0.0089979673751321172 0.17072618739905129 -0.0054656827653485852 0.00095358589211635828 -0.090362902540126314 0.02917669112038352 1.1264380941109147 0.23530946624634133 0.074615052750844277 -0.0030865405655143945 0.03579283345313674
leaf_weight=289499.7066210052 1917.1517984988168 889.21098949760199 89289.342048763297 9250.4315669685602 67211.062034042552 113217.92458245112 8134.933359015733 5261.9629961000755 4437.4032999034971 3858.9269866924733 48571.479979879223 1068.897582937032 1984.414161529392 23072.758179403841 508.90331267751753 4004.6258990960196 2145.1982618020847 2547.5811886237934 3741.2205354422331 12488.571438003331 115.79702761024237 25775.108846224844 43056.574951657094 21.497808647342026 1827.5385485393927 17.50802553538233 21.295025025494397 798.942836150527 4906.5705407038331 1271.7641791077331
leaf_count=245810 4253 1737 1018688 66838 1111401 121512 59837 63883 15743 21461 531570 689 5365 114679 1947 65396 12577 54993 15734 546068 87 108753 260790 381 8182 51 168 1339 31097 13803
internal_value=0.00660375 -0.018234 -0.0228059 -0.0167654 -0.0209501 0.0293124 -0.0105403 -0.00621706 -0.00248401 0.00549902 0.000654262 -0.00438814 -0.0404005 -0.000753514 0.0459626 -0.0307221 0.00807981 -0.00376103 -0.0636973 -0.0332083 -0.0916199 -0.00220903 0.00512171 0.0179485 -0.0354189 0.377939 0.637389 -0.019117 -0.0335636 -0.0367264
internal_weight=770914 368197 285349 192961 162438 402718 78673 70538 82847.3 30523.2 56381 80930.1 7419.23 73510.9 1577.8 83764.6 49639.2 51119.1 5841.43 79699.6 3857.02 26664.3 47494 4064.93 92388.6 60.3009 38.8031 23871.7 14157 90561.1
internal_count=4504832 4137510 3704307 2663634 2531683 367322 808218 748381 433203 131951 650446 428950 23822 405128 2636 1723465 289110 586563 21186 1657469 15821 110490 276533 65996 1040673 600 219 116018 97935 1032491
cat_boundaries=0 1 2 3 4 5 6 7 8 9 10 11 12
cat_threshold=2 643 105 1 336 6 106 48 161 16 51 10
is_linear=0
shrinkage=0.08


Tree=41
num_leaves=31
num_cat=11
split_feature=47 47 35 36 37 19 3 18 2 42 6 8 37 12 0 3 12 1 43 6 6 19 18 49 2 12 4 40 3 45
split_gain=60647.5 3173.37 2576.89 1815.81 1760.34 1524.92 1540.62 1427.84 1434.6 1353.98 1612.18 1933.04 1247.1 1235.69 1210.74 1168.52 1147.2 1109.02 2054.26 1920.1 3074.22 1619.9 1019.72 1468.79 1017.47 992.978 1256.48 969.826 917.852 1641.48
threshold=0 1 2 3 4 3175.3798828125005 477.54499816894537 623.57498168945324 inf 5 464.27502441406256 1.0000000180025095e-35 6 1090.5500488281252 1.5000000000000002 807.77999877929699 473.02499389648443 3.5000000000000004 7 216.00000762939456 197.95000457763675 1479.9749755859377 467.52499389648443 8 1.5000000000000002 728.27502441406261 1.5000000000000002 9 9.4849996566772479 10
decision_type=1 1 1 9 1 2 8 2 8 9 2 2 1 2 2 8 2 2 9 2 2 2 2 9 8 2 10 1 10 9
left_child=7 4 3 -3 5 6 9 8 28 10 -2 13 -5 16 15 27 -12 -11 19 20 21 25 23 -8 -4 26 -19 -6 29 -1
right_child=1 2 24 12 14 -7 22 -9 -10 17 11 -13 -14 -15 -16 -17 -18 18 -20 -21 -22 -23 -24 -25 -26 -27 -28 -29 -30 -31
leaf_value=0.01464900208208178 -0.014892175079033008 -0.038338435140666059 0.018167840713004594 -0.053633923532066537 -0.0067436313825013005 -0.056063526438195725 1.4627786182939264 0.035506124393730389 -0.0055664677883958081 -0.025518815793022506 0.34763213960105077 -0.047318122513372619 -0.0075813919638627351 0.09960044371425332 -0.04376914858037835 0.11560118247508315 0.0047372618795094284 -0.099047153184593867 0.0021793118067390234 -0.032379409360061354 1.6180387765361084 1.2780538108903767 -0.011100248235475386 0.024845585934528357 -0.0304128659184329 0.67496815297173518 0.42301949706278569 -0.033943989561615755 0.026754896328916894 -0.080649044151607757
leaf_weight=9061.4955789623782 17787.834349343553 16295.855372112244 26096.294856177643 3914.3613675776869 12620.139885013923 6565.7604613085277 4.5488684261217713 110100.77104104147 9633.2011323554907 94452.48569910368 64.405756669119 1435.1544040367007 92213.78480518423 2333.5391727499664 36959.014836385846 382.90116127580404 2051.0716960635036 63.617513347417116 1825.3628367520869 101.00410468503833 12.456597989425061 10.379015607759355 11801.77391263051 8181.9270865106955 3085.3650679951534 27.709541076794267 55.021804891526699 25123.624517652206 265067.77375427587 1315.8581727845594
leaf_count=9852 235053 89598 130368 75256 102885 157686 55 91918 16785 1248858 457 20602 654095 27444 487909 282 27977 1105 18677 1761 65 129 383578 197476 13139 134 409 262814 245288 3363
internal_value=0.00607568 -0.0175097 -0.00815311 -0.0136507 -0.0234817 -0.0183803 -0.0166169 0.0277683 0.0247798 -0.0200363 -0.00288324 0.0334149 -0.00946205 0.0594575 -0.0334468 -0.0234493 0.0151767 -0.0242392 0.0333214 0.234938 0.408415 0.312275 0.00394913 0.0256446 0.013027 0.243782 0.143074 -0.02486 0.0258412 0.00250152
internal_weight=758644 363465 141606 112424 221860 146774 140208 395179 285078 120220 23672 5884.17 96128.1 4449.02 75085.7 38126.7 2115.48 96548 2095.55 270.189 169.184 156.728 19988.2 8186.48 29181.7 146.349 118.639 37743.8 275445 10377.4
internal_count=4505018 4137812 962456 818949 3175356 2321466 2163780 367206 275288 1582671 311533 76480 729351 55878 853890 365981 28434 1271138 22280 3603 1842 1777 581109 197531 143507 1648 1514 365699 258503 13215
cat_boundaries=0 1 2 3 4 5 6 7 8 9 10 11
cat_threshold=2 4 32 104 105 17 16 4 2 12 37
is_linear=0
shrinkage=0.08


Tree=42
num_leaves=31
num_cat=11
split_feature=2 32 34 32 4 41 4 34 41 12 41 34 22 39 7 41 32 19 35 34 34 12 17 33 31 7 25 19 4 5
split_gain=1965.04 1238.86 1219.52 1065.64 960.658 890.546 925.714 899.753 873.273 691.014 663.998 645.267 895.684 1216.19 828.611 806.634 649.265 623.914 619.617 708.064 632.464 617.898 599.692 597.18 530.732 575.541 611.836 888.611 591.984 579.92
threshold=inf -2.1550000905990596 0 -8.6149997711181623 1.5000000000000002 1 1.5000000000000002 2 3 977.02499389648449 4 5 6.5000000000000009 6 101.40001678466798 7 3.3249999284744267 106.50500106811525 8 9 10 11440.399902343752 101.50000000000001 1.0000000180025095e-35 1.0000000180025095e-35 90.000015258789077 inf 2563.849975585938 2.5000000000000004 18.500000000000004
decision_type=8 8 1 8 10 9 8 1 9 2 9 1 2 9 2 9 10 2 1 1 1 2 2 2 10 2 8 2 10 2
left_child=1 23 10 -4 5 6 18 -8 -6 -5 -2 -7 14 -14 15 -13 -17 -10 20 -20 -3 -22 -18 -1 25 26 27 -19 -27 -30
right_child=2 4 3 9 8 11 7 -9 17 -11 -12 12 13 -15 -16 16 22 24 19 -21 21 -23 -24 -25 -26 28 -28 -29 29 -31
leaf_value=0.013031001062924935 0.030880899875724791 0.021367193978053485 0.031877489510576777 -0.049143069487543087 0.025662436379327535 0.0099860108342084922 -0.031075330833688502 -0.25207557611432047 -0.00053744124370107857 0.016090782337318848 -0.010429168657569425 0.044350719517240129 1.0312173095543304 -0.11737726934346591 -0.011133048519458037 0.0014342390342379548 0.021049332299310976 0.098323465851412287 -0.0064832940101736914 0.0029939414349291187 0.003566490122500997 -0.085744940697436225 0.23428564473992539 0.058910810596378392 0.093422707124098836 0.046500609603528073 0.030020589948664547 0.55389805994387209 -0.0035731010210532828 0.10968326758394405
leaf_weight=114114.60220046528 3467.4851034963503 15919.018196528777 1389.8189679919742 10042.815221549943 24361.408088442869 159870.33016443485 381.95064413268119 167.43190858373418 28611.16585893929 1159.2099773152731 8761.435166623909 3295.1456157448702 12.610658266581595 11.087053255178034 24230.470734117087 74042.633784123696 10296.233456604183 176.84249876625836 99193.250973157119 102661.75710069854 37745.696882177144 502.37150368839502 85.106171207968146 1845.0473985564895 573.8036473095417 1980.2665281109512 6754.7653519310988 32.425683051347733 11585.030379536096 296.76155496947467
leaf_count=832077 5088 99300 2340 30244 104805 740291 1279 1111 110446 3040 24562 4753 44 292 279631 434549 97792 650 540157 767812 301133 5467 219 17483 962 7523 31568 68 59542 1275
internal_value=0.0054242 0.00618845 -0.0167065 -0.0341679 0.0047317 0.00353356 0.000152877 -0.103582 0.0132445 -0.0423925 0.00129988 0.00672406 0.00206631 0.493844 0.0019624 0.00557972 0.00406072 0.00718895 0.000375482 -0.00166334 0.00797205 0.0023928 0.0227974 0.013761 0.0175223 0.0154311 0.0341943 0.168914 0.0060048 -0.000744392
internal_weight=743568 718747 24820.8 12591.8 602788 528415 256571 549.383 74372.5 11202 12228.9 271844 111973 23.6977 111950 87719.1 84424 50011.1 256022 201855 54167.1 38248.1 10381.3 115960 21399.9 20826.1 6964.03 209.268 13862.1 11881.8
internal_count=4505503 4440229 65274 35624 3590669 3273830 1716259 2390 316839 33284 29650 1557571 817280 336 816944 537313 532560 212034 1713869 1307969 405900 306600 98011 849560 101588 100626 32286 718 68340 60817
cat_boundaries=0 1 2 3 4 5 6 7 8 9 10 11
cat_threshold=120 35 22 36 16 15 2 16 24 18 19
is_linear=0
shrinkage=0.08


Tree=43
num_leaves=31
num_cat=11
split_feature=47 32 32 3 47 35 45 12 4 1 46 3 45 32 32 17 6 17 32 46 12 3 46 35 3 20 43 45 32 1
split_gain=55605.3 2974.44 2118.57 2115.41 1931.7 1997.1 1304.37 1125.8 1105.2 913.873 910.892 1082.47 888.634 1069.05 859.115 819.523 1718.86 916.592 816.252 969.659 919.775 831.998 816.044 813.559 781.607 911.935 899.419 745.814 745.516 719.831
threshold=0 -16.345000267028805 -77.079998016357408 inf 1 2 3 4831.2900390625009 21.500000000000004 1.0000000180025095e-35 4 70.915000915527358 5 -1.514999985694885 2.2849999666213994 79.500000000000014 585.52496337890636 16.500000000000004 7.4749999046325692 6 728.27502441406261 19.105000495910648 7 8 57.82500076293946 1.5000000000000002 9 10 -4.0850000381469718 2.5000000000000004
decision_type=1 8 10 8 1 1 9 2 8 2 1 10 9 10 8 2 2 2 8 1 2 10 1 1 10 2 9 9 8 2
left_child=2 7 10 4 6 -6 14 -2 12 -4 -1 -12 -7 -14 -3 17 -17 29 21 -20 -21 -8 -5 -10 25 28 -26 -28 -25 -16
right_child=1 3 9 22 5 8 18 -9 23 -11 11 -13 13 -15 15 16 -18 -19 19 20 -22 -23 -24 24 26 -27 27 -29 -30 -31
leaf_value=0.018497293761763543 0.041751870586605712 -0.023710888524759711 0.02676809585421509 0.10335874971829816 0.021578846083090936 0.0033019102759138637 -0.054396448085111737 -0.054748176389589266 0.019690497763143185 0.037411297913689058 -0.033001698931264249 0.026336935399963263 -0.013557627460473339 -0.03354034933442121 0.0035490893517844124 0.84072884232926381 -0.097343466992523581 -0.059876319396437457 -0.02169716983743351 0.044955258917354586 -0.1133278535147003 -0.028929413782521177 -0.0061612753675795943 0.14355938269283799 -0.059887702627882497 0.45948235777222496 0.018721530754615447 -0.018227142209088162 -0.021381736313780847 0.065657859428661883
leaf_weight=106406.1044939959 6878.4884735797532 12707.846476756036 201652.71099692606 1236.361317768693 10339.193763429299 8621.7154235029593 8875.1925411447883 871.78450850304216 7018.5411104522645 69402.450402556686 4903.2886392646469 3286.1579676354304 32924.910541689023 35727.36856044177 12631.579732562881 22.792788319289684 27.685966685414314 1338.8055055914447 64295.66316946689 2282.1972511652857 261.92520863842219 109547.76449272223 672.12562446016818 176.74351987056434 1350.5720734409988 25.402861982584 11762.167767329141 4965.2236503725871 22728.07300359197 1318.9821820426732
leaf_count=114199 39247 157803 186008 907 23411 60119 78219 6742 20614 54943 9187 3358 280407 334912 138130 118 753 29627 1009284 8056 2798 1703247 1084 222 7902 13 60208 28602 136566 7806
internal_value=0.00455159 -0.0181247 0.0256378 -0.0192076 -0.019667 -0.0122026 -0.0244134 0.0308971 -0.0149906 0.0294932 0.0165186 -0.00919104 -0.0209151 -0.0239534 -0.0083249 0.00441575 0.326226 0.00335327 -0.0268472 -0.0197804 0.0286595 -0.030838 0.0647883 -0.00546149 -0.00976867 -0.0195777 0.00266774 0.00774965 -0.020109 0.00942128
internal_weight=744260 358609 385651 350859 348950 135640 213310 7750.27 125301 271055 114596 8189.45 77274 68652.3 28047.7 15339.8 50.4788 15289.4 185263 66839.8 2544.12 118423 1908.49 48026.7 41008.2 22930.2 18078 16727.4 22904.8 13950.6
internal_count=4504492 4136797 367695 4090808 4088817 952976 3135841 45989 929565 240951 126744 12545 675438 615319 334237 176434 871 175563 2801604 1020138 10854 1781466 1991 254127 233513 136801 96712 88810 136788 145936
cat_boundaries=0 1 2 3 4 5 6 7 8 9 10 11
cat_threshold=2 4 8 10 1 8 1 1 17 35 41
is_linear=0
shrinkage=0.08


Tree=44
num_leaves=31
num_cat=13
split_feature=37 38 40 31 18 3 23 45 38 38 2 38 45 32 11 5 3 3 20 38 6 38 13 37 32 6 2 34 3 45
split_gain=2215.1 1645.98 1360.96 1133.22 1067.73 1047.05 981.952 1180.11 3899.84 968.524 734.771 1101.75 1897.32 979.349 706.222 694.056 1003.81 675.445 822.148 672.673 663.362 709.091 726.252 1489.41 1453.54 809.531 689.88 650.998 983.606 714.185
threshold=0 1 2 1.0000000180025095e-35 1113.3250122070315 261.54499816894537 1.0000000180025095e-35 3 4 5 1.0000000180025095e-35 6 7 -16.345000267028805 29.500000000000004 7.5000000000000009 75.165000915527358 129.27500152587893 1.0000000180025095e-35 8 9462.8852539062518 9 213.0249938964844 10 15.045000076293947 4797.0498046875009 1.5000000000000002 11 383.64500427246099 12
decision_type=1 1 1 10 2 10 2 9 1 1 8 1 9 8 2 2 8 8 2 1 2 1 2 1 10 2 10 1 10 9
left_child=3 2 4 9 5 17 7 8 -3 14 11 12 -11 -12 -1 -15 -17 18 -2 -9 21 22 23 24 25 27 -24 28 29 -6
right_child=1 6 -4 -5 20 -7 -8 19 -10 10 13 -13 -14 15 -16 16 -18 -19 -20 -21 -22 -23 26 -25 -26 -27 -28 -29 -30 -31
leaf_value=-0.015026205492043148 0.015172813814155408 -0.0058587202048900958 -0.0015581220416959955 0.038170905901046936 0.43071714237800118 0.023412709696914492 0.010627681394448371 -0.002685674391149142 -0.12593381741492685 -0.095878720698390887 0.057555354547908215 -1.0047945605358229e-05 0.027610174683603019 -0.012571524843593329 0.096768722051337547 0.230291244234227 0.017579087284407241 0.0023266850354161177 0.48933890251197176 0.0077462022380109198 -0.0078905433670561614 0.024617849356499986 0.029311975147815274 0.038343604564289306 0.70308177764831969 0.56661227335063113 0.10058293528718865 0.0082675198383880648 0.59227338496774939 0.096013871224030115
leaf_weight=40006.258111585397 46657.288219033275 40675.040358437691 34084.307586380281 4385.8513275329024 45.114261999726295 41492.760570814833 98236.294043205446 62366.460234875325 1798.2049755128101 826.53535140026361 1403.3882854422554 94225.463601195253 16809.186986299232 45097.297521510161 364.93916066642851 150.68593518715352 2459.2232712372206 55008.0921950927 23.414619848132133 108163.62901076046 3067.5690174675547 26867.151730397716 5598.0927834548056 928.01852317759767 35.528738390654325 31.617972226813436 1028.988170446828 158.94347515609115 39.236591223627329 247.20189200807363
leaf_count=235079 226968 300974 108831 7659 67 246457 916170 755460 9084 4499 2299 345170 36734 162285 2087 245 8341 267857 78 653311 12083 175372 20162 2602 139 52 3249 731 170 624
internal_value=0.00498116 0.00773133 0.013109 -0.00205807 0.0158674 0.0127029 0.0040108 0.000959307 -0.0109708 -0.00293448 -0.000155352 0.00342592 0.0217716 -0.0083126 -0.0140122 -0.0102502 0.0298603 0.00833294 0.0154107 0.00393111 0.0277804 0.0309086 0.0516477 0.102265 0.20429 0.174261 0.0403782 0.14897 0.209843 0.165689
internal_weight=732282 526553 215313 205729 181229 143182 311240 213003 42473.2 201343 160972 111861 17635.7 49110.6 40371.2 47707.2 2609.91 101689 46680.7 170530 38047.5 34979.9 8112.74 1485.66 557.643 522.114 6627.08 490.496 331.553 292.316
internal_count=4504839 3700441 1065442 804398 956611 741360 2634999 1718829 310058 796739 559573 386403 41233 173170 237166 170871 8586 494903 227046 1408771 215251 203168 27796 4385 1783 1644 23411 1592 861 691
cat_boundaries=0 1 2 3 4 5 6 7 8 9 10 11 12 13
cat_threshold=4 598 6 32 296 292 129 32 32 514 1 6 32
is_linear=0
shrinkage=0.08


Tree=45
num_leaves=31
num_cat=16
split_feature=47 38 37 47 37 32 35 40 40 44 32 34 3 32 45 3 13 11 11 3 37 12 5 45 34 2 34 45 3 12
split_gain=44246.8 3668.78 2683.98 2694.75 2040.58 2000.74 1993.61 1885.42 1447.87 1436.62 1427.41 1311.16 1391.82 1504.46 1175.54 1096.48 1812.99 2879.27 3408.12 1171.95 1199.4 1416.22 1062.2 1053.91 1051.7 1250.52 1044.7 1054.13 993.295 968.545
threshold=0 1 2 3 4 -77.079998016357408 5 6 7 8 -6.1849999427795401 9 86.384998321533217 -3.1350001096725459 10 516.51501464843761 228.05000305175784 26.500000000000004 27.500000000000004 129.27500152587893 11 4066.8249511718755 8.5000000000000018 12 13 1.5000000000000002 14 15 303.88000488281256 348.02499389648443
decision_type=1 1 1 1 1 10 1 1 1 9 10 1 10 10 9 8 2 2 2 8 1 2 2 9 1 10 1 9 10 2
left_child=5 4 11 9 -2 -1 -5 -6 -8 10 -4 12 -3 29 -12 19 17 -17 -19 -10 21 24 -22 -13 25 -21 -9 -28 -23 -14
right_child=1 2 3 6 7 -7 8 26 15 -11 14 23 13 -15 -16 16 -18 18 -20 20 22 28 -24 -25 -26 -27 27 -29 -30 -31
leaf_value=0.01436483177201801 -0.013409866776713306 0.014960239298695069 0.028104753037858043 0.044119212673017244 0.043889057495923735 0.027142848041947189 -0.058829700512849956 0.023210500099119628 0.0089588697748945716 -0.025784671446764898 0.0064656263304949451 -0.013572794409585684 -0.012022611426917063 -0.045311938848581958 -0.042867374813542976 0.085590993612833233 -0.01304677301477807 1.6564319801815603 -0.096467584164136491 0.036646007764416878 -0.014788144206916215 0.45652372363049326 -0.072327048164300092 -0.044119900061588897 -0.067673223331885343 0.29410803759744542 0.059281354164070273 -0.013368703388118306 0.069751528403193694 0.069987498621237126
leaf_weight=111825.04601863539 41780.913292622194 6373.9610676877201 6603.0009396281093 5405.9665756477043 9101.8526026271284 262547.35253996798 3199.0522094573826 10136.37867533043 19897.019991347566 108914.28776860004 6244.044823968783 8552.0822927742265 4207.1613806285895 11465.076033692807 6113.1922267116606 1670.4574406631291 2004.3619149010628 16.267298251390461 12.594885688275097 715.46983681805432 30717.455782990903 88.946723243221641 2200.4340640436858 47808.467468078714 478.15431574732065 145.24983072839677 1363.4916005004197 18471.492880212609 81.373877597972751 1180.1871451889165
leaf_count=126549 212768 42082 25250 9974 40168 240640 17607 54936 105238 2125816 25758 110012 28969 94464 46233 17044 32420 21 281 4344 297808 171 22133 688526 3752 457 4771 120321 377 6493
internal_value=0.00413927 -0.0160975 -0.0205146 -0.0154487 -0.001121 0.0233261 -0.00240494 0.0120195 -0.00651889 -0.0222467 -0.00192367 -0.0328918 -0.0168758 -0.0289268 -0.0179691 -0.00362537 0.0384904 0.099279 0.891501 -0.00649739 -0.0154303 0.0540981 -0.0186287 -0.0394879 0.026816 0.0791739 0.00232983 -0.00834726 0.271736 0.00594305
internal_weight=729321 354948 274094 194507 80854.1 374372 66632.8 39073.2 61226.8 127875 18960.2 79586.9 23226.4 16852.4 12357.2 58027.8 3703.68 1699.32 28.8622 54324.1 34427.1 1509.19 32917.9 56360.5 1338.87 860.72 29971.4 19835 170.321 5387.35
internal_count=4505383 4138194 3705230 2734684 432964 367189 511627 220196 501653 2223057 97241 970546 172008 129926 71991 484046 49766 17346 302 434280 329042 9101 319941 798538 8553 4801 180028 125092 548 35462
cat_boundaries=0 1 2 3 4 5 6 7 8 9 10 11 12 13 14 15 16
cat_threshold=2 643 20 4 20 8 4 8 1 3 10 66 10 106 100 8
is_linear=0
shrinkage=0.08


Tree=46
num_leaves=31
num_cat=10
split_feature=47 32 38 2 32 12 32 44 33 38 44 3 3 45 32 44 38 3 40 6 3 3 4 42 3 13 5 25 32 4
split_gain=39663.5 3532.89 2489.81 1846.38 1844.65 1670.59 1668.56 1573.41 1487.59 1296.94 2136.89 1324.77 1247.28 1085.91 1159.76 1078.86 1072 989.866 985.253 1009.73 1068.45 956.721 950.676 1044.58 948.678 922.775 914.932 905.89 898.525 1416.61
threshold=0 -3.1350001096725459 1 inf -77.079998016357408 1.0000000180025095e-35 -9.8350000381469709 2 1.0000000180025095e-35 3 4 503.63999938964849 530.24499511718761 5 -77.079998016357408 6 7 665.06500244140636 8 9462.8852539062518 203.9049987792969 inf 11.500000000000002 9 323.44500732421881 42.000061035156257 8.5000000000000018 6.5000000000000009 39.989999771118171 69.500000000000014
decision_type=1 10 1 8 10 2 8 9 2 1 9 10 10 9 10 9 1 10 1 2 10 8 8 9 10 2 2 8 10 10
left_child=4 3 5 6 -1 15 13 12 9 -8 11 -11 -4 14 -2 28 -6 -16 19 -9 26 27 -7 25 -5 -24 -21 -12 -3 -30
right_child=1 2 7 24 16 22 8 18 -10 10 21 -13 -14 -15 17 -17 -18 -19 -20 20 -22 -23 23 -25 -26 -27 -28 -29 29 -31
leaf_value=0.013730115103873525 0.0046553127926802157 -0.033127467489988183 -0.014554996560874563 -0.030556255113517554 0.0090459972999660607 -0.0096216468546995032 0.0073158674232738294 -0.027335217022182116 0.061050532727322075 0.005226575607387437 0.14123735510013097 0.069529096290574313 0.045930017694874224 -0.015687080946842572 0.090638649341432967 0.016352716139409858 0.027603118281212771 -0.024977846663312091 -0.054805244870932114 0.38187088512458839 -0.083458668979290634 0.10646147162976767 0.099131625621234287 -0.0026104478034797781 -0.1059581949533904 0.025093745430712865 -0.090066053218447503 -0.018891864911885825 0.020587888886527378 0.55673927271279089
leaf_weight=111314.04409587197 2447.0054343403317 22906.5351787135 23451.320740432478 4436.1556422412395 21785.973088139668 19530.057752111927 31488.469270791858 115630.93851024611 2126.5056803552434 11451.450735366903 226.86780228931457 2497.7880463534966 2405.8013051599264 2342.5985410539433 3427.3777445731685 3829.8744752313942 237272.33696317463 549.98362302035093 9910.8879867675714 59.775882307440042 2898.4761702404357 395.32224220223725 1258.6877254294232 9489.4354936154559 1406.4891118789092 7479.34655959066 46.932407561689615 67441.194647895638 1363.2163020321168 32.286443031392992
leaf_count=126677 16488 150456 128250 11169 25053 147705 190304 1931332 18068 45556 2642 17317 21561 23682 19002 10390 215729 11297 96531 360 41225 248 6151 53199 5666 39235 717 1142301 6206 110
internal_value=0.00408769 -0.015201 -0.0213763 -0.00475561 0.0223431 -0.00835234 -0.00269124 -0.0269318 -0.0052425 -0.00648453 -0.0117826 0.0167408 -0.00892734 0.0309573 0.0479157 -0.0231113 0.0260439 0.0746514 -0.0305555 -0.0285226 -0.074306 -0.0176301 0.0026419 0.0157818 -0.0487076 0.0357178 0.174304 -0.018355 -0.0293307 0.0329923
internal_weight=720903 350531 220294 130237 370372 65889.4 124395 154404 115628 113501 82012.6 13949.2 25857.1 8766.97 6424.37 28131.9 259058 3977.36 128547 118636 3005.18 68063.4 37757.5 18227.5 5842.64 8738.03 106.708 67668.1 24302 1395.5
internal_count=4504627 4137168 2633428 1503740 367459 413452 1486905 2219976 1416436 1398368 1208064 62873 149811 70469 46787 167162 240782 30299 2070165 1973634 42302 1145191 246290 98585 16835 45386 1077 1144943 156772 6316
cat_boundaries=0 1 2 3 4 5 6 7 8 9 10
cat_threshold=2 659 1 705 1 5 2 640 6 19
is_linear=0
shrinkage=0.08


Tree=47
num_leaves=31
num_cat=17
split_feature=36 42 38 40 38 0 41 41 35 21 5 4 18 12 38 34 12 49 1 40 34 4 35 1 23 12 41 34 19 42
split_gain=2561.55 1641.13 1963.92 1297.76 1255.97 1169.03 1017.83 956.285 871.655 4953.7 2594.13 2146.28 2058.74 5177.01 784.599 745.687 830.602 688.922 657.134 663.258 645.96 712.851 640.413 626.771 1538.15 624.962 689.998 875.274 642.394 614.133
threshold=0 1 2 3 4 1.5000000000000002 5 6 7 1.0000000180025095e-35 9.5000000000000018 1.0000000180025095e-35 8849.6406250000018 2246.6149902343755 8 9 460.42001342773443 10 2.5000000000000004 11 12 2.5000000000000004 13 4.5000000000000009 1.5000000000000002 774.30975341796886 14 15 2692.299926757813 16
decision_type=9 9 1 1 1 2 9 9 1 2 2 8 2 2 1 1 2 9 2 1 1 8 1 2 2 2 9 1 2 9
left_child=1 2 15 4 -3 14 22 -4 9 12 11 -11 -9 -14 18 16 -1 -8 19 -5 21 -7 -6 -10 -25 26 27 -2 -27 -24
right_child=25 3 7 5 6 20 17 8 23 10 -12 -13 13 -15 -16 -17 -18 -19 -20 -21 -22 -23 29 24 -26 28 -28 -29 -30 -31
leaf_value=-0.043885116797102421 0.05254599984877624 0.0026446806787737689 0.016874425975529673 0.038981331842195578 0.03006458722350561 -0.0070327148992338365 0.42022749905937751 0.041247906498097946 0.046044699619138221 1.7045263420217165 -0.051364301890539255 0.66465104840189881 1.8272429770920178 0.1337523849252131 -0.015035914185277196 0.0015000531288715739 0.36737350060664514 0.016106958684815348 0.16550277626085191 -0.020259696548049873 -0.00061129043898742108 0.042683926233770271 0.0089277763104153984 0.064696638094603978 0.8161570472929337 0.010730109252223457 -0.0079195737417111587 -0.013856103035919862 -0.015811495856860314 -0.0042425410363901286
leaf_weight=52.799355041235685 2754.8645411529578 204746.75893859705 6954.07894969685 2705.4169503804296 6287.2852268544957 2644.9981052456424 27.003708094358444 834.71835526544601 11213.890653052833 19.505534378811717 19.156118139624596 36.42393602617085 14.712567298673092 53.795834524556994 43036.087136636022 16445.766851619817 77.656452156603336 123134.02381897718 186.838363584131 2173.9771555978805 12697.63340278808 6108.3490370269865 57258.950485642999 68.554515596479177 23.377442175522447 27625.801128790015 134797.46511793323 2348.0730635179207 7399.3178385342471 37489.399398457259
leaf_count=318 3854 2064160 41003 4409 26608 15068 123 5691 54841 189 236 111 74 421 160083 220634 154 654367 138 5964 63219 19513 298997 406 68 103741 520341 5629 36247 198653
internal_value=0.00396908 0.00671991 0.0232592 0.00553121 0.00717489 -0.00460519 0.0113118 0.0406454 0.0540776 0.12646 0.752115 1.02731 0.0758493 0.497439 -0.0115319 0.00306859 0.18662 0.0161942 0.0182273 0.0126253 0.0109253 0.0276295 0.00535913 0.047708 0.255786 -0.00443349 -0.00682635 0.0220243 0.005123 0.00371673
internal_weight=709237 534311 35814.4 498497 428943 69553.3 224197 19238.2 12284.1 978.312 75.0856 55.9295 903.227 68.5084 48102.3 16576.2 130.456 123161 5066.23 4879.39 21451 8753.35 101036 11305.8 91.932 174926 139900 5102.94 35025.1 94748.3
internal_count=4505260 3835448 324146 3511302 3242908 268394 1178748 103040 62037 6722 536 300 6186 495 170594 221106 472 654490 10511 10373 97800 34581 524258 55315 474 669812 529824 9483 139988 497650
cat_boundaries=0 1 2 3 4 5 6 7 8 9 10 11 12 13 14 15 16 17
cat_threshold=128 1 96 6 45 3 21 1 512 1 2 1 71 16 16 120 40
is_linear=0
shrinkage=0.08


Tree=48
num_leaves=31
num_cat=10
split_feature=47 44 32 47 3 48 34 4 32 3 40 25 32 3 42 3 4 34 3 12 18 6 12 39 35 32 4 3 33 3
split_gain=32101 3545.84 2830.36 1867.58 1841.7 1771.65 1780.74 1591.84 1521.33 1457.13 1480.99 1395.92 1244.48 1503.44 1077.43 1611.77 1197.53 1024.62 1255.68 966.566 957.425 1469.46 1063.66 955.657 922.35 908.779 989.75 2037.73 967.097 906.458
threshold=0 1 -3.1350001096725459 2 516.51501464843761 3 4 16.500000000000004 -77.079998016357408 9.4849996566772479 5 8.5000000000000018 -16.345000267028805 118.85999679565431 6 73.045001983642592 1.0000000180025095e-35 7 18.605000495910648 25422.440429687504 170.22499847412112 464.27502441406256 138.00000762939456 8 9 39.989999771118171 69.500000000000014 463.61500549316412 1.5000000000000002 530.24499511718761
decision_type=1 9 10 1 10 9 1 8 10 10 1 10 8 10 9 10 10 1 8 2 2 2 2 9 1 10 10 10 2 10
left_child=8 4 5 14 17 6 -3 11 -1 -8 12 24 13 -11 15 20 -17 18 -2 -12 22 -22 -4 -6 -5 28 -27 -28 -16 -9
right_child=1 2 3 7 23 -7 9 29 -10 10 19 -13 -14 -15 25 16 -18 -19 -20 -21 21 -23 -24 -25 -26 26 27 -29 -30 -31
leaf_value=0.012466191017932633 -0.020997339816230653 -0.0298641427763051 0.13356871965357589 0.016994067758613202 -0.021120812862725637 0.092189120673385735 0.064643490183515839 -0.00045020749922097543 0.023754748892691767 0.10997794686058747 -0.040136109571882655 0.14305745692990651 -0.0040493515959650122 0.01089739540136017 -0.035749636431359713 -0.026368777245233878 0.020681563573045032 -0.011283044845468078 0.023933362264932551 0.19753407847622953 -0.093320294776521359 0.21357106453470728 0.5067687587168842 0.065181287237778301 -0.026934441885608208 0.016490753708595582 -0.096762366284641799 1.4757944550896815 0.19117468282359126 0.12101288111489984
leaf_weight=109752.19024372054 5254.3091375324875 19589.858583391178 279.80700726434588 3292.674010111019 1002.870891481638 1141.61022642022 1977.0210974495858 29024.632728855591 251471.93554435181 1329.2101395949721 8206.6865408350714 323.21611225418746 76084.208826232702 3732.2516314177774 81425.618927040137 22795.853462075349 4082.0849042246118 22668.698373784311 16424.761310231872 110.9931964003481 272.82896409183741 157.4988662712276 59.221387881785631 4532.6805881243199 42557.78480568435 1698.2425553305075 12.618068790063264 9.0604716478846949 120.3731020395644 398.62384662311524
leaf_count=126558 26027 442819 1805 8485 4436 6485 5876 172098 240420 3750 55395 1206 888379 25923 1380354 406454 43289 123052 46063 209 2790 672 170 36471 431047 21898 145 99 909 1391
internal_value=0.00361252 -0.0137068 -0.0170043 -0.0230437 0.00603715 -0.00696238 -0.00798185 -0.0133472 0.0203249 -0.00329024 -0.00479186 -0.0226141 -0.00149387 0.0369173 -0.0296527 -0.0159493 -0.019223 0.00060631 0.0130376 -0.0369202 0.0982142 0.0190011 0.198759 0.049546 -0.023782 -0.0341968 0.0233474 0.560482 -0.0354147 0.00119536
internal_weight=709789 348565 298682 186510 49883.3 112172 111030 75596.9 361224 91440.4 89463.4 46173.7 81145.7 5061.46 110913 27647.3 26877.9 44347.8 21679.1 8317.68 769.356 430.328 339.028 5535.55 45850.5 83265.9 1719.92 21.6785 81546 29423.3
internal_count=4504675 4137697 3901648 2472812 236049 1428836 1422351 614227 366978 979532 973656 440738 918052 29673 1858585 455180 449743 195142 72090 55604 5437 3462 1975 40907 439532 1403405 22142 244 1381263 173489
cat_boundaries=0 1 2 3 4 5 6 7 8 9 10
cat_threshold=2 1 4 1 96 6 17 14 2 8
is_linear=0
shrinkage=0.08


Tree=49
num_leaves=31
num_cat=18
split_feature=36 2 45 38 33 38 46 7 38 37 37 40 40 34 41 44 0 38 45 41 11 38 7 12 19 19 44 13 2 32
split_gain=2906.7 2603.79 1754.67 2374.12 1902.25 1616.37 1321.43 1311.03 1232.92 1137.79 1112.41 1070.68 993.566 1468.68 959.816 921.479 871.579 851.36 1920.88 843.952 834.222 1476.12 2417.43 759.637 703.347 1226.26 2044.09 1642.73 1876.15 896.756
threshold=0 inf 1 2 1.0000000180025095e-35 3 4 60.000003814697273 5 6 7 8 9 10 11 12 4.5000000000000009 13 14 15 30.500000000000004 16 292.77499389648443 977.02499389648449 106.50500106811525 54.014999389648445 17 18.75000095367432 1.5000000000000002 19.185000419616703
decision_type=9 8 9 1 2 1 1 2 1 1 1 1 1 1 9 9 2 1 9 9 2 1 2 2 2 2 9 2 10 10
left_child=1 2 4 -4 8 -5 14 -8 9 16 11 -2 13 -10 24 -14 -1 18 -12 -17 -6 22 -22 -15 25 -7 27 -27 -29 -28
right_child=10 -3 3 5 20 6 7 -9 12 -11 17 -13 15 23 -16 19 -18 -19 -20 -21 21 -23 -24 -25 -26 26 29 28 -30 -31
leaf_value=0.012039861213082495 -0.0059490073813846271 -0.024997779867545235 -0.078510310384184323 0.040169112596302931 0.052751474892303037 -0.012641231666900494 -0.10022063395863481 0.079024411219207988 0.026691356030836874 0.0010358885116607177 0.018676270732692873 0.013667420658448707 0.076268400650861934 0.0077887895214729741 0.0022385602761564507 -0.041866629985861208 0.49362498123076037 -0.015627182017271864 -0.081725934174281992 0.0021125570176077409 1.0340145135849097 0.01872277802029107 0.20547980178305245 0.032188402037414077 -0.036182573388323397 0.68436336440733003 0.0010137444358055583 0.060433407654133672 0.84736277762800516 0.9302027007187732
leaf_weight=96019.015012996271 51740.041929099243 16673.648277548142 2532.3103881515563 5953.5596601990983 4229.1566529348493 7442.8775809197687 1534.8158025639132 314.70188399311155 54521.208714606706 151987.40728488239 10730.322889520321 27139.869957748801 822.55335796810687 84119.347747121006 77942.493318077642 3965.2163045788184 24.057453479617834 73214.415266934782 1365.8771866564639 9390.6388461189345 31.55327872466296 147.08166135149077 78.880722723901272 9044.2039464153349 7935.5152318696491 54.394009287469089 539.33713857457042 134.1768859308213 22.665257388725877 6.7302622725255778
leaf_count=854830 236004 50407 12611 14353 38874 63284 5372 1079 223802 1498162 23315 106800 804 353941 515148 14327 13 268284 5425 30715 75 1825 325 37190 139298 123 8223 811 24 103
internal_value=0.00326464 0.0061199 0.00712012 -0.00214859 0.00945543 -0.000243066 -0.00275509 -0.0697215 0.00888857 0.00534342 -0.00604712 0.000801209 0.0143198 0.016262 -0.00143887 -0.00590868 0.0121592 -0.0123786 0.00728092 -0.0109742 0.0612637 0.201059 0.405491 0.0101564 -0.019192 -0.00277313 0.0942119 0.305534 0.174153 0.012466
internal_weight=699658 535468 518794 104414 414380 101881 95927.7 1849.52 409894 248030 164191 78879.9 161863 147685 94078.2 14178.4 96043.1 85310.6 12096.2 13355.9 4486.67 257.516 110.434 93163.6 16135.7 8200.18 757.304 211.236 156.842 546.067
internal_count=4505547 3865719 3815312 760429 3054883 747818 733465 6451 3013784 2353005 639828 342804 660779 614933 727014 45846 854843 297024 28740 45042 41099 2225 400 391131 211866 72568 9284 958 835 8326
cat_boundaries=0 1 2 3 4 5 6 7 8 9 10 11 12 13 14 15 16 17 18
cat_threshold=161 13 129 512 1 300 104 51 2 6 116 48 1 129 5 48 260 1
is_linear=0
shrinkage=0.08


Tree=50
num_leaves=31
num_cat=10
split_feature=47 32 36 37 32 4 24 3 3 43 42 32 5 37 10 43 12 45 43 4 19 4 44 8 31 3 12 32 6 19
split_gain=28347 2902.78 1484.33 1477.14 1423.51 1335.31 2715.58 1246.09 1221.6 1216.68 1062.85 997.662 960.375 1263.39 1799.79 1129.48 1106.72 939.077 905.435 1210.3 1448.5 1752.95 862.405 840.739 838.892 835.979 1584.83 941.973 796.311 1252.35
threshold=0 -7.6749999523162833 1 2 -77.079998016357408 3.5000000000000004 6.5000000000000009 86.384998321533217 19.105000495910648 3 4 -77.079998016357408 2.5000000000000004 5 1.0000000180025095e-35 6 227.00000762939456 7 8 13.500000000000002 1302.3250122070315 14.500000000000002 9 1.5000000000000002 1.0000000180025095e-35 618.00500488281261 173.00000762939456 39.989999771118171 32.000007629394538 125.52999877929689
decision_type=1 10 9 1 10 10 2 10 10 9 9 10 2 1 2 9 2 9 9 10 2 10 9 2 10 10 2 10 2 2
left_child=4 7 9 8 -1 -5 17 11 -4 24 -9 -2 15 14 16 -11 -14 23 -12 22 21 -21 -20 -7 -3 -19 27 -27 -10 -30
right_child=1 2 3 5 -6 6 -8 10 28 12 18 -13 13 -15 -16 -17 -18 25 19 20 -22 -23 -24 -25 -26 26 -28 -29 29 -31
leaf_value=0.01140925965157618 0.009919952250526682 -0.059403965974890637 -0.039675325168164036 -0.023278182409968842 0.022393724771636703 0.057851245670662646 0.29395283481163476 0.021711145396542411 -0.012515848489919171 0.10046359921790121 -0.005858416210436518 0.087327137909293459 0.3095840879616969 -0.01164411459048453 0.25755537071055279 -0.036841287950679799 -0.027938705750473542 -0.012519702669813906 0.014257378360132297 0.99204249484226015 1.0507806366966936 -0.0076497607805261318 -0.04184636118824453 0.43319575415204886 0.058997691858184702 0.12330331352647669 -0.0071869211104898245 0.44090286395117712 0.037203522924437127 -0.0018918886036460201
leaf_weight=108765.52601811895 24858.89453828847 10565.264547424391 6403.434246044606 115781.24214578723 246923.12858325825 989.19468711083755 201.82366689993069 7429.7881549065933 31179.615989040118 383.35374880209565 57104.62845808221 1113.341420869343 70.483165606856346 7525.6174919065088 280.21202347427607 17362.653082972392 527.43019980378449 12344.10052284319 2121.571110076271 13.042372239753602 12.428262300789354 80.597645471338183 10107.494569730014 39.726579094771296 397.37961090728641 175.89943853160366 540.50418001692742 90.524914816021919 6342.7368096648715 30269.494381798897
leaf_count=126722 156459 102747 36697 1704267 240227 4878 1034 95890 361124 1839 622702 2743 342 45358 1426 122453 4573 117581 10508 64 95 1050 153019 139 1080 1925 7927 345 83439 491876
internal_value=0.00319552 -0.0131671 -0.0179608 -0.0152853 0.0190348 -0.0204208 0.00256817 -0.00191151 -0.00627438 -0.0326805 -0.00703019 0.0132381 -0.0232802 -0.00101035 0.0892384 -0.0338393 0.0118491 -0.00157912 -0.0101071 -0.0297552 0.239293 0.131589 -0.0321132 0.0716469 -0.0550619 -0.00735713 0.0715269 0.231216 -0.00312034 0.00488104
internal_weight=700001 344312 241471 204358 355689 130163 14381.8 102842 74195.3 37112.4 76869.6 25972.2 26149.7 8403.74 878.125 17746 597.913 14180 69439.8 12335.1 106.068 93.64 12229.1 1028.92 10962.6 13151 806.929 266.424 67791.8 36612.2
internal_count=4500529 4133580 3091050 2811232 366949 1838096 133829 1042530 973136 279818 883328 159202 175991 51699 6341 124292 4915 132795 787438 164736 1209 1114 163527 5017 103827 127778 10197 2270 936439 575315
cat_boundaries=0 1 2 3 4 5 6 7 8 9 10
cat_threshold=2 120 104 37 1 67 2 8 13 1
is_linear=0
shrinkage=0.08


Tree=51
num_leaves=31
num_cat=15
split_feature=36 2 3 43 38 37 44 38 21 37 34 23 4 0 4 3 32 3 40 43 43 40 37 32 5 38 32 3 13 45
split_gain=1939.69 2298.66 1503.67 1319.14 1250.1 1131.47 1094.35 969.186 1081.26 947.149 1079.95 976.95 918.727 873.101 857.205 854.698 853.129 842.307 818.491 1098.21 806.602 717.402 746.094 700.843 1095.9 697.885 737.147 730.099 692.644 723.492
threshold=0 inf 491.38499450683599 1 2 3 4 5 2.5000000000000004 6 7 3.5000000000000004 inf 1.5000000000000002 1.5000000000000002 inf 23.460000038146976 1.0000000180025095e-35 8 9 10 11 12 -3.254999995231628 20.500000000000004 13 -9.8350000381469709 283.54499816894537 192.00003051757815 14
decision_type=9 8 10 9 1 1 9 1 2 1 1 2 8 2 8 8 8 10 1 9 9 1 1 8 2 1 10 10 2 9
left_child=1 2 4 12 14 6 -2 8 -7 -6 -11 -12 16 -5 23 -8 -4 -3 19 -19 -16 22 -18 24 -1 -20 27 -27 -15 -30
right_child=5 17 3 13 9 7 15 -9 -10 10 11 -13 -14 28 20 -17 21 18 25 -21 -22 -23 -24 -25 -26 26 -28 -29 29 -31
leaf_value=0.027928912037699063 0.03599086710217167 0.01759673066689894 0.020439519211515499 -0.05168569896155522 0.0071534827527082222 -0.035305760630180129 -0.0016642977656110814 -0.0083844532279253852 0.50656642528809481 0.003468095999465052 -0.011073691611944667 0.015868632859258203 -0.43540749370692033 0.026376414499312082 -0.040588253244870878 0.096551910272735089 0.36680366488091737 0.031145963631732068 -0.067083619437661599 -0.083653917872188691 0.017481406014560111 0.046410083633370881 0.082012711395703444 0.00084839795784237755 0.37903921103179722 0.028577201918995768 -0.051446754443612609 -0.05275743952073058 0.0086792601268698283 -0.035383784269308667
leaf_weight=5023.0509578632191 5513.0402034274302 2558.7701666448265 15911.720409373986 1620.3171127606183 118188.97278806288 10672.571757625788 75281.311407567468 77066.084210184403 23.619751945137978 110691.22208650969 82447.125901540741 9618.4208296872675 26.95510712871328 8790.3522906745784 1554.8063746476546 571.36045636655763 83.576814168132842 2315.3907180107199 4399.6770748533309 682.08276985492557 74106.259559465572 9529.9478899422102 215.04145250329748 54892.897869709879 57.545386537909508 2143.2466701576486 3477.886950363405 1053.5443368195556 8915.6917979314458 3244.6078786356375
leaf_count=20156 13520 3443 208206 10868 842491 54565 344676 256214 27 754372 677044 86705 326 193431 5450 347 436 3908 15774 2636 259019 93974 918 258761 179 3883 17424 3184 260986 112005
internal_value=0.00222542 0.00463961 0.00560358 0.019021 0.00418307 -0.00521932 0.00157657 -0.0115193 -0.0340773 0.00146155 -0.00185652 -0.00825803 0.0313851 0.00488991 0.010622 -0.000924484 0.0318861 -0.0246245 -0.0323019 0.00483166 0.016285 0.0504174 0.171022 0.00347939 0.0319058 -0.0423189 -0.025919 0.00177231 0.00926778 -0.00309959
internal_weight=690677 521549 504919 48338.2 456580 169128 81365.7 87762.3 10696.2 320946 202757 92065.5 25767.2 22571 135635 75852.7 25740.3 16630.6 14071.8 2997.47 75661.1 9828.57 298.618 59973.5 5080.6 11074.4 6674.68 3196.79 20950.7 12160.3
internal_count=4504928 3835579 3785327 881150 2904177 669349 358543 310806 54592 2360612 1518121 763749 303860 577290 543565 345023 303534 50252 46809 6544 264469 95328 1354 279096 20335 40265 24491 7067 566422 372991
cat_boundaries=0 1 2 3 4 5 6 7 8 9 10 11 12 13 14 15
cat_threshold=128 12 579 51 1 300 106 15 8 7 34 8 1 641 7
is_linear=0
shrinkage=0.08


Tree=52
num_leaves=31
num_cat=14
split_feature=47 38 42 37 18 48 7 36 3 32 32 14 19 7 3 18 36 36 42 38 32 0 21 42 37 2 3 38 45 3
split_gain=25263.6 3283.9 2370.97 1828.91 1665.55 1826.56 1477.59 1344.53 1572.47 1526.51 1313.78 1303.65 3512.49 4212.73 1403 1349.86 1238.18 1195.75 1143.22 1737.36 1260.51 1311.52 1322.97 1135.72 1131.91 2264.88 2334.08 1098.51 1088.53 1076
threshold=0 1 2 3 8849.6406250000018 4 1257.1451416015627 5 477.54499816894537 -2.5249999761581416 -5.5550000667572013 2.5000000000000004 396.52499389648443 285.27499389648443 182.51499938964847 6023.5000000000009 6 7 8 9 -16.345000267028805 2.5000000000000004 1.0000000180025095e-35 10 11 1.0000000180025095e-35 530.24499511718761 12 13 174.82500457763675
decision_type=1 1 9 1 2 9 2 9 8 8 10 2 2 2 10 2 9 9 9 1 10 2 2 9 1 10 8 1 9 10
left_child=10 3 16 28 5 7 17 8 9 11 -1 14 13 15 23 -13 -3 -4 -10 20 24 -22 -23 29 25 -20 -27 -12 -2 -5
right_child=1 2 6 4 -6 -7 -8 -9 18 -11 27 12 -14 -15 -16 -17 -18 -19 19 -21 21 22 -24 -25 -26 26 -28 -29 -30 -31
leaf_value=0.011375015277870998 -0.0033723045769638309 -0.013140471967259291 -0.05132272672454051 0.080628539003140653 -0.049698869676991997 0.10097310521233428 0.064047299548922063 -0.038860642011636658 -0.016962411176906722 -0.018904372664726152 0.02639565066031797 -0.099746534658738284 -0.09183239597198975 1.9137159265338251 -0.005501045968709266 0.74773094845609822 0.012507564925819682 -0.011827060096317279 0.18665008516711581 0.0093775662431903155 0.037377844100330911 -0.087524032047049338 1.338669947196135 0.015202230607670231 0.069253841509171535 1.2981985404882852 0.29876144870849919 0.015214505406416468 -0.040200523806463336 0.27334836049372702
leaf_weight=122204.58108883351 6051.2833111747168 15390.88788337633 5222.4964974112809 854.64540754258633 8551.5719621938188 889.36600435618311 1570.1848727138713 12662.593144590035 6029.5181809766218 91283.708067667671 132254.43207103712 22.918369086459279 83.567784566432238 14.177221031859515 11167.105459427461 25.314944177865982 55326.798047798686 79271.486113631632 341.46694334316999 8598.8491508662701 1593.8165137777105 7.1597600206732759 9.9441929860040545 1585.002028061077 426.89319989131764 25.571991162374616 36.020121702924371 98048.148120521568 34429.810180482222 236.78121116757393
leaf_count=142750 74453 88879 35203 6037 183698 6978 8899 111553 167898 1304100 121465 491 1895 52 201730 197 382648 508786 7255 330127 45269 236 47 12098 6765 261 1008 103280 650109 1323
internal_value=0.00305391 -0.0124466 -0.00392809 -0.0196674 -0.015453 -0.0132992 -0.0128453 -0.0140519 -0.0114801 -0.0151331 0.0180796 0.00947489 0.247295 0.701387 0.00696711 0.345047 0.0069245 -0.0142757 0.0110429 0.02633 0.0857691 0.0448556 0.741661 0.0589891 0.166215 0.260722 0.713711 0.0216372 -0.0346975 0.121327
internal_weight=694216 341709 156782 184927 144446 135894 86064.2 135005 122342 105273 352507 13989.5 145.978 62.4105 13843.5 48.2333 70717.7 84494 17069.2 11039.7 2440.87 1610.92 17.104 2676.43 829.952 403.059 61.5921 230303 40481.1 1091.43
internal_count=4505490 4137995 1024415 3113580 2389018 2205320 552888 2198342 2086789 1527923 367495 223823 2635 740 221188 688 471527 543989 558866 390968 60841 45552 283 19458 15289 8524 1269 224745 724562 7360
cat_boundaries=0 1 2 3 4 5 6 7 8 9 10 11 12 13 14
cat_threshold=2 300 25 20 1 130 88 40 50 12 18 65 301 8
is_linear=0
shrinkage=0.08


Tree=53
num_leaves=31
num_cat=12
split_feature=47 32 38 44 45 12 26 46 3 2 32 42 6 3 3 47 35 45 34 34 32 32 3 48 12 3 12 13 5 8
split_gain=22058.6 2402.44 2295.61 1947.38 1661.24 1631.97 1300.94 1204.75 2215.04 1732.63 1467.72 1124.28 1275.54 1072.57 1062.4 928.095 1064.85 911.088 878.275 854.422 821.482 797.562 868.428 787.906 851.961 1422 920.183 841.367 997.205 1159.69
threshold=0 -9.8350000381469709 1 2 3 60.049999237060554 2.5000000000000004 4 35.854999542236335 inf -1.514999985694885 5 9462.8852539062518 516.51501464843761 132.504997253418 6 7 8 9 10 -1.3749999999999998 -8.6149997711181623 129.27500152587893 11 4831.2900390625009 182.51499938964847 6875.3000488281259 192.00003051757815 5.5000000000000009 1.5000000000000002
decision_type=1 8 1 9 9 2 8 1 10 8 8 9 2 8 10 1 1 9 1 1 10 8 10 9 2 8 2 2 2 2
left_child=7 14 5 13 6 20 -5 18 9 10 -9 12 23 -4 -2 -13 -17 -16 -1 -6 -3 22 -10 24 -8 26 -26 28 29 -27
right_child=1 2 3 4 19 -7 11 8 21 -11 -12 15 -14 -15 17 16 -18 -19 -20 -21 -22 -23 -24 -25 25 27 -28 -29 -30 -31
leaf_value=0.020802919456869455 0.069753473445083369 -0.0049928992661060047 -0.0072819985077482345 0.12400672935407943 -0.025896243620851501 0.0068759658074611044 -0.01379264582519618 -0.2739276174760274 -0.18218746295847141 0.0055721229420166605 -0.073693887573824002 -0.0345214750196184 -0.06585609467919111 0.031210007056963231 0.023898823942680253 0.043376421983553563 -0.019615398760572566 -0.048348463842749871 0.012475477531704488 -0.055629103603689077 -0.024493676139501902 0.026645786943803273 -0.0041901232231787554 0.082128828739619117 -0.089602103209178205 0.16576109917088355 0.53003205419251198 0.00295400109796216 -0.044273435584219353 0.90160766972640238
leaf_weight=191571.96086646942 2634.7674702079967 33360.095583724324 33544.396729609929 408.09117888985202 12343.543334819376 48650.52160225343 84149.978892450221 258.84103230712935 245.21528651332483 1983.2593634768855 2469.8009921079502 40421.218605022412 2856.92704129708 5375.4365950254723 6053.3693890525028 1839.9950791858137 24200.241727211513 1360.0606518224813 140749.66911047208 12531.435947859194 23609.789857037365 7117.4364558737725 616.34975905530155 570.96792970690876 20.975232717581093 304.70776644069701 57.077349612489343 3081.2996213803999 163.17327311448753 14.352845438756047
leaf_count=192574 7765 178532 173178 3693 184742 314320 1620243 1210 990 2609 5998 680094 48162 39886 48117 3844 220149 16608 155663 334052 148968 6760 1007 5328 277 7370 208 96886 5757 327
internal_value=0.0021279 -0.0124117 -0.0135939 -0.0182147 -0.0216722 -0.00388463 -0.0186443 0.0163531 -0.0078379 -0.05133 -0.0926882 -0.0190147 -0.0132436 -0.00196565 0.0261192 -0.0269296 -0.0151553 0.0106114 0.017277 -0.0408913 -0.0130745 0.0178458 -0.054851 -0.011544 -0.0121532 0.0257307 0.363516 0.0183322 0.116593 0.198863
internal_weight=682565 337552 327504 221884 182964 105620 158089 345013 12690.9 4711.9 2728.64 157681 91219.5 38919.8 10048.2 66461.5 26040.2 7413.43 332322 24875 56969.9 7979 861.565 88362.5 87791.6 3641.59 78.0526 3563.53 482.234 319.061
internal_count=4505317 4138506 4066016 3424196 3211132 641820 2692338 366811 18574 9817 7208 2688645 1784558 213064 72490 904087 223993 64725 348237 518794 327500 8757 1997 1736396 1731068 110825 485 110340 13454 7697
cat_boundaries=0 1 2 3 4 5 6 7 8 9 10 11 12
cat_threshold=2 659 1 13 1 25 4 8 13 60 23 1
is_linear=0
shrinkage=0.08


Tree=54
num_leaves=31
num_cat=12
split_feature=2 37 45 46 33 34 37 41 16 11 34 32 3 41 45 27 45 3 4 4 0 12 25 3 45 4 41 21 32 32
split_gain=1399.36 1179.44 970.557 1102.85 963.149 848.98 984.337 778.989 1109.07 1608.19 758.79 791.966 1135.19 680.554 798.064 772.573 710.211 614.829 573.389 564.444 564.194 546.424 543.213 536.971 665.536 531.534 520.49 519.536 517.966 517.098
threshold=inf 0 1 2 1.5000000000000002 3 4 5 2.5000000000000004 8.5000000000000018 6 -2.0349999666213985 406.80499267578131 7 8 7.5000000000000009 9 9.4849996566772479 inf inf 4.5000000000000009 321.39997863769537 1.0000000180025095e-35 238.254997253418 10 1.0000000180025095e-35 11 3.5000000000000004 -1.7949999570846555 9.6649999618530291
decision_type=8 1 9 1 2 1 1 9 2 2 1 8 8 9 9 8 9 10 8 8 2 2 8 10 9 10 9 2 10 10
left_child=1 13 4 5 20 6 -4 18 -9 -10 26 -12 -13 15 -15 16 -1 -8 -7 23 22 -21 -3 -17 -25 27 -2 -16 -24 -20
right_child=10 2 3 -5 -6 7 17 8 9 -11 11 12 -14 14 25 19 -18 -19 29 21 -22 -23 28 24 -26 -27 -28 -29 -30 -31
leaf_value=-0.025834894768424904 0.025194995332896576 0.088519841578407324 0.02120276471414826 -0.076452643700491721 0.12623496184885075 -0.023438173715641965 0.050891444094560888 -0.0053509832760950202 0.83494042520929501 0.10162157225205616 0.011705702828330498 -0.054861176921853015 0.013334692966300155 0.034561791803330827 0.0090430284661026736 -0.0027593025067636136 0.2096863866632071 -0.015981746490012803 -0.46085230510279185 -0.070788084057055251 0.33966219225076011 -0.4357116346558732 0.0050898368943335616 -0.014088470652629942 0.011900148037442691 0.044244571626788513 -0.013108436057379545 0.32750662860852831 -0.00080946763855328178 0.014992704660055596
leaf_weight=134.03636393975466 3157.635823037941 465.06645318539813 13162.110476519447 1451.0263605890796 400.70079521276057 20045.097651474643 957.21618347149342 35126.60241202265 22.687137015163898 122.40011955611408 2229.8764128591865 7771.9440916944295 1955.1726939408109 10093.438551094383 70342.251947407611 46641.287729654461 210.54891590680927 10892.697704492602 36.346096623688936 124.43286915123463 31.693307065404952 33.285276170354337 182261.78430851549 7175.3960971739143 51696.822138580028 2881.9613410774618 8007.3397804861888 32.800356710329652 199532.33287141449 24.446275001391768
leaf_count=971 5084 1355 91136 5104 1660 200228 2940 258380 154 1108 5076 26702 3835 50808 423161 247529 748 57661 303 382 14 365 1178635 80464 435926 12493 24643 129 1388015 31
internal_value=0.00206426 0.00274819 0.000578802 -0.00732804 0.00226987 -0.00608126 0.00615118 -0.0116052 -0.00443802 0.21629 -0.0172775 -0.0312697 -0.0411537 0.00806942 0.0134783 0.00381609 0.123409 -0.0105709 -0.0241702 0.00342647 0.00213999 -0.147803 0.00211201 0.00365252 0.00873226 0.010569 -0.00226275 0.00919146 0.00200676 -0.269502
internal_weight=677020 653898 464532 81840.6 382692 80389.6 25012 55377.6 35271.7 145.087 23122 11957 9727.12 189366 83350.5 106016 344.585 11849.9 20105.9 105671 382291 157.718 382259 105514 58872.2 73257 11165 70375.1 381794 60.7924
internal_count=4505040 4439700 3186724 617045 2569679 611941 151737 460204 259642 1262 65340 35613 30537 1252976 486591 766385 1719 60601 200562 764666 2568019 747 2568005 763919 516390 435783 29727 423290 2566650 334
cat_boundaries=0 1 2 3 4 5 6 7 8 9 10 11 12
cat_threshold=96 13 1 13 19 35 120 35 10 41 34 16
is_linear=0
shrinkage=0.08


Tree=55
num_leaves=31
num_cat=14
split_feature=47 44 47 35 46 3 2 16 42 37 3 18 3 37 3 3 2 46 19 37 37 6 18 3 3 44 3 37 1 37
split_gain=18527.3 2259.49 2130.03 2344.33 1115.75 1917.39 1056.8 1028.29 1078.42 912.137 983.295 901.849 850.922 1082.54 1065.96 956.984 833.169 814.753 812.979 818.114 787.583 787.419 1249.4 1393.94 1055.79 775.394 768.365 865.497 785.725 1302.53
threshold=0 1 2 3 4 35.345001220703132 inf 1.0000000180025095e-35 5 6 9.4849996566772479 967.02499389648449 516.51501464843761 7 38.255001068115241 57.82500076293946 inf 8 3637.714965820313 9 10 225.00000762939456 345.42500305175787 426.66999816894537 111.77499771118165 11 754.16497802734386 12 3.5000000000000004 13
decision_type=1 9 1 1 1 10 8 2 9 1 10 2 10 1 8 10 8 1 2 1 1 2 2 10 8 9 8 1 2 1
left_child=4 12 7 16 11 6 -6 8 -3 21 -11 20 13 14 -2 -16 -4 -12 19 -9 -1 -5 23 24 -23 -7 28 -28 -10 -30
right_child=1 2 3 9 5 25 -8 18 26 10 17 -13 -14 -15 15 -17 -18 -19 -20 -21 -22 22 -24 -25 -26 -27 27 -29 29 -31
leaf_value=0.026461698971750498 -0.056842314908246358 0.0032695639113271284 0.020668709510066479 -0.0069563599608382879 -0.079281631546962258 0.032528344409624446 -0.0015922358883840796 0.012783857423356091 -0.025374954041379648 0.054312950892061292 -0.019469407718201021 0.024128127234550871 0.034305104150387143 0.0067296952431096747 0.16086222889365798 -0.007052242464791897 -0.062873625860625906 0.045197692905293588 -0.042407270033558105 -0.02164708821378097 0.012357170989902884 0.16474180240068442 0.0087038121382817437 0.38295506771591215 0.003047066151069719 -0.021727402915529354 0.063665440914543334 -0.090117563098495279 0.056142562206343546 -0.064739529493117953
leaf_weight=28489.494597369805 3756.7377086747438 10028.600088394014 21560.064267029054 23570.704400774091 2843.595182493329 5488.194149462739 1849.4033324192278 13817.543135276297 134181.29527638643 1223.3297349158674 59919.756498585455 70387.870850013802 5494.6661259485409 35755.698983258102 230.97744281962514 3648.1610937835649 792.07979077100754 1273.4211194505915 3066.2843071038369 6479.6245891863946 229928.06930289371 451.68591438047588 6066.6381055284292 101.25788675621152 604.09430645592511 2433.2424648245797 1180.695306584239 283.05356371123344 1824.7833960098214 818.89575330121443
leaf_count=26911 35954 199775 122866 173859 7167 4939 2614 274448 2312678 4159 538717 67884 40868 131175 1473 26833 2574 3405 71695 85741 254516 1425 47098 102 5405 3958 12022 3710 28633 12250
internal_value=0.00207845 -0.0112542 -0.0139601 -0.00556337 0.0152045 -0.0081443 -0.048666 -0.0196121 -0.0220694 -0.0111428 -0.0167013 0.0161003 0.00464494 0.000889076 -0.0264344 0.00294597 0.0177004 -0.0181237 -0.00401246 0.00178783 0.0139136 0.000125504 0.0232337 0.0994172 0.0722236 0.0158625 -0.0239055 0.0337468 -0.024524 0.0186661
internal_weight=677550 336130 287244 115563 341420 12614.4 4693 171681 148317 93210.9 62416.5 328805 48886.2 43391.6 7635.88 3879.14 22352.1 61193.2 23363.5 20297.2 258418 30794.4 7223.68 1157.04 1055.78 7921.44 138289 1463.75 136825 2643.68
internal_count=4504854 4136865 3900562 899610 367989 18678 9781 3000952 2569068 774170 546281 349311 236303 195435 64260 28306 125440 542122 431884 360189 281427 227889 54030 6932 6830 8897 2369293 15732 2353561 40883
cat_boundaries=0 1 2 3 4 5 6 7 8 9 10 11 12 13 14
cat_threshold=2 1 4 9 1 1 106 80 1 105 18 2 53 33
is_linear=0
shrinkage=0.08


Tree=56
num_leaves=31
num_cat=13
split_feature=47 38 42 44 36 3 4 11 11 12 18 1 5 34 34 36 40 13 18 38 36 32 1 20 3 32 38 3 2 34
split_gain=15296.8 2163.68 2027.85 1858.71 1587.33 1409.86 1347.72 1510.49 1252.73 1186.57 1178.68 2604.17 1378.47 1160.65 1119.12 1201.26 1096.88 1081.26 1815.81 1074.79 1033.26 1005.22 1156.29 996.676 1885.08 1249.99 991.345 1622.65 1116.87 1106.9
threshold=0 1 2 3 4 491.38499450683599 8.5000000000000018 21.500000000000004 9.5000000000000018 630.80017089843761 510.12500000000006 4.5000000000000009 21.500000000000004 5 6 7 8 1.0000000180025095e-35 2320.825073242188 9 10 -2.7749999761581416 1.0000000180025095e-35 1.0000000180025095e-35 656.88500976562511 26.445000648498539 11 57.82500076293946 inf 12
decision_type=1 1 9 9 9 8 10 2 2 2 2 2 2 1 1 9 1 2 2 1 9 8 2 2 10 8 1 10 8 1
left_child=-1 3 26 -2 8 6 14 -8 19 -10 11 12 20 -13 -5 -16 -11 -9 -19 -4 23 22 -17 -7 -25 -26 28 -28 29 -3
right_child=1 2 4 5 -6 10 7 17 9 16 -12 13 -14 -15 15 21 -18 18 -20 -21 -22 -23 -24 24 25 -27 27 -29 -30 -31
leaf_value=0.014224468198599169 0.00032473412550342273 0.084016203585238827 0.010768335215077935 -0.038768196809182108 -0.026969810035434482 0.030068008012131164 0.0064869507908070379 0.88450300836367335 -0.055034489128809566 0.10469556475466477 -0.01499294453399525 0.77629346336689875 1.3640303562878244 -0.06107250335971022 -0.05028797457564714 0.034660689374430648 0.023307412224074796 0.3758626326777107 -0.097952063313006849 -0.011104248125458573 -0.046515592598811648 -0.02109706447868287 -0.019874032356714501 -0.08902769524054932 0.49093115872133103 1.8034955787123699 0.11973516569453858 0.0049866669778854209 -0.050916498384232768 -0.0027764505142322078
leaf_weight=336967.06005229731 35934.702959693037 3284.4564916584641 18389.238906832412 29208.170615215786 23247.921233016998 6250.2418152370956 5354.3294875677675 14.562745684757827 955.10640898626298 1338.6977021740749 13936.71500619594 32.017602449283004 4.8824880830943576 20.509919116273522 7946.7954234536737 4747.1842324621975 5046.9837801880203 120.1820453684777 90.92951788008213 65815.825119493064 1260.6113891378045 68807.775154778268 5229.2589034261182 21.801293847616762 12.192945754621178 7.4996019690297553 808.47772050183266 32238.571783049963 675.21274064201862 1324.3682412798516
leaf_count=367297 204010 12101 95395 627579 144759 245139 70725 18 7991 6073 573333 289 184 508 85169 65268 38144 602 1268 476593 15487 1130737 92986 847 127 129 2306 231813 2290 6370
internal_value=0.00221552 -0.0099685 -0.00298629 -0.0159403 -0.00830613 -0.0200268 -0.0233709 0.0150321 -0.00356409 0.0281311 -0.0011667 0.0241551 0.0202534 0.585496 -0.0252192 -0.0206495 0.0405701 0.217774 0.171782 -0.00632761 0.0193846 -0.0176539 0.00607573 0.0326105 0.423448 0.990801 0.0129435 0.00779157 0.0450891 0.0592522
internal_weight=669092 332125 153125 179000 114794 143066 121519 5580 91545.9 7340.79 21546.5 7609.76 7557.23 52.5275 115939 86731 6385.68 225.674 211.112 84205.1 7552.35 78784.2 9976.44 6291.74 41.4938 19.6925 38331.1 33047 5284.04 4608.82
internal_count=4505537 4138240 1023835 3114405 768955 2910395 2074352 72613 624196 52208 836043 262710 261913 797 2001739 1374160 44217 1888 1870 571988 261729 1288991 158254 246242 1103 256 254880 234119 20761 18471
cat_boundaries=0 1 2 3 4 5 6 7 8 9 10 11 12 13
cat_threshold=2 300 9 1 192 8 96 88 4 640 162 129 102
is_linear=0
shrinkage=0.08


Tree=57
num_leaves=31
num_cat=13
split_feature=47 38 47 38 18 32 44 37 16 37 0 6 6 1 38 4 34 12 13 19 4 32 12 4 36 37 38 14 6 43
split_gain=16641.1 3073.41 1411.76 1168.6 1054.77 1151.93 1078.98 2169.37 1510.74 1008.69 1480.09 1163.81 2195.26 1034.58 1016.89 980.032 1257.52 1908.96 1478.7 2112.45 1303.25 976.677 962.353 1440.69 983.595 915.281 912.101 1214.52 910.57 903.654
threshold=0 1 2 3 453.77499389648443 -4.944999933242797 4 5 2.5000000000000004 6 1.5000000000000002 709.60003662109386 2283.1750488281255 2.5000000000000004 7 1.0000000180025095e-35 8 365.02499389648443 305.77499389648443 448.76998901367193 43.500000000000007 0.76499998569488536 159.9999923706055 11.500000000000002 9 10 11 1.0000000180025095e-35 1.0000000180025095e-35 12
decision_type=1 1 1 1 2 8 9 1 2 1 2 2 2 2 1 10 1 2 2 2 10 8 2 8 9 1 1 2 2 9
left_child=3 4 9 -1 5 -2 7 29 21 10 14 13 -13 -11 -3 -8 17 20 -19 -20 -17 -9 -4 24 -24 -25 27 -15 -21 -7
right_child=1 2 22 -5 -6 6 15 8 -10 11 -12 12 -14 26 -16 16 -18 18 19 28 -22 -23 23 25 -26 -27 -28 -29 -30 -31
leaf_value=0.017818753096802295 0.029715989080272971 0.0083513487497630743 -0.005313983803014892 0.0083268439220139916 -0.032119484550076349 -0.018028379022304336 -0.027718104132914624 -0.044625776846578653 0.72769960857417559 -0.012711268017308935 -0.036008125050573325 0.049845521528010847 -0.030121599110488902 0.064658763287146578 -0.024587868536028519 0.051884758263882745 -0.013879741337114485 -0.089171216987693813 1.7367972598249726 0.85586686700264991 0.57526996563525867 -0.0013199325696481477 -0.04086171912907597 0.033345010180094524 0.0052820330536021629 -0.053499527545628402 0.0060475070247639666 0.36994905608662676 -0.089441800711846695 0.060505664491002087
leaf_weight=182404.85981201776 3312.100869926624 12543.22885990236 56723.371243149042 152459.96261615772 44335.002053720877 1230.8929792456329 44970.763730919221 5888.5600337591022 17.311573382467031 61003.113658969291 22324.064402992371 5915.9711153819226 3495.0525080789812 1054.9022739059292 11480.825979752466 648.29816941497847 1668.4609579318203 15.410456924699245 11.658542674034832 14.999418909661474 31.949018377810717 7680.0598204634152 3592.2572909221053 15497.314203121699 16483.38127614744 810.11717889178544 3522.4942252952605 90.557643830776215 11.537982825189827 3924.3687566462904
leaf_count=190756 59638 83150 301183 177103 1194240 5313 953908 46813 41 743252 205770 68566 45853 6249 95208 9841 25890 327 80 19 183 41561 19183 61193 112082 5637 42049 244 219 13088
internal_value=0.000950112 -0.0118487 -0.00621114 0.013498 -0.0224779 -0.0163241 -0.0186306 -0.00238196 -0.019147 -0.011894 -0.0211731 -0.00616238 0.0201474 -0.00993366 -0.00739669 -0.0250586 0.0247259 0.111172 0.572318 0.8392 0.0764665 -0.020114 0.00119984 0.0113553 -0.00299247 0.0290184 0.0263655 0.0880259 0.444864 0.0417559
internal_weight=663163 328298 214537 334865 113761 69426.4 66114.3 18741.2 13585.9 121430 46348.1 75082.1 9411.02 65671.1 24024.1 47373.1 2402.31 733.854 53.6064 38.1959 680.247 13568.6 93106.4 36383.1 20075.6 16307.4 4667.95 1145.46 26.5374 5155.26
internal_count=4508639 4140780 1789619 367859 2351161 1156921 1097283 106816 88415 1290341 384128 906213 114419 791794 178358 990467 36559 10669 645 318 10024 88374 499278 198095 131265 66830 48542 6493 238 18401
cat_boundaries=0 1 2 3 4 5 6 7 8 9 10 11 12 13
cat_threshold=2 44 4 300 1 32 6 209 10 58 39 642 9
is_linear=0
shrinkage=0.08


Tree=58
num_leaves=31
num_cat=14
split_feature=47 36 34 37 42 47 34 35 3 36 37 18 45 3 19 3 19 6 6 3 36 33 19 21 27 37 6 45 14 19
split_gain=10278.5 1546.99 1358.23 1510.44 1746.17 1671.22 1077.56 1061.96 941.694 1207.32 1051.29 940.165 931.621 927.24 924.61 862.364 845.907 1328.89 1079.9 1121.63 845.82 842.049 840.605 1040.07 1622.32 995.553 978.102 1270.78 1679.76 977.909
threshold=0 1 2 3 4 5 6 7 516.51501464843761 8 9 323.77499389648443 10 1.0000000180025095e-35 4282.3500976562509 412.21499633789068 5928.9248046875009 620.42495727539074 477.08999633789068 675.26501464843761 11 1.5000000000000002 3925.7500000000005 1.0000000180025095e-35 7.5000000000000009 12 959.77514648437511 13 6.5000000000000009 25.029999732971195
decision_type=1 9 1 1 9 1 1 1 8 9 1 2 9 10 2 10 2 2 2 10 9 2 2 2 8 1 2 9 2 2
left_child=6 -2 8 13 12 14 20 -7 10 22 15 -9 -5 -4 -6 -3 -15 18 -18 -20 -1 -12 23 25 -25 -10 27 28 -26 -27
right_child=1 2 3 4 5 7 -8 11 9 -11 21 -13 -14 16 -16 -17 17 -19 19 -21 -22 -23 -24 24 26 29 -28 -29 -30 -31
leaf_value=0.020808198990731847 -0.029133221881870459 -0.0022406120277810894 0.073155207215803916 0.056934983293767914 -0.0065703103818768706 0.031944379748145041 0.0078529109504321855 0.011608836338386367 0.048976851304091198 -0.05756672162154744 -0.031947419712868644 -0.013716123902291915 0.0083716820906099797 -0.013778260983635856 -0.057334602784543977 -0.077446359573434903 0.08501362114434026 -0.044511127190893146 0.23195361296397476 0.86970183354974961 0.0080313912953538756 0.21699913985214814 -0.072747027444830054 1.014369637935093 0.24804837634210095 0.054695690292392157 -0.026510685578332503 -0.079293855913468006 2.0629773784357908 -0.043810554367053604
leaf_weight=111509.31747137825 20307.465100158006 16749.379285986535 808.60323184169829 5125.0178551338613 91866.138208918273 10942.337102779653 171080.15078935982 31983.334089399315 3170.3100118411239 1564.0027633756399 29711.607099510264 13276.157972693443 5005.8577895537019 87713.705116746947 2355.1325669926591 1036.1854610336013 522.52324229013175 474.45993588073179 86.296983278356493 22.187123073264956 47254.181271871785 87.212332189083099 582.4511110088788 12.881173922680317 292.61487309448421 914.87476759520359 222.62462679808959 91.918249719077721 3.3005030839703968 2186.3939662850462
leaf_count=112275 161227 197990 624 61503 1428600 35351 200430 191340 170832 18133 556761 98496 64986 821437 56155 17387 3987 6510 539 124 54745 500 42043 202 10919 37819 12749 5488 155 135464
internal_value=0.00229424 -0.007754 -0.00633776 -0.00380501 0.000839486 -0.00132658 0.0122594 0.00959146 -0.0175252 0.00613919 -0.0220253 0.00417924 0.0329709 -0.012124 -0.0078392 -0.00661837 -0.0129018 0.056642 0.1327 0.362386 0.0170061 -0.0312084 0.0195151 0.0273373 0.125893 0.0175417 0.107146 0.183868 0.259521 -0.0147038
internal_weight=656959 327115 306808 250182 160554 150423 329844 56201.8 56625.8 9041.37 47584.4 45259.5 10130.9 89627.8 94221.3 17785.6 88819.2 1105.47 631.007 108.484 158763 29798.8 7477.37 6894.92 623.339 6271.58 610.458 387.834 295.915 3101.27
internal_count=4504771 4137321 3976094 2769652 1936431 1809942 367450 325187 1206442 433804 772638 289836 126489 833221 1484755 215377 832597 11160 4650 663 167020 557261 415671 373628 29513 344115 29311 16562 11074 173283
cat_boundaries=0 1 2 3 4 5 6 7 8 9 10 11 12 13 14
cat_threshold=2 25 96 20 1 4 28 9 128 38 3 128 120 7
is_linear=0
shrinkage=0.08


Tree=59
num_leaves=31
num_cat=20
split_feature=37 2 38 2 34 4 45 40 38 5 38 35 42 45 45 38 34 23 8 27 5 35 41 34 38 37 17 38 37 18
split_gain=1549.19 1127 1063.89 1192.91 1163.97 835.354 660.743 873.257 784.35 624.567 610.294 561.32 633.497 544.844 538.813 535.282 499.105 497.834 472.623 543.592 415.533 405.015 509.255 697.081 699.576 602.793 639.597 938.817 475.648 401.193
threshold=0 inf 1 inf 2 1.5000000000000002 3 4 5 13.500000000000002 6 7 8 9 10 11 12 4.5000000000000009 2.5000000000000004 7.5000000000000009 13.500000000000002 13 14 15 16 17 16.500000000000004 18 19 3905.0500488281255
decision_type=1 8 1 8 1 10 9 1 1 2 1 1 9 9 9 1 1 2 2 8 2 1 9 1 1 1 2 1 1 2
left_child=2 5 3 14 17 6 18 8 20 -4 11 12 -9 15 -1 -6 -3 -5 29 -20 -8 22 -12 24 25 -24 -27 -28 -23 -2
right_child=1 16 9 4 13 -7 7 10 -10 -11 21 -13 -14 -15 -16 -17 -18 -19 19 -21 -22 28 23 -25 -26 26 27 -29 -30 -31
leaf_value=0.019903848729630507 0.0061922629655691667 -0.0022848415407110251 -0.0090470907112434034 0.020131622667675746 -0.013834189455365378 0.014627692040908866 0.022276858449729171 0.29666773404699937 0.0029384877659691623 0.030741352333432843 -0.0097542260696418543 -0.061800574504097157 0.002052433718416952 -0.14092523908161053 0.0011520341337834532 -0.070934515956120617 -0.033581334692594694 0.23046742561046571 0.27631586266716385 -0.027333662010294541 0.11493499100391191 -0.010434870292200088 0.022947471125811043 0.0059317711394431746 0.018213607289686445 0.11532777695249459 0.62225198760807165 0.00098174741407317835 -0.00020810492648221915 0.018880908205174941
leaf_weight=20699.117490660399 171168.27962113265 6065.1304606006015 133552.36723466846 1699.5393867651001 2403.0082019427791 47774.92191110854 15667.768846084364 45.998542262241244 37584.435431550257 2573.5597385566216 10214.000858144835 1847.5297945747152 293.33842752128839 359.23891186947003 18643.43001873605 1880.6089488919824 7065.8193367288914 75.204284680075943 38.189542463049293 3148.3006597196218 316.00254345685244 47416.443133324385 521.46808072179556 22688.442974208388 2530.5535470694304 702.05145434197038 29.497558219358325 35.797454931773245 75362.381499476731 17586.411346064182
leaf_count=56837 1375359 17127 658105 3104 7514 259862 57295 155 284710 11256 111452 8993 906 1919 58773 5878 22830 61 187 32638 584 473041 1942 224278 17621 2526 86 214 602825 206118
internal_value=0.00151851 0.00395302 -0.00474691 0.00580511 -0.0261749 0.00461997 0.0034458 0.000402553 0.00925412 -0.00829425 -0.00253042 -0.0444091 0.0493379 -0.047181 0.0110232 -0.0390094 -0.0191529 0.0288818 0.00685833 -0.0236945 0.0240937 -0.00195349 0.00541688 0.0112641 0.0428418 0.090686 0.135832 0.377095 -0.00415815 0.00737447
internal_weight=649989 468103 181886 45760.1 6417.6 454972 407197 215256 53568.2 136126 161688 2186.87 339.337 4642.86 39342.5 4283.62 13130.9 1774.74 191941 3186.49 15983.8 159501 36721.8 26507.8 3819.37 1288.81 767.346 65.295 122779 188755
internal_count=4504196 3700749 803447 134086 18476 3660792 3400930 1786628 342589 669361 1444039 10054 1061 15311 115610 13392 39957 3165 1614302 32825 57879 1433985 358119 246667 22389 4768 2826 300 1075866 1581477
cat_boundaries=0 1 2 3 4 5 6 7 8 9 10 11 12 13 14 15 16 17 18 19 20
cat_threshold=4 641 112 14 4 707 128 8 3 13 1 640 104 24 21 67 624 32 16 65
is_linear=0
shrinkage=0.08


Tree=60
num_leaves=31
num_cat=12
split_feature=47 31 47 37 24 35 3 42 7 18 37 3 41 42 3 0 43 37 45 16 7 3 23 18 13 19 7 2 6 34
split_gain=9913.23 1871.83 1645.89 1368.54 1303.69 1187.13 1035.63 1022.59 1336.16 891.261 852.648 1261.48 820.027 739.017 724.406 1424.89 1487.09 1084.33 1759.64 2289.47 2912.61 1773.12 1110.73 1968.47 1143.71 2553.45 1058.72 3068.53 1266.91 889.141
threshold=0 1.0000000180025095e-35 1 2 -1.0000000180025095e-35 3 135.02500152587893 4 2497.7751464843755 725.27499389648449 5 9.4849996566772479 6 7 491.38499450683599 1.5000000000000002 8 9 10 3.5000000000000004 1404.9749145507815 572.31500244140636 2.5000000000000004 32.024999618530281 791.80499267578136 804.22500610351574 1599.0500488281252 1.5000000000000002 519.00003051757824 11
decision_type=1 10 1 1 2 1 8 9 2 2 1 10 9 9 8 2 9 1 9 2 2 8 2 2 2 2 2 10 2 1
left_child=9 2 7 13 5 -5 -3 8 14 -1 11 -7 -12 -4 15 29 -17 18 19 -16 -21 22 26 -24 -25 -26 -20 28 -28 -2
right_child=1 6 3 4 -6 10 -8 -9 -10 -11 12 -13 -14 -15 17 16 -18 -19 21 20 -22 -23 23 24 25 -27 27 -29 -30 -31
leaf_value=0.0085462544233987966 -0.028533757139045469 -0.019505752053141593 -0.021076218851604628 0.014645924446609978 0.096854841751301213 0.072525288376923541 0.043149830461742936 -0.021089975577486268 -0.069032952975415771 0.018240153238990767 -0.010759027338672331 -0.017232777931459688 0.0080919455092105866 -0.088596881906321187 0.060412776861071257 -0.051556309550675583 -0.012515545182400133 -0.012388625706448256 0.029351112736673294 -0.097162903620492749 1.753304009510575 -0.026892195013646657 1.3409554003298545 0.10906186551067679 2.0165819951311788 0.23548494857813113 0.74212774649931479 1.9493514772530436 -0.087762467641420316 0.0010006072894201282
leaf_weight=244767.72972615529 7670.7394750630483 2260.1682537505403 2800.8782079550438 22507.416319630109 860.67303885053843 1029.0859948806465 6673.607737923041 85083.867904609069 2335.8496890226379 80716.859043488628 25276.569942705333 38218.459742959589 35495.913771643303 1658.0952011155896 4049.203583980212 9536.2834575097077 18116.665955482051 10961.837810148252 1340.8562857855577 10.292545061558487 11.555542663671075 4807.5665459425654 9.928965565748511 171.90759327635169 6.7414789935573962 21.841873425524682 17.002202121540904 6.9645490450784555 38.277440555393696 43309.02359568933
leaf_count=283781 176714 6845 76866 104830 2578 3007 28748 1123979 62420 83937 249231 266107 221541 30985 197664 230688 237691 244726 46823 518 197 226044 153 4776 6 793 93 197 1928 591495
internal_value=0.00108706 -0.00881253 -0.00983554 -0.00283624 -0.00126075 -0.00195005 0.0272985 -0.0146079 -0.0092201 0.0109502 -0.00568552 -0.0148755 0.000250944 -0.0463262 -0.00782509 -0.0113801 -0.0260022 0.00520479 0.0235751 0.0646608 0.881557 -0.00253371 0.0700279 0.241427 0.186975 0.655563 0.0443236 0.366859 0.167484 -0.00344872
internal_weight=649772 324287 315353 127847 123388 122527 8933.78 187506 102423 325485 100020 39247.5 60772.5 4458.97 100087 78632.7 27652.9 21454 10492.1 4071.05 21.8481 6421.09 1613.52 210.42 200.491 28.5834 1403.1 62.2442 55.2796 50979.8
internal_count=4505361 4137643 4102050 955145 847294 844716 35593 3146905 2022926 367718 739886 269114 470772 107851 1960506 1236588 468379 723918 479192 198379 715 280813 54769 5728 5575 799 49041 2218 2021 768209
cat_boundaries=0 1 2 3 4 5 6 7 8 9 10 11 12
cat_threshold=2 4 16 9 25 68 34 11 37 89 6 64
is_linear=0
shrinkage=0.08


Tree=61
num_leaves=31
num_cat=17
split_feature=47 47 24 37 46 44 43 7 33 34 46 44 31 45 35 19 37 35 9 42 19 19 34 30 43 17 19 12 13 34
split_gain=9234.11 1722.86 1065.64 1039.34 946.326 1790.26 866.578 943.731 864.372 863.576 738.721 1118.41 1035.35 845.62 720.957 703.374 736.031 1301.28 789.941 931.006 760.911 1102.9 948.923 939.675 760.112 732.94 908.596 1021.2 794.229 684.609
threshold=0 1 -1.0000000180025095e-35 2 3 4 5 500.05000305175787 1.0000000180025095e-35 6 7 8 1.0000000180025095e-35 9 10 3175.3798828125005 11 12 1.0000000180025095e-35 13 215.05000305175784 175.0100021362305 14 1.0000000180025095e-35 15 15.500000000000002 1181.7249755859377 1332.049987792969 314.55500793457037 16
decision_type=1 1 2 1 1 9 9 2 2 1 1 9 10 9 1 2 1 1 2 9 2 2 1 2 9 2 2 2 2 1
left_child=4 8 3 -3 9 -6 7 -5 10 -1 12 -12 15 -13 -8 16 24 18 20 -20 21 -18 25 -24 -2 -22 27 28 -27 -10
right_child=1 2 -4 6 5 -7 14 -9 29 -11 11 13 -14 -15 -16 -17 17 -19 19 -21 22 -23 23 -25 -26 26 -28 -29 -30 -31
leaf_value=0.015637120870676931 -0.032972443211893972 0.047639196900158581 0.077914221157160179 -0.012060112982868092 -0.044728097076197501 0.016705006522162995 0.013760007829087571 -0.064989181741348559 0.11211022506006695 0.0071925862987497991 0.041728204776280961 0.0019785647513040671 0.025581379360279662 -0.080710686774617013 -0.0034974915039681703 -0.040879821456236316 -0.0072802480094155487 -0.0345307051505752 0.21814697584842269 -0.083660438777762733 -0.014795687426202136 0.086971045142122491 -0.060252997552048326 0.81865949338054966 -0.0095737798095842114 0.31636179947504156 -0.020399869141464771 0.44582287781059005 -0.092785393784164755 0.010824549595603989
leaf_weight=148744.49578622961 9724.4637384996749 2597.362381067127 1067.1052931817248 18890.208903667517 5604.8820450506173 6623.6840996108949 18852.796333840117 2433.7175520611927 478.15985521348193 161958.81916042487 3683.9088985603303 3200.0013453792781 3845.6881729932502 1042.3143048477359 86712.257015284617 7192.3604786805809 18235.006131431088 29105.93907047878 189.78174902964383 94.251423801295459 2372.18941071257 830.78466815501451 4114.9892316311598 7.7998934825882307 102506.94344262267 52.162083504721522 196.79996898770332 78.937558640260249 72.663022555410862 3473.3897131779231
leaf_count=158203 253508 13296 3007 247197 11279 7362 68712 45543 9199 190271 11090 6689 17481 12699 585028 198083 208162 459222 1011 1518 30711 9289 68521 25 1844313 342 2448 366 1016 38871
internal_value=0.000825129 -0.00878253 -0.00170341 -0.00235954 0.0103769 -0.0114524 -0.00338649 -0.0180925 -0.013634 0.011236 -0.0144183 0.00948006 -0.0154788 -0.0185233 -0.000414474 -0.0163823 -0.0153309 -0.0228815 -0.00995441 0.122732 -0.0114099 -0.00317328 -0.0341838 -0.0584484 -0.011604 0.0020984 0.1022 0.220611 0.0781896 0.0233918
internal_weight=643984 321052 130553 129486 322932 12228.6 126889 21323.9 190499 310703 186547 7926.22 178621 4242.32 105565 174775 167583 55351.3 26245.4 284.033 25961.3 19065.8 6895.54 4122.79 112231 2772.75 400.563 203.763 124.825 3951.55
internal_count=4504462 4137347 962783 959776 367115 18641 946480 292740 3174564 348474 3126494 30478 3096016 19388 653740 3078535 2880452 782631 323409 2529 320880 217451 103429 68546 2097821 34883 4172 1724 1358 48070
cat_boundaries=0 1 2 3 4 5 6 7 8 9 10 11 12 13 14 15 16 17
cat_threshold=2 4 66 1 1 35 28 1 2 14 9 105 32 48 13 34 65
is_linear=0
shrinkage=0.08


Tree=62
num_leaves=31
num_cat=17
split_feature=47 38 6 42 34 37 17 7 41 2 43 4 46 1 18 34 44 41 4 17 43 47 6 35 18 38 38 2 1 41
split_gain=7462.85 1826.8 1357.43 1436.88 1307.02 1191.22 1451.36 1159.6 1138.79 1514.12 1348.67 1294.32 1101.13 960.068 922.598 892.048 860.906 850.194 1076.82 846.302 814.009 1240.21 856.931 807.806 812.326 754.421 743.581 1169.23 737.108 1633.76
threshold=0 1 6718.3950195312509 2 3 4 62.500000000000007 2497.7751464843755 5 inf 6 inf 7 1.0000000180025095e-35 1679.0250244140627 8 9 10 1.0000000180025095e-35 5.5000000000000009 11 12 346.67500305175787 13 510.12500000000006 14 15 inf 3.5000000000000004 16
decision_type=1 1 2 9 1 1 2 2 9 8 9 8 1 2 2 1 9 9 10 2 9 1 2 1 2 1 1 8 2 9
left_child=13 8 3 4 17 25 7 14 9 11 15 -2 -6 26 20 -10 -14 -3 -19 -20 21 22 -7 24 -12 -5 -1 -28 -27 -30
right_child=1 2 -4 5 12 6 -8 -9 10 -11 23 -13 16 -15 -16 -17 -18 18 19 -21 -22 -23 -24 -25 -26 28 27 -29 29 -31
leaf_value=0.010791966413752655 -0.0017908421111079422 -0.0043993025893254416 -0.04691603614172684 -0.020835116027770582 -0.012195871402219538 0.21182653919888444 0.30113273420239312 0.12294928605468912 0.10587506593731799 -0.068085532211797001 0.021889119067516782 0.47068212384274655 0.092997353641996225 0.017751580215000437 -0.080630694590185112 0.0322274621321453 0.0064812284405879892 0.011872086017957906 0.1179172049937721 0.011370390696484369 -0.02784678535230432 -0.11125476410636127 0.85470387291112926 0.0023141373349118443 0.13020360940357059 -0.005330734995807657 0.004026039932955929 -0.033722806637987421 0.24935041950123552 0.0029257176174751092
leaf_weight=160899.81312367355 41646.879932271317 23840.181295033544 6387.1745394875761 26925.562899071723 75135.957344481023 114.50185242202133 85.560809948015958 319.75452089472674 1294.1384889222682 2297.1044148858637 1502.6244872007519 37.141207696869969 1091.9785209689289 79825.388075908646 2172.0171412006021 5663.5080198543146 2258.7234308738261 23346.559894294478 1145.9952885732055 817.44740780536085 34202.419339842629 82.007066949270666 15.009449738077818 24239.832200161181 628.48015333153307 43519.002103868406 76004.18536308175 5641.126354213804 224.71645368356258 658.15996176563203
leaf_count=181747 274667 285451 114416 318180 1716733 893 386 2254 1559 10611 5654 37 3726 83182 32431 25051 12756 250836 9354 8940 405459 752 42 113377 1916 534333 90768 11748 1524 6177
internal_value=0.00155278 -0.00710897 -0.0105246 -0.00953991 -0.00378766 -0.0163162 -0.0279666 -0.0287371 0.00359878 -0.00485327 0.0147504 -0.00136986 -0.0101935 0.0101415 -0.0300628 0.0460584 0.0346764 0.00644171 0.0166509 0.0735582 -0.0268713 0.126217 0.286332 0.00647585 0.0535805 -0.0102711 0.00763691 0.00141768 -0.00386173 0.0685051
internal_weight=642023 319652 242343 235956 127637 108319 36991.3 36905.7 77309.7 43981.1 33328.6 41684 78486.7 322371 36586 6957.65 3350.7 49150.2 25310 1963.44 34413.9 211.518 129.511 26370.9 2131.1 71327.4 242545 81645.3 44401.9 882.876
internal_count=4504960 4137515 3704643 3590227 2287796 1302431 442217 441831 432872 285315 147557 274704 1733215 367445 439577 26610 16482 554581 269130 18294 407146 1687 935 120947 7570 860214 284263 102516 542034 7701
cat_boundaries=0 1 2 3 4 5 6 7 8 9 10 11 12 13 14 15 16 17
cat_threshold=2 643 25 7 105 35 12 1 32 2 19 2 4 16 68 364 2
is_linear=0
shrinkage=0.08


Tree=63
num_leaves=31
num_cat=9
split_feature=47 32 2 4 36 43 32 32 44 49 19 7 19 32 10 37 7 39 36 5 16 37 19 7 4 32 24 17 33 7
split_gain=5629.6 2626.94 1113.96 1147.36 1052 1020.2 930.094 852.811 844.372 800.347 709.846 1217.42 825.308 1636.06 1145.38 1398.92 1887 1057.89 771.932 832.775 686.719 752.744 670.03 962.072 644.077 666.639 956.158 815.486 640.793 640.635
threshold=0 -1.955000042915344 inf inf 1 2 inf 2.2849999666213994 3 4 611.12500000000011 57.250003814697273 190.0199890136719 -4.2550001144409171 1.0000000180025095e-35 5 140.54999542236331 6 7 3.5000000000000004 2.5000000000000004 8 258.82499694824224 292.77499389648443 1.5000000000000002 9.6649999618530291 7.5000000000000009 47.500000000000007 1.0000000180025095e-35 1.0000000180025095e-35
decision_type=1 10 8 8 9 9 8 10 9 9 2 2 2 8 2 1 2 9 9 2 2 1 2 2 8 10 2 2 2 2
left_child=6 2 10 -4 7 -5 -1 9 -9 -3 11 28 13 14 18 16 17 -16 19 -13 -12 -22 -14 -24 -10 27 -27 -26 -2 -6
right_child=1 4 3 5 29 -7 -8 8 24 -11 20 12 22 -15 15 -17 -18 -19 -20 -21 21 -23 23 -25 25 26 -28 -29 -30 -31
leaf_value=0.011863741167518998 0.0006407538735390385 0.41677647886064895 -0.063507305094519489 0.073739587264599157 -0.035537356814238315 -0.028032817832341343 0.0024510321344702029 0.023714613252130881 -0.011938261473647111 -0.014298763763061216 -0.011236788376679517 0.14357089057669106 -0.020426740032607991 0.026071905147176781 0.97604439737520476 0.036961462315167448 1.7381421766387077 -0.089904996902176695 0.07352355349247873 0.51562354711971259 0.1122883028796887 -0.075558574797336894 0.045784479599921366 -0.00084302624350505171 -0.0053299204212878207 0.029556631062114619 0.33906301485747259 0.20758822597929807 0.055141379920373546 -0.014842743115822494
leaf_weight=221839.91772273323 81820.755763920024 27.57346627721563 3275.7068052338436 939.31055406108499 17436.944069715217 1867.0278206467628 96373.044291178696 7446.0965511859395 30745.644437609939 86116.132808603463 23194.765319508268 114.24325272813439 3769.6079732021317 10361.978938565589 13.276127997785807 50.026426263619214 11.640137393958865 10.810860042925924 1137.8266500118189 58.077124489471316 552.89419587189332 174.67702254420146 4814.9430026018526 6876.9848162115086 10109.413947813679 4451.8612942488398 64.810818042140454 116.451506331563 1404.3841009540483 21229.535264766775
leaf_count=245503 892268 107 12877 768 149746 5685 121742 38558 770107 1084374 439642 501 59497 140779 84 653 128 307 14295 67 8101 2013 73092 111529 112690 43133 297 907 8349 167109
internal_value=0.00148904 -0.00603541 0.00214186 -0.031346 -0.0124969 0.00619433 0.00901304 -0.00924941 -0.00125854 -0.0141608 0.00365767 0.00636384 0.0210506 0.0370249 0.11833 0.401581 0.704579 0.497619 0.0997905 0.254212 -0.00883618 0.0676944 0.00890283 0.018359 -0.00534647 0.00840076 0.0339978 -0.00290522 0.00156043 -0.0241689
internal_weight=636406 318193 140449 6082.05 177744 2806.34 318213 139078 52934.3 86143.7 134367 110445 27219.4 11757.9 1395.9 85.7536 35.7271 24.087 1310.15 172.32 23922.3 727.571 15461.5 11691.9 45488.2 14742.5 4516.67 10225.9 83225.1 38666.5
internal_count=4504908 4137663 1770635 19330 2367028 6453 367245 2050173 965692 1084481 1751305 1301549 400932 156814 16035 1172 519 391 14863 568 449756 10114 244118 184621 927134 157027 43430 113597 900617 316855
cat_boundaries=0 1 2 3 4 5 6 7 8 9
cat_threshold=2 129 12 1 2 1 1 18 49
is_linear=0
shrinkage=0.08


Tree=64
num_leaves=31
num_cat=7
split_feature=47 18 36 32 4 5 32 36 45 4 32 13 13 34 3 4 24 5 37 32 36 12 18 4 5 3 3 3 18 11
split_gain=5041.04 1349.97 909.425 815.199 964.413 739.134 752.995 749.205 781.293 1217.56 923.919 1216.23 1200.69 1511.95 1019.15 735.395 734.183 760.432 713.461 702.443 739.62 639.664 1363.54 1355.38 902.894 756.064 1617.51 1918.11 2483.34 1862.74
threshold=0 934.42501831054699 1 -1.4450000524520872 1.5000000000000002 21.500000000000004 7.8350000381469735 2 3 7.5000000000000009 5.4949998855590829 161.02500915527347 132.00001525878909 4 807.77999877929699 2.5000000000000004 7.5000000000000009 14.500000000000002 5 1.7050000429153445 6 1.0000000180025095e-35 119.27499771118165 47.500000000000007 1.5000000000000002 313.23500061035162 389.43499755859381 365.31500244140631 605.60000610351574 2.5000000000000004
decision_type=1 2 9 10 10 2 10 9 9 10 10 2 2 1 10 10 2 2 1 10 9 2 2 10 2 10 10 10 2 2
left_child=3 2 -2 -1 19 7 -7 8 9 10 -6 12 13 -12 -15 -14 17 -13 -10 -5 -21 -20 23 -23 25 -24 27 -27 29 -29
right_child=1 -3 -4 4 5 6 -8 -9 18 -11 11 16 15 14 -16 -17 -18 -19 21 20 -22 22 24 -25 -26 26 -28 28 -30 -31
leaf_value=-0.0046381964984898161 0.005617917292025907 0.014404309427804114 -0.004063105349116268 -0.025390619883112749 0.034029933810113086 0.29370921217662621 -0.095920855880523667 -0.040520219831684044 -0.06417857939965714 0.0056833184365445259 0.66412622184354519 -0.015074221994375593 0.83982668824307238 0.095800964275947309 0.72315841216761234 0.30357072618095832 0.46120124041912475 0.4222889051924541 -0.046357974618857913 -0.0077900759794004197 -0.049883845250409856 0.20405343218142033 0.0053380002851944729 1.0994599063781469 -0.023611191814413179 0.16481329170828285 0.027208421432476891 0.65455373606080114 -0.087837963687631776 1.8542755198261922
leaf_weight=91953.766127807787 273301.89355626423 89752.336493954062 80355.736287598033 42589.359805737855 1023.1537406621501 109.28112177876756 44.740919731091708 1980.2469468303025 1213.7835327682551 3529.2307561645284 28.8288056650199 348.46865364769474 30.490652685984969 344.64090625895187 17.409586662426591 35.331418602727354 25.406859954819083 27.44618671014905 906.23717987909913 38279.346436055843 2863.3618633840233 115.88741108123213 296.14048071578145 11.933411343023179 1178.7165748772677 82.787979458458722 177.74675531173125 19.123796993866563 14.171336869709192 14.610664155334232
leaf_count=1513142 860146 273154 197282 658911 10534 562 606 17423 13574 41686 125 4720 77 3295 41 170 21 211 10673 838163 32620 909 3746 168 18059 1079 3426 224 290 83
internal_value=0.000993983 0.00564202 0.0034183 -0.0100119 -0.0151966 0.00644691 0.180528 0.00409944 0.0134865 0.0333291 0.0853717 0.146595 0.23588 0.18265 0.122582 0.55198 0.0449888 0.0168584 -0.0131618 -0.0181887 -0.0107336 0.00896663 0.035248 0.287649 0.0171568 0.0966397 0.1843 0.39795 0.800842 1.17416
internal_weight=630672 443410 353658 187262 95307.9 11575.8 154.022 11421.8 9441.55 5410.41 1881.18 858.023 456.701 390.879 362.05 65.8221 401.322 375.915 4031.14 83732.1 41142.7 2817.36 1911.12 127.821 1783.3 604.581 308.441 130.694 47.9058 33.7345
internal_count=4505120 1330582 1057428 3174538 1661396 131702 1168 130534 113111 60880 19194 8660 3708 3461 3336 247 4952 4931 52231 1529694 870783 38657 27984 1077 26907 8848 5102 1676 597 307
cat_boundaries=0 1 2 3 4 5 6 7
cat_threshold=4 177 193 9 16 4 226
is_linear=0
shrinkage=0.08


Tree=65
num_leaves=31
num_cat=16
split_feature=47 38 44 40 35 11 41 35 45 45 17 13 34 38 42 34 18 14 14 6 41 13 18 7 11 13 42 38 23 7
split_gain=6051.29 1553.45 1136.39 1574.61 1132.18 1050.15 975.109 1253.02 864.053 762.865 1127.53 1804.22 2133.89 750.278 944.705 730.584 1192.85 1416.56 934.017 829.941 809.129 1375.4 1316.81 1440.42 1064.14 847.416 1205.64 726.131 672.255 750.661
threshold=0 1 2 3 4 11.500000000000002 5 6 7 8 3.5000000000000004 43.32500076293946 9 10 11 12 18301.831054687504 1.0000000180025095e-35 16.500000000000004 1951.9749755859377 13 464.04998779296881 1227.549987792969 218.6499938964844 6.5000000000000009 526.00500488281261 14 15 3.5000000000000004 545.00003051757824
decision_type=1 1 9 1 1 2 9 1 9 9 2 2 1 1 9 1 2 2 2 2 9 2 2 2 2 2 9 1 2 2
left_child=1 15 3 -3 -2 6 7 28 -4 10 11 -8 -13 14 -11 18 20 -18 19 -1 -17 -22 23 25 -25 -23 -27 -7 29 -5
right_child=4 2 8 5 -6 27 9 -9 -10 13 -12 12 -14 -15 -16 16 17 -19 -20 -21 21 22 -24 24 -26 26 -28 -29 -30 -31
leaf_value=0.022535220032190568 0.014114711213072749 -0.033998371215805109 -0.015503289188928912 0.13540979265461869 0.0039938206680591361 0.021015486694497942 0.054152529709674921 0.022411971463307406 -0.036050585814828826 0.075172174182848744 -0.098434844626511059 0.60499458818908414 -0.008649247917233269 -0.015078186203747459 -0.017359828884281239 -0.023244366483884737 0.52201818074759898 0.061753576784835645 0.53304689370878489 -0.098132317711361217 -0.0046546623914458544 0.400626581682614 -0.0080549946820257252 -0.060479189978194854 0.12573127362271122 -0.004271890497359738 0.34729147082009548 -0.092019482754778809 -0.11211163847742961 -0.09710841474076698
leaf_weight=11753.447328047827 88260.08216528804 6426.48100319691 108592.57078540733 1318.090619451832 356339.10495976196 570.01690877787769 542.42378985509276 4933.1915079001337 14904.388546208385 1531.0895501766354 188.25301942043006 82.861992115154862 68.596248954534531 8029.2466487241909 1301.9047539941967 10082.706253861543 57.317804906517267 168.91343949222937 22.645650804042816 376.4777584518306 10911.384705897421 142.82202998548746 911.88962963502854 302.63029931671917 559.6159824160859 145.77930963877589 104.81408753991127 995.1762157343328 84.846404638141394 95.284459250979125
leaf_count=82596 113803 58458 2304933 10036 1216710 2774 3097 22631 424430 3116 3102 562 839 41774 4997 89354 146 944 52 3858 82502 433 6884 2462 3026 1111 454 11916 1485 2343
internal_value=0.000942192 -0.0112076 -0.0147774 0.000365608 0.00600339 0.0115638 0.0169843 0.0419945 -0.0179872 0.00324981 0.0743656 0.122319 0.366446 -0.00258867 0.0327375 0.00382829 -0.00444038 0.178366 0.0197321 0.01879 -0.00622786 0.00690286 0.0651149 0.118253 0.0603753 0.245102 0.156463 -0.0513077 0.105898 0.119734
internal_weight=629804 185205 149664 26167.5 444599 19741 18175.8 6431.41 123497 11744.4 882.135 693.882 151.458 10862.2 2832.99 35540.4 23387.9 226.231 12152.6 12129.9 23161.6 13078.9 2167.55 1255.66 862.246 393.415 250.593 1565.19 1498.22 1413.38
internal_count=4500828 3170315 2896493 167130 1330513 108672 93982 36495 2729363 57487 7600 4498 1401 49887 8113 273822 187316 1090 86506 86454 186226 96872 14370 7486 5488 1998 1565 14690 13864 12379
cat_boundaries=0 1 2 3 4 5 6 7 8 9 10 11 12 13 14 15 16
cat_threshold=4 657 1 1 24 21 17 13 2 68 6 25 100 37 50 320
is_linear=0
shrinkage=0.08


Tree=66
num_leaves=31
num_cat=11
split_feature=47 38 36 1 45 3 38 36 35 1 22 32 3 3 45 6 6 11 17 34 17 36 32 32 12 3 3 17 45 32
split_gain=4747.74 2063.35 1126.72 1112.19 1032.34 879.598 1172.91 1015.98 1616.96 4057.43 8599.51 1399.37 1577.03 6447.56 958.241 965.849 1141.03 1404.92 1188.53 1019.35 1193.6 1041.75 1035.41 943.556 907.728 1296.83 906.712 3388.7 2468.37 2533.78
threshold=0 1 2 1.5000000000000002 3 491.38499450683599 4 5 6 3.5000000000000004 1.5000000000000002 86.460002899169936 586.39001464843761 563.35998535156261 7 419.01501464843756 8054.8251953125009 39.500000000000007 47.500000000000007 8 4.5000000000000009 9 11.784999847412111 26.445000648498539 437.47500610351568 231.53499603271487 503.63999938964849 43.500000000000007 10 0.13499999791383746
decision_type=1 1 9 2 9 8 1 9 1 2 2 10 10 10 9 2 2 2 2 1 2 9 8 8 2 10 8 2 9 10
left_child=1 4 3 -2 -1 6 -3 8 9 11 -11 26 13 -13 -8 -16 17 19 -19 20 -17 -21 -23 24 25 -22 27 28 29 -7
right_child=2 5 -4 -5 -6 7 14 -9 -10 10 -12 12 -14 -15 15 16 -18 18 -20 21 23 22 -24 -25 -26 -27 -28 -29 -30 -31
leaf_value=-0.041022400311925909 0.0059458363762523595 -0.031581873543496466 -0.0018385358077375902 0.019564632707173419 0.019970483435770698 0.69960763873605547 0.010016232810613479 -0.024608938602571948 -0.0071057688888739911 -0.083426317155468666 5.8775881885876018 -0.082585034510563898 0.24185769073789232 4.2846570929146326 -0.01805879157772864 -0.044271148236795115 -0.066965668668137621 0.37915012012744159 0.042478488623539701 -0.019649379815480313 -0.08846261341597518 0.078922246690338135 -0.074151028644739755 0.14141247405525328 0.031903344207574215 0.78933923167239062 0.032220267027979782 3.5365427899778341 0.013876798991612673 2.7281950394318528
leaf_weight=1955.4637153716758 296366.36363899871 23597.753309548832 103046.1902146074 44087.075065068435 18530.181115822867 18.083288299618292 11399.396836847998 7286.5657623410225 11930.826082807966 4.4498034175485364 2.3758304268121719 6.5019169864244741 42.349370675859973 3.2424470281694084 84104.315139693208 1041.4115938544273 1408.8487964896485 118.07222209312022 155.47691704425961 9331.3340534581803 19.399846971035004 1390.7687425063923 354.99521485902369 631.68629160709679 3853.2228205474094 24.217581146396697 6527.1701603465481 1.9566187190357585 129.24361557955854 5.0385639313608399
leaf_count=15465 1029144 602102 244652 55953 110285 786 77996 80999 297872 373 81 367 844 120 1237313 14899 14379 575 1950 165406 289 10905 3693 7024 51164 162 470566 125 9267 270
internal_value=0.00100982 -0.00979845 0.00549092 0.00770918 0.0141312 -0.0127988 -0.0153506 0.000706464 0.0105935 0.041886 1.99145 0.039972 0.452998 1.37062 -0.011982 -0.0144309 0.00220788 0.00796744 0.187796 0.00501243 0.0328954 -0.0090296 0.0475231 0.0507138 0.0360113 0.398917 0.0367517 0.228414 0.185932 0.796978
internal_weight=627374 183874 443500 340453 20485.6 163389 137431 25957.8 18671.2 6740.41 6.82563 6733.59 52.0937 9.74436 113833 102434 18329.4 16920.6 273.549 16647 5569.94 11077.1 1745.76 4528.53 3896.84 43.6174 6681.49 154.322 152.365 23.1219
internal_count=4505026 3175277 1329749 1085097 125750 3049527 2187857 861670 780671 482799 454 482345 1331 487 1585755 1507759 270446 256067 2525 253542 73538 180004 14598 58639 51615 451 481014 10448 10323 1056
cat_boundaries=0 1 2 3 4 5 6 7 8 9 10 11
cat_threshold=4 641 145 32 32 128 1 8 19 216 8
is_linear=0
shrinkage=0.08


Tree=67
num_leaves=31
num_cat=16
split_feature=36 2 3 46 40 43 41 3 37 37 38 40 6 3 38 38 18 38 13 34 6 6 41 12 18 37 41 17 21 12
split_gain=1296.73 1268.74 936 1465.94 908.508 1512.13 895.393 1056.76 864.48 833.045 930.857 961.241 826.801 775.717 727.848 702.098 762.678 633.875 628.101 609.326 577.558 577.342 560.044 787.145 1274.29 1273.69 2002.21 941.397 696.866 627.961
threshold=0 inf 18.605000495910648 1 2 3 4 491.38499450683599 5 6 7 8 3429.349975585938 1.0000000180025095e-35 9 10 2961.724975585938 11 1839.4250488281252 12 477.08999633789068 302.00006103515631 13 220.00000762939456 4415.7001953125009 14 15 9.5000000000000018 3.5000000000000004 189.2749938964844
decision_type=9 8 10 1 1 9 9 10 1 1 1 1 2 10 1 1 2 1 2 1 2 2 9 2 2 1 9 2 2 2
left_child=1 2 3 9 5 -4 -7 -8 -2 17 11 -11 15 -13 -10 -6 19 -1 -14 -17 21 -16 -18 24 25 26 27 -24 -25 -28
right_child=8 -3 4 -5 12 6 7 -9 14 10 -12 13 18 -15 20 16 22 -19 -20 -21 -22 -23 23 28 -26 -27 29 -29 -30 -31
leaf_value=0.07646183575000054 0.0075435001464854946 -0.018605367490367876 -0.15455394019930446 -0.063016305719619026 0.0025485213769835071 0.019233974900129111 -0.022049578596365835 0.066164164555452251 -0.021108120402110016 -0.049548199093772283 -0.0057367965980167045 -0.073800062643716483 -0.0032804245683587551 -0.44144403801745191 -0.0055921526891964043 0.012452203915148497 0.0068274179448460804 0.0087011934205450912 -0.042254283051784171 0.0043711982776226399 0.0094808140676481932 -0.031051878759580927 1.2307038437333073 0.031912124649629933 0.045492226700400318 0.044890926656807488 -0.01266637278580572 0.6007578265352761 0.44873195964085122 0.61978841432657372
leaf_weight=1278.3023960981518 29360.515549226897 15651.227511784527 444.62570711225271 2905.836466869805 138953.0884239336 5991.1050590341911 15153.019195131492 922.00781513308175 21486.989844922442 843.75005507655442 22592.766385700321 64.402484436519444 12588.805767980404 85.485496126580983 76889.815191142261 126649.1769721359 4532.1565499426797 2841.953931520693 3350.870613197796 113061.0846292912 15202.124854289461 6156.8522591651417 21.148848790675402 6780.7681856798008 548.02906876243651 125.68820126214996 64.880085887387395 53.818393666297197 25.767960568424314 11.888452207669614
leaf_count=3878 172093 50117 1987 7208 1770314 22768 74667 7555 121809 2922 96385 151 131459 595 280999 864544 38386 9648 59051 635047 52724 25130 228 66256 4288 497 582 184 58 66
internal_value=0.00175295 0.0037939 0.00455629 -0.00895886 0.00552007 -0.0101219 -0.00714295 -0.0169794 -0.00475659 -0.00328938 -0.00908864 -0.0844844 0.0063858 -0.265748 -0.00777308 0.00711435 0.00963273 0.029858 -0.0114736 0.00864144 -0.00485486 -0.00747967 0.0291752 0.0423817 0.116213 0.255917 0.401311 0.68685 0.0334901 0.0754482
internal_weight=624638 475542 459890 30612.5 429278 22510.8 22066.1 16075 149096 27706.7 23586.4 993.638 406767 149.888 119736 390827 251874 4120.26 15939.7 239710 98248.8 83046.7 12164.1 7631.99 825.453 277.424 151.736 74.9672 6806.54 76.7685
internal_count=4501596 3848841 3798724 120787 3677937 106977 104990 82222 652755 113579 100053 3668 3570960 746 480662 3380450 1610136 13526 190510 1499591 358853 306129 110545 72159 5845 1557 1060 412 66314 648
cat_boundaries=0 1 2 3 4 5 6 7 8 9 10 11 12 13 14 15 16
cat_threshold=129 1 8 2 1 19 4 129 9 300 36 768 92 19 97 4
is_linear=0
shrinkage=0.08


Tree=68
num_leaves=31
num_cat=12
split_feature=47 44 46 38 44 36 32 6 18 38 45 7 32 6 32 41 45 32 39 23 12 0 7 13 41 5 5 4 7 6
split_gain=3771.71 1750.48 1811.51 1831.97 1676.88 1607.3 1381.14 1268.64 1404.26 1473.84 1835.99 1709.61 2477.68 1120.52 975.992 980.12 1229.45 909.43 875.665 1004.31 870.396 1196.05 1316.33 1965.11 1207.88 1118.56 930.095 1123.4 956.087 964.343
threshold=0 1 2 3 4 5 2.4250000715255742 32.000007629394538 110.12500000000001 6 7 30.000001907348636 -1.6050000190734861 69.000015258789077 -6.8849999904632559 8 9 -77.079998016357408 10 1.0000000180025095e-35 60.049999237060554 1.5000000000000002 317.75500488281256 96.020000457763686 11 2.5000000000000004 1.5000000000000002 2.5000000000000004 8.5249023437500018 74.049987792968764
decision_type=1 9 1 1 9 9 8 2 2 1 9 2 8 2 8 9 9 10 9 2 2 2 2 2 9 2 2 8 2 2
left_child=17 6 3 -3 -4 7 -2 -5 9 10 20 12 13 -12 -7 -16 -17 -1 19 -14 25 24 23 26 -22 -9 28 -28 29 -23
right_child=1 2 4 5 -6 14 -8 8 -10 -11 11 -13 18 -15 15 16 -18 -19 -20 -21 21 22 -24 -25 -26 -27 27 -29 -30 -31
leaf_value=3.9322005498786262e-05 -0.0051803368862321569 -0.019788788249833541 0.045791692892131766 -0.0069292439264064844 -0.064656847553661495 0.027546977099300415 0.022171056252751824 0.029951513061988497 0.0059309007129673234 0.010375782850812117 0.46611214518526473 -0.038663907215229928 -0.094125048407958239 1.3399420884493953 -0.031598773912661936 -0.0065372676733331638 -0.076298200530000429 0.0093732802115622325 -0.029887735143233621 0.68862953845447938 0.37893316109511377 0.80706939620464002 1.2860635184600044 -0.092077091143141152 0.071841931172381843 0.50511237070844694 1.2013243061552552 0.47976950612536323 -0.09131495276907238 0.15502829000958485
leaf_weight=97406.430435430957 24211.164939770009 79163.457978263847 6364.8346387585625 68204.38518042909 1020.8632099274546 3137.2689010314643 23078.711027314886 287.48831994272768 46952.319058740744 2118.1424983208999 25.407285283319652 655.42712765466422 17.0098424134776 14.899137303233145 21781.236236486584 33082.639639256522 1690.3414658708498 212657.9486438036 114.662772458978 27.371109670959413 112.36218227818608 31.600557183846831 10.310858922079204 46.735220901668072 298.36043479945511 35.637765124440193 22.004444260150194 37.079812082462013 24.095908030867577 26.851268253289163
leaf_count=126604 140969 2168687 15866 638030 14241 17720 95135 3499 546948 17432 161 8962 309 118 198362 246828 14680 240986 1503 246 451 42 128 1125 3460 288 242 105 437 192
internal_value=0.000189322 -0.00601182 -0.00853933 -0.00965798 0.0305253 -0.00517002 0.00816787 0.000201654 0.0097648 0.055857 0.109089 0.0234578 0.228879 0.789121 -0.0158827 -0.0182947 -0.00994936 0.00644103 0.0868974 0.388624 0.186498 0.244778 0.405921 0.357744 0.166829 0.0823573 0.506174 0.748494 0.332732 0.507538
internal_weight=622657 312593 265303 257917 7385.7 178754 47289.9 119062 50857.8 3905.45 1787.3 854.777 199.35 40.3064 59691.5 56554.2 34773 310064 159.044 44.381 932.527 609.401 198.678 188.367 410.723 323.126 141.632 59.0843 82.5477 58.4518
internal_count=4503756 4136166 3900062 3869955 30107 1701268 236104 1223678 585648 38700 21268 11299 2337 279 477590 459870 261508 367590 2058 555 9969 6182 2271 2143 3911 3787 1018 347 671 234
cat_boundaries=0 1 2 3 4 5 6 7 8 9 10 11 12
cat_threshold=2 1 1 44 2 128 258 44 34 37 1 1
is_linear=0
shrinkage=0.08


Tree=69
num_leaves=31
num_cat=13
split_feature=47 32 38 41 3 44 37 6 38 3 13 34 19 32 17 12 24 34 3 37 45 3 3 32 3 12 47 38 37 1
split_gain=3747.97 1689.98 1679.07 1176.8 1136.36 1436.35 1082.21 1043.97 1549.91 1084.36 997.662 993.658 976.324 950.566 904.754 1072.03 1462 1046.15 892.689 888.209 1291.72 1363.81 1724.89 1083.18 917.168 1881.97 1470.2 1144.41 870.28 862.062
threshold=0 -3.1350001096725459 1 2 18.605000495910648 3 4 441.59999084472662 5 86.384998321533217 361.89999389648443 6 2835.474975585938 11.784999847412111 2.5000000000000004 159.9999923706055 6.5000000000000009 7 92.934997558593764 8 9 632.98999023437511 650.06500244140636 3.7150000333786015 36.68499946594239 152.0249938964844 10 11 12 3.5000000000000004
decision_type=1 10 1 9 10 9 1 2 1 10 2 1 2 10 2 2 2 1 10 1 9 10 10 10 10 2 1 1 1 2
left_child=-1 2 12 18 -5 11 -7 14 9 10 -9 13 -2 -6 15 19 17 -17 -3 20 21 24 -23 -24 25 27 -27 28 -8 -30
right_child=1 3 -4 4 5 6 7 8 -10 -11 -12 -13 -14 -15 -16 16 -18 -19 -20 -21 -22 22 23 -25 -26 26 -28 -29 29 -31
leaf_value=0.0067401130610950377 -0.0075502358892066404 0.20200440949036935 0.0096967718527575849 -0.030630024631910533 -0.022149675188753461 -0.054048880195955697 0.26871875556112096 -0.0097045473251313567 -0.023734731330180253 0.017537013537105729 0.1100573825665135 0.036023186671404576 -0.074192789734440337 0.087887238050050775 -0.018992333445956112 0.048406580099252319 0.56412787933017305 -0.01266316330279954 -0.018619049567457652 -0.019646218755480449 -0.014692037567650546 0.81308472512038776 1.1655753352558693 0.013602292677785871 0.013128564469226833 0.80074871432744721 -0.098263962065737703 0.01045578726062488 -0.050354254924699998 0.33473369597446345
leaf_weight=310775.0531535137 48431.120926019037 117.56246279366314 70447.737989346031 10385.64055126626 4180.6959479432553 2959.2456091905478 244.98520671576262 598.60418027546257 4760.3756344339345 8160.3423227572348 1736.7743814010173 9336.5189734194428 1449.0183939808048 571.07392279710621 32097.595176886069 4467.7562577421777 32.204345365986228 2995.2282047350891 73750.987899556058 17692.891665440751 9086.1468627336435 31.357074323110282 5.6650513131171456 67.087547748815268 6511.9320547943935 39.854489292949438 16.445985287427902 859.09430082514882 156.16112115234137 48.840903986245394
leaf_count=367531 781864 625 667706 81495 31399 180824 1843 4766 118209 64618 9737 40717 53270 3087 410618 44180 197 34762 1259137 150558 107722 465 198 1610 72927 273 133 12117 2223 79
internal_value=0.000525536 -0.00567978 0.00174556 -0.0103598 -0.00536838 -0.00290905 -0.00653084 -0.00495503 0.0141072 0.0312633 0.07936 0.0208883 -0.0094843 -0.00890655 -0.00886695 -0.00117566 0.0262655 0.0239445 -0.0182655 -0.00709262 0.00592895 0.0293931 0.317084 0.103303 0.0256282 0.0852429 0.538137 0.065765 0.167406 0.0394662
internal_weight=622014 311239 120328 190911 117043 106657 92568.6 89609.3 15256.1 10495.7 2335.38 14088.3 49880.1 4751.77 74353.2 42255.7 7495.19 7462.98 73868.6 34760.5 17067.6 7981.42 104.11 72.7526 7877.31 1365.38 56.3005 1309.08 449.987 205.002
internal_count=4504890 4137359 1502840 2634519 1374757 1293262 1218059 1037235 197330 79121 14503 75203 835134 34486 839905 429287 79139 78942 1259762 350148 199590 91868 2273 1808 89595 16668 406 16262 4145 2302
cat_boundaries=0 1 2 3 4 5 6 7 8 9 10 11 12 13
cat_threshold=2 57 34 1 16 850 48 50 97 38 4 568 32
is_linear=0
shrinkage=0.08


Tree=70
num_leaves=31
num_cat=15
split_feature=47 36 38 34 37 12 4 4 18 38 34 12 31 4 4 10 42 35 11 38 19 18 4 38 38 42 45 19 35 21
split_gain=1937.08 1426.63 1453.41 1172.4 1095.25 1106.57 1001.9 935.959 1490.44 1376.94 1237.8 1783.64 897.203 846.39 1010.57 1688.17 1039.66 823.484 929.121 1000.88 767.7 816.743 850.896 760.198 733.49 705.36 703.59 702.917 682.696 808.849
threshold=0 1 2 3 4 8741.7802734375018 58.500000000000007 1.0000000180025095e-35 13702.045410156252 5 6 437.47500610351568 1.0000000180025095e-35 11.500000000000002 14.500000000000002 1.0000000180025095e-35 7 8 31.500000000000004 9 3396.575073242188 3684.5500488281255 13.500000000000002 10 11 12 13 2563.849975585938 14 1.0000000180025095e-35
decision_type=1 9 1 1 1 2 10 10 2 1 1 2 10 10 10 2 9 1 2 1 2 2 10 1 1 9 9 2 1 2
left_child=-1 -2 3 28 12 7 20 -6 9 13 11 -10 17 26 15 16 -15 -4 -19 27 21 -5 -23 -11 -14 -24 -9 -20 29 -3
right_child=1 2 4 6 5 -7 -8 8 10 23 -12 -13 24 14 -16 -17 -18 18 19 -21 -22 22 25 -25 -26 -27 -28 -29 -30 -31
leaf_value=0.0059209660588438228 -0.028591043183006752 0.023706053761220574 -0.0078580294491443509 0.020592520171300914 -0.0020736904509698153 -0.034417101190643166 -0.087358904534451692 0.051470576282207213 0.84516313243933139 -0.068051744168237782 0.057994315626952807 0.031321259764275113 -0.031782671377087311 0.25009337229557216 0.059870798198089305 0.57317544379719965 -0.015468224219948907 -0.028495812761097243 0.33596865738448173 -0.014860099954587242 -0.072386407995256155 0.039904282867829384 0.015846400752562006 0.0066770531077450183 0.077853847619950345 0.23294074433249257 -0.042921668476550205 0.013216985089534916 -0.0068102186454854505 0.20924021231101952
leaf_weight=306898.7473962981 13378.292185973376 2871.3751801317558 41111.479444831144 28668.093369504437 145725.98542862106 6204.9475709953113 546.89019982889295 1255.435344722122 45.366240061819553 934.23372603254393 129.62281522992998 27.793881324119866 572.24724386818707 194.28497373592108 2187.3328267987818 63.834302475675941 181.23810144979507 24350.285885620629 130.2939327834174 284.46369530144148 543.09893210045993 1003.4259304590523 148.51435111276805 11258.295938343741 1204.3660527653992 324.58654143568128 832.63553337752819 64.597458949545398 25301.989894616418 158.69471559859812
leaf_count=365954 119804 14734 511942 155320 2380957 127958 4129 13087 112 20056 1486 182 4508 1055 22608 385 2360 430892 459 8576 4401 5602 690 120303 3248 803 10549 673 166790 667
internal_value=0.00141657 -0.00304703 -0.00189276 0.00927621 -0.00470305 -0.00125886 0.0199635 4.5727e-06 0.0177051 0.0151192 0.233302 0.471529 -0.0132992 0.051779 0.0821101 0.192828 0.128174 -0.0148126 -0.0263139 0.0839726 0.0218826 0.023581 0.0816048 0.000899999 0.0427992 0.17005 0.0138718 0.217815 -0.00250885 0.0333131
internal_weight=616602 309704 296325 59566.7 236759 169041 31234.6 162836 17110.1 16907.3 202.783 73.1601 67717.7 4714.76 2626.69 439.357 375.523 65941.1 24829.6 479.355 30687.7 30144.6 1476.53 12192.5 1776.61 473.101 2088.07 194.891 28332.1 3030.07
internal_count=4500290 4134336 4014532 353136 3661396 2701098 170945 2573140 192183 190403 1780 294 960298 50044 26408 3800 3415 952542 440600 9708 166816 162415 7095 140359 7756 1493 23636 1132 182191 15401
cat_boundaries=0 1 2 3 4 5 6 7 8 9 10 11 12 13 14 15
cat_threshold=2 8 642 3 20 20 66 10 32 68 32 96 35 9 24
is_linear=0
shrinkage=0.08


Tree=71
num_leaves=31
num_cat=11
split_feature=47 38 36 37 10 38 31 19 36 3 4 32 4 5 38 45 36 11 23 11 36 1 25 38 4 17 13 13 4 17
split_gain=3481.57 963.363 841.553 830.389 1247.48 871.626 869.375 825.369 772.979 1452.12 761.207 1120.4 1497.73 1412.99 1144.18 864.224 807.952 779.234 878.233 757.241 751.768 778.586 734.536 719.889 704.166 886.039 1815.11 995.899 703.127 919.39
threshold=0 1 2 3 1.0000000180025095e-35 4 1.0000000180025095e-35 3175.3798828125005 5 57.82500076293946 1.5000000000000002 6.7750000953674325 2.5000000000000004 9.5000000000000018 6 7 8 15.500000000000002 1.5000000000000002 1.0000000180025095e-35 9 1.5000000000000002 9.5000000000000018 10 30.500000000000004 5.5000000000000009 127.00001525878908 161.02500915527347 11.500000000000002 2.5000000000000004
decision_type=1 1 9 1 2 1 10 2 9 10 10 10 10 2 1 9 9 2 2 2 9 2 10 1 10 2 2 2 10 2
left_child=1 2 -1 4 7 -6 -5 10 9 -7 -3 -12 13 15 16 -13 24 -16 -19 22 -2 -22 -9 -8 25 26 -14 -28 -10 -30
right_child=20 3 -4 6 5 8 23 19 28 -11 11 12 14 -15 17 -17 -18 18 -20 -21 21 -23 -24 -25 -26 -27 27 -29 29 -31
leaf_value=0.0075558335459476079 -0.0035898699764932581 -0.012362926444068388 -0.023433181269569198 -0.024136691642153558 -0.023666431992599223 0.5761762219347889 -0.070486850750400315 0.045769383064550952 0.017379329883657247 0.088979005923092325 -0.0027716313952145027 0.28742880842504337 0.15051193173586896 0.86713330959983137 -0.026097911703877402 -0.082306948517451919 -0.084891325437234696 0.098415323275154731 0.70384795065958916 -0.058330615997476548 0.0039854266495863979 0.014909556000712483 0.61396573678964017 0.082526793563833176 0.015538478093141791 0.10151433841227793 0.91591330965947015 0.33123150469954943 0.36666297549238441 0.070388464748034826
leaf_weight=31310.22457832424 70685.233804396354 80265.686522458214 6821.9914018753916 38600.689052035101 2219.4209296561312 42.466244626790285 248.41882984666154 52.694744100794196 5702.0454618518706 501.94268173351884 7211.6677219080739 141.09740551747382 112.38076592469588 22.229610659647733 1080.7750665908679 55.031146025285125 89.121338589116931 110.54331686999649 17.803756282664835 2987.0545452819206 317282.58406402427 48083.324317895807 20.121281255967915 850.1595673635602 126.77998962253332 167.8444530912675 42.184960481710732 33.412036495748907 77.142211053520441 511.54162493254989
leaf_count=229091 176864 1715252 48126 732214 91914 122 3187 1391 98936 3695 104166 1071 940 142 16988 912 870 1422 113 110581 1090879 63252 83 2651 2040 1770 61 315 632 6556
internal_value=0.000102368 -0.00927763 0.0020071 -0.0123225 -0.00848662 0.0198527 -0.0221339 -0.0112605 0.0339686 0.124692 -0.00986332 0.0119189 0.0649114 0.262657 0.0406649 0.194144 0.132732 -0.00393371 0.182398 -0.052117 0.00396197 0.00542293 0.202779 0.0480358 0.173828 0.235112 0.354401 0.657498 0.0259318 0.109213
internal_weight=615474 179422 38132.2 141290 101591 9054.56 39699.3 92536.4 6835.14 544.409 89476.6 9210.87 1999.2 218.358 1780.85 196.129 571.724 1209.12 128.347 3059.87 436051 365366 72.816 1098.58 482.602 355.822 187.978 75.597 6290.73 588.684
internal_count=4506236 3175241 277217 2898024 2159972 201855 738052 1958117 109941 3817 1846062 130810 26644 2125 24519 1983 5996 18523 1535 112055 1330995 1154131 1474 5838 5126 3086 1316 376 106124 7188
cat_boundaries=0 1 2 3 4 5 6 7 8 9 10 11
cat_threshold=4 643 224 105 32 34 48 1 128 89 40
is_linear=0
shrinkage=0.08


Tree=72
num_leaves=31
num_cat=12
split_feature=47 38 37 19 42 36 38 4 32 45 41 15 38 44 3 32 31 44 12 18 19 18 37 3 3 19 12 18 7 18
split_gain=2156.19 1157.2 1439.08 1077.86 880.411 1613.6 1427.68 947.346 1209.17 823.77 818.382 723.294 718.671 1020.47 1146.08 837.095 717.05 677.297 868.405 1366.71 1229.27 1957.58 1159.02 1736.79 2111.28 2944.32 910.775 1246.84 992.079 913.991
threshold=0 1 2 3925.7500000000005 3 4 5 22.500000000000004 9.6649999618530291 6 7 1.5000000000000002 8 9 309.67500305175787 -3.254999995231628 1.0000000180025095e-35 10 1.0000000180025095e-35 154.30000305175784 2444.8850097656255 15541.549316406252 11 371.28500366210943 441.44999694824224 18.774999618530277 798.51000976562511 8063.7548828125009 3433.124877929688 7305.3251953125009
decision_type=1 1 1 2 9 9 1 10 10 9 9 2 1 9 8 8 8 9 2 2 2 2 1 10 10 2 2 2 2 2
left_child=-1 10 3 4 5 6 -3 17 11 -8 -2 -9 -4 14 -14 -16 -12 -6 20 22 -19 -22 23 -20 25 -25 28 29 -21 -28
right_child=1 2 12 -5 7 -7 9 8 -10 -11 16 -13 13 -15 15 -17 -18 18 19 26 21 -23 -24 24 -26 -27 27 -29 -30 -31
leaf_value=0.0055001958506105475 0.055666061017521917 0.070375799200845038 -0.0077483662770300452 -0.039361557880756147 0.007906075636454464 -0.069272524335038152 0.022204203530293315 0.0098825024273614913 0.1009753310574031 -0.041935590856491178 0.00063451567702411851 0.4218842245888304 -0.018965277256898925 -0.029719590367433636 -0.061056260523077679 0.054688903991828436 0.032912860481228927 -0.014557848809293361 0.047150887126687052 -0.011873275520811759 0.14092675284591813 1.2913670448626298 0.014131458930600247 1.457255140446291 0.10146545953023867 0.35150246229203325 0.014348602721334758 -0.027781356963644036 0.50517997217210087 0.14156033663427489
leaf_weight=306341.40083994123 2397.2009980659932 3594.1030415068381 54048.967683224473 4693.9125890537398 28195.858951438684 1184.4365927297622 6757.9484178666025 5792.1492867460474 1169.2571183159016 1571.6314641514327 22231.59077814687 27.399716394022107 6798.5507116625085 28721.332178478129 465.26756810350344 2846.2705642776564 5492.8749343827367 50879.333684889134 1414.0275010820478 45052.739254989661 118.98955931095406 10.284273004624991 9863.1005780193955 18.366529278457165 208.63053799560294 95.7938147559762 19099.343294346472 5070.7141456156969 23.76210316317156 368.43888524081558
leaf_count=366911 6454 40605 383839 130023 124636 9984 126662 61061 11117 38670 122951 102 55668 704479 5946 25864 24852 687148 17901 851380 1535 96 166181 160 3461 1028 413113 115125 168 10222
internal_value=0.000747104 -0.00397714 -0.0055904 -0.00151471 -0.000530672 0.0194273 0.028289 -0.00209443 0.026738 0.0100665 0.0109152 0.0118223 -0.0137166 -0.0220196 -0.000166614 0.0384268 0.00702709 -0.00335067 -0.0057511 -0.000613019 -0.0139318 0.232449 0.0248105 0.0848846 0.252812 0.5294 -0.00484932 0.00755278 -0.0116007 0.0167562
internal_weight=614554 308212 278091 185210 180516 13108.1 11923.7 167408 6988.81 8329.58 30121.7 5819.55 92880.4 38831.4 10110.1 3311.54 27724.5 160419 132224 81214.9 51008.6 129.274 11599.9 1736.82 322.791 114.16 69615 24538.5 45076.5 19467.8
internal_count=4507342 4140431 3986174 2810378 2680355 215921 205937 2464434 72280 165332 154257 61163 1175796 791957 87478 31810 147803 2392154 2267518 1578739 688779 1631 188731 22550 4649 1188 1390008 538460 851548 423335
cat_boundaries=0 1 2 3 4 5 6 7 8 9 10 11 12
cat_threshold=2 640 105 1 130 29 13 16 83 1 1 72
is_linear=0
shrinkage=0.08


Tree=73
num_leaves=31
num_cat=14
split_feature=47 44 36 3 19 12 14 34 35 48 41 19 22 2 17 36 26 17 34 7 34 2 43 36 3 7 41 34 3 7
split_gain=2418.6 1144.64 788.544 975.768 1739.37 3183.19 1215.48 809.648 737.749 861.512 695.902 1242.53 1030.29 1213.83 1288.88 1041.97 974.449 915.667 694.884 3147.99 662.354 647.122 880.243 692.048 617.673 926.099 963.621 1597.74 839.04 977.622
threshold=0 1 2 807.77999877929699 5928.9248046875009 667.52499389648449 5.5000000000000009 3 4 5 6 877.27499389648449 3.5000000000000004 1.5000000000000002 31.500000000000004 7 9.5000000000000018 5.5000000000000009 8 840.02499389648449 9 inf 10 11 200.24500274658206 12.500061035156252 12 13 189.56500244140628 57.250003814697273
decision_type=1 9 9 8 2 2 2 1 1 9 9 2 2 10 2 9 10 2 1 2 1 8 9 9 10 2 9 1 8 2
left_child=1 -1 3 10 7 -6 -7 -5 -2 21 12 18 -3 15 -15 -14 -13 -18 19 -12 -11 23 -23 -10 25 26 27 -4 -27 -30
right_child=8 2 24 4 5 6 -8 -9 9 20 11 16 13 14 -16 -17 17 -19 -20 -21 -22 22 -24 -25 -26 28 -28 -29 29 -31
leaf_value=0.0066000912287462804 0.0096009086930466375 0.0018517757642805164 0.44581753803763036 0.12185756928050415 2.3076075897376964 0.12824132200912702 1.5599432475709971 -0.028410769309717088 0.0033419358406672839 0.11186933621752433 -0.042479331580748084 -0.036831558393761357 0.56594962532010828 0.69870386988824607 -0.088097602229157829 -0.0078787370107425581 0.32202840665211979 0.027650981152616931 -0.0056115084493067388 1.4242026262933507 -0.098670071083613364 -0.1035403832388079 -0.011319569536962327 -0.0066744536363770304 -0.029679652374390422 0.0043746428927680693 -0.036380657332389481 0.020767915064780366 0.33305391474182094 0.05743399961763479
leaf_weight=28155.713352672756 84447.171478717355 24273.590422257665 57.287586607038975 464.8306199843064 5.8435630295425645 32.250062552280724 4.3012571327853939 442.17361223232001 280891.68612293061 692.37284890655428 4185.7460263993125 13982.847939806525 13.022826664149761 44.998543585650623 18.930574544239789 174.00101239094511 84.434075984871015 339.69279916607775 69577.299951208057 9.3867170433513802 104.92151427827775 689.33422039309517 12757.425691927318 52368.811831492931 21971.820875857025 6274.2062507132068 6509.6241946481168 380.64939521625638 99.909838382154703 468.95141835510731
leaf_count=173205 113587 726436 83 6601 75 1313 135 10938 1032846 2137 152181 428194 14 301 603 5736 659 10459 1272013 228 605 2460 28868 150762 254383 57391 69460 1522 449 3953
internal_value=-0.000336476 -0.00819622 -0.0109844 -0.007722 0.0730412 0.573894 0.29672 0.0496305 0.00289459 0.00126458 -0.00840302 -0.0117175 0.00351758 0.164784 0.465718 0.0619176 -0.033208 0.0862549 -0.00752217 -0.0391044 0.0843285 0.0010736 -0.0161326 0.00176785 -0.0213443 -0.00807945 -0.0286543 0.0850811 0.0128095 0.105841
internal_weight=609523 177572 149416 113653 949.399 42.3949 36.5513 907.004 431952 347505 112704 88179.4 24524.5 250.953 63.9291 187.024 14407 424.127 73772.4 4195.13 797.294 346707 13446.8 333260 35762.4 13790.6 6947.56 437.937 6843.07 568.861
internal_count=4507597 3176332 3003127 2615886 19062 1523 1448 17539 1331265 1217678 2596824 1863734 733090 6654 904 5750 439312 11118 1424422 152409 2742 1214936 31328 1183608 387241 132858 71065 1605 61793 4402
cat_boundaries=0 1 2 3 4 5 6 7 8 9 10 11 12 13 14
cat_threshold=4 1 160 20 24 1 48 32 64 114 2 131 20 8
is_linear=0
shrinkage=0.08


Tree=74
num_leaves=31
num_cat=12
split_feature=34 32 26 32 42 5 17 19 13 3 37 3 35 18 41 42 34 32 45 18 33 43 45 7 18 43 41 3 3 19
split_gain=753.79 737.627 638.573 626.628 578.709 645.605 559.104 615.732 558.821 781.891 518.612 493.772 513.247 466.538 462.93 559.258 521.428 456.04 454.091 474.169 447.232 907.543 640.992 496.419 528.661 517.188 1069.99 583.792 561.316 574.531
threshold=0 7.4749999046325692 1.0000000180025095e-35 -6.1849999427795401 1 28.500000000000004 63.500000000000007 2136.1250000000005 1932.1999511718752 303.88000488281256 2 19.105000495910648 3 21927.669921875004 4 5 6 -3.1350001096725459 7 1430.0999755859377 1.0000000180025095e-35 8 9 2497.7751464843755 4722.7250976562509 10 11 171.12500000000003 781.20001220703136 4282.3500976562509
decision_type=1 10 8 8 9 2 2 2 2 8 1 10 1 2 9 9 1 8 9 2 2 9 9 2 2 9 9 10 8 2
left_child=4 2 -2 -4 10 -6 7 -7 -9 -10 14 -12 18 17 15 16 -1 -14 19 -13 23 -22 -23 24 25 28 27 -27 -5 -30
right_child=1 -3 3 20 5 6 -8 8 9 -11 11 12 13 -15 -16 -17 -18 -19 -20 -21 21 22 -24 -25 -26 26 -28 -29 29 -31
leaf_value=0.14915346611978833 0.08874523018301704 0.0092303268639037702 0.012091129511146808 -0.012911514778966876 0.00028620093687174058 0.030859733403926608 -0.10766343317177179 0.53746889817164634 0.2835749744159678 -0.13592105647424743 -0.086388637990121628 0.1220235842122929 0.051284567438361482 0.11300085927434168 0.0012490249946005493 -0.014045327991614093 0.031886939310943718 0.017445617585286816 0.00066910216798281329 -0.085530494353619993 -0.074794079311750625 0.067473195337426711 -0.05407830267453026 -0.04034062301534113 0.0098702211403815503 0.0047462739041100729 -0.0039588725097066116 0.057074315877851327 0.026681075785995195 0.36408750781024635
leaf_weight=249.14734925562516 483.98575022188015 34462.228987974348 16259.497006852413 56751.913709578337 146046.19676769758 170.5145525438711 69.767395968083292 33.509301460813731 110.79544280748814 38.254223914351314 304.64859062666073 370.82673680689186 2832.4462681866717 355.91070511052385 54819.902268239995 1795.8350376398303 4420.0624853286427 25459.823538500816 13657.646830637474 86.965838791336864 443.0702260020189 1883.2327514861245 319.97219181852415 2427.3608755718451 16582.356596434722 2629.8967720689252 222654.4474950484 2835.8052782835439 1723.9425468274858 32.915512348059565
leaf_count=455 1903 362828 147259 687356 902047 812 983 68 181 626 893 1944 18285 1558 333219 12593 33824 200908 168115 1365 5712 15526 5092 36542 182594 4570 1356648 4484 16283 347
internal_value=0.000449868 -0.00189856 -0.00307859 -0.00321553 0.00381567 0.00057195 0.0992811 0.140173 0.242275 0.17591 0.00836802 0.0150953 0.0158218 0.0219707 0.00363871 0.0238686 0.0384496 0.0208334 0.00332425 0.0808294 -0.00402283 0.0287238 0.0496556 -0.00430635 -0.00401788 -0.00482135 -0.00309984 0.0318377 -0.0115309 0.0330025
internal_weight=610313 359491 325028 324544 250822 146469 422.841 353.074 182.559 149.05 104353 43068.3 42763.6 28648.2 61284.9 6465.04 4669.21 28292.3 14115.4 457.793 308285 2646.28 2203.2 305639 303211 286629 228120 5465.7 58508.8 1756.86
internal_count=4505020 2827144 2464316 2462413 1677876 904717 2670 1687 875 807 773159 393068 392175 220751 380091 46872 34279 219193 171424 3309 2315154 26330 20618 2288824 2252282 2069688 1365702 9054 703986 16630
cat_boundaries=0 1 2 3 4 5 6 7 8 9 10 11 12
cat_threshold=13 11 36 8 4 10 1 2 6 13 35 16
is_linear=0
shrinkage=0.08


Tree=75
num_leaves=31
num_cat=13
split_feature=47 38 37 22 13 13 42 32 19 0 42 32 31 8 2 12 19 32 32 41 35 41 38 32 38 37 41 18 36 19
split_gain=2368.62 1625 1346.54 1553.62 1811.8 4066.54 1114.32 1170.4 1096.25 886.751 839.874 1060.43 1363 914.65 950.432 901.625 786.463 976.583 755.706 730.602 708.861 855.226 752.316 676.222 721.782 778.183 672.029 754.785 696.741 637.703
threshold=0 1 2 2.5000000000000004 404.00003051757818 393.52490234375006 3 -0.49500000476837153 611.12500000000011 1.5000000000000002 4 -1.955000042915344 1.0000000180025095e-35 1.5000000000000002 inf 774.30975341796886 1430.174987792969 -4.7149999141693106 1.2849999666213991 5 6 7 8 39.989999771118171 9 10 11 180.02500152587893 12 1896.549987792969
decision_type=1 1 1 2 2 2 9 10 2 2 9 10 10 2 8 2 2 8 10 9 1 9 1 8 1 1 9 2 9 2
left_child=23 10 8 16 5 6 7 -5 -3 18 13 -12 26 14 15 19 17 -4 -9 -2 21 22 -19 24 25 -1 27 -13 -29 -20
right_child=1 2 3 4 -6 -7 -8 9 -10 -11 11 12 -14 -15 -16 -17 -18 20 29 -21 -22 -23 -24 -25 -26 -27 -28 28 -30 -31
leaf_value=-0.096459747482727856 0.079688342428472628 0.0032892546307412753 0.016506490053576947 -0.094693768323289448 0.036341640303319725 1.7919294500153646 -0.077576700397393394 1.1680548002429023 -0.018793195243682028 -0.086614332461941237 0.0072128000799993328 -0.057920893768614409 0.062529294690543608 -0.07577489178746856 -0.053114564545401713 0.028932308450224653 -0.040359941229794076 0.086718920275117586 0.24090135879439226 0.0040534852675882136 -0.014964015975727175 -0.047360382466596462 -0.022748450400547848 -0.00099497645928554586 0.0085231186196015052 -0.0052630855027030474 -0.010317066643322374 -0.00038026062799383472 -0.075558791120833899 0.94039652253814088
leaf_weight=611.25857236795127 819.90017357561737 54605.866950863041 5652.2723831275944 21.047620600089431 1058.3296745333355 11.308853918686507 56.05840445519425 16.946757593657821 19534.99110695906 10.189369350206105 24939.544117291924 4732.9338027061895 1431.247150439769 841.13414907222614 1583.6241813004017 12558.388305928558 9105.2914480094332 586.45451097958721 21.135183967649937 54527.799378463998 70241.244705311954 8850.8460941303056 1223.8422346287407 97371.805897072423 189195.62936328584 16713.249493403826 26264.581290568691 4365.0694468715228 953.58641146309674 13.779368653893469
leaf_count=1508 4193 759167 132826 626 26860 107 1501 98 422075 404 161837 44662 3214 7410 8406 88024 315848 20242 220 411313 1177661 226910 84390 126888 217006 22477 185655 44806 9256 33
internal_value=-0.000493788 -0.00548628 -0.0106442 -0.0168547 0.0732715 0.333025 0.214464 0.37561 -0.00252879 0.595671 0.00114555 -0.00558727 -0.0140457 0.00714655 0.0081513 0.00958006 -0.0179953 -0.0156426 0.729721 0.00518904 -0.0178887 -0.0371092 0.0129956 0.00450093 0.00709219 -0.00853456 -0.0170636 -0.0346473 -0.0140019 0.516964
internal_weight=607919 304027 171010 96868.7 1208.8 150.466 139.157 83.0983 74140.9 62.0507 133018 62687 37747.4 70330.8 69489.7 67906.1 95660 86554.7 51.8613 55347.7 80902.4 10661.1 1810.3 303892 206520 17324.5 36316.2 10051.6 5318.66 34.9146
internal_count=4505623 4137744 3168968 1987726 29849 2989 2882 1381 1181242 755 968776 449430 287593 519346 511936 503530 1957877 1642029 351 415506 1509203 331542 104632 367879 240991 23985 284379 98724 54062 253
cat_boundaries=0 1 2 3 4 5 6 7 8 9 10 11 12 13
cat_threshold=2 722 106 8 26 16 1 4 268 641 8 34 224
is_linear=0
shrinkage=0.08


Tree=76
num_leaves=31
num_cat=13
split_feature=47 38 45 2 42 32 6 42 7 20 8 12 3 4 23 4 7 34 45 6 20 3 12 44 45 34 11 38 38 41
split_gain=1260.65 879.109 1170.2 966.734 769.125 743.978 822.478 1175.1 1572.24 1043.88 744.31 725.997 714.584 693.444 660.877 649.201 663.952 606.634 936.757 726.316 1097 600.318 595.786 601.033 1009.65 1171.18 1169.33 1006.74 677.878 654.061
threshold=0 1 2 inf 3 -4.0850000381469718 9462.8852539062518 4 1257.1451416015627 1.5000000000000002 13.500000000000002 1.0000000180025095e-35 807.77999877929699 6.5000000000000009 1.5000000000000002 5.5000000000000009 180.00000762939456 5 6 150.00000762939456 1.0000000180025095e-35 35.345001220703132 13423.500000000002 7 8 9 42.500000000000007 10 11 12
decision_type=1 1 9 8 9 8 2 9 2 2 2 2 8 10 2 10 2 1 9 2 2 10 2 9 9 1 2 1 1 9
left_child=1 2 -1 5 14 10 12 8 -8 -10 21 -6 22 17 -4 16 -13 18 19 20 -14 -3 23 24 25 -7 28 -26 -27 -29
right_child=-2 3 4 -5 11 6 7 -9 9 -11 -12 15 13 -15 -16 -17 -18 -19 -20 -21 -22 -23 -24 -25 27 26 -28 29 -30 -31
leaf_value=-0.084856245316222212 0.0031844530114851382 0.14938730427144115 -0.026067758293016587 -0.048708866286190776 0.019079270308257353 0.17779347703299267 -0.094963118519055506 -0.066821482085530431 0.79169120425464656 0.13932459270254188 0.43033305604585859 0.08697318439876453 0.21889168478134341 -0.055817275191751933 0.13972243678431742 0.15525555051629888 -0.0062158748747758652 -0.023882360964605765 0.039734742795179363 0.083968148087412611 0.70635577682183581 0.0083560983087924076 0.066333006799716085 -0.0098220079726375094 0.02564588336303647 0.046453497724432961 0.64129555108005454 0.02067052475725753 -0.097399294567302563 -0.019349517565926358
leaf_weight=658.05816712696105 431186.5553866236 195.48661683499813 2242.1814450640231 3364.7058070311323 4803.5835567824543 424.45940895937383 61.795569153502584 2273.2957344208844 32.170401410199702 30.658620822709054 27.00977588747628 1319.7799392780289 175.96735598891973 359.34824697300792 165.21920439228415 483.48800517339259 777.61794976703823 349.46457416377962 696.460894852411 185.86838848982006 35.508150717709213 16273.321163071087 704.2498866582755 116626.30751726707 6718.4392535369843 894.8126044627279 19.293513081967831 3274.6029018908739 263.16301163751632 12821.915690727532
leaf_count=6563 1330302 640 15668 22407 23512 1028 822 51138 98 333 267 5610 777 4189 904 1777 4536 7796 5652 3058 208 366352 22715 2475918 29795 9528 14 10910 2925 99105
internal_value=0.000854348 -0.00484587 0.0176495 -0.00626431 0.0246179 -0.00538553 -0.00720568 -0.0536719 0.177324 0.473356 0.0107183 0.0374151 -0.00642949 0.0436224 -0.0146289 0.071687 0.052423 0.0683811 0.0971886 0.194446 0.30074 0.0100302 -0.00706601 -0.0074325 0.00398099 0.065174 0.023414 -0.00034349 0.0133214 -0.0112002
internal_weight=607445 176258 10449.9 165808 9791.87 162444 145948 2397.92 124.625 62.829 16495.8 7384.47 143550 1802.62 2407.4 2580.89 2097.4 1443.27 1093.8 397.344 211.476 16468.8 141747 141043 24416.7 1601.73 1177.27 22815 1157.98 16096.5
internal_count=4504547 3174245 58570 3115675 52007 3093268 2726009 52391 1253 431 367259 35435 2673618 21680 16572 11923 10146 17491 9695 4043 985 366992 2651938 2629223 153305 13495 12467 139810 12453 110015
cat_boundaries=0 1 2 3 4 5 6 7 8 9 10 11 12 13
cat_threshold=4 129 32 32 2 46 6 1 2 7 784 36 3
is_linear=0
shrinkage=0.08


Tree=77
num_leaves=31
num_cat=8
split_feature=36 1 2 47 3 31 3 47 16 3 19 3 35 38 34 12 12 16 37 15 19 3 22 19 19 19 3 9 6 45
split_gain=1375.02 976.618 842.1 759.795 1113.62 990.035 1069.77 755.473 754.94 853.485 1061.55 787.365 1506 1190.56 1337.29 1627.02 1808.4 1504.62 1149.11 3663.11 10219.5 1114.13 1749.55 1658.58 5605.62 1467.05 2689.71 1133.95 877.792 808.695
threshold=0 3.5000000000000004 inf 1 9.4849996566772479 1.0000000180025095e-35 586.39001464843761 2 2.5000000000000004 77.944999694824233 2835.474975585938 563.35998535156261 3 4 5 2246.6149902343755 1994.7750244140627 1.0000000180025095e-35 6 1.0000000180025095e-35 338.77499389648443 586.39001464843761 1.0000000180025095e-35 139.02500152587893 106.50500106811525 628.52502441406261 754.16497802734386 1.0000000180025095e-35 20788.150390625004 7
decision_type=9 2 8 1 10 10 10 1 2 8 2 8 1 1 1 2 2 2 1 2 2 8 2 2 2 2 10 2 2 9
left_child=1 2 7 -2 -5 6 -6 8 11 10 -10 -1 13 14 15 16 21 -18 19 29 -21 23 -23 24 -13 26 27 -24 -14 -15
right_child=3 -3 -4 4 5 -7 -8 -9 9 -11 -12 12 28 18 -16 -17 17 -19 -20 20 -22 22 25 -25 -26 -27 -28 -29 -30 -31
leaf_value=-0.0050552308381766591 -0.00096851673683844551 0.029852994787372387 -0.016421857459302247 0.079461061158002541 -0.012200506812204987 0.046107232288759896 -0.049676194426454212 0.0048940283971873272 -0.089669242263748977 0.049073503577303612 0.59383728929482271 0.53855041024022832 -0.0094762318427372878 0.21868934899259004 0.0084520216603079183 -0.083199232218468047 -0.082519157527736559 1.4636803863788208 0.017790498269534875 4.5450298067283885 -0.082294583436673521 0.054440390283560375 -0.096059049961881998 0.14353403506377663 3.7584503746789166 0.2293075202116325 1.5698654030610288 1.2471117998047012 0.2138473978338227 -0.074393198794227774
leaf_weight=114739.0910149226 78591.311538716312 8251.9008848448284 15211.493308365811 832.04781929869205 60045.145907388069 1727.948472365737 5305.7107934141532 305612.14647908113 22.463396857492626 838.13498021638952 41.240990415215492 56.350827476475388 7899.1025717046577 170.48481667181477 412.99501323071308 111.65644412883557 5.7019125437363991 13.719200586900115 3881.7231354247779 4.5901296725496641 9.1308280704542977 291.98459393763915 16.539075965061787 60.817396326456219 3.6867345799691966 88.138120312942192 17.11339901201427 5.3154773171991101 114.27201924473047 88.195396855473518
leaf_count=2069950 100428 58547 49426 1976 499997 4431 62395 1036415 340 18819 109 1504 200582 6959 22219 7431 346 125 333043 146 801 12330 872 2710 123 2420 101 29 2162 7424
internal_value=0.000422267 0.00258031 0.00207994 -0.00632357 -0.0125217 -0.0136627 -0.0152431 0.00272767 -0.00240891 0.0705296 0.35282 -0.00292284 0.0155406 0.0488464 0.123253 0.192749 0.251277 1.00973 0.0291806 0.185112 1.4657 0.223997 0.162286 0.437992 0.736275 0.410026 0.818775 0.230628 -0.00628376 0.124343
internal_weight=604470 457968 449716 146502 67910.9 67078.8 65350.9 434505 128892 901.839 63.7044 127991 13251.5 5238.14 1084.02 671.023 559.367 19.4211 4154.12 272.401 13.721 539.946 419.091 120.855 60.0376 127.106 38.968 21.8546 8013.37 258.68
internal_count=4504160 3834933 3776386 669227 568799 566823 562392 3726960 2690545 19268 449 2671277 601327 398583 50210 27991 20560 471 348373 15330 947 20089 15752 4337 1627 3422 1002 901 202744 14383
cat_boundaries=0 1 2 3 4 5 6 7 8
cat_threshold=128 2 4 1 330 82 72 14
is_linear=0
shrinkage=0.08


Tree=78
num_leaves=31
num_cat=9
split_feature=47 6 32 41 41 19 26 6 13 7 3 3 37 17 17 3 32 6 6 34 37 32 7 19 34 3 32 32 45 37
split_gain=710.606 1073.96 823.351 1439.71 980.793 828.171 790.122 742.197 965.837 1040.14 1136.51 736.511 1148.25 1020.09 998.973 879.173 1042.61 3427.33 5685.52 964.219 1199.78 855.675 1028.96 3162.71 947.183 880.787 736.446 723.07 684.986 947.67
threshold=0 4244.0251464843759 -3.1350001096725459 1 2 1479.9749755859377 2.5000000000000004 871.60000610351574 944.05001831054699 37.540000915527351 503.63999938964849 491.38499450683599 3 65.500000000000014 4.5000000000000009 516.51501464843761 0.19500000029802325 150.00000762939456 236.77496337890628 4 5 86.460002899169936 450.99996948242193 514.02499389648449 6 503.63999938964849 -1.8849999904632566 -16.345000267028805 7 8
decision_type=1 2 8 9 9 2 8 2 2 2 10 8 1 2 2 8 8 2 2 1 1 8 2 2 1 10 10 10 9 1
left_child=27 2 3 -2 6 7 -4 -5 -9 -10 -11 12 13 -6 15 16 17 -13 -19 20 21 -18 24 -24 25 -23 -16 28 29 -1
right_child=1 -3 4 5 11 -7 -8 8 9 10 -12 14 -14 -15 26 -17 19 18 -20 -21 -22 22 23 -25 -26 -27 -28 -29 -30 -31
leaf_value=-0.031033828852534244 -0.0042287032591356646 -0.029946958143815209 0.15578551400735824 0.030006247767504518 -0.03075817589815948 -0.020798866600356535 -0.012122988131169224 0.044749986305307951 0.85845575425445619 0.12323738870506941 0.55908674658532687 -0.098991089148565109 -0.00027901193336629502 0.33583329240145388 -0.046764530780627034 0.023743829465090589 0.028817784429223777 3.2217334203639139 0.37618593838813702 -0.029183815959355545 -0.048474826223448578 -0.094256148845472551 2.4087413176953349 -0.093994853563540634 0.11584670539730756 0.55800759184356885 0.0067014217652104913 0.0060702452786525439 0.001599593454979659 0.0003355340636026156
leaf_weight=11184.160099182744 19309.081663699355 8645.2253355641151 179.88093486847356 12177.242338972632 9459.4501955593005 1893.543605666142 62084.3284345516 742.3930016993545 14.81678096577525 323.77605694066733 43.424917105585337 29.76885643764399 167218.62162587186 48.830472615547478 2073.515623299405 10226.271309804171 107.14947621757165 6.4133203502278784 15.014764608815312 310.50615973235108 148.45683450601064 15.322485391981898 5.6742714494466764 7.5065830321982503 171.9915843361523 97.942363022826612 8049.4783343076706 202108.33501244988 73206.190622160444 13723.867404872552
leaf_count=19233 398759 170683 822 108684 235318 24799 874304 7784 42 2905 227 817 1737027 413 66512 213192 1714 126 202 7613 1944 278 33 195 2104 588 280382 236436 93328 18670
internal_value=0.000575402 -0.00215502 -0.00133989 0.0102722 -0.00287941 0.028683 -0.011636 0.0357485 0.0979368 0.201297 0.174781 -0.00012504 -0.00181758 -0.0288452 0.0139411 0.0304686 0.105564 0.456346 1.22784 0.0847919 0.14655 0.217383 0.292369 0.983417 0.260437 0.431659 -0.00425013 0.00333477 -0.00230011 -0.0137567
internal_weight=603628 303406 294760 34504.3 260256 15195.2 62264.2 13301.7 1124.41 382.018 367.201 197992 176727 9508.28 21265 11142 915.747 51.1969 21.4281 864.55 554.044 405.587 298.437 13.1809 285.256 113.265 10123 300223 98114.2 24908
internal_count=4505134 4137467 3966784 543200 3423584 144441 875126 119642 10958 3174 3132 2548458 1972758 235731 575700 228806 15614 1145 328 14469 6856 4912 3198 228 2970 866 346894 367667 131231 37903
cat_boundaries=0 1 2 3 4 5 6 7 8 9
cat_threshold=2 52 2 80 22 49 4 42 36
is_linear=0
shrinkage=0.08


Tree=79
num_leaves=31
num_cat=12
split_feature=47 37 42 38 37 13 4 35 34 3 3 6 18 38 45 7 3 6 34 45 35 3 19 7 19 18 3 11 13 4
split_gain=1447.85 839.508 802.07 835.021 977.846 962.341 1114.76 1096.08 981.264 905.199 1998.54 918.954 803.19 764.685 2393.07 763.72 752.716 998.072 772.055 752.55 1850.66 4726.54 6760.12 2405.13 1048.62 726.679 669.407 586.009 580.591 2326.98
threshold=0 1 2 3 4 48.00000190734864 inf 5 6 650.06500244140636 675.26501464843761 601.00003051757824 2961.724975585938 7 8 1132.5750122070315 303.88000488281256 96.00000381469728 9 10 11 708.80499267578136 25.029999732971195 3433.124877929688 2563.849975585938 4415.7001953125009 595.94500732421886 29.500000000000004 8698.3745117187518 41.500000000000007
decision_type=1 1 9 1 1 2 8 1 1 10 10 2 2 1 9 2 8 2 1 9 1 8 2 2 2 2 8 2 2 10
left_child=2 -2 3 4 5 6 8 12 -1 16 -11 -12 -7 14 -3 -9 17 -10 -18 20 21 22 -5 24 -23 -26 -14 -4 -21 -30
right_child=1 13 27 19 -6 7 -8 15 9 10 11 -13 26 -15 -16 -17 18 -19 -20 28 -22 23 -24 -25 25 -27 -28 -29 29 -31
leaf_value=0.02977231558057453 -0.00036055784939341239 -0.12295072219071472 -0.0080833907357455853 3.1739842131508795 0.015692685475972697 -0.092680225027733557 -0.096143875647016819 -0.05124852662612888 0.30125716479987469 1.3448106170550094 0.15229214599553184 0.72779857508124934 0.42820835594555079 0.0080641336120400951 -0.0009785783446128913 0.18867681174044643 0.22407744263638005 1.0874478244928782 -0.084919926057879375 -0.010888004029167161 -0.017209912858601434 -0.090867698022241983 -0.08719903653397211 2.556388090527971 0.65281713451904921 -0.10475661127162628 0.060209277163033897 0.032955009530787949 0.056289833037705683 1.3481672632120194
leaf_weight=167.21584432013333 243083.4197981949 1138.088435924612 157889.43583394354 8.6938087744638342 3817.7242415244691 42.355332913808525 91.348053331486881 556.29726244229823 72.03021870739758 14.779511029832063 56.155046353116632 25.968958118930459 94.00424880348146 175402.63685787201 9977.2783384690993 100.20546486740932 160.71917148958892 12.065493693575261 71.692613260820508 7874.1424190422986 260.54812700906768 60.170835026772693 7.6455515897832802 2.6621327244210979 28.58498414279893 11.309651633026077 47.682409568689764 2258.7709303799784 92.630225535482168 9.8746690414845926
leaf_count=1621 767927 4930 2855398 95 38312 1074 1107 9497 544 79 583 138 157 537698 20269 1400 800 172 1343 195560 5019 3174 652 193 302 738 754 53918 2251 13
internal_value=0.000244642 0.00273735 -0.00591564 0.0126675 0.0373806 0.0916602 0.163635 0.0352103 0.204505 0.267978 0.488401 0.334277 0.202012 0.00677442 -0.0135664 -0.014408 0.208959 0.414055 0.134748 -0.00312227 0.10545 0.354399 1.648 0.183143 0.120006 0.438054 0.304364 -0.00750411 -0.0084149 0.180741
internal_weight=603436 429601 173835 13686.5 5330.24 1512.52 671.975 840.545 580.627 413.411 96.9035 82.124 184.042 186518 11115.4 656.503 316.507 84.0957 232.412 8356.26 379.615 119.067 16.3394 102.728 100.065 39.8946 141.687 160148 7976.65 102.505
internal_count=4505718 1330824 3174894 265578 57581 19269 6387 12882 5280 3659 800 721 1985 562897 25199 10897 2859 716 2143 207997 10173 5154 747 4407 4214 1040 911 2909316 197824 2264
cat_boundaries=0 1 2 3 4 5 6 7 8 9 10 11 12
cat_threshold=4 5 1 31 1 1 10 129 32 80 2 1
is_linear=0
shrinkage=0.08


Tree=80
num_leaves=31
num_cat=16
split_feature=47 38 17 42 45 43 41 1 41 6 38 25 1 36 46 21 9 36 11 43 41 36 13 3 6 38 6 39 2 3
split_gain=954.975 810.074 2003.71 1345.21 1172.21 1041.27 1112.51 1148.12 1107.48 1170.59 1124.4 957.189 926.478 798.547 769.425 757.122 836.139 753.258 750.391 939.48 927.108 730.538 706.702 1643.84 1244.24 747.766 738.775 727.481 687.033 668.069
threshold=0 1 5.5000000000000009 2 3 4 5 1.5000000000000002 6 197.95000457763675 7 9.5000000000000018 4.5000000000000009 8 9 2.5000000000000004 1.0000000180025095e-35 10 10.500000000000002 11 12 13 1610.5250244140627 194.70500183105472 275.89997863769537 14 1001.4501953125001 15 inf 35.345001220703132
decision_type=1 1 2 9 9 9 9 2 9 2 1 8 2 9 1 2 2 9 2 9 9 9 2 8 2 1 2 9 8 10
left_child=-1 2 17 4 14 8 11 -8 10 -10 -5 -7 18 -12 -3 28 -17 -2 29 -20 -21 -9 25 24 -24 -11 -26 -25 -4 -6
right_child=1 3 15 5 12 6 7 21 9 22 13 -13 -14 -15 -16 16 -18 -19 19 20 -22 -23 23 27 26 -27 -28 -29 -30 -31
leaf_value=0.0029503744644404617 -0.050934855269889584 0.049089057138422161 -0.021971079742542875 0.092621657658549919 0.067382032273366657 0.14090008524332395 -0.0083355421814105199 0.031750119043946319 -0.011600994446099978 -0.035340751215106637 0.18259085100259778 -0.02536810078774826 0.10176381299619842 -0.056994516662500883 -0.028292022260603664 0.3169795600642904 -0.096532535868527489 2.3463001813940283e-05 -0.011400125963666612 -0.0175873313491819 0.052357929906501684 -0.05022446282900736 0.97407688181951457 0.32447048715123011 0.41334571826827526 0.060158330106891277 -0.094238026283667425 -0.0069989738910917823 -0.095189014691433121 -0.00059071233246691269
leaf_weight=298428.93945325084 1890.9755796110258 6114.9028290635906 40135.188840731047 1902.1496326066554 939.24739130632952 223.57904569711536 48837.373229512246 7396.2892300295644 8766.1011007407214 754.66751906694844 93.56429111212492 24966.038949785754 622.52161283232272 635.12331424374133 950.1765817059204 85.846198395360261 49.249633129453287 79349.28580174013 3509.3999317435082 1509.5886648972519 6149.7849555865396 760.00637093745172 20.025821756571531 50.607555645983666 69.884787779301405 1683.429317973787 24.887068347074091 260.50815527280793 837.31741627212614 62788.15104719298
leaf_count=367051 27342 31214 1136087 1618 1338 1240 389935 64271 87621 8083 318 254884 3528 2695 1905 683 1082 1387221 50290 13192 44390 6275 55 265 249 18636 273 2858 7556 591735
internal_value=-0.000257481 -0.00343397 -0.00845081 -4.98156e-06 0.00748855 -0.00642169 -0.00988459 -0.00369465 0.0135273 0.00290373 0.060302 -0.0238828 0.00457065 -0.0241761 0.0386275 -0.0228439 0.166232 -0.00116893 0.00376341 0.0228912 0.0385674 0.024089 0.0473096 0.142389 0.401123 0.0307002 0.280054 0.0469194 -0.0234674 0.000411105
internal_weight=599805 301376 122348 179028 82583.8 96444.2 82183.3 56993.7 14260.9 11630.1 2630.84 25189.6 75518.7 728.688 7065.08 41107.6 135.096 81240.3 74896.2 11168.8 7659.37 8156.3 2864.01 425.913 114.798 2438.1 94.7719 311.116 40972.5 63727.4
internal_count=4503890 4136839 2559971 1576868 737592 839276 716605 460481 122671 118040 4631 256124 704473 3013 33119 1145408 1765 1414563 700945 107872 57582 70546 30419 3700 577 26719 522 3123 1143643 593073
cat_boundaries=0 1 2 3 4 5 6 7 8 9 10 11 12 13 14 15 16
cat_threshold=2 296 25 8 4 50 16 641 2 1 40 7 21 201 576 2
is_linear=0
shrinkage=0.08


Tree=81
num_leaves=31
num_cat=16
split_feature=47 38 36 3 37 34 37 38 3 40 3 32 7 17 37 32 38 34 3 35 23 32 34 33 36 34 4 34 23 4
split_gain=1250.69 885.75 768.718 752.26 1454.96 1479.93 690.268 660.173 956.966 622.68 1177.57 600.683 711.27 702.549 789.937 585.437 753.779 843.865 542.177 605.671 608.928 509.856 806.908 506.898 665.329 655.731 508.834 568.345 591.837 581.626
threshold=0 1 2 111.77499771118165 3 4 5 6 19.105000495910648 7 25.005000114440922 -0.20499999821186063 514.04998779296886 1.5000000000000002 8 inf 9 10 129.27500152587893 11 1.0000000180025095e-35 0.97500002384185802 12 2.5000000000000004 13 14 36.500000000000007 15 4.5000000000000009 33.500000000000007
decision_type=1 1 9 8 1 1 1 1 8 1 10 8 2 2 1 8 1 1 8 1 2 10 1 2 9 1 10 1 2 10
left_child=1 3 6 4 5 -1 -2 8 -4 15 11 13 21 14 -11 -3 17 -17 -9 -20 -21 -13 -23 24 25 -5 27 28 -27 -29
right_child=2 9 7 23 -6 -7 -8 18 -10 10 -12 12 -14 -15 -16 16 -18 -19 19 20 -22 22 -24 -25 -26 26 -28 29 -30 -31
leaf_value=-0.064040752247792224 0.012543703718296162 -0.042554424116561969 -0.069877412045729476 -0.062751999558511878 -0.003835270387207137 0.098737123840554664 -0.0067639903933887566 0.0098589277235220114 -0.00438065458727509 0.3205824066847755 -0.0073118341403792314 0.0031933498380745736 0.29513060358873083 -0.0011602497501782124 0.0072742305367593857 0.16011056237950855 -0.025413941008493784 -0.015041505900063446 0.012564036302873283 -0.0027916291490670694 0.0073007161230740237 0.45858733977933486 -0.071371164330526773 0.30768597573216999 -0.055994867143085769 0.063803945140138582 -0.061509569194142695 0.0056973603524007191 0.4543044999682021 0.15656410701576354
leaf_weight=414.25241605192423 13848.291410570033 5915.5039303526282 1521.8214067583904 848.60268943011761 3143.4382670405321 2443.5354151558131 81826.102373937611 104688.43465236318 23083.841971492395 167.7586884368211 142771.15962750104 943.20395869016647 63.070295153185725 127.74111435003579 83.842371640726924 350.02835036069155 1584.5276467464864 348.34576278552413 33555.875468111597 107873.10161371296 59291.586486619897 30.521747622638941 35.205094698816538 34.163083974272013 1261.4712217468768 879.08063286915421 608.89276931621134 10011.43602536153 25.561545321717858 166.26091776788235
leaf_count=3197 32750 79653 5128 7795 17702 10907 203530 296268 51923 968 2935692 8149 199 1135 794 1857 16590 2857 44565 435858 260458 280 511 10 8952 3722 5231 67441 78 870
internal_value=1.79457e-05 -0.00573368 0.00234537 0.0101652 0.033825 0.0750005 -0.0039683 0.00417576 -0.0084281 -0.00780298 -0.00658254 0.0651142 0.0344984 0.151633 0.229208 -0.0292383 0.00513866 0.0737665 0.00519145 0.00275733 0.000787974 0.0182058 0.23364 -9.00106e-05 -0.000851864 0.00473624 0.00968428 0.0136046 0.0740197 0.00815388
internal_weight=597947 172258 425689 19836.7 6001.23 2857.79 95674.4 330015 24605.7 152421 144223 1451.34 1072 379.342 251.601 8198.41 2282.9 698.374 305409 200721 167165 1008.93 65.7268 13835.5 13801.3 12539.8 11691.2 11082.3 904.642 10177.7
internal_count=4505070 3174590 1330480 125905 31806 14104 236280 1094200 57051 3048685 2947728 12036 9139 2897 1762 100957 21304 4714 1037149 740881 696316 8940 791 94099 94089 85137 77342 72111 3800 68311
cat_boundaries=0 1 2 3 4 5 6 7 8 9 10 11 12 13 14 15 16
cat_threshold=4 641 74 33 17 82 129 1 36 20 19 8 52 216 1 96
is_linear=0
shrinkage=0.08


Tree=82
num_leaves=31
num_cat=9
split_feature=33 19 18 41 34 16 42 18 18 1 1 34 37 33 6 4 11 6 17 5 6 45 44 19 13 37 18 19 34 18
split_gain=595.088 1030.2 814.748 691.344 690.648 799.216 667.925 534.52 586.295 634.972 494.697 485.67 542.043 482.637 473.083 456.167 440.552 414.647 790.432 450.679 1135.36 412.023 702.876 1477.22 1718.27 900.424 1046.63 1569.99 1955.45 1374.57
threshold=1.0000000180025095e-35 1824.350036621094 5071.4499511718759 0 1 1.0000000180025095e-35 2 1679.0250244140627 2555.714965820313 1.0000000180025095e-35 3.5000000000000004 3 4 2.5000000000000004 216.00000762939456 56.500000000000007 11.500000000000002 197.95000457763675 1.5000000000000002 4.5000000000000009 135.00000762939456 5 6 37.024999618530281 185.94997406005862 7 334.52499389648443 146.02500152587893 8 170.22499847412112
decision_type=2 2 2 9 1 2 9 2 2 2 2 1 1 2 2 10 2 2 2 2 2 9 9 2 2 1 2 2 1 2
left_child=10 3 4 15 6 7 16 -6 9 -9 21 12 -5 -14 17 -2 -3 19 -19 -12 -21 22 -1 -24 25 -25 27 -27 29 -29
right_child=1 2 -4 11 5 -7 -8 8 -10 -11 14 -13 13 -15 -16 -17 -18 18 -20 20 -22 -23 23 24 -26 26 -28 28 -30 -31
leaf_value=-0.0089089311853998467 -0.029661689010058129 0.44696243458509599 0.016968016162831466 0.085027029996991563 -0.099030537389504444 -0.043455462434352325 0.045547381383141197 -0.097506603106298662 0.089185207178292314 0.39372440408974213 0.026742539519335425 -0.0061562951785540231 -0.058435620520122147 0.23550066749344756 -0.0029214396010724393 0.12320222932599757 0.16843572505874771 0.39083148221281222 0.047723271513082068 0.59269867344664251 -0.056989208938353242 0.0017598071446777897 -0.0032761369805084928 -0.042995940265859692 0.0043327097786623157 0.084338724328358441 0.042224340671761007 0.59855008062712056 0.065334513913239536 0.23986619700405751
leaf_weight=64837.70239620842 2368.8627665278036 117.77730941120535 602.67223149072379 1381.1722273542546 43.57025726698339 196.33929743757471 86.695768438046798 19.724789138650522 142.44114719843492 115.18177912896499 5487.1637614364736 1076.4145528026856 320.90015904116444 40.233983630314469 3766.2935739115346 131.89422194520012 52.566407138016075 59.392328614369035 155.42542057065293 30.955988074187189 38.781621647067368 477874.59169702965 31089.943418885581 345.5538736237213 4786.6755122109316 1112.0815309835598 1377.77736400906 128.2238913057372 223.38374433200806 146.51043571066111
leaf_count=620805 25063 375 8263 6955 721 2541 1013 362 1588 399 30567 10563 2722 23 33143 409 332 138 950 170 461 3567347 129316 927 40995 6820 8210 585 1656 940
internal_value=0.00133122 0.0250457 0.0867194 0.00908121 0.14101 0.0820917 0.246781 0.16146 0.202382 0.321901 0.00106272 0.0361726 0.0622097 -0.024996 0.0191345 -0.0215134 0.340994 0.0335269 0.142585 0.029311 0.231402 0.000766517 -0.0037953 0.0046596 0.0350433 0.0791411 0.0930983 0.137207 0.255239 0.392967
internal_weight=598157 6696.45 1376.97 5319.48 774.297 517.257 257.039 320.918 277.348 134.907 591460 2818.72 1742.31 361.134 9538.01 2500.76 170.344 5771.72 214.818 5556.9 69.7376 581922 104048 39210.1 8120.21 3333.53 2987.98 1610.2 498.118 274.734
internal_count=4504359 61329 15594 45735 7331 5611 1720 3070 2349 761 4443030 20263 9700 2745 65429 25472 707 32286 1088 31198 631 4377601 810254 189449 60133 19138 18211 10001 3181 1525
cat_boundaries=0 1 2 3 4 5 6 7 8 9
cat_threshold=50 34 50 27 105 34 2 6 70
is_linear=0
shrinkage=0.08


Tree=83
num_leaves=31
num_cat=12
split_feature=36 23 3 47 38 31 44 3 37 34 17 6 45 19 6 6 19 11 38 12 37 17 41 38 38 18 18 19 18 12
split_gain=636.873 655.867 773.519 676.22 1202.45 830.21 733.641 729.262 1131.76 820.599 780.495 1126.49 1339.78 1676.03 1635.43 1458.25 1284.49 952.649 807.301 782.689 718.352 706.673 699.749 1087.4 1020.66 1141.72 1911.3 1244.3 1033.54 917.256
threshold=0 1.0000000180025095e-35 18.605000495910648 1 2 1.0000000180025095e-35 3 451.17500305175787 4 5 4.5000000000000009 120.00000381469728 6 1.0000000180025095e-35 269.75003051757818 640.00003051757824 328.52499389648443 1.5000000000000002 7 129.05000305175784 8 4.5000000000000009 9 10 11 4722.7250976562509 5071.4499511718759 2330.789916992188 13702.045410156252 13423.500000000002
decision_type=9 2 8 1 1 8 9 10 1 1 2 2 9 2 2 2 2 2 1 2 1 2 9 1 1 2 2 2 2 2
left_child=1 3 -3 -1 6 22 20 -7 -9 -10 11 18 13 14 -13 -16 -15 -18 -11 -14 -5 -22 23 -6 25 -24 27 -27 29 -28
right_child=-2 2 -4 4 5 7 -8 8 9 10 -12 12 19 16 15 -17 17 -19 -20 -21 21 -23 24 -25 -26 26 28 -29 -30 -31
leaf_value=0.0034062589296795626 -0.0044141533656064163 -0.044915397006698846 0.0068463257758334438 -0.11253591195263658 -0.042716608327047094 0.0060091801376296675 -0.027133226813089082 -0.052031369587033305 -0.034718440787874547 -0.10228805298410111 -0.010127069151899495 -0.091604068700053234 0.92317482811812024 0.1221166770748594 2.0463427830427139 0.65471157542947456 1.2949982191658436 0.44996921018240116 0.097203512002514009 0.06494246425775875 0.015167494077239992 -0.04178244646542513 0.0059670854980384174 -0.0054850639868560128 -0.010351935472719356 -0.09793667455768805 0.083720271494560614 0.47969061963718818 -0.034741442477528653 0.497890181848824
leaf_weight=152416.10020483751 144949.01764231804 1872.2795842504129 140796.68928765785 339.89968761708587 7107.5727607635781 33283.50299123209 20292.023467581836 604.26885190489702 407.89734522695653 139.20333125069737 410.19184826523997 6.5518079660832909 7.0059404931962481 95.971190838608891 9.9345314754173177 9.3589593460783345 10.221788295544682 51.841563282301649 1190.3844821620733 232.24819302465767 7303.4722767630592 1723.5649682651274 31299.438945237547 17074.826523104217 33689.899152320111 30.429155224468559 930.63426488731056 110.68885802943259 599.84850222431123 35.529170873574913
leaf_count=186839 669294 8973 1339168 2705 71264 276187 816557 10004 7066 2014 7166 181 126 1759 145 134 81 567 13679 3509 52156 21391 230486 267984 503211 371 6702 273 4717 61
internal_value=0.000200106 0.00167962 0.00616704 -0.000389464 -0.00407445 -0.000694713 -0.0185785 0.00950376 0.0461365 0.0691443 0.088801 0.11246 0.226149 0.382405 1.00044 1.37129 0.305528 0.589145 0.0762792 0.0864599 -6.57279e-05 0.00428908 -0.00478619 -0.0164411 -0.000557869 0.00943907 0.0731516 0.355137 0.047741 0.0989507
internal_weight=597030 452081 142669 309413 156996 127337 29659 36458.6 3175.08 2570.81 2162.91 1752.72 423.134 183.88 25.8453 19.2935 158.035 62.0634 1329.59 239.254 9366.94 9027.04 90878.9 24182.4 66696.5 33006.6 1707.13 141.118 1566.01 966.163
internal_count=4504770 3835476 1348141 2487335 2300496 1407687 892809 322618 46431 36427 29361 22195 6502 2867 460 279 2407 648 15693 3635 76252 73547 1085069 339248 745821 242610 12124 644 11480 6763
cat_boundaries=0 1 2 3 4 5 6 7 8 9 10 11 12
cat_threshold=128 2 32 1 20 16 12 80 8 18 82 595
is_linear=0
shrinkage=0.08


Tree=84
num_leaves=31
num_cat=11
split_feature=3 38 43 4 38 4 4 34 36 45 11 38 22 35 3 38 1 13 33 3 34 11 11 0 21 36 18 3 3 19
split_gain=537.494 703.108 605.507 868.565 1268.65 807.254 671.115 634.158 731.415 517.123 576.202 588.165 660.381 841.811 508.503 723.327 486.434 497.095 516.521 849.438 896.581 825.427 595.013 515.153 509.055 483.915 472.812 481.682 558.289 556.748
threshold=9.4849996566772479 0 1 43.500000000000007 2 42.500000000000007 49.500000000000007 3 4 5 3.5000000000000004 6 1.0000000180025095e-35 7 151.06500244140628 8 5.5000000000000009 393.52490234375006 1.0000000180025095e-35 217.56500244140628 9 10.500000000000002 5.5000000000000009 1.5000000000000002 1.5000000000000002 10 284.94500732421881 162.73000335693362 377.90499877929693 5928.9248046875009
decision_type=8 1 9 8 1 10 10 1 9 9 2 1 2 1 8 1 2 2 2 8 1 2 2 2 2 9 2 8 10 2
left_child=1 -1 3 5 6 7 -5 8 -2 10 -10 12 13 -12 15 -11 17 25 -19 20 22 -21 -20 -24 -22 26 -4 29 -29 -28
right_child=2 -3 16 4 -6 -7 -8 -9 9 14 11 -13 -14 -15 -16 -17 -18 18 19 21 24 -23 23 -25 -26 -27 27 28 -30 -31
leaf_value=0.0081460121680880706 -0.040261618006977813 -0.033149742325928461 0.0031923480869149035 -0.29029028859484834 -0.02499433800753777 0.31630691678534645 -0.050188792774911242 -0.0074100511145856621 0.04404845414867941 0.1638534659623673 0.48592106651468897 -0.022654700282664302 -0.087937923390540226 0.081538594851645871 0.0014381439151951478 -0.045069006745578413 0.054054081682042635 0.0050909834905206166 -0.017038476113088143 -0.081503350397262517 -0.096083370391300243 0.046745386902643238 0.20770117096771151 -0.031367361344556109 0.40300974747911028 -0.0054661680367351344 -0.01263053576242708 0.0089837476399925471 -0.013633514357645225 0.15129768083493866
leaf_weight=4203.6683039278723 2055.1311021568254 7076.1826332123019 205853.29879539832 186.19705680920742 6695.7975036252756 50.489636636339128 124.20482908934355 81587.198502169689 4734.2811023015529 276.76822999538854 28.571029779501259 2013.1353314935695 120.46695955377072 348.67956087552011 22685.37003266532 166.99892818322405 1110.4549729567952 99779.571270783199 116.92364486400038 470.31051471293904 166.23440268542618 1012.9312327434309 513.31731946347281 64.989662843756378 14.196149997413157 89228.711620849324 30512.261239833664 22720.175540462602 10085.474201537902 133.17489170841873
leaf_count=14361 15422 29121 1223300 1912 25952 85 1290 1148321 31440 865 95 30248 1217 1860 294505 696 4503 758755 600 5937 1709 8616 1231 439 23 380314 220274 175497 126403 596
internal_value=-0.000485516 -0.0177822 -0.000150778 -0.00518628 -0.0325272 -0.00350741 -0.188154 -0.00364903 0.00581359 0.00894328 0.0275804 -0.00336078 0.0736533 0.127206 0.00309586 0.0879083 0.00116955 0.0010421 0.00596571 0.042966 0.105446 0.00607991 0.145464 0.180835 -0.0538316 -0.000360535 0.00133127 -0.00470639 0.0020305 -0.0119182
internal_weight=594135 11279.9 582855 121073 7006.2 114067 310.402 114017 32429.4 30374.3 7245.13 2510.85 497.718 377.251 23129.1 443.767 461782 460672 102138 2358.9 875.661 1483.24 695.231 578.307 180.431 358533 269304 63451.1 32805.6 30645.4
internal_count=4505587 43482 4462105 1553908 29154 1524754 3202 1524669 376348 360926 64860 33420 3172 1955 296066 1561 2908197 2903694 777310 18555 4002 14553 2270 1670 1732 2126384 1746070 522770 301900 220870
cat_boundaries=0 1 2 3 4 5 6 7 8 9 10 11
cat_threshold=540 35 40 12 104 42 258 16 46 39 144
is_linear=0
shrinkage=0.08


Tree=85
num_leaves=31
num_cat=13
split_feature=1 36 23 4 2 34 19 25 37 4 38 12 41 34 40 43 2 12 40 2 32 21 11 32 6 34 40 41 37 12
split_gain=549.413 531.584 520.99 864.961 488.132 679.875 535.769 486.589 457.671 508.454 478.01 523.693 698.945 746.062 643.534 597.634 588.812 588.351 522.537 489.102 485.871 467.951 529.973 462.879 449.597 447.915 441.077 1079.96 764.122 587.962
threshold=2.5000000000000004 0 9.5000000000000018 20.500000000000004 inf 1 100.02500152587892 7.5000000000000009 2 9.5000000000000018 3 486.04998779296881 4 5 6 7 2.5000000000000004 1526.0250244140627 8 1.0000000180025095e-35 39.989999771118171 1.0000000180025095e-35 20.500000000000004 -16.345000267028805 269.75003051757818 9 10 11 12 11440.399902343752
decision_type=2 9 2 10 8 1 2 8 1 8 1 2 9 1 1 9 8 2 1 8 10 2 2 8 2 1 1 9 1 2
left_child=1 4 -2 -4 7 6 -6 -1 10 23 18 14 13 15 16 19 -12 25 20 -13 -3 22 -15 -10 -17 -14 -9 -28 -29 -30
right_child=2 8 3 -5 5 -7 -8 26 9 -11 11 12 17 21 -16 24 -18 -19 -20 -21 -22 -23 -24 -25 -26 -27 27 28 29 -31
leaf_value=0.043293134522995845 0.0088903712375689031 0.0091002910934461535 0.073672587326923195 0.57467988642954371 0.017829697452651217 -0.031683411107536724 -0.027172999892081166 0.0020716957071452657 0.043247989305577335 0.0099329556024303385 -0.011300443627261774 0.31741905242555929 -0.042979635074019223 -0.035946711637779932 -0.026988201146447687 -0.026251438606029343 0.036415271705909621 -0.036829100700818754 -0.02875123297254454 -0.0084190928204157228 0.078496773892930499 0.10392517565143874 0.14116334205808173 -0.0064648221477710578 0.082404101643520314 0.011690739340173537 -0.064058337904122353 0.012596173739657003 -0.010797967514078221 0.071423290394583519
leaf_weight=1754.6368415630423 33407.438377044979 7830.0180121450685 310.80535885109566 23.738494538702071 5096.6863921969198 6963.3724430203438 2535.3060736018233 360630.10364594369 1232.4530302239582 21160.118808571016 20181.210112946108 115.31583220884204 1116.4299397571012 1275.0952608622611 20945.629943612497 318.9993549734354 1803.0076833246276 3315.7102865707129 2211.5081256129779 39.610718626528978 703.72447657585144 222.85665724426508 118.14944400265813 43771.388321556384 1032.8564893519506 6451.1202652892098 1949.2555974526331 13706.443064561579 36184.958290936425 565.31911230925471
leaf_count=13668 279772 19831 1360 69 11390 24661 11596 3303597 3755 89611 82168 247 5488 5753 96575 1356 5079 15466 6826 151 1521 550 218 250247 3146 24855 5895 58767 177911 2189
internal_value=-3.04818e-05 -0.000624506 0.00988515 0.109223 0.000747705 -0.0136317 0.00287628 0.0012537 -0.00502635 -0.000294536 -0.00965135 -0.0125722 0.000858036 0.0341572 -0.0169568 0.0745047 -0.00738374 -0.00872034 0.00582269 0.219916 0.0148056 -0.00368777 -0.0209275 -0.00510341 0.0563477 0.00358395 0.00107511 -0.00578219 -0.0035186 -0.00953059
internal_weight=596973 563231 33742 334.544 429386 14595.4 7631.99 414791 133845 66164 67681.2 56936 14006.1 3122.88 42929.8 1506.78 21984.2 10883.3 10745.3 154.927 8533.74 1616.1 1393.24 45003.8 1351.86 7567.55 413036 52406 50456.7 36750.3
internal_count=4503718 4222517 281201 1429 3609674 47647 22986 3562027 612843 343613 269230 241052 57230 11421 183822 4900 87247 45809 28178 398 21352 6521 5971 254002 4502 30343 3548359 244762 238867 180100
cat_boundaries=0 1 2 3 4 5 6 7 8 9 10 11 12 13
cat_threshold=129 120 68 161 1 20 12 4 6 48 6 16 12
is_linear=0
shrinkage=0.08


Tree=86
num_leaves=31
num_cat=9
split_feature=36 47 45 34 37 4 19 21 7 6 3 32 41 23 3 12 3 3 18 37 31 3 3 3 3 34 18 18 34 18
split_gain=662.734 965.304 701.016 717.149 773.064 919.551 773.825 705.717 679.893 830.295 817.704 558.389 734.269 858.057 590.007 676.209 590.436 1138.58 1102.67 529.747 462.08 453.169 443.676 432.22 784.418 525.743 468.899 415.432 740.672 619.708
threshold=0 1 2 3 4 1.5000000000000002 106.50500106811525 2.5000000000000004 2228.099975585938 1330.0999755859377 463.61500549316412 4.1449999809265146 5 1.0000000180025095e-35 105.58499908447267 686.54998779296886 406.80499267578131 419.70500183105474 284.94500732421881 6 1.0000000180025095e-35 303.88000488281256 9.9849996566772479 18.605000495910648 44.149999618530281 7 64.099998474121108 125.12500000000001 8 119.27499771118165
decision_type=9 1 9 1 1 8 2 2 2 2 10 8 9 2 10 2 10 10 2 1 10 10 10 8 8 1 2 2 1 2
left_child=19 2 3 4 5 -2 -7 11 22 10 -10 12 13 21 15 -14 -16 18 -18 23 -13 -6 -4 25 -25 -1 -26 28 29 -28
right_child=1 -3 8 -5 7 6 -8 -9 9 -11 -12 20 14 -15 16 -17 17 -19 -20 -21 -22 -23 -24 24 26 -27 27 -29 -30 -31
leaf_value=0.0020157463462889187 0.0055595564057493397 -0.0021401814685255284 0.20418804261108364 -0.042057690801767772 0.26545722961726237 -0.094283216204651896 0.36604409520921893 0.39505944481937938 -0.089782950225061345 -0.08989752643371525 0.50162324338012598 -0.057940831847849497 0.029984635112257765 -0.091472656652075962 -0.091988501235602732 0.32001357105968559 0.77299113929118479 -0.004493598765983123 -0.09006886913704408 -0.0006823108484701135 0.10948830944502845 0.018382591233987271 -0.061404857437669359 0.022943427490055006 -0.0014181387958837998 -0.031592609803549485 0.040089331500949336 0.0057923269115527642 0.0034536173752328786 0.13842142941268176
leaf_weight=8607.850472623948 168.3688764385879 30900.152497640578 40.62413027882576 2718.0069450754672 196.276745531708 28.927191022783518 121.69399654492736 28.719561543315649 21.830893539823592 60.515019833110273 47.557682027108967 1162.6330796554685 205.66633959580213 81.870219621807337 488.98179611377418 68.613402140326798 24.677125032991171 425.79422538075596 15.37850991822779 348132.20638638141 116.02369709312916 62.682511914521456 4422.5837371097878 14990.545923528261 66858.821309562773 4546.4490181775764 2449.6997233512811 106864.1712293881 3987.4262916436419 492.67641802038997
leaf_count=29918 1524 74978 22 35691 1203 348 419 21 265 833 154 13837 2071 974 6659 304 75 4166 207 2766887 124 524 53368 79125 389797 19082 15736 973940 30180 2945
internal_value=0.000502466 -0.00926073 -0.0302096 -0.0119183 0.0137622 0.129956 0.277637 0.000475105 -0.0536197 0.126677 0.315556 -0.00350143 0.0284638 0.130452 -0.000871533 0.102538 -0.0305855 0.0338665 0.441638 0.0012285 -0.0427485 0.205651 -0.0589874 0.00441431 0.00535833 -0.00962261 0.00389912 0.00702323 0.026005 0.0563627
internal_weight=598337 41407.6 10507.4 5914.31 3196.31 318.99 150.621 2877.32 4593.11 129.904 69.3886 2848.6 1569.94 340.829 1229.11 274.28 954.832 465.85 40.0556 556930 1278.66 258.959 4463.21 208798 195643 13154.3 180653 113794 6929.8 2942.38
internal_count=4505377 197767 122789 68147 32456 2291 767 30165 54642 1252 419 30144 16183 2701 13482 2375 11107 4448 282 4307610 13961 1727 53390 1540723 1491723 49000 1412598 1022801 48861 18681
cat_boundaries=0 1 2 3 4 5 6 7 8 9
cat_threshold=226 4 44 13 1 17 106 57 20
is_linear=0
shrinkage=0.08


Tree=87
num_leaves=31
num_cat=10
split_feature=47 31 41 44 2 18 32 38 32 23 32 38 4 37 2 37 38 8 6 3 3 40 4 38 23 2 18 4 20 18
split_gain=513.45 865.075 767.945 1255.67 849.805 799.353 648.435 1042.93 624.615 704.053 599.248 713.822 604.243 725.946 629.825 590.047 858.518 854.899 829.834 846.975 762.792 764.052 682.576 1207.89 1143.16 1092.08 867.892 880.289 842.088 710.692
threshold=0 1.0000000180025095e-35 1 2 1.0000000180025095e-35 390.67500305175787 -16.345000267028805 3 4.7950000762939462 1.0000000180025095e-35 -77.079998016357408 4 1.0000000180025095e-35 5 2.5000000000000004 6 7 14.500000000000002 9462.8852539062518 137.504997253418 607.79498291015636 8 9.5000000000000018 9 1.0000000180025095e-35 2.5000000000000004 125.12500000000001 14.500000000000002 11.500000000000002 903.82498168945324
decision_type=1 10 9 9 8 2 8 1 10 2 10 1 8 1 8 1 1 2 2 8 10 1 10 1 2 10 2 10 2 2
left_child=10 6 3 4 8 -5 7 -2 9 -3 -1 12 13 -12 -15 16 17 -8 22 -20 21 -21 -17 24 -24 28 -27 -28 -26 -25
right_child=1 2 -4 5 -6 -7 15 -9 -10 -11 11 -13 -14 14 -16 18 -18 -19 19 20 -22 -23 23 29 25 26 27 -29 -30 -31
leaf_value=-0.0023418342962768755 -0.031922820754212586 0.12630477869011031 -0.0011771492380847712 0.041956703195837122 -0.01748259455597382 -0.051512263352394505 -0.031043143718057893 0.038455813080935028 0.19417820757790411 -0.036672243882985962 -0.0026664893415324882 0.0068104521293593078 0.001349323546069231 -0.047222367290499313 -0.19913956759595636 -0.0012345353090807527 -0.0056785954765092841 0.7955888595131998 0.2704438727113036 0.068330826218621604 0.035637575038244572 -0.07127317258991045 0.013534891805776857 -0.025117188094612032 0.06059044741458719 0.59868606422400017 0.36641247546948191 -0.094331089680583388 0.56106191986671294 0.038114809745084022
leaf_weight=95679.141425681766 1782.7537211631425 665.76329725375399 4295.2341210609302 1829.2532092444599 326.00979637634009 861.29079244937748 10087.711116515798 5446.0184061909094 533.42014537891373 227.64813727419823 3343.1059209438972 185422.19198822114 11317.486637213267 3117.4048869647086 185.02329343883321 170791.08340534649 84308.108262490365 8.0133722266182286 56.2697021253407 269.74799478356726 661.97541703120805 2804.5882076934213 5144.9863205305301 4716.7907925141044 2992.6616741972975 41.127174878492951 61.287079479545355 46.808657579123974 21.672681257128716 1499.1638074219227
leaf_count=127083 17632 2372 13094 5650 1764 9227 193290 27007 1877 1555 4319 215823 14422 5661 726 2684247 971804 30 257 1673 23852 38645 52056 44376 29637 129 244 629 33 17309
internal_value=0.000534539 -0.00180694 0.0229938 0.0462574 0.0990505 0.0120356 -0.00255236 0.0211081 0.125677 0.084777 0.00287927 0.00533544 -0.00988853 -0.0290417 -0.0555655 -0.00315564 -0.00832068 -0.0303569 -0.000576749 -0.0376209 -0.0422604 -0.0590336 0.000181348 0.0168305 0.0367596 0.0746468 0.285902 0.166897 0.0641888 -0.00985105
internal_weight=598544 299479 8738.62 4443.39 1752.84 2690.54 290741 7228.77 1426.83 893.411 299064 203385 17963 6645.53 3302.43 283512 94403.8 10095.7 189108 3792.58 3736.31 3074.34 185316 14524.5 8308.54 3163.56 149.223 108.096 3014.33 6215.95
internal_count=4506423 4138389 35539 22445 7568 14877 4102850 44639 5804 3927 368034 240951 25128 10706 6387 4058211 1165124 193320 2893087 64427 64170 40318 2828660 144413 82728 30672 1002 873 29670 61685
cat_boundaries=0 1 2 3 4 5 6 7 8 9 10
cat_threshold=2 37 2 176 640 86 20 12 8 278
is_linear=0
shrinkage=0.08


Tree=88
num_leaves=31
num_cat=16
split_feature=26 32 45 46 47 32 47 42 38 2 32 38 18 18 35 38 46 2 5 0 1 38 47 41 47 32 32 45 33 49
split_gain=477.795 436.715 867.813 650.134 671.005 522.729 522.882 536.777 661.572 511.205 518.67 432.406 513.096 461.927 429.791 417.802 401.291 395.112 732.538 385.385 379.008 376.656 837.528 619.439 651.08 374.863 560.047 369.777 361.231 418.942
threshold=1.0000000180025095e-35 -16.345000267028805 0 1 2 -77.079998016357408 3 4 5 inf 6.4549999237060556 6 4722.7250976562509 2433.075073242188 7 8 9 inf 1.0000000180025095e-35 4.5000000000000009 1.5000000000000002 10 11 12 13 3.554999947547913 3.9250000715255742 14 1.0000000180025095e-35 15
decision_type=8 8 9 1 1 10 1 9 1 8 10 1 2 2 1 1 1 8 2 2 2 1 1 9 1 8 8 9 2 9
left_child=-1 2 3 -2 -5 -4 16 8 -8 11 21 12 13 -3 15 -12 -7 18 -6 28 -9 23 -23 -11 27 -24 -27 -25 29 -13
right_child=1 9 5 4 17 6 7 20 -10 10 14 19 -14 -15 -16 -17 -18 -19 -20 -21 -22 22 25 24 -26 26 -28 -29 -30 -31
leaf_value=0.057670136252294495 -0.0043247819246867514 0.0075755693908050349 0.0084148896217850488 0.023920734609502559 -0.16388260768382854 0.024406315549870303 0.18427188359820526 0.0075441515478486187 0.064606208134618842 -0.055497445106234097 0.018538067198928979 0.1953162505733744 0.063324932246318133 -0.070702249869068409 0.055408742466955888 -0.088066578139689058 -0.090832578014197696 -0.055856916461324214 -0.56250394231407019 0.25506388214108477 0.089350195965874873 0.020748488635535287 -0.063990148029850008 -0.013986806091962569 0.0094989311712323238 0.22964772579380735 -0.015960236800983841 -0.066058952319915182 0.02221004054596231 0.00018370877548862192
leaf_weight=955.69674184848554 2573.7202003279235 52734.302609141916 5418.1800959045067 196.68240140751004 211.74691749922931 1879.4383163021412 416.29181373491883 1186.6984891910106 1114.7210554298945 3211.7691389070824 790.05904877558351 70.426366373896599 1050.2648334940895 486.93095074407756 1234.6904851719737 323.90354737499729 215.57600407116115 153.47229274758138 34.281275041401386 38.039961202070117 521.84869364649057 4005.0748595069163 1477.4218411436304 1912.8407941386104 3822.5804137494415 63.931719533633441 841.6200457829982 1624.3517260281369 4822.7953444179147 503331.04817068612
leaf_count=3758 14301 167855 20705 313 718 2474 1139 5696 6081 11941 1926 408 2533 2305 4729 1987 605 420 293 25 2376 5874 10748 3504 11757 236 3350 3999 52875 4157591
internal_value=0.00115008 0.00105941 0.0150615 -0.0216936 -0.0970385 0.025893 0.0436935 0.063835 0.0981287 0.000724364 -0.012075 0.00116368 0.00795065 0.00685939 0.023159 -0.0129668 0.0125483 -0.156589 -0.219426 0.000438818 0.0323412 -0.0169544 -0.00159297 -0.0262105 -0.0133719 -0.039149 0.00137962 -0.0381257 0.000419768 0.000211008
internal_weight=596720 595765 13922.7 3169.9 596.183 10752.8 5334.57 3239.56 1531.01 581842 19308.2 562534 54271.5 53221.2 2348.65 1113.96 2095.01 399.5 246.028 508262 1708.55 16959.6 6388.05 10571.5 7359.77 2382.97 905.552 3537.19 508224 503401
internal_count=4502522 4498764 55121 16045 1744 39076 18371 15292 7220 4443643 60051 4383592 172693 170160 8642 3913 3079 1431 1011 4210899 8072 51409 20208 31201 19260 14334 3586 7503 4210874 4157999
cat_boundaries=0 1 2 3 4 5 6 7 8 9 10 11 12 13 14 15 16
cat_threshold=42 1 4 2 11 10 513 32 129 1 643 2 35 2 9 2
is_linear=0
shrinkage=0.08


Tree=89
num_leaves=31
num_cat=10
split_feature=47 19 42 7 16 11 17 1 5 42 17 45 35 46 42 7 6 16 45 41 4 41 2 4 19 4 13 2 7 13
split_gain=534.989 844.219 1448.09 689.241 673.966 1089.95 700.126 640.966 681.632 630.859 622.097 812.94 598.048 580.955 541.907 540.496 784.146 522.681 1211.63 1898.33 2131.42 792.492 978.267 737.633 1434.23 986.169 1364.9 797.909 840.12 1246.87
threshold=0 877.27499389648449 1 -1.0000000180025095e-35 2.5000000000000004 10.500000000000002 30.500000000000004 4.5000000000000009 30.500000000000004 2 20.500000000000004 3 4 5 6 3433.124877929688 640.00003051757824 1.0000000180025095e-35 7 8 inf 9 1.0000000180025095e-35 9.5000000000000018 48.760000228881843 16.500000000000004 415.67500305175787 1.0000000180025095e-35 478.20010375976568 653.02499389648449
decision_type=1 2 9 2 2 2 2 2 2 9 2 9 1 1 9 2 2 2 9 9 8 9 10 10 2 10 2 8 2 2
left_child=1 7 3 -3 5 9 13 17 12 -4 11 -5 14 -6 -9 -11 -17 21 19 20 23 22 -1 27 -25 26 -26 28 -19 -30
right_child=-2 2 4 10 6 -7 -8 8 -10 15 -12 -13 -14 -15 -16 16 -18 18 -20 -21 -22 -23 -24 24 25 -27 -28 -29 29 -31
leaf_value=0.017718212094681895 0.0019998572723917418 0.71191008132586175 -0.0011827749364987556 0.014939950840742913 -0.066103653739805396 -0.055354741234779736 0.14483611083749273 -0.076679562796298395 0.47429724854862243 -0.04484364657605 0.023186995067012228 -0.038580927335490685 -0.095200700287218387 0.27078188418296867 0.094981671524120334 0.40064877122013137 -0.015415413108871985 0.060040533952774963 -0.010258826242664949 -0.024555152809481506 1.1894928805914264 -0.005165633768258667 -0.040847202314180202 0.9993442961980461 0.0026935709560660837 0.053459970126339115 0.45861943537341665 -0.020969035839712914 0.31206665114137344 0.029518697581797211
leaf_weight=18578.385505137034 424947.51338633755 8.8285927663091552 7079.2778597901342 3721.2465836566407 283.36243608198129 7407.2138136689318 287.30476308893412 130.78875025734305 24.695290740579367 4249.3152794202324 6313.8875054678647 3532.3994163395837 151.34874696400948 37.04389039054513 860.83437276724726 42.869116974063218 89.547911774832755 1597.9498080869671 5067.8215456118342 1593.1841097326251 11.107218395452945 107542.5697421669 2024.278813280398 13.007636215537785 66.046228315681219 280.25989252259023 115.53729302156717 571.88704427774064 229.21800253004767 177.2549728276208
leaf_count=387032 1330307 36 211564 70235 5898 241454 4391 1886 10 85149 140890 80929 1690 54 6504 341 1416 32248 84183 31543 36 1725860 41819 89 582 2724 532 8697 3388 3808
internal_value=0.000475908 -0.00328726 -0.0147795 0.00528183 -0.0287519 -0.0314375 0.0541567 -0.000555277 0.0584671 -0.0159798 0.00482591 -0.0111564 0.0494826 -0.0271545 0.0718011 -0.0397929 0.119283 -0.00105516 0.016827 0.0462348 0.0830243 -0.00241201 0.0119582 0.0792685 0.17089 0.147557 0.292788 0.0623813 0.0861622 0.188853
internal_weight=597036 172088 33052.3 13576.4 19475.9 18868.2 607.711 139036 1167.67 11461 13567.5 7253.65 1142.97 320.406 991.623 4381.73 132.417 137869 9723.27 4655.45 3062.27 128145 20602.7 3051.16 474.851 461.843 181.584 2576.31 2004.42 406.473
internal_count=4505295 3174988 842357 292090 550267 539924 10343 2332631 10090 298470 292054 151164 10080 5952 8390 86906 1757 2322541 167830 83647 52104 2154711 428851 52068 3927 3838 1114 48141 39444 7196
cat_boundaries=0 1 2 3 4 5 6 7 8 9 10
cat_threshold=4 17 10 12 8 1 32 38 35 20
is_linear=0
shrinkage=0.08


Tree=90
num_leaves=31
num_cat=8
split_feature=48 2 36 41 38 3 18 4 43 18 2 1 32 1 7 6 25 46 4 13 32 46 11 42 2 32 7 3 4 32
split_gain=556.882 486.41 509.088 718.678 695.47 672.258 594.85 682.435 556.741 786.918 627.724 1180.98 545.179 599.053 604.226 515.651 509.201 506.8 532.304 499.859 464.073 570.219 459.133 437.204 718.35 554.285 501.754 566.345 483.874 639.888
threshold=0 inf 1 2 3 9.9849996566772479 4161.8298339843759 1.0000000180025095e-35 4 9730.8193359375018 2.5000000000000004 1.5000000000000002 23.460000038146976 1.0000000180025095e-35 218.6499938964844 275.89997863769537 7.5000000000000009 5 16.500000000000004 2802.3000488281255 -9.8350000381469709 6 16.500000000000004 7 1.0000000180025095e-35 -1.6950000524520872 224.2749938964844 211.61000061035159 4.5000000000000009 -5.8450000286102286
decision_type=9 8 9 9 1 10 2 8 9 2 10 2 10 2 2 2 8 1 8 2 8 1 2 9 10 10 2 10 8 10
left_child=1 2 3 -1 6 17 7 16 9 19 -10 -12 22 14 -14 -16 -4 -5 -19 -8 -7 -22 23 24 25 -9 27 -27 29 -25
right_child=-2 -3 4 5 -6 20 8 12 10 -11 11 -13 13 -15 15 -17 -18 18 -20 -21 21 -23 -24 28 -26 26 -28 -29 -30 -31
leaf_value=0.037357970819795278 0.042152475500425883 -0.010511783010836058 0.16088741061486 0.067288630304968705 0.0015790469749306735 0.024195219900590748 0.15272915854473254 0.059257575661386189 0.023647811017372435 -0.057268957061210671 -0.046355571970408745 0.48936731890434232 0.069815484217355769 -0.025269301218691545 0.38279984599178496 0.11059939336397032 -0.0010584535293464441 0.030580808520928079 -0.11601685046304079 0.42047020908737792 -0.0059856859347459769 0.02662662069515348 -0.07857327317910906 -0.0043871262613059273 -0.022668381012161145 0.0069124893162388111 -0.089139986277860225 0.091762584082063253 0.0074674042692714363 0.075345633970808332
leaf_weight=2810.4662919957191 2146.1793591210153 21409.904741844395 124.74075071886182 1478.1681533139199 363468.93706247886 3572.5798749094829 220.71354622673243 4190.895749239251 2670.8667273875326 97.673857176676393 52.42813962046057 52.916158026084304 459.3566898945719 262.45482342410833 86.934774786233902 91.337388627231121 32204.004029748961 530.6133728325367 226.05409038811922 55.937145545147359 119885.04593793955 3532.4022986134514 343.45232526771724 1085.6504868557677 1390.4480691440403 2397.2412989158183 269.65573448780924 637.287960822694 31860.508454666007 1584.1745114186779
leaf_count=5487 13517 65106 268 2137 3507889 11251 516 10297 8962 525 255 129 1059 891 66 194 146763 629 682 53 589582 6081 1820 3604 5408 9076 1630 1997 104040 5299
internal_value=0.0014745 0.00132828 0.00176864 -0.00259205 0.00306655 -0.00346373 0.00981208 0.00841902 0.0438849 0.134354 0.0310907 0.222747 0.0148274 0.076458 0.11833 0.243338 -0.000433584 0.0400318 -0.0132152 0.206865 -0.00422946 -0.00505227 0.0135597 0.0142885 0.0301091 0.0399402 0.0154389 0.024732 0.0102058 0.0429233
internal_weight=599199 597053 575643 132035 443608 129225 80138.7 76988.1 3150.54 374.325 2776.21 105.344 44659.4 900.084 637.629 178.272 32328.7 2234.84 756.667 276.651 126990 123417 43759.3 43415.9 8885.53 7495.08 3304.18 3034.53 34530.3 2669.82
internal_count=4505213 4491696 4426590 615849 3810741 610362 302852 292412 10440 1094 9346 384 145381 2210 1319 260 147031 3448 1311 569 606914 595663 143171 141351 28408 23000 12703 11073 112943 8903
cat_boundaries=0 1 2 3 4 5 6 7 8
cat_threshold=1 90 16 515 1 1 1 3
is_linear=0
shrinkage=0.08


Tree=91
num_leaves=31
num_cat=13
split_feature=26 47 38 45 42 37 7 37 43 19 32 3 42 23 18 45 18 3 19 38 32 3 37 15 34 38 7 3 18 1
split_gain=534.378 522.182 893.159 1080.17 817.348 681.476 649.79 611.466 797.704 1090.52 2183.77 662.382 610.258 934.056 1829.14 736.474 700.018 1071.74 1044.1 1221.89 1369.69 866.894 790.315 1119.46 1062.11 875.078 1142.13 1137.35 2058.73 775.978
threshold=1.0000000180025095e-35 0 1 2 3 4 1499.9899902343752 5 6 4282.3500976562509 39.989999771118171 207.14500427246097 7 10.500000000000002 796.64501953125011 8 4161.8298339843759 283.54499816894537 82.020000457763686 9 inf 303.88000488281256 10 1.0000000180025095e-35 11 12 175.00006103515628 254.46500396728518 682.26998901367199 1.0000000180025095e-35
decision_type=8 1 1 9 9 1 2 1 9 2 8 8 9 2 2 9 2 8 2 1 8 8 1 2 1 1 2 10 2 2
left_child=-1 2 3 4 -2 -3 12 8 9 -8 -11 -9 13 15 -15 -4 17 22 19 20 -19 -22 23 24 29 26 -26 28 -28 -17
right_child=1 5 6 -5 -6 -7 7 11 -10 10 -12 -13 -14 14 -16 16 -18 18 -20 -21 21 -23 -24 -25 25 -27 27 -29 -30 -31
leaf_value=0.060618015169271872 -0.015874434779975844 -0.0011472897368114074 -0.043459901161646511 -0.074954936376724984 0.039390755247679154 0.0053259857195926607 -0.029579832665411795 0.011860120889298947 -0.027068184856498527 0.22000551157941062 1.5209177583207203 -0.059871402255032957 -0.0055556141701909 -0.10020982214845982 0.92225539680198776 0.19658557924462156 0.062211019811895564 -0.030202034414108622 -0.040451328469868708 0.0080830479114948929 0.94921533105688272 0.28359515588574546 0.013162593030369395 0.3362018723289476 -0.027037064748766451 -0.058344886435774374 1.17572553701185 0.12381784310297497 -0.087879846458587069 -0.098818118325492463
leaf_weight=936.90549177047797 2234.3521911725402 240106.89961468708 1365.3265987071209 714.20991445844993 7302.5683226426481 183715.60176082747 116.40121637191623 1073.0975836550351 465.7876813900657 132.34046484786086 8.8079580441117269 3547.6766585579026 143407.4328175484 23.996920995879918 20.994384557008743 452.06870284769684 1943.4674688880332 105.89919676305726 3322.6724466951564 2149.9419956738129 13.678534850478171 148.17823491198942 1860.9603345301002 112.91382799576968 107.72357406746596 451.84373525669798 22.445778667926788 52.023810498416424 13.049469441175459 65.10759302508086
leaf_count=3741 16175 768656 35426 7448 34680 562964 2590 14290 10143 1482 140 125014 2718934 417 49 4028 41862 1724 87328 38810 51 1308 15727 507 1902 7973 76 262 208 1043
internal_value=0.000247501 0.000152449 -0.00357591 0.0193094 0.0264399 0.0016588 -0.00503409 -0.0324633 0.0357134 0.146024 0.301185 -0.0431196 -0.00409259 0.0130533 0.376905 0.0117208 0.0187054 0.00920329 -0.0113476 0.02865 0.186524 0.339847 0.0467956 0.0949553 0.072374 0.00277896 0.140186 0.362033 0.711174 0.156373
internal_weight=595994 595057 171235 10251.1 9536.92 423823 160984 5344.11 723.337 257.55 141.148 4620.77 155640 12232.3 44.9913 12187.3 10822 8878.51 5740.37 2417.7 267.756 161.857 3138.14 1277.18 1164.26 647.086 195.243 87.5191 35.4952 517.176
internal_count=4504958 4501217 3169597 58303 50855 1331620 3111294 153659 14355 4212 1622 139304 2957635 238701 466 238235 202809 160947 129221 41893 3083 1359 31726 15999 15492 10421 2448 546 284 5071
cat_boundaries=0 1 2 3 4 5 6 7 8 9 10 11 12 13
cat_threshold=4 129 13 32 5 74 40 1 32 4 27 13 260
is_linear=0
shrinkage=0.08


Tree=92
num_leaves=31
num_cat=12
split_feature=47 38 2 10 36 22 45 12 4 27 19 12 3 3 3 44 38 34 45 12 34 23 44 3 12 18 37 34 19 6
split_gain=635.588 1082.29 1100.28 680.752 731.264 1099.74 811.643 831.645 1093.91 723.856 676.072 1327.16 827.245 1261.15 2085.31 765.3 662.337 908.168 835.765 644.542 636.303 600.97 571.118 768.317 1379.98 877.503 899.436 1318.59 1335.62 1242.76
threshold=0 1 inf 1.0000000180025095e-35 2 4.5000000000000009 3 1687.475036621094 7.5000000000000009 2.5000000000000004 190.0199890136719 105.00001525878908 189.56500244140628 359.01499938964849 341.88500976562506 4 5 6 7 1779.3799438476565 8 2.5000000000000004 9 60.23500061035157 23.050000190734867 125.12500000000001 10 11 2330.789916992188 126.27500152587892
decision_type=1 1 8 2 9 2 9 2 8 8 2 2 10 10 10 9 1 1 9 2 1 2 9 10 2 2 1 1 2 2
left_child=1 2 22 4 9 6 7 10 19 -3 11 15 -13 14 -14 -6 17 18 21 -9 -20 -11 -1 24 -24 -26 27 28 29 -27
right_child=-2 3 -4 -5 5 -7 -8 8 -10 16 -12 12 13 -15 -16 -17 -18 -19 20 -21 -22 -23 23 -25 25 26 -28 -29 -30 -31
leaf_value=0.0053283800983579222 0.0019974497248760451 0.1484078160164975 -0.092943425267241267 0.021675203757798151 0.062747020697484029 0.54298172657630317 -0.028743214590587471 0.62747344903729407 0.26737629569956911 0.082226773830062522 -0.057499241480376842 -0.015098449477963072 0.23228109905052169 -0.0078253544539638592 0.93614942437635484 -0.075956957088105598 -0.00016198447706058458 -0.034546096236598989 0.12006300519066403 -0.038404933301418101 -0.01874684164520447 0.29476343534609467 -0.025103168529230741 -0.017625595541682696 0.19720256795563937 0.4239970704605206 0.0046757941406654173 -0.017756569988993685 1.0897765856333159 0.063007302481795965
leaf_weight=11267.870666712988 425071.16354962194 214.76034134207293 1064.7379849287681 9293.5239085126668 491.55663500446826 22.299259658902884 10871.472710792441 9.8072488671168667 188.82882891222835 1549.1490055033937 770.7951058652252 102.54999559931457 121.82702451851219 76.862691646441817 34.585678149014711 528.09548854641616 83247.666932644846 949.11553732957691 251.7370577622205 181.08611528528854 1089.6704130852595 90.098280597478151 2072.7791396798566 44719.029441974184 293.15127709135413 110.77688802778721 1057.7235053945333 201.31636127270758 11.988556411117314 135.92594869993627
leaf_count=92248 1330620 583 9699 144019 1336 58 138354 58 441 7371 8525 897 467 428 64 7514 1401336 7482 650 2092 7776 296 36916 1282501 3167 1690 15470 2933 171 2595
internal_value=0.000340479 -0.00377791 -0.0123308 0.000957384 -0.000952808 -0.0183475 -0.0192969 0.0217108 0.130852 0.00171621 0.00232177 0.0363391 0.174274 0.257524 0.387919 -0.00909017 0.00135504 0.0334068 0.0550879 -0.00419507 0.00799876 0.0933391 -0.0108993 -0.0146614 0.0194701 0.0704897 0.046015 0.137968 0.255305 0.225102
internal_weight=596092 171021 60935.3 110085 100792 13399.8 13377.5 2505.99 379.722 87392.2 2126.27 1355.48 335.825 233.275 156.413 1019.65 87177.4 3929.77 2980.65 190.893 1341.41 1639.25 59870.6 48602.7 3883.66 1810.88 1517.73 460.008 258.691 246.703
internal_count=4507757 3177137 1447390 1729747 1585728 160234 160176 21822 2591 1425494 19231 10706 1856 959 531 8850 1424911 23575 16093 2150 8426 7667 1437691 1345443 62942 26026 22859 7389 4456 4285
cat_boundaries=0 1 2 3 4 5 6 7 8 9 10 11 12
cat_threshold=4 50 192 40 1 128 102 1 32 1 1 100
is_linear=0
shrinkage=0.08


Tree=93
num_leaves=31
num_cat=11
split_feature=36 38 47 44 43 12 12 1 32 3 25 4 4 37 4 3 3 8 37 19 12 19 32 4 17 34 45 37 14 47
split_gain=603.542 618.12 1004.94 626.686 674.695 659.097 1101.41 849.459 840.02 814.307 658.004 559.15 848.626 762.485 758.744 583.293 597.83 485.045 476.968 1170.58 1435.71 733.925 801.275 810.81 560.538 512.09 462.608 432.206 431.427 509.162
threshold=0 1 2 3 4 265.40000915527349 282.00003051757818 1.5000000000000002 -1.6050000190734861 261.54499816894537 9.5000000000000018 7.5000000000000009 11.500000000000002 5 10.500000000000002 174.82500457763675 171.12500000000003 12.500000000000002 6 987.01000976562511 1332.049987792969 435.77499389648443 -1.955000042915344 29.500000000000004 19.500000000000004 7 8 9 1.0000000180025095e-35 10
decision_type=9 1 1 9 9 2 2 2 8 10 8 10 10 1 10 10 10 2 1 2 2 2 8 10 2 1 9 1 2 1
left_child=-1 17 -3 4 -4 11 7 -7 -9 18 -11 -5 14 -14 15 16 26 28 19 20 21 22 -8 24 -24 -22 -13 -6 -2 -30
right_child=1 2 3 5 27 6 9 8 -10 10 -12 12 13 -15 -16 -17 -18 -19 -20 -21 25 -23 23 -25 -26 -27 -28 -29 29 -31
leaf_value=0.0010552344715835851 0.0028105026020423468 -0.0015626413666592249 -0.063288444935458626 -0.04795294774398217 0.12706509477261163 0.03185618655877627 0.42108869102644003 0.41916082140529076 0.003814341194701525 0.12297326603079663 -0.044508857109854152 0.22525272057687837 0.3382217620603965 -0.04096522242373616 0.43549763031049715 -0.027133404160208641 0.45689329996532935 0.28205441264055114 -0.0027249811972908261 -0.092557069823294286 0.54270005331123972 -0.09084878096751059 -0.091399206303310235 0.4748250572438289 0.47858873350585457 0.073914323360167108 -0.079155838073898782 0.022058355310685937 0.00056872315463741912 -0.067643853646523783
leaf_weight=498621.32711459452 41252.953427180648 27129.884794418002 491.170768301934 10103.241080744192 307.79669811949134 256.5884553603828 55.150899942964315 91.425966626033187 47.279421527869999 154.84366895956919 4933.3855183497071 59.613977245986462 25.11412551254034 1128.5463519482873 40.44148463383317 184.0825695572421 38.516055479645729 39.259351821616292 3284.9508931264281 181.91090630926192 58.333295550197363 116.59735793247819 101.69772994145751 24.844127289950848 12.38712754100561 38.229382861405611 54.651088930666447 1261.9405032685027 1593.5418177186511 1249.4518603021279
leaf_count=4053198 163320 34637 4394 120451 728 2075 279 145 374 908 64071 264 117 9860 199 1497 39 64 24786 2388 129 1612 1353 15 20 350 503 3886 2023 11723
internal_value=-5.48657e-05 -0.00592301 -0.011996 -0.0242797 0.0178171 -0.0284126 -0.0126065 0.11808 0.277585 -0.0183706 -0.0394121 -0.0411258 0.00392817 -0.030134 0.108078 0.0687702 0.184322 0.000983195 0.00926513 0.0748939 0.151532 0.0677892 0.163094 0.0606775 -0.0295109 0.420963 0.0924449 0.0433223 0.000733176 -0.0294097
internal_weight=592939 94317.8 50182.6 23052.7 2060.91 20991.8 9357.62 395.294 138.705 8962.33 5088.23 11634.2 1530.97 1153.66 377.305 336.864 152.781 44135.2 3874.1 589.151 407.24 310.677 194.08 138.929 114.085 96.5627 114.265 1569.74 44095.9 2842.99
internal_count=4505408 452210 275080 240443 9008 231435 98505 2594 519 95911 64979 132930 12479 9977 2502 2303 806 177130 30932 6146 3758 3279 1667 1388 1373 479 767 4614 177066 13746
cat_boundaries=0 1 2 3 4 5 6 7 8 9 10 11
cat_threshold=131 209 2 1 35 64 3 48 3 10 2
is_linear=0
shrinkage=0.08


Tree=94
num_leaves=31
num_cat=13
split_feature=49 4 1 2 8 47 10 47 35 32 11 36 43 42 4 12 18 34 34 33 32 16 12 4 19 42 4 36 44 42
split_gain=324.693 324.188 309.258 458.89 370.142 350.486 349.052 405.039 784.39 666.464 852.679 747.249 629.817 627.069 922.078 609.672 791.512 848.143 653.552 571.313 552.581 578.349 584.862 569.294 1037.22 863.873 985.668 649.018 562.745 562.812
threshold=0 inf 3.5000000000000004 1.5000000000000002 2.5000000000000004 1 1.0000000180025095e-35 2 3 4.3350000381469735 35.500000000000007 4 5 6 4.5000000000000009 23.050000190734867 3684.5500488281255 7 8 1.0000000180025095e-35 -3.254999995231628 2.5000000000000004 189.2749938964844 39.500000000000007 1.0000000180025095e-35 9 45.500000000000007 10 11 12
decision_type=9 8 2 10 2 1 2 1 1 8 2 9 9 9 10 2 2 1 1 2 10 2 2 10 2 9 10 9 9 9
left_child=1 -1 4 -4 6 -6 7 8 9 20 11 -11 -13 14 15 19 18 -18 -17 -10 -2 23 -23 28 25 26 -25 -27 29 -22
right_child=2 -3 3 -5 5 -7 -8 -9 13 10 -12 12 -14 -15 -16 16 17 -19 -20 -21 21 22 -24 24 -26 27 -28 -29 -30 -31
leaf_value=0.041515484631788911 0.016386722296259031 0.26616975429507034 0.018982302573080558 -0.058865916422262049 -0.002002849307930152 -0.038715650880606328 0.0077407297659887629 0.0013777446687679668 0.080537137614596382 0.011989463300464196 0.21097330188333197 0.20139359721825156 -0.037698260752198509 -0.012913290816808318 -0.088787388623528266 0.033554245211391387 0.12136045851161394 -0.031022550024988837 -0.052309715838124174 0.46969874575732057 0.0018577484297639009 0.58517446579258603 -0.090112988745451386 0.72732998083094724 -0.046221091372502396 0.27831776005174846 0.17738276950846424 0.014926605952531129 0.010025085869237668 -0.019688566733590606
leaf_weight=162.70369429793209 7016.5033206571825 55.009069507475942 9066.3922604690306 511.97458051517606 3747.0795974314678 2994.0078002552036 40158.670570796123 386590.26351759047 775.26586057641543 33953.583771145903 133.93732587294653 62.788190392777324 2663.4297017389908 55729.470515458612 465.68046089773998 1065.5395104514901 707.13586426584516 346.57290013437159 1192.3714238915127 24.919201970100403 11054.757669428596 20.909283990971744 13.513232798781244 34.72468051686883 323.78408849891275 69.331977441906929 52.231038933619857 264.51337564084679 8080.4146387930959 26043.765329203336
leaf_count=832 95965 116 61014 5670 4992 64047 333657 1229065 11727 471143 907 192 28171 1319431 6411 25522 20330 14450 42525 93 185835 37 249 124 5031 458 400 2954 60011 513299
internal_value=0.000598714 0.0982785 0.000562862 0.0148212 0.00032884 -0.0183086 0.00054664 8.32607e-06 -0.0035188 0.00122126 0.00948933 0.00875361 -0.0314758 -0.0105745 0.0178658 0.0299882 0.0148457 0.0720979 -0.0118724 0.0926563 -0.00452427 -0.0077168 0.320077 -0.00796251 0.0614202 0.144244 0.356051 0.0761303 -0.00910599 -0.0132729
internal_weight=593381 217.713 593164 9578.37 583585 6741.09 576844 536685 150095 89788.2 36813.7 36679.8 2726.22 60307 4577.49 4111.8 3311.62 1053.71 2257.91 800.185 52974.4 45957.9 34.4225 45923.5 744.585 420.801 86.9557 333.845 45178.9 37098.5
internal_count=4504658 948 4503710 66684 4437026 69039 4367987 4034330 2805265 1364776 500413 499506 28363 1440489 121058 114647 102827 34780 68047 11820 864363 768398 286 768112 8967 3936 524 3412 759145 699134
cat_boundaries=0 1 2 3 4 5 6 7 8 9 10 11 12 13
cat_threshold=2 2 4 48 200 2 1 52 75 3 66 2 18
is_linear=0
shrinkage=0.08


Tree=95
num_leaves=31
num_cat=11
split_feature=37 38 47 42 45 26 3 32 41 35 10 3 49 32 5 17 5 22 12 34 22 35 17 20 42 10 3 11 12 13
split_gain=470.805 610.181 744.856 599.976 538.638 621.956 789.871 609.376 559.661 533.181 1118.41 516.235 514.353 490.054 1271.39 2187.24 4403.66 7558.04 663.713 613.042 564.238 908.144 752.758 827.082 595.22 906.147 1072.95 1666.5 6112.63 780.109
threshold=0 1 2 3 4 5.5000000000000009 9.9849996566772479 12.59500026702881 5 6 1.5000000000000002 9.9849996566772479 7 -5.5550000667572013 20.500000000000004 38.500000000000007 25.500000000000004 1.0000000180025095e-35 499.90008544921881 8 1.0000000180025095e-35 9 22.500000000000004 6.5000000000000009 10 1.0000000180025095e-35 563.35998535156261 13.500000000000002 1220.5250244140627 167.7749938964844
decision_type=1 1 1 9 9 10 8 8 9 1 2 8 9 8 2 2 2 2 2 1 2 1 2 2 9 2 10 2 2 2
left_child=1 2 -1 -4 5 -2 -7 -6 9 10 -9 -5 -13 14 18 16 -16 -18 -14 -15 -20 22 23 24 25 -22 -27 29 -29 -28
right_child=4 -3 3 11 7 6 -8 8 -10 -11 -12 12 13 19 15 -17 17 -19 20 -21 21 -23 -24 -25 -26 26 27 28 -30 -31
leaf_value=8.1356432586431331e-06 0.0076312710016098609 0.00011845369590089313 -0.045922025162909989 0.086320958940916417 0.0034323159829165312 0.36387529110760347 -0.048507013645698871 0.024011402573223092 0.00056945446462344893 -0.020283312773909774 0.62479557653841955 0.2839708760668101 0.052716693547575577 0.0018526116686756991 0.32120751224963268 -0.094479780497777374 4.5018525027679743 -0.089935192230951894 -0.080464560362827481 -0.028503474659991649 0.072221020307836531 -0.088330811282150257 -0.092299990152766812 0.80555672776382969 -0.070565193818342101 -0.095223175438226129 0.86857594186192288 4.6762885146947433 -0.083689019394787345 -0.083700926534284806
leaf_weight=28097.998853322119 121857.18791923777 275925.26978173945 4314.6058744390029 327.5606645103544 91947.304782609688 30.266047775745392 1665.8825914794579 1225.9404618088156 23886.624218459707 20440.5009721854 20.157126564532518 36.806020758114755 1015.0752966017462 6130.682312669931 50.413316479418427 52.246148484991863 4.6296873672399652 4.547724349424243 691.1812824786175 13961.212293563527 42.78452089917846 176.48054483672604 53.092658153967932 15.848900096723808 41.447381988400593 10.623242232715709 14.79320962214843 2.9743012809194616 4.1160546806640923 8.769401914207263
leaf_count=35774 985223 1543403 95003 1503 787433 4 22254 6828 175850 167311 92 165 20121 141637 736 1898 146 176 31297 474425 1479 5545 3016 71 2200 366 62 89 320 613
internal_value=0.000587547 -0.00141603 -0.00910481 -0.0186058 0.00312757 0.00696106 -0.0411485 -0.000316824 -0.00788106 -0.0171812 0.0334613 -0.0133751 -0.0148443 -0.015338 0.0206064 0.28336 0.614631 2.22646 0.00645959 -0.0192541 -0.037749 0.0418461 0.156488 0.261002 0.192236 0.295103 0.597624 0.837741 1.91305 0.514163
internal_weight=592057 330983 55057.9 26959.9 261074 123553 1696.15 137521 45573.2 21686.6 1246.1 22645.3 22317.7 22280.9 2189.02 111.837 59.5907 9.17741 2077.19 20091.9 1062.11 370.93 194.45 141.357 125.508 84.0607 41.2762 30.653 7.09036 23.5626
internal_count=4505040 2360045 816642 780868 2144995 1007481 22258 1137514 350081 174231 6920 685865 684362 684197 68135 2956 1058 322 65179 616062 45058 13761 8216 5200 5129 2929 1450 1084 409 675
cat_boundaries=0 1 2 3 4 5 6 7 8 9 10 11
cat_threshold=5 40 2 32 11 35 16 2 14 17 8
is_linear=0
shrinkage=0.08


Tree=96
num_leaves=31
num_cat=12
split_feature=34 45 38 2 3 6 3 32 7 45 6 45 7 32 37 7 35 3 30 40 38 22 6 5 14 37 42 11 38 7
split_gain=354.83 718.152 1038.55 949.654 753.055 546.953 696.436 577.565 584.02 626.743 849.64 519.895 681.481 920.215 884.093 789.504 517.917 513.585 491.883 478.341 541.745 661.668 496.342 710.507 453.054 429.1 928.681 588.621 496.821 428.127
threshold=0 1 2 2.5000000000000004 389.43499755859381 490.00012207031256 154.89499664306643 1.5850000381469729 361.49996948242193 3 601.00003051757824 4 947.52001953125011 -0.49500000476837153 5 1196.0250244140627 6 73.045001983642592 1.0000000180025095e-35 7 8 3.5000000000000004 1.0000000180025095e-35 3.5000000000000004 1.5000000000000002 9 10 39.500000000000007 11 170.00000762939456
decision_type=1 9 1 10 8 2 10 10 2 9 2 9 2 8 1 2 1 10 2 1 1 2 2 2 2 1 9 2 1 2
left_child=1 2 3 4 -1 16 7 11 9 10 -9 -7 -13 14 -14 -16 -3 -11 24 20 -4 22 23 -22 -18 26 -2 28 -28 -8
right_child=25 5 19 -5 -6 6 29 8 -10 17 -12 12 13 -15 15 -17 18 -19 -20 -21 21 -23 -24 -25 -26 -27 27 -29 -30 -31
leaf_value=-0.10977599877929693 -0.013951450354402933 0.011024320020323624 0.051967423675227081 0.3732338495388452 0.081738797638473498 -0.02129089650166013 0.022764696140741576 0.44621690964018934 0.044772256396167283 0.22691188749387869 0.12794365273339459 0.017120866127766882 -0.021563055054321708 0.029906668464274068 0.53732440724295094 0.20607524908324362 -0.0047179124340202255 -0.045873272296497472 0.17642062874674469 -0.014239879360427282 0.0098566974520610667 0.36995916653528332 -0.043311645273491572 0.42661128303538692 0.043265274627368386 0.0028067536656129063 -0.0057831989104008353 0.090595103817636566 0.0069627640590856771 -0.0048666738514997442
leaf_weight=1250.7164688305929 34912.318124363432 16022.686302462593 1501.5258005824871 28.953236892819405 146.82801230577752 1206.6593528222293 5080.3310994571075 93.102792854420841 768.22771746665239 67.877722349017859 126.77459729462862 1858.2018018905073 82.957693544216454 397.92009646212682 65.984049826394767 152.4254942741245 138460.54567539948 126.48263889318332 96.475108623504639 31539.901501514425 2707.5007572134491 30.104104577563703 1505.682317153085 26.436725780367851 1270.9263310008682 258531.43153278489 35873.721516811871 473.90204647975042 43046.678285297006 12223.773774692789
leaf_count=8010 213430 86799 5680 149 339 5904 41205 255 2827 102 382 7545 327 1567 154 458 856166 712 270 280111 13275 49 12274 15 11198 2406384 256753 1826 168030 121447
internal_value=-0.000494445 -0.00306763 -0.012938 -0.0797013 -0.0896552 -0.000920174 0.0108129 0.0372844 0.086057 0.162622 0.251282 0.0219631 0.0422888 0.109772 0.215224 0.292746 -0.00259536 0.0469763 -0.00415651 -0.0103648 0.0108003 -0.00376451 -0.00642708 0.0138866 -0.00428148 0.00100215 -0.00307928 0.00170273 0.00116916 0.00324565
internal_weight=589677 216839 38737.6 1426.5 1397.54 178101 22250.7 4946.61 1182.47 414.238 219.877 3764.15 2557.49 699.287 301.367 218.41 155851 194.36 139828 37311.2 5771.25 4269.72 4239.62 2733.94 139731 372838 114307 79394.3 78920.4 17304.1
internal_count=4503643 1457220 319902 8498 8349 1137318 182885 20233 4278 1451 637 15955 10051 2506 939 612 954433 814 867634 311404 31293 25613 25564 13290 867364 3046423 640039 426609 424783 162652
cat_boundaries=0 1 2 3 4 5 6 7 8 9 10 11 12
cat_threshold=66 34 129 12 4 4 24 4 522 12 33 356
is_linear=0
shrinkage=0.08


Tree=97
num_leaves=31
num_cat=9
split_feature=2 34 13 45 23 40 15 5 13 3 19 19 6 18 41 4 3 3 13 3 3 13 41 12 36 19 43 38 36 3
split_gain=367.889 460.284 665.864 680.386 518.443 685.941 576.197 539.784 804.664 633.423 1713.61 2969.06 773.703 1305.34 517.652 1178.53 533.876 494.021 725.195 880.809 1346.58 640.783 532.95 470.559 625.657 459.05 443.709 543.833 492.201 462.815
threshold=inf 0 451.20001220703131 1 1.0000000180025095e-35 2 1.0000000180025095e-35 7.5000000000000009 80.00000381469728 306.52499389648443 206.52500152587893 182.82500457763675 330.77499389648443 623.57498168945324 3 inf 689.85998535156261 306.52499389648443 415.67500305175787 223.97499847412112 207.14500427246097 220.00006103515628 4 630.80017089843761 5 87.954998016357436 6 7 8 115.38499832153322
decision_type=8 1 2 9 2 1 2 2 2 8 2 2 2 2 9 8 10 10 2 8 10 2 9 2 9 2 9 1 9 10
left_child=1 2 4 -4 6 17 -1 8 -8 10 11 25 -12 -14 15 16 -5 18 22 20 -20 -19 23 -6 -25 -10 -2 -28 29 -29
right_child=26 -3 3 14 5 -7 7 -9 9 -11 12 -13 13 -15 -16 -17 -18 21 19 -21 -22 -23 -24 24 -26 -27 27 28 -30 -31
leaf_value=-0.006153611585253356 0.0089871871314939605 0.0013304670113260923 -0.043961940552774338 0.010579982989412777 -0.044844153392642118 -0.011550227790391238 -0.068320820600513421 -0.0042626183030297325 0.55627494232532659 0.081635901838144953 0.03440166138569304 1.5325660637805598 -0.0050587775284924655 1.1951760777800433 -0.022775822149734011 -0.48129933569856226 -0.08692222537133866 0.015318276737843691 -0.023712093351569045 0.033992624257449394 0.68058156401553316 -0.02893407509605404 0.037281691972750178 0.44678320915896375 0.028180472257357436 -0.14098995114590865 -0.032577255600011103 0.0064763891553824187 0.032649503766675046 -0.037445335452862091
leaf_weight=65014.00324652181 5516.4496839789208 452088.7964646279 4634.5662924495991 8218.729569498566 950.20318378927186 8389.6196971398313 113.98187459283508 465.77991952374578 10.808590776752682 202.11843708949164 93.24061957327649 17.414954304695129 12.551028685644271 10.780333967413751 9178.3472170135938 31.839757480367552 375.84735309076495 9927.7157203226816 28.521701391320676 92.973769380711019 44.453426148742437 2654.0608086669818 6232.1410808321089 17.800708867609501 157.05123643158004 13.705252107232807 7693.3077656901442 3321.186179256998 1900.4014626117423 2855.6037807699759
leaf_count=547360 12989 3129164 112635 142177 10523 72854 1762 4752 6 2135 519 56 65 152 153164 344 7631 142105 221 1289 72 47114 59222 20 1045 225 25062 7649 4300 15107
internal_value=-0.00021284 0.000173468 -0.0043012 -0.0166893 -0.00135848 0.00765896 -0.00525432 0.0569192 0.116964 0.175527 0.295256 0.733859 0.137499 0.549514 -0.00956017 0.00451114 0.00631614 0.0156727 0.031898 0.197279 0.405314 0.00598347 0.0281677 -0.0224505 0.0979599 0.166447 -0.0105385 -0.0173631 -0.0028497 -0.0138068
internal_weight=590264 568977 116888 22439.3 94448.9 28494.5 65954.4 940.381 474.601 360.619 158.501 41.9288 116.572 23.3314 17804.8 8626.42 8594.58 20104.9 7523.15 165.949 72.9751 12581.8 7357.2 1125.06 174.852 24.5138 21286.9 15770.5 8077.19 6176.79
internal_count=4501719 4436612 1307448 415951 891497 334465 557032 9672 4920 3158 1023 287 736 217 303316 150152 149808 261611 72392 1582 293 189219 70810 11588 1065 231 65107 52118 27056 22756
cat_boundaries=0 1 2 3 4 5 6 7 8 9
cat_threshold=96 34 3 32 2 64 4 641 161
is_linear=0
shrinkage=0.08


Tree=98
num_leaves=31
num_cat=18
split_feature=34 31 38 47 3 45 3 3 25 44 3 46 37 3 39 2 36 3 46 44 45 47 38 12 37 19 45 34 42 23
split_gain=426.433 493.548 409.759 628.874 548.961 654.929 364.547 342.556 341.273 336.658 1326.83 1312.25 835.985 815.604 804.598 695.094 649.789 622.716 626.198 1385.9 592.425 538.554 1060.84 1427.02 932.056 1022.2 788.625 1104.04 1235.77 1086.3
threshold=0 inf 1 2 426.66999816894537 3 60.23500061035157 434.10499572753912 1.0000000180025095e-35 4 516.51501464843761 5 6 115.38499832153322 7 inf 8 inf 9 10 11 12 13 138.00000762939456 14 1386.049987792969 15 16 17 1.0000000180025095e-35
decision_type=1 8 1 1 10 9 8 10 8 9 10 1 1 8 9 8 9 8 1 9 9 1 1 2 1 2 9 1 9 2
left_child=1 -1 6 -4 -5 -6 -3 -7 -2 10 11 16 15 -14 -12 -13 -10 18 21 20 -20 -11 23 -23 -24 -26 27 28 29 -27
right_child=8 2 3 4 5 7 -8 -9 9 17 14 12 13 -15 -16 -17 -18 -19 19 -21 -22 22 24 -25 25 26 -28 -29 -30 -31
leaf_value=-0.0023742400247969259 0.055761160173014482 0.050163265958914051 -0.010892124425184082 -0.060692758900179354 0.06813833302787603 0.24706577889578626 -0.010962530974455572 -0.090272798937147375 0.0056232402189464979 0.0020823775412845084 -0.021696075230269278 -0.099311782165765958 -0.065989063104689882 0.0025914812384020304 0.055454561813220893 0.00033231442144247359 0.046436150867818306 0.036421316798260633 0.042755310749411912 -0.056608135621226373 0.003070236659577509 -0.0071784990512178464 -0.023097704512985925 0.011375080657457218 -0.0017996574893641352 0.038243376778713353 -0.049284738937985482 -0.028604614647235037 -0.039665509277997363 0.20214806878713787
leaf_weight=66922.316230404424 722.41836387873627 945.99601905606687 8355.2118326327763 3801.7031726567075 505.60182313062251 20.378253203816712 1836.9784408351406 352.81319432531018 39671.107429780532 217827.57401111303 1047.2452878849581 1496.2752678273246 1403.1646508302074 5308.9121858053841 4974.8060877257958 639.55053892266005 2655.1955325827003 2984.9896760655101 6514.8700580513105 1403.6329495809041 3830.3158362368122 52549.124743520282 23594.629702446982 53585.142407906707 76399.185234818025 721.16182513651438 5473.1199766688515 4650.6281660529785 683.89600193314254 403.635544993449
leaf_count=629507 2374 2763 11973 55331 14687 92 8197 16458 157331 267508 4451 3928 3845 8862 22650 904 5197 3341 10951 14185 9263 424871 545390 432989 1482739 21835 170839 144128 19028 9198
internal_value=-5.16731e-05 -0.00537755 -0.0180867 -0.0240251 -0.0475202 0.00946478 0.00978037 -0.0699772 0.000814952 0.000736802 0.00651846 0.00233862 -0.0256808 -0.0117279 0.0420379 -0.0691506 0.0081958 2.95102e-06 -0.000239899 0.0179853 0.0281062 -0.000731137 -0.00354165 0.00218864 -0.00897479 -0.00520017 -0.0269768 -0.00798622 0.0448949 0.0962056
internal_weight=591282 82741 15818.7 13035.7 4680.5 878.793 2782.97 373.191 508541 507818 57196.3 51174.2 8847.9 6712.08 6022.05 2135.83 42326.3 450622 447637 11748.8 10345.2 435888 218061 106134 111926 88331.6 11932.4 6459.32 1808.69 1124.8
internal_count=4504815 739008 109501 98541 86568 31237 10960 16550 3765807 3763433 207168 180067 17539 12707 27101 4832 162528 3556265 3552924 34399 20214 3518525 3251017 857860 2393157 1847767 365028 194189 50061 31033
cat_boundaries=0 1 2 3 4 5 6 7 8 9 10 11 12 13 14 15 16 17 18
cat_threshold=65 660 2 12 1 1 4 2 225 1 2 1 2 722 20 36 16 9
is_linear=0
shrinkage=0.08


Tree=99
num_leaves=31
num_cat=11
split_feature=32 45 47 3 4 47 35 19 18 47 44 3 38 6 18 6 17 43 34 6 32 6 7 38 6 32 39 32 7 3
split_gain=527.536 738.763 682.943 624.76 504.708 407.006 429.48 416.114 361.369 354.497 882.364 1006.5 828.744 1092.45 1033.15 1254.06 1106.39 742.572 958.948 897.757 942.578 1050.5 863.791 905.178 2008.02 6568.07 840.602 1235.87 814.665 739.633
threshold=-7.6749999523162833 0 1 25.005000114440922 69.500000000000014 2 3 4717.6250000000009 7305.3251953125009 4 5 inf 6 20.000007629394535 284.94500732421881 69.000015258789077 1.5000000000000002 7 8 212.02496337890628 4.5650000572204599 112.05000305175783 155.00000762939456 9 91.024993896484389 -3.254999995231628 10 31.190000534057621 160.00000762939456 154.89499664306643
decision_type=8 9 1 10 10 1 1 2 2 1 9 8 1 2 2 2 2 9 1 2 10 2 2 1 2 8 9 8 2 10
left_child=1 5 4 -4 8 -1 -7 -8 -3 -2 -11 12 14 -14 15 -12 17 18 19 20 -17 -22 23 24 25 -20 27 -26 -24 -16
right_child=9 2 3 -5 -6 6 7 -9 -10 10 11 -13 13 -15 29 16 -18 -19 22 -21 21 -23 28 -25 26 -27 -28 -29 -30 -31
leaf_value=0.010746180064552644 0.001523081791325425 0.034948153332386572 -0.10206443341164413 -0.0053071579231708044 0.22988146850288815 -0.04735909131549005 0.056487124400709243 -0.10126007519887063 -0.063079742243029036 0.0078352172972430655 -0.0081582406170913942 0.07102651585194715 -0.0070721672722871259 0.0079909564364673176 -0.034605439919071661 0.082578938663403822 0.0021744757937859961 0.035336699635653432 4.2051155824305209 0.47671544108788783 1.1394611366457632 0.27063813246297563 0.6948590830721233 -0.085595739611426386 2.0213799895688531 -0.083442452896120789 -0.00065684561719633959 -0.084706268716628355 0.13529874035223477 -0.012526340527854531
leaf_weight=3625.3031700830907 284697.04661737487 3025.2725176326931 446.34608150855638 9903.0614964491688 80.516905999742448 288.94150921702385 4328.3164490836207 109.73438051296398 261.47745195310563 44761.895748500712 47981.47044190322 1126.8041314815637 68039.224609160738 56321.955859090202 12710.478072806261 199.78789640986361 7303.4577497171704 3365.642381187994 3.3025034610182047 74.649734436068684 11.55177613859996 38.896567571908236 18.089572026394308 294.52390944166109 3.3646227987483144 7.4224534616805595 77.944756889250129 3.793927950784564 209.53239960316569 41138.869067988766
leaf_count=4890 353119 9937 1539 76883 60 2047 41345 2383 1803 230920 930963 917 528046 443178 235537 3921 173645 76154 29 766 104 436 99 6069 74 336 2367 139 2801 1373731
internal_value=-1.05445e-07 0.0121353 0.000701549 -0.00948008 0.0319972 0.0308747 0.0463772 0.0524685 0.0271495 -0.000471288 -0.00247272 -0.00440383 -0.00476125 -0.000250207 -0.00970559 -0.00244917 0.0211411 0.053292 0.115783 0.22627 0.1606 0.469583 0.055018 -0.0163167 0.186119 1.23712 0.0755389 0.905185 0.179768 -0.0177378
internal_weight=590459 22069 13716.7 10349.4 3367.27 8352.3 4726.99 4438.05 3286.75 568390 283693 238931 237804 124361 113443 59593.4 11612 4308.5 942.86 324.886 250.236 50.4483 617.974 390.352 95.8283 10.725 85.1033 7.15855 227.622 53849.3
internal_count=4504238 140887 90222 78422 11800 50665 45775 43728 11740 4363351 4010232 3779312 3778395 971224 2807171 1197903 266940 93295 17141 5227 4461 540 11914 9014 2945 365 2580 213 2900 1609268
cat_boundaries=0 1 2 3 4 5 6 7 8 9 10 11
cat_threshold=4 1 2 16 2 1 300 4 72 32 1
is_linear=0
shrinkage=0.08


Tree=100
num_leaves=31
num_cat=15
split_feature=2 45 37 3 47 41 42 43 2 34 3 12 18 6 36 47 2 44 37 32 7 23 3 36 31 43 42 47 7 7
split_gain=436.093 951.103 547.578 569.446 541.844 894.902 761.824 1281.23 902.543 689.38 608.863 499.593 470.541 1364.19 468.18 394.632 562.877 388.571 377.009 544.856 623.666 374.944 373.911 371.043 619.22 495.735 475.393 487.009 490.439 578.566
threshold=1.0000000180025095e-35 0 1 44.149999618530281 2 3 4 5 1.5000000000000002 6 273.43499755859381 613.94998168945324 18301.831054687504 102.00000381469728 7 8 1.5000000000000002 9 10 0.2650000005960465 393.00001525878912 -1.0000000180025095e-35 273.43499755859381 11 1.0000000180025095e-35 12 13 14 2497.7751464843755 218.6499938964844
decision_type=8 9 1 8 1 9 9 9 8 1 8 2 2 2 9 1 10 9 1 8 2 2 10 9 10 9 9 1 2 2
left_child=23 2 3 -2 -3 -6 7 8 -7 11 18 -10 15 -14 -4 16 -5 -16 19 20 21 -8 -18 -1 25 -25 27 -27 29 -29
right_child=1 4 14 12 5 6 10 -9 9 -11 -12 -13 13 -15 17 -17 22 -19 -20 -21 -22 -23 -24 24 -26 26 -28 28 -30 -31
leaf_value=0.0024051378226931752 0.36527433332860254 -0.0078600832703177997 -0.019117873864658321 -0.040546713803729081 -0.072198805662353843 -0.096026246408529789 0.088420726719926485 -0.072104741106330486 0.31798690409684222 -0.078057588422524068 -0.10363119466331623 0.071031424253265224 0.92735115312505079 -0.087908530596294124 0.020412726565712955 0.011824776406363193 0.06010547569056085 -0.0018726205328853515 -0.035119705131942784 -0.030533354296297579 0.31002003381452414 -0.1021426934378357 0.21457530609784045 -0.03120686000885188 0.042403266770870744 -0.0024345188454614327 0.0012077071971766128 -0.018347435909705657 0.092578209339260656 -0.065764914011927383
leaf_weight=406972.00635293685 32.077358368318528 7466.7903377851471 9576.2690348015167 162.74774840474129 2974.4472691135015 76.076689200475812 323.19915697723627 271.12098881613929 220.42598156351596 47.865185191854835 597.21718940965366 68.788509212899953 14.093738489784299 21.229061966761947 5345.9763775742613 2905.9965854692273 204.56146604195237 79062.064806173439 2018.8432709770277 535.49619093630463 68.738739430904388 83.061941048130393 196.75372917577624 4346.9832337624393 1803.052002417855 10845.032645108178 44935.149595822673 6248.3738052672707 211.17761108838022 2236.2608715277165
leaf_count=3478154 66 11035 38321 874 45555 1113 1447 5042 866 1328 11605 426 37 329 8966 18783 861 506993 17614 3626 106 734 479 32514 3105 13771 217771 58489 1180 23351
internal_value=0.000421601 -0.00406474 -0.00119959 0.0296545 -0.0229891 -0.0385265 -0.0150904 0.0617713 0.149251 0.209036 -0.029723 0.250585 0.0266679 0.317178 -0.00236393 0.0237107 0.084946 -0.000461125 -0.0152506 0.02455 0.0871658 0.0494592 0.135838 0.00147625 -0.00387611 -0.00508912 -0.0033229 -0.0137365 -0.0278477 -0.0308451
internal_weight=589872 112274 97521.8 3537.46 14752.1 7285.28 4310.83 684.277 413.156 337.08 3626.56 289.214 3505.38 35.3228 93984.3 3470.06 564.063 84408 3029.34 1010.5 475 406.261 401.315 477598 70626 68823 64476 19540.8 8695.81 8484.63
internal_count=4504541 676206 575709 21429 100497 89462 43907 8775 3733 2620 35132 1292 21363 366 554280 20997 2214 515959 23527 5913 2287 2181 1340 3828335 350181 347076 314562 96791 83020 81840
cat_boundaries=0 1 2 3 4 5 6 7 8 9 10 11 12 13 14 15
cat_threshold=13 66 2 50 8 9 14 2 1 1 32 130 1 33 2
is_linear=0
shrinkage=0.08


Tree=101
num_leaves=31
num_cat=8
split_feature=20 14 5 42 47 8 3 45 19 3 12 32 3 20 7 13 11 18 11 38 36 7 47 12 13 5 45 47 23 32
split_gain=442.327 432.457 465.595 622.98 810.732 1610.56 938.213 837.921 920.569 1816.72 611.776 553.141 428.956 372.259 368.613 380.512 364.912 359.853 351.408 597.046 491.988 459.566 484.177 449.434 389.007 603.453 364.018 348.121 317.888 316.373
threshold=7.5000000000000009 3.5000000000000004 7.5000000000000009 0 1 4.5000000000000009 48.914999008178718 2 1.0000000180025095e-35 320.66500854492193 7804.5500488281259 -3.3950001001358028 781.20001220703136 5.5000000000000009 840.02499389648449 813.62500000000011 18.500000000000004 18301.831054687504 39.500000000000007 3 4 988.85003662109386 5 20980.049804687504 11.250000953674318 3.5000000000000004 6 7 4.5000000000000009 -9.8350000381469709
decision_type=2 2 2 9 1 2 8 9 2 10 2 10 10 2 2 2 2 2 2 1 9 2 1 2 2 2 9 1 2 8
left_child=1 18 3 4 -3 6 -6 8 9 -8 -10 -12 -4 -9 15 -14 17 -13 23 20 21 -20 -23 29 25 -21 -25 -26 -5 -1
right_child=-2 2 12 28 5 -7 7 13 10 -11 11 16 14 -15 -16 -17 -18 -19 19 24 -22 22 -24 26 27 -27 -28 -29 -30 -31
leaf_value=0.011635856491403803 -0.028764811781758409 0.022457880709886618 -0.00026592908824223197 -0.038493889730628915 1.1575727851984834 1.054197304196671 1.6094915594343584 -0.094687074252336134 -0.098275554073275179 -0.09310535990213431 0.044653599713413074 0.26381945636412885 -0.15550974656472616 0.11040316809998343 -0.0060113384434691336 0.25816921151128397 0.10502989037766394 0.52358568650130455 0.027312767149123229 0.49178733848305717 -0.061675430840946656 0.23377325079506922 0.069677702339722536 -0.071496925369231454 0.021657081539835046 0.0033402979935556799 -0.0045185301872168807 -0.071768538730699327 0.32994187007330694 0.00039268960040174432
leaf_weight=16488.897397328168 3234.5269057964906 642.74853842332959 3262.0078345858492 422.63961700513028 5.6548043042421332 12.348480539163573 8.314714486710729 127.40327470889315 47.6386848250404 7.7489370079711071 95.012963241664693 132.84383326303214 16.351903976174071 101.98073916626163 92.155772667494603 109.69258680823259 61.784590221359394 45.930765358032659 267.95594979729503 25.170796871650964 122.83131890185177 252.23468762007542 211.62950009852648 984.55992809927557 626.83481652801856 45.359084666473791 1102.8508036605781 430.60814121179283 15.538577446714042 560627.32963335421
leaf_count=78113 38746 642 33409 4110 7 196 51 4298 1329 185 979 637 597 2014 1024 424 840 420 1194 63 886 1411 246 16526 664 225 11985 13952 125 4290371
internal_value=0.000737906 0.000900642 0.0238514 0.0578022 0.0854238 0.14933 0.131714 0.122487 0.190109 0.788177 0.17 0.208085 0.00699812 -0.00336049 0.115593 0.204502 0.272634 0.330559 0.000694989 0.0343178 0.0842395 0.109232 0.158908 0.000579897 -0.00421672 0.177658 -0.0364741 -0.0163874 -0.0248611 0.00071392
internal_weight=589629 586394 5207.8 1727.59 1289.41 646.662 634.313 628.659 399.274 16.0637 383.211 335.572 3480.21 229.384 218.2 126.044 240.559 178.775 581186 1982.62 854.651 731.82 463.864 579204 1127.97 70.5299 2087.41 1057.44 438.178 577116
internal_count=4505669 4466923 51287 15833 11598 10956 10760 10753 4441 236 4205 2876 35454 6312 2045 1021 1897 1057 4415636 18641 3737 2851 1657 4396995 14904 288 28511 14616 4235 4368484
cat_boundaries=0 1 2 3 4 5 6 7 8
cat_threshold=41 2 9 322 200 4 38 2
is_linear=0
shrinkage=0.08


Tree=102
num_leaves=31
num_cat=11
split_feature=33 37 3 42 45 2 45 44 3 4 32 3 37 7 19 32 18 32 34 12 31 3 12 41 34 43 2 45 18 3
split_gain=546.115 355.82 674.1 617.347 533.712 532.991 482.55 447.017 416.758 588.41 443.177 408.661 407.662 382.765 468.05 578.93 398.163 353.402 343.092 427.465 338.896 362.449 557.498 324.291 917.518 745.583 520.561 499.881 447.022 385.093
threshold=1.5000000000000002 0 25.005000114440922 1 2 inf 3 4 19.105000495910648 1.0000000180025095e-35 -77.079998016357408 38.255001068115241 5 37.540000915527351 76.27500152587892 -1.0000000180025095e-35 125.12500000000001 -0.96500000357627858 6 449.02497863769537 1.0000000180025095e-35 341.88500976562506 11440.399902343752 7 8 9 1.0000000180025095e-35 10 1430.0999755859377 316.45500183105474
decision_type=2 1 8 9 9 8 9 9 10 10 10 8 1 2 2 8 2 10 1 2 10 10 2 9 1 9 8 9 2 10
left_child=1 2 6 5 -4 8 13 -8 9 10 -3 -6 -7 -1 15 -15 -17 -12 19 -2 21 22 23 24 25 26 28 -26 29 -13
right_child=18 3 4 -5 11 12 7 -9 -10 -11 17 20 -14 14 -16 16 -18 -19 -20 -21 -22 -23 -24 -25 27 -27 -28 -29 -30 -31
leaf_value=0.020994651396991821 -0.080598272523434947 -0.014353126400775804 -0.04390176609797164 -0.0010516071511172797 -0.028135567699509756 0.13759570702712209 -0.015010634775393107 -0.2283497150059226 0.0062813505424538238 -0.25144587684456982 -0.53417417544773016 0.052475314456324369 -0.027948298746812088 0.42675467963226338 0.057331320788675574 0.26260118108626429 -0.22911886603928935 -0.11123310067896633 -0.0042827464303324559 0.14107585351984273 0.021755352575600427 -0.01210020601034836 0.072591239786200856 -0.0048803948261689368 -0.03455379627263197 -0.077894182700571579 0.0051138534229574388 0.0013947200386755898 -0.059318528429314038 0.14505360321297803
leaf_weight=6630.8166188644245 64.439950096653774 1115.8460836801678 2124.0276616918854 256983.48537729093 4232.3958318079822 88.062746205367148 1265.9017080934718 66.142658077180386 160238.1346870712 78.92707848129794 17.952791774645448 3692.5111824981868 3828.4730933511164 52.381746409460902 587.43440030794591 22.159920115023851 20.097331577911973 42.760017905326094 275.2032841979526 409.25268998160027 3477.1132627907209 25926.544731505914 643.37141818087548 82928.897239008453 2700.3622859315947 372.39799911156297 2123.682193601504 28580.615351830609 212.75094514293596 311.84463095292449
leaf_count=26542 506 2130 12563 2365673 26188 138 5522 280 1315474 381 153 13490 13735 137 1922 61 197 227 1811 1380 7095 152073 2120 385551 17111 3814 7890 138825 1445 1182
internal_value=0.000255809 0.00016891 -0.0029695 0.00140212 -0.00416481 0.00521411 0.0187801 -0.0254132 0.00592162 -0.0399909 -0.0258059 -0.00361792 -0.0239461 0.026828 0.083931 0.249038 0.0287417 -0.236297 0.0685282 0.108627 -0.00293082 -0.00351279 -0.00168135 -0.00207651 0.00404366 0.0308564 0.037356 -0.00171862 0.0536813 0.059685
internal_weight=589114 588365 165971 422394 157327 165410 8644.93 1332.04 161494 1255.49 1176.56 155202 3916.54 7312.89 682.073 94.639 42.2573 60.7128 748.896 473.693 150970 147493 121566 120923 37994.2 6713.19 6340.79 31281 4217.11 4004.36
internal_count=4505616 4501919 804008 3697911 769347 1332238 34661 5802 1318365 2891 2510 756784 13873 28859 2317 395 258 380 3697 1886 730596 723501 571428 569308 183757 27821 24007 155936 16117 14672
cat_boundaries=0 1 2 3 4 5 6 7 8 9 10 11
cat_threshold=4 35 2 35 2 2 56 22 41 14 32
is_linear=0
shrinkage=0.08


Tree=103
num_leaves=31
num_cat=10
split_feature=1 37 23 27 42 41 42 3 32 5 17 19 32 32 38 14 5 6 17 5 38 17 3 42 17 14 17 41 37 38
split_gain=335.422 405.576 429.999 315.607 345.05 305.24 656.626 405.365 1098.04 702.173 623.542 844.979 377.417 554.329 370.04 358.952 294.307 370.361 720.244 1992.91 293.745 341.115 677.18 275.093 324.468 264.56 268.967 268.653 339.56 601.597
threshold=3.5000000000000004 0 10.500000000000002 5.5000000000000009 1 2 3 650.06500244140636 31.190000534057621 3.5000000000000004 11.500000000000002 1528.049987792969 -3.3950001001358028 -3.8950001001358028 4 3.5000000000000004 2.5000000000000004 4244.0251464843759 37.500000000000007 10.500000000000002 5 9.5000000000000018 309.67500305175787 6 2.5000000000000004 6.5000000000000009 151.50000000000003 7 8 9
decision_type=2 1 2 8 9 9 9 8 10 2 2 2 8 10 1 2 2 2 2 2 1 2 10 9 2 2 2 9 1 1
left_child=3 2 -2 4 -1 6 16 8 9 10 12 -12 13 -8 -7 -9 20 -18 -19 -20 21 -3 -23 24 -16 27 -27 -5 -29 -30
right_child=1 5 -4 25 -6 14 7 15 -10 -11 11 -13 -14 -15 23 -17 17 18 19 -21 -22 22 -24 -25 -26 26 -28 28 29 -31
leaf_value=-0.024112119176841831 -0.017986556437520718 0.08577550573103139 0.37734283020215009 -0.0023868640791056706 0.073852982163571279 0.032560085547867816 0.1246430296061765 -0.020394771183848488 0.6152518119179462 -0.011063799282540294 0.54735498565604113 -0.0043470096590032216 0.070352672662098978 0.49009738182431234 0.082784987949947098 0.19446905981659426 -0.045705705407620034 -0.0085582104441200586 1.4048479708280359 -0.010895945353806896 0.015435993524844115 0.69484686174713428 -0.040916982018370407 -0.034640908315629979 -0.026371324849177178 -0.032868972285901944 0.051994171769255748 0.0041727787868919433 -0.0050664691281082216 0.0034159327215144363
leaf_weight=333.30392836825922 2206.2825600283686 211.36251978296787 17.750465869437903 216098.5103936863 724.6001991617959 2413.3182643095497 85.707140235230327 259.64261532970704 28.51807845197618 216.15133483940735 53.964934907853603 26.487820203416049 279.99369785189629 38.493639142252505 343.10415692906827 61.559086871799082 649.72936401283368 81.539815403521061 9.5056986687704939 19.250846243696287 641.5981913455762 17.840514479205012 14.52293308265507 1347.9397731423378 354.20204123621807 2527.8716759103118 263.98513289832044 144957.2673229255 107427.21257279598 106603.10103146452
leaf_count=2780 14204 1227 51 1446949 2120 13963 446 1786 158 2063 206 191 1867 84 1357 99 9381 915 30 300 5269 26 307 9442 3133 28061 1056 1297030 1233077 427017
internal_value=4.54573e-05 0.0150537 -0.014765 -0.000197669 0.0434582 0.0243099 0.0455455 0.0947649 0.128646 0.108845 0.162323 0.365716 0.121839 0.237909 0.0113966 0.0207844 0.0137373 -0.0226964 0.112846 0.457089 0.0451699 0.117969 0.364677 -0.0136126 0.0269517 -0.000277589 -0.0248447 -0.000158323 0.00118322 -0.000841636
internal_weight=588314 9378.47 2224.03 578936 1057.9 7154.43 2695.87 1050.52 729.317 700.799 484.647 80.4528 404.194 124.201 4458.56 321.202 1645.35 760.026 110.296 28.7565 885.324 243.726 32.3634 2045.25 697.306 577878 2791.86 575086 358988 214030
internal_count=4504595 66505 14255 4438090 4900 52250 24355 6900 5015 4857 2794 397 2397 530 27895 1885 17455 10626 1245 330 6829 1560 333 13932 4490 4433190 29117 4404073 2957124 1660094
cat_boundaries=0 1 2 3 4 5 6 7 8 9 10
cat_threshold=20 9 6 26 944 648 10 3 114 300
is_linear=0
shrinkage=0.08


Tree=104
num_leaves=31
num_cat=8
split_feature=13 38 37 18 18 17 11 45 16 18 3 13 19 32 3 18 35 17 44 21 45 11 32 37 17 13 34 17 13 3
split_gain=344.231 800.942 371.856 395.498 649.761 541.26 602.453 419.606 368.597 365.88 429.621 362.181 358.255 517.514 721.863 317.972 581.818 654.351 468.886 620.827 569.889 558.361 500.292 411.047 1170.31 468.595 609.915 643.952 448.713 409.269
threshold=1679.445007324219 0 1 3115.3750000000005 8063.7548828125009 23.500000000000004 21.500000000000004 2 3.5000000000000004 3483.5649414062505 137.504997253418 1754.7000122070315 2835.474975585938 39.989999771118171 189.56500244140628 4161.8298339843759 3 145.50000000000003 4 1.0000000180025095e-35 5 10.500000000000002 2.5449999570846562 6 3.5000000000000004 863.19998168945324 7 19.500000000000004 11.250000953674318 118.85999679565431
decision_type=2 1 1 2 2 2 2 9 2 2 8 2 2 8 10 2 1 2 9 2 9 2 8 1 2 2 1 2 2 10
left_child=8 2 3 7 5 6 12 -2 15 -7 -11 -3 13 14 -5 -1 23 18 20 -20 -18 22 -21 24 -17 -26 -27 -28 -25 -30
right_child=1 11 -4 4 -6 9 -8 -9 -10 10 -12 -13 -14 -15 -16 16 17 -19 19 21 -22 -23 -24 28 25 26 27 -29 29 -31
leaf_value=0.00058982246914776615 -0.051373435864609018 -0.06053848317953988 0.0014643204195225088 0.32844592732180417 -0.0015728473110828399 0.14058064508973972 0.47622788804704469 0.050236624080074233 -0.099667811881754165 0.13359012762400621 -0.13526006270936855 -0.012904384797319068 0.075183225401265347 0.43716069447773875 -0.0032522398377193341 0.53311971858668894 0.0085460193697992695 0.20541263604693868 0.0073440646594107751 0.47278962598859636 -0.043353192520358949 -0.047766722934608874 0.1291263764511035 0.034358668002304658 -0.0063020546578572033 0.0018976920598039115 0.060645925447645313 0.2799770950001963 0.063905161648975861 0.0042859189269125126
leaf_weight=532484.24282912211 439.91602316312492 1075.8407769955229 3274.970388351474 77.62636217661202 455.2119998941198 115.83984000235796 37.813916070386767 607.14122436568141 232.63895495026372 57.627704094164073 111.91854541189969 20252.684893450583 235.12827776465565 52.210679018869996 91.467586026526988 32.628225065767765 2212.0120196744101 87.156131687108427 631.0865445677191 49.375442055985332 3483.0503214522032 46.112052890472114 60.121151180006564 4667.3466993256006 549.33084638975561 267.98244373081252 173.92828780319542 168.8307855669409 767.81399374990724 18310.458206424257
leaf_count=3819327 2728 18444 15742 87 2106 150 47 1933 3310 39 1113 305442 896 108 454 79 38165 501 7012 118 91461 648 133 28007 3826 1608 521 594 1527 159230
internal_value=0.000588937 -0.00825506 0.0187785 0.0435129 0.0743721 0.118715 0.169366 0.00753479 0.00101036 0.0309939 -0.0438796 -0.0152999 0.143944 0.217 0.149021 0.00105188 0.0088609 -0.0123125 -0.0152591 0.0426335 -0.0232562 0.185753 0.284095 0.0144373 0.0600957 0.0473095 0.0955303 0.163899 0.0121196 0.00668532
internal_weight=591110 26885.4 5556.87 2281.9 1234.84 779.633 494.247 1047.06 564224 285.386 169.546 21328.5 456.433 221.305 169.094 563991 31507.2 6568.91 6481.76 786.695 5695.06 155.609 109.497 24938.3 1192.7 1160.07 610.742 342.759 23745.6 19078.3
internal_count=4505356 349289 25403 9661 5000 2894 1592 4661 4156067 1302 1152 323886 1545 649 541 4152757 333430 138038 137537 7911 129626 899 251 195392 6628 6549 2723 1115 188764 160757
cat_boundaries=0 1 2 3 4 5 6 7 8
cat_threshold=705 40 36 40 2 1 66 58
is_linear=0
shrinkage=0.08


Tree=105
num_leaves=31
num_cat=9
split_feature=27 1 38 43 37 6 3 19 19 17 1 4 19 19 32 22 16 45 6 3 3 45 0 43 45 16 37 32 38 4
split_gain=368.759 306.584 458.455 550.388 456.923 955.234 614.179 1495.64 1268.8 844.943 737.467 990.769 727.431 1343.86 621.577 445.878 561.487 334.819 360.207 317.282 396.879 671.563 640.816 1089.58 546.203 420.252 361.179 491.984 331.225 329.941
threshold=5.5000000000000009 2.5000000000000004 0 1 2 535.99996948242199 359.01499938964849 119.04999923706056 168.32499694824222 6.5000000000000009 4.5000000000000009 14.500000000000002 1528.049987792969 1258.799987792969 3.0249999761581425 1.5000000000000002 1.0000000180025095e-35 3 160.00000762939456 689.85998535156261 503.63999938964849 4 1.5000000000000002 5 6 3.5000000000000004 7 86.460002899169936 8 36.500000000000007
decision_type=8 2 1 9 1 2 8 2 2 2 2 10 2 2 10 2 2 9 2 8 10 9 2 9 9 2 1 10 1 8
left_child=-1 -2 19 4 5 6 7 -4 -9 -10 15 -12 13 14 -11 -8 -17 -6 -19 20 21 22 23 -3 -22 -23 27 -24 -28 -21
right_child=1 2 3 -5 17 -7 10 8 9 12 11 -13 -14 -15 -16 16 -18 18 -20 29 24 25 26 -25 -26 -27 28 -29 -30 -31
leaf_value=0.04464402368063887 -0.00078087029576592816 0.42193620787111225 0.009688730552004211 -0.010529787482254973 -0.032799086633981907 -0.04003570657670897 0.015889317863754523 0.85075274178537397 0.013412874920816895 0.47364352946515276 -0.10089144979112162 0.51805584020914519 -0.088599895784221658 0.90886378218952313 0.056112913398120183 0.28672726244528279 -0.037244605132695612 -0.021915438879921898 0.04457585495282574 -0.015794714439521525 0.059075043405866022 0.0034454109773263361 -0.0234848342771414 0.080247134470340417 -0.058582047118125147 0.48107489397734526 0.12188601032941901 0.49949112975040066 0.022233837404306889 -0.24858651672320048
leaf_weight=1168.8366375253536 554828.85491164692 63.881121256388724 231.85458137001842 12680.040016269777 1235.5595342807937 614.72317154495977 1103.0304674040526 23.699067774228752 73.19447564240545 48.222616658546031 25.777453643269837 46.24748495593667 20.747370633296669 28.063320540823042 43.316621701233089 90.921643074136227 54.917757700197399 844.84833817882463 1362.1598605425097 986.39403964346275 2563.1350493388018 8507.8375316481106 654.73222131934017 409.26024108799174 274.02062505565118 11.806181651074438 363.42513423226774 11.718486399389802 534.88947024173103 40.568136069923639
leaf_count=5005 4221677 143 1333 91616 11900 6733 8006 133 554 258 336 76 255 79 116 114 447 5850 9604 12760 33471 77237 6400 1392 5900 178 548 24 5254 274
internal_value=-0.000246357 -0.000335625 0.00716188 -0.00116769 0.0191177 0.0458135 0.0755519 0.154187 0.295402 0.23377 0.0476259 0.296537 0.348689 0.424545 0.276067 0.0332707 0.164731 0.000391304 0.0190366 0.0178512 0.0211492 0.0140106 0.0551416 0.136994 0.0477131 0.00410248 0.0307441 -0.0140779 0.0634475 -0.0249907
internal_weight=588947 587778 32949 18527.3 5847.28 2404.72 1789.99 469.098 237.243 213.544 1320.89 72.0249 140.35 119.603 91.5392 1248.87 145.839 3442.57 2207.01 14421.7 13394.7 10557.6 2037.91 473.141 2837.16 8519.64 1564.77 666.451 898.315 1026.96
internal_count=4507673 4502668 280991 137410 45794 18440 11707 2728 1395 1262 8979 412 708 453 374 8567 561 27354 15454 143581 130547 91176 13761 1535 39371 77415 12226 6424 5802 13034
cat_boundaries=0 1 2 3 4 5 6 7 8 9
cat_threshold=692 38 104 4 34 8 13 108 528
is_linear=0
shrinkage=0.08


Tree=106
num_leaves=31
num_cat=13
split_feature=34 35 4 37 47 42 38 43 38 41 32 41 34 38 32 11 16 7 7 19 4 7 11 41 9 11 7 32 16 21
split_gain=368.35 660.173 1421.56 436.106 871.922 1142.54 869.409 848.236 1127.9 982.701 785.732 608.833 719.208 601.54 591.555 556.85 1187.91 1076.82 2273.69 850.099 745.51 549.335 582.674 547.784 729.654 675.554 1221.43 1110.57 950.745 698.752
threshold=0 1 69.500000000000014 2 3 4 5 6 7 8 8.7349996566772479 9 10 11 -3.3950001001358028 13.500000000000002 1.0000000180025095e-35 393.00001525878912 528.85000610351574 2995.099975585938 9.5000000000000018 840.02499389648449 16.500000000000004 12 1.0000000180025095e-35 6.5000000000000009 615.48501586914074 0.76499998569488536 2.5000000000000004 1.0000000180025095e-35
decision_type=1 1 10 1 1 9 1 9 1 9 10 9 1 1 8 2 2 2 2 2 10 2 2 9 2 2 2 8 2 2
left_child=-1 2 -2 4 5 6 -3 -7 11 -10 23 12 -9 -12 -11 20 17 -17 -19 -20 -15 -21 -23 24 -8 26 29 -28 -27 -25
right_child=1 3 -4 -5 -6 7 10 8 9 14 13 -13 -14 15 -16 16 -18 18 19 21 -22 22 -24 25 -26 28 27 -29 -30 -31
leaf_value=0.0031588555801423529 0.0082748419187621495 -0.019944124430503148 0.72679441114734533 -0.004006814431331546 -0.0018961531488418493 -0.07852408462991993 0.0598257676705315 0.10863897392510349 0.036010422948420433 0.069717310398703061 -0.050970703267621306 0.090775863396861112 -0.097741073584271213 0.062424869818384937 -0.048805503604271758 0.093814755990687712 -0.091070985984042147 1.5974471257091258 -0.0932713108480627 1.0353155995745094 0.25829161585826282 0.86032461213240896 -0.091302513433309307 0.02032444936645399 0.3892621456032177 -0.039948414448152024 0.23890702355957641 -0.039446368100063779 0.2378180949554918 0.18600323338493646
leaf_weight=222996.0904613079 41167.594281905331 1963.2584557123482 17.630114182829857 233803.77715711237 70186.603059847374 958.44312245864421 2304.8956069089472 164.43618253152817 1586.6427261196077 292.96260610595345 139.41308825463057 1151.3272479977459 275.32501781545579 613.37621003575623 3366.2476057298481 36.560961122624576 39.147100399248302 12.627495955675839 15.661509141325949 12.610610817559065 155.99966603517532 7.4644379084929851 9.184787196107207 6963.0783326169476 43.846775967627764 1493.1877785441466 323.23451011627913 128.08471536636353 83.262607324868441 166.82131600752473
leaf_count=1606337 326495 12157 36 1902750 519037 11955 14389 1095 7873 884 941 2762 2627 6457 14520 368 741 99 274 37 380 40 192 51237 198 17100 1202 1435 310 937
internal_value=0.000593933 -0.000962574 0.00858033 -0.00216731 0.0024825 0.0162605 0.0295185 -0.00844726 0.00147687 -0.0164333 0.0372668 0.0602609 -0.0198714 0.103818 -0.0392092 0.126884 0.279272 0.433325 0.649017 0.382411 0.102139 0.637024 0.335346 0.0312723 0.065696 0.0223472 0.0322798 0.15991 -0.0252778 0.0242009
internal_weight=590479 367483 41185.2 326297 92493.7 22307.1 14511.7 7795.38 6836.94 5245.85 12548.5 1591.09 439.761 1042.05 3659.21 902.633 133.257 94.1098 57.5488 44.9213 769.376 29.2598 16.6492 11506.4 2348.74 9157.67 7581.22 451.319 1576.45 7129.9
internal_count=4504865 2898528 326531 2571997 669247 150210 108494 41716 29761 23277 96337 6484 3722 9529 15404 8588 1751 1010 642 543 6837 269 232 86808 14587 72221 54811 2637 17410 52174
cat_boundaries=0 1 2 3 4 5 6 7 8 9 10 11 12 13
cat_threshold=12 24 34 1 56 138 35 168 19 35 33 80 18
is_linear=0
shrinkage=0.08


Tree=107
num_leaves=31
num_cat=18
split_feature=48 42 47 38 45 41 43 17 7 36 4 41 42 2 3 3 4 22 41 17 3 45 38 43 44 36 38 7 7 37
split_gain=381.118 531.451 340.015 670.163 837.102 528.451 617.199 546.525 553.05 530.574 793.864 572.112 557.046 512.556 525.206 534.861 432.977 420.89 560.48 514.67 496.346 904.777 758.517 702.605 699.033 608.462 593.394 912.248 2894.46 958.758
threshold=0 1 2 3 4 5 6 7.5000000000000009 285.27499389648443 7 36.500000000000007 8 9 1.5000000000000002 675.26501464843761 665.06500244140636 29.500000000000004 3.5000000000000004 10 31.500000000000004 200.24500274658206 11 12 13 14 15 16 23.04999923706055 40.00000190734864 17
decision_type=9 9 1 1 9 9 9 2 2 9 8 9 9 8 10 10 10 2 9 2 10 9 1 9 9 9 1 2 2 1
left_child=2 -2 3 4 -1 -6 -7 9 -9 10 12 -11 -8 -5 15 17 -14 20 19 -19 21 23 24 25 -22 26 -15 29 -29 -28
right_child=1 -3 -4 13 5 6 7 8 -10 11 -12 -13 16 14 -16 -17 -18 18 -20 -21 22 -23 -24 -25 -26 -27 27 28 -30 -31
leaf_value=-0.079703431496970636 -0.033067221183483549 0.058361785562511259 0.00091693595563382719 -0.0031195670661286379 -0.010070390246735218 -0.039688115342640995 0.20932066542338226 0.1898074608813424 0.035936484642064809 -0.018476363196966005 0.00067679977151327 0.0403422659712055 -0.10106211434402942 0.024022727667009077 -0.083535785472698493 0.14164863650515119 0.36522824935659254 0.31848643233608764 -0.088425393277426725 -0.031641232569275951 0.082267928505165677 -0.024942110378815642 -0.053438586026957016 -0.046616128935014996 -0.017757482436529474 -0.056906297220448467 0.56174092538274278 0.91579783696922523 0.15191474028459803 0.032200407726692026
leaf_weight=539.18021970801055 550.10932129761204 1514.9636692635249 419502.85886125907 141471.65251359862 2471.4117559138103 676.13144173938781 347.36536204442382 300.42283206991851 297.57677955552936 1469.9907146003097 319.77790012210608 3745.4817742686719 74.810264173895121 607.66295901546255 753.29894861183129 138.07981695944909 15.361818933859466 85.085457331500947 64.351355352438986 39.270644431933761 498.27660862542689 3283.1305795712397 4374.2449968272122 443.38668417418376 4358.2677927394398 218.37447245698422 13.203273139894009 35.337118159048259 312.41776440152898 464.93957981746644
leaf_count=6508 4774 8716 1328231 2847179 16176 3500 1028 440 1449 10261 1304 17018 560 5254 19909 2268 30 322 1292 632 1249 37330 99651 5176 71337 2689 90 243 3493 6777
internal_value=-0.000178773 0.0341287 -0.000299484 -0.00334748 0.0164553 0.0218667 0.0327571 0.0402606 0.113238 0.0330215 0.0952287 0.0237605 0.166509 -0.00464072 -0.01836 -0.0150728 -0.0194656 -0.0165352 0.102176 0.192444 -0.0180686 0.00124929 -0.0293244 0.0422058 -0.00747957 0.0661831 0.0851976 0.129382 0.229537 0.0592448
internal_weight=588986 2065.07 586921 167418 10257.5 9718.33 7246.92 6570.79 598 5972.79 757.315 5215.47 437.537 157161 15689.3 14936 90.1721 14797.9 188.707 124.356 14609.2 5378.45 9230.79 2095.32 4856.54 1651.94 1433.56 825.898 347.755 478.143
internal_count=4504886 13490 4491396 3163165 58274 51766 35590 32090 1889 30201 2922 27279 1618 3104891 257712 237803 590 235535 2246 954 233289 61052 172237 23722 72586 18546 15857 10603 3736 6867
cat_boundaries=0 1 2 3 4 5 6 7 8 9 10 11 12 13 14 15 16 17 18
cat_threshold=1 17 4 129 32 5 35 64 2 50 32 4 774 14 1 192 546 64
is_linear=0
shrinkage=0.08


Tree=108
num_leaves=31
num_cat=11
split_feature=14 12 12 38 47 14 45 32 32 17 16 5 32 32 12 37 42 34 39 34 37 6 25 2 45 19 19 6 34 12
split_gain=410.494 442.96 547.697 490.609 743.726 658.59 1076.54 703.805 1645.11 1427.84 756.743 729.694 803.762 914.07 801.146 559.002 516.024 480.434 451.919 1756.7 577.183 654.843 576.578 501.404 1673.15 1605.41 1399.14 1311.1 1295.16 2209.27
threshold=8.5000000000000018 630.80017089843761 314.52502441406256 0 1 3.5000000000000004 2 6.1050000190734872 4.7950000762939462 17.500000000000004 1.5000000000000002 6.5000000000000009 1.0549999475479128 2.1049998998641972 9883.3251953125018 3 4 5 6 7 8 9462.8852539062518 1.0000000180025095e-35 2.5000000000000004 9 1973.374938964844 1755.0250244140627 230.27496337890628 10 2115.325073242188
decision_type=2 2 2 1 1 2 9 10 10 2 2 2 10 8 2 1 9 1 9 1 1 2 8 10 9 2 2 2 1 2
left_child=1 2 -1 17 5 18 7 8 11 -10 -11 12 14 -14 16 -13 -7 -3 19 -5 22 23 -20 -22 25 26 28 -28 29 -25
right_child=-2 3 -4 4 -6 6 -8 -9 9 10 -12 15 13 -15 -16 -17 -18 -19 20 -21 21 -23 -24 24 -26 -27 27 -29 -30 -31
leaf_value=-3.4783118253008767e-05 -0.040837887890323769 0.017483014032772692 -0.0078890055316930101 0.7321107275867752 0.0054435525719555115 0.35894453517935021 -0.088760180744189829 -0.049553109833845727 1.6275625459773542 -0.088186777395307558 1.0229335092387717 0.1268402519182103 0.8936526388949142 -0.085462643490261961 -0.090177364230314624 -0.051497987478395402 -0.066197389914788032 0.0029878746130270785 0.27006044671890345 -0.054781170328765408 -0.0030622665403543031 -0.074480737078535447 -0.04485542842703074 0.25583525957514092 -0.085656018297314271 -0.085542183476265632 1.2151538569502047 0.29622935747313517 -0.071946095981539337 1.4140687860063863
leaf_weight=399590.88910857379 1581.7778056334937 26533.324074171716 66241.153790774406 8.3751162625849247 41894.82114403951 85.676620963029563 275.54906434670556 176.04419456922915 8.2725785716902482 10.16857421398163 6.3868420475628218 242.31498398876283 21.469451402779669 8.5254823837894964 53.240848550572991 197.62388352805283 25.709569052094594 32649.618333735038 37.621724992292002 2375.1757857853081 12457.493160033715 807.75707318785135 3392.3725944147445 41.346954294946045 189.92855188553222 64.83815696532838 21.76745249889791 18.283770666923374 52.361967690289021 14.145848390646277
leaf_count=2608599 17226 157425 619969 9 163392 607 13616 8142 242 551 64 4428 115 358 2122 8565 1050 211828 132 88259 451362 24630 106711 988 8403 3376 67 297 1951 315
internal_value=-0.000138577 -2.89995e-05 -0.00115165 0.00426923 -0.000675255 -0.0131241 0.0467861 0.0914607 0.130496 0.769322 0.340467 0.105501 0.234481 0.615358 0.165086 0.0484419 0.287098 0.0094883 -0.0165407 -0.0491746 -0.0119913 -0.00460746 -0.0412809 -0.000222248 0.0876395 0.235315 0.391881 0.795656 0.241941 0.46694
internal_weight=589084 587502 465832 121670 62487.3 20592.5 1110.98 835.433 659.389 24.828 16.5554 634.561 194.622 29.9949 164.627 439.939 111.386 59182.9 19481.5 2383.55 17097.9 13667.9 3429.99 12860.2 402.673 212.744 147.906 40.0512 107.855 55.4928
internal_count=4504799 4487573 3228568 1259005 889752 726360 39860 26244 18102 857 615 17245 4252 473 3779 12993 1657 369253 686500 88268 598232 491389 106843 466759 15397 6994 3618 364 3254 1303
cat_boundaries=0 1 2 3 4 5 6 7 8 9 10 11
cat_threshold=849 4 5 36 49 83 2 2 20 4 10
is_linear=0
shrinkage=0.08


Tree=109
num_leaves=31
num_cat=10
split_feature=0 36 41 12 7 20 37 38 2 10 19 32 7 3 41 3 38 32 37 38 15 12 38 6 5 3 45 3 32 13
split_gain=294.523 290.436 615.461 430.053 551.217 536.927 453.548 897.989 1154.25 810.549 516.271 878.504 429.044 754.907 397.947 488.668 737.845 619.906 555.916 725.17 370.33 563.217 536.779 520.396 542.724 559.051 450.475 724.769 1509.88 720.424
threshold=4.5000000000000009 0 1 848.89996337890636 201.00001525878909 1.0000000180025095e-35 2 3 1.0000000180025095e-35 1.0000000180025095e-35 408.37001037597662 -0.89499998092651356 196.00000762939456 105.58499908447267 4 18.605000495910648 5 -16.345000267028805 6 7 1.0000000180025095e-35 2115.325073242188 8 452.52499389648443 17.500000000000004 602.17498779296886 9 309.67500305175787 6.4549999237060556 2038.634948730469
decision_type=2 9 9 2 2 2 1 1 10 2 2 8 2 8 9 8 1 8 1 1 2 2 1 2 2 10 9 8 8 2
left_child=1 2 -1 4 12 6 7 8 9 -5 11 -9 -4 -14 20 16 18 -18 19 -16 -3 22 -22 24 -24 -26 27 28 -25 -29
right_child=-2 14 3 5 -6 -7 -8 10 -10 -11 -12 -13 13 -15 15 -17 17 -19 -20 -21 21 -23 23 26 25 -27 -28 29 -30 -31
leaf_value=0.0066661866370572535 0.21159535540340924 -0.0039034032545026114 -0.0087161210886723493 -0.036680684744144564 -0.029789899833009309 -0.011763544714380441 0.012447721940237428 0.66316440531036946 0.44834824581200028 0.2853292645321035 -0.027873522985257786 -0.034441287141708792 0.2187100606805237 -0.03037725380047326 0.044057151012256109 0.0026720780532108745 -0.25263199471176578 -0.022561893829807399 -0.019522233136812769 -0.00095881337387528878 -0.039677922737804294 -0.018669697813982943 0.014292611583733402 0.068697478064815617 0.079099578575239762 0.60408287520399229 0.050828216434817552 0.0060989770289400025 0.58327554634700196 0.28779069849877287
leaf_weight=23326.729801480193 41.944010272622108 140315.32886530284 44317.040590557968 124.61216898541898 8970.1479075278621 7137.3853497016244 6612.9675014205277 19.573740619234741 81.110261116176844 83.587236042134464 374.22242965782061 28.195266616996378 145.35190228186548 167.72720044665039 3304.5263262051158 325014.08376252931 75.455071426462382 11251.14192738384 4915.2080383794382 7418.714901341591 459.51996242883615 1641.3190592086175 1446.0180973128881 78.610905028879642 36.255251831607893 20.223393456079066 622.61181148141623 199.23308218945749 68.115587592124939 82.029666647897102
leaf_count=91682 28 1256984 220202 616 53762 44502 27726 117 130 150 3313 201 292 988 6871 2635526 402 46158 32756 33031 3711 21398 14999 476 301 101 5892 2574 147 508
internal_value=-0.000386595 -0.000401708 -0.00454632 -0.00838957 -0.0116939 0.00385179 0.0190687 0.0793334 0.18591 0.0925988 0.00365431 0.251408 -0.00805684 0.0852655 0.000360569 0.00181343 -0.0085353 -0.0240733 0.00273221 0.0129416 -0.0031668 0.0190348 0.0395768 0.0537862 0.0237949 0.267081 0.0971897 0.159714 0.307583 0.0882538
internal_weight=588379 588337 91388.7 68061.9 53600.3 14461.7 7324.27 711.301 289.31 208.199 421.991 47.769 44630.1 313.079 496948 351979 26965 11326.6 15638.4 10723.2 144969 4653.94 3012.62 2553.1 1502.5 56.4786 1050.6 427.989 146.726 281.263
internal_count=4505544 4505516 443681 351999 275244 76755 32253 4527 896 766 3631 318 221482 1280 4061835 2754744 119218 46560 72658 39902 1307091 50107 28709 24998 15401 402 9597 3705 623 3082
cat_boundaries=0 1 2 3 4 5 6 7 8 9 10
cat_threshold=120 17 17 68 33 804 37 544 645 4
is_linear=0
shrinkage=0.08


Tree=110
num_leaves=31
num_cat=14
split_feature=25 2 37 38 3 3 32 18 3 32 19 34 19 38 34 35 22 7 43 7 3 38 19 32 37 36 37 34 43 42
split_gain=349.394 330.843 663.106 452.087 404.08 393.225 480.658 409.246 605.976 444.686 474.313 357.979 342.664 325.057 337.476 482.836 381.538 483.677 388.429 369.616 554.95 365.111 478.016 645.163 344.609 340.757 335.946 390.109 453.984 378.541
threshold=7.5000000000000009 1.0000000180025095e-35 0 1 48.914999008178718 70.915000915527358 -16.345000267028805 1000.0000305175782 115.38499832153322 -5.8450000286102286 1896.549987792969 2 10735.844726562502 3 4 5 2.5000000000000004 105.00000762939455 6 1718.0250244140627 77.944999694824233 7 611.12500000000011 -1.3749999999999998 8 9 10 11 12 13
decision_type=8 8 1 1 8 8 8 2 8 10 2 1 2 1 1 1 2 2 9 2 10 1 2 8 1 9 1 1 9 9
left_child=-1 12 4 -4 -3 11 -7 -8 9 -9 -11 -5 13 -2 26 19 -17 24 21 -16 -21 22 -19 -24 -18 -20 29 -28 -29 -15
right_child=1 2 3 5 -6 6 7 8 -10 10 -12 -13 -14 14 15 16 17 18 25 20 -22 -23 23 -25 -26 -27 27 28 -30 -31
leaf_value=0.029720716690651686 0.011834660210023161 0.20406752123319616 -0.012600660849344407 0.033892286579384007 0.024524938048394965 0.030575064054964712 -0.0079444281204344921 0.31976138254241221 0.004530461597095743 0.001046650462927427 0.18803771384890336 -0.013960377253070578 -0.041271549085640367 0.0093264868887540705 0.018922904404529664 -0.0027386981236680371 0.14891095708242311 0.45024368132586762 -0.059621300320281539 0.52540859136783735 0.056784049382373802 0.0050443287691142157 0.19151021767814413 -0.047822129063652782 -0.014212347931693734 0.096144474244450592 0.016121588727641318 0.049212692111899874 -0.0039378023040892258 0.0012680951333454457
leaf_weight=2507.0294502106262 16552.170786693692 81.943605759181082 36050.498960855417 3495.1131467833184 3826.3578168115346 2589.380149039207 50559.178076310549 52.435215806588531 13767.830938632134 232.49686340382323 138.55407011136413 1397.2072719950229 1240.7811790242558 66103.632739255903 5537.5802835822105 213859.88564658316 313.8510135684628 25.346022241748869 549.39978648151737 22.888491155579686 55.119524504058063 519.57007958157919 166.9087180220522 126.88484992366284 116.99458397016861 98.514208771288395 7305.2986904038116 1032.7697668427136 75562.780294234632 85652.17095328297
leaf_count=16708 43609 111 227904 11315 23233 7406 296166 45 100505 1065 385 5896 18382 650883 23726 1804413 1946 73 11687 21 344 4937 421 926 975 368 26009 4076 575295 645234
internal_value=-8.10709e-05 -0.000208345 -0.00411554 -0.00528466 0.0282171 -0.00163207 -0.00322328 -0.00457488 0.00742976 0.101688 0.070871 0.0202667 0.000714809 0.000824808 0.000425815 -0.00181693 -0.00242005 0.0331067 0.0114763 0.0213209 0.194284 0.0471068 0.113352 0.0881463 0.107742 -0.034836 0.0025328 -0.00152947 -0.00321482 0.00477865
internal_weight=589541 587034 112191 108283 3908.3 72232.2 67339.9 64750.5 14191.3 423.486 371.051 4892.32 474843 473602 457050 221393 215777 1917.47 1486.62 5615.59 78.008 838.71 319.14 293.794 430.846 647.914 235657 83900.8 76595.6 151756
internal_count=4504064 4487356 674031 650687 23344 422783 405572 398166 102000 1495 1450 17211 3813325 3794943 3751334 1849837 1825746 21333 18412 24091 365 6357 1420 1347 2921 12055 1901497 605380 579371 1296117
cat_boundaries=0 1 2 3 4 5 6 7 8 9 10 11 12 13 14
cat_threshold=66 177 102 1 29 16 14 540 21 200 41 1 2 11
is_linear=0
shrinkage=0.08


Tree=111
num_leaves=31
num_cat=9
split_feature=6 45 36 47 18 17 47 42 38 6 13 18 18 36 5 7 17 7 6 18 38 32 17 13 6 13 18 4 4 45
split_gain=321.756 375.248 555.002 701.678 351.807 570.441 1585.13 596.384 817.944 1004.98 1043.49 711.748 684.752 661.874 581.855 627.915 644.975 560.642 1690.98 577.667 540.458 631.153 605.119 745.33 693.643 588.252 601.641 590.609 1104.97 922.405
threshold=477.08999633789068 0 1 2 3905.0500488281255 4.5000000000000009 3 4 5 120.00000381469728 1075.0000610351565 1148.2600097656252 315.02499389648443 6 17.500000000000004 300.54998779296881 19.500000000000004 285.27499389648443 69.000015258789077 661.98001098632824 7 -77.079998016357408 6.5000000000000009 383.22500610351568 174.00006103515628 106.02500152587892 275.02499389648443 1.5000000000000002 7.5000000000000009 8
decision_type=2 9 9 1 2 2 1 9 1 2 2 2 2 9 2 2 2 2 2 2 1 10 2 2 2 2 2 10 10 9
left_child=4 2 -2 -4 5 -1 -7 8 9 13 -11 -12 20 -8 15 16 17 -10 -19 -20 21 -9 23 24 -23 -22 27 -27 29 -29
right_child=1 -3 3 -5 -6 6 7 12 14 10 11 -13 -14 -15 -16 -17 -18 18 19 -21 25 22 -24 -25 -26 26 -28 28 -30 -31
leaf_value=0.00032305711948380118 0.029293914888844134 0.0063687453372260321 0.0042631223128485034 -0.04033652787513517 0.01167004176679287 0.0041519964910977473 0.22066818561622151 -0.061842187064038434 -0.00050176939850518491 -0.047402270392254316 0.34210560017574487 -0.10922028152878194 -0.027387743825783455 0.061576645971514375 0.18484912745751081 -0.04218387190295423 -0.073334994953810184 1.0056092370012568 -0.09802740106393211 0.14945101305441783 -0.10039417430772447 -0.0015683662481332666 -0.0031753502495997944 0.21430626006323017 0.17103002334714684 -0.048909447698308642 0.059866960040921631 0.3919222390369797 -0.066035201822063114 -0.0051787444290552686
leaf_weight=388090.71311282326 1943.556639351882 80739.362551325758 4572.149034935981 4459.8169496624032 14350.680395537056 45845.927620093804 243.83548476174474 324.23108831862919 10484.963086352684 723.66236006747931 80.016288932412863 31.036915168166161 28369.448063597083 575.83296666946262 97.437189647462219 3278.5729550259421 768.18958045216277 12.952341102529315 88.665687208762392 189.11945708910935 447.96078723482788 447.04341978253797 578.6083586665336 265.62455522175878 223.53268458321691 1412.8805432845838 736.07231761422008 79.928802992682904 177.40408287104219 73.254129767417908
leaf_count=2474474 9149 798362 5712 117384 166045 55359 701 7717 232228 6140 191 299 448990 3236 1055 93753 21874 171 2308 2371 5694 8620 11282 3122 1938 16624 6825 382 1771 715
internal_value=0.000127954 0.00448234 -0.00939187 -0.0177397 -0.000673982 -0.00104025 -0.00657717 -0.0164723 -0.00407148 0.0491281 -0.0123624 0.21597 -0.022667 0.112347 -0.00999943 -0.011287 -0.00251205 0.00253685 0.11212 0.0704589 0.00538248 0.0392454 0.0611413 0.100891 0.0559663 -0.0159695 -0.000781501 -0.0263866 0.0698728 0.22727
internal_weight=589712 91714.9 10975.5 9031.97 497998 483647 95556.2 49710.3 16574.3 1654.38 834.716 111.053 33136 819.668 14919.9 14822.5 11543.9 10775.7 290.737 277.785 4766.54 1839.04 1514.81 936.201 670.576 2927.5 2479.54 1743.47 330.587 153.183
internal_count=4504492 930607 132245 123096 3573885 3407840 933366 878007 364327 10567 6630 490 513680 3937 353760 352705 258952 237078 4850 4679 64690 32679 24962 13680 10558 32011 26317 19492 2868 1097
cat_boundaries=0 1 2 3 4 5 6 7 8 9
cat_threshold=32 83 2 2 8 144 72 172 4
is_linear=0
shrinkage=0.08


Tree=112
num_leaves=31
num_cat=13
split_feature=36 42 6 6 20 33 17 36 19 38 32 33 38 17 2 32 44 38 38 34 17 6 34 38 21 37 36 14 17 27
split_gain=511.506 691.445 532.901 570.233 509.752 469.694 405.659 375.446 417.032 373.848 362.612 361.41 451.774 398.672 349.801 409.28 447.76 504.216 351.87 345.548 323.671 320.866 379.632 305.783 305.382 300.512 317.402 300.085 421.641 303.195
threshold=0 1 959.77514648437511 1001.4501953125001 1.0000000180025095e-35 1.5000000000000002 8.5000000000000018 2 1302.3250122070315 3 86.460002899169936 1.0000000180025095e-35 4 1.0000000180025095e-35 2.5000000000000004 -1.8849999904632566 5 6 7 8 42.500000000000007 519.00003051757824 9 10 2.5000000000000004 11 12 6.5000000000000009 68.500000000000014 2.5000000000000004
decision_type=9 9 2 2 2 2 2 9 2 1 10 2 1 2 8 8 9 1 1 1 2 2 1 1 2 1 9 2 2 8
left_child=1 11 4 6 -3 14 -4 8 -5 24 -11 -1 13 -13 27 23 17 -17 20 -15 -18 -7 -23 25 -9 -16 -27 29 -29 -2
right_child=5 2 3 7 -6 21 -8 9 -10 10 -12 12 -14 19 15 16 18 -19 -20 -21 -22 22 -24 -25 -26 26 -28 28 -30 -31
leaf_value=-0.013610490019514877 0.064704996819333171 0.00042477269279494204 -0.053032401091641854 0.24962795177215541 -0.038683255221801972 0.0040426092528997662 0.20185363400999751 0.031675084422895475 -0.026452174901486818 -0.021429935181235416 0.16897377072762443 0.24972521077917198 -0.07804886798006512 0.089234005224690841 0.23989671178320179 -0.036027242204693825 -0.055842191012466305 0.028717032385919196 -0.013510421520926024 -0.08999276358914049 0.14770385037206635 0.16886704226064186 0.0020674876993346599 -0.0030510862133499616 0.26050156518903123 0.24136750508886107 0.024390556396799722 -0.057055056595596593 0.014195790627798539 0.0016121992145088637
leaf_weight=42887.445455439156 487.97908398578875 41891.815977129387 50.786417211405933 96.57780474703759 2247.5228866199031 297.49632793152705 187.49799196142703 2521.2378596179187 54.93536479678005 1596.8115165918134 66.686815079301596 79.193347758613527 135.07674799626693 317.07072757557034 34.183028871193528 1023.9350121859461 1810.6770478608087 3014.7610908774659 18474.845852699946 79.905042975209653 51.418464185670018 255.78001480479725 140.80838225129992 4195.4047792453784 37.886787962168455 34.265159175731242 2468.9832863418851 1300.8082148082322 898.83981678984128 462057.35143784829
leaf_count=222614 1644 185735 250 167 15203 1736 467 11379 300 7719 87 199 1203 1194 28 2782 7957 6265 117368 878 36 642 968 27142 15 34 11919 19267 6614 3853688
internal_value=6.4512e-05 -0.00540567 0.00113698 0.0270114 -0.00156656 0.00108087 0.147529 0.0204461 0.140269 0.0157772 -0.0137145 -0.012737 0.0483415 0.0840687 0.000988837 -0.00722398 -0.0120466 0.0122842 -0.0168784 0.0531393 -0.0499534 0.0668448 0.113955 0.0102358 0.0349263 0.0320901 0.0283092 0.00153858 -0.0279399 0.00167876
internal_weight=588798 92250.5 48751.8 4612.42 44139.3 496548 238.284 4374.14 151.513 4222.62 1663.5 43498.7 611.246 476.169 495853 31108.5 24375.6 4038.7 20336.9 396.976 1862.1 694.085 396.588 6732.84 2559.12 2537.43 2503.25 464745 2199.65 462545
internal_count=4505500 447410 221322 20384 200938 4058090 717 19667 467 19200 7806 226088 3474 2271 4054744 173531 134408 9047 125361 2072 7993 3346 1610 39123 11394 11981 11953 3881213 25881 3855332
cat_boundaries=0 1 2 3 4 5 6 7 8 9 10 11 12 13
cat_threshold=89 41 1 391 976 1 137 512 14 48 541 2 32
is_linear=0
shrinkage=0.08


Tree=113
num_leaves=31
num_cat=6
split_feature=41 1 22 3 13 47 2 32 3 19 34 7 19 1 47 12 32 42 32 19 12 13 3 6 32 3 6 47 32 19
split_gain=434.276 561.131 482.179 527.601 1308.54 1184.34 955.68 780.595 999.509 702.409 520.712 655.546 1087.74 698.127 548.843 789.842 749.849 541.39 753.702 512.641 511.827 1431.18 577.002 523.896 479.695 452.759 880.962 661.26 714.077 470.035
threshold=0 4.5000000000000009 1.0000000180025095e-35 133.70999908447268 53.049987792968757 1 1.0000000180025095e-35 -0.34499999880790705 118.85999679565431 500.00500488281256 2 1330.259948730469 1386.049987792969 1.0000000180025095e-35 3 36308.140625000007 3.3249999284744267 4 2.4250000715255742 360.53500366210943 511.52499389648443 1422.9749755859377 179.47499847412112 452.52499389648443 39.989999771118171 185.6549987792969 5577.3000488281259 5 2.4250000715255742 628.52502441406261
decision_type=9 2 2 8 2 1 8 8 10 2 1 2 2 2 1 2 10 9 8 2 2 2 10 2 10 8 2 1 8 2
left_child=1 2 10 4 5 -4 7 8 -7 -10 25 13 -13 14 -12 16 17 18 20 -9 21 22 -16 -24 -14 26 -1 28 -28 -27
right_child=-2 -3 3 -5 -6 6 -8 19 9 -11 11 12 24 -15 15 -17 -18 -19 -20 -21 -22 -23 23 -25 -26 29 27 -29 -30 -31
leaf_value=0.0054475803242728087 0.0017774947804468199 0.058724125713779329 0.045446528453579715 0.0032165474382451265 0.014675070501009371 0.18336114825979472 -0.093812004799906326 -0.091798656571993043 0.58846837229344684 1.2401312559054887 -0.0058201474119575396 0.37442947485271694 0.018456824955732812 0.0082775372255258235 0.02103735464047353 0.40267020963098193 -0.04673578108825012 -0.022104997639079586 0.023565825340767479 0.35271708025799292 -0.073134359402839938 0.70726754344689513 -0.040967139108618628 0.17915824070893074 0.23526632325557406 -0.0013092205607875612 0.079303848387295359 0.068448044804293298 0.56992945087100599 -0.01954672543301433
leaf_weight=36969.412416556384 369850.79326650524 947.12388210184872 213.63636222202331 30714.610909416107 1808.098286061082 24.918143393471837 29.92117302166298 22.492253650911152 31.193984773475677 16.023440700490028 39029.513836108148 62.934046705719084 1018.5741330857854 11970.011026705615 2011.7197895934805 28.365861157421023 5576.0997461753432 22007.354530316312 4748.2427076846361 63.428242586553097 950.77061241539195 17.793475095182657 2688.1975198024884 71.024831749964505 69.786006915383041 46137.364248738158 34.132326561724767 165.98413400445133 42.783030886435881 11249.684861898422
leaf_count=226645 3033069 4365 148 229475 9428 125 413 354 199 101 51650 191 6773 75150 17904 54 67485 232374 42385 260 12118 44 33884 326 109 338802 259 487 170 120016
internal_value=0.0001064 -0.00271933 -0.00298668 0.00593286 0.0436891 0.174313 0.320769 0.399253 0.593284 0.809613 -0.00457537 -0.00892199 0.0510576 -0.00969802 -0.0124877 -0.0193181 -0.0196325 -0.0149816 -1.28417e-05 0.236352 -0.0195193 -0.00887438 -0.0115453 -0.0353009 0.0323587 -0.000427582 0.00644532 0.158302 0.352207 -0.00488435
internal_weight=588572 218721 217774 32924.3 2209.71 401.614 187.977 158.056 72.1356 47.2174 184850 90250.4 1151.29 89099.1 77129.1 38099.6 38071.2 32495.1 10487.7 85.9205 5739.51 4788.74 4770.94 2759.22 1088.36 94599.4 37212.3 242.899 76.9154 57387
internal_count=4504763 1471694 1467329 240503 11028 1600 1452 1039 425 300 1226826 540447 7073 533374 458224 406574 406520 339035 106661 614 64276 52158 52114 34210 6882 686379 227561 916 429 458818
cat_boundaries=0 1 2 3 4 5 6
cat_threshold=3 2 108 2 24 4
is_linear=0
shrinkage=0.08


Tree=114
num_leaves=31
num_cat=8
split_feature=23 3 36 32 4 22 23 18 39 32 47 18 12 34 47 4 32 3 12 23 23 32 18 38 47 18 36 23 3 7
split_gain=357.563 471.787 491.56 632.686 492.587 479.179 527.518 1234.24 510.999 634.103 703.806 628.268 947.801 446.244 627.776 1000.91 592.931 614.844 664.627 664.427 573.363 496.996 450.732 439.553 613.727 592.956 620.035 450.235 430.312 526.988
threshold=1.0000000180025095e-35 19.105000495910648 0 -3.1350001096725459 1.0000000180025095e-35 1.0000000180025095e-35 9.5000000000000018 1036.0750122070315 1 11.784999847412111 2 1073.2750244140627 940.82498168945324 3 4 2.5000000000000004 15.045000076293947 419.70500183105474 242.05000305175784 2.5000000000000004 2.5000000000000004 -1.6050000190734861 31914.564453125004 5 6 1610.4749755859377 7 9.5000000000000018 333.98500061035162 947.52001953125011
decision_type=2 8 9 10 10 2 2 2 9 10 1 2 2 1 1 10 10 10 2 2 2 8 2 1 1 2 9 2 10 2
left_child=-1 -2 3 23 -4 -5 8 -8 9 -7 11 -11 -13 14 15 20 21 18 -18 -20 -6 28 -23 24 -3 -26 -27 -28 -17 -30
right_child=1 2 4 5 13 6 7 -9 -10 10 -12 12 -14 -15 -16 16 17 -19 19 -21 -22 22 -24 -25 25 26 27 -29 29 -31
leaf_value=-0.00064503648335767288 -0.032223277815212663 0.0016286278094262193 0.0044865240389729963 -0.01580912064353553 0.081315936034943026 0.017930354960193171 -0.043879514720041514 0.63019205890820706 4.6981733523703892e-07 0.16777657481080074 0.036839558032523749 0.99443505055698289 0.2303330369885013 0.012343022066720704 0.018396175507344469 0.17938528771383486 0.1142615451751781 0.043491436960692388 0.29023732939288455 0.83943403849548792 0.48459780534256686 -0.026607985284587309 0.44995987352321498 -0.0043298750408434297 0.068890087363074934 0.26657020522693214 -0.073291671572544473 0.37008837926254456 -0.02671565722860814 0.23754203595674356
leaf_weight=404998.91892827698 2322.9084149536211 2941.0566056936514 124602.86492553295 21961.01977527421 35.792730099521577 317.43617053795606 43.950735660269856 28.76127068977803 6295.8624247438274 49.165465763770044 80.663872975856066 19.624947608448565 22.077237617224455 14162.699958764249 2242.8437116760761 229.72771820798516 54.597607820294797 98.865844559390098 36.820515309460461 22.846184383146465 61.041790194809437 485.1212946458254 13.042789062485097 5309.0453666711692 2473.5750143378973 31.823716884478927 416.67826750176027 15.19216472096741 218.4473643458914 62.007054648827761
leaf_count=2936183 11359 3850 1240489 119720 324 1689 284 45 32158 175 83 94 215 90025 6763 1886 239 1440 202 98 224 8289 72 27266 13117 125 3833 103 4262 292
internal_value=0.000685179 0.0036027 0.00405912 -0.00377539 0.00626111 -0.0100446 0.00841593 0.22275 0.00611894 0.0848993 0.208832 0.361511 0.589918 0.0187404 0.0440243 0.0879593 0.0683325 0.189569 0.31596 0.500523 0.335534 0.0427073 -0.0141306 0.0123708 0.0274148 0.0533275 -0.0296912 -0.0563889 0.0982063 0.0317104
internal_weight=589654 184656 182333 40005.9 142327 28818.6 6857.54 72.712 6784.83 488.968 171.532 90.8677 41.7022 17723.9 3561.15 1318.31 1221.48 213.13 114.264 59.6667 96.8345 1008.35 498.164 11187.4 5878.33 2937.27 463.694 431.87 510.182 280.454
internal_count=4504904 1568721 1557362 202757 1354605 154463 34743 329 34414 2256 567 484 309 114116 24091 17328 16780 1979 539 300 548 14801 8361 48294 21028 17178 4061 3936 6440 4554
cat_boundaries=0 1 2 3 4 5 6 7 8
cat_threshold=106 2 4 80 4 752 2 32
is_linear=0
shrinkage=0.08


Tree=115
num_leaves=31
num_cat=15
split_feature=48 5 6 2 3 19 40 38 37 41 34 12 34 4 1 41 38 12 3 44 7 19 34 41 19 38 2 3 34 38
split_gain=346.833 273.83 305.535 281.642 413.081 450.256 433.172 361.214 372.56 341.258 351.946 277.504 275.455 267.585 252.898 248.815 391.279 617.64 579.636 528.132 441.277 517.192 382.798 349.384 308.057 289.262 254.257 244.266 352.31 337.057
threshold=0 10.500000000000002 379.52502441406256 inf 412.21499633789068 8313.8803710937518 1 2 3 4 5 460.42001342773443 6 30.500000000000004 2.5000000000000004 7 8 214.25000762939456 217.56500244140628 9 160.00000762939456 1.0000000180025095e-35 10 11 1111.5250244140627 12 2.5000000000000004 86.384998321533217 13 14
decision_type=9 2 2 8 8 2 1 1 1 9 1 2 1 8 2 9 1 2 10 9 2 2 1 9 2 1 10 10 1 1
left_child=1 3 -3 -1 5 6 7 11 9 -9 -11 -5 -8 -12 15 22 24 18 25 20 21 -20 -2 -19 -17 -18 -24 28 29 -4
right_child=14 2 27 4 -6 -7 12 8 -10 10 13 -13 -14 -15 -16 16 17 23 19 -21 -22 -23 26 -25 -26 -27 -28 -29 -30 -31
leaf_value=0.00080242383557630999 0.16919468959335235 -0.049277814045153023 0.1164338976963472 -0.07825152904956327 0.011781002840416752 0.15768633731634646 0.010797778052249483 0.036905530255234298 -0.041113837351511549 0.059368137982181442 -0.01197834465411062 0.062446146813831503 -0.017948621104744648 -0.091224939524821705 -0.089359924891830131 -0.052758457673129693 0.11251280647276594 -0.094961817625166631 0.22268856621216818 -0.15592977839637301 0.43341417631097195 -0.1020442919203107 -0.086946455809852607 0.052512966389288936 0.095684344310320454 -0.096724433542512311 0.18343455676245601 -0.0081427436508918864 -0.054601003355617746 0.016995409850434941
leaf_weight=540727.76555176964 45.440601697191596 1103.5260087042116 316.67889851843938 1284.9805849068798 4744.3503158453386 95.771775439847261 4041.4237326683942 1000.6515678483993 2919.2981577205937 255.29454510076903 685.39281809097156 96.451434050686657 4498.1985179989133 452.88600845215842 102.49259028537199 324.45330014638603 74.641007071360946 117.76827003248036 256.67614402342588 25.470560275949538 53.224426701199263 35.76256879651919 253.00006749480963 531.46978017338552 123.54168640635908 74.630932051688433 24.405993530992419 22454.044163171551 256.72091172449291 692.85505797038786
leaf_count=4145699 88 14917 681 4899 11892 201 9093 3084 12751 649 2694 130 14111 2149 1019 1472 148 2198 654 182 175 487 2258 3887 275 529 76 264737 2178 3264
internal_value=0.000207821 9.30304e-05 -0.00812922 0.000456987 -0.00884763 -0.0152317 -0.0163187 -0.0315347 -0.0219611 0.00146588 -0.0240631 -0.0679363 -0.00434751 -0.0431292 0.0331128 0.0395816 0.0521908 0.0765015 0.142088 0.195633 0.221539 0.182977 -0.0244566 0.025108 -0.0115649 0.00895894 -0.060961 -0.00621489 0.0279711 0.0490242
internal_weight=587669 585626 24823.8 560802 20074.7 15330.3 15234.6 6694.96 5313.52 2394.22 1393.57 1381.43 8539.62 1138.28 2042.98 1940.49 1617.64 1169.64 520.406 371.134 345.663 292.439 322.847 649.238 447.995 149.272 277.406 23720.3 1266.25 1009.53
internal_count=4506577 4493129 285777 4207352 61653 49761 49560 26356 21327 8576 5492 5029 23204 4843 13448 12429 10007 8260 2175 1498 1316 1141 2422 6085 1747 677 2334 270860 6123 3945
cat_boundaries=0 1 2 3 4 5 6 7 8 9 10 11 12 13 14 15
cat_threshold=1 2 1 22 34 48 120 2 531 2 65 4 4 86 523
is_linear=0
shrinkage=0.08


Tree=116
num_leaves=31
num_cat=8
split_feature=32 4 11 1 34 36 17 39 4 2 44 23 45 2 3 22 41 19 42 1 23 32 45 32 18 3 11 18 19 32
split_gain=238.552 356.375 322.562 865.259 509.244 703.354 702.206 348.862 450.949 316.86 284.518 673.145 551.236 546.665 688.7 320.671 436.94 328.503 296.739 273.629 336.323 458.225 260.722 450.061 370.478 955.1 426.011 1623.1 425.299 361.406
threshold=-1.6050000190734861 21.500000000000004 11.500000000000002 1.0000000180025095e-35 0 1 16.500000000000004 2 35.500000000000007 1.5000000000000002 3 1.5000000000000002 4 2.5000000000000004 273.43499755859381 3.5000000000000004 5 2835.474975585938 6 3.5000000000000004 9.5000000000000018 0.49500000476837164 7 -2.4050000905990596 275.02499389648443 542.27001953125011 1.5000000000000002 74.939998626708999 100.02500152587892 -4.7149999141693106
decision_type=8 10 2 2 1 9 2 9 10 8 9 2 9 10 10 2 9 2 9 2 2 8 9 10 2 10 2 2 2 8
left_child=1 22 -3 -4 5 6 -5 8 -6 19 11 12 -11 -13 -15 -12 17 -17 -16 -2 -21 -22 -1 24 25 29 -27 -28 -29 -24
right_child=9 2 3 4 7 -7 -8 -9 -10 10 15 13 -14 14 18 16 -18 -19 -20 20 21 -23 23 -25 -26 26 27 28 -30 -31
leaf_value=0.0031426115107731261 -0.00054494270871371009 0.012342215391595076 -0.020093253366944577 0.33575084305183106 0.51551847325884026 -0.022282879840720044 0.014509526013925651 0.13916280826058638 0.16651341692410462 0.014603943990253443 -0.0089918055145758718 0.032581172157881345 -0.044117534401493998 0.03706920872868831 0.085416300906294332 0.25368209786796381 -0.048257384793353779 0.038981535041070992 0.36990211513286558 0.013671376810564897 0.4372605007739449 0.038639937902269085 -0.041841614563995634 0.020279493176998446 -0.031507588361993952 0.051407338561254276 1.1263355799735439 0.24906822118561844 -0.022180989940052326 0.0075436785074198959
leaf_weight=96051.371392133064 406210.106331905 7340.2526639024727 532.44060040428303 96.090289611369371 45.631544408854097 271.01647617341951 79.645806161686778 153.40221233852208 49.286367695778608 3169.0878082406707 51496.005121632828 1015.0753297244664 1498.8631088053808 152.33457305002958 61.593828646466136 98.538607358234003 116.70778424909804 84.910692531149834 83.590428130701184 6727.181959943031 28.301427498459816 53.053758092224598 1625.8240477610379 2600.6792782888515 5269.2407944261795 307.04863040242344 11.523350115865467 93.908478128025308 61.041216253768653 2276.0218897026498
leaf_count=857078 3096307 38861 3113 104 104 1910 260 658 124 5062 315546 1695 5903 270 257 354 1406 616 98 44432 92 211 8891 24886 75611 3452 166 430 1113 15530
internal_value=-0.00025155 0.0029836 0.01869 0.0566481 0.115434 0.0594549 0.179922 0.205476 0.334297 -0.0010546 -0.00660362 0.00991778 -0.00431455 0.0605319 0.155894 -0.00851123 0.0739374 0.14633 0.280572 -0.000278356 0.0156267 0.17731 0.001741 -0.00924815 -0.0172199 -1.32905e-05 0.10728 0.210333 0.142212 -0.0130342
internal_weight=587660 116864 8567.77 1227.51 695.073 446.753 175.736 248.32 94.9179 470795 57776.7 5980.55 4667.95 1312.59 297.519 51796.2 300.157 183.449 145.184 413019 6808.54 81.3552 108297 12245.3 9644.61 4375.37 473.522 166.473 154.95 3901.85
internal_count=4504540 1032291 45134 6273 3160 2274 364 886 228 3472249 331207 13285 10965 2320 625 317922 2376 970 355 3141042 44735 303 987157 130079 105193 29582 5161 1709 1543 24421
cat_boundaries=0 1 2 3 4 5 6 7 8
cat_threshold=44 88 1 1 12 33 11 13
is_linear=0
shrinkage=0.08


Tree=117
num_leaves=31
num_cat=8
split_feature=18 18 34 38 11 23 3 12 32 3 19 34 41 36 3 3 32 17 18 18 38 19 41 34 4 7 7 5 32 32
split_gain=333.047 619.916 849.993 594.206 766.338 580.517 869.388 706.582 791.144 1363.44 584.588 515.968 636.52 597.865 474.71 757.455 431.549 558.685 406.43 492.267 510.464 515.911 505.885 662.949 565.235 535.471 943.886 534.29 1174.15 1219.51
threshold=1113.3250122070315 1148.2600097656252 0 1 24.500000000000004 1.0000000180025095e-35 86.384998321533217 728.27502441406261 -0.57499998807907093 146.86499786376956 1302.3250122070315 2 3 4 38.255001068115241 77.944999694824233 8.7349996566772479 8.5000000000000018 2433.075073242188 1610.4749755859377 5 5262.5449218750009 6 7 13.500000000000002 1031.039978027344 1132.5750122070315 4.5000000000000009 3.0249999761581425 -0.80500000715255726
decision_type=2 2 1 1 2 2 10 2 10 10 2 1 9 9 8 8 10 2 2 2 1 2 9 1 10 2 2 2 8 10
left_child=-1 2 3 5 -5 16 -7 -8 -9 -10 -11 12 -3 -13 -14 -16 -2 -18 19 20 -17 22 23 27 -24 -25 -27 -22 29 -29
right_child=1 11 -4 4 -6 6 7 8 9 10 -12 13 14 -15 15 18 17 -19 -20 -21 21 -23 24 25 -26 26 -28 28 -30 -31
leaf_value=-0.00055221361827483722 -0.028536241276749787 -0.00063213510292435332 -0.0015646823110021105 0.019440130981246046 0.47084580072725685 0.023424113975666412 0.083324036621919617 0.2075985175367672 0.88351016864145426 -0.036419086757680096 0.46533583765508757 0.0017818521896944169 -0.053981374386717851 -0.020913891104808412 0.066591638492387195 -0.016099208018757357 0.52708000820101664 -0.023154846390854744 0.02649914828445693 -0.018014885430234547 0.058075082116253361 0.23205482905783154 -0.0037098902700701893 -0.017155023510623715 0.32225879425296944 0.51136719865533009 0.013080480346679437 0.082291613875724395 -0.047505566396520316 0.43627881634451388
leaf_weight=477370.96978584805 195.12157222023234 18620.597720897524 1779.9530490818433 876.97904346534051 24.74872322124429 176.56470992835239 130.60263762064278 174.57730204239488 35.961634328588843 24.814489325508475 37.048894361592829 58919.796112906071 550.43280946277082 8489.8799110196996 2127.6254029446281 1623.7323205487337 22.696320180781186 24.622159369289875 11071.255339255324 3837.7528278154787 387.3274794574827 86.253624667413533 1613.9034422596451 603.36562849301845 34.778990561608225 35.911564018577337 75.440775463357568 109.34745178185403 93.614476271905005 144.72142509184778
leaf_count=3287988 1485 158832 16863 5272 65 609 612 394 69 198 62 850147 3513 53509 8906 9840 38 170 63881 25804 1832 276 11885 2810 108 59 252 477 528 288
internal_value=0.0003687 0.00429633 0.0374161 0.0772292 0.0314803 0.126433 0.171453 0.236308 0.309656 0.491786 0.264073 0.00322609 0.0102996 -0.00107923 0.019385 0.0212425 0.024025 0.240765 0.016349 0.00335198 0.0204056 0.0389462 0.0336962 0.067947 0.00314734 0.0124187 0.17378 0.121051 0.194689 0.283928
internal_weight=589300 111929 3503.69 1723.74 901.728 822.01 579.57 403.005 272.402 97.825 61.8634 108426 41016.1 67409.7 22395.5 21845 242.44 47.3185 19717.4 8646.15 4808.4 3184.66 3098.41 1449.73 1648.68 714.718 111.352 735.011 347.683 254.069
internal_count=4506772 1218784 25837 8974 5337 3637 1944 1335 723 329 260 1192947 289291 903656 130459 126946 1693 208 118040 54159 28355 18515 18239 6246 11993 3121 311 3125 1293 765
cat_boundaries=0 1 2 3 4 5 6 7 8
cat_threshold=11 30 6 50 225 401 1 4
is_linear=0
shrinkage=0.08


Tree=118
num_leaves=31
num_cat=17
split_feature=34 39 38 35 47 4 32 17 45 42 37 39 34 32 35 21 17 39 18 37 42 17 43 7 38 18 15 1 1 36
split_gain=282.323 763.542 391.09 873.648 682.117 1021.55 708.074 808.942 637.97 617.761 668.368 1190.06 574.836 648.37 942.061 861.804 1298.85 1363.94 1026.99 780.607 961.824 745.297 621.512 1057.63 1092.19 1499.04 2145.92 2222.19 1594.83 1102.28
threshold=0 1 2 3 4 31.500000000000004 9.1649999618530291 20.500000000000004 5 6 7 8 9 -1.6050000190734861 10 1.0000000180025095e-35 13.500000000000002 11 8063.7548828125009 12 13 4.5000000000000009 14 545.00003051757824 15 1679.0250244140627 1.0000000180025095e-35 1.0000000180025095e-35 3.5000000000000004 16
decision_type=1 9 1 1 1 8 10 2 9 9 1 9 1 8 1 2 2 9 2 1 9 2 9 2 1 2 2 2 2 9
left_child=2 -2 4 -4 5 6 8 -8 -1 10 -9 -12 22 14 -14 -16 17 -17 -19 20 21 -15 23 -10 25 26 28 -28 -25 -27
right_child=1 -3 3 -5 -6 -7 7 9 12 -11 11 -13 13 19 15 16 -18 18 -20 -21 -22 -23 -24 24 -26 29 27 -29 -30 -31
leaf_value=0.036874893234997534 0.010634629174605907 -0.0034013931639921002 0.011174320939406686 -0.002479623485806924 0.0023351608080638582 -0.02479501734780094 -0.051415162799577224 0.18154885082662334 0.016207183554560935 -0.064509181283069983 0.26022418221923355 -0.052456198675210189 -0.019822930753791285 0.36627036203334273 0.031423875387156797 0.85786784416088435 -0.014077395120121714 0.038773285286284029 0.7600716497511385 -0.023202572670514988 -0.076728765631200693 -0.088742649494597231 -0.0088040551149757805 0.18634000383736268 0.019180990698880566 0.25286689660856548 1.547683896151018 0.28916398353041706 1.1559212676241291 -0.08186283689485184
leaf_weight=3264.6341129320208 27207.680391980568 280783.13500839024 64110.575322249439 56346.219985839853 107852.50812226208 17154.429557881085 3163.0791612849571 229.81784159806557 3749.5187244855333 292.8814894114621 99.571397867053747 357.95517943543382 3130.0478833378293 108.49697223864496 3113.6568516163388 29.945590611547232 89.095219124341384 52.679628547281027 16.61875659879297 11136.281084518181 91.007225028937683 29.250014596618712 3481.9738769053947 225.81044022412971 481.82753419550136 92.144068446476012 17.344039600342512 18.618196247145534 11.405786971561609 156.85014049499296
leaf_count=21822 169372 2074691 471600 688973 304093 233174 63048 2399 58217 8108 805 5827 54522 843 52842 160 1649 815 60 208915 2331 762 66510 3338 4273 521 41 226 145 4634
internal_value=-0.00049172 -0.00216139 0.00135211 0.00478772 -0.0012599 -0.00892367 -0.000781936 -0.0317371 0.00359584 0.031762 0.0726651 0.0152588 -0.000591486 -0.00867754 0.0116149 0.0413504 0.207653 0.406708 0.211751 -0.0201697 0.123111 0.251399 0.016872 0.0356588 0.108658 0.187267 0.320261 0.896129 0.232959 0.0488768
internal_weight=586895 307991 278904 120457 158447 50594.9 33440.5 4143.31 29297.2 980.226 687.344 457.527 26032.6 17797.1 6432.04 3302 188.339 99.244 69.2984 11365 228.754 137.747 8235.49 4753.52 1004 522.173 273.178 35.9622 237.216 248.994
internal_count=4504716 2244063 2260653 1160573 1100080 795987 562813 80187 482626 17139 9031 6632 460804 322899 110048 55526 2684 1035 875 212851 3936 1605 137905 71395 13178 8905 3750 267 3483 5155
cat_boundaries=0 1 2 3 4 5 6 7 8 9 10 11 12 13 14 15 16 17
cat_threshold=44 1 326 32 4 8 17 1 2 8 8 1 64 19 9 260 73
is_linear=0
shrinkage=0.08


Tree=119
num_leaves=31
num_cat=9
split_feature=0 33 34 43 34 1 43 42 47 36 41 12 12 32 3 16 32 32 2 3 1 32 36 12 17 12 13 19 18 19
split_gain=299.303 298.009 291.517 291.486 273.046 566.895 588.762 541.126 531.886 639.54 560.962 384.039 1196.53 526.919 375.689 449.964 1025.14 486.852 640.259 608.938 871.452 428.397 365.349 359.661 1698.24 625.761 359.642 549.98 609.312 464.884
threshold=2.5000000000000004 1.5000000000000002 0 1 2 1.5000000000000002 3 4 5 6 7 96.000015258789077 86.274902343750014 86.460002899169936 371.28500366210943 1.5000000000000002 inf 8.2550001144409197 2.5000000000000004 346.78500366210943 2.5000000000000004 7.8350000381469735 8 179.9999923706055 5.5000000000000009 146.02500152587893 1075.0000610351565 2835.474975585938 13702.045410156252 683.90502929687511
decision_type=2 2 1 9 1 2 9 9 1 9 9 2 2 10 10 2 8 8 10 10 2 8 9 2 2 2 2 2 2 2
left_child=1 4 -2 -3 -1 -6 -7 8 -8 10 14 12 13 -9 15 17 -17 19 -19 21 -21 23 -12 24 -10 -26 27 28 29 -24
right_child=2 3 -4 -5 5 6 7 11 9 -11 22 -13 -14 -15 -16 16 -18 18 -20 20 -22 -23 26 -25 25 -27 -28 -29 -30 -31
leaf_value=0.0019605758131943465 -0.025821545262365037 -0.036981350468370401 0.0801602863668157 0.077156158732544014 -0.0022258156997419271 -0.041972517643898151 0.010428744433237561 0.0087601006110589325 0.020465787387719293 -0.089469904585341264 0.18220741341267441 -0.025790652245158967 0.47355741066499335 0.27649478119695786 -0.038675919233739454 -0.10138750421003864 0.80323911855197372 -0.073717318449792402 0.54785514552274595 0.036383131342877191 0.51644503912836803 0.52769408048359834 0.08413831842529447 -0.037525623763243261 0.36765879099555188 1.1516761801517603 -0.04870657259667157 0.45271753057495717 0.2944196789146209 -0.055903333894798533
leaf_weight=295225.69105871685 233.48549950867891 185.43804317084141 557.35273390449584 582.41757492092438 280363.92871367582 1042.9106039830949 3000.0166939636692 2486.235895073507 180.774543591775 177.16770049650222 238.85946435853839 2087.3596236925805 36.757813911885023 47.952500812709332 439.92773600015789 16.194569294340909 15.877354580909012 254.5875135390088 11.06706752348691 50.592651883140206 46.392305405810475 11.456469999626277 1517.4830768005922 226.86514620948583 15.122767692431809 11.447089358232914 136.93784279050305 25.769380253273994 81.259358374867588 168.56019378406927
leaf_count=2314606 2280 1345 3167 2505 2100089 16720 3416 11652 1245 1847 859 15511 161 94 4287 249 20 2980 40 584 162 53 11714 2969 171 62 2466 201 307 2594
internal_value=0.0003751 0.000309029 0.0495575 0.050115 0.000243979 -0.0014875 0.0153028 0.020615 0.0352947 0.0559633 0.0635087 -0.000297568 0.0203992 0.0138262 0.0210551 0.0525741 0.346452 0.0409137 -0.0478228 0.0843546 0.266019 0.0448212 0.0883579 0.0320808 0.10824 0.705437 0.0758637 0.0858002 0.0804501 0.0701378
internal_weight=589476 588685 790.838 767.856 587917 292692 12327.6 11284.7 6626.36 3626.34 3449.17 4658.31 2570.95 2534.19 1280.31 840.377 32.0719 808.306 265.655 542.651 96.985 445.666 2168.87 434.21 207.344 26.5699 1930.01 1793.07 1767.3 1686.04
internal_count=4504356 4498909 5447 3850 4495059 2180453 80364 63644 36226 32810 30963 27418 11907 11746 12822 8535 269 8266 3020 5246 746 4500 18141 4447 1478 233 17282 14816 14615 14308
cat_boundaries=0 1 2 3 4 5 6 7 8 9
cat_threshold=6 40 28 35 49 2 216 3 80
is_linear=0
shrinkage=0.08


Tree=120
num_leaves=31
num_cat=9
split_feature=19 18 27 17 32 46 43 11 18 48 19 18 18 7 40 41 42 19 23 42 18 18 11 18 45 45 22 14 7 23
split_gain=369.863 406.666 824.553 651.392 382.826 495.877 417.592 410.916 378.895 437.646 432.973 648.366 1990.11 671.38 378.863 437.541 348.092 346.374 335.6 456.274 357.627 699.169 328.269 320.567 315.872 274.267 268.119 407.291 343.974 360.956
threshold=3175.3798828125005 2009.8350830078127 7.5000000000000009 145.50000000000003 -16.345000267028805 0 1 12.500000000000002 315.02499389648443 2 2995.099975585938 1273.9000244140627 1193.049987792969 873.92016601562511 3 4 5 112.53499984741212 10.500000000000002 6 402.02499389648443 366.05000305175787 32.500000000000007 1.0000000180025095e-35 7 8 1.0000000180025095e-35 5.5000000000000009 -1.0000000180025095e-35 1.0000000180025095e-35
decision_type=2 2 10 2 8 1 9 2 2 9 2 2 2 2 1 9 9 2 2 9 2 2 2 2 9 9 2 2 2 2
left_child=1 4 14 -4 5 22 23 -8 9 -6 18 12 -12 -14 17 26 -11 -3 -10 -20 21 -21 24 -7 -1 -25 27 -16 -28 -30
right_child=-2 2 3 -5 8 6 7 -9 10 16 11 -13 13 -15 15 -17 -18 -19 19 20 -22 -23 -24 25 -26 -27 28 -29 29 -31
leaf_value=-0.025607595995442087 -0.011249639973278361 -0.061355120549556406 -0.065862885513935904 0.2521555204976143 0.00082622680609601253 -0.060926280759065907 -0.11579619346586623 0.10965744489271227 -0.0043077631633589237 -0.070777253429960912 0.0056067137726164128 -0.027128613654649525 0.66392796338620752 0.23185119790788031 0.006030353972981301 -0.018907607751145531 0.071212124004616462 0.036625263140366723 0.26363728200756925 0.00077517115615117246 -0.032769479929906267 0.57187687714065916 0.24188483483830669 -0.074318190838207052 0.025956469422763161 0.054785368907669926 0.4206366553280273 -0.042826028318530274 0.0073310315990832639 0.031587291243268513
leaf_weight=833.13935334212147 17348.609817713965 244.66870388574898 1276.5431252652779 42.596443754853681 356036.48396384786 348.83470307756215 431.24544312572107 58.792850772850215 144728.96233083669 120.05032779974863 196.90257391612977 247.74182768026367 47.823063247371465 44.369662910001352 30810.513183788396 3998.4038597485051 872.03757875971496 4106.9498549005948 57.803698058240116 41.168428390752524 175.43441618909128 20.576550524216145 43.325847913976759 119.59023582562804 8092.7991412372794 589.70658910647035 13.487880432978271 1132.1792587885866 10416.544561588438 6301.5977651099674
leaf_count=5174 249724 2427 24868 60 2235827 868 1346 36 1337689 760 1825 3858 209 166 372574 20333 3528 20331 100 269 1413 149 60 301 28008 693 28 13640 120452 58454
internal_value=0.00025793 0.000607287 0.00693618 -0.0555937 -0.000112347 0.0149933 -0.0268178 -0.0869724 -0.000428455 0.000974079 -0.00386856 0.0678443 0.149232 0.455982 0.00838268 0.00650327 0.0540347 0.031045 -0.00413402 0.0811092 0.0244772 0.191095 0.0222102 0.00184531 0.0211439 0.0327426 0.00859413 0.00429868 0.0167998 0.016474
internal_weight=588799 571450 58343.5 1319.14 513107 10517.4 1548.17 490.038 502589 357029 145561 536.837 289.095 92.1927 57024.3 52672.7 992.088 4351.62 145024 294.983 237.179 61.745 8969.26 1058.13 8925.94 709.297 48674.3 31942.7 16731.6 16718.1
internal_count=4505170 4255446 633167 24928 3622279 36486 3244 1382 3585793 2240115 1345678 6058 2200 375 608239 585481 4288 22758 1339620 1931 1831 418 33242 1862 33182 994 565148 386214 178934 178906
cat_boundaries=0 1 2 3 4 5 6 7 8 9
cat_threshold=1 14 1 4 38 16 1 32 8
is_linear=0
shrinkage=0.08


Tree=121
num_leaves=31
num_cat=13
split_feature=7 47 18 38 43 48 35 3 38 38 38 4 1 49 19 0 32 38 4 32 31 38 11 18 7 18 43 47 1 3
split_gain=310.661 484.792 724.735 693.66 433.034 234.936 350.451 397.405 380.508 279.077 274.543 221.286 256.616 362.783 336.122 216.043 213.415 406.725 230.697 208.568 214.132 207.195 200.925 190.151 303.917 234.798 194.747 158.024 182.238 345.471
threshold=2848.420043945313 0 874.42501831054699 1 2 3 4 189.56500244140628 5 6 7 27.500000000000004 1.5000000000000002 8 1.0000000180025095e-35 4.5000000000000009 -9.8350000381469709 9 25.500000000000004 0.6850000023841859 1.0000000180025095e-35 10 6.5000000000000009 214.27500152587893 160.00000762939456 1073.2750244140627 11 12 1.0000000180025095e-35 303.88000488281256
decision_type=2 1 2 1 9 9 1 10 1 1 1 8 2 9 2 2 10 1 10 8 8 1 2 2 2 2 9 1 2 10
left_child=5 2 3 4 -2 15 8 10 -7 -9 -8 12 13 -11 -14 -1 17 18 22 -12 -21 -3 -4 24 -10 -25 -27 28 -23 -30
right_child=1 21 16 -5 -6 6 7 9 23 11 19 -13 14 -15 -16 -17 -18 -19 -20 20 -22 27 -24 25 -26 26 -28 -29 29 -31
leaf_value=-0.00029781599596040111 0.3166788277836548 0.016835131691210252 0.11677233700314001 -0.081110118279324794 -0.06730110287043338 -0.095914138619551503 -0.026656840869854027 -0.10830375849370867 0.11882407932873333 0.10527387810922637 0.1550349178651671 0.10009519407601811 0.19185728090376036 -0.10453383212831083 -0.021618950913027023 0.17531851712912036 -0.085684287773978018 -0.090586381668378346 0.25034267718132008 -0.11262679868399855 0.073572340674227035 -0.085271873048683583 -0.095382649980048695 -0.098664844321727563 0.36341491246940594 -0.068909286018971269 0.1443427432806281 -0.0079743728460654265 0.20100402970768158 -0.12826639221895159
leaf_weight=579038.89772350853 77.106633124640211 1783.6300506372936 67.471913006156683 79.999354795349063 26.137572472449392 56.153428048826754 198.33728201314807 196.1581037286669 115.97771759610623 64.925213729962707 178.7555344812572 113.55856404546648 68.841202234849334 281.15884263720363 150.18343776417896 44.835617704316974 1268.1375603595225 191.95348398247734 39.591344619169831 45.861659843474627 286.22169538447633 379.56143020186573 49.551545583526604 41.372147554997355 45.177842219360173 30.608774454332888 150.85503371618688 1407.4176713875495 43.412463907152414 38.460087835788727
leaf_count=4421373 278 4334 352 1702 552 381 1091 1985 432 83 324 275 174 2970 1310 26 47127 7435 75 344 658 6230 1011 769 76 1156 635 1934 74 357
internal_value=-0.000367456 -0.0193743 -0.0533554 0.097427 0.222111 -0.000189118 0.0270182 0.0090945 0.0892871 -0.0269263 0.0536573 -0.00178336 -0.0222874 -0.065174 0.0454783 -0.000284219 -0.0704456 -0.0150052 0.0784078 0.0837228 0.0478577 -0.00262842 0.026939 0.118117 0.187392 0.0733183 0.112529 -0.0211812 -0.0619221 0.0463274
internal_weight=586560 5452.43 1799.95 183.244 103.244 581108 2024.15 1584 440.145 874.825 709.176 678.667 565.109 346.084 219.025 579084 1616.71 348.568 156.615 510.839 332.083 3652.48 117.023 383.992 161.156 222.836 181.464 1868.85 461.434 81.8726
internal_count=4505523 71461 58532 2532 830 4434062 12663 9214 3449 6797 2417 4812 4537 3053 1484 4421399 56000 8873 1438 1326 1002 12929 1363 3068 508 2560 1791 8595 6661 431
cat_boundaries=0 1 2 3 4 5 6 7 8 9 10 11 12 13
cat_threshold=4 260 9 1 1 531 15 360 2 88 328 33 1
is_linear=0
shrinkage=0.08


Tree=122
num_leaves=31
num_cat=11
split_feature=38 47 32 38 40 45 3 11 34 5 32 3 3 45 34 3 6 34 3 13 4 38 45 32 14 4 10 1 16 11
split_gain=225.499 362.165 1076.67 849.255 876.276 747.517 650.966 592.884 920.186 710.81 561.221 534.549 517.412 817.599 685.565 764.986 595.814 559.468 493.368 491.712 563.582 838.195 810.457 678.703 765.107 567.008 490.167 574.219 487.841 510.567
threshold=0 1 -1.6050000190734861 2 3 4 579.25500488281261 31.500000000000004 5 8.5000000000000018 -4.7149999141693106 1.0000000180025095e-35 477.54499816894537 6 7 346.78500366210943 354.02496337890631 8 9.4849996566772479 586.55001831054699 10.500000000000002 9 10 -1.6050000190734861 2.5000000000000004 11.500000000000002 1.5000000000000002 1.0000000180025095e-35 3.5000000000000004 21.500000000000004
decision_type=1 1 10 1 1 9 10 2 1 2 10 10 10 9 1 8 2 1 10 2 10 1 9 8 2 10 2 2 2 2
left_child=-1 10 3 12 11 -6 7 9 -9 -7 -2 -5 14 -14 -3 18 17 -15 -16 20 -17 22 23 24 -22 -25 -8 -28 -20 -30
right_child=1 2 -4 4 5 6 26 8 -10 -11 -12 -13 13 16 15 19 -18 -19 28 -21 21 -23 -24 25 -26 -27 27 -29 29 -31
leaf_value=0.0028244813798621667 -0.00421653480760718 -0.031564552940759182 -0.0082674555729836223 0.1380436501018121 -0.067215301131872171 0.019706617114736081 -0.024698057042032897 0.19839025012891409 -0.039498533587390465 -0.028977053432060616 0.0041150529573512227 -0.029993366928306894 0.029308580222359465 -0.057362613645564338 0.049230880980773079 -0.023255236327640042 -0.049731205897267289 0.025638427022180055 -0.00045737876689317693 -0.060605359596847923 -0.093710975134937105 -0.024845820249996306 -0.081651094953000811 0.77885713838684001 0.40728989923811787 0.27892216643591261 0.2823094622270082 -0.034154760498518844 -0.097676004925458151 0.52417257003187889
leaf_weight=126764.92852479639 78726.523883107817 6552.1270367810503 124505.20181638651 124.98951992113143 704.75592820509337 36936.029676107661 3256.643616927322 269.06767067546025 166.79422245058231 2024.6163491543848 150970.96074142773 3954.0097543525044 6741.4728237268864 651.57390082930215 1356.1160920625553 5441.8014084456954 1832.1284286584705 2418.2768497902434 29925.914899234194 1945.2713154919911 64.494831160642207 404.77730329241604 73.233640180900693 16.332785038277507 27.968578713014722 130.75623853318393 73.704643584089354 73.078430339694023 13.437228685710577 22.767991812899709
leaf_count=462095 106810 145542 2065856 20 9870 369617 53623 1007 1806 24092 179689 40493 228446 26089 8034 111446 94283 84739 428018 53899 1229 4268 1371 45 19 1024 478 771 221 92
internal_value=-0.000162485 -0.000986727 -0.00323289 0.00272546 0.0106336 0.0139593 0.0153113 0.0182148 0.111001 0.0171767 0.00125948 -0.0247836 -0.00380663 0.0112569 -0.00762241 -0.00363426 -0.0136007 0.00791817 0.00203387 -0.0255418 -0.0144679 0.0521732 0.147909 0.218548 0.0578331 0.334435 -0.0182526 0.124752 -0.000102316 0.293379
internal_weight=586170 459405 229707 105202 47583.7 43504.7 42799.9 39396.5 435.862 38960.6 229697 4079 57618.5 11643.5 45975 39422.9 4901.98 3069.85 31318.2 8104.64 6159.36 717.563 312.786 239.552 92.4634 147.089 3403.43 146.783 29962.1 36.2052
internal_count=4504992 4042897 3756398 1690542 501777 461264 451394 396522 2813 393709 286499 40513 1188765 433557 755208 609666 205111 110828 436365 173301 119402 7956 3688 2317 1248 1069 54872 1249 428331 313
cat_boundaries=0 1 2 3 4 5 6 7 8 9 10 11
cat_threshold=515 2 60 8 2 10 14 64 16 12 9
is_linear=0
shrinkage=0.08


Tree=123
num_leaves=31
num_cat=6
split_feature=1 18 35 23 4 47 6 32 17 13 47 41 32 18 17 18 4 17 17 37 32 11 18 2 13 20 17 43 13 32
split_gain=198.416 443.218 425.131 836.438 760.714 914.652 527.751 500.737 447.71 354.838 350.345 524.288 1110.64 1071.8 2736.79 2929.12 1123.68 897.194 789.185 891.413 2338.03 409.446 381.054 353.815 363.873 906.837 533.628 788.691 850.304 911.012
threshold=2.5000000000000004 204.05000305175784 0 3.5000000000000004 30.500000000000004 1 197.95000457763675 6.4549999237060556 1.5000000000000002 18.75000095367432 2 3 21.054999351501468 2433.075073242188 12.500000000000002 903.82498168945324 40.500000000000007 29.500000000000004 11.500000000000002 4 -6.1849999427795401 8.5000000000000018 2320.825073242188 2.5000000000000004 750.00003051757824 1.0000000180025095e-35 7.5000000000000009 5 1321.0999755859377 3.7150000333786015
decision_type=2 2 1 2 8 1 2 8 2 2 1 9 10 2 2 2 8 2 2 1 8 2 2 8 2 2 2 9 2 10
left_child=-1 2 3 9 5 7 -4 8 -5 -2 11 18 -13 14 21 -16 17 22 19 20 -3 -14 -17 24 -21 26 27 28 29 -26
right_child=1 10 6 4 -6 -7 -8 -9 -10 -11 -12 12 13 -15 15 16 -18 -19 -20 23 -22 -23 -24 -25 25 -27 -28 -29 -30 -31
leaf_value=0.00014189334321797146 0.042116828935585431 1.6186889380749838 0.0075933770276295446 0.30627914912264453 0.031238223087667719 -0.056591850301180122 0.14812009649036048 0.12005821133272829 0.68645676385187626 -0.047216062011261287 0.0092599467648170428 -0.040190097163494531 -0.10455353621814302 -0.097202166999303632 1.8360993809503101 -0.097678411659425438 1.0983696244380519 1.1657100153313271 -0.027149001477547507 0.019031832534511333 0.17252879252316652 0.1981946366691047 0.42911585962919296 -0.10041625069806877 0.33653575729230378 -0.091403628130492312 0.036304351864730508 -0.079970974323693808 0.13105980940961692 0.92450982817678462
leaf_weight=552779.381646864 2426.1734761679545 8.3136190799996239 9726.9235773109831 35.103281979449093 116.41357640177011 33.586282541044056 174.09869930846617 26.483950478024781 45.54747871030122 322.3813713430427 10411.714600087143 4537.917526295525 77.278876286465675 94.641205278225243 11.004343499429522 25.194847523234785 11.923665685579179 5.6448452682234338 2292.6446210581344 1777.8987964892294 51.329170339042321 45.377871626522392 13.49483649432659 127.09073674189858 86.469861041288823 130.02529396349564 162.24251612275839 48.017049561720341 104.97799199167639 20.951414907351136
leaf_count=4221945 9084 61 60476 222 488 96 628 74 140 2171 14570 78533 1556 2598 129 670 32 118 60335 36297 754 184 35 2626 914 3310 3546 1059 974 302
internal_value=0.000501383 0.00653214 0.0180946 0.0443993 0.182524 0.307678 0.0100542 0.421874 0.520984 0.0316389 -0.000913108 -0.0119092 -0.0305129 0.122738 0.232339 0.642434 0.408948 0.22353 0.0067923 0.0377313 0.320391 0.00745064 0.0860657 0.0294483 0.0366564 0.0933518 0.150189 0.221141 0.279805 0.451214
internal_weight=585730 32950.9 12906.7 3005.69 257.135 140.721 9901.02 107.135 80.6508 2748.55 20044.2 9632.44 4822.48 284.56 189.919 67.2625 56.2582 44.3345 4809.96 2517.32 59.6428 122.657 38.6897 2457.67 2330.58 552.684 422.659 260.416 212.399 107.421
internal_count=4503927 281982 73379 12275 1020 532 61104 436 362 11255 208603 194033 83855 5322 2724 984 855 823 110178 49843 815 1740 705 49028 46402 10105 6795 3249 2190 1216
cat_boundaries=0 1 2 3 4 5 6
cat_threshold=48 4 4 50 16 5
is_linear=0
shrinkage=0.08


Tree=124
num_leaves=31
num_cat=9
split_feature=37 47 7 35 4 18 36 19 32 11 5 19 19 38 12 12 4 39 3 32 3 18 32 47 19 38 17 3 3 37
split_gain=289.264 644.788 680.854 576.254 532.318 431.461 397.288 564.903 530.253 683.841 388.41 376.033 473.371 366.301 337.73 1502.91 311.693 713.731 310.253 265.672 252.646 251.309 272.598 231.914 732.536 499.981 1206.35 619.057 605.697 716.087
threshold=0 1 60.000003814697273 2 42.500000000000007 42.024999618530281 3 190.0199890136719 1.5850000381469729 28.500000000000004 4.5000000000000009 60.004999160766609 112.53499984741212 4 940.82498168945324 613.94998168945324 46.500000000000007 5 595.94500732421886 -2.1550000905990596 75.165000915527358 214.27500152587893 1.825000047683716 6 3175.3798828125005 7 9.5000000000000018 200.24500274658206 9.9849996566772479 8
decision_type=1 1 2 1 8 2 9 2 10 2 2 2 2 1 2 2 10 9 10 10 10 2 10 1 2 1 2 10 8 1
left_child=1 2 3 11 6 -5 8 -8 9 -4 -9 -1 20 14 15 21 -3 -18 -19 -14 -13 -10 -23 -2 25 -25 28 -28 29 -27
right_child=23 16 4 5 -6 -7 7 10 13 -11 -12 12 19 -15 -16 -17 17 18 -20 -21 -22 22 -24 24 -26 26 27 -29 -30 -31
leaf_value=-0.084156372464865681 0.00049808016672441089 0.0019659474331754729 0.04790669770548571 0.13016231229369218 -0.10552421556301417 -0.06663751371796614 0.15588724247237534 -0.10367912898205449 0.27996071481699542 0.39704632205607676 0.052283758044361257 0.39774512676843715 0.071108646358926289 0.0043905410620933135 0.13349548381438836 0.73955237385191031 0.4879336928660038 -0.043980372537681237 0.27724171993259605 -0.095272831157811294 0.083108329443729811 0.29573617664649166 -0.10029323326236661 -0.0054169715286413057 -0.026122201703061908 0.025549969196798302 0.036017625375567699 0.0074212416182141165 -0.00049989228403596818 -0.04666634218804612
leaf_weight=476.9699693005532 281084.29644093243 16265.218348890659 401.09114904422313 288.22472479194403 91.325697381049395 94.730276765301824 204.67199663072824 161.52443820610642 73.607247557491064 39.433348012156785 278.22318837419152 28.525508657097816 109.42075309343636 55.172250903211534 84.478683202527463 42.551267601549625 27.474032063037157 82.397074210457504 25.107249716762453 140.01467821188271 38.214232638478279 17.541215904057026 30.404568467289209 138880.2686154691 8326.2902356983977 1150.3887072037905 8472.7901687647682 11315.293912418652 111969.20105878031 3667.8714442160563
leaf_count=3977 354659 111729 2014 367 642 498 403 1186 94 74 1051 12 374 539 213 83 20 489 139 1420 216 7 298 2809735 229985 5755 49009 92667 823147 17980
internal_value=-0.000803555 0.00888811 0.0454589 2.2374e-05 0.081565 0.0794071 0.0938686 0.0453923 0.133438 0.0791598 -0.00500323 -0.0388188 0.0283481 0.216549 0.253272 0.330364 0.00297063 0.124038 0.0310399 -0.0222857 0.217589 0.187123 0.0445962 -0.00113065 -0.00274394 -0.00203727 0.00139975 0.0196655 -0.00169502 -0.0294681
internal_weight=583923 19056.3 2656.13 1176.1 1480.03 382.955 1388.7 644.42 744.28 440.524 439.748 793.145 316.175 303.755 248.583 164.104 16400.2 134.978 107.504 249.435 66.7397 121.553 47.9458 564866 283782 275456 136576 19788.1 116787 4818.26
internal_count=4508782 125845 13468 6864 6604 865 5962 2640 3322 2088 2237 5999 2022 1234 695 482 112377 648 628 1794 228 399 305 4382937 4028278 3798293 988558 141676 846882 23735
cat_boundaries=0 1 2 3 4 5 6 7 8 9
cat_threshold=66 1 32 192 344 2 2 300 12
is_linear=0
shrinkage=0.08


Tree=125
num_leaves=31
num_cat=13
split_feature=36 6 38 47 35 7 41 34 17 11 6 38 4 11 6 3 17 1 4 42 38 47 34 2 41 47 19 4 7 19
split_gain=210.325 256.401 301.418 468.93 374.426 362.596 449.615 446.658 529.289 474.788 589.083 621.026 575.238 496.657 646.781 321.442 611.111 444.476 319.726 530.897 947.54 464.163 349.399 337.429 306.622 566.379 299.279 292.574 284.07 290.025
threshold=0 44.099975585937507 1 2 3 2848.420043945313 4 5 5.5000000000000009 2.5000000000000004 74.049987792968764 6 25.500000000000004 3.5000000000000004 389.02499389648443 754.16497802734386 1.5000000000000002 2.5000000000000004 1.5000000000000002 7 8 9 10 1.0000000180025095e-35 11 12 190.0199890136719 9.5000000000000018 116.21005249023439 277.25500488281256
decision_type=9 2 1 1 1 2 9 1 2 2 2 1 10 2 2 10 2 2 8 9 1 1 1 8 9 1 2 10 2 2
left_child=1 -1 4 -4 24 7 -7 8 9 12 -11 13 -5 14 26 18 -17 -18 -6 -20 -21 23 -23 28 25 -3 -12 -24 -22 -30
right_child=-2 2 3 5 15 6 -8 -9 -10 10 11 -13 -14 -15 -16 16 17 -19 19 20 21 22 27 -25 -26 -27 -28 -29 29 -31
leaf_value=0.00052021158804370219 0.0006222551573852801 0.29271426117488031 -0.0064583283860457823 -0.094820968564338873 -0.028269470443437864 0.17801960204618061 -0.081158125572446477 -0.075574636061804187 -0.056200117231459804 0.45315276431220186 0.28530671271509334 -0.034955480654552729 0.14588123116450472 0.054934412094451511 0.60523351846300277 0.40579103064197725 -0.0078745881345374507 0.26799167332029405 -0.021008049487085227 0.25485697147121 -0.031664024292219796 0.15877045023830125 -0.050783820672795812 -0.11110254079759659 0.0173792978363452 0.012130335175724214 -0.095326258697380317 0.031884474040933052 0.25713517770180566 0.096029231687378161
leaf_weight=20082.805011658929 547344.58836537017 91.43932276032865 4928.6268556453288 276.82412228873 3268.3664461267181 92.686236991547048 67.926811581943184 1910.0638129869476 1126.1311867865734 26.060101434588432 37.207877594977617 215.52073958562687 82.474304765462875 114.13590159360319 30.558673460036516 31.736162226647139 237.66781685175374 44.355237873271108 2174.0737627623603 110.35621617734432 74.687374360859394 68.345815550535917 652.43145362054929 48.956832878291607 364.45549173373729 92.741030105389655 20.506573632359505 472.3638329366222 98.10714989900589 263.83018456399441
leaf_count=92489 4319723 440 6600 3996 17767 482 1214 24171 16339 197 144 2842 315 614 119 72 1005 105 9545 327 336 113 2888 308 1174 109 213 1278 153 493
internal_value=0.00022708 -0.00560083 -0.0128255 -0.0229493 -0.00162729 -0.0433255 0.0744383 -0.0482518 -0.0207041 0.0288 0.084128 0.0611174 -0.0395696 0.157366 0.307636 -0.00629835 0.0729653 0.0355123 -0.00974613 0.00552986 0.0376853 0.0219842 -0.00472106 0.0880554 0.0615756 0.143632 0.150064 -0.0159252 0.110386 0.139699
internal_weight=584450 37105.4 17022.6 8928.72 8093.91 4000.1 160.613 3839.48 1929.42 803.288 443.99 417.93 359.298 202.409 88.2731 7545.28 313.759 282.023 7231.52 3963.15 1789.08 1678.72 1193.14 485.582 548.636 184.18 57.7145 1124.8 436.625 361.937
internal_count=4505571 185848 93359 57246 36113 50646 1696 48950 24779 8440 4129 3932 4311 1090 476 34390 1182 1110 33208 15441 5896 5569 4279 1290 1723 549 357 4166 982 646
cat_boundaries=0 1 2 3 4 5 6 7 8 9 10 11 12 13
cat_threshold=56 542 2 16 33 56 192 41 4 1 1 33 4
is_linear=0
shrinkage=0.08


Tree=126
num_leaves=31
num_cat=8
split_feature=22 34 13 38 3 19 32 35 38 12 18 19 11 38 6 7 5 18 35 37 7 32 18 12 11 11 34 19 4 4
split_gain=250.264 388.092 474.529 1156.25 450.893 386.681 566.603 608.971 565.39 513.181 586.043 688.455 544.063 520.892 749.176 637.131 611.584 506.303 721.216 778.207 581.571 669.863 482.829 746.71 570.107 784.563 455.751 526.085 446.56 474.111
threshold=1.0000000180025095e-35 0 149.07501220703128 1 807.77999877929699 1111.5250244140627 26.445000648498539 2 3 613.94998168945324 661.98001098632824 500.00500488281256 2.5000000000000004 4 354.02496337890631 249.72509765625003 3.5000000000000004 642.82501220703136 5 6 180.00000762939456 -2.6550000905990596 3905.0500488281255 3487.450317382813 17.500000000000004 19.500000000000004 7 1896.549987792969 31.500000000000004 9.5000000000000018
decision_type=2 1 2 1 10 2 10 1 1 2 2 2 2 1 2 2 2 2 1 1 2 10 2 2 2 2 1 2 10 10
left_child=5 2 3 -2 -5 9 7 -7 22 -1 11 12 -11 14 -14 17 -16 -15 19 20 21 -19 23 24 26 -26 27 -8 29 -12
right_child=1 -3 -4 4 -6 6 8 -9 -10 10 28 -13 13 15 16 -17 -18 18 -20 -21 -22 -23 -24 -25 25 -27 -28 -29 -30 -31
leaf_value=-0.0010214248577378755 0.1683972202200324 -0.0045510278192222031 0.0042408652887318743 0.016307994272862576 0.17939150049385813 -0.0054501634287940472 -0.13268284348562759 -0.032170437852685127 -0.0097487428204785648 -0.018878605186661498 0.0046495356289189072 -0.026550187075264752 -0.091132432101019775 0.04241040031416226 0.3860604896394399 -0.037372191379313774 0.14355361777740486 0.21680300059342386 0.05478391520077177 -0.0097659598421976617 0.12894117067832064 0.62568731938642941 0.0054330912942924456 0.608556962739638 0.52312524720416864 -0.012359007397033668 -0.00043047037038990323 0.23422910702342478 -0.040681799247560831 0.038818850612722125
leaf_weight=413398.74071843998 329.07593201287091 24205.02526652551 50862.132259139267 9891.1953176185489 109.70420309482142 24227.724838719005 29.830085100838915 7041.7056454256526 862.35587582341395 401.48825194942765 46084.538716794341 694.42707895883359 56.530587221030146 601.65304392273538 101.31731121661142 321.71858873567544 193.98883316712454 40.612418954260647 258.83040773193352 57.435429392382503 43.301321137696505 69.568539905361831 315.79067595372908 20.134289206936955 45.414070935919881 28.500678244046867 239.54261335334741 154.77615801943466 1314.121388375992 2754.2103058600333
leaf_count=2779513 392 264958 442736 72978 594 274230 503 163162 6260 2944 443612 6822 650 4412 330 3143 920 102 1789 507 102 255 4956 77 240 640 4268 305 9100 15050
internal_value=2.1248e-05 0.00402333 0.00741452 0.023048 0.0180789 -0.000663164 -0.00903662 -0.0114795 0.0359932 -7.13074e-05 0.00734046 0.0426884 0.0650888 0.0844084 0.170825 0.0609202 0.226756 0.0910039 0.153243 0.259182 0.354267 0.474974 0.0824197 0.130926 0.111618 0.316649 0.0758878 0.165951 0.0053382 0.00657648
internal_weight=584755 85397.1 61192.1 10330 10000.9 499358 32965.8 31269.4 1696.34 466392 52993.7 2840.87 2146.44 1744.96 351.837 1393.12 295.306 1071.4 469.748 210.918 153.482 110.181 833.989 518.198 498.064 73.9147 424.149 184.606 50152.9 48838.7
internal_count=4505550 781658 516700 73964 73572 3723892 454641 437392 17249 3269251 489738 21976 15154 12210 1900 10310 1250 7167 2755 966 459 357 10989 6033 5956 880 5076 808 467762 458662
cat_boundaries=0 1 2 3 4 5 6 7 8
cat_threshold=54 128 40 104 11 32 38 6
is_linear=0
shrinkage=0.08


Tree=127
num_leaves=31
num_cat=7
split_feature=12 34 18 3 5 12 12 18 19 19 26 5 3 32 47 7 41 32 34 7 11 3 19 47 43 33 35 32 21 3
split_gain=233.74 504.117 462.925 493.733 480.899 448.601 485.675 699.592 835.332 5436.53 781.885 664.668 381.034 373.982 379.163 544.569 436.342 437.047 348.605 527.648 390.412 383.95 324.87 454.846 442.487 473.825 541.904 1983.7 470.801 415.091
threshold=686.54998779296886 0 704.42501831054699 44.149999618530281 10.500000000000002 511.52499389648443 486.04998779296881 2320.825073242188 761.77499389648449 647.47500610351574 9.5000000000000018 1.5000000000000002 174.82500457763675 -5.8450000286102286 1 42.50000190734864 2 -77.079998016357408 3 44.000007629394538 10.500000000000002 441.44999694824224 3175.3798828125005 4 5 1.0000000180025095e-35 6 -4.4949998855590811 2.5000000000000004 77.944999694824233
decision_type=2 1 2 8 2 2 2 2 2 2 10 2 8 8 1 2 9 10 1 2 2 10 2 1 9 2 1 8 2 8
left_child=5 2 3 -2 -5 6 -1 10 9 -9 -8 -12 -10 14 15 -3 -17 -18 20 -20 21 -19 -15 -24 -25 26 27 -26 -28 -29
right_child=1 13 -4 4 -6 -7 7 8 12 -11 11 -13 -14 22 -16 16 17 18 19 -21 -22 -23 23 24 25 -27 28 29 -30 -31
leaf_value=-0.00047143297104060045 0.71976697264365941 -0.093767265229893482 -0.014074282279591319 0.038579853323207208 0.5517600330462864 -0.011091125847082453 0.012632802931688279 -0.0035415662607435078 0.3494537319306224 2.1864638339046234 0.4130894673027185 -0.16471546362353984 0.054951315613408068 0.0085030766749551786 0.0031356341318504915 -0.038408642137673692 -0.068740131168856272 -0.097840162052785659 0.48430968863025348 -0.051114695189312151 0.10102086993708331 0.10523462067398512 0.010471282284114179 -0.048638693144030638 0.79424228125791008 0.092173119020209443 -0.027917461430382026 0.27018621822712674 0.18138530105154388 -0.022090650153315048
leaf_weight=441253.11449612159 8.7722250502556545 669.736522094463 11635.535259886703 102.29247906827368 13.194174875505267 25549.689468627912 4572.8262907192111 33.806853800546378 31.675473763141781 9.2366542220115644 54.965387061238289 16.586478027747944 250.26571215782315 80231.438276873203 6514.9447138039395 2122.9584060212364 297.07987054437399 150.94487895071507 12.234541235957293 316.73302122810856 613.90295811695978 98.448543642181903 5439.3432007860392 2323.8596790274605 23.997518992517143 302.85739381436724 2759.4531236694893 37.537061974406242 70.539031230146065 181.29429563879967
leaf_count=3001031 57 16549 215122 1245 101 249352 41871 452 137 110 148 438 2178 727654 16270 60115 2668 2247 19 5648 4843 585 6098 87300 85 2228 57308 121 166 2325
internal_value=3.71243e-06 0.00325587 -0.0124234 0.14116 0.0972099 -0.000781643 -0.000191345 0.0246789 0.138152 0.466409 0.0167388 0.279148 0.088038 0.00506133 -0.00901844 -0.0275103 -0.015226 0.0179565 0.0397096 -0.0302814 0.065967 -0.017676 0.00672565 -0.00607682 -0.0218695 -0.00328736 -0.0127066 0.09966 -0.0226205 0.0280448
internal_weight=585699 113927 11759.8 124.259 115.487 471772 446222 4969.36 324.985 43.0435 4644.38 71.5519 281.941 102167 10797 4282.04 3612.3 1489.34 1192.26 328.968 863.296 249.393 91370.3 11138.9 5699.54 3375.68 3072.82 242.829 2829.99 218.831
internal_count=4504471 1208754 216525 1403 1346 3295717 3046365 45334 2877 562 42457 586 2315 992229 108944 92674 76125 16010 13342 5667 7675 2832 883285 155631 149533 62233 60005 2531 57474 2446
cat_boundaries=0 1 2 3 4 5 6 7
cat_threshold=32 4 52 22 2 5 16
is_linear=0
shrinkage=0.08


Tree=128
num_leaves=31
num_cat=5
split_feature=47 0 3 42 32 23 3 34 3 24 3 32 13 13 19 18 18 17 19 18 34 13 18 19 32 19 32 34 3 6
split_gain=325.676 757.405 723.232 788.068 831.916 1509.09 1278.07 719.51 697.224 1064.74 1042.06 847.042 994.75 772.446 1462.87 766.142 1272.2 863.262 675.771 728.581 1485.15 3328.6 1454.84 1414.78 1612.28 905.532 682.783 667.366 666.637 979.184
threshold=0 1.5000000000000002 602.17498779296886 1 4.3350000381469735 4.5000000000000009 48.914999008178718 2 306.52499389648443 6.5000000000000009 371.28500366210943 -1.314999997615814 500.00001525878912 179.20000457763675 190.0199890136719 4722.7250976562509 1.0000000180025095e-35 6.5000000000000009 12.550000190734865 345.42500305175787 3 121.77499389648439 334.52499389648443 31.32499980926514 17.505000114440922 1896.549987792969 9.1649999618530291 4 491.38499450683599 3811.404907226563
decision_type=1 2 10 9 8 2 10 1 8 2 10 8 2 2 2 2 2 2 2 2 1 2 2 2 10 2 10 1 10 2
left_child=1 2 3 4 6 -6 -1 -8 -5 10 11 12 15 -13 -15 16 27 -17 -7 20 21 23 26 -20 -25 -21 -22 -10 29 -3
right_child=-2 28 -4 8 5 18 7 -9 9 -11 -12 13 -14 14 -16 17 -18 -19 19 25 22 -23 -24 24 -26 -27 -28 -29 -30 -31
leaf_value=0.31815485306521674 0.001237352213460782 -0.012490150693115151 -0.071371838881932312 -0.0082131795699107377 0.016714107983056028 -0.051782285995196638 0.025907940826798388 -0.0072537788500584019 -0.075430226849564769 0.36323491037070504 -0.03451923292297613 -0.017546707807496426 -0.09314272715176157 0.6752641029100318 0.072953761144180951 0.67020961320537953 -0.048231548302685882 0.21029756323047616 1.8661697918061975 -0.018918001759040931 0.19541476344475786 2.0828511521557189 0.74447426474664347 -0.087384543569454562 1.6448111446204505 0.25254295481128231 -0.038376265559335404 0.27104835066462912 0.002600487141697915 -0.091493541496674546
leaf_weight=80.620330088917399 419910.61041960807 49909.814098685747 855.91740693664178 40332.715419251937 20847.257769440534 124.55890998151153 5179.7571288556792 21670.444428207353 42.542752052657306 60.156100922264159 1235.5078536141664 958.70221311133355 107.5333423614502 27.633424737490714 390.55407747253776 37.207556674256921 172.04753744322807 87.653130599297583 3.6233780197799232 251.97436863323674 243.96345268050209 9.7951364172622544 25.453050225973129 22.268199644982818 4.0670425705611697 114.32788482657634 118.91778927575797 245.62380812503397 21940.440877691464 1024.6573018021882
leaf_count=132 1330929 890694 7839 571072 309717 2953 66067 403342 553 261 13846 11249 1991 79 4928 131 3377 432 115 5134 3354 195 121 870 77 670 2443 2326 846011 23991
internal_value=5.1144e-05 -0.0029472 0.00182808 0.00250618 0.0095039 0.0211367 0.000105475 -0.000849499 -0.00529306 0.0296899 0.0236189 0.0583278 0.130491 0.022028 0.112754 0.171594 0.12391 0.347348 0.121468 0.148633 0.219504 0.641304 0.155798 0.384045 0.180124 0.0658086 0.1188 0.226685 -0.00905764 -0.0140795
internal_weight=586036 166126 93250.8 92394.9 48697 21766.2 26930.8 26850.2 43697.9 3365.16 3305.01 2069.5 692.608 1376.89 418.188 585.075 460.214 124.861 918.949 794.39 428.088 39.7538 388.334 29.9586 26.3352 366.302 362.881 288.167 72874.9 50934.5
internal_count=4504899 3173970 1413274 1405435 795190 325649 469541 469409 610245 39173 38912 25066 8810 16256 5007 6819 6256 563 15932 12979 7175 1257 5918 1062 947 5804 5797 2879 1760696 914685
cat_boundaries=0 1 2 3 4 5
cat_threshold=4 25 4 32 4
is_linear=0
shrinkage=0.08


Tree=129
num_leaves=31
num_cat=15
split_feature=22 36 3 41 34 3 3 34 46 37 40 3 42 5 34 39 3 6 37 18 18 34 13 3 35 34 13 34 3 1
split_gain=284.205 273.756 361.129 328.019 329.686 597.017 309.066 503.046 482.737 375.284 312.516 518.065 1070.05 743.045 448.489 422.515 828.864 520.767 448.873 381.64 817.49 806.785 1018.83 713.496 451.364 865.277 889.1 381.34 488.375 508.271
threshold=4.5000000000000009 0 359.01499938964849 1 2 158.84500122070315 9.9849996566772479 3 4 5 6 126.064998626709 7 2.5000000000000004 8 9 247.32500457763675 206.34998321533206 10 204.05000305175784 190.27500152587893 11 132.00001525878909 62.659999847412116 12 13 143.7749938964844 14 807.77999877929699 1.5000000000000002
decision_type=2 9 10 9 1 8 10 1 1 1 1 10 9 2 1 9 10 2 1 2 2 1 2 10 1 1 2 1 10 2
left_child=1 6 3 4 5 -3 7 8 9 -1 11 19 13 -13 15 -14 18 -18 -17 20 -8 22 -22 -24 25 26 -23 28 -12 -30
right_child=-2 2 -4 -5 -6 -7 10 -9 -10 -11 27 12 14 -15 -16 16 17 -19 -20 -21 21 24 23 -25 -26 -27 -28 -29 29 -31
leaf_value=0.032995936847867127 -0.047626312958570963 0.19495484166618274 -0.0086833499530284547 -0.00078522764835536288 0.011534533139658899 0.019227986892425164 0.0064984529552052795 -0.00064453105447686188 -0.082365251736979839 -0.028073180476229961 0.0047038705748680704 0.082430716490208389 0.01643090325919511 0.50867460495904437 -0.004326573865538687 0.22065538842320884 0.31372723486554954 0.094940204217843396 0.033886861091291333 -0.0021444745309205748 0.056453409303610987 0.56510660336691554 0.41451799762399594 -0.055581478943500733 0.01873595173936644 -0.022160104626627066 -0.088704029605556636 -0.00074099159169360794 -0.00038651786824892969 0.12136556620465813
leaf_weight=771.44783166050911 764.39432283095084 182.27065909327939 37029.157717731316 93658.875373999123 7441.2105384808965 385.28457235312089 66196.913254101062 20698.281390688615 879.62198592815548 3705.6713507742388 105061.04303213488 53.554004594217986 5188.9119675103575 51.197067850269377 3470.3300205736887 76.10101003665477 116.51227729115635 173.02899077348411 2532.5841079559177 36816.388513545273 200.16605253424495 52.950573251582682 121.1449835235253 24.912024720106274 1355.0423905416392 83.915395601652563 17.781713329255581 198872.73928340513 411.78256465215236 469.80983718112111
leaf_count=1660 10227 242 208007 416074 25639 1444 390407 74698 2259 13923 1054830 209 27997 104 29951 531 409 602 11242 285546 1084 291 416 294 7778 616 170 1931225 5543 2151
internal_value=0.00112249 0.00118607 -0.00191915 0.000544299 0.0160734 0.0743527 0.0021487 -0.00630679 -0.0281319 -0.0175394 0.00267162 0.00619518 0.0221911 0.265419 0.0197398 0.0300597 0.0545642 0.182981 0.0403111 0.00441691 0.0079666 0.0603325 0.168805 0.334336 0.034112 0.159518 0.351104 0.00132431 0.00520094 0.0644964
internal_weight=586863 586099 138697 101668 8008.77 567.555 447402 26055 5356.74 4477.12 421347 116531 11662.2 104.751 11557.5 8087.14 2898.23 289.541 2608.69 104869 68052.8 1855.91 346.223 146.057 1509.69 154.648 70.7323 304815 105943 881.592
internal_count=4505569 4495342 651406 443399 27325 1686 3843936 92540 17842 15583 3751396 757647 71045 313 70732 40781 12784 1011 11773 686602 401056 10649 1794 710 8855 1077 461 2993749 1062524 7694
cat_boundaries=0 1 2 3 4 5 6 7 8 9 10 11 12 13 14 15
cat_threshold=129 20 8 5 1 4 5 34 15 1 16 16 8 4 37
is_linear=0
shrinkage=0.08


Tree=130
num_leaves=31
num_cat=11
split_feature=31 3 47 32 42 27 41 38 13 3 47 13 34 13 5 38 13 10 38 32 13 19 47 38 6 6 7 12 34 5
split_gain=216.619 887.821 371.054 430.375 358.486 624.022 416.596 326.888 324.657 301.913 433.006 301.452 398.262 367.051 287.461 287.16 524.553 286.783 233.828 228.715 225.759 225.407 483.658 717.926 604.905 668.315 642.664 418.41 415.982 392.823
threshold=1.0000000180025095e-35 56.320001602172859 0 4.7950000762939462 1 9.5000000000000018 2 3 29.07499980926514 19.105000495910648 4 96.020000457763686 5 2434.349975585938 5.5000000000000009 6 265.00003051757818 1.0000000180025095e-35 7 3.3249999284744267 2601.575073242188 4282.3500976562509 8 9 640.00003051757824 601.00003051757824 414.52499389648443 3487.450317382813 10 3.5000000000000004
decision_type=10 8 1 10 9 10 9 1 2 10 1 2 1 2 2 1 2 2 1 10 2 2 1 1 2 2 2 2 1 2
left_child=21 7 -3 8 5 15 14 -2 -4 10 -9 18 13 -13 17 16 -5 -6 -10 -14 -15 -1 -23 24 25 27 -27 28 -24 -29
right_child=1 2 3 4 6 -7 -8 9 11 -11 -12 12 19 20 -16 -17 -18 -19 -20 -21 -22 22 23 -25 -26 26 -28 29 -30 -31
leaf_value=0.00044451008529073808 -0.1488743423465006 -0.0042027542743088824 0.031767439316421897 -0.13552319479950295 0.097539627887581526 0.38383150407217786 -0.01220377968664072 -0.4877648733336829 -0.0053404851503341165 -0.014358171907140201 -0.084402475599607688 -0.10444957971877639 0.024450420602989062 0.39338450183812002 -0.035711740470222804 -0.031266376420198409 0.16755783038690239 0.26157639775817698 -0.14018548674966272 -0.12558756674200672 0.021390209413626717 0.0059989254867572877 0.038790723855483378 -0.067269821131442281 -0.038865060038104374 0.40214155949819685 -0.094129293854169904 0.14700042101584859 -0.057822525256387605 -0.048375771475574196
leaf_weight=562485.99761031789 212.46866404823959 3710.1916896181647 3154.8524660076946 50.162096247076988 1129.0626559136435 27.622865662677214 280.51643386855721 20.452840769197792 166.41759181302041 621.89339421410114 101.85633918084204 320.12770448811352 1823.0599470273592 14.444130544550715 97.011841440573335 573.47817357303575 134.65005099028349 72.596179482992738 167.63805209146813 67.428930039517581 37.676352957030758 5075.926425808575 616.6821126837749 1927.4307500248542 1681.4845983029809 56.454321198631078 23.716105470201001 251.55487400130369 513.66255395510234 89.221827368717641
leaf_count=4307159 1279 5122 8892 272 3413 66 1065 154 549 1364 557 4099 7363 56 1188 3306 178 170 1361 514 445 6043 7299 99541 29805 184 507 2331 9538 1592
internal_value=0.000460306 0.0107599 0.016756 0.0263363 0.0550635 0.0102057 0.0768367 -0.0633679 0.0145235 -0.0364655 -0.151854 -0.00642611 0.00404693 -0.0705018 0.096016 -0.00327013 0.0809166 0.10745 -0.0773657 0.0189985 0.124481 0.000230412 -0.0115345 -0.0287816 -0.00560886 0.0304022 0.255334 0.0181443 -0.00528161 0.0958472
internal_weight=585506 12783.6 11826.9 8116.75 2365.1 785.913 1579.19 956.671 5751.65 744.203 122.309 2596.79 2262.74 372.248 1298.67 758.29 184.812 1201.66 334.056 1890.49 52.1205 572722 10236.1 5160.21 3232.78 1551.29 80.1704 1471.12 1130.34 340.777
internal_count=4505412 41413 38059 32937 9658 3822 5836 3354 23279 2075 711 14387 12477 4600 4771 3756 450 3583 1910 7877 501 4463999 156840 150797 51256 21451 691 20760 16837 3923
cat_boundaries=0 1 2 3 4 5 6 7 8 9 10 11
cat_threshold=2 48 37 120 2 48 130 776 2 838 70
is_linear=0
shrinkage=0.08


Tree=131
num_leaves=31
num_cat=7
split_feature=36 37 6 13 3 5 3 42 47 36 3 32 32 13 12 6 19 21 19 6 19 47 32 3 4 32 12 47 3 19
split_gain=266.417 443.376 380.461 508.178 490.618 366.557 415.551 336.738 506.827 568.144 607.639 678.96 397.602 440.846 791.8 509.26 417.84 341.475 330.497 322.065 347.929 420.511 330.195 316.402 310.365 1141 302.307 298.578 275.228 274.831
threshold=0 1 477.08999633789068 29.07499980926514 86.384998321533217 1.5000000000000002 158.84500122070315 2 3 4 167.40999603271487 6.7750000953674325 -6.4849998950958243 944.05001831054699 848.89996337890636 660.55004882812511 683.90502929687511 1.0000000180025095e-35 168.32499694824222 620.42495727539074 2053.275024414063 5 -1.6050000190734861 57.82500076293946 67.500000000000014 -77.079998016357408 154.25000762939456 6 146.86499786376956 65.514999389648452
decision_type=9 1 2 2 8 2 10 9 1 9 10 10 10 2 2 2 2 2 2 2 2 1 10 8 10 10 2 1 8 2
left_child=-1 7 5 -4 19 23 28 8 9 12 11 17 -2 14 18 16 -16 -11 26 -5 21 -21 -23 -3 29 -26 -14 -8 -7 -9
right_child=1 2 3 4 -6 6 27 24 -10 10 -12 -13 13 -15 15 -17 -18 -19 -20 20 -22 22 -24 -25 25 -27 -28 -29 -30 -31
leaf_value=0.0011699729981042683 -0.069843602971026528 -0.020270805372824881 -0.091178779949152008 -0.0025068714625828227 0.003015767164207444 -0.008172806863090399 -0.012771080211776949 0.00034241653564144408 0.0059556470526046313 -0.0051287215760016346 -0.073356619455458558 0.76857317700255134 -0.087950462370554816 -0.087650764706372994 0.51286461846317755 -0.087573659888009137 0.2009109039885858 0.25044289410614995 -0.088301967951917734 0.021367660879153698 -0.079255604423353679 -0.018142770309795522 0.14458572545932979 -0.0025037450241394898 0.75423716593032253 -0.12377579452027149 0.16160816681648449 -0.035900811218659831 0.03111343653538429 0.021489345302825234
leaf_weight=446168.47427428537 189.24285537749529 7118.8678203229792 341.21380692906678 562.38806325849146 16214.472325050738 7073.2695813290775 7211.584757884033 6565.6045499274042 7216.3318174644373 228.16814474947751 1752.3896755743772 8.2646551085636002 42.361539783887565 95.755947412690148 46.650478231720626 22.491287595592439 66.868753286078572 39.208677870221436 104.15147567680106 430.57073587970808 91.306086705066264 92.375447399914265 586.38260864838958 64868.448849769309 16.133839292451739 22.942278115078807 116.50449691712856 7077.1721582575701 1360.8559573497623 9810.2868948755786
leaf_count=3848383 3025 29673 2331 2047 69299 29432 10206 42263 15237 3357 29687 147 938 2155 145 475 337 109 2294 447 553 385 1359 271400 63 218 319 63372 4643 70920
internal_value=0.00021623 -0.00283684 -0.00501522 0.00553795 0.00737364 -0.00705692 -0.0159154 0.00650806 -0.00512001 -0.0346094 -0.0557146 0.0544233 0.0283642 0.0664995 0.103491 0.260203 0.329108 0.0323488 0.0224532 0.0474529 0.0708545 0.0832097 0.122439 -0.00426074 0.01354 0.23874 0.0950635 -0.0242272 -0.00183393 0.0130109
internal_weight=585541 139372 113029 18318.7 17977.5 94710.2 22722.9 26343.4 9928.39 2712.06 2028.03 275.641 684.027 494.784 399.028 136.011 113.519 267.377 263.018 1763.02 1200.63 1109.33 678.758 71987.3 16415 39.0761 158.866 14288.8 8434.13 16375.9
internal_count=4505219 656836 485147 76421 74090 408726 107653 171689 58225 42988 33300 3613 9688 6663 4508 957 482 3466 3551 4791 2744 2191 1744 301073 113464 281 1257 73578 34075 113183
cat_boundaries=0 1 2 3 4 5 6 7
cat_threshold=160 19 19 4 8 2 2
is_linear=0
shrinkage=0.08


Tree=132
num_leaves=31
num_cat=9
split_feature=7 43 17 47 13 33 38 37 41 38 7 34 33 12 47 36 32 13 6 6 13 6 17 32 7 7 14 6 0 7
split_gain=229.76 497.528 375.187 635.726 617.463 355.887 576.519 502.643 437.735 351.551 374.774 510.529 560.091 413.316 454.554 829.085 746.786 707.622 644.434 580.554 1865.68 4619.32 806.493 2224.85 3253.54 1089.65 933.12 1106.56 1068.13 2703.28
threshold=212.5199890136719 0 30.500000000000004 1 813.62500000000011 1.0000000180025095e-35 2 3 4 5 1499.9899902343752 6 1.5000000000000002 1090.5500488281252 7 8 -8.6149997711181623 2150.0500488281255 129.75000762939456 2878.675170898438 1754.7000122070315 3122.9499511718755 6.5000000000000009 -6.1849999427795401 635.09997558593761 250.98497009277347 1.0000000180025095e-35 1658.7000122070315 1.5000000000000002 988.85003662109386
decision_type=2 9 2 1 2 2 1 1 9 1 2 1 2 2 1 9 10 2 2 2 2 2 2 10 2 2 2 2 2 2
left_child=-1 2 4 -4 -2 -3 -7 8 -8 -6 13 -12 -13 -11 -15 16 -16 19 -19 22 -21 -22 23 24 -18 -25 27 -24 29 -29
right_child=1 5 3 -5 9 6 7 -9 -10 10 11 12 -14 14 15 -17 17 18 -20 20 21 -23 26 25 -26 -27 -28 28 -30 -31
leaf_value=0.0014104573266930137 -0.019708391398978623 -0.00045600899323289203 -0.0035855568905554364 -0.070254020302743692 -0.050313153276070041 -0.056546706767949852 0.015459648247506763 -0.092849299041512637 0.098483895055031884 -0.0022543361428040047 -0.084859640599079689 -0.0014323987786698683 0.58641793066003178 0.0073291834459283632 -0.052560109476362166 -0.0875266568476879 2.9496351267303802 0.30476844979646645 -0.064164896020206183 0.12788378623261507 3.0763117649765541 0.40792086305709091 0.085773766347673419 1.3400026944104726 -0.089885206139999521 0.12980181803427049 -0.046750126126482751 2.3822964613239983 0.27972878877493385 -0.095111488526273366
leaf_weight=462536.90702078113 13509.168426420656 91900.095597714826 1901.4570621200837 1765.1934907240793 661.35839326120913 381.37751472112723 727.62703053816222 136.46591927018017 954.08024856168777 3364.3609003617894 538.17797039158177 2231.3452285326784 10.421468229964374 1971.9825931289233 253.11441292136442 214.25323415314779 4.6683394748251867 34.396563814254478 254.50896242319141 386.48148835252505 4.4813275444321325 56.502242292044684 516.7001614945475 4.9669555018190286 4.3577787159010768 115.17214544536546 343.7289100283524 5.7415752345696074 38.107477426994592 5.5376015324145555
leaf_count=3231993 230418 708627 2554 89734 5048 3348 7001 2165 3730 63979 19030 48204 86 2296 10556 4372 55 509 14929 14124 126 1291 17878 115 209 2540 18383 91 922 161
internal_value=0.000595108 -0.00248864 -0.0118081 -0.035681 -0.00824444 0.000305093 0.0321063 0.050734 0.0628654 0.0058085 0.00943098 -0.0156849 0.00129461 0.0186557 0.0353471 0.0599827 0.0756218 0.0943228 -0.0202404 0.116589 0.192773 0.604005 0.0837789 0.270843 1.48217 0.179836 0.0572216 0.120353 0.482138 1.16599
internal_weight=584833 122296 28196.2 3666.65 24529.5 94099.6 2199.55 1818.17 1681.71 11020.4 10359 2779.94 2241.77 7579.06 4214.7 2242.72 2028.47 1775.35 288.906 1486.45 447.465 60.9836 1038.98 129.165 9.02612 120.139 909.816 566.087 49.3867 11.2792
internal_count=4504474 1272481 547610 92288 455322 724871 16244 12896 10731 224904 219856 67320 48290 152536 88557 86261 81889 71333 15438 55895 15541 1417 40354 2919 264 2655 37435 19052 1174 252
cat_boundaries=0 1 2 3 4 5 6 7 8 9
cat_threshold=33 2 7 37 50 210 64 2 128
is_linear=0
shrinkage=0.08


Tree=133
num_leaves=31
num_cat=12
split_feature=32 42 34 45 3 2 3 40 37 3 18 38 26 32 45 5 32 6 17 18 17 2 3 42 38 45 3 41 42 3
split_gain=299.76 348.526 366.831 366.282 705.397 701.996 422.404 441.218 437.61 379.406 377.663 369.52 335.267 877.852 311.396 308.03 392.096 327.731 346.259 746.148 316.059 306.879 630.729 523.2 448.904 1465.88 914.977 460.439 409.816 707.1
threshold=-1.955000042915344 0 1 2 19.105000495910648 inf 129.27500152587893 3 4 35.345001220703132 1916.2500000000002 5 8.5000000000000018 -77.079998016357408 6 7.5000000000000009 -4.944999933242797 96.00000381469728 10.500000000000002 315.02499389648443 8.5000000000000018 inf 401.34500122070318 7 8 9 389.43499755859381 10 11 18.605000495910648
decision_type=8 9 1 9 10 8 10 1 1 10 2 1 8 10 9 2 10 2 2 2 2 8 8 9 1 9 8 9 9 10
left_child=1 2 -1 4 5 -3 7 -6 -9 14 11 -5 13 -13 -10 16 -14 18 -18 -20 -17 24 23 -23 25 27 -27 -2 29 -29
right_child=21 3 -4 10 6 -7 -8 8 9 -11 -12 12 15 -15 -16 20 17 -19 19 -21 -22 22 -24 -25 -26 26 -28 28 -30 -31
leaf_value=0.013719385710926249 0.048952909364295055 -0.41540560265137516 -0.0051646607056764519 -0.12684566289086205 0.07416544755328805 0.010375620653772922 0.0088816542712346052 0.17434388820163302 0.12850174691500643 -0.0051412178678359255 -0.04600145867519264 0.55985343327749404 -0.02558567283492684 -0.13981600389548104 -0.0094756870929778667 0.38551329578554178 0.022400077558556358 -0.023491495231675763 0.61558368958618614 0.065272099924148036 0.055438246990462674 -0.042465842497034452 0.014057306132963653 -0.0081019066177933849 -0.00097914932282644192 -0.098057231214301377 0.074459147382031202 -0.10585215906325462 0.022719645708656838 0.0036129974312669763
leaf_weight=8129.1344919721596 2472.4106986331753 49.589429022744298 34438.501342712552 134.22022610949352 1302.7050431929529 49.539844498038292 46272.724410361727 98.13387722382322 267.56153478985652 1988.258507472463 1356.0729688213905 23.484819241799414 2810.5806387158809 22.445350961759686 173.91375114163384 19.65159770520404 2787.5406874618493 1112.1213618456386 19.678689074702561 79.354951552115381 336.13666927488521 4535.5213739899918 4503.4089329889975 7580.7656987591181 445092.12543270801 1150.8156196633354 237.33408994553611 399.96469716308638 9720.0570604648092 6774.4337198375724
leaf_count=61863 4074 345 441043 769 2785 104 340960 199 283 7489 15955 17 16289 327 379 61 15665 9164 44 483 2541 18964 10987 22212 3474659 7210 484 1243 23555 21192
internal_value=7.3688e-06 0.00395972 -0.001556 0.00794465 0.0105712 -0.202621 0.0109951 0.0365251 0.016768 0.00971514 -0.00720396 -5.09735e-05 0.00248156 0.217936 0.0768433 0.00110389 -0.0026877 0.0134067 0.0276226 0.174623 0.0736696 -0.000823881 -0.0115058 -0.0210072 -0.000442789 0.0110546 -0.0680715 0.0167583 0.0120206 -0.0024861
internal_weight=583938 101471 42567.6 58903.7 50202.4 99.1293 50103.3 3830.57 2527.87 2429.73 8701.29 7345.21 7210.99 45.9302 441.475 7165.06 6809.28 3998.7 2886.57 99.0336 355.788 482467 16619.7 12116.3 465847 20755 1388.15 19366.9 16894.5 7174.4
internal_count=4501345 916765 502906 413859 352544 449 352095 11135 8350 8151 61315 45360 44591 344 662 44247 41645 25356 16192 527 2602 3584580 52163 41176 3532417 57758 7694 50064 45990 22435
cat_boundaries=0 1 2 3 4 5 6 7 8 9 10 11 12
cat_threshold=9 5 7 2 66 129 4 41 1 13 20 40
is_linear=0
shrinkage=0.08


Tree=134
num_leaves=31
num_cat=10
split_feature=1 5 38 42 31 42 38 7 26 32 45 38 34 18 22 4 41 3 23 23 18 3 4 32 38 18 3 4 17 38
split_gain=218.78 668.926 383.849 291.393 214.002 382.948 763.326 514.618 482.854 346.508 591.962 648.688 545.202 533.101 713.062 692.377 518.757 554.711 387.564 372.374 361.874 414.586 793.159 423.032 339.807 338.524 525.442 621.681 645.263 332.564
threshold=5.5000000000000009 1.0000000180025095e-35 0 1 inf 2 3 317.75500488281256 2.5000000000000004 0.19500000029802325 4 5 6 334.52499389648443 1.0000000180025095e-35 1.5000000000000002 7 118.85999679565431 5.5000000000000009 1.5000000000000002 125.12500000000001 313.23500061035162 2.5000000000000004 3.9250000715255742 8 414.52499389648443 115.38499832153322 10.500000000000002 3.5000000000000004 9
decision_type=2 2 1 9 8 9 1 2 8 8 9 1 1 2 2 10 9 10 2 2 2 10 8 10 1 2 8 8 2 1
left_child=4 2 3 -2 5 6 8 9 -1 10 11 13 20 14 15 -8 17 19 -18 -12 21 -11 23 29 -6 -22 27 -27 -29 -23
right_child=1 -3 -4 -5 24 -7 7 -9 -10 12 16 -13 -14 -15 -16 -17 18 -19 -20 -21 25 22 -24 -25 -26 26 -28 28 -30 -31
leaf_value=0.2908260988090432 0.25256529898761154 -0.054536445079819557 0.0091322918851910982 0.085893042018094792 0.010761147269513912 0.0002166943663972398 0.094633665770304354 0.043550085762948262 -0.0038700814834189924 0.031303073456573731 0.23475235930001109 0.0050991178682662352 -0.0094931835250097792 -0.006372973469557488 0.37791834870742991 0.44171575803680768 0.01531317058162761 0.00064353569936851545 -0.043143731181061351 0.0019824675134618003 -0.031079145531276248 0.47225090747462506 -0.054292278033527749 0.057157695156342392 -0.0042645517001725563 0.55274476486440405 -0.003526598220903278 0.34224465267971843 0.01432366013254207 0.15717536113486083
leaf_weight=35.638852389529347 87.959144210442901 366.1014652219601 338.2074895161204 371.43342712428421 10621.100338553544 419391.46446327562 701.68556936690584 3809.3476374270394 22845.509116159286 2587.2542764185928 188.78984890133142 697.26109484396875 8261.1411576932296 212.06783338915557 71.184110217262059 38.818889145739377 9058.29039204726 197.97581407893449 789.08843925967813 57.345708572305739 1117.0506008905359 42.712702985852957 105.76542191300541 75.643634686246514 102628.45350327739 21.261988678947091 569.12465146440081 51.555593200027943 150.55020251823589 106.74160488508642
leaf_count=68 150 3456 1294 738 30663 3479998 3980 22958 152863 13605 337 3125 51003 1630 230 215 56064 570 6341 160 8658 97 551 297 659473 117 4246 151 786 276
internal_value=0.000336751 0.0349897 0.0760826 0.122506 0.000267751 0.00101826 0.00750755 0.016146 -0.00340958 0.0119937 0.0218051 0.0651101 0.00298904 0.105538 0.136077 0.112828 0.014486 0.0981256 0.0106181 0.180521 0.024318 0.0420863 0.126408 0.211313 -0.00285479 -0.00270774 0.0372829 0.141263 0.0979737 0.289336
internal_weight=585597 1163.7 797.6 459.393 584433 471183 51791.8 28910.7 22881.1 25101.3 12012.5 1721.02 13088.8 1023.76 811.689 740.504 10291.5 444.111 9847.38 246.136 4827.66 2918.12 330.863 225.098 113250 1909.54 792.492 223.368 202.106 149.454
internal_count=4504100 5638 2182 888 4498462 3808326 328328 175397 152931 152439 72652 9180 79787 6055 4425 4195 63472 1067 62405 497 28784 14826 1221 670 690136 13958 5300 1054 937 373
cat_boundaries=0 1 2 3 4 5 6 7 8 9 10
cat_threshold=848 16 2 900 32 104 69 16 640 18
is_linear=0
shrinkage=0.08


Tree=135
num_leaves=31
num_cat=12
split_feature=37 3 3 38 36 18 17 34 37 38 47 47 38 3 45 18 19 19 34 19 32 47 32 11 15 17 18 12 3 16
split_gain=220.85 518.099 751.455 698.448 491.036 463.009 428.471 428.384 651.613 959.045 509.174 428.108 711.555 579.39 1211.08 820.456 1085.74 567.724 535.202 586.055 525.999 1426.17 949.758 544.419 465.945 681.545 601.214 871.721 454.265 513.524
threshold=0 19.105000495910648 44.149999618530281 1 2 1916.2500000000002 28.500000000000004 3 4 5 6 7 8 38.255001068115241 9 32.024999618530281 132.02500152587893 43.274999618530281 10 5928.9248046875009 0.54500001668930065 11 0.6850000023841859 5.5000000000000009 1.0000000180025095e-35 3.5000000000000004 525.67001342773449 511.52499389648443 35.854999542236335 1.0000000180025095e-35
decision_type=1 8 10 1 9 2 2 1 1 1 1 1 1 10 9 2 2 2 1 2 10 1 10 2 2 2 2 2 10 2
left_child=1 3 11 -1 5 6 -2 10 9 -9 -5 -3 13 14 20 -15 17 -17 19 -14 -13 22 -22 -24 26 -26 27 28 29 -20
right_child=4 2 -4 7 -6 -7 -8 8 -10 -11 -12 12 18 15 -16 16 -18 -19 24 -21 21 -23 23 -25 25 -27 -28 -29 -30 -31
leaf_value=-0.041216108951686599 -0.0088669622811247198 0.0075615168984529205 0.0018493487982332291 0.0059002373373302722 -0.00012386573102548957 -0.046218225308457504 0.13410583515709568 0.11574392391962263 -0.013683254226834612 0.011091833978800971 -0.05695288031636489 0.071413406985815289 -0.045093966116979217 0.010125116457940156 -0.043732653576394588 0.090467628369712116 0.067663023912567802 0.34568530291142469 0.046686754842881054 0.53365636798826466 0.76199553068842207 -0.097596137594591389 0.15454221610578001 0.88955854075821394 0.60455789192020748 0.097145220036277777 -0.071021764111852501 0.52278025651898052 0.0013694934096148642 0.25192238990694149
leaf_weight=3731.1938910037279 26291.674380776472 9817.6740360971307 212674.09315835463 1483.6857889811508 304805.67449706316 2214.667703778483 134.83914177305996 604.94100889423862 7449.8157711462118 6409.3126911558211 1857.7172780204564 810.61221323464997 944.69025115296245 296.62782391905785 664.64533435273916 74.431740926578641 309.70462806429714 222.63043649494648 2182.1322230505757 11.33219827339053 33.324705459177494 53.796668449882418 57.711784038692713 7.2608007774688295 20.367700919508934 100.71203731838614 393.83426414523274 23.065548945218325 1953.8954467028379 80.918630567844957
leaf_count=13610 105882 12526 1896416 1799 2288695 12588 386 1345 51149 23169 15235 6899 14428 2274 6905 483 1748 533 19712 52 203 646 835 89 44 634 5026 67 20460 580
internal_value=0.000286097 0.00207202 0.00317974 -0.00979458 -0.00106508 -0.0110782 -0.00813746 -0.00318516 0.0027845 0.0202694 -0.0289575 0.018847 0.0322904 0.0675227 0.0392695 0.119165 0.17247 0.281738 0.0165305 -0.037838 0.0960304 0.233545 0.414773 0.236682 0.0275182 0.182501 0.023528 0.0323103 0.0296275 0.0540252
internal_weight=585717 252270 230733 21536.7 333447 28641.2 26426.5 17805.5 14464.1 7014.25 3341.4 18059.4 8241.69 2530.75 1627.35 903.395 606.767 297.062 5710.95 956.022 962.706 152.094 98.2973 64.9726 4754.93 121.08 4633.85 4240.01 4216.95 2263.05
internal_count=4504418 2096867 1990560 106307 2407551 118856 106268 92697 75663 24514 17034 94144 81618 20615 15577 5038 2764 1016 61003 14480 8672 1773 1127 924 46523 678 45845 40819 40752 20292
cat_boundaries=0 1 2 3 4 5 6 7 8 9 10 11 12
cat_threshold=58 147 50 6 32 32 2 2 752 38 96 4
is_linear=0
shrinkage=0.08


Tree=136
num_leaves=31
num_cat=8
split_feature=12 5 32 38 47 4 16 6 5 13 17 13 34 3 12 47 17 14 17 34 12 6 3 3 38 3 34 7 13 35
split_gain=231.493 409.69 585.584 434.716 658.161 836.723 660.257 542.732 1511.12 905.915 584.322 786.694 496.341 495.94 464.132 427.497 698.983 1500.74 2750.08 960.804 813.011 832.916 524.504 458.947 426.26 662.885 472.339 633.748 1985.33 518.361
threshold=630.80017089843761 1.5000000000000002 -8.6149997711181623 0 1 25.500000000000004 1.0000000180025095e-35 504.00003051757818 2.5000000000000004 404.00003051757818 13.500000000000002 361.89999389648443 2 35.854999542236335 242.05000305175784 3 5.5000000000000009 1.5000000000000002 6.5000000000000009 4 138.00000762939456 398.50001525878912 105.58499908447267 38.255001068115241 5 401.34500122070318 6 1404.9749145507815 1483.7550048828127 7
decision_type=2 2 8 1 1 10 2 2 2 2 2 2 1 10 2 1 2 2 2 1 2 2 10 10 1 10 1 2 2 1
left_child=1 -1 -3 4 5 6 12 9 -9 10 -8 -12 -4 -5 -7 -15 23 19 -19 20 -18 -22 -21 -17 25 -25 29 -28 -29 -27
right_child=-2 2 3 13 -6 14 7 8 -10 -11 11 -13 -14 15 -16 16 17 18 -20 22 21 -23 -24 24 -26 26 27 28 -30 -31
leaf_value=-0.00021085479707674395 0.0024924128547212962 0.027526293750926994 -0.08865262818955838 0.024495878046407297 -0.0060086969829491067 0.24205819569624606 0.11918641958322831 0.83554474228181652 0.087308361704977216 -0.04449284955171174 -0.08589911178569222 0.8936019108926837 0.018938176977287169 -0.004330265169584342 -0.0020712151060262919 -0.095912520919493482 0.58052726493196971 1.9483135686291277 -0.10359284710561452 -0.061896486500971258 -0.02985861040812951 0.21894162303258796 -0.025190238156293059 -0.037779172306668891 0.0012073277452889098 -0.023835450171648342 -0.034194824181489725 2.3848593812888099 -0.093398401609713022 0.090458009240793252
leaf_weight=365237.03555863176 120492.04962007841 3218.3997184062609 304.15853382623754 2725.1951539372094 6948.6704995892942 185.53143068123609 375.14915607590228 22.901989113539457 70.299083615653217 281.60467918147333 8.2471265774220228 14.429553924361244 2162.3295585664455 40301.545772282872 68.147094800136983 366.86411865474656 21.098160535097122 6.9461905127391246 10.498471273109315 3038.8240178222768 215.57020905986428 143.4001546446234 13831.090217904304 5034.4454899164848 16738.963461871492 386.17938188044354 885.71410692343488 2.8680343946907652 7.423963688313961 729.3073625753168
leaf_count=2349543 1275463 17439 10592 15477 25270 472 4279 45 815 6850 280 73 45496 52426 971 5797 104 41 241 40602 2097 420 290960 89911 201012 10136 29729 54 309 28076
internal_value=-0.000631404 -0.00144375 -0.00603369 -0.00717198 0.00822346 0.0365609 0.0256031 0.0901367 0.27117 0.0653034 0.143024 0.537374 0.00538782 -0.00907547 0.176476 -0.0101961 -0.0159037 -0.0281946 0.713444 -0.0289446 0.0953876 0.0695312 -0.0317834 -0.00711624 -0.00574662 -0.0222372 0.0165513 -0.0266448 0.597209 0.0510296
internal_weight=583835 463343 98105.8 94887.4 10441.5 3492.8 3239.12 772.632 93.2011 679.431 397.826 22.6767 2466.49 84445.9 253.679 81720.7 41419.2 17267.4 17.4447 17250 380.069 358.97 16869.9 24151.8 23784.9 7045.94 2011.49 896.006 10.292 1115.49
internal_count=4504980 3229517 879974 862535 95143 69873 68430 12342 860 11482 4632 353 56088 767392 1443 751915 699489 334465 282 334183 2621 2517 331562 365024 359227 158215 68304 30092 363 38212
cat_boundaries=0 1 2 3 4 5 6 7 8
cat_threshold=136 4 80 2 1 49 52 8
is_linear=0
shrinkage=0.08


Tree=137
num_leaves=31
num_cat=8
split_feature=13 43 34 12 43 19 38 12 41 45 19 19 35 17 11 7 7 17 12 11 12 11 19 38 12 12 13 13 19 12
split_gain=311.516 673.142 421.279 315.024 308.911 401.987 365.726 431.26 524.678 465.588 342.906 349.116 328.651 291.734 383.744 675.555 1227.71 3529.51 887.935 520.925 490.54 1236.86 1895.62 452.865 670.22 2271.47 686.607 507.734 2727.26 574.024
threshold=383.22500610351568 0 1 68.020004272460952 2 5928.9248046875009 3 179.9999923706055 4 5 476.52490234375006 3637.714965820313 6 30.500000000000004 13.500000000000002 343.65002441406256 257.50500488281256 15.500000000000002 16225.174804687502 6.5000000000000009 774.30975341796886 14.500000000000002 1343.0750122070315 7 1687.475036621094 2246.6149902343755 653.02499389648449 888.99996948242199 987.01000976562511 290.00500488281256
decision_type=2 9 1 2 9 2 1 2 9 9 2 2 1 2 2 2 2 2 2 2 2 2 2 1 2 2 2 2 2 2
left_child=-1 2 4 -3 5 6 7 9 13 10 -2 -12 -10 14 19 16 -16 -18 -19 23 21 22 -17 24 27 26 -26 -9 29 -29
right_child=1 3 -4 -5 -6 -7 -8 8 12 -11 11 -13 -14 -15 15 20 17 18 -20 -21 -22 -23 -24 -25 25 -27 -28 28 -30 -31
leaf_value=-0.0010493190596309961 0.3131413428889549 -0.035438482168518318 -0.017252869436076023 0.0069106735874596339 -0.015086834864309822 -0.06062763164549903 -0.017750518169940496 0.016972953847915841 -0.055256633964210378 -0.018433634393404796 0.027030608893958682 0.27531028788659917 0.0053263790360994776 -0.023478032326630923 0.096828606131933809 -0.034252162775336104 2.4524354399366222 0.21258982550920563 1.3517397429282263 -0.0053478313167024229 0.02838592516569273 0.032541179304058428 1.2515027568285348 0.020436057833264239 1.5192376969293671 0.090165628477730297 0.65514728700766667 1.6363667388987737 0.076684860264897153 0.69878690592475912
leaf_weight=453571.85388612619 76.884213645011187 1136.792766723549 14102.435155885294 101288.61781219125 4787.0140364596155 501.70530261681415 2024.2525286263553 319.53387491567992 717.88448559399694 137.16602512868121 110.5016911951825 53.939998787362128 2691.4360541091301 501.26637944357935 169.49430759320967 13.758369786897676 5.5008350317366412 46.426416449714452 4.8353466759435824 1566.1377779797185 779.43285069917329 68.999761652667075 15.727704234188421 758.85690369643271 8.5941855190321821 86.547489538555965 18.671809071442112 8.1973163597285765 138.19093997497112 8.5259596263058466
leaf_count=3117449 356 6536 323031 790247 85363 14805 24782 3532 7333 1426 939 29 40572 14946 2769 241 188 1033 82 34554 14889 1302 151 15859 141 731 180 43 1395 172
internal_value=-5.34742e-05 0.00336458 -0.00723349 0.00644002 0.001818 0.0092955 0.0127003 0.0201181 0.0161594 0.103569 0.166767 0.108471 -0.00755459 0.033993 0.0412484 0.0814096 0.204671 0.526691 0.320042 0.0260266 0.0496427 0.217872 0.651562 0.062502 0.114474 0.290765 0.927507 0.0745966 0.193454 1.15836
internal_weight=585719 132147 29721.9 102425 15619.5 10832.5 10330.8 8306.51 7928.02 378.492 241.326 164.442 3409.32 4518.7 4017.43 1104.18 226.257 56.7626 51.2618 2913.26 877.919 98.4858 29.4861 1347.12 588.262 113.813 27.266 474.448 154.914 16.7233
internal_count=4505076 1387627 590844 796783 267813 182450 167645 142863 140113 2750 1324 968 47905 92208 77262 20655 4072 1303 1115 56607 16583 1694 392 22053 6194 1052 321 5142 1610 215
cat_boundaries=0 1 2 3 4 5 6 7 8
cat_threshold=33 28 1 314 36 36 32 280
is_linear=0
shrinkage=0.08


Tree=138
num_leaves=31
num_cat=11
split_feature=14 0 21 45 11 6 42 17 47 38 37 17 7 19 19 2 37 38 6 43 1 0 6 47 12 47 47 25 17 7
split_gain=181.414 180.196 169.547 342.881 398.124 661.424 360.398 407.034 746.578 1196.95 670.267 548.933 392.071 335.054 861.523 395.919 319.589 448.016 484.564 519.408 3564.72 652.822 1014.16 2254.16 2952.3 665.399 473.268 862.77 515.246 410.307
threshold=30.500000000000004 4.5000000000000009 1.0000000180025095e-35 0 5.5000000000000009 8054.8251953125009 1 6.5000000000000009 2 3 4 16.500000000000004 778.74993896484386 206.52500152587893 182.82500457763675 1.0000000180025095e-35 5 6 3122.9499511718755 7 3.5000000000000004 1.5000000000000002 1001.4501953125001 8 1994.7750244140627 9 10 9.5000000000000018 15.500000000000002 155.00000762939456
decision_type=2 2 2 9 2 2 9 2 1 1 1 2 2 2 2 10 1 1 2 9 2 2 2 1 2 1 1 10 2 2
left_child=1 2 -1 -4 5 6 7 -5 9 10 11 -9 -8 14 15 -11 17 26 19 20 21 22 25 24 -24 29 -6 -28 -29 -19
right_child=-2 -3 3 4 16 -7 12 8 -10 13 -12 -13 -14 -15 -16 -17 -18 18 -20 -21 -22 -23 23 -25 -26 -27 27 28 -30 -31
leaf_value=-0.00053173528275161203 -0.1810128699483769 0.15870008744000585 -0.014715296299336874 0.0098605526753483084 0.021973661520842885 0.40236493113356148 -0.015582031695978748 0.32813322305435977 0.029961551467497877 -0.08795734358532345 -0.070498837103359469 -0.089188388384669928 0.23722788749818086 -0.013952765828626375 1.0954353068841503 0.28819963449941782 -0.0044383678428266283 0.36361340424495292 -0.032935031703778983 0.03182099969954643 1.8994986703443331 0.033516738583106179 2.2345696827228809 0.17570673786790494 -0.093178007539068033 -0.0062345192127961878 -0.084932774917735557 0.56370325665036614 -0.10159384414408257 -0.092138661667494154
leaf_weight=562872.69276958518 35.534935075906105 45.642897859215736 3953.5649987194338 1355.6703833777574 1070.5123286619782 30.617037283955142 1210.2741633958649 264.68446703953668 1224.010274713859 36.353441515704617 40.12197546241805 21.836630139499903 40.576891081407666 272.2481614369899 5.9981809561140826 35.294300109148026 8940.1041947741178 72.73115355335176 480.28493860561866 1786.4197148731328 7.1006489442661396 400.48450098920148 9.161068916320799 36.053412677720189 5.630297778174282 117.99882723856717 629.89065600803588 21.64211508166045 11.361083609517662 15.302401084452866
leaf_count=4290644 735 22 45313 10782 1046 72 8555 1499 3562 1258 897 527 262 8306 122 83 80761 290 7928 17147 194 8481 115 148 216 1542 14495 71 282 411
internal_value=-0.000260464 -0.000249484 -0.000261887 0.00661225 0.0112618 0.0317881 0.0292707 0.0432175 0.0672386 0.134681 0.241712 0.286334 -0.00732248 0.0270809 0.174444 0.0973409 0.0044238 0.0213727 0.040405 0.0549419 0.114895 0.0973659 0.19691 0.516892 1.34852 0.117945 -0.0108579 -0.0640417 0.33468 0.284392
internal_weight=585050 585014 584969 22095.9 18142.4 4537.69 4507.07 3256.22 1900.55 676.537 326.643 286.521 1250.85 349.894 77.6459 71.6477 13604.7 4664.57 2931.17 2450.88 664.462 657.362 256.877 50.8448 14.7914 206.032 1733.41 662.894 33.0032 88.0336
internal_count=4505766 4505031 4505009 214365 169052 35925 35853 27036 16254 12692 2923 2026 8817 9769 1463 1341 133127 52366 36472 28544 11397 11203 2722 479 331 2243 15894 14848 353 701
cat_boundaries=0 1 2 3 4 5 6 7 8 9 10 11
cat_threshold=40 41 4 784 41 1 773 1 4 1 2
is_linear=0
shrinkage=0.08


Tree=139
num_leaves=31
num_cat=11
split_feature=32 7 3 43 7 18 38 36 43 38 34 37 38 17 3 7 37 34 11 7 41 3 6 7 6 3 7 6 3 17
split_gain=197.681 308.912 390.359 387.013 286.412 379.612 499.152 427.018 376.604 571.952 434.995 412.32 429.346 399.565 388.176 336.229 324.572 329.602 455.422 466.215 405.539 512.843 322.49 307.108 624.735 306.617 560.074 421.404 340.239 369.946
threshold=-1.4450000524520872 8.5249023437500018 268.01499938964849 0 873.92016601562511 467.52499389648443 1 2 3 4 5 6 7 2.5000000000000004 261.54499816894537 1330.259948730469 8 9 3.5000000000000004 42.50000190734864 10 207.14500427246097 959.77514648437511 18.749992370605472 39.099998474121101 200.24500274658206 907.72500610351574 832.97500610351574 174.82500457763675 6.5000000000000009
decision_type=8 2 10 9 2 2 1 9 9 1 1 1 1 2 10 2 1 1 2 2 9 10 2 2 2 10 2 2 10 2
left_child=1 -1 3 -3 5 6 -5 -7 9 -6 11 12 13 -10 25 22 17 18 19 -8 -20 -22 -15 24 -18 27 -27 -11 -29 -30
right_child=-2 2 -4 4 8 7 16 -9 10 14 -12 -13 -14 15 -16 -17 23 -19 20 -21 21 -23 -24 -25 -26 26 -28 28 29 -31
leaf_value=-0.00159736324472778 -0.0010624281515991356 -0.011080603093485535 0.0017096266799537293 -0.011118792646811274 -0.051555027920538142 0.010043644793565173 0.21737120878306854 -0.044060504659661034 0.36475620639775969 0.010355675345926208 -0.040603072587018341 0.0040757972245624077 -0.015011253297446068 -0.0080310493062254115 0.45120151818036375 0.043934017663196885 0.38657916965143002 0.0071930935921457996 -0.01384327268806884 -0.0089296445107614354 0.20217477032971143 0.5541443732662783 0.24079365239141901 0.026548449287832655 0.057311008761522737 0.50397321617836899 -0.039814170064145837 0.13991221847634086 0.50016995822102561 0.1901884285454247
leaf_weight=59640.357141227461 460310.27269875916 3197.8768585461657 40800.170118382142 1789.2679554237984 122.3995890468359 7394.2020923700184 80.054616811685264 1058.4067428889684 45.20313411206007 78.729849996976554 452.82571453880519 629.10972375003621 167.35665126144886 42.219648701138794 25.066747023258358 211.88555280584842 45.13563684374094 257.454596595373 55.077469932846725 214.03934346884489 171.88718633819371 31.322346896864474 158.42321201693267 6252.6524424399249 201.59596091601998 13.63470336422324 109.24466710840352 130.11222430504858 46.752704627811909 52.097560027614236
leaf_count=444437 3417668 26988 506609 11218 875 43627 320 5048 48 344 2657 3664 1107 253 226 649 126 1560 248 1080 538 113 252 33016 918 41 879 155 66 173
internal_value=-0.000299982 0.0025424 0.00641018 0.0147363 0.0188944 0.0154353 0.0267755 0.00322866 0.0455455 0.100875 0.0260659 0.0502673 0.0959599 0.135987 0.142051 0.114216 0.0360178 0.0837016 0.118599 0.0526712 0.198258 0.2444 0.188435 0.0299568 0.117545 0.127352 0.0205245 0.170015 0.224914 0.336799
internal_weight=583785 123475 63834.2 23034 19836.2 17551.1 9098.49 8452.61 2285.06 578.038 1707.02 1254.2 625.088 457.732 455.638 412.528 7309.22 809.836 552.381 294.094 258.287 203.21 200.643 6499.38 246.732 430.572 122.879 307.692 228.962 98.8503
internal_count=4504903 1087235 642798 136189 109201 97812 49137 48675 11389 2759 8630 5973 2309 1202 1884 1154 37919 3859 2299 1400 899 651 505 34060 1044 1658 920 738 394 239
cat_boundaries=0 1 2 3 4 5 6 7 8 9 10 11
cat_threshold=35 21 138 4 654 92 20 610 74 42 33
is_linear=0
shrinkage=0.08


Tree=140
num_leaves=31
num_cat=13
split_feature=12 5 42 45 41 44 32 18 47 38 47 32 34 11 19 19 34 32 19 34 19 18 32 31 47 35 5 43 19 10
split_gain=317.467 548.231 492.081 592.983 587.349 581.011 515.147 442.353 943.641 808.671 788.212 734.028 859.466 619.805 907.95 3066.26 789.612 1176 666.834 619.688 1355.37 1099.67 3138.18 702.496 698.995 844.009 1458.24 918.9 878.763 1004.8
threshold=613.94998168945324 4.5000000000000009 0 1 2 3 14.184999942779543 1610.4749755859377 4 5 6 9.1649999618530291 7 2.5000000000000004 1258.799987792969 1343.0750122070315 8 19.185000419616703 1973.374938964844 9 957.00500488281261 1326.1250000000002 12.59500026702881 1.0000000180025095e-35 10 11 4.5000000000000009 12 146.02500152587893 1.0000000180025095e-35
decision_type=2 2 9 9 9 9 10 2 1 1 1 8 1 2 2 2 1 8 2 1 2 2 8 10 1 1 2 9 2 2
left_child=1 -1 7 6 -5 -6 -4 8 -2 -10 13 -11 -13 14 16 -16 17 -9 -17 20 21 -14 -23 -24 25 26 -21 -27 -28 -30
right_child=2 -3 3 4 5 -7 -8 10 9 11 -12 12 19 -15 15 18 -18 -19 -20 24 -22 22 23 -25 -26 27 28 -29 29 -31
leaf_value=-0.00061623519629618419 -1.0404210097697566e-05 -0.013855656663207237 -0.014247440185550797 -0.031615744372174438 0.0059489662628664612 -0.067301726309373852 -0.08350667696258969 0.22998567615288781 -0.0077895293229315286 0.026965340816668966 0.0095701419301019303 -0.087577582959924419 0.21417974706312023 -0.018015915979058449 1.8832289777481452 0.41251603580476104 -0.087510866052943934 1.7431674561389436 -0.008367398069594658 -0.090028835728194853 -0.09173642649461862 1.7958708890452004 -0.096999240881655791 0.81884806662332066 0.001499613183512773 -0.061573505445108985 0.97731075786388844 0.10414843351434255 0.088273332513410047 0.47033670254298598
leaf_weight=439724.728343183 14601.710134500638 20971.979260202963 10517.248544452304 3083.5644026901573 37958.850500380213 705.90019033197314 735.37268209538888 22.063383182277903 3277.1802581003867 10585.793085020618 27134.837700435426 192.84588378923945 222.66128703486174 11548.732606157369 7.1828075975645325 42.005377057008445 145.68131157080643 3.8624937180429724 56.494180161505938 64.704230748582631 82.441674597328529 11.293056091293691 17.179094040766362 7.7911143526434889 678.55622304463759 263.59561497764662 13.265946480445562 1057.8414769752417 78.575834868359379 100.27430563233793
leaf_count=2995493 18429 207516 115014 16765 358009 7942 14690 499 73000 150895 94738 9068 4337 394527 81 490 3723 158 1541 2419 4248 126 812 3 3433 6413 108 14300 1846 615
internal_value=-0.000254222 -0.00121892 0.00335269 -0.00246647 0.00192781 0.00461044 -0.0187569 0.00774437 0.0148348 0.0278506 0.00205819 0.0365606 0.0730842 -0.015178 0.103017 0.287485 -0.0105856 0.328655 0.171119 0.085019 0.185336 0.280714 0.689244 0.18876 0.0690943 0.0985938 0.229512 0.0708766 0.34908 0.302481
internal_weight=583914 460697 123218 53000.9 41748.3 38664.8 11252.6 70216.6 31255.7 16654 38960.9 13376.8 2791.03 11826 277.29 105.682 171.607 25.9259 98.4996 2598.18 341.366 258.925 36.2633 24.9702 2256.81 1578.26 256.82 1321.44 192.116 178.85
internal_count=4501238 3203009 1298229 512420 382716 365951 129704 785809 290052 271623 495757 198623 47728 401019 6492 2112 4380 657 2031 38660 9526 5278 941 815 29134 25701 4988 20713 2569 2461
cat_boundaries=0 1 2 3 4 5 6 7 8 9 10 11 12 13
cat_threshold=42 42 1 2 2 12 4 32 32 65 4 1 4
is_linear=0
shrinkage=0.08


Tree=141
num_leaves=31
num_cat=15
split_feature=37 38 41 17 3 47 3 2 23 41 36 32 43 38 47 13 6 36 47 3 6 19 35 7 22 34 12 43 47 7
split_gain=232.252 563.978 823.579 608.056 604.99 586.585 716.266 537.153 469.712 398.192 487.339 442.843 448.478 637.394 839.009 682.854 441.815 521.912 784.335 568.173 397.449 1096.57 439.255 1242.08 1571.68 483.919 1027.51 497.268 408.844 397.111
threshold=0 1 2 19.500000000000004 77.944999694824233 3 86.384998321533217 1.0000000180025095e-35 2.5000000000000004 4 5 12.59500026702881 6 7 8 6479.9501953125009 154.25000762939456 9 10 154.89499664306643 146.00001525878909 18.774999618530277 11 250.98497009277347 1.0000000180025095e-35 12 751.27490234375011 13 14 3433.124877929688
decision_type=1 1 9 2 10 1 8 8 2 9 9 8 9 1 1 2 2 9 1 10 2 2 1 2 2 1 2 9 1 2
left_child=1 2 3 5 -4 6 -1 -6 -7 11 -11 12 16 -14 -15 -16 17 18 -3 -20 22 28 23 25 -25 26 27 -19 -22 -21
right_child=-2 9 4 -5 7 8 -8 -9 -10 10 -12 -13 13 14 15 -17 -18 20 19 29 21 -23 -24 24 -26 -27 -28 -29 -30 -31
leaf_value=0.12776465738025666 -0.0014854367165317796 0.25966268455436631 -0.013479420023682671 0.04081556123240003 0.018806632531499893 -0.010602974636077782 -0.058473666875499063 -0.010071219282256943 -0.074582267894468743 0.0089219562512125612 -0.0064998347891403706 -0.011601684595693152 0.010475527051800531 0.0058943122524472025 -0.030329797241590021 0.1306618204139425 -0.0028363598250737347 0.22985536698165387 0.35008317937054656 0.00324498555639557 0.8803849095733598 0.046495562947200905 0.011181716720503991 0.055307461459462581 1.0628495658002002 0.0073632117872020775 0.56138470536869645 -0.04433144300930307 0.29954828889586294 0.2807559442017763
leaf_weight=136.98727653175592 363184.23310124461 149.98715237155557 11027.154215513729 945.63090295437723 13490.144243209623 9592.6105498904362 3754.3251840644516 5936.4834315488115 795.28620588220656 95067.410367121745 15207.711091406411 18419.227546237642 15861.138505356386 9409.2592266518623 9664.6264282711782 171.61111721675843 4393.9356533586979 65.036188820376992 37.373424160294235 412.83703314326704 14.623704588040709 137.28949662437662 5346.9116257298738 21.851506377570331 18.129784525837749 471.36610059766099 34.236150580924004 95.17239089962095 16.514537613838911 35.868596777319908
leaf_count=438 2874737 514 34228 3853 42801 21395 40888 21676 2540 879384 88068 131216 95094 11097 144945 1557 55375 506 48 2201 157 1110 45740 125 116 4345 223 1131 71 3
internal_value=-0.00024162 0.00180491 -0.00611045 -0.0212969 0.00148625 -0.0254252 -0.0519175 0.009982 -0.0155012 0.00387059 0.00679479 -0.00110778 0.00306151 -0.00139488 -0.0111782 -0.027521 0.0169528 0.029658 0.098194 0.0503905 0.0224568 0.14371 0.0191198 0.0779931 0.512184 0.0530918 0.155566 0.078554 0.572331 0.0254286
internal_weight=583915 220731 45678.6 15224.8 30453.8 14279.2 3891.31 19426.6 10387.9 175052 110275 64777 46357.8 35106.6 19245.5 9836.24 11251.1 6857.2 636.066 486.079 6221.13 168.428 6052.7 705.792 39.9813 665.811 194.445 160.209 31.1382 448.706
internal_count=4505582 1630845 167819 69114 98705 65261 41326 64477 23935 1463026 967452 495574 364358 252693 157599 146502 111665 56290 2766 2252 53524 1338 52186 6446 241 6205 1860 1637 228 2204
cat_boundaries=0 1 2 3 4 5 6 7 8 9 10 11 12 13 14 15
cat_threshold=106 643 34 4 19 162 35 88 2 11 1 17 8 32 4
is_linear=0
shrinkage=0.08


Tree=142
num_leaves=31
num_cat=6
split_feature=49 19 6 18 17 10 35 3 2 45 5 6 45 37 17 6 10 3 3 3 19 41 18 18 17 6 17 3 4 3
split_gain=250.823 208.164 413.334 339.148 358.418 328.487 504.291 398.377 669.317 420.278 758.697 397.243 424.062 401.009 855.201 1073.28 546.097 421.127 454.709 386.375 443.534 381.451 762.242 429.784 1016.59 546.501 466.098 433.186 430.455 486.691
threshold=0 4282.3500976562509 1001.4501953125001 4161.8298339843759 1.5000000000000002 1.0000000180025095e-35 1 70.915000915527358 1.0000000180025095e-35 2 5.5000000000000009 441.59999084472662 3 4 2.5000000000000004 568.10003662109386 2.5000000000000004 247.32500457763675 401.34500122070318 35.345001220703132 146.02500152587893 5 12025.350585937502 2555.714965820313 4.5000000000000009 389.02499389648443 8.5000000000000018 352.63500976562506 19.500000000000004 463.61500549316412
decision_type=9 2 2 2 2 2 1 8 10 9 2 2 9 1 2 2 2 8 8 8 2 9 2 2 2 2 2 10 8 10
left_child=-1 5 3 4 -3 -2 11 8 9 10 -8 12 -7 14 15 -13 17 -16 -19 20 -14 22 23 27 -25 -26 -27 -9 29 -28
right_child=1 2 -4 -5 -6 6 7 21 -10 -11 -12 13 19 -15 16 -17 -18 18 -20 -21 -22 -23 -24 24 25 26 28 -29 -30 -31
leaf_value=-0.10922267017450445 -0.00020628020781388712 0.10478098540221713 -0.029713961549632077 0.024191293448733633 -0.021033890346059025 -0.02977633496082762 0.05609550221592205 0.042631557794804133 0.51697131917568406 -0.033693595202757817 0.37529253148453867 0.57367943641380836 0.30661182449270052 -0.0015652525236317292 0.052652606115728542 -0.0088437777458513223 0.28219144745138375 -0.047868712907428335 0.065623807152631344 -0.0026498524553641494 0.046105064573477947 -0.00081366851474127925 -0.077067450700826073 0.60354633850939543 -0.052325560430154391 -0.12421180596080453 0.039637050481039611 0.0071725700719840147 -0.079693762009243233 0.11380713740657075
leaf_weight=134.30259235110134 533805.66282411607 152.34941576179699 4393.6510872498329 2608.5844804994995 2968.691744253505 4738.8102651168592 196.41939025791362 3192.271243987605 22.385503875091672 163.43917776737362 62.924999666400254 42.055210165679455 50.75982026476413 4739.9429650416132 1412.0494057615288 39.028242282569408 53.52609278447926 752.49513401882723 322.87429829360917 6577.4378879056312 237.71605853596702 7134.2896329166833 479.05244044924621 21.341401639394462 301.86799307190813 83.385369463358074 1154.423171140952 7129.3323509526672 119.62629553722218 1111.2313349867472
leaf_count=1699 4026386 712 80546 37179 39382 33178 672 17330 86 1077 319 81 170 28685 5191 160 164 5941 1037 43547 902 77155 9812 104 4565 1504 9639 65583 1176 13344
internal_value=9.28164e-05 0.000117953 -0.011254 0.00290162 -0.0148924 0.000318533 0.00729803 0.0157811 0.0906676 0.0680957 0.128585 -0.00217856 -0.0114012 0.0123562 0.037386 0.293291 0.029367 0.0239265 -0.0137932 0.00132262 0.0919435 0.0141803 0.0220346 0.0256717 0.0535189 0.0492821 0.0617066 0.0181393 0.068206 0.0760151
internal_weight=584202 584068 10123.3 5729.63 3121.04 573944 40138.7 21172 445.169 422.784 259.344 18966.7 11604.7 7361.97 2622.03 81.0835 2540.94 2487.42 1075.37 6865.91 288.476 20726.8 13592.5 13113.5 2791.88 2770.53 2468.67 10321.6 2385.28 2265.65
internal_count=4507326 4505627 157819 77273 40094 4347808 321422 202366 2154 2068 991 119056 77797 41259 12574 241 12333 12169 6978 44619 1072 200212 123057 113245 30332 30228 25663 82913 24159 22983
cat_boundaries=0 1 2 3 4 5 6
cat_threshold=8 32 1 12 34 35
is_linear=0
shrinkage=0.08


Tree=143
num_leaves=31
num_cat=12
split_feature=37 40 47 34 23 22 2 7 38 47 19 17 7 47 34 12 7 45 43 13 12 12 7 31 47 12 12 34 19 13
split_gain=236.199 470.19 445.603 347.717 408.299 344.459 340.85 320.635 523.554 629.554 286.283 488.682 454.703 994.917 1565.78 1566.1 2718.86 1006.5 838.92 3183.86 6049.39 1725.69 667.032 567.012 409.024 582.782 548.411 1333.94 843.436 810.074
threshold=0 1 2 3 7.5000000000000009 6.5000000000000009 1.5000000000000002 2497.7751464843755 4 5 190.0199890136719 101.50000000000001 116.21005249023439 6 7 3040.640014648438 132.27500152587893 8 9 138.04000091552737 214.25000762939456 68.020004272460952 185.64002227783206 1.0000000180025095e-35 10 877.72500610351574 1006.0249633789064 11 2330.789916992188 1274.0749511718752
decision_type=1 1 1 1 2 2 10 2 1 1 2 2 2 1 1 2 2 9 9 2 2 2 2 8 1 2 2 1 2 2
left_child=7 2 -2 4 -4 6 10 -1 -9 -10 11 12 -3 14 15 17 -17 18 19 20 21 -14 -21 -20 -12 -26 27 29 -28 -27
right_child=1 5 3 -5 -6 -7 -8 8 9 -11 24 -13 13 -15 -16 16 -18 -19 23 22 -22 -23 -24 -25 25 26 28 -29 -30 -31
leaf_value=0.00019659825372529596 0.0018301474497585866 0.0089106560785949598 -0.0030575527830488942 -0.057676640246615625 0.44277547635323639 0.23083628279914095 0.031241429697312594 0.01539733288705562 -0.0063908589959976031 -0.074114026188398463 0.0087005524549829526 0.32222287771409264 2.4288179600908766 0.010697896314937347 -0.046076673512015748 2.4538586282243253 -0.085437493559400904 -0.085082803922069725 0.28803159865094652 -0.084206425938413348 5.3398650880829939 -0.084441390366181895 0.68634625216094824 -0.08770229251447613 -0.032958993170539665 0.057519394603830126 -0.0346895423201126 -0.072273723873938059 0.048464673698909347 0.37443930238825551
leaf_weight=524408.95662956522 4619.4891058113426 23301.431361360068 841.08416677825153 1903.6857455498539 13.355370694771407 44.484301481745206 3763.6409357092925 1819.7595835430548 1915.4183184718713 1622.7613328828011 11740.719730695244 32.443534553283826 2.8089824435301107 938.98484805738553 157.01680468500126 5.5790847726166231 5.2268328759819269 51.02476890431717 129.63968398794532 11.865683084819468 2.6112953347619623 4.631431559799239 18.245611234102398 32.061740739503875 4725.9039947260171 90.211924929171801 1918.7733040596358 162.41225258191116 1316.1416723233415 120.65827157325111
leaf_count=3793039 5754 226623 13523 32270 138 280 36479 13485 2583 56006 13609 58 86 3896 4144 127 297 1456 2332 722 110 219 57 1273 171934 2304 68802 5461 46088 1888
internal_value=0.000519817 0.00546255 -0.0133438 -0.0388065 0.00386582 0.00832095 0.0081187 -2.33918e-06 -0.0194734 -0.0373461 0.0061748 0.0119429 0.0115347 0.0565042 0.158739 0.272124 1.2256 0.242143 0.313538 0.635907 2.02706 0.86439 0.382702 0.201096 -0.000920458 -0.0144741 0.00973679 0.101551 -0.000857825 0.228044
internal_weight=585721 55954.1 7377.61 2758.13 854.44 48576.5 48532 529767 5357.94 3538.18 44768.4 24693.6 24661.1 1359.7 420.712 263.695 10.8059 252.889 201.864 40.163 10.0517 7.44041 30.1113 161.701 20074.8 8334.1 3608.2 373.282 3234.91 210.87
internal_count=4505043 639930 51685 45931 13661 588245 587965 3865113 72074 58589 551486 241400 241342 14719 10823 6679 424 6255 4799 1194 415 305 779 3605 310086 296477 124543 9653 114890 4192
cat_boundaries=0 1 2 3 4 5 6 7 8 9 10 11 12
cat_threshold=45 1 2 72 580 2 4 104 37 1 2 82
is_linear=0
shrinkage=0.08


Tree=144
num_leaves=31
num_cat=9
split_feature=26 45 27 37 18 27 21 25 4 11 18 18 3 45 19 19 34 36 3 34 8 37 34 18 18 4 23 19 20 37
split_gain=176.752 321.231 239.462 235.682 218.034 215.797 175.706 315.042 350.646 283.191 645.659 574.685 373.769 357.66 460.892 627.12 379.784 377.141 348.659 332.61 275.794 252.744 591.18 932.83 912.733 326.337 238.149 235.26 337.558 229.765
threshold=5.5000000000000009 0 6.5000000000000009 1 345.42500305175787 1.5000000000000002 1.0000000180025095e-35 9.5000000000000018 13.500000000000002 5.5000000000000009 8063.7548828125009 8849.6406250000018 530.24499511718761 2 628.52502441406261 611.12500000000011 3 4 412.21499633789068 5 6.5000000000000009 6 7 2433.075073242188 4722.7250976562509 34.500000000000007 9.5000000000000018 1430.174987792969 2.5000000000000004 8
decision_type=8 9 10 1 2 10 2 8 10 2 2 2 10 9 2 2 1 9 10 1 2 1 1 2 2 10 2 2 2 1
left_child=1 2 3 4 5 -1 -2 8 20 10 13 -12 26 17 15 16 18 -9 -15 -19 -8 22 23 -11 -25 -24 -13 28 -14 -23
right_child=6 -3 -4 -5 -6 -7 7 9 -10 21 11 12 27 14 -16 -17 -18 19 -20 -21 -22 29 25 24 -26 -27 -28 -29 -30 -31
leaf_value=0.010396136486939021 -0.00014593891245333421 0.04672851723154401 -0.084102683158682523 -0.032541509900371655 0.0018775669609141291 0.20817574742918424 0.019991858193236133 0.082655669318562386 0.26643265436119229 -0.05017029559385161 0.31782334169087628 -0.018466723628493904 0.49997623681710179 0.088933002238648695 -0.028187890699128672 0.31172792359230672 0.0074470839007206129 0.15075842882581852 -0.058281547013444145 -0.029571298998949704 0.25127312657677103 -0.097238508107991395 -0.017248235772006987 0.39668186565875474 0.075859393339046927 0.21389959919235291 0.24875752914654889 0.0093579422885535588 0.15884339345163381 -0.0011669477613295745
leaf_weight=57.731126419268548 559775.76022967836 1379.0605159839615 232.82966289849719 397.70199345424771 189.19502363249194 90.898703058250248 275.02252809132915 232.24687499087304 55.21301247458905 126.57449429389089 73.421662922017276 206.15543291438371 23.719832696253434 1030.5795031269081 645.75843764352612 56.42547953221947 1090.6685937428847 58.20324245467782 114.39091423968785 1853.6856135318521 37.496591126080602 151.06488701771013 687.54685527388938 103.28761030454189 125.97157249739394 41.446539983153343 23.809140055440366 41.577284279628657 85.413518992718309 14796.289004849503
leaf_count=184 4275901 7404 3461 3522 1250 130 3067 593 119 1019 272 1803 199 5640 7229 164 7504 118 1767 18065 123 2373 7576 197 270 85 39 555 355 154453
internal_value=0.000217701 0.0221257 -0.0132575 0.00898822 0.0571504 0.131354 0.000129294 0.00715286 0.0805767 0.005901 0.0215008 0.112898 0.0733735 0.013334 0.0314026 0.0483284 0.0416804 -0.0115157 0.0735825 -0.0233257 0.0477414 0.000514261 0.0376174 0.12076 0.220399 -0.00405088 0.00920006 0.171294 0.232988 -0.00220225
internal_weight=584059 2347.42 968.357 735.527 337.825 148.63 581712 21936 367.732 21568.2 5536.06 454.097 380.675 5081.96 2937.82 2292.06 2235.64 2144.14 1144.97 1911.89 312.519 16032.2 1084.83 355.834 229.259 728.993 229.965 150.711 109.133 14947.4
internal_count=4505437 15951 8547 5086 1564 314 4489486 213585 3309 210276 44303 3223 2951 41080 22304 15075 14911 18776 7407 18183 3190 165973 9147 1486 467 7661 1842 1109 554 156826
cat_boundaries=0 1 2 3 4 5 6 7 8 9
cat_threshold=36 32 14 76 25 1 8 2 64
is_linear=0
shrinkage=0.08


Tree=145
num_leaves=31
num_cat=15
split_feature=43 4 38 4 4 22 47 23 38 42 47 4 37 18 18 43 42 45 18 18 18 42 23 31 45 18 37 38 12 37
split_gain=232.87 746.456 1177.52 724.236 666.064 673.979 544.248 629.981 1182.34 1246.86 1006.8 658.72 547.678 544.908 1498.19 1687.4 842.077 713.46 772.195 1034.79 568.994 526.374 558.493 497.588 494.696 911.532 791.906 653.739 839.867 881.96
threshold=0 43.500000000000007 1 44.500000000000007 24.500000000000004 1.0000000180025095e-35 2 4.5000000000000009 3 4 5 3.5000000000000004 6 510.12500000000006 366.05000305175787 7 8 9 160.00000762939456 159.9999923706055 32.024999618530281 10 9.5000000000000018 1.0000000180025095e-35 11 323.77499389648443 12 13 3040.640014648438 14
decision_type=9 8 1 10 10 2 1 2 1 9 1 10 1 2 2 9 9 9 2 2 2 9 2 8 9 2 1 1 2 1
left_child=1 4 3 -3 6 -6 -1 24 9 10 -9 -11 13 14 17 16 -16 18 19 20 -10 22 23 -15 25 -8 -26 28 -28 -30
right_child=-2 2 -4 -5 5 -7 7 8 12 11 -12 -13 -14 21 15 -17 -18 -19 -20 -21 -22 -23 -24 -25 26 -27 27 -29 29 -31
leaf_value=0.0028893626815932566 0.00065124480899214122 -0.31839280839890816 -0.022269445319311167 -0.034713488084968186 0.020738261336524868 0.15381546749673203 0.015959875047879563 0.50384928746621294 0.34935182646465729 -0.094167058931583766 0.033584158694366033 0.31046891292261863 -0.015773285464205058 0.011675951923893309 0.89677798589250157 0.10124537359192051 -0.053411667264093653 -0.013948883706645848 -0.094798908595269848 0.97010898322687311 -0.091937617012269879 -0.061800900611540137 0.83311156392379893 0.63813537782242757 -0.056841775053552333 -0.020069179135188967 -0.0021410258842279907 -0.019736246792852432 0.15056796687997978 -0.0087551583398937614
leaf_weight=59017.59027627192 465568.21103636414 146.66453256574459 6738.5084892850136 94.844722780166194 901.68840933975298 333.71002489014063 10041.730657597189 99.618396457284689 61.871378045529127 106.31446583289653 41.18151275254786 33.977620368823409 1954.9441827666014 51.584749502129853 34.076279451139271 123.96307020680979 14.417063382454215 483.78691305220127 41.344804404536262 13.405496554449199 26.799953432288021 347.22698175604455 7.7003816990181795 9.6292796358466131 2860.2755765177426 8134.8531561225536 6065.1246189221274 20999.466784632474 495.93402475817129 403.01770751387812
leaf_count=72873 2950804 1429 26735 1124 7135 1611 156446 557 174 1657 207 181 57867 872 201 1241 401 9188 941 77 581 8093 45 8 175704 270362 98744 645550 8005 6188
internal_value=-0.000157874 -0.00330508 -0.0286926 -0.198757 -0.00173308 0.0566855 -0.00238052 -0.00831003 0.0247228 0.179027 0.342014 0.00357753 0.0104459 0.0523896 0.091456 0.300282 0.65345 0.0340374 0.184044 0.315015 0.215977 -0.021422 0.166793 0.110221 -0.010637 -0.000164685 -0.016807 -0.0126931 0.00854247 0.0807178
internal_weight=585253 119685 6980.02 241.509 112705 1235.4 111470 52452.2 3451.84 281.092 140.8 140.292 3170.75 1215.81 799.665 172.456 48.4933 627.209 143.422 102.077 88.6713 416.141 68.9144 61.214 49000.4 18176.6 30823.8 27963.5 6964.08 898.952
internal_count=4505001 1554197 29288 2553 1524909 8746 1516163 1443290 82291 2602 764 1838 79689 21822 12804 1843 602 10961 1773 832 755 9018 925 880 1360999 426808 934191 758487 112937 14193
cat_boundaries=0 1 2 3 4 5 6 7 8 9 10 11 12 13 14 15
cat_threshold=35 32 2 80 8 4 38 32 48 34 1 42 80 770 13
is_linear=0
shrinkage=0.08


Tree=146
num_leaves=31
num_cat=4
split_feature=20 19 11 9 7 0 43 4 19 45 7 7 17 7 13 18 19 18 19 13 4 12 35 19 18 6 6 7 19 42
split_gain=211.622 239.162 180.341 158.121 156.63 146.87 145.688 311.453 312.648 369.192 644.814 354.389 309.977 296.512 1433.24 665.309 1315.82 314.788 2020.2 294.567 472.582 360.832 290.688 551.551 979.112 313.755 444.952 1234.17 2690.22 427.886
threshold=7.5000000000000009 31.32499980926514 48.500000000000007 1.0000000180025095e-35 6805.9450683593759 4.5000000000000009 0 35.500000000000007 5928.9248046875009 1 4473.3999023437509 464.14994812011724 79.500000000000014 425.60504150390631 427.50006103515631 25451.224609375004 1430.174987792969 275.02499389648443 529.02499389648449 915.50003051757824 12.500000000000002 1274.3750000000002 2 1258.799987792969 1326.1250000000002 871.60000610351574 912.82507324218761 128.93499755859378 240.5100021362305 3
decision_type=2 2 2 2 2 2 9 8 2 9 2 2 2 2 2 2 2 2 2 2 10 2 1 2 2 2 2 2 2 9
left_child=4 2 -2 -3 5 6 7 8 11 10 12 13 -10 22 -15 17 -17 18 -16 20 -13 -22 23 -1 -25 -24 27 -27 -29 -28
right_child=1 3 -4 -5 -6 -7 -8 -9 9 -11 -12 19 -14 14 15 16 -18 -19 -20 -21 21 -23 25 24 -26 26 29 28 -30 -31
leaf_value=0.024883300671694152 -0.2146920166889687 -0.0096579763503460425 0.0094666528017419149 -0.069859564404475855 -0.02683730913151957 0.14335465273456557 0.0013760822729948039 -0.020334163158610981 -0.037071782914448702 0.032518632429431531 1.0408967353430851 -0.061855103217549882 0.34805308907678978 0.83201753364568354 -0.040656616752374676 -0.20012562065790415 1.9011414119414602 -0.0094584954197511183 1.1500810352764217 -0.0095431727664778542 0.72158887256359294 0.021735082485554145 -0.0039114386842667133 0.46139038028312923 -0.10546171006244023 0.03181309944142887 -0.025669372535247776 2.0744550559550179 -0.19095002516333748 0.030162669919341436
leaf_weight=993.70057968981564 68.56240605819039 2768.9926495624823 34.542947362177074 310.53917840245413 1295.9248803133378 46.384512454271317 531517.64922408061 5963.5612247494282 23.484669351368211 438.12180960737169 6.2376584180165073 1252.0833605666412 31.072056402685121 15.215573904104529 46.059115971205756 4.1022870526649049 3.5645222244784236 298.07768726639915 11.369934457819907 2853.8565690415562 8.6469059807714093 10.368482779944314 31416.832724824897 50.095422415528446 31.932955752126873 42.645240256562829 1180.063867507386 6.5337345835287106 6.8955118504818529 3368.6023515381385
leaf_count=7909 1388 32712 172 4306 16874 25 3855503 21702 811 11719 158 30173 32 141 757 130 89 6166 83 69880 140 73 391026 187 629 447 17522 40 283 33696
internal_value=0.000831244 -0.0197414 -0.139593 -0.0157287 0.000943953 0.00100607 0.000994674 -0.00322284 -0.000799725 0.0621531 0.232178 -0.00155472 0.182271 0.000894992 0.0713543 0.0394854 0.776814 0.0235843 0.195088 -0.0238106 -0.0558437 0.339981 0.000176314 0.0409609 0.24072 -0.00105273 0.0184491 0.242426 0.911238 0.015688
internal_weight=584106 3182.64 103.105 3079.53 580923 579627 579581 48063.1 42099.6 498.916 60.7944 41600.6 54.5567 37475.7 378.389 363.174 7.66681 355.507 57.4291 4124.96 1271.1 19.0154 37097.3 1075.73 82.0284 36021.6 4604.74 56.0745 13.4292 4548.67
internal_count=4504773 38578 1560 37018 4466195 4449321 4449296 593793 572091 12720 1001 559371 843 459105 7366 7225 219 7006 840 100266 30386 213 451739 8725 816 443014 51988 770 323 51218
cat_boundaries=0 1 2 3 4
cat_threshold=34 2 16 19
is_linear=0
shrinkage=0.08


Tree=147
num_leaves=31
num_cat=22
split_feature=48 3 46 2 36 38 47 37 47 37 12 38 47 36 35 47 23 40 38 38 47 4 45 3 46 38 47 3 6 45
split_gain=273.283 270.78 962.155 789.55 567.366 574.144 908.402 559.557 554.675 551.167 423.299 625.592 395.073 371.037 453.105 346.596 334.549 328.011 418.242 316.085 556.898 297.497 296.008 293.809 526.364 450.399 447.313 433.28 447.759 381.403
threshold=0 18.605000495910648 1 inf 2 3 4 5 6 7 159.9999923706055 8 9 10 11 12 -1.0000000180025095e-35 13 14 15 16 inf 17 182.51499938964847 18 19 20 217.56500244140628 282.02499389648443 21
decision_type=9 10 1 8 9 1 1 1 1 1 2 1 1 9 1 1 2 1 1 1 1 8 9 10 1 1 1 10 2 9
left_child=1 2 4 8 -1 9 -7 22 10 12 17 -12 -6 -10 -15 -16 -9 -4 21 20 -14 -19 -8 -3 25 -25 27 -26 29 -29
right_child=-2 23 3 -5 5 6 7 16 13 -11 11 -13 19 14 15 -17 -18 18 -20 -21 -22 -23 -24 24 26 -27 -28 28 -30 -31
leaf_value=0.046825743696084922 0.028289797665131112 0.0020876859728197446 -0.1596986458988261 0.0037724512522951626 0.062296101353157517 0.0042826698657891247 0.10757937637945303 -0.043515082177099908 0.094978256299860092 -0.0045033346305819143 0.03511015758453799 -0.18230391291314926 0.23936337958222936 -0.0068088170268702387 -0.10501429789585669 -0.42487193726775185 -0.10743844586343597 -0.081730637325452118 -0.12758245184002304 0.0029245405980607075 0.018362676546593511 0.0074659655830017334 -0.014951653139067822 0.00092078259035018528 -0.038943051212846566 -0.0054111809839592464 0.007943856175508161 0.10426382507681176 -0.035522191566772159 0.0060184076999132705
leaf_weight=1463.4247731722426 2135.2520020041848 248448.17657320545 422.66466971579939 1860.0763140940107 1697.4108537752181 9129.1748386553372 120.48325574398041 3603.9024881878868 170.26076428964734 6624.3368489353452 381.05739643890411 98.225026589818299 105.5373213365674 682.2645767275244 79.298529418883845 29.840368190780282 613.13355760136619 572.06317059881985 660.55719801969826 2425.1143526975065 236.50867869425565 411.42587848007679 3972.7709075757884 142505.2118583949 297.7808846719563 145089.70381357445 8276.675477348268 1124.5443737395108 240.44934610463679 338.71533733792603
leaf_count=2998 13482 1446248 1535 2474 4151 11355 107 26719 142 37014 448 414 603 1429 272 199 4287 1450 2163 8537 346 608 27604 1069751 800 1808085 27575 2283 1211 687
internal_value=-0.000277972 -0.00038284 -0.00716748 -0.038361 -0.00158466 -0.00408296 -0.0131301 -0.0322744 -0.060704 0.0101444 -0.0802557 -0.0125182 0.0318396 -0.00894123 -0.0320928 -0.176314 -0.0526843 -0.0959644 -0.0781325 0.0132722 0.0840933 -0.0439697 -0.0110916 5.62821e-05 -0.00163806 -0.00227381 0.0161509 0.0500891 0.0656505 0.0822757
internal_weight=583816 581681 35359.5 5367.73 29991.8 28528.4 17439.5 8310.29 3507.66 11088.9 2545.99 479.282 4464.57 961.664 791.403 109.139 4217.04 2066.71 1644.05 2767.16 342.046 983.489 4093.25 546321 297873 287595 10278.2 2001.49 1703.71 1463.26
internal_count=4504977 4491495 134855 11134 123721 120723 70072 58717 8660 50651 6618 862 13637 2042 1900 471 31006 5756 4221 9486 949 2058 27711 4356640 2910392 2877836 32556 4981 4181 2970
cat_boundaries=0 1 2 3 4 5 6 7 8 9 10 11 12 13 14 15 16 17 18 19 20 21 22
cat_threshold=1 1 26 548 2 13 2 36 678 1 66 33 4 4 707 32 4 8 1 279 1 37
is_linear=0
shrinkage=0.08


Tree=148
num_leaves=31
num_cat=9
split_feature=47 38 34 0 37 3 21 17 3 41 19 41 16 17 32 32 31 12 3 38 3 35 16 12 17 3 43 3 32 32
split_gain=277.356 567.594 515.35 486.391 1207.12 785.514 579.732 1290.89 1084.01 551.305 497.362 718.536 543.033 1271.73 2677.58 1202.15 582.215 527.75 506.796 496.622 932.482 779.426 1034.87 2205.4 846.948 1129.78 891.766 1261.11 2909.49 1282.36
threshold=0 1 2 1.5000000000000002 3 595.94500732421886 1.0000000180025095e-35 24.500000000000004 137.504997253418 4 2444.8850097656255 5 1.0000000180025095e-35 3.5000000000000004 -2.5249999761581416 11.015000343322756 inf 4410.1748046875009 309.67500305175787 6 491.38499450683599 7 1.0000000180025095e-35 707.27499389648449 1.0000000180025095e-35 708.80499267578136 8 754.16497802734386 3.7150000333786015 -4.944999933242797
decision_type=1 1 1 2 1 10 2 2 10 9 2 9 2 2 8 10 8 2 10 1 10 1 2 2 2 8 9 10 8 10
left_child=1 2 -1 5 9 6 10 8 -8 -5 -3 -12 15 14 -14 17 -15 -13 -17 20 -6 22 -22 -24 25 -23 27 28 29 -27
right_child=-2 3 -4 4 19 -7 7 -9 -10 -11 11 12 13 16 -16 18 -18 -19 -20 -21 21 24 23 -25 -26 26 -28 -29 -30 -31
leaf_value=0.025707942917895136 0.00045310181256581555 -0.0020910080381568385 -0.014408296133360164 0.051699230010407923 -0.027407251191172363 -0.07698135060514362 -0.029410515625478403 -0.093827455566220741 0.094998225491644966 -0.031807858194933709 -0.0438439789859165 -0.069356849321547578 2.0237066553241587 0.083823130318462238 -0.091560705743236853 0.27401200919028273 0.75210114501556691 0.07510761760042553 -0.092893036533388471 0.0027457686082436139 0.1296276524822727 0.022845644676408209 1.839758161885964 -0.096498938501599366 -0.0070042055704706268 0.96556518524131818 -0.029797642123981696 0.14540251708134974 0.33658588567125003 2.6400372986418774
leaf_weight=7495.8142660651356 417545.85218028608 79732.072759929113 2814.4005028290558 515.90675607323647 12622.703836385394 852.74983159056865 618.45799904270098 408.59392118058167 1628.6119123997632 15253.845769884414 567.78914114553481 541.52753381500952 6.7186039532534778 899.97200603061356 8.9078457625582796 138.45672383159399 8.4215930765494686 230.82387043535709 29.169856500346214 30889.367043209728 88.088393893092871 1242.3334810389206 7.3432442466728371 7.7256421064957976 8810.6220096183824 6.7086590440012515 90.280844201333821 144.56466100737453 65.599096278194338 5.1927313953638059
leaf_count=39588 1331830 1277258 18913 2848 363508 8663 8694 9073 23030 211475 14785 14528 29 10941 201 711 196 3191 800 559045 1295 50748 90 373 547026 187 2441 3047 1320 60
internal_value=-0.000645961 -0.00341493 0.014754 -0.00462085 -0.00958104 -0.000583032 0.000185053 0.0369733 0.0607574 -0.0290449 -0.001004 0.0346362 0.0584634 0.102328 0.8179 0.0159654 0.0900186 -0.0261824 0.210164 -0.00388882 -0.0127613 0.00488628 0.213711 0.847062 0.00259933 0.0570408 0.19305 0.27271 0.545369 1.69616
internal_weight=583279 165733 10310.2 155423 69750.3 85672.3 84819.5 2655.66 2247.07 15769.8 82163.9 2431.79 1864 924.02 15.6264 939.978 908.394 772.351 167.627 53980.5 23091.2 10468.5 103.157 15.0689 10365.3 1554.68 312.346 222.065 77.5005 11.9014
internal_count=4505894 3174064 58501 3115563 1743463 1372100 1363437 40797 31724 214323 1322640 45382 30597 11367 230 19230 11137 17719 1511 1529140 970095 606587 1758 463 604829 57803 7055 4614 1567 247
cat_boundaries=0 1 2 3 4 5 6 7 8 9
cat_threshold=4 129 102 4 16 21 56 16 36
is_linear=0
shrinkage=0.08


Tree=149
num_leaves=31
num_cat=12
split_feature=15 21 36 45 42 41 4 18 43 35 27 34 45 18 6 18 20 4 11 13 39 7 18 37 34 6 11 18 43 6
split_gain=237.144 195.847 383.572 311.823 285.486 260.963 513.87 404.679 1014.55 294.172 605.942 428.569 790.681 384.765 534.688 502.994 356.734 353.599 544.129 337.38 315.79 401.689 286.549 336.048 285.861 258.083 255.862 324.956 401.405 263.552
threshold=1.5000000000000002 1.0000000180025095e-35 0 1 2 3 65.500000000000014 42.024999618530281 4 5 5.5000000000000009 6 7 1000.0000305175782 44.099975585937507 249.02500152587893 1.5000000000000002 34.500000000000007 17.500000000000004 888.99996948242199 8 50.524999618530281 3292.2800292968755 9 10 2103.6250000000005 8.5000000000000018 1073.2750244140627 11 5577.3000488281259
decision_type=2 2 9 9 9 9 8 2 9 1 10 1 9 2 2 2 2 10 2 2 9 2 2 1 1 2 2 2 9 2
left_child=1 -1 3 4 -3 6 7 8 -4 11 17 12 13 14 15 -9 -12 -11 -19 -18 21 -15 -7 -24 -14 -13 -22 -28 29 -29
right_child=-2 2 5 -5 -6 22 -8 9 -10 10 16 25 24 20 -16 -17 19 18 -20 -21 26 -23 23 -25 -26 -27 27 28 -30 -31
leaf_value=-0.00025340836919396657 -0.043103821897947092 0.23790280985965001 0.394262560994244 -0.0049726037084808728 0.060181374608649495 -0.0078441903080485841 -0.21126542879334206 0.24971308728472355 -0.098367739652209366 -0.01369327509257583 0.010038928839979883 0.021617001092069477 0.14315982647646056 0.10498491765232414 -0.011153438449090529 0.0094866856368210854 0.25311988003214175 -0.018341748914754329 0.26117058334511017 -0.077064166614985913 0.031560451445927243 0.50255891291213028 0.043294007471874715 -0.0034974236940734471 -0.023819577184451296 -0.055024095199305852 0.41935183405397314 0.23030727956448163 -0.034975978924634943 0.017378149043331872
leaf_weight=561193.98389738705 816.74862450105138 102.07699303887784 48.972326413670089 174.82123643881641 169.896688407287 9833.5043004087638 61.921312906197272 134.4835084984079 47.231256821192801 3139.8340423501795 108.82971857534721 1444.7841411483241 63.460382085293531 30.344073515385389 308.2414563819766 95.32172704488039 124.83884758141357 104.44884629128501 77.756664219778031 23.540204594028182 123.59011906897649 35.051836188649759 1780.7810050029075 2179.76221132715 606.85071610566229 349.15723963314667 29.532752735540271 207.55620066216215 69.500111931469291 45.327485577203333
leaf_count=4290535 8424 132 167 866 622 85995 664 231 449 47262 1344 12008 86 47 1722 497 435 746 276 810 697 190 14982 27766 3762 3327 59 621 451 162
internal_value=-2.6577e-05 3.38012e-05 0.0075231 0.0800596 0.132955 0.00594447 0.018188 0.0201815 0.183162 0.0179801 0.00174827 0.0342753 0.062394 0.104637 0.0577062 0.150069 0.120049 -0.00740588 0.100941 0.200736 0.153254 0.318082 -0.000526246 0.0176419 -0.00613917 0.0066631 0.130585 0.165361 0.142094 0.184832
internal_weight=583532 582715 21521.4 446.795 271.974 21074.6 7280.57 7218.65 96.2036 7122.45 3579.25 3543.2 1749.26 1078.95 538.047 229.805 257.209 3322.04 182.206 148.379 540.903 65.3959 13794 3960.54 670.311 1793.94 475.507 351.917 322.384 252.884
internal_count=4505335 4496911 206376 1620 754 204756 76013 75349 616 74733 50873 23860 8525 4677 2450 728 2589 48284 1022 1245 2227 237 128743 42748 3848 15335 1990 1293 1234 783
cat_boundaries=0 1 2 3 4 5 6 7 8 9 10 11 12
cat_threshold=48 12 32 33 1 48 27 33 2 40 1 5
is_linear=0
shrinkage=0.08


end of trees

feature_importances:
MONTHLY_PREMIUM=408
TENURE_BAND=313
PREMIUM_CHANGE_3M=297
CHANNEL_ACQUISITION=244
POLICY_OWNER_AGE_BAND=198
MARKETING_OPTIN=197
TOTAL_BENEFIT_PAID_ROLL12M=182
PAYMENT_FREQUENCY_DESC=167
TOTAL_OUT_OF_POCKET_ROLL12M=159
LHC_LOADING_RATE=151
STATE_CODE=151
TOTAL_BENEFIT_PAID_ROLL3M=141
TOTAL_BENEFIT_PAID_ROLL6M=132
INCOME_TIER=131
HOSPITAL_TIER=131
TOTAL_OUT_OF_POCKET_ROLL3M=120
TOTAL_CLAIM_COUNT_ROLL12M=112
PAYMENT_METHOD_DESC=112
EXTRAS_TIER=106
SCALE=97
TOTAL_OUT_OF_POCKET_ROLL6M=89
HOSPITAL_EXCESS_AMT=83
PRODUCT_HOLDINGS=74
ACTIVE_CHILD_COUNT=73
TOTAL_CLAIM_COUNT_ROLL6M=66
ARREARS_FLAG=66
TOTAL_CLAIM_COUNT_ROLL3M=59
ARREARS_FLAG_LAG2M=58
MONTHS_SINCE_LAST_CLAIM=46
ACTIVE_ADULT_COUNT=32
LAST_SERVICE_RATING=29
NO_BENEFIT_PAID_FLAG_ROLL6M=27
NO_BENEFIT_PAID_FLAG_ROLL12M=26
REVERSAL_FLAG_ROLL12M=25
NEGATIVE_SENTIMENT_CALLS_LAST_6M=25
YOUNGEST_DEPENDANT_AGE_BAND=22
HOSPITAL_CLAIM_COUNT_ROLL6M=21
LAST_OVERALL_EXPERIENCE_RATING=18
HOSPITAL_CLAIM_COUNT_ROLL12M=16
NO_BENEFIT_PAID_FLAG_ROLL3M=15
CALL_NEGATIVE_SENTIMENT=15
LAST_NPS_RATING=14
HOSPITAL_CLAIM_COUNT_ROLL3M=13
MONTHS_SINCE_LAST_SURVEY=13
REVERSAL_FLAG_ROLL6M=9
RESOLUTION_TIME=8
REVERSAL_FLAG_ROLL3M=5
HAD_COMPLAINT_FLAG=4

parameters:
[boosting: gbdt]
[objective: binary]
[metric: auc,average_precision]
[tree_learner: serial]
[device_type: cpu]
[data_sample_strategy: bagging]
[data: ]
[valid: ]
[num_iterations: 150]
[learning_rate: 0.08]
[num_leaves: 31]
[num_threads: 4]
[seed: 42]
[deterministic: 1]
[force_col_wise: 1]
[force_row_wise: 0]
[histogram_pool_size: -1]
[max_depth: -1]
[min_data_in_leaf: 100]
[min_sum_hessian_in_leaf: 0.001]
[bagging_fraction: 0.6]
[pos_bagging_fraction: 1]
[neg_bagging_fraction: 1]
[bagging_freq: 1]
[bagging_seed: 400]
[bagging_by_query: 0]
[feature_fraction: 0.7]
[feature_fraction_bynode: 1]
[feature_fraction_seed: 30056]
[extra_trees: 0]
[extra_seed: 12879]
[early_stopping_round: 0]
[early_stopping_min_delta: 0]
[first_metric_only: 0]
[max_delta_step: 0]
[lambda_l1: 0]
[lambda_l2: 0]
[linear_lambda: 0]
[min_gain_to_split: 0]
[drop_rate: 0.1]
[max_drop: 50]
[skip_drop: 0.5]
[xgboost_dart_mode: 0]
[uniform_drop: 0]
[drop_seed: 17869]
[top_rate: 0.2]
[other_rate: 0.1]
[min_data_per_group: 100]
[max_cat_threshold: 32]
[cat_l2: 10]
[cat_smooth: 10]
[max_cat_to_onehot: 4]
[top_k: 20]
[monotone_constraints: ]
[monotone_constraints_method: basic]
[monotone_penalty: 0]
[feature_contri: ]
[forcedsplits_filename: ]
[refit_decay_rate: 0.9]
[cegb_tradeoff: 1]
[cegb_penalty_split: 0]
[cegb_penalty_feature_lazy: ]
[cegb_penalty_feature_coupled: ]
[path_smooth: 0]
[interaction_constraints: ]
[verbosity: -1]
[saved_feature_importance_type: 0]
[use_quantized_grad: 0]
[num_grad_quant_bins: 4]
[quant_train_renew_leaf: 0]
[stochastic_rounding: 1]
[linear_tree: 0]
[max_bin: 127]
[max_bin_by_feature: ]
[min_data_in_bin: 3]
[bin_construct_sample_cnt: 200000]
[data_random_seed: 175]
[is_enable_sparse: 1]
[enable_bundle: 1]
[use_missing: 1]
[zero_as_missing: 0]
[feature_pre_filter: 1]
[pre_partition: 0]
[two_round: 0]
[header: 0]
[label_column: ]
[weight_column: ]
[group_column: ]
[ignore_column: ]
[categorical_feature: 34,35,36,37,38,39,40,41,42,43,44,45,46,47,48,49]
[forcedbins_filename: ]
[precise_float_parser: 0]
[parser_config_file: ]
[objective_seed: 16083]
[num_class: 1]
[is_unbalance: 0]
[scale_pos_weight: 88.4768]
[sigmoid: 1]
[boost_from_average: 1]
[reg_sqrt: 0]
[alpha: 0.9]
[fair_c: 1]
[poisson_max_delta_step: 0.7]
[tweedie_variance_power: 1.5]
[lambdarank_truncation_level: 30]
[lambdarank_norm: 1]
[label_gain: ]
[lambdarank_position_bias_regularization: 0]
[eval_at: ]
[multi_error_top_k: 1]
[auc_mu_weights: ]
[num_machines: 1]
[local_listen_port: 12400]
[time_out: 120]
[machine_list_filename: ]
[machines: ]
[gpu_platform_id: -1]
[gpu_device_id: -1]
[gpu_device_id_list: ]
[gpu_use_dp: 0]
[num_gpu: 1]

end of parameters

pandas_categorical:null
