tree
version=v4
num_class=1
num_tree_per_iteration=1
label_index=0
max_feature_idx=49
objective=binary sigmoid:1
feature_names=ACTIVE_ADULT_COUNT ACTIVE_CHILD_COUNT INCOME_TIER MONTHLY_PREMIUM LHC_LOADING_RATE TOTAL_CLAIM_COUNT_ROLL3M TOTAL_BENEFIT_PAID_ROLL3M TOTAL_OUT_OF_POCKET_ROLL3M HOSPITAL_CLAIM_COUNT_ROLL3M REVERSAL_FLAG_ROLL3M NO_BENEFIT_PAID_FLAG_ROLL3M TOTAL_CLAIM_COUNT_ROLL6M TOTAL_BENEFIT_PAID_ROLL6M TOTAL_OUT_OF_POCKET_ROLL6M HOSPITAL_CLAIM_COUNT_ROLL6M REVERSAL_FLAG_ROLL6M NO_BENEFIT_PAID_FLAG_ROLL6M TOTAL_CLAIM_COUNT_ROLL12M TOTAL_BENEFIT_PAID_ROLL12M TOTAL_OUT_OF_POCKET_ROLL12M HOSPITAL_CLAIM_COUNT_ROLL12M REVERSAL_FLAG_ROLL12M NO_BENEFIT_PAID_FLAG_ROLL12M MONTHS_SINCE_LAST_CLAIM MONTHS_SINCE_LAST_SURVEY LAST_OVERALL_EXPERIENCE_RATING LAST_NPS_RATING LAST_SERVICE_RATING RECENT_LOW_RATING_FLAG HAS_EVER_SURVEYED HAD_COMPLAINT_FLAG ARREARS_FLAG_LAG2M PREMIUM_CHANGE_3M NEGATIVE_SENTIMENT_CALLS_LAST_6M POLICY_OWNER_AGE_BAND SCALE STATE_CODE CHANNEL_ACQUISITION TENURE_BAND YOUNGEST_DEPENDANT_AGE_BAND PRODUCT_HOLDINGS HOSPITAL_TIER EXTRAS_TIER HOSPITAL_EXCESS_AMT PAYMENT_METHOD_DESC PAYMENT_FREQUENCY_DESC ARREARS_FLAG MARKETING_OPTIN CALL_NEGATIVE_SENTIMENT RESOLUTION_TIME
feature_infos=[0:6] [0:12] [0:3] [0.31000000238418579:1457.6800537109375] [0:70] [0:225] [-29:303645.8125] [-0.0009765625:66555.6015625] [0:41] [0:3] [0:3] [0:245] [-180.75001525878906:303645.8125] [-0.000244140625:66840.6015625] [0:66] [0:5] [0:6] [0:377] [-750:322198.21875] [0:90121.859375] [0:98] [0:7] [0:11] [-1:14] [-1:15] [0:10] [0:10] [0:10] [0:1] [0:1] [0:1] [0:1] [-868.1300048828125:717.75] [0:6] -1:2:1:3:4:6:5:0 -1:5:3:0:4 -1:7:6:1:3:4:0:5 -1:0:5:2:4:3:1:6 -1:5:8:2:6:3:1:4:9:0:7 -1:0:1 -1:1:2:3:0 -1:5:1:2:0:4 -1:3:5:4:1:0 -1:3:0:2:5:1 -1:1:0 -1:0:2:5:3:1 -1:0:1 -1:2:0:1 -1:0 -1:3:1:0
tree_sizes=3286 3300 3362 3364 3274 3467 3384 3373 3327 3334 3380 3351 3378 3393 3367 3416 3368 3449 3375 3347 3281 3316 3345 3408 3311 3295 3356 3349 3324 3324 3361 3333 3396 3325 3318 3350 3341 3295 3347 3275 3309 3379 3339 3385 3343 3324 3416 3342 3438 3347 3356 3394 3416 3383 3341 3305 3382 3357 3360 3213 3339 3373 3339 3254 3400 3327 3364 3245 3374 3382 3350 3334 3359 3273 3396 3272 3310 3260 3351 3325 3295 3431 3342 3287 3248 3291 3412 3302 3366 3327 3323 3342 3293 3331 3394 3377 3330 3270 3341 3312 3324 3384 3382 3320 3336 3316 3360 3321 3259 3361 3318 3369 3334 3300 3285 3356 3342 3454 3350 3392 3295 3308 3347 3354 3488 3348 3343 3375 3350 3410 3297 3345 3207 3326 3328 3326 3335 3240 3325 3405 3306 3344 3360 3313 3459 3243 3336 3317 3353 3323

Tree=0
num_leaves=31
num_cat=16
split_feature=2 41 36 3 36 18 44 37 3 32 44 45 31 35 3 6 18 41 37 37 37 32 44 3 3 32 0 44 35 44
split_gain=5.31294e+07 1.21734e+07 7.58147e+06 5.48518e+06 1.83262e+06 1.96848e+06 1.57429e+06 1.36474e+06 943216 887795 694033 691353 688972 672160 635224 629845 584926 556615 509804 492460 429325 352688 304243 269880 248091 244099 231794 227842 212361 205783
threshold=inf 0 1 502.63500976562506 2 1.0000000180025095e-35 3 4 122.18500137329103 -3.0749999284744258 5 6 1.0000000180025095e-35 7 253.90000152587893 9435.9252929687518 1.0000000180025095e-35 8 9 10 11 -8.3550000190734846 12 inf 462.05499267578131 -15.574999809265135 1.5000000000000002 13 14 15
decision_type=8 9 9 10 9 2 9 1 10 10 9 9 10 1 10 2 2 9 1 1 1 8 9 8 8 8 2 9 1 9
left_child=1 2 3 6 5 10 11 -8 -9 -2 -3 -1 18 -5 25 16 -16 -12 21 -4 -15 -7 -23 26 -19 -10 -24 -21 -22 -6
right_child=9 4 19 13 29 12 7 8 14 -11 17 -13 -14 20 15 -17 -18 24 -20 27 28 22 23 -25 -26 -27 -28 -29 -30 -31
leaf_value=4.7732095834423545 8.8105675190836372 4.456764619843395 -0.49239013705772283 1.3069139901589812 6.5669547065889651 4.8141541015177216 1.6836009632680424 5.5085755282046245 4.3200770889187998 6.2650742303030702 6.5150677954088918 0.030256449364975069 6.4187777649578406 0.004526124581783364 0.12105021817185424 2.3904518325693402 -1.4317166115883109 2.2630517717308027 -1.970488649970537 5.7690465687060355 -2.401924057985434 3.4401394705682096 1.3147353409246056 8.5217789706727807 8.1030654453663367 0.13525173784285904 0.23713027339040149 2.9150613690657012 -3.4731523415194445 3.9537859164644322
leaf_weight=635.12006806815043 5975.3744387887418 1745.2141313031316 379.46397199574858 246.75366355013102 201.74922805931419 168.75930593442172 2322.7093739164993 167.17010234110057 90.965481920633465 1027.7163698347285 276.43065191386268 413.90655452618375 154.14826890034601 302.06146463006735 2029.9923412026837 351.00782566145062 6602.5987245482393 4440.9546857844107 419.67272333940491 186.54201132431626 1911.8353924537078 336.60104933520779 3503.8497159951366 30.067190266679972 47.047947735991329 4610.3908245125785 2010.5521123544313 4441.7364205112681 3650.071006000042 4380.1111628827639
leaf_count=34270 34196 104435 45468 23620 6781 9349 218204 7818 5598 38399 8015 46894 5465 34147 230879 30020 878376 386846 58242 8120 277051 24396 346518 280 683 523544 225767 350916 577995 289494
internal_value=1.94504 0.957924 -0.0778475 -0.689297 2.60776 2.09842 0.0432074 -0.151571 -0.467655 8.43701 3.09192 3.04647 1.13301 -2.7466 -0.537211 -0.931503 -1.06658 2.59198 1.00706 2.75669 -2.93208 1.19775 1.10483 0.963054 2.30758 0.216223 0.92184 3.01238 -3.1006 4.0487
internal_weight=53060.6 46057.5 28342.3 23334.6 17715.2 13133.3 17223.9 16174.8 13852.1 7003.09 6509.65 1049.03 6623.65 6110.72 13685 8983.6 8632.59 4764.43 6469.5 5007.74 5863.97 6049.83 5881.07 5544.47 4488 4701.36 5514.4 4628.28 5561.91 4581.86
internal_count=4831786 4759191 3292920 2888416 1466271 1169996 1975603 1894439 1676235 72595 499979 81164 670017 912813 1668417 1139275 1109255 395544 664552 404504 889193 606310 596961 572565 387529 529142 572285 359036 855046 296275
cat_boundaries=0 1 2 3 4 5 6 7 8 9 10 11 12 13 14 15 16
cat_threshold=38 128 128 1 4 1 12 48 16 45 16 4 1 1 8 1
is_linear=0
shrinkage=1


Tree=1
num_leaves=31
num_cat=10
split_feature=2 47 31 47 36 37 3 40 4 3 4 4 4 7 6 3 18 4 7 3 3 3 47 3 3 37 31 37 36 35
split_gain=8.09404e+06 2.39316e+07 1.84399e+07 5.83585e+06 6.39662e+06 3.27299e+06 1.84534e+06 1.67155e+06 1.36488e+06 1.30392e+06 1.44473e+06 959173 613472 607919 856716 597805 732256 588016 589927 527779 538236 499195 735813 480179 441474 381822 362770 338332 379068 634071
threshold=inf 0 inf 1 2 3 inf 4 inf 48.914999008178718 13.500000000000002 inf inf 89.000007629394545 1.0000000180025095e-35 125.85499954223634 1.0000000180025095e-35 14.500000000000002 774.87493896484386 74.955001831054702 633.08001708984386 133.55500030517581 5 59.940000534057624 529.73498535156261 6 1.0000000180025095e-35 7 8 9
decision_type=8 1 8 1 9 1 8 1 8 10 8 8 8 2 2 10 2 10 2 10 10 10 1 10 10 1 10 1 9 1
left_child=3 -2 11 24 7 12 9 -5 -7 -4 13 -3 -6 14 19 16 -9 21 -19 -11 -21 22 23 -12 -1 -17 -18 -26 29 -29
right_child=1 2 6 4 5 8 -8 15 -10 10 17 -13 -14 -15 -16 25 26 18 -20 20 -22 -23 -24 -25 27 -27 -28 28 -30 -31
leaf_value=0.099243721559959863 -2.8726958707138373 -52.6609765755992 -445.29567571852584 -1.4072665927251213 -0.12192581041870147 -1.7109472526255778 -41.835883354165723 -0.77140585655790272 -3.6811199661699194 -185.51484204643313 -202.04041173754661 -34.554698111777618 -4.3594213440177843 -536.45786692556305 -155.91449298240295 -0.36580733873017812 -0.26017292180307211 -423.88833446520209 -14.524353617746106 -431.83228179610268 -91.958638547133106 -132.98706667546179 -173.55952131760901 -536.45786692556146 0.070366441362985754 -0.13785798521259809 -10.558559455081422 2.2243215948671189 0.054574061300492652 0.63951791338832908
leaf_weight=358669.0949687484 433.62280830007512 40.297965181292966 0.31362286547664542 7469.5843662565167 10149.592368584126 19038.324297745014 0.20230988517869253 23284.115797316728 2552.104018793907 0.081467775686178023 0.042746793245896697 34.977489165612496 223.46770053589717 0.099154229101259261 0.15026170253986493 53160.603571993561 81799.109519848236 0.12699061195598915 0.027389070542994887 0.40989803202683106 0.032160401868168265 0.53146127820946276 0.23635170544730499 0.07693771761842072 7844.9474970537703 407910.10630726593 21.897257689619437 2134.165184581012 3649.8558338172734 6685.814622218255
leaf_count=331255 22686 26590 1748 142605 42230 427488 113 251180 120160 191 109 15193 12417 665 297 318092 420988 674 6 2216 38 899 519 516 6531 2655399 2942 11579 4774 7920
internal_value=-0.131639 -10.1952 -51.1096 -0.126414 -0.280487 -1.38177 -272.725 -0.219096 -1.94293 -294.671 -268.641 -44.2477 -0.213009 -351.512 -324.295 -0.203396 -0.375573 -207.161 -351.262 -372.623 -407.106 -182.095 -255.4 -417.017 0.119793 -0.164151 -0.262929 0.482598 0.741287 1.02508
internal_weight=985104 511.229 77.6062 984593 605609 31963.5 2.33075 573645 21590.4 2.12844 1.81482 75.2755 10373.1 0.772942 0.673788 566176 105105 1.04188 0.15438 0.523526 0.442058 0.887497 0.356036 0.119685 378984 461071 81821 20314.8 12469.8 8819.98
internal_count=4828020 72460 49774 4755560 4393501 602295 7991 3791206 547648 7878 6130 41783 54647 3407 2742 3648601 675110 2723 680 2445 2254 2043 1144 625 362059 2973491 423930 30804 24273 19499
cat_boundaries=0 1 2 3 4 5 6 7 8 9 10
cat_threshold=2 2 128 16 1 4 4 6 128 1
is_linear=0
shrinkage=0.08


Tree=2
num_leaves=31
num_cat=11
split_feature=36 3 44 41 37 18 3 31 18 37 38 37 44 3 0 41 18 44 2 12 8 38 32 4 2 3 2 0 18 2
split_gain=563332 580068 655637 371687 215809 199070 154000 150865 124579 105791 85543.7 82381.4 80626.1 80041.7 69183.9 56965.3 53204.2 59626.7 48779.4 45839.8 47507.8 45824.5 42116.9 38866.9 43377.7 35824.7 35475.1 34702.9 32888.2 30969.5
threshold=0 122.18500137329103 1 2 3 1.0000000180025095e-35 261.02499389648443 1.0000000180025095e-35 1.0000000180025095e-35 4 5 6 7 502.63500976562506 1.5000000000000002 8 1.0000000180025095e-35 9 inf 9827.3696289062518 1.0000000180025095e-35 10 -15.574999809265135 56.500000000000007 inf 502.63500976562506 inf 1.5000000000000002 1.0000000180025095e-35 inf
decision_type=9 10 9 9 1 2 10 10 2 1 1 1 9 10 2 9 2 9 8 2 2 1 8 8 8 10 8 2 2 8
left_child=1 2 5 29 25 10 15 9 -4 -7 -1 -5 23 16 -15 28 -8 -18 -14 -19 -21 -16 -17 24 -13 -3 -12 -10 -6 -2
right_child=3 4 8 11 6 7 13 -9 27 -11 26 12 18 14 21 22 17 19 -20 20 -22 -23 -24 -25 -26 -27 -28 -29 -30 -31
leaf_value=-0.39331025990127294 -0.62423028207089271 -0.15940061947108211 -0.23610752288553638 -0.037616206966353261 -0.3460254536437109 0.23136033636041423 -0.052013258110053973 3.2842302786070152 -0.13896796785678087 -0.69009462550830658 -1.1836596440805642 -2.0778850277610648 -0.21981432684215221 -0.17598844902679034 0.073559888924445038 -0.6743964716543378 -0.18195528532238295 0.038932343222188387 0.16206104952146513 0.098964944021473489 -0.25729914763598755 0.22871824886759523 -0.052223885401355842 -0.52814246462400904 -0.014510092787011306 -0.026067003531943387 -0.20488649647503188 -0.053257717222235462 -0.12997712855176285 0.048643134890302787
leaf_weight=1196.415622738079 15278.965842966543 95439.180937839119 76048.542292210797 18602.131951452731 5882.6147363724085 1212.30512843153 95608.791054030356 73.641493440477007 81300.757266248489 2311.2748897164356 5988.609816125565 285.31318661523972 118736.65869243222 5371.271944297856 36963.599314828316 698.3298627056231 8914.9907698792267 183812.5671697208 2180.0937465427705 3684.2837287942057 6848.2731531455538 18187.283445040521 243117.29664920154 507.78772535284685 84.523692044429538 14911.913791985076 246.76089292202232 48131.372704528592 19317.449407704873 450.68476657383144
leaf_count=9430 137108 330749 327123 59093 32660 8660 249875 1140 274427 23574 95955 7849 493691 19756 684586 8266 38959 881425 12542 15161 37560 177340 646018 4159 518 37706 2799 146387 60185 3061
internal_value=-0.0949691 -0.0719407 -0.187095 -0.23585 -0.0381929 -0.787993 -0.0200719 -0.299467 -0.154843 -0.374365 -1.02445 -0.1945 -0.218457 0.0141915 0.0980888 -0.0658469 -0.00279802 0.0203517 -0.212929 0.0296319 -0.132678 0.124782 -0.0540037 -0.982491 -1.60631 -0.14137 -1.14309 -0.107095 -0.180339 -0.604567
internal_weight=1.11139e+06 955268 216510 156126 738758 11029 628407 3597.22 205481 3523.58 7431.79 140397 121794 359391 60522.2 269016 298869 203260 120917 194345 10532.6 55150.9 243816 877.625 369.837 110351 6235.37 129432 25200.1 15729.7
internal_count=4827762 4109741 889495 718021 3220246 141558 2851791 33374 747937 32234 108184 577852 518759 2104662 881682 747129 1222980 973105 506233 934146 52721 861926 654284 12526 8367 368455 98754 420814 92845 140169
cat_boundaries=0 1 2 3 4 5 6 7 8 9 10 11
cat_threshold=128 1 1 4 16 656 16 1 1 1 40
is_linear=0
shrinkage=0.08


Tree=3
num_leaves=31
num_cat=12
split_feature=47 3 3 37 37 44 18 6 18 2 46 32 3 47 32 32 32 3 3 46 40 0 37 6 37 47 32 3 18 37
split_gain=3.41206e+06 251160 155980 138048 132307 129440 114245 56554.2 54643.3 53044.3 120971 237491 132778 419791 346516 495210 52403.1 42428.4 40099.2 38885.9 30538.3 30221.1 29447.1 28454.7 28126.8 21672.7 21203.2 19450.6 27967.3 42549.9
threshold=0 253.90000152587893 246.89499664306643 1 2 3 1.0000000180025095e-35 9435.9252929687518 1.0000000180025095e-35 2.5000000000000004 4 -73.520000457763658 9.9849996566772479 5 1.0000000180025095e-35 -4.2449998855590811 0.33500000834465032 502.63500976562506 1.0000000180025095e-35 6 7 1.5000000000000002 8 9435.9252929687518 9 10 -15.574999809265135 115.29500198364259 27.055000305175785 11
decision_type=1 10 8 1 1 9 2 2 2 8 1 10 10 1 10 10 10 10 10 1 1 2 1 2 1 1 10 10 2 1
left_child=1 18 5 -3 -4 9 -5 -6 20 25 12 -12 13 -11 15 -15 -16 -9 19 -1 24 -10 -20 -8 -7 -2 -14 28 -24 -30
right_child=2 3 4 6 7 8 23 17 21 10 11 -13 26 14 16 -17 -18 -19 22 -21 -22 -23 27 -25 -26 -27 -28 -29 29 -31
leaf_value=-0.071947731957565153 -0.30943170715738894 0.032773747603036238 -0.24667103226104203 0.10679859248472488 -0.11300133720694504 -0.28922429439842989 0.27030048072428842 -0.51659513622829911 -0.19664206983703886 -0.5999346830061153 28.77344228873423 -1.4595351713736084 1.8863434494259803 60.987966866305527 -0.59690807497050591 245.74259015300845 40.459675265268224 -0.10620901115334536 0.0070045761215646266 -0.84998485855200889 -0.28421268686464141 -0.1318040434777793 -0.03040104001790234 0.09576585999335914 -0.18206430441780824 -0.4820187380092511 -0.51574498099129151 0.089068791016844506 0.058239175390383993 0.44386597792027127
leaf_weight=1312.8567302253905 7232.1227443409998 35342.346054685593 62737.11002981817 46943.357259098731 281566.1684212723 21322.569322462186 90718.400228202692 3940.9683059138074 192532.83402421797 3.8104439603231128 2.9241150826068951 3.8554127654474897 31.509183049229549 0.46424624394546837 0.46424624328996567 0.11606156171134335 0.34818468256578716 2728.6675823945957 66300.543396946683 598.56332096901679 63852.084586925484 60453.890167784586 25599.628559604553 6399.952790847281 60217.363018751239 13076.449886360482 92.733814224104677 113498.60262451044 30710.762264749112 1938.3161287236799
leaf_count=3919 40467 35711 298490 32664 2143687 111206 77224 31069 831268 243 158 169 503 486 158 133 186 50084 81498 7560 331401 246716 40549 5488 253391 102938 1756 74638 22384 2600
internal_value=-0.0806996 0.1029 -0.180719 0.174501 -0.141381 -0.213685 0.209254 -0.118451 -0.203609 -0.410005 1.16336 11.5804 0.617779 13.1379 50.7238 97.9389 16.9988 -0.348699 0.0493672 -0.315591 -0.242693 -0.181148 0.0522977 0.258799 -0.210119 -0.420558 0.0934471 0.0697779 0.0322014 0.0812869
internal_weight=1.18916e+06 419363 769796 179404 350973 418824 144062 288236 398379 20444.8 136.226 6.77953 129.446 5.20318 1.39274 0.580308 0.812431 6669.64 239959 1911.42 145392 252987 238048 97118.4 81539.9 20308.6 124.243 171747 58248.7 32649.1
internal_count=4828744 384235 4444509 151087 2523330 1921179 115376 2224840 1773982 147197 3792 327 3465 1206 963 619 344 81153 233148 11479 695998 1077984 221669 82712 364597 143405 2259 140171 65533 24984
cat_boundaries=0 1 2 3 4 5 6 7 8 9 10 11 12
cat_threshold=2 6 6 1 1 4 1 3 6 6 1 41
is_linear=0
shrinkage=0.08


Tree=4
num_leaves=31
num_cat=16
split_feature=47 36 18 37 40 36 0 18 4 37 32 36 4 35 4 37 38 6 0 47 4 32 6 6 37 40 38 32 40 36
split_gain=2.83776e+06 233746 100680 70915.9 89409.4 71258.1 55145.2 51447 44852.7 43920.3 41093.9 52337.4 40091.6 36923.4 32762.1 34625.2 26153.5 25839.2 21341.2 20405.8 56638.6 126409 230319 229836 20370.3 19328.4 38283.5 194252 19178.3 17478.4
threshold=0 1 1.0000000180025095e-35 2 3 4 1.5000000000000002 1.0000000180025095e-35 inf 5 -15.574999809265135 6 inf 7 inf 8 9 9435.9252929687518 1.5000000000000002 10 inf -1.0000000180025095e-35 251.26501464843753 60.000003814697273 11 12 13 1.0000000180025095e-35 14 15
decision_type=1 9 2 1 1 9 2 2 8 1 8 9 8 1 8 1 1 2 2 1 8 10 2 2 1 1 1 10 1 9
left_child=1 2 8 12 7 13 16 29 -1 -3 11 -9 -2 19 15 -8 -4 -15 -12 -6 -21 22 23 -22 -7 26 27 -14 -11 -5
right_child=3 9 6 4 5 24 14 10 -10 28 18 -13 25 17 -16 -17 -18 -19 -20 20 21 -23 -24 -25 -26 -27 -28 -29 -30 -31
leaf_value=0.08487086645306946 -0.23026011571622754 0.12544756142823388 0.16909525792662355 -0.26729039721125908 -0.089396691864734049 -0.11189595974027887 0.088822596263201561 -2.4945105019289597 -0.019768531814660668 -0.089602910614030681 -0.19572445071443156 -0.11638176195778767 18.378223371890961 -0.13141107889626791 0.11373545972776915 0.24138728624954175 0.092595889493781253 -0.32132407355942116 -0.11966515488062658 0.032604969738674702 47.976793990931704 -0.12172643574454479 -0.13908631722252293 7.5296812672090576 -0.24453605583039054 -0.15536476642561126 0.086446701169967638 1.0908530795008464 -0.25295257970930451 -0.10087802459934699
leaf_weight=102468.04013761165 130486.013741145 5698.7403252600925 38764.633923195492 59746.847206876671 103336.7335701765 9120.6835831087083 11325.075500180435 99.942274709978392 35230.516637312394 32985.319523787126 51188.195878842373 142.88703802236702 4.5785029605663814 270596.40721323935 26586.529699987354 61088.441200814224 109640.99092419496 4664.1378452898934 43822.637300900031 7790.8328149028011 1.7457693165383432 16.456517506204548 4.4007959497313713 1.8540101770433122 40922.21353469399 58627.045753297833 515.19167054820514 45.503740309607323 5347.9466451617191 4376.6362940683321
leaf_count=70170 590330 4210 29048 285905 1209710 42220 5949 3929 51085 77221 231458 522 826 1326937 12812 38715 71187 26177 187765 97612 203 175 70 32 186813 231850 2857 343 24075 16163
internal_value=-0.0724747 0.0929619 0.112925 -0.162855 -0.149281 -0.130544 0.143444 -0.20058 0.0580986 -0.081641 -0.163299 -1.20268 -0.205477 -0.118903 0.189687 0.217573 0.112596 -0.134624 -0.160643 -0.0799629 0.0446715 3.88849 12.1372 27.1451 -0.220389 -0.15088 0.311476 2.22666 -0.112452 -0.25599
internal_weight=1.21465e+06 429136 385104 785511 595833 436455 247406 159377 137699 44032 95253.7 242.829 189678 386413 99000 72413.5 148406 275261 95010.8 111152 7815.29 24.4571 8.00058 3.59978 50042.9 59192.3 565.274 50.0822 38333.3 64123.5
internal_count=4826369 384472 278966 4441897 3615691 2889949 157711 725742 121255 105506 423674 4451 826206 2660916 57476 44664 100235 1353114 419223 1307802 98092 480 305 235 229033 235876 4026 1169 101296 302068
cat_boundaries=0 1 2 3 4 5 6 7 8 9 10 11 12 13 14 15 16
cat_threshold=2 128 6 5 128 16 128 9 4 40 4 16 8 129 10 128
is_linear=0
shrinkage=0.08


Tree=5
num_leaves=31
num_cat=8
split_feature=47 2 46 32 3 32 32 3 31 7 18 11 7 32 47 23 3 7 3 0 3 3 36 3 41 47 47 3 37 18
split_gain=2.37448e+06 1.07425e+07 1.07512e+09 5.25871e+09 1.66789e+09 2.23844e+09 7.64181e+08 8.57036e+08 5.93245e+08 5.08809e+09 3.25656e+08 5.33752e+08 5.41169e+08 8.72515e+07 8.41887e+07 1.86647e+07 5.77111e+07 5.92396e+06 1.79307e+07 475611 1.55245e+06 5.63918e+06 190715 154600 93103.4 75862.1 69604.4 56150.8 43216.9 42809.7
threshold=0 inf 1 0.49500000476837164 70.774997711181655 0.095000002533197417 -5.6249999999999991 146.129997253418 inf 860.69995117187511 190.8850021362305 5.5000000000000009 65.000015258789077 -2.2749999761581416 2 -1.0000000180025095e-35 146.129997253418 37.549999237060554 154.09500122070315 1.5000000000000002 146.129997253418 150.37500000000003 3 253.90000152587893 4 5 6 62.399999618530281 7 27.055000305175785
decision_type=1 8 1 10 10 10 8 10 8 2 2 2 2 10 1 2 10 2 8 2 10 8 9 10 9 1 1 8 1 2
left_child=22 24 3 4 5 -3 7 -6 10 -10 13 12 -12 17 15 16 -15 19 -19 20 25 -22 23 -1 -2 -8 -21 -26 -29 -25
right_child=1 2 -4 -5 6 -7 8 -9 9 -11 11 -13 -14 14 -16 -17 -18 18 -20 26 21 -23 -24 29 27 -27 -28 28 -30 -31
leaf_value=0.05836808007380425 -0.23024121306589734 120259.45432878783 3.0680846025272217 164465.7185808697 12360.731570911914 -1928.9313639706993 -0.080037634778311426 76689.100162802235 125231.41041913423 -0.080183271204202669 8212.0929393626629 -32.18734287010205 71161.388372364891 -0.080002923086524722 23864.696172611722 2215.0583112961549 22891.014432641256 11075.250770184501 -23.980742814029298 -0.080038670813249682 3562.9755704458162 -0.080041675338376153 -0.063729700735990449 0.098263446296904866 -0.18908392713426012 169.11092803483643 -228.5569408167996 -0.17097663908142671 -0.11856241168458384 0.18640290229336806
leaf_weight=212881.44173386591 82293.586754900214 0.0018524905302999403 23.579060921951513 0.0013279635595301034 0.0046259983210173126 0.0019906570394017248 0.02122084308662904 0.0018577944633543326 0.0023971665650606147 0.01551645272411406 0.0016920337004500156 0.0049832899683542259 0.0018079652367996336 0.0016179713951741306 0.0017199331775464297 0.0064534450097733734 0.0012489812121139893 0.0012907310571197152 0.0033471815461231782 0.020331491859785493 0.0040120826044467515 0.0097546658211474166 49036.808129447629 49854.215279250115 124896.34336798573 0.084491947383572755 0.014706081571023245 129025.37195732033 460670.9698268802 120543.03994283741
leaf_count=168979 369520 4913 977 16505 205 1153 376 2957 5304 142 2657 4682 2117 1042 1921 608 1087 106 396 664 52 1212 105061 31868 523562 389 308 508307 2994163 77856
internal_value=-0.0661421 -0.148036 53.6124 5776.56 4758.13 56968.8 3770.06 30792.7 2878.83 16758.2 1487.34 16785 40729.3 724.837 7602.2 4601.21 9972.37 247.765 3064.94 163.206 239.212 1038.31 0.0848181 0.103822 -0.149641 135.147 -95.9771 -0.140354 -0.130036 0.160615
internal_weight=1.22923e+06 796910 23.7873 0.208247 0.206919 0.00384315 0.203076 0.00648379 0.196592 0.0179136 0.178679 0.00848329 0.0035 0.170195 0.0110403 0.0093204 0.00286695 0.159155 0.00463791 0.154517 0.11948 0.0137667 432316 383279 796886 0.105713 0.0350376 714593 589696 170397
internal_count=4829089 4445325 49773 48796 32291 6066 26225 3162 23063 5446 17617 9456 4774 8161 4658 2737 2129 3503 502 3001 2029 1264 383764 278703 4395552 765 972 4026032 3502470 109724
cat_boundaries=0 1 2 3 4 5 6 7 8
cat_threshold=2 1 4 128 17 4 4 6
is_linear=0
shrinkage=0.08


Tree=6
num_leaves=31
num_cat=16
split_feature=47 2 13 18 18 6 7 32 32 46 47 32 39 44 1 32 1 47 36 41 41 18 37 37 37 44 18 45 41 36
split_gain=2.08308e+06 5.53874e+07 1.92734e+09 5.17938e+10 6.08445e+09 6.67381e+09 2.74432e+08 2.95136e+10 7.43873e+10 1.02775e+09 2.12651e+09 2.58819e+08 1.06773e+07 4.74014e+06 2.41645e+06 810721 343058 262930 164048 96725.1 60320.8 38032.5 37075 36794.3 33903.2 31730.9 31479.7 21998.4 65641.6 91361.8
threshold=0 inf 52.554998397827156 523.27499389648449 57.045000076293952 501.44985961914068 42.00000190734864 -73.520000457763658 -3.3249999284744258 1 2 -4.7249999046325675 3 4 1.5000000000000002 -3.8749999999999996 2.5000000000000004 5 6 7 8 1.0000000180025095e-35 9 10 11 12 1.0000000180025095e-35 13 14 15
decision_type=1 8 2 2 2 2 2 10 10 1 1 10 9 9 2 10 2 1 9 9 9 2 1 1 1 9 2 9 9 9
left_child=18 20 6 4 -4 -6 7 9 11 10 12 -9 14 -14 -3 -13 -16 -11 19 24 -2 -21 -23 -20 -1 27 -26 28 29 -22
right_child=1 2 3 -5 5 -7 -8 8 -10 17 -12 15 13 -15 16 -17 -18 -19 23 21 25 22 -24 -25 26 -27 -28 -29 -30 -31
leaf_value=0.043390069733635704 -0.19975291304770607 -2879.3995786951255 -195.70392742446032 -424209.25400572299 -175833.72954280381 4249.583487442711 -0.81100513813943598 -39935.563543654564 -686489.58793042158 73.644519413018202 -60671.501152099561 5284.2223300785372 -3924.6280564500507 -7125.9023530198938 -5609.3589961296038 8074.8167636132057 -4359.125793990831 -0.40916458461640581 0.12558879387355651 -0.022441289520537352 -1.1599558492103825 0.3286039488790235 0.05899223044420495 -0.080486885421706941 0.091720794593766808 -0.12493598516961134 0.15520979389229647 -0.16823853915296194 -0.1750980022357852 -0.11053100039800845
leaf_weight=29610.80278258209 87433.006706055297 0.0057513588736733861 0.12609028754982088 0.0019018781983305413 0.0026980046292220269 0.0025732091346414971 21.647899538278612 0.0010717286044420182 0.0014141067589725775 0.57642836927666763 0.005066791703487116 0.001554656201701412 0.0032615222625624299 0.032044684302552418 0.0039363348046438556 0.0011659930370512075 0.0021839642270310381 0.65612453337761734 6303.157338959456 43647.43364828761 1190.4370423778901 3404.8874015403781 74705.401256015262 45664.630345000303 74253.08039357097 664578.77124136814 152910.45666851051 36072.498733947177 5843.5048136869445 970.26068642176688
leaf_count=22627 369382 285 604 15095 6967 64 430 656 15275 187 4801 252 183 3927 363 236 159 145 4215 64541 26137 2496 49414 101389 47049 3779647 92466 176914 38996 2914
internal_value=-0.0639649 -0.140629 -124.093 -9717.12 -3716.02 -87923.8 -68.3599 -1201.92 -191288 -431.614 -11421.6 -6636.93 -6132.29 -6830.17 -4056.8 6480.19 -5163.23 34.2235 0.077807 0.0961036 -0.137036 0.0373684 0.0707944 -0.0554727 0.123952 -0.129294 0.134451 -0.195028 -0.315158 -0.691392
internal_weight=1.22661e+06 796112 23.0712 0.133263 0.131362 0.00527121 22.9379 1.29 0.00520648 1.2848 0.0522447 0.00379238 0.0471779 0.0353062 0.0118717 0.00272065 0.0061203 1.23255 430500 378532 796088 121758 78110.3 51967.8 256774 708655 227164 44076.7 8004.2 2160.7
internal_count=4827816 4443619 49629 22730 7635 7031 26899 26469 16419 10050 9718 1144 4917 4110 807 488 522 332 384197 278593 4393990 116451 51910 105604 162142 4024608 139515 244961 68047 29051
cat_boundaries=0 1 2 3 4 5 6 7 8 9 10 11 12 13 14 15 16
cat_threshold=2 1 4 1 1 4 128 38 17 80 16 4 1 12 34 128
is_linear=0
shrinkage=0.08


Tree=7
num_leaves=31
num_cat=16
split_feature=36 40 37 35 18 37 37 44 0 18 34 6 31 40 44 32 18 40 44 32 44 31 44 7 12 17 23 32 42 34
split_gain=140313 143064 104184 78311.3 51794.5 38375 30722.7 29872.5 25208.8 17614.6 15734.9 14025.5 13658 13246.6 12777.9 11011.9 9311.01 8182.87 7746.73 7669.19 6936.41 9262.47 6914.35 34615.2 24146.8 10190.7 25397 6711.81 6597.35 6101.93
threshold=0 1 2 3 1.0000000180025095e-35 4 5 6 1.5000000000000002 1.0000000180025095e-35 7 9435.9252929687518 1.0000000180025095e-35 8 9 -8.3550000190734846 27.055000305175785 10 11 -15.574999809265135 12 1.0000000180025095e-35 13 1.0000000180025095e-35 87.799995422363295 5.5000000000000009 4.5000000000000009 -8.3550000190734846 14 15
decision_type=9 1 1 1 2 1 1 9 2 2 1 2 10 1 9 8 2 1 9 8 9 10 9 2 2 2 2 8 9 1
left_child=1 2 -1 9 14 -6 17 29 12 28 11 -9 18 -8 -3 -10 -12 -2 -7 -18 -17 -22 23 24 -14 26 -26 -15 -4 -5
right_child=6 4 3 7 5 8 13 10 15 -11 16 -13 22 27 -16 20 19 -19 -20 -21 21 -23 -24 -25 25 -27 -28 -29 -30 -31
leaf_value=-0.090195573788363834 0.009150218712169398 -0.11706072263954675 0.17031356175499121 -0.18163983185133986 0.12568820637585459 -0.094403135749261333 -0.083000446992162233 0.013857639587696331 -0.43121058864930278 0.04756145824294964 -0.050334533454223597 -0.13786509825818202 -1.6999602999160541 -0.053268265943953688 -0.17791489291330367 -0.025834874751050237 -0.19713921618501856 -0.14675318360001818 -0.20721464909053922 -0.020951052665315221 -0.24873016384746552 0.44212919105102827 0.401199737477276 -1.8449709190592471 -2.2107352149281989 9.4547050898704761 8.9975680707606749 -0.13857074307716921 -0.02551263146692925 -0.087927432064470137
leaf_weight=130179.37495529772 14784.315104173147 95371.057382473591 1132.1465816731688 8101.6320527221633 6646.8118539529969 85242.269709299406 38939.851604081763 78046.413400513615 440.91074575787934 136298.61529888673 122342.3402585166 4104.4521291647834 2.9467133413381843 6143.9559458058793 28737.08090158827 63318.597781390534 1593.7869527301518 2512.1395690354402 4082.3275295980566 199572.25877533993 1513.5876249051689 135.30450796594596 174.75711050683822 9.0866567923221719 2.2545798626961169 4.3306170891155489 3.0362924634246156 150725.33800832822 30729.778400676831 10022.952218129625
leaf_count=387485 45762 292083 9805 39002 57811 241986 139068 287780 3113 1191438 358055 13197 261 14614 105147 174286 11744 13563 16641 722501 6782 396 577 807 258 101 71 504760 152465 36119
internal_value=-0.0568332 -0.0443606 -0.0254012 -0.0111504 -0.0922816 -0.062431 -0.11581 -0.0294799 -0.0705053 0.0350408 -0.024991 0.00627645 -0.0980936 -0.124841 -0.131151 -0.0327574 -0.0329301 -0.0135649 -0.0995589 -0.0223469 -0.0300532 -0.19204 0.568286 1.9167 4.63633 6.57691 4.22142 -0.135221 -0.0185089 -0.129965
internal_weight=1.22091e+06 1.00781e+06 722124 591944 285684 161576 213106 423784 154929 168161 405659 82150.9 89521 195809 124108 65408.4 323508 17296.5 89324.6 201166 64967.5 1648.89 196.412 21.6549 12.5682 9.62149 5.29087 156869 31861.9 18124.6
internal_count=4827678 4109911 3209591 2822106 900320 503090 717767 1468398 445279 1353708 1393277 300977 260702 658442 397230 184577 1092300 59325 258627 734245 181464 7178 2075 1498 691 430 329 519374 162270 75121
cat_boundaries=0 1 2 3 4 5 6 7 8 9 10 11 12 13 14 15 16
cat_threshold=128 10 4 9 80 16 1 64 4 2 10 2 2 2 1 54
is_linear=0
shrinkage=0.08


Tree=8
num_leaves=31
num_cat=10
split_feature=47 36 3 41 41 46 18 3 12 46 41 36 31 18 32 3 3 32 32 47 3 3 3 44 3 3 32 3 3 32
split_gain=1.67263e+06 122110 92066.3 30832.2 27750.8 24745.2 19438.2 18882.4 16425.4 14478.7 11997.4 43705.7 313116 99878.6 156801 485566 660395 84016.2 129736 72064.5 181822 66239.8 54208.2 53634 69699.4 34995.3 29750.9 36623.9 19445.4 27223.4
threshold=0 1 253.90000152587893 2 3 4 1.0000000180025095e-35 9.4899997711181658 1.0000000180025095e-35 5 6 7 inf 1.0000000180025095e-35 15.694999694824221 312.50500488281256 174.31500244140628 5.3350000381469735 7.1050000190734872 8 179.04499816894534 92.665000915527358 150.37500000000003 9 179.04499816894534 103.92499923706056 -1.8650000095367429 150.37500000000003 74.955001831054702 -0.15500000119209287
decision_type=1 9 10 9 9 1 2 10 2 1 9 9 8 2 10 10 10 8 8 1 10 10 10 9 10 8 8 8 10 10
left_child=1 2 7 -2 -3 8 -4 9 10 -1 11 12 13 14 17 16 -16 23 -19 -20 25 -14 -23 -5 26 -21 27 -25 29 -28
right_child=3 4 6 5 -6 -7 -8 -9 -10 -11 -12 -13 21 -15 15 -17 -18 18 19 20 -22 22 -24 24 -26 -27 28 -29 -30 -31
leaf_value=-0.023215328381722543 -0.16514311700718171 0.0058691198876557049 0.088015332090460544 -0.50414938300794665 -0.10740322165580996 0.0094242794733852431 0.14731339627375767 0.057231814341231618 -0.10694490753763747 -0.32587238006162283 -0.13099613167018709 -0.03023151449375383 -27.25072303670612 -0.029563809125957935 296.95067331985717 -9.5015481965257305 -16.705526049448569 42.013949834079924 -5.379862385238674 15.161628720532711 63.206767952551495 -6.5913817877561911 -16.638152364986524 5.7372887629346119 -16.311104190463663 -11.155436577246091 -8.8968535733428595 -9.435430497578551 -9.553669335652998 2.3189356188861283
leaf_weight=5510.4002590651398 89624.715415287152 41231.836797981057 48733.346804445027 7.475930517539382 20829.119472825492 10035.911847913871 129117.60194684568 203537.8237700701 413709.87780809333 1239.0687032791138 281411.83379085606 640.78801698362145 1.6332762498423132 255.5844897152856 0.091455973684786751 0.4257401127833873 0.081020016921684146 0.51392941060466768 4.2971462656063881 0.56596766356965433 0.37560738343745459 9.3762906199919787 5.4261981279707596 2.6218182678571118 5.3735192008316508 0.75446864940977443 3.0297657272822454 1.6646004242356864 11.154416814679287 2.551403149031179
leaf_count=9775 358424 51840 31310 73 53668 40351 78779 152398 2787790 6969 1243036 3679 560 758 174 90 104 122 728 133 133 789 1140 240 1404 197 553 242 2170 462
internal_value=-0.051195 0.0720371 0.0886959 -0.120915 -0.0321589 -0.115298 0.131065 0.0528664 -0.117098 -0.0787772 -0.131973 -0.414376 -1.17554 -0.61742 -4.28405 36.3735 149.612 -4.8864 3.43925 0.131389 14.0949 -11.9613 -10.2743 -6.48586 -8.18005 0.124629 -6.10163 -0.15493 -7.62474 -3.76961
internal_weight=1.24594e+06 450199 388138 795736 62061 706111 177851 210287 696075 6749.47 282366 953.785 312.997 296.561 40.9768 0.598216 0.172476 40.3786 6.50712 5.99319 1.69604 16.4358 14.8025 33.8715 26.3955 1.32044 21.022 4.28642 16.7356 5.58117
internal_count=4828091 384739 279231 4443352 105508 4084928 110089 169142 4044577 16744 1256787 13751 10072 7583 6825 368 278 6457 1313 1191 463 2489 1929 5144 5071 330 3667 482 3185 1015
cat_boundaries=0 1 2 3 4 5 6 7 8 9 10
cat_threshold=2 128 1 38 1 1 16 128 4 1
is_linear=0
shrinkage=0.08


Tree=9
num_leaves=31
num_cat=17
split_feature=47 36 3 37 3 3 44 47 35 44 18 36 35 45 37 25 37 47 3 23 45 43 36 3 1 3 23 3 37 4
split_gain=1.41507e+06 109636 72452.6 25458.7 20188 17578.1 23661.9 14403.8 48058.3 17266.2 14301.2 13484.4 15641 13877.3 15065.6 19387 12763.1 12283.9 11314.1 14601.9 9977.43 62637.9 19877.2 14555.5 20783.9 9840.53 9393.14 12090.4 9459.62 9091.45
threshold=0 1 253.90000152587893 2 9.4899997711181658 502.63500976562506 3 4 5 6 1.0000000180025095e-35 7 8 9 10 9.5000000000000018 11 12 675.39498901367199 1.0000000180025095e-35 13 14 15 217.04499816894534 1.0000000180025095e-35 502.63500976562506 -1.0000000180025095e-35 122.18500137329103 16 3.5000000000000004
decision_type=1 9 10 1 10 8 9 1 1 9 2 9 1 9 1 10 1 1 8 2 9 9 9 10 2 8 2 10 1 8
left_child=1 2 4 -3 -1 7 11 9 -9 20 25 12 13 14 15 18 -12 -8 19 -7 21 22 23 -2 -25 -4 27 -6 -28 -23
right_child=5 3 10 -5 26 6 17 8 -10 -11 16 -13 -14 -15 -16 -17 -18 -19 -20 -21 -22 29 -24 24 -26 -27 28 -29 -30 -31
leaf_value=-0.087136899898379513 -0.4912611579987633 0.11575217644334694 0.067040686258571833 -0.049277312406280069 -0.0020214459781456857 1.9261166351633592 0.02444942909985939 -0.11165996905770552 0.011417051304513252 -0.11977294994239061 0.060151316774203559 -0.095291531627324094 -0.031439624143850854 0.16629297683303138 0.30199231444391023 3.5628569463562543 0.14235237675829426 -0.095759750562150844 0.48622702859159317 -0.097253548642719748 -0.15686831942449067 -0.31412850892303701 -0.076370177250132995 -1.5529415493601912 -0.56709689710339073 0.17674993224104277 0.16273772239942386 0.061091937807639378 0.063454300519386178 -0.097172900630782599
leaf_weight=6628.8536545646493 245.50573840458264 6687.0011081863195 39409.892221960879 56140.645875231596 34706.136865787979 106.64335815561927 6078.9509088265131 201654.11216900731 22583.922642203455 465215.61598470021 13551.370753844152 1049.9049930573533 787.76296269323439 715.16913934661807 351.3112764261769 19.612562647555023 115972.22060498141 51804.303796346197 150.85955258458856 29.043037893250585 25248.664484589935 1775.7144408561835 194.25191820412874 405.7044455781579 206.54139516688883 6033.6323413091595 6492.3059349327341 44121.016459381091 114000.74665154915 4068.1953921369859
leaf_count=16780 1815 4202 27174 101692 42494 3250 83370 879877 68022 2357376 8801 3809 1846 25400 6106 305 69845 863483 3076 2011 109064 9451 861 8375 1714 3922 3855 32684 73165 14813
internal_value=-0.0479099 0.0662164 0.0823648 -0.0316969 0.0502081 -0.112613 -0.0714102 -0.116102 -0.0992689 -0.123691 0.12022 0.139997 0.253609 0.416244 0.681566 1.09379 0.133768 -0.0831353 0.962969 1.49302 -0.180397 -0.26593 -0.831796 -1.00002 -1.22037 0.081607 0.0547758 0.0333043 0.0688226 -0.162818
internal_weight=1.22644e+06 443744 380916 62827.6 205949 782692 61093.6 721598 224238 497360 174967 3210.31 2160.4 1372.64 657.47 306.159 129524 57883.3 286.546 135.686 32144.6 6895.91 1052 857.752 612.246 45443.5 199320 78827.2 120493 5843.91
internal_count=4828638 384614 278720 105894 168978 4444024 992656 3451368 947899 2503469 109742 45803 41994 40148 14748 8642 78646 946853 8337 5261 146093 37029 12765 11904 10089 31096 152198 75178 77020 24264
cat_boundaries=0 1 2 3 4 5 6 7 8 9 10 11 12 13 14 15 16 17
cat_threshold=2 128 16 1 4 32 1 128 9 12 97 4 1 12 33 128 80
is_linear=0
shrinkage=0.08


Tree=10
num_leaves=31
num_cat=13
split_feature=47 36 3 37 31 41 32 37 47 35 3 41 2 3 3 32 31 6 5 11 5 12 23 4 41 35 36 3 47 37
split_gain=1.21114e+06 94400.4 61246.3 19105.7 17460.5 16119.6 15982.7 11658.1 11389.6 47785.2 11067.4 10655.4 710584 1.14681e+07 3.08323e+08 1.22525e+06 4.14194e+06 1.35381e+07 753729 172794 378550 30470.3 9883.75 9165.09 8830.56 8638.5 14168 11974.4 11379.9 8806.04
threshold=0 1 253.90000152587893 2 1.0000000180025095e-35 3 -8.3550000190734846 4 5 6 40.094999313354499 7 1.0000000180025095e-35 189.3850021362305 158.14499664306643 88.08499908447267 1.0000000180025095e-35 406.82502746582037 2.5000000000000004 13.500000000000002 12.500000000000002 1506.2000122070315 -1.0000000180025095e-35 inf 8 9 10 502.63500976562506 11 12
decision_type=1 9 10 1 10 9 10 1 1 1 10 9 8 10 8 8 8 2 2 2 2 2 2 8 9 1 9 10 1 1
left_child=1 2 6 23 5 11 10 -4 9 -7 -1 12 -2 14 -14 19 17 -17 -18 21 -21 -15 -9 -3 -5 -13 27 -27 -29 -30
right_child=4 3 7 24 -6 8 -8 22 -10 -11 -12 25 13 15 -16 16 18 -19 -20 20 -22 -23 -24 -25 -26 26 -28 28 29 -31
leaf_value=-0.073404207492363524 -0.027256014578736349 0.1204945143341969 0.048903095193782414 -0.016481795650533624 0.0093608668701367567 0.057929509885814183 0.058463097602127506 0.082900159852145827 -0.12198501290520852 -0.10873132114518931 0.024473572177406169 -0.10183052249818618 13605.264099052565 -0.11096996658160611 2.3199774837216554 1415.0516451194146 -146.75188402674732 61.644295014608801 60.928969671839603 -0.12080002995229037 127.34367944440042 14.970854494298301 0.12926491871786991 -0.49075638278679889 -0.079521143317776585 -0.087647608913759389 -0.11953401291274623 -0.023431691784890556 0.39520857715879315 0.057949191733725265
leaf_weight=9268.8401179465 3788.5653809888208 6134.5953617140185 17527.238099215785 35425.090384109877 8391.7402069512755 11869.205090037343 154790.39634656906 39117.858860124747 370848.06038879172 151818.40886627237 36545.921152484923 149380.98269856622 0.011076561214553221 13.57316410182284 0.28631164558132904 0.059988279003818756 0.22369062851976196 0.22367444634437561 0.22367444634437561 0.447348892688752 0.22367444634437561 0.91513498127460557 118761.75313323672 161.11529442167375 23770.047358731506 21266.632127081743 22906.997746454319 24058.229042449544 705.10379114607349 1652.1509911035682
leaf_count=21477 17481 2921 13175 49097 37760 22538 105727 26078 1754467 592461 41588 924681 4375 1920 659 453 463 129 89 201 194 134 70408 1231 52486 151558 90539 768081 23579 52071
internal_value=-0.044621 0.0609302 0.0763673 -0.0277086 -0.105402 -0.106672 0.0461781 0.110898 -0.114225 -0.0966496 0.0046718 -0.088623 0.0440926 16.7697 508.977 7.55802 108.718 347.859 -42.9152 2.67978 42.3674 0.841654 0.11777 0.104686 -0.0418047 -0.0909204 -0.0678212 -0.042958 -0.0069955 0.160753
internal_weight=1.20821e+06 441503 376012 65490.8 766702 758311 200605 175407 534536 163688 45814.8 223775 3804.75 16.1877 0.297388 15.8904 0.731028 0.283663 0.447365 15.1593 0.671023 14.4883 157880 6295.71 59195.1 219970 70589.1 47682.1 26415.5 2357.25
internal_count=4828021 384188 278453 105735 4443833 4406073 168792 109661 2369466 614999 63065 2036607 26098 8617 5034 3583 1134 582 552 2449 395 2054 96486 4152 101583 2010509 1085828 995289 843731 75650
cat_boundaries=0 1 2 3 4 5 6 7 8 9 10 11 12 13
cat_threshold=2 128 16 52 4 1 24 16 38 48 128 4 104
is_linear=0
shrinkage=0.08


Tree=11
num_leaves=31
num_cat=15
split_feature=47 36 3 44 46 37 41 31 46 47 1 41 38 31 3 7 3 3 37 3 3 2 3 18 36 3 44 6 37 44
split_gain=1.06632e+06 82706.7 49935.3 20181.6 18053.7 16477 14287.4 13321.2 13239.5 12140.9 30687.7 10949.4 25401.1 26735.3 51063.9 405700 25796.2 9801.28 9505.38 9207 36138.8 8829.23 8715.77 7664.39 7137.83 8252.5 15566 9135.12 7869.75 8953.31
threshold=0 1 237.59500122070315 2 3 4 5 1.0000000180025095e-35 6 7 1.0000000180025095e-35 8 9 1.0000000180025095e-35 194.62500000000003 12.505001068115236 141.10500335693362 128.91500091552737 10 115.29500198364259 92.665000915527358 inf 529.73498535156261 35.425001144409187 11 502.63500976562506 12 9435.9252929687518 13 14
decision_type=1 9 10 9 1 1 9 10 1 1 2 9 1 8 8 2 10 8 1 10 10 8 8 2 9 10 9 2 1 9
left_child=1 2 3 21 6 -3 -2 9 -5 17 11 12 13 14 15 -11 19 -8 -4 20 -15 -1 -13 -20 25 27 -27 28 -19 -30
right_child=4 5 18 8 -6 -7 7 -9 -10 10 -12 22 -14 16 -16 -17 -18 24 23 -21 -22 -23 -24 -25 -26 26 -28 -29 29 -31
leaf_value=0.052314369407831414 -0.13093474736266272 0.096244909061494327 0.046969226368298832 -0.021222649902910833 -0.00024666202091761245 -0.037285732982159932 -0.12209271549008228 0.026500180015195919 -0.2545403251793672 23.043700028205027 0.028147582066668706 -0.095290053207039455 -0.00059898966707667034 -18.514761217740659 0.57757366473776828 0.64944618610546145 0.17397976992076195 -0.12101834138537503 0.078914415104331351 -1.9130159376739924 -2.039462225975996 -0.088095117677362625 0.028127630628972874 0.11811536837489961 -0.11919564473625957 0.17545030999952427 -0.065704436402681157 -0.198639534415884 -0.18729088168160835 -0.080797987490407022
leaf_weight=175460.55531295927 91116.779381727523 6539.2648875240702 18337.902951083612 10512.681614116675 11503.024909906439 61052.587462011958 147039.52577358056 5536.2136829847004 1827.0484731103097 6.0792900685477909 15205.89338769071 161726.34033322829 1285.2986879967411 1.3140054170063558 92.187505492367706 34.899061550685396 38.919555058674973 49642.2256598241 43339.203970760675 3.0596047285944223 2.4239531728051276 2913.8195221406349 3746.9503928678459 121146.97483291295 71858.175209329405 1825.9997649294903 27688.701614517784 5402.4856553739228 5228.4816861902837 150276.94446322281
leaf_count=128758 354602 4196 14082 17897 43494 101141 644660 23461 8594 626 51758 762977 6776 329 306 128 323 247304 29658 88 73 8812 68193 70920 293079 33809 765786 23727 30630 1091447
internal_value=-0.0416001 0.0570784 0.0718125 0.0431759 -0.0996974 -0.0243548 -0.101248 -0.0970614 -0.0557682 -0.0981299 -0.0806543 -0.0905647 0.126762 0.993449 1.62203 3.97172 -0.620203 -0.105065 0.101689 -5.16731 -7.83103 0.0500207 -0.0924898 0.10778 -0.0970386 -0.0903976 -0.0507848 -0.0959548 -0.0932506 -0.0843731
internal_weight=1.19039e+06 441130 373538 190714 749262 67591.9 737759 646642 12339.7 641106 182143 166937 1464.18 178.883 133.166 40.9784 45.7171 458963 182824 6.79756 3.73796 178374 165473 164486 311923 240065 29514.7 210550 205148 155505
internal_count=4827634 384058 278721 164061 4443576 105337 4400082 4045480 26491 4022019 891577 839819 8649 1873 1060 754 813 3130442 114660 490 402 137570 831170 100578 2485782 2192703 799595 1393108 1369381 1122077
cat_boundaries=0 1 2 3 4 5 6 7 8 9 10 11 12 13 14 15
cat_threshold=2 128 2 1 16 1 1 4 16 129 4 128 1 20 1
is_linear=0
shrinkage=0.08


Tree=12
num_leaves=31
num_cat=12
split_feature=47 41 37 17 37 47 35 41 2 3 41 31 32 0 0 35 17 41 44 32 32 2 19 13 13 45 2 31 3 32
split_gain=932557 61400.4 31042.5 24846.3 14596.1 14525.2 50764.1 10918.6 79663.2 9934.74 8614.6 7442.11 7149.91 7147.02 6740.41 6370.85 6134.09 5766.93 6387.62 5259.83 4749.79 11915.1 6975.36 45345 19179.4 4556.34 6764.02 4510.16 11165.3 4712.9
threshold=0 1 2 1.0000000180025095e-35 3 4 5 6 2.5000000000000004 122.18500137329103 7 1.0000000180025095e-35 -3.6550000905990596 1.5000000000000002 1.5000000000000002 8 1.0000000180025095e-35 9 10 -15.574999809265135 -7.3949999809265128 2.5000000000000004 914.01501464843761 123.02500152587892 281.19998168945318 11 inf 1.0000000180025095e-35 125.85499954223634 -1.8650000095367429
decision_type=1 9 1 2 1 1 1 9 8 10 9 10 10 2 2 1 2 9 9 10 8 8 2 2 2 9 8 10 8 8
left_child=1 2 -1 12 -5 10 11 8 -8 25 -2 20 17 19 -6 -9 -12 -3 -19 -11 21 -7 23 -23 -25 26 -4 -18 29 -29
right_child=5 3 9 4 14 6 7 15 -10 13 16 -13 -14 -15 -16 -17 27 18 -20 -21 -22 22 -24 24 -26 -27 -28 28 -30 -31
leaf_value=0.016135684017006036 -0.084855072546468124 -0.25955278482910771 -0.51221993475970717 0.16724860303559122 0.010259090339828787 -0.031683300584202649 0.065822432140742279 0.068286052754172835 7.7688961203303197 0.049584217161476492 -0.1209076670203498 0.049795336120730192 -0.0080698211750004807 0.10569751544161358 0.056331161461887713 -0.009186323211240471 -0.1003552337984587 -0.040234192258444115 -0.17025142748680708 0.085041798086350623 -0.094485034574302781 0.34645681391934607 -0.0060770647881171593 1.7656035919934683 7.3196631938211603 0.054681603904339217 -0.068798388935072355 1.4429855792157509 -0.069785975940148751 0.34585176778957943
leaf_weight=48253.488834538264 154276.76439071965 943.94782088016655 335.28443459502887 5207.7013516594361 49111.838812908987 2862.8691509514683 69.343013845910406 10693.390528166985 9.8075590031078246 34211.374146342641 135767.17488840947 2369.1094534514414 34043.270624789904 89018.904578482441 34670.124123114816 18595.235339243212 219028.25729581658 17603.90734942344 2803.4650085406611 123184.57157360412 187023.48365027999 87.625748108112475 61.952857583761215 6.9481809996068504 9.3123027682304365 643.61415461755678 641.24281210403569 27.154001395678279 1513.8712639512792 324.65350167956092
leaf_count=49996 1640769 4863 2622 3627 53908 9543 202 25959 980 32906 565924 6775 43451 52905 25051 127808 1191368 29978 9471 72055 865492 408 248 101 139 1492 1902 308 6053 2067
internal_value=-0.0379522 0.0540118 0.0748566 0.0112304 0.0374145 -0.0932607 -0.0761647 0.0218103 0.905863 0.0862793 -0.100682 -0.0911143 -0.0308315 0.087581 0.0293208 0.0191128 -0.107522 -0.0671234 -0.0580669 0.0773348 -0.0928756 0.00650692 0.665782 1.06645 4.94639 -0.111173 -0.218804 -0.0993002 0.0245583 0.430533
internal_weight=1.1734e+06 440673 296288 144384 88989.7 732727 221789 29367.8 79.1506 248035 510938 192421 55394.6 246415 83782 29288.6 356661 21351.3 20407.4 157396 190052 3028.71 165.839 103.886 16.2605 1620.14 976.527 220894 1865.68 351.808
internal_count=4828371 384227 213878 170349 82586 4444144 1037655 154949 1182 163882 3406489 882706 87763 157866 78959 153767 1765720 44312 39449 104961 875931 10439 896 648 240 6016 4524 1199796 8428 2375
cat_boundaries=0 1 2 3 4 5 6 7 8 9 10 11 12
cat_threshold=2 38 6 80 4 32 16 52 8 16 2 13
is_linear=0
shrinkage=0.08


Tree=13
num_leaves=31
num_cat=19
split_feature=41 36 35 41 37 18 37 36 35 37 36 32 37 44 37 32 0 36 32 4 38 23 32 38 44 38 12 19 4 38
split_gain=68190.6 35906.6 33263.5 30734.9 33142 23994.6 17748 17026.4 15473.3 13243.3 11531.8 10148.5 10089.3 9043.03 10745 8659.37 8125.32 8780.16 14967.3 16854.4 8960.96 7615.84 7389.93 6820.19 6443.86 6058.39 5632.53 5554.34 5425.89 4883.98
threshold=0 1 2 3 4 1.0000000180025095e-35 5 6 7 8 9 -73.520000457763658 10 11 12 -5.6249999999999991 1.5000000000000002 13 -8.3550000190734846 32.500000000000007 14 -1.0000000180025095e-35 -73.520000457763658 15 16 17 9827.3696289062518 96.02500152587892 1.0000000180025095e-35 18
decision_type=9 9 1 9 1 2 1 9 1 1 9 8 1 9 1 10 2 9 8 8 1 2 8 1 9 1 2 2 10 1
left_child=1 2 13 4 -2 -5 10 8 11 -4 22 -6 -3 27 -15 -16 23 18 19 -18 -20 -10 -7 -8 -11 -23 -17 -1 -26 -13
right_child=3 12 9 5 7 6 16 -9 21 24 -12 29 -14 14 15 26 17 -19 20 -21 -22 25 -24 -25 28 -27 -28 -29 -30 -31
leaf_value=-0.037499144265924801 -0.072923904063816727 -0.024273843229956626 -0.0252308344303846 -0.084531314006066019 -0.59440184449423061 1.9638548322729212 -0.091502748530832997 -0.075049171107485449 -0.026688026596620246 0.14464581295446288 -0.1023594746322819 -0.03783931888183633 -0.085565900567622769 -0.059147259532588675 -0.033956107073394526 0.012484743223059107 -1.3599460675587776 -0.080096525454351877 -0.034966568444673433 -0.22765814273579416 0.026440821706694619 0.0051070863152307992 0.11400098810324191 -0.052731424518489521 0.041489170191785697 0.059347770130970895 -0.049401305156998358 -0.14164086650789226 0.1056690632969189 -0.0068491015209879739
leaf_weight=8682.0963801216149 87413.670470536119 29505.85693285305 15493.775318663229 197982.29702534206 198.78845695207201 13.8506736792624 38554.851290457627 26616.694819980185 15188.09971850866 4882.6342784627541 1981.1066156101879 65158.512286249781 41253.64610469441 24966.694353472987 43118.884076864357 117250.53193858515 95.539458182993258 19070.502277537948 46454.5817769938 704.87557788551203 22601.721014113151 22187.042512533662 6491.3339493922322 118373.0405682422 65170.877774935449 32487.162370021339 10233.884168712219 5265.4611237460776 9683.0917661025887 65049.211847562183
leaf_count=28989 264370 89160 55347 611584 1886 150 131433 85579 51883 43014 12327 249779 131217 71047 191648 570110 1833 68142 171583 3288 61984 163203 58600 345731 894605 152568 37724 27768 50391 200709
internal_value=-0.0366117 -0.00868031 0.00324066 -0.0502923 -0.0310733 -0.0636457 -0.0473906 -0.0149467 -0.00695547 0.0424417 0.0663125 -0.0232309 -0.0600149 -0.0145783 -0.0101405 -0.00296503 -0.051316 -0.0319983 -0.0188535 -0.362811 -0.0148695 0.0234235 0.117759 -0.0622662 0.0555929 0.0373484 0.00751681 -0.0768146 0.0497915 -0.0223606
internal_weight=1.14213e+06 375507 304748 766623 314299 452324 254341 226886 200269 95230.4 8486.29 130407 70759.5 209518 195570 170603 245855 88927.2 69856.7 800.415 69056.3 69862.3 6505.18 156928 79736.6 54674.2 127484 13947.6 74854 130208
internal_count=4827652 2191020 1970643 2636632 1169977 1466655 855071 905607 820028 1043357 71077 452374 220377 927286 870529 799482 783994 306830 238688 5121 233567 367654 58750 477164 988010 315771 607834 56757 944996 450488
cat_boundaries=0 1 2 3 4 5 6 7 8 9 10 11 12 13 14 15 16 17 18 19
cat_threshold=52 128 48 2 6 80 128 32 6 128 20 1 4 128 300 44 1 168 45
is_linear=0
shrinkage=0.08


Tree=14
num_leaves=31
num_cat=15
split_feature=3 36 3 0 6 44 45 18 38 44 38 3 18 43 38 4 36 46 3 3 4 3 38 31 0 38 36 38 43 3
split_gain=64343.1 66927.8 34315.2 28687.1 27461.7 23644.7 63964.6 24969.5 11244.8 10788.3 10421.2 11654 9056.73 9291.65 13213.5 22880.7 7037.59 6874.75 38552.1 6750.43 6484.38 6445.05 5121.48 4988.68 4758.74 3650.74 3630.04 3445.09 3399.21 3246.04
threshold=253.90000152587893 0 502.63500976562506 1.5000000000000002 9435.9252929687518 1 2 1.0000000180025095e-35 3 4 5 122.18500137329103 1.0000000180025095e-35 6 7 inf 8 9 77.735000610351577 57.829999923706062 43.500000000000007 40.094999313354499 10 1.0000000180025095e-35 1.5000000000000002 11 12 13 14 40.094999313354499
decision_type=10 9 8 2 2 9 9 2 1 9 1 8 2 9 1 8 9 1 8 8 8 10 1 10 2 1 9 1 9 8
left_child=10 2 4 -4 5 6 8 -7 -2 27 20 12 13 14 15 -12 -13 18 19 21 26 -17 -11 -14 -9 -15 -1 -5 -22 -25
right_child=1 -3 3 9 -6 7 -8 24 -10 22 11 16 23 25 -16 17 -18 -19 -20 -21 28 -23 -24 29 -26 -27 -28 -29 -30 -31
leaf_value=-0.032566644009605412 -0.55396360144925094 -0.065947195858653274 -0.10338167802231261 0.61289650294519971 -0.13849364742469658 -0.032708829083977861 0.0053970289536962373 0.03322900644979656 -0.26224520734716844 0.034409301358236687 -0.53474294273352674 -0.036996513080219902 -0.052134852374468042 -0.070562285480261847 -0.22519517519421545 -11.037343801731353 -0.069091919185959944 -0.56092156397552995 -16.724681808072688 -2.5883832404102898 0.075702222315446183 -3.8561363876998747 0.080947268788310919 -0.36343935838854746 0.0074175191258698718 -0.099173981866354094 -0.071794360652677969 0.17354101008777925 -0.012472280193748771 0.25872201461044164
leaf_weight=51582.34536524945 1619.1518327757949 107462.26660899806 6687.9564761383226 110.74809104669839 9746.2371939932345 85160.191031892959 8814.8684880904948 87329.854737424554 1916.6121201761025 26161.450479585284 29.680321632924777 239950.9440469612 127036.15975994429 85187.688238295712 193.82403902497944 1.3024178477935513 53509.307331088174 3.116535593057054 1.5394971637722275 12.301981864596945 2946.064641666233 2.0728630665689707 36072.722285799347 60.327173418296994 95928.322343154316 43265.757706126984 21383.658222905928 4748.2574702733837 52424.841731906388 486.31093299632926
leaf_count=141960 13550 334968 22289 219 34223 272798 34994 507364 8895 588480 282 793704 467617 263629 1505 182 170357 28 359 489 4506 104 267433 749 510058 146333 60959 40637 136457 2511
internal_value=-0.0331593 -0.010471 0.0058954 0.0546168 -0.00647799 -0.00189538 -0.110125 0.00308453 -0.397019 0.0703663 -0.0489442 -0.0537365 -0.0662017 -0.0811754 -0.565235 -1.62593 -0.0428524 -4.01836 -4.64421 -3.45792 -0.02841 -6.62715 0.0614026 -0.0510972 0.0197177 -0.0802063 -0.0440772 0.185173 -0.00776945 0.19006
internal_weight=1.14984e+06 471759 364296 73781.1 290515 280769 12350.6 268418 3535.76 67093.2 678077 549740 256280 128697 243.838 50.0136 293460 20.3333 17.2168 15.6773 128337 3.37528 62234.2 127583 183258 128453 72966 4859.01 55370.9 546.638
internal_count=4827639 2635908 2300940 919058 1381882 1347659 57439 1290220 22445 896769 2191731 1847849 883788 412911 2949 1444 964061 1162 1134 775 343882 286 855913 470877 1017422 409962 202919 40856 140963 3260
cat_boundaries=0 1 2 3 4 5 6 7 8 9 10 11 12 13 14 15
cat_threshold=128 1 12 32 1 642 35 1 128 1 32 340 161 2 4
is_linear=0
shrinkage=0.08


Tree=15
num_leaves=31
num_cat=10
split_feature=36 40 37 35 23 37 0 23 37 2 31 6 45 4 37 46 12 32 4 5 6 32 4 23 32 6 32 32 42 32
split_gain=35028.4 42133.1 38752.5 28337.8 11696.9 20996.5 9999.06 8541.36 8415.96 9003.07 11223.8 6647.67 5537.99 4997.61 4951.24 4668.17 4633.05 4588.45 4570.99 4126.56 5693.86 3583.33 3529.07 3461.11 9814.66 3093.43 3089.68 4065.47 3039.22 3038.32
threshold=0 1 2 3 -1.0000000180025095e-35 4 1.5000000000000002 -1.0000000180025095e-35 5 inf inf 9435.9252929687518 6 2.5000000000000004 7 8 4713.7150878906259 -8.3550000190734846 9.5000000000000018 12.500000000000002 2214.3498535156255 -15.574999809265135 inf 6.5000000000000009 0.97500002384185802 9435.9252929687518 -2.4150000810623165 3.1350001096725468 9 -15.574999809265135
decision_type=9 1 1 1 2 1 2 2 1 8 8 2 9 8 1 1 2 8 8 2 2 8 8 2 10 2 8 10 9 8
left_child=1 4 15 7 14 -6 -7 -4 13 18 19 12 -5 -2 -1 22 21 -8 29 23 -21 -14 -3 -11 -25 -9 -23 -28 -13 -10
right_child=8 2 3 11 5 6 17 25 9 10 -12 28 16 -15 -16 -17 -18 -19 -20 20 -22 26 -24 24 -26 -27 27 -29 -30 -31
leaf_value=-0.05989821177305369 0.020947988268774455 -0.056911170825632906 -0.014025439843297132 -0.045470178209626823 0.10289514230450872 -0.057158018400344276 -0.22304847603534453 0.03756490384452689 0.0034963191548296143 0.074208705603906147 -0.23174303809724239 -0.10506190170266248 -0.10190270413436159 -0.1184263010346184 -0.10188692248797987 0.031093664880023228 0.037027107686484498 -0.011325863771390686 -0.047461631551185997 0.22477494636406967 1.6137375071325746 0.0098962267943606269 0.024983611220121497 -0.10033963460473994 2.1067321909427208 -0.027836696774214961 -0.019539873773513867 0.0033073559306004653 -0.0029703332296175263 -0.075293840706515916
leaf_weight=110483.26298956272 11871.206987577258 120506.79780765744 27691.337117719755 30639.562205717237 6820.5794368834977 89558.108625676265 663.07122721713495 120795.1352573591 3204.9431537138298 4096.9172236955028 802.6780841620166 7405.874585002719 2801.9130526867189 1911.7175046913326 21527.060614598551 4204.2116286674718 12928.488267193607 54534.321850604727 62019.437037692929 65.785475119249895 26.496825896203518 39462.577660533439 3464.4770798550744 35.108692656073799 20.380577638745308 4812.9587989011779 207492.4955281748 65605.446259118326 2505.3724625863251 138277.13736514666
leaf_count=315161 45008 370197 156677 130853 55867 267029 3145 1144563 6039 11490 4391 24801 14760 14011 74652 6381 54597 184705 213628 267 162 167284 11143 225 99 54439 801529 268029 5655 422271
internal_value=-0.0304094 -0.0236145 -0.012393 -0.00271689 -0.0493461 -0.0341853 -0.0406486 0.0261908 -0.0589475 -0.06295 0.0425908 -0.014732 -0.0129477 0.00161534 -0.0667576 -0.051807 -0.00991068 -0.0138692 -0.0655708 0.0944678 0.623585 -0.0118352 -0.0546226 0.0827088 0.710293 0.0350589 -0.0110278 -0.0140514 -0.0793641 -0.073509
internal_weight=1.15623e+06 933903 650317 522141 283586 151576 144756 153299 222332 208549 5047.37 368842 358930 13782.9 132010 128175 328291 55197.4 203502 4244.69 92.2823 315362 123971 4152.41 55.4893 125608 312561 273098 9911.25 141482
internal_count=4829058 4111467 3210908 2823187 900559 510746 454879 1355679 717591 658572 16634 1467508 1437052 59019 389813 387721 1306199 187850 641938 12243 429 1251602 381340 11814 324 1199002 1236842 1069558 30456 428310
cat_boundaries=0 1 2 3 4 5 6 7 8 9 10
cat_threshold=128 5 4 9 16 16 8 45 1 25
is_linear=0
shrinkage=0.08


Tree=16
num_leaves=31
num_cat=10
split_feature=47 3 32 47 35 32 3 35 3 31 45 35 31 2 45 32 2 12 19 32 3 23 3 42 6 2 43 32 43 3
split_gain=789640 27827.2 12319.3 11388.5 39517 7209 6085.07 5176.73 4590.43 4429.87 4752.74 3571.59 3511.64 3285.62 2991.54 2869.88 11895.6 16641.8 104957 140468 2844.41 2830.81 3736.8 2634.73 2806.66 2590 2471.24 2239.48 2206.99 2161.35
threshold=0 246.89499664306643 -8.3550000190734846 1 2 inf 502.63500976562506 3 86.245002746582045 1.0000000180025095e-35 4 5 1.0000000180025095e-35 inf 6 -8.3550000190734846 2.5000000000000004 334.52499389648443 967.56500244140636 -73.520000457763658 125.85499954223634 -1.0000000180025095e-35 125.85499954223634 7 9435.9252929687518 inf 8 2.6149998903274541 9 809.38500976562511
decision_type=1 10 10 1 1 8 8 1 10 10 9 1 10 8 9 8 8 2 2 10 10 2 10 9 2 8 9 8 9 8
left_child=1 2 8 4 12 13 23 27 14 11 29 -8 15 28 -1 16 -2 20 19 -19 -18 22 -4 24 -5 -7 -17 -6 -3 -11
right_child=3 5 21 6 7 25 9 -9 -10 10 -12 -13 -14 -15 -16 26 17 18 -20 -21 -22 -23 -24 -25 -26 -27 -28 -29 -30 -31
leaf_value=-0.094675330920551581 -0.042450700542964237 0.066515565645187208 0.01255603803978764 -0.084527674547410239 0.09966954601219076 0.045284676922492245 -0.12593069806983978 -0.0061350429695729179 0.02117418465746241 0.14822441529739749 -0.11358160992537243 -0.058816014695280673 0.016656280601474734 -0.063015464701810561 -0.012133980367727946 -0.093806222504727463 0.80106809479635732 -2.1521862175977242 -0.2533994511724626 25.641215213706204 0.061975956630367611 0.052035231846928091 0.050837353424401953 -0.098396948202284715 -0.14668121491508063 -0.21901357038769548 -0.074653701761409702 0.026827358850801085 0.086914455457022768 0.53151479630475307
leaf_weight=3211.1325432181438 2534.3442859946631 47030.148500134179 33394.635359233653 212405.8088765787 5492.568688805155 42286.003258876386 5763.0847790353 18141.353473835567 38668.974839257913 736.8042688278947 503.99877049404313 43326.325795962795 2340.9394546831027 1014.3999518423225 22108.317899429367 78620.497324522163 54.592350880165782 2.0955436916447097 16.498283999040723 2.6174020846265194 85.546031500801178 117594.76897033482 31916.735855997365 217965.11391156842 4753.9063678211533 238.63556255158619 97323.843155954659 5315.2625838059193 126127.84741074391 107.95120063825743
leaf_count=8066 9045 31940 34488 1367158 11113 43357 22085 128332 45087 2723 8519 869952 6878 2912 33674 386281 152 145 203 92 308 85228 23632 1115886 19918 1327 480386 15631 75030 247
internal_value=-0.0284663 0.0524108 0.0340484 -0.0823762 -0.0668071 0.073332 -0.0891074 0.0199825 0.00383568 -0.062803 0.080229 -0.0667329 -0.0806863 0.0805419 -0.0226444 -0.0819665 -4.7479e-05 0.665987 2.75433 13.2833 0.349897 0.0446182 0.0312636 -0.0921565 -0.0858843 0.0438015 -0.0832216 0.0637869 0.0813829 0.194898
internal_weight=1.15908e+06 463592 246895 695493 209930 216697 485563 28949.2 63988.4 50438.2 1348.75 49089.4 180981 174172 25319.5 178640 2695.69 161.35 21.2112 4.71295 140.138 182906 65311.4 435125 217160 42524.6 175944 10807.8 173158 844.755
internal_count=4829795 384741 230175 4445054 1038566 154566 3406488 155076 86827 903526 11489 892037 883490 109882 41740 876612 9945 900 440 237 460 143348 58120 2502962 1387076 44684 866667 26744 106970 2970
cat_boundaries=0 1 2 3 4 5 6 7 8 9 10
cat_threshold=2 1 32 8 44 16 8 25 42 8
is_linear=0
shrinkage=0.08


Tree=17
num_leaves=31
num_cat=12
split_feature=41 41 37 3 37 32 18 37 44 3 6 44 18 3 38 44 4 13 38 4 1 32 3 32 3 3 18 38 44 6
split_gain=44952 22958.6 23210.5 18464.9 13838.6 12068.9 11160.2 11797.2 10340 9379.94 11959.9 9699.88 11540.4 8212.24 7916.83 7668.28 7232.39 7085.38 5746.38 5353.5 5292.05 6283.66 4786.57 4254.63 4249.36 3987.47 3879.8 3851.5 3850.23 3837.63
threshold=0 1 2 122.18500137329103 3 -15.574999809265135 1.0000000180025095e-35 4 5 502.63500976562506 9435.9252929687518 6 35.425001144409187 253.90000152587893 7 8 60.500000000000007 11.250003814697267 9 1.5000000000000002 1.0000000180025095e-35 -15.574999809265135 103.92499923706056 -8.3550000190734846 253.90000152587893 111.2150001525879 1.0000000180025095e-35 10 11 7941.1550292968759
decision_type=9 9 1 8 1 8 2 1 9 10 2 9 2 10 1 9 8 2 1 10 2 8 10 8 10 10 2 1 9 2
left_child=4 2 3 5 18 -2 25 -8 -7 10 11 -6 -13 -14 23 -11 -16 22 -1 -15 21 -5 -10 -9 -12 27 -22 -3 -25 -28
right_child=1 6 -4 20 9 8 7 14 17 15 24 12 13 19 16 -17 -18 -19 -20 -21 26 -23 -24 28 -26 -27 29 -29 -30 -31
leaf_value=-0.055411497951306128 0.12442848055589723 -0.038222560156091732 -0.051965566542375198 -0.24925236920765972 -0.06278314086321897 0.063842650571752813 0.054426010486298408 -0.18496079823065911 -0.50012174562566025 0.11491994017611216 0.062696401276306282 -0.01968740528995171 -0.026304678704646804 0.023469851938827908 -0.048651782814232068 0.020393222495709424 -0.0094588458917718825 -0.16710135348900995 -0.0094689606399852022 0.089475760233593604 -0.023553398420152506 -0.011458220146854017 -0.97875024060082016 -0.11640930718068999 -0.10907357731699667 -0.081125374358693741 0.027108196169008465 -0.065804480394574164 -0.050889210793160375 -0.11709037340784471
leaf_weight=40172.967530530121 296.57236738338554 50049.991305593678 102489.39162084862 714.95943036098618 14946.452615929036 188.17169038025898 8556.9266604191616 1620.3583658474945 257.84927689241874 5941.1423511676949 1030.0365939093172 79115.507896489158 20608.109789668015 90920.2317717681 54439.481408724852 72730.939731758306 67490.595408152411 179.10474791983142 30790.3750796862 8608.7667057097424 13735.51908797503 135177.92057308595 277.78665340528823 6065.3168606246363 8767.0800562812365 57239.908589991246 54043.318179257418 92511.190959838583 107044.04722978485 1207.5878743726062
leaf_count=132644 672 139205 335841 4021 59578 298 70850 7089 2116 44167 2255 271771 72674 586839 166581 879860 195134 816 78650 33452 47974 483880 3892 19830 30371 173586 286072 298204 394994 5243
internal_value=-0.0263767 -0.0376256 -0.0208547 -0.00538047 -0.00368761 -0.318348 -0.0492535 -0.037819 -0.463783 0.00376771 -0.00457852 -0.00062509 0.00403755 0.0196615 -0.0411549 0.0275317 -0.0269555 -0.602692 -0.0354816 0.029179 -0.00354844 -0.0127093 -0.748344 -0.0562416 -0.0910142 -0.0632896 0.0144971 -0.0561284 -0.0544026 0.0239565
internal_weight=1.12722e+06 753586 308568 206079 373632 1199.48 445018 245217 902.912 302668 223996 214199 199253 120137 236660 78672.1 121930 714.741 70963.3 99529 204879 135893 535.636 114730 9797.12 199801 68986.4 142561 113109 55250.9
internal_count=4828559 2636298 1170825 834984 2192261 7794 1465473 854478 7122 1980967 1056940 1024314 964736 692965 783628 924027 361715 6824 211294 620291 827190 487901 6008 421913 32626 610995 339289 437409 414824 291315
cat_boundaries=0 1 2 3 4 5 6 7 8 9 10 11 12
cat_threshold=52 2 105 6 80 1 1 300 1 364 722 1
is_linear=0
shrinkage=0.08


Tree=18
num_leaves=31
num_cat=14
split_feature=47 41 47 39 32 3 31 32 38 41 38 5 32 34 23 3 3 38 18 32 45 41 19 4 38 24 38 41 3 32
split_gain=667449 32578.8 14525.4 28248.3 10794.2 8386.53 7733.39 6939.41 6168.57 5772.27 12383.9 31361.9 62130.8 7001.98 6862.7 13006.9 5303.34 4885.97 4747.22 4571.86 4513.03 4416.21 4234.94 4059.29 3932.41 3870.56 3382.9 11425.6 55275.7 128330
threshold=0 1 2 3 -5.9649999141693106 529.73498535156261 1.0000000180025095e-35 -73.520000457763658 4 5 6 2.5000000000000004 88.08499908447267 7 -1.0000000180025095e-35 174.31500244140628 529.73498535156261 8 1.0000000180025095e-35 -7.3949999809265128 9 10 479.99499511718756 57.500000000000007 11 -1.0000000180025095e-35 12 13 74.955001831054702 -0.5349999964237212
decision_type=1 9 1 9 10 8 10 10 1 9 1 2 8 1 2 10 8 1 2 8 9 9 2 8 1 2 1 9 10 10
left_child=1 7 3 8 -3 9 16 -1 -2 10 11 13 22 14 15 -5 26 25 -6 -19 -8 -22 -13 -21 -7 -11 27 28 29 -4
right_child=2 4 6 5 18 24 20 -9 -10 17 -12 12 -14 -15 -16 -17 -18 19 -20 23 21 -23 -24 -25 -26 -27 -28 -29 -30 -31
leaf_value=0.043570428350931723 0.12502716489652493 -0.013676087369138935 -0.44398563062361951 2.2733585380205805 0.012072733173661188 0.21912533570215192 0.094347419536343125 0.072570496755061109 0.010281225754306187 -0.086191912036231388 -0.096907143821828537 -0.29435844333539557 11.312826410166663 -0.055784064945468018 0.20506742133378436 0.46589464712401063 -0.057407816108283327 0.052368542501411208 0.044998597475811163 -0.071468435874172023 -0.41511014564186666 -0.026870443271526715 2.6416739904446693 -0.038792472207771829 0.0080045621370943478 0.13799560707730107 -0.08858787723575208 -0.062064820087898813 0.28127589566210276 21.887383732958405
leaf_weight=68852.281206272892 5336.5449239854161 41880.138784221941 4.7072293230181934 37.210053919522295 43338.66290672803 629.628400228582 2333.5934565161224 226630.07803386881 6846.1301746425534 74689.256399756545 769.25567729596639 8.2312290668487531 4.9646293371915844 209.89875454592618 138.21572666279286 80.836715464482268 42919.532650703099 2338.540868125287 79312.090292469162 73638.854716437403 188.96194877521066 3346.2905128370503 5.0874813050031653 36338.785258763761 4841.7484625513471 496.14258360862732 395575.88231546641 20230.635287641668 256.50422384374008 2.5332592883496288
leaf_count=69830 6410 62693 202 407 44818 1981 4379 144028 19308 452807 5135 141 112 2237 129 208 825161 5569 62538 327339 1529 23485 125 137564 77502 1553 2453039 92628 3750 238
internal_value=-0.0243049 0.0499246 -0.0751737 -0.0575132 0.0213892 -0.0649252 -0.0830154 0.0658108 0.060656 -0.0677555 0.102869 0.415639 3.67441 0.296743 0.565595 1.03563 -0.0841822 -0.0688982 0.0333642 -0.0583128 0.00823601 -0.0487345 0.827147 -0.0606717 0.0327148 -0.0847013 -0.0869441 -0.0551456 0.458474 7.36918
internal_weight=1.13128e+06 460013 671268 206409 164531 194227 464859 295482 12182.7 188755 1253.7 484.445 18.2833 466.161 256.262 118.047 458990 187502 122651 112316 5868.85 3535.25 13.3187 109978 5471.38 75185.4 416070 20494.4 263.745 7.24049
internal_count=4826845 383907 4442938 1038527 170049 1012809 3404411 213858 25718 933326 8494 3359 378 2981 744 615 3375018 924832 107356 470472 29393 25014 266 464903 79483 454360 2549857 96818 4190 440
cat_boundaries=0 1 2 3 4 5 6 7 8 9 10 11 12 13 14
cat_threshold=2 38 1 1 122 16 641 49 45 8 1 530 640 16
is_linear=0
shrinkage=0.08


Tree=19
num_leaves=31
num_cat=18
split_feature=36 41 41 35 38 38 35 34 44 35 17 31 32 38 2 44 45 32 32 44 32 38 32 38 27 19 41 17 12 38
split_gain=30776.3 31300.8 17567.1 14232.2 8640.33 6689.57 6529.89 6254.77 5826.69 5720.57 6389.48 8087.07 4794.95 4097.09 3337.66 3311.9 6869.76 3180.07 5547.88 3040.14 3022.52 3003.61 2938.7 2768.76 2950.59 3673.64 2685.97 2681.53 4782.41 2475.15
threshold=0 1 2 3 4 5 6 7 8 9 1.0000000180025095e-35 1.0000000180025095e-35 -9.5349998474121076 10 inf 11 12 2.4850000143051152 4.8350000381469735 13 5.9649999141693124 14 -15.574999809265135 15 1.0000000180025095e-35 18.774999618530277 16 25.500000000000004 1436.249938964844 17
decision_type=9 9 9 1 1 1 1 1 9 1 2 10 8 1 8 9 9 8 8 9 8 1 10 1 8 2 9 2 2 1
left_child=1 3 6 5 -4 7 21 15 -5 29 -11 -12 -2 26 -15 16 -1 19 -19 22 -18 -3 -13 -10 25 -25 -14 -16 -29 -6
right_child=12 2 4 8 9 -7 -8 -9 23 10 11 17 13 14 27 -17 20 18 -20 -21 -22 -23 -24 24 -26 -27 -28 28 -30 -31
leaf_value=-0.00051659087081774467 0.015087649019328008 0.04099902386256811 -0.052997077445351322 0.1078904301505527 -0.020961560022195336 0.017924480717993477 -0.018378535343370906 -0.00037938428439814406 0.054538842294877536 -0.042568687048924005 0.016390318528273756 -0.96357457562260995 -0.042529796599537588 -0.058368897074094366 0.039391447370371327 -0.028212004618578642 -0.28368674840680774 1.7854192144488001 -1.256014612310477 -0.72811234967144312 -0.10795749221647828 0.00170339029426204 -3.8249176868685062 1.5892490824279804 0.01845814188907732 -0.12477962522286096 0.0079812920872166498 1.7847188026939567 0.0063556939529447569 -0.041930291535885421
leaf_weight=2461.5708688107043 6955.9870201663252 16007.989119399746 142479.19962584481 5905.647655251465 53546.665829927566 52391.229492672515 166971.89324399733 82060.093134764247 17258.47820758976 18898.797023926978 35049.425129794079 3.5060031031025582 19485.206406424499 168957.59065504005 1623.4641571023967 63342.480466096822 1164.8097669604763 5.1994721420087444 14.663228153724051 7.6609362444505686 1355.2280096004447 55890.886470401165 6.6626407257972451 17.060319369658828 70855.833045359643 15.073623569682239 10297.492506511553 15.814238852821289 24.94210327550536 110591.96278354095
leaf_count=13975 15115 47669 540456 44210 137842 156884 620965 368410 66416 52058 112970 54 53832 602154 4536 381622 6056 99 297 102 3983 303897 515 39 935711 375 28737 132 183 329593
internal_value=-0.0224331 -0.0160068 -0.0265265 0.00523906 -0.0376728 -0.00669138 -0.00969915 -0.0152677 0.030959 -0.0276609 -0.00506705 0.0151308 -0.050207 -0.0524758 -0.0572551 -0.0331466 -0.0959579 -1.15606 -0.459856 -1.93164 -0.188435 0.0104569 -2.83837 0.0258082 0.0188031 0.78522 -0.0250686 0.0554813 0.696395 -0.0350914
internal_weight=1.10366e+06 896302 599475 296828 360604 202775 238871 150384 94052.1 218125 53985.9 35087.1 207360 200405 170622 68324.1 4981.61 37.6923 19.8627 17.8296 2520.04 71898.9 10.1686 88146.4 70888 32.1339 29782.7 1664.22 40.7563 164139
internal_count=4828887 4124198 2146517 1977681 1173986 930930 972531 774046 1046751 633530 166095 114037 704689 689574 607005 405636 24014 1067 396 671 10039 351566 569 1002541 936125 414 82569 4851 315 467435
cat_boundaries=0 1 2 3 4 5 6 7 8 9 10 11 12 13 14 15 16 17 18
cat_threshold=160 52 2 48 45 300 24 58 1 48 641 1 34 2 594 707 35 642
is_linear=0
shrinkage=0.08


Tree=20
num_leaves=31
num_cat=18
split_feature=47 41 47 39 37 46 17 41 34 3 19 37 2 19 45 24 46 37 4 3 3 41 40 37 5 6 34 3 41 41
split_gain=558597 26839.2 18622.1 27411.6 15386 9296.31 7999.68 6816.45 9904.97 8898.72 26173.7 6690.74 6517.51 6112.67 9942.84 5726.28 5085.57 5555.67 4466.01 4035.36 3985.82 3447.15 7817.12 4556.23 5912.8 15577.3 2808.92 2750.19 2634.64 2628.97
threshold=0 1 2 3 4 5 1.0000000180025095e-35 6 7 137.129997253418 102.52500152587892 8 inf 12.625000000000002 9 -1.0000000180025095e-35 10 11 inf 529.73498535156261 122.18500137329103 12 13 14 5.5000000000000009 599.22500610351574 15 135.004997253418 16 17
decision_type=1 9 1 9 1 1 2 9 1 10 2 1 8 2 9 2 1 1 8 8 8 9 1 1 2 2 1 8 9 9
left_child=1 4 5 -4 -1 -2 27 8 9 10 -5 -8 18 14 -11 16 17 -9 20 21 -6 22 23 24 -7 -26 -19 -3 -28 -23
right_child=2 6 3 7 12 19 11 15 -10 13 -12 -13 -14 -15 -16 -17 -18 26 -20 -21 -22 29 -24 -25 25 -27 28 -29 -30 -31
leaf_value=0.022623940255782932 0.010518293939720159 0.0091310735645479778 0.06493573690822653 5.3225863910420319 -0.17935697559448549 0.28664547289129505 0.12364345533200544 -0.076408828730830422 -0.034296093305464598 1.4422082685946536 -0.082810801389267275 0.031245437058421453 -0.07324048439782764 -0.036484877368549003 0.27160324837267502 0.14022110554338926 0.035814508931041024 -0.06995168874582823 -0.14442925599887965 -0.056170641017287783 0.072566638484983736 -0.10035823446278391 -0.11686407738889873 -0.049678871543102389 3.8539869792642198 -0.1213464410854011 -0.056572219767276874 -0.029034221942701669 -0.025989930244543484 -0.080550906373605416
leaf_weight=53197.653263939792 7378.040063054138 57284.30415324794 12626.660500919093 9.0751685478641679 402.6404283043812 529.51423814970042 5317.4577848240424 82029.170739063396 895.24426699978255 56.272832086245884 15.567939552815004 86617.42852913418 2006.7400417959434 165.99413769177983 211.80073350753389 926.98186628543772 3543.5515503588831 27846.286671461956 611.08680962980725 41063.745082492824 230602.48731385195 49457.192037864428 1101.6112434698928 297.39084959739739 10.754051465856834 15.260429739952086 33387.578175924282 15314.322660088612 39329.041818894038 343317.1694302347
leaf_count=50435 33053 63433 25543 245 1553 3704 3590 403046 7082 415 65 78745 6473 705 445 3202 9541 224259 2082 824117 153749 224333 9743 2065 122 160 167958 24377 195051 2308799
internal_value=-0.0215547 0.0466911 -0.0693696 -0.0491753 0.0614661 -0.0785308 0.0209297 -0.0568224 0.121509 0.41983 1.9078 0.0366065 0.0703094 0.345026 0.581262 -0.0581165 -0.0591074 -0.0609496 0.0715562 -0.0800384 0.0721275 -0.0825213 0.0235164 0.204082 0.338404 1.52201 -0.048327 0.00108029 -0.0400375 -0.0830475
internal_weight=1.09557e+06 451354 644214 201043 286821 443171 164534 188417 1353.96 458.711 24.6431 91934.9 233623 434.068 268.074 187063 186136 182592 231616 435793 231005 394729 1954.53 852.92 555.529 26.0145 100563 72598.6 72716.6 392774
internal_count=4828090 384437 4443653 1037557 214292 3406096 170145 1012014 8957 1875 310 82335 163857 1565 860 1003057 999855 990314 157384 3373043 155302 2548926 15794 6051 3986 282 587268 87810 363009 2533132
cat_boundaries=0 1 2 3 4 5 6 7 8 9 10 11 12 13 14 15 16 17 18
cat_threshold=2 38 4 1 6 2 16 49 80 4 1 20 16 8 44 96 3 1
is_linear=0
shrinkage=0.08


Tree=21
num_leaves=31
num_cat=22
split_feature=47 36 46 41 31 47 35 23 37 44 38 38 32 4 44 41 38 32 37 32 37 36 4 32 41 37 43 41 41 45
split_gain=506902 44512 18613.2 14901.6 12570.1 11616.1 32863.5 9826.97 9368.18 8049.46 7764.9 5644.97 5568.16 5192.35 4986.75 4909.11 12595.1 6522.53 4182.7 4188.02 3899.16 3678.09 3737.95 5728.16 3531.79 3525.7 3415.16 3314.62 3268.5 2982.26
threshold=0 1 2 3 1.0000000180025095e-35 4 5 -1.0000000180025095e-35 6 7 8 9 -73.520000457763658 5.5000000000000009 10 11 12 -1.3450000286102293 13 -8.3550000190734846 14 15 69.500000000000014 5.9649999141693124 16 17 18 19 20 21
decision_type=1 9 1 9 10 1 1 2 1 9 1 1 10 8 9 9 1 10 1 8 1 9 10 10 9 1 9 9 9 9
left_child=1 3 4 12 5 -2 11 14 13 -4 -8 27 -1 -3 15 16 -5 -18 -9 -20 -14 22 24 -24 -12 -13 -10 -7 -6 -30
right_child=2 8 9 7 28 6 10 18 26 -11 21 25 20 -15 -16 -17 17 -19 19 -21 -22 -23 23 -25 -26 -27 -28 -29 29 -31
leaf_value=0.044977603725740653 -0.078127492353280564 0.096943804647939211 0.091172090693444091 -0.069593427748923214 -0.063103984702018778 0.057659383304068682 0.092609513338002034 0.12528464295632824 -0.0094655661270823862 -0.038963770427844657 -0.033520709863186865 -0.090957851021253727 0.039882320218234478 -0.26376271032173176 -0.041079902814003824 0.023846849328633853 -2.4688146305336631 -0.78395429152961116 -0.19851887254574138 0.049952435686801445 0.078460935015711289 -0.062705446094338577 -0.13168451196899095 2.2252810647373193 0.046585494830754949 -0.064157739671373115 -0.050532818489782229 -0.044322382128458647 0.085192392660741662 -0.1206085751002801
leaf_weight=52428.514023486117 414891.38241963612 6107.9607091142097 6504.2656583281114 709.72866178038885 1608.00607286174 2192.7089751820295 8006.5862352169106 4841.6708578634571 53165.936362302586 5714.5832215799837 5600.7936256796474 54133.201726439198 18744.910924768825 266.55508501885924 10305.709049100275 45646.930117964839 21.246761778391374 47.761000496917404 436.86481917270669 69765.494101094519 165089.87942865264 4670.6951648368122 14.150848848745229 12.365926448255776 9460.0393195074157 75736.524990786798 17134.06941612855 28040.384383220524 4941.0017335638495 488.29363663596905
leaf_count=52255 3353689 2940 17011 2799 7103 9255 14621 2531 69819 26557 56623 289948 14334 1241 17582 41349 729 573 1894 48507 95584 18016 153 63 62525 455121 31184 115247 15885 2974
internal_value=-0.0208244 0.0443963 -0.0674543 0.0559477 -0.0694132 -0.0706543 -0.0541503 0.0343855 -0.0110564 0.0303094 0.0261984 -0.0680815 0.0679721 0.0817324 0.00926174 0.0204367 -0.17748 -1.13782 0.0533829 0.0483993 0.0745337 -0.00074677 0.018463 0.967471 0.0168044 -0.0753349 -0.0194806 -0.0369094 0.0368872 0.0664956
internal_weight=1.06673e+06 444713 622015 368039 609796 602759 187867 131775 76674.5 12218.8 27764.6 160103 236263 6374.52 56731.4 46425.7 778.736 69.0078 75044 70202.4 183835 19758 15087.3 26.5168 15060.8 129870 70300 30233.1 7037.3 5429.3
internal_count=4828112 383321 4444791 278137 4401223 4375261 1021572 115964 105184 43568 152001 869571 162173 4181 63032 45450 4101 1302 52932 50401 109918 137380 119364 216 119148 745069 101003 124502 25962 18859
cat_boundaries=0 1 2 3 4 5 6 7 8 9 10 11 12 13 14 15 16 17 18 19 20 21 22
cat_threshold=2 128 1 38 4 32 16 2 82 642 2 16 641 80 4 128 7 84 14 20 49 13
is_linear=0
shrinkage=0.08


Tree=22
num_leaves=31
num_cat=19
split_feature=47 41 46 38 37 32 41 47 35 32 32 27 47 35 41 43 17 4 31 31 39 32 40 46 17 37 45 11 38 48
split_gain=441974 22894.6 15577.8 13212.7 13123.6 8872.63 8376.6 4993.32 8676.29 4561.33 4551.65 3896.36 3274.27 11406.2 3618.24 6522.47 32288.3 35803.5 118833 123834 371622 5020.12 3176.66 2842.93 2710.12 3550.8 2579.33 2571.71 2507.84 2829.56
threshold=0 1 2 3 4 -4.2449998855590811 5 6 7 -6.7049999237060538 -73.520000457763658 7.5000000000000009 8 9 10 11 1.0000000180025095e-35 1.0000000180025095e-35 1.0000000180025095e-35 1.0000000180025095e-35 12 -3.4850000143051143 13 14 1.0000000180025095e-35 15 16 5.5000000000000009 17 18
decision_type=1 9 1 1 1 10 9 1 1 8 10 8 1 1 9 9 2 8 8 10 9 10 1 1 2 1 9 2 1 9
left_child=1 4 3 6 -1 23 9 27 28 -2 -6 -5 13 -13 -14 16 17 -16 21 20 -20 -19 -15 -3 -7 -26 -25 -8 -9 -30
right_child=2 5 -4 11 10 24 7 8 -10 -11 -12 12 14 22 15 -17 -18 18 19 -21 -22 -23 -24 26 25 -27 -28 -29 29 -31
leaf_value=0.01930607793095946 0.020609048066491123 -0.0063896992545361478 0.025009928661671489 0.1004801930386984 0.042930950220906788 0.013452632034511081 -0.054840163992383138 -0.042996900886497214 0.094327249871082458 -0.063638623710946834 0.07012175777906364 -0.073992841128114939 -0.066245311384132088 0.090297879086364954 -0.38810302486207315 -0.085264943234441976 -0.15844615288706176 -7.1094283898788264 -17.97541350336601 -0.47742987481967286 -165.03381846149176 -0.95873781114249668 -0.015645851079671841 0.01632455432241765 0.10571584611052018 0.034095945718817675 -0.12355898579280128 -0.0075456319734683013 0.0054114027567255338 0.7367139223847774
leaf_weight=51304.580990056493 4249.9133714147301 39795.288175760754 12513.940748770488 817.77733108092798 50616.447792424064 43103.361543953768 34187.087416551352 14566.111434808094 4954.4603736149584 127647.02673953865 177815.37191804213 88834.676465988203 95332.189079374279 2043.0237042618101 4.244102352012658 181739.84751872678 38.720072667114437 1.6569109819791878 0.37178687038821323 0.35704365372657776 0.15617433190882035 1.7423224756348599 15377.963737918733 1250.5751256992735 4723.2286210755447 70672.815452621304 2598.6222678004488 9376.5106860092346 10912.264546227272 33.966814995510504
leaf_count=50537 16311 55242 43630 6594 52065 43742 188588 65063 8687 654118 111616 570478 1415527 2079 74 1248063 243 176 85 8 325 102 125101 1522 2769 59984 7439 55103 43326 51
internal_value=-0.018755 0.0420173 -0.0633161 -0.0651892 0.0558807 0.0180952 -0.0488286 -0.0272817 -0.00244099 -0.0609194 0.064094 -0.0739552 -0.0743292 -0.0623896 -0.0789073 -0.085539 -0.940809 -5.59602 -10.7552 -36.8671 -61.4762 -3.95681 -0.00317676 -0.0127398 0.0294536 0.0386012 -0.0783905 -0.0446606 -0.0212619 0.00767367
internal_weight=1.04451e+06 441880 602634 590120 279736 162144 205927 74030.4 30466.8 131897 228432 384193 383375 106256 277119 181787 47.2484 8.52834 4.28424 0.885005 0.527961 3.39923 17421 43644.5 118499 75396 3849.2 43563.6 25512.3 10946.2
internal_count=4828648 384916 4443732 4400102 214218 170698 1031247 360818 117127 670429 163681 3368855 3362261 697658 2664603 1249076 1013 770 696 418 410 278 127180 64203 106495 62753 8961 243691 108440 43377
cat_boundaries=0 1 2 3 4 5 6 7 8 9 10 11 12 13 14 15 16 17 18 19
cat_threshold=2 38 1 722 6 35 4 32 1 32 36 2 1 1 1 80 3 80 1
is_linear=0
shrinkage=0.08


Tree=23
num_leaves=31
num_cat=16
split_feature=36 3 0 3 37 41 6 44 45 3 17 32 38 44 3 38 41 37 38 3 37 41 32 0 18 0 38 41 38 3
split_gain=19640.8 31018.1 18548 14492.5 13099.5 13529.2 11561.8 12363 21666.7 7871 16402.8 10710.3 6988.36 6769.41 5547.65 5243.73 5179.97 4507.01 4504.76 4446.18 4265.73 4248.82 4133.78 3416.11 2908.21 3127.51 2688.74 2526.39 2374.36 2333.93
threshold=0 502.63500976562506 1.5000000000000002 146.129997253418 1 2 9435.9252929687518 3 4 253.90000152587893 1.0000000180025095e-35 -9.5349998474121076 5 6 158.14499664306643 7 8 9 10 253.90000152587893 11 12 -7.3949999809265128 1.5000000000000002 35.425001144409187 1.5000000000000002 13 14 15 253.90000152587893
decision_type=9 10 2 8 1 9 2 9 9 10 2 8 1 9 10 1 9 1 1 8 1 9 8 2 2 2 1 9 1 8
left_child=1 3 -3 18 16 22 7 8 -7 11 28 -9 -12 -4 -10 -15 -5 21 23 -8 -17 -2 -6 -1 -18 -26 -13 -16 -11 -28
right_child=17 2 13 4 5 6 19 9 14 10 12 26 -14 15 27 20 24 -19 -20 -21 -22 -23 -24 -25 25 -27 29 -29 -30 -31
leaf_value=-0.023480199775057317 -0.054316114236641622 -0.094990838019825552 0.14498390551282433 -0.047957701968253455 -0.29699007929799509 0.033933282203160546 0.054063897384234706 -0.23182418075825417 -0.030478256054250249 -0.029733551133388908 0.024734319051737952 -0.016117467828047734 0.066198515734996161 0.015297048617784923 -0.31682174167886479 0.021005476920158341 -0.03640252615615195 -0.05359968107083659 -0.037582518587591117 -0.10858750986537236 0.083350894307150258 -0.018730281753419592 -0.0512205182701704 0.015764426278877145 -0.013825983081496213 0.043232056077963786 0.010330892294451818 -0.17315997902841868 0.0061928995752468675 -0.23611029440092093
leaf_weight=94297.906995651094 30641.501109761281 6015.0484717545187 4652.0424658331758 59233.623773105399 445.70457617715874 7222.6104294040224 1254.6079510912241 1317.2685931285343 1603.3801874144146 30253.836364538598 73685.81345321564 49064.10056686357 40239.968436999174 23172.316293767079 986.23772869992536 10030.113056182538 20042.058866575437 94616.645524427964 205156.75561436295 7538.6191994034161 23608.99829929374 71851.668066673039 25326.473636769981 16711.205672645447 20728.440372599369 8740.6818935137162 58132.013469180805 4679.436177709058 19269.834760105907 246.99225538357132
leaf_count=278846 94869 22387 40869 216354 2481 30159 3164 6526 3088 131040 604971 215069 211344 589032 5547 59496 72572 354382 816287 28224 207317 268131 89372 45294 104700 36971 205584 17569 64748 1184
internal_value=-0.0183476 -0.0128582 0.0390832 -0.0175556 -0.00799557 0.00012853 0.00497758 0.00774907 -0.0642503 0.0115821 0.0226789 -0.00509456 0.039388 0.0522042 -0.161631 0.0446069 -0.0319938 -0.0410046 -0.0305579 -0.0853806 0.0647732 -0.0293733 -0.0554493 -0.0175708 -0.0128893 0.0030977 -0.00231483 -0.199032 -0.0157592 0.00928665
internal_weight=1.01077e+06 813656 67478.5 746178 430012 321267 295495 286701 14491.7 272210 163449 108760 113926 61463.5 7269.05 56811.4 108745 197110 316166 8793.23 33639.1 102493 25772.2 111009 49511.2 29469.1 107443 5665.67 49523.7 58379
internal_count=4827577 4110195 919101 3191094 2050667 1620070 1528217 1496829 56363 1440466 1012103 428363 816315 896714 26204 855845 430597 717382 1140427 31388 266813 363000 91853 324140 214243 141671 421837 23116 195788 206768
cat_boundaries=0 1 2 3 4 5 6 7 8 9 10 11 12 13 14 15 16
cat_threshold=128 20 1 1 34 44 1 32 34 20 722 22 1 556 4 44
is_linear=0
shrinkage=0.08


Tree=24
num_leaves=31
num_cat=16
split_feature=41 36 35 41 37 37 23 17 35 36 37 37 4 45 44 40 2 32 11 11 7 44 32 4 2 5 32 7 40 41
split_gain=17730 10321.9 10505.1 7376.3 6143.94 5535.79 3931.63 3848.61 5289.17 9282.95 4765.02 4146.66 5237.36 3452.45 8022.25 3315.46 4991.46 11335 17270.3 22566.3 3415.98 2745.12 3422.07 2765.61 2722.11 3261.87 7278.65 3751.87 2534.58 2487.44
threshold=0 1 2 3 4 5 1.5000000000000002 1.0000000180025095e-35 6 7 8 9 inf 10 11 12 inf -1.2549999952316282 1.5000000000000002 3.5000000000000004 331.00001525878912 13 -73.520000457763658 1.5000000000000002 inf 2.5000000000000004 -73.520000457763658 250.00000762939456 14 15
decision_type=9 9 1 9 1 1 2 2 1 9 1 1 8 9 9 1 8 10 2 2 2 9 8 10 8 2 10 2 1 9
left_child=1 2 4 -2 21 -3 13 10 -9 11 -5 12 -10 14 -4 -13 -17 20 -19 -20 -18 22 -1 -23 -7 -26 27 -27 -12 -6
right_child=3 5 6 7 29 24 -8 8 9 -11 28 15 -14 -15 -16 16 17 18 19 -21 -22 23 -24 -25 25 26 -28 -29 -30 -31
leaf_value=1.1611552682704767 -0.041750685252951544 -0.0098053578872644761 -0.15313918532077286 -0.060575060835341511 0.014311126299292751 -0.061177014989113716 0.015321625964621116 -0.023626574242120901 -0.059764934754187662 -0.043753476327226676 -0.015495776973782936 0.029037563076372348 0.014556205279821734 -0.0079489386774984679 -0.014689003745852651 -0.0031551659462805328 0.019560658943887078 -0.1050892062379359 11.511263276086698 2.3076600637575533 0.94989193630348934 0.0299545291486043 0.10153706117667449 0.080590050469136684 0.028680201180048836 2.172660025538899 -0.05007478105061642 0.63367619375949091 -0.033627506949701971 -0.040555095325585037
leaf_weight=19.608570365580821 124582.53961352303 36216.626304928912 3582.1807155119914 25914.205722404877 12714.251551366551 27225.32304472644 43607.238698010828 187216.20684378408 12115.064871013928 28980.047177151777 104158.94817504426 48381.31795946788 12158.253057505812 124085.49688332793 10617.308359914929 43038.499673898936 119.94185666949488 8.5351587962359208 2.4254056699573976 5.7402427104316303 31.997807044070214 52841.584748571026 3732.9540204697187 7940.7552173052682 575.3189051373156 18.854244049056433 57.909579025639687 21.930461037438363 93861.191216091218 9040.8504689266465
leaf_count=182 409900 120164 12829 110375 183850 97089 237422 732121 44453 122443 359918 318267 42672 618277 59111 191916 352 149 144 380 122 741978 25678 46519 1982 96 520 120 303662 44758
internal_value=-0.0167594 -0.00161148 0.00528281 -0.0241552 0.0282692 -0.030445 -0.00562293 -0.0202118 -0.0147463 -0.00326617 -0.0283172 0.00686366 -0.022529 -0.0122281 -0.0495817 0.0146551 -0.00145276 0.432931 2.4112 5.04136 0.215484 0.040663 0.107074 0.0365697 -0.0572247 0.101572 0.526483 1.34513 -0.0240914 -0.008498
internal_weight=1.01287e+06 332298 268182 680575 86290 64116 181892 555992 332058 144842 223934 115862 24273.3 138285 14199.5 91588.5 43207.1 168.64 16.7008 8.16565 151.94 64534.9 3752.56 60782.3 27899.3 674.013 98.6943 40.7847 198020 21755.1
internal_count=4827449 2190575 1970604 2636874 1042965 219971 927639 2226974 1453019 720898 773955 598455 87125 690217 71940 511330 193063 1147 673 524 474 814357 25860 788497 99807 2718 736 216 663580 228608
cat_boundaries=0 1 2 3 4 5 6 7 8 9 10 11 12 13 14 15 16
cat_threshold=52 128 9 1 105 22 32 128 80 4 8 1 3 1 3 20
is_linear=0
shrinkage=0.08


Tree=25
num_leaves=31
num_cat=20
split_feature=47 36 46 47 35 44 2 37 41 1 41 36 32 12 32 12 38 44 38 46 37 38 4 17 41 38 32 32 40 38
split_gain=374888 32371.8 15730.9 12340.7 22262.6 10310.8 7682.48 7181.18 5824.47 5756.19 6506.81 11802.5 88023.2 194438 222344 88048.2 6375.89 5483.05 4778.16 4773.52 4318.72 4114.76 3728.01 3580.41 9986.72 5683.27 4245.08 3825.03 3461.01 3455.69
threshold=0 1 2 3 4 5 inf 6 7 1.5000000000000002 8 9 -1.8650000095367429 275.00001525878912 -73.520000457763658 50.049999237060554 10 11 12 13 14 15 5.5000000000000009 1.0000000180025095e-35 16 17 -1.4750000238418577 -8.3550000190734846 18 19
decision_type=1 9 1 1 1 9 8 1 9 2 9 9 10 2 10 2 1 9 1 1 1 1 8 2 9 1 10 8 1 1
left_child=1 5 17 21 18 19 8 22 -7 10 11 12 13 14 15 -6 -11 -2 -5 -1 -20 -4 -3 24 25 -10 -27 -25 -9 -12
right_child=2 7 3 4 9 6 -8 28 23 16 29 -13 -14 -15 -16 -17 -18 -19 20 -21 -22 -23 -24 27 -26 26 -28 -29 -30 -31
leaf_value=0.014086024025595688 0.082777285753489416 0.090728120459820968 -0.056623723748787179 -0.026369384502848925 32.254780198125999 0.062553575434686759 -0.050955644137653425 -0.050939116071779422 -1.2484915561153676 -0.0053746502368107489 0.1091093614591849 0.065417856199361177 -0.067378536964720334 -0.21598391429752778 7.8155092134963935 77.478712434054387 0.12385635949574682 -0.023294954159526166 -0.081002513457243963 -0.085215751624556038 -0.050178370744564792 -0.074566626894955038 -0.16610299490600375 -0.24028263130107938 0.025868260262033232 -0.15385816138714678 -1.1730117678009355 0.053153636453242385 -0.0052946888923197082 -0.01988837680113506
leaf_weight=19613.551162091117 6265.5659633842133 6005.7626514136791 119445.7948108538 28741.820373833329 0.55673814535032595 216255.04109729096 4450.0118556924281 12835.766212744405 39.795447673706803 4179.4635604196519 1435.4457341557279 107.60939042025133 24.209976235283669 4.4445388881140389 1.579154372429002 0.54548446141799189 5886.5350267752037 6210.1941591951872 49075.083315156749 3679.361535840475 71906.156938382686 262454.15370061493 384.89250691805501 285.52502373852138 45471.804642727264 216.79456654988462 29.74583520059241 66616.342846812622 61733.524200267333 16515.638841415865
leaf_count=22834 16873 2932 700306 125503 184 146376 11820 23344 942 13818 2915 180 302 69 57 24 8653 26675 286397 9240 463341 2671802 1301 1295 40018 696 517 45126 77551 126680
internal_value=-0.0162468 0.0394916 -0.0588714 -0.0608515 -0.0434469 0.0498574 0.0534543 -0.0061789 0.0548669 0.0218176 -0.00515705 0.521436 1.69276 10.0482 27.0618 54.6359 0.0703166 0.0299766 -0.0557179 -0.00159974 -0.0626876 -0.0689581 0.0751423 0.0401031 0.0228619 -0.440099 -0.266032 0.0519013 -0.0131573 -0.00951816
internal_weight=1.00987e+06 437618 572255 559779 177879 356658 333365 80959.9 328915 28156 18090 138.945 31.3359 7.12592 2.68138 1.10222 10066 12475.8 149723 23292.9 120981 381900 6390.66 112660 45758.1 286.336 246.54 66901.9 74569.3 17951.1
internal_count=4827771 383992 4443779 4400231 1028123 278864 246790 105128 234970 152882 130411 816 636 334 265 208 22471 43548 875241 32074 749738 3372108 4233 88594 42173 2155 1213 46421 100895 129595
cat_boundaries=0 1 2 3 4 5 6 7 8 9 10 11 12 13 14 15 16 17 18 19 20
cat_threshold=2 128 2 4 32 1 16 38 16 128 897 2 642 1 20 722 16 641 4 2
is_linear=0
shrinkage=0.08


Tree=26
num_leaves=31
num_cat=13
split_feature=47 38 32 37 31 47 35 3 44 45 38 4 47 1 37 37 3 32 3 38 2 44 2 2 2 4 3 18 12 11
split_gain=321172 13290.5 12303.7 7612.27 7407.69 6374.79 11479.5 4878.68 12190 4643.56 4408.71 4297.3 3510.66 6206.19 4926.17 3495.33 3340.61 2772.86 2708.68 3317.94 33486.2 163338 1.13113e+06 9235.39 2773.77 94057.6 525361 2.4174e+06 4.11253e+06 11202
threshold=0 1 -73.520000457763658 2 1.0000000180025095e-35 3 4 502.63500976562506 5 6 7 inf 8 1.5000000000000002 9 10 48.914999008178718 -7.3949999809265128 18.964999198913578 11 1.0000000180025095e-35 12 1.5000000000000002 1.5000000000000002 2.5000000000000004 inf 72.83499908447267 293.52499389648443 129.2499923706055 6.5000000000000009
decision_type=1 1 10 1 10 1 1 8 9 9 1 8 1 2 1 1 8 8 8 1 8 9 8 8 8 8 10 2 2 2
left_child=2 7 9 -4 5 -3 15 12 -9 -1 -8 -5 -2 14 16 18 -14 -17 19 20 -7 -22 -23 -21 -20 -26 -27 28 -28 -29
right_child=1 4 3 11 -6 6 10 8 -10 -11 -12 -13 13 -15 -16 17 -18 -19 24 23 21 22 -24 -25 25 26 27 29 -30 -31
leaf_value=-0.0181469850555868 -0.072647583877643668 -0.052077632517462551 0.024809358955770567 0.058690575463422621 0.066043428731432818 -0.1627447100403043 -0.033814231290267734 0.091421131774202843 -0.052878813611891583 0.022685180960406354 0.071264248542412936 0.033967902093766843 0.027201358639439302 0.040073006581442812 -0.070609923630291685 0.081368722321985207 -0.043971704258048458 -0.052522111103464351 -0.0070850760115875877 -0.071384427708249543 -0.86728915509769022 -0.16925993015245566 -187.58424661066024 1.0564730156422788 -0.0053502841213078781 -0.04475093563587066 454.96974112849034 -0.67533511197656426 30.334273806463614 8.66942535082927
leaf_weight=22703.503782630367 218845.24478931547 122469.25223038987 85657.545316377582 181941.55197282767 4263.4702121589507 285.90161433819759 3429.6207812197099 4223.8705494602673 33166.030451051156 82857.856763567717 9985.239278498615 59782.178582220484 5436.5515866762489 4284.8072187127545 61613.258492904337 1012.5900656691123 18870.510098365921 44241.622566167716 19736.903065377155 2881.9121869839728 10.976385444402704 1.3873522132635099 0.2420625835658724 47.22654040157795 832.57233164350032 21.070775538736829 0.21895144879817907 1.7195094227790835 0.43790289759635925 1.5711375027894972
leaf_count=37033 1835110 730910 77970 124820 11721 1443 13182 43831 870113 91835 20228 51994 17207 12602 435084 1992 130099 211888 90146 10396 187 6 843 548 5406 505 560 122 70 117
internal_value=-0.0140042 -0.0542533 0.0376539 0.045312 -0.0383256 -0.0404984 -0.0233076 -0.0638695 -0.0365775 0.0139037 0.0443949 0.0525741 -0.0671734 -0.0538927 -0.0585787 -0.0364568 -0.0280415 -0.0495153 -0.0116396 -0.0797859 -0.329621 -4.37589 -28.0113 -0.053019 -0.000965089 0.139883 4.97302 31.7566 171.879 3.78637
internal_weight=988607 555664 432943 327381 209224 204960 82491.2 346440 37389.9 105561 13414.9 241724 309050 90205.1 85920.3 69076.4 24307.1 45254.2 23822.1 3227.65 298.507 12.6058 1.62941 2929.14 20594.5 857.591 25.0183 3.9475 0.656854 3.29065
internal_count=4827968 4444316 383652 254784 1100270 1088549 357639 3344046 913944 128868 33410 176814 2430102 594992 582390 324229 147306 213880 110349 13423 2479 1036 849 10944 96926 6780 1374 869 630 239
cat_boundaries=0 1 2 3 4 5 6 7 8 9 10 11 12 13
cat_threshold=2 300 6 4 32 1 42 129 4 34 99 129 2
is_linear=0
shrinkage=0.08


Tree=27
num_leaves=31
num_cat=7
split_feature=47 36 38 23 47 35 37 2 4 3 1 19 5 11 17 32 3 23 17 32 32 3 13 19 19 32 3 47 3 1
split_gain=281035 28496.6 14250.1 7764.17 7196.56 14975.9 6355.76 4979.14 178628 782190 4.92744e+06 2.37975e+07 1.98149e+06 201782 58537.3 52040.6 269972 783936 43992.8 40261.5 83558.9 96085.9 322613 297576 641555 89210.4 22905.4 70225.4 98224.4 18937.3
threshold=0 1 2 -1.0000000180025095e-35 3 4 5 2.5000000000000004 inf 146.129997253418 1.5000000000000002 37.520000457763679 4.5000000000000009 2.5000000000000004 17.500000000000004 4.1649999618530282 74.955001831054702 1.0000000180025095e-35 42.500000000000007 0.42499999701976782 -0.15500000119209287 72.83499908447267 43.274999618530281 89.924999237060561 32.049999237060554 0.33500000834465032 9.9849996566772479 6 9.4899997711181658 1.0000000180025095e-35
decision_type=1 9 1 2 1 1 1 8 8 10 2 2 2 2 2 10 8 2 2 8 10 10 2 2 2 8 10 1 10 2
left_child=1 3 7 -1 -4 -6 -3 -2 -9 14 11 -11 13 -13 15 19 17 -17 -12 20 29 25 23 24 -23 26 27 -22 -29 -10
right_child=2 6 4 -5 5 -7 -8 8 9 10 18 12 -14 -15 -16 16 -18 -19 -20 -21 21 22 -24 -25 -26 -27 -28 28 -30 -31
leaf_value=0.029374180659959621 -0.024869160845119899 0.069057306063953341 -0.064159114395057032 0.05435307209673973 -0.050385095464530877 0.042965065136774901 -0.01436376819897983 -0.023653357447672194 -0.31073451174891698 1396.4637292367788 -1.1578317866210162 -12.433224491396789 368.98723523040093 106.57115773306187 15.847065118949928 250.61256630109281 -2.0214706345662843 -1.9649070030255968 20.493774577865647 -0.74046609089922411 -0.095506321333195102 216.15190731907919 -0.29018007938113072 -0.11333438504687225 -0.099497791461578458 27.61942687890993 -0.12457608664937367 87.849638098080447 -0.1005354535605006 9.1629614572733633
leaf_weight=125549.07989028981 78084.518120209716 6337.9321581256227 315739.15496599744 217790.65371196868 128212.37940849614 12025.68013842887 73816.251339368173 2831.2884872679779 19.133554928004745 0.095888018608092263 4.4453701078891754 0.55097458112322784 0.11359570920467377 0.10927238315343857 1.7897965312004078 0.1134025901556025 1.297273963689944 0.25659352540969849 0.6944131851196288 41.23367857359591 0.81599181890490669 0.19830502569675423 0.95764783024787903 0.20761516690254211 0.15756092965602875 1.0313062295317648 5.0252148434519768 0.1625383198261261 0.1625383198261261 1.4529336392879475
leaf_count=118750 373527 4226 3139028 159772 865359 29735 101176 22245 1534 1412 827 474 540 641 98 300 291 32 31 2226 124 261 45 8 7 105 666 113 178 149
internal_value=-0.0135367 0.0351916 -0.0519673 0.0452177 -0.0574598 -0.0423807 -0.00775973 -0.0210366 0.0816856 3.80949 31.5664 207.667 60.3614 7.26227 1.55524 1.20099 15.1706 75.4493 1.76742 0.870799 3.13792 9.70207 27.9706 76.0004 120.406 5.84122 2.19883 12.431 43.8746 0.357891
internal_weight=960467 423494 536973 343340 455977 140238 80154.2 80995.8 2911.29 80.0055 6.00951 0.869731 0.773843 0.660247 73.996 72.2062 1.66727 0.369996 5.13978 70.5389 29.3052 8.71872 1.52113 0.563481 0.355866 7.19759 6.16628 1.14107 0.325077 20.5865
internal_count=4823880 383924 4439956 278522 4034122 895094 105402 405834 32307 10062 3925 3067 1655 1115 6137 6039 623 332 858 5416 3190 1507 321 276 268 1186 1081 415 291 1683
cat_boundaries=0 1 2 3 4 5 6 7
cat_threshold=2 128 642 4 33 16 4
is_linear=0
shrinkage=0.08


Tree=28
num_leaves=31
num_cat=17
split_feature=47 2 36 46 47 35 44 31 2 18 37 40 36 40 46 41 37 32 32 31 26 44 26 0 37 43 13 32 20 45
split_gain=246712 141977 25291.8 13990.5 12773.9 17646.1 9024.67 6059.98 5907.09 4853.86 4614.91 3623.55 3416.86 3641.83 3386.59 3041.33 2965.92 2777.26 2761.36 2611.95 2513.86 2477.79 2298.14 2268.15 2242 2201.59 2017.44 1970.6 2200.27 1930.64
threshold=0 inf 1 2 3 4 5 1.0000000180025095e-35 inf 179.52500152587893 6 7 8 9 10 11 12 inf -3.195000052452087 1.0000000180025095e-35 1.0000000180025095e-35 13 9.5000000000000018 1.5000000000000002 14 15 265.51499938964849 -15.574999809265135 1.0000000180025095e-35 16
decision_type=1 8 9 1 1 1 9 10 8 2 1 1 9 1 1 9 1 8 8 10 8 9 8 2 1 9 2 8 2 9
left_child=2 3 6 4 7 12 14 20 9 15 11 -4 13 18 -1 -8 -7 -12 -6 24 -2 -5 26 27 -14 -24 -18 28 -11 -9
right_child=1 -3 10 21 5 16 8 29 -10 23 17 -13 19 -15 -16 -17 22 -19 -20 -21 -22 -23 25 -25 -26 -27 -28 -29 -30 -31
leaf_value=0.0084690674007100852 0.12180100824830137 5.027680268837214 0.077068162946574092 0.069970147060702037 0.39602631000400496 -0.068887132090149031 0.046609742987316169 0.093407083687668147 -0.044027815006442407 -0.33070989365631348 -0.0026876361657551056 -0.19590594927760094 -0.033977711542458648 -0.025165132328321977 -0.073164030531082697 0.022638695996432791 0.69889591127098072 -0.03745088870444549 0.063587344644589192 0.046847686429438352 -0.061739440840579606 -0.0012809822255943437 -0.00068374209333622036 0.067133665116971622 -0.057062748715632897 0.04753792558169985 0.15470645282741283 0.04940796039540582 0.017626659835496977 -0.01479849017579681
leaf_weight=18472.697374771033 478.27206559339538 35.254219226771966 5526.3695902273757 6238.9252801737839 173.55216843263185 2009.2941956019495 84663.973484243717 1934.7756700778236 4533.6290334520163 183.00874449582977 55224.661486715115 320.91061207931489 38969.663061432097 8964.8891860229669 3947.4678082989958 56584.717222807158 54.062016079202294 20047.330010684229 2034.5619090683822 1808.0994744643831 336428.56296858797 6255.6332086182574 9746.6348257447826 77851.272487821378 88041.318167464837 16031.913418415992 225.28409692831337 90488.261424785887 317.20701800464269 2307.2504985470468
leaf_count=22734 3564 49611 3042 16719 195 28664 66431 3570 11712 1027 67058 1218 238253 40054 9235 53369 137 34081 13194 4852 3314777 26018 44090 46286 563632 76359 375 67052 435 15536
internal_value=-0.0123004 -0.0489939 0.033482 -0.049337 -0.0513891 -0.0333363 0.0431335 -0.0602825 0.0466293 0.0479547 -0.00662355 0.0617779 -0.0449417 -0.0024815 -0.00590389 0.0370118 0.0245559 -0.0119446 0.0893117 -0.048624 -0.0614789 0.0342969 0.0317849 0.0571095 -0.0499869 0.0293239 0.260024 0.0485326 -0.109816 0.0347391
internal_weight=939899 521738 418162 521703 509208 168059 337042 341149 314622 310088 81119.3 5847.28 139992 11173 22420.2 141249 28067.2 75272 2208.11 128819 336907 12494.6 26057.9 168840 127011 25778.5 279.346 90988.5 500.216 4242.03
internal_count=4823280 4439600 383680 4389989 4347252 1009805 278281 3337447 246312 234600 105399 4260 860180 53443 31969 119800 149625 101139 13389 806737 3318341 42737 120961 114800 801885 120449 512 68514 1462 19106
cat_boundaries=0 1 2 3 4 5 6 7 8 9 10 11 12 13 14 15 16 17
cat_threshold=2 128 1 4 32 1 16 10 19 4 1 38 16 2 42 42 8
is_linear=0
shrinkage=0.08


Tree=29
num_leaves=31
num_cat=20
split_feature=47 36 38 44 41 47 35 32 40 37 40 34 32 32 32 17 32 38 6 35 45 44 5 38 37 41 38 33 36 32
split_gain=213010 22470.8 14619.8 8310.38 7181.77 6749.88 14291 4998.33 4329.23 3709.08 3638.39 8762.65 8834.31 6476.8 20991.6 33832.6 8381.55 6339.09 3780.22 3574.51 3460.01 3314.82 3280.89 2944.16 3320.55 2936.04 2668.32 3264.38 2590.73 2571.13
threshold=0 1 2 3 4 5 6 -73.520000457763658 7 8 9 10 -0.96500000357627858 -2.2749999761581416 -1.8650000095367429 1.0000000180025095e-35 -2.1550000905990596 11 475.15000915527349 12 13 14 7.5000000000000009 15 16 17 18 1.0000000180025095e-35 19 88.08499908447267
decision_type=1 9 1 9 9 1 1 10 1 1 1 1 8 10 8 2 10 1 2 1 9 9 2 1 1 9 1 2 9 10
left_child=1 3 4 -1 21 6 23 -5 -3 -10 11 12 -6 22 15 16 -15 -16 28 -8 26 -2 -13 -4 -25 -9 -7 -28 -12 -14
right_child=2 8 5 7 10 20 19 25 9 -11 18 13 29 14 17 -17 -18 -19 -20 -21 -22 -23 -24 24 -26 -27 27 -29 -30 -31
leaf_value=-0.0073305443975605206 0.056715884070627845 -0.047753283343626558 -0.06435409183540354 0.024893084477597228 2.0998373805396571 -0.058716400693071762 0.067844787032276227 0.021769055989813567 0.067348813619935333 -0.0040403391916426544 -0.011316776336878125 -0.15237729152117971 0.27080932907794997 8.0638491260914762 0.033073445333347662 -0.15539932210651533 3.7625250551311122 0.66235373418372789 0.081940043879467447 -0.0017628425613014436 -0.062986193668101112 -0.038573729064458481 0.61054187704971585 -0.016296086835149284 -0.054455729658986853 0.052020088329870103 -0.013153767135813645 0.26928257722441129 0.080527192181317431 1.1584913650639854
leaf_weight=22170.768072224175 2438.6698380599009 13880.519046265632 48955.240112638894 71509.991354396188 25.487739906660302 12674.176305978439 7276.0334406765178 22806.282334809672 5025.1932978982804 62137.254173353082 24569.815583066764 636.39349620870598 96.286753671853688 5.1378557450098015 558.53662252175036 14.259075006470082 6.6546132449086226 116.66443582962188 3736.3544419007667 13421.621188158504 261095.55198517267 55716.526197245868 38.243583071398461 25900.16202815979 33509.822037137972 210597.60674611194 13162.44828819867 267.21925609849859 2126.5234410227531 26.666188806295395
leaf_count=31984 3888 24698 407136 77752 200 171882 17186 21864 3191 77696 118406 4407 461 117 3942 152 164 1061 16986 115349 2864308 303690 164 139895 189039 147249 73245 955 12189 24
internal_value=-0.0123917 0.0306149 -0.0470542 0.0399581 -0.0178316 -0.0533786 -0.0381833 0.0433979 -0.00709782 0.00131033 0.0126336 0.132839 0.697346 0.0673435 0.238079 2.46639 5.63657 0.152103 0.00657107 0.0227279 -0.060209 -0.0345719 -0.109129 -0.0498148 -0.0378253 0.0490674 -0.0323946 -0.00752833 -0.00397493 0.463331
internal_weight=914502 408128 506374 327085 90112.2 416262 129063 304914 81043 67162.4 31957 1524.33 148.441 1375.89 701.253 26.0515 11.7925 675.201 30432.7 20697.7 287199 58155.2 674.637 108365 59410 233404 26103.8 13429.7 26696.3 122.953
internal_count=4829280 384434 4444846 278849 465851 3978995 868605 246865 105585 80887 158273 10692 685 10007 5436 433 281 5003 147581 132535 3110390 307578 4571 736070 328934 169113 246082 74200 130595 485
cat_boundaries=0 1 2 3 4 5 6 7 8 9 10 11 12 13 14 15 16 17 18 19 20
cat_threshold=2 128 643 1 35 1 32 4 16 8 32 514 8 8 1 44 35 17 40 232
is_linear=0
shrinkage=0.08


Tree=30
num_leaves=31
num_cat=7
split_feature=47 38 41 46 41 2 3 47 31 3 32 32 32 32 3 38 0 32 3 32 3 3 5 32 32 5 12 13 13 32
split_gain=194431 13449.3 11269.3 8167.31 7521.07 7992.55 31668.5 85602.6 75267.1 78072.8 64423.6 39839.7 26212.6 191311 23138.8 119872 498545 2.3717e+06 7.31559e+06 119720 130828 386728 1.08206e+06 207558 577579 116944 52961.3 38144.5 30212.3 25082.9
threshold=0 1 2 3 4 2.5000000000000004 18.964999198913578 5 1.0000000180025095e-35 9.4899997711181658 1.0000000180025095e-35 0.095000002533197417 0.18500000238418582 0.25499999523162847 182.52500152587893 6 1.5000000000000002 -0.10500000044703482 135.004997253418 0.18500000238418582 72.83499908447267 154.09500122070315 1.0000000180025095e-35 -0.90500000119209278 -0.76499998569488514 1.0000000180025095e-35 1083.049987792969 606.79495239257824 1019.2900390625001 -1.6549999713897703
decision_type=1 1 9 1 9 8 10 1 8 10 10 10 8 8 10 1 2 8 10 8 10 10 2 8 8 2 2 2 2 10
left_child=2 4 -1 -3 -2 -6 7 -7 9 -9 -11 -12 -13 -14 15 16 19 18 -18 20 -8 22 23 29 -25 -19 -17 -21 -28 -22
right_child=1 3 -4 -5 5 6 14 8 -10 10 11 12 13 -15 -16 26 17 25 -20 27 21 -23 -24 24 -26 -27 28 -29 -30 -31
leaf_value=0.039756195327088011 -0.044807508535322428 0.028830939059886349 0.012314875041712879 -0.057896292162237226 -0.015812563823507774 -0.69778268358357365 2.6472694664578973 54.025387898810486 -1.7497574424641744 -20.397871966257725 50.41542143478636 -0.093894786305513109 -0.09453820463458501 113.28536523563862 0.013850460073973206 -0.02338047650150047 -10.222535474721665 -3.2414132889212119 1176.9777492722062 -0.33392219668509077 -0.99006719959398737 4.6851496735630196 245.40654443849431 -0.51567123213061616 215.94255713359829 64.617911791970258 12.022812439919619 18.602407746005394 2.4641778554485283 24.080386026543508
leaf_weight=249578.26916278078 89643.489768337604 7113.6109747697046 155469.07147864695 301075.2480008367 88495.269645328517 5.6696490161060433 4.6217119395733022 0.46537553135220555 0.97932083904967049 0.25216734409332264 0.28142501413822152 0.37825101613998469 0.38942678272724152 0.12608367204666082 1822.8041688392364 267.49641455309848 0.11052844487130642 0.73629446700215229 0.047492057085037231 15.016933644182723 0.44981267303228378 2.9015012234449387 0.16881652996468677 0.19698649644851685 0.13160015642642964 0.20857337460392955 3.5190018892757386 0.71313171094644268 5.3090470908825171 0.59095948934555032
leaf_count=214050 503904 30699 169733 3367512 507684 441 499 218 31 112 139 63 316 236 18989 3627 110 423 232 2301 111 200 238 135 326 149 95 188 157 180
internal_value=-0.0117565 -0.0457395 0.0292247 -0.0558926 -0.0283772 -0.0121224 0.140882 5.00227 16.2546 25.5703 16.2928 24.1658 15.9003 27.6359 0.121341 0.769659 5.11136 59.7143 346.583 4.744 12.0687 21.8764 54.3048 30.7455 86.1766 11.7381 0.171611 0.524567 6.2744 13.2452
internal_weight=893509 488461 405047 308189 180272 90628.8 2133.56 8.5417 2.87205 1.89273 1.42735 1.17519 0.893761 0.51551 2125.02 302.219 25.8943 1.10289 0.158021 24.7915 9.06139 4.43968 1.53818 1.36936 0.328587 0.944868 276.324 15.7301 8.82805 1.04077
internal_count=4823098 4439315 383783 3398211 1041104 537200 29516 1556 1115 1084 866 754 615 552 27960 8971 5092 914 342 4178 1689 1190 990 752 461 572 3879 2489 252 291
cat_boundaries=0 1 2 3 4 5 6 7
cat_threshold=2 722 38 2 3 4 640
is_linear=0
shrinkage=0.08


Tree=31
num_leaves=31
num_cat=15
split_feature=47 36 47 35 44 44 3 31 3 37 37 31 36 1 37 4 43 4 23 3 36 3 36 3 3 26 36 4 42 31
split_gain=160643 19801.6 13722.6 18859.3 7161 6312.25 10251.5 4388.87 3649.63 3547.55 3310.54 3030.74 2920.68 2867.85 2675.74 2551.81 4687.16 8123.83 16842.9 23127.1 9444.68 11647.3 7845.21 4252.43 9266.95 2663.8 2619.03 2478.58 2452.81 2301.96
threshold=0 1 2 3 4 5 502.63500976562506 1.0000000180025095e-35 200.20500183105472 6 7 1.0000000180025095e-35 8 1.5000000000000002 9 16.500000000000004 10 inf -1.0000000180025095e-35 174.31500244140628 11 200.20500183105472 12 154.09500122070315 150.37500000000003 4.5000000000000009 13 5.5000000000000009 14 1.0000000180025095e-35
decision_type=1 9 1 1 9 9 8 8 10 1 1 10 9 2 1 8 9 8 2 8 9 10 9 8 10 10 9 8 9 8
left_child=1 4 5 11 -1 6 7 14 -6 -5 27 15 29 -11 -2 25 17 -17 19 22 -20 -22 -19 24 -24 -4 28 -3 -18 -8
right_child=2 10 3 9 8 -7 12 -9 -10 13 -12 -13 -14 -15 -16 16 26 18 20 -21 21 -23 23 -25 -26 -27 -28 -29 -30 -31
leaf_value=-0.00746878742644489 0.034277920004303755 0.068387023319460186 -0.047013137098203414 -0.072280464944702319 0.029779815567030351 -0.055634724571560955 0.08566631995997176 0.018511107909277236 0.047647507179227326 0.021796277657105911 -0.012891870458001367 0.052231574519152134 -0.029152559464936362 0.074729919795975361 -0.060172891289553734 0.011594668110747306 0.1007447433221791 -0.19714843219857991 0.098313243196553671 -0.58173959916472973 3.127072306698691 0.45694011487954456 5.982393342891771 5.7817298108833048 11.971208268081293 0.16679256021050548 -0.033062736659472181 -0.12744314647264529 -0.050375295253131842 0.22860550306599034
leaf_weight=22519.395291064851 2102.3922081931714 4948.1138102022232 82516.606378880344 1860.72532165749 136750.95107633571 279313.6541959967 2006.2057032962302 7438.0800372212034 157343.33903928931 17525.148811698473 74696.186818476999 2453.7378917298047 870.38885652646422 10460.27198365716 21770.785284638121 1588.8383864248176 1850.2057612897024 11.175744048859327 364.97778502039824 13.216811886512543 17.516168497502804 25.937070742249489 3.3161957954212662 4.504144816658413 3.29832421809928 374.63678890839219 43820.207312052087 451.37334619637113 1084.7067412574834 1125.6392118846261
leaf_count=32018 4258 2903 618082 28881 123758 3219416 30340 23998 123324 107327 101343 6784 3230 19057 117459 9199 9642 114 1018 326 181 92 233 226 170 1361 227094 1289 8580 6300
internal_value=-0.0106239 0.0270198 -0.0418262 -0.0230623 0.0360088 -0.0516056 -0.0197373 -0.0351477 0.0393392 0.0344472 -0.00851675 -0.0358587 0.100825 0.0415667 -0.0518659 -0.0375029 -0.0229867 0.0956614 0.398685 2.06982 0.253387 1.24644 3.64175 4.04218 8.96871 -0.0460468 -0.0281596 0.0519203 0.0449113 0.136605
internal_weight=875316 396709 478606 163979 316614 314627 35313.5 31311.3 294094 29846.1 80095.7 134133 4002.23 27985.4 23873.2 131679 48787.9 2032.78 443.942 35.5112 408.431 43.4532 22.2944 11.1187 6.61452 82891.2 46755.1 5399.49 2934.91 3131.84
internal_count=4828003 384635 4443368 1038367 279100 3405001 185585 145715 247082 155265 105535 883102 39870 126384 121717 876318 256875 11559 2360 1069 1291 273 743 629 403 619443 245316 4192 18222 36640
cat_boundaries=0 1 2 3 4 5 6 7 8 9 10 11 12 13 14 15
cat_threshold=2 128 4 32 1 1 16 16 128 4 4 136 66 51 26
is_linear=0
shrinkage=0.08


Tree=32
num_leaves=31
num_cat=12
split_feature=3 36 35 41 38 44 31 6 23 3 36 44 45 2 13 34 38 6 3 0 6 32 38 27 12 23 32 35 31 11
split_gain=10014.3 15376.1 13525.6 5650.86 4961.09 3743.24 3354.39 3268.64 3385.99 4389.16 7146.44 6772.17 5915.5 4555.65 5043.47 3495.49 10365.2 20663.6 3104.98 2988.69 2423.26 2392.78 2372.68 2310.89 2180.86 2078.95 2716.24 2020.75 2015.12 1961.72
threshold=502.63500976562506 0 1 2 3 4 1.0000000180025095e-35 9435.9252929687518 -1.0000000180025095e-35 261.02499389648443 5 6 7 inf 3018.5249023437505 8 9 1.0000000180025095e-35 253.90000152587893 1.5000000000000002 216.00000762939456 2.804999947547913 10 1.0000000180025095e-35 410.01000976562506 6.5000000000000009 0.97500002384185802 11 1.0000000180025095e-35 94.500000000000014
decision_type=10 9 1 9 1 9 10 2 2 8 9 9 9 8 2 1 1 2 8 2 2 8 1 8 2 2 10 1 10 2
left_child=3 2 -2 24 7 29 20 8 27 13 -11 12 -12 19 15 16 17 -15 -9 -10 -6 -14 -7 -13 -1 -8 -27 -5 -26 -4
right_child=1 -3 5 4 6 22 25 18 9 10 11 23 21 14 -16 -17 -18 -19 -20 -21 -22 -23 -24 -25 28 26 -28 -29 -30 -31
leaf_value=-0.03423123664343955 -0.072174360859059053 -0.034834471979712664 0.12092745250666465 -0.01584521233684941 -0.0043806629833435416 0.032187657552413949 0.059501096024211012 0.060631243477742881 -0.022265395102801545 -0.03933728303447076 0.025983561185401211 0.40780449578819522 -0.18541673075471349 0.047398175487033595 1.3460583255068799 0.063449855979839903 0.003009735997771444 3.6673590088594739 -0.077263600145868208 0.0026235399733219888 0.018469868915693917 -0.068426069027879802 0.068932783585871321 0.017370092791601146 -0.0043053724781619293 -0.04189909549888534 0.57069331883362384 -0.035329066038901291 -0.33526290426760008 1.1819865070744373
leaf_weight=87423.481438160437 6091.2863097787194 24898.820746874029 4487.2039935328503 142217.3065523835 124927.62073335491 27718.488411478684 4313.8356711105525 1197.6910913199245 129706.84848099759 20303.622972904763 3053.9330766233652 97.112577375024557 1939.6064393868492 21.041081515955739 21.707782498910092 1079.016429764024 102.24325974739622 19.394141349321217 8200.7126103084011 40525.445300374457 38966.630841395265 2644.1689304378015 19004.071354023996 102165.81051561095 21939.94851390761 76.814972293608804 116.70202609413977 44826.454526818561 118.37892839148481 11.179419869557021
leaf_count=322731 24747 104238 40549 633361 423147 674801 7108 3967 666472 93718 22703 252 8646 63 140 5070 620 150 35016 240080 132261 7173 179391 898407 84565 217 157 211855 763 73
internal_value=-0.00890053 0.0176498 0.0404501 -0.0117133 -0.00894603 0.0538551 0.0029244 -0.0129591 -0.0120607 -0.00681742 0.00425636 0.0123125 -0.0603524 -0.0152259 0.137348 0.11587 0.474595 1.43 -0.0596909 -0.0163403 0.00105216 -0.117673 0.0471551 0.0177409 -0.028557 0.0710085 0.32753 -0.0205174 -0.0060815 0.123564
internal_weight=858217 82211.1 57312.2 776006 666524 51220.9 168402 498122 488724 301680 130204 109901 7637.71 171476 1243.4 1221.69 142.678 40.4352 9398.4 170232 163894 4583.78 46722.6 102263 109482 4507.35 193.517 187044 22058.3 4498.38
internal_count=4822441 1023799 919561 3798642 3390583 894814 562890 2827693 2788710 1943494 1030899 937181 38522 912595 6043 5903 833 213 38983 906552 555408 15819 854192 898659 408059 7482 374 845216 85328 40622
cat_boundaries=0 1 2 3 4 5 6 7 8 9 10 11 12
cat_threshold=129 48 1 364 1 90 1 34 8 40 100 32
is_linear=0
shrinkage=0.08


Tree=33
num_leaves=31
num_cat=11
split_feature=47 36 46 47 35 32 41 37 32 12 22 38 37 4 2 18 32 38 37 32 2 4 19 32 32 32 17 32 32 13
split_gain=135141 18109.8 14418.1 13305.1 11238.8 6232.69 6137.56 17376.5 145449 409510 580845 6105.37 4191.84 3732.05 9733.39 126170 28737.6 3714.48 4137.75 3157.57 2904.61 52195.8 88646.3 364863 164767 209908 65513.9 34383.4 7955.57 5011.09
threshold=0 1 2 3 4 -15.574999809265135 5 6 -0.15500000119209287 591.04998779296886 1.5000000000000002 7 8 inf 2.5000000000000004 983.02499389648449 -1.3949999809265134 9 10 39.750000000000007 2.5000000000000004 inf 37.520000457763679 -0.39499999582767481 -0.054999999701976769 0.095000002533197417 1.5000000000000002 0.18500000238418582 -1.564999997615814 559.07498168945324
decision_type=1 9 1 1 1 10 9 1 10 2 2 1 1 8 8 2 8 1 1 10 8 8 2 8 10 8 2 8 10 2
left_child=1 5 3 19 11 -1 7 8 9 10 -6 -5 13 -13 -15 16 -16 -8 -19 -2 -14 29 23 -23 -25 -26 27 -27 -24 -22
right_child=2 -3 -4 4 6 -7 17 -9 -10 -11 -12 12 20 14 15 -17 -18 18 -20 -21 21 22 28 24 25 26 -28 -29 -30 -31
leaf_value=0.014873843048659741 -0.051889342348420284 -0.0085822477629935081 0.043855246026776262 -0.055021465980420271 101.25727348899986 0.040755768063015792 0.061516010762656892 -0.039457139570414093 0.0052561050563126408 -0.35175620892788084 -0.24308194812435516 -0.051026033122628378 -0.0032030325265286659 -0.0044844446180725495 6.8659301978493232 15.305245901895026 -0.2848233168946262 0.027919055664627167 -0.053172095238675852 0.020074964721575467 -0.030491726187452415 70.15338696119116 4.0705604951235035 -1.9641742355862171 79.429258811840072 22.973889653437517 48.590934815193634 -0.23333254667207246 -0.30658751244231303 0.4193017978221375
leaf_weight=80186.046543498174 290087.65016790695 79980.407310836716 13216.614712865616 46701.350348840613 0.73080396030538597 231354.81990059849 9740.784499277026 79.530819720027225 19.07118552109932 3.1349108046251786 0.7127489447593689 30264.511284013512 36535.393677411863 12584.332041914502 3.8202919512987137 3.7070193216204634 61.507745576265734 11734.208768621927 6118.6978210374364 3955.3051730080042 967.167906378662 0.60631781816482544 3.2275133038710946 5.4773809090256718 0.35952913016083521 0.61949412524700176 0.2903085500006356 1.200120724740128 15.046331708013893 189.59591811856092
leaf_count=95986 3335530 105184 43762 424218 284 183089 19545 625 184 61 8 171262 198523 67929 161 173 2085 85185 47317 36092 7188 154 93 265 234 76 57 690 467 1180
internal_value=-0.00920875 0.0253759 -0.0384988 -0.0409225 -0.0219586 0.034093 0.0242226 0.612216 2.16417 15.8838 51.1418 -0.0320027 -0.0186661 -0.0357638 0.000712389 0.948038 0.133343 0.0218029 0.000112608 -0.0509213 0.000792504 0.124134 3.61267 10.3345 5.77049 22.9264 13.2984 7.66765 0.466501 0.0432303
internal_weight=853816 391521 462295 449078 155035 311541 27696.9 103.18 23.6496 4.57846 1.44355 127338 80636.9 42917.9 12653.4 69.0351 65.328 27593.7 17852.9 294043 37719 1183.59 26.827 8.55315 7.94683 2.46945 2.10992 1.81961 18.2738 1156.76
internal_count=4827607 384259 4443348 4399586 1027964 279075 153209 1162 537 353 292 874755 450537 241610 70348 2419 2246 152047 132502 3371622 208927 10404 2036 1476 1322 1057 823 766 560 8368
cat_boundaries=0 1 2 3 4 5 6 7 8 9 10 11
cat_threshold=2 128 1 4 32 16 33 45 20 594 99
is_linear=0
shrinkage=0.08


Tree=34
num_leaves=31
num_cat=15
split_feature=47 36 46 47 35 18 44 3 41 44 37 2 32 2 3 3 18 2 37 36 3 3 3 37 32 44 32 36 3 44
split_gain=114956 14794.5 13397.6 9302.26 8054.12 6325.56 4804.12 4866.68 4424.45 4386.79 3959.97 3851.08 3697.85 3359.02 3276.34 3093.08 2858.63 2829.05 2806.43 2762.34 5643.15 2726.53 2687.92 2396.15 2304.54 2300.53 2293.71 2248.47 2165.39 2134.07
threshold=0 1 2 3 4 1.0000000180025095e-35 5 489.82499694824224 6 7 8 inf -9.5349998474121076 2.5000000000000004 9.4899997711181658 267.39500427246099 7529.7749023437509 inf 9 10 158.14499664306643 529.73498535156261 inf 11 2.9850000143051152 12 inf 13 122.18500137329103 14
decision_type=1 9 1 1 1 2 9 10 9 9 1 8 8 8 10 10 2 8 1 9 10 10 8 1 8 9 8 9 10 9
left_child=1 5 9 6 10 8 7 24 17 -2 12 -7 13 -5 23 -13 -6 -1 -3 20 -12 -11 -8 -14 -4 -10 -20 -9 -15 -23
right_child=2 18 3 4 16 11 22 27 25 21 19 15 14 28 -16 -17 -18 -19 26 -21 -22 29 -24 -25 -26 -27 -28 -29 -30 -31
leaf_value=0.033732706103771909 0.087897414913061148 0.049477364418886165 -0.045483786765338097 0.053758346865703084 0.023162629596681899 0.04198069048175114 -0.050772533740141505 0.096382686503916667 0.0085864579474634641 -0.029551820853623761 0.16094835803328511 -0.033484259889393866 -0.10189417843650679 0.92063416796386155 -0.052633770828001206 -0.3700090809183269 -0.083671178749372077 -0.11278592034787929 -0.0020586011267361946 -0.022019777829011322 -0.041371922840179209 0.19109771059605579 0.1964367989832623 0.15474074424042647 0.002874961153485755 -0.03220518965404532 -0.033206667782298027 -0.10275496264573079 0.21377091251341815 -0.035116206317999915
leaf_weight=59434.583167534322 6856.0751721647866 5330.2828317198437 17760.361308300409 854.76761866425284 26046.246291199532 186902.75596903227 253951.56338580354 3020.8050064085146 42061.489010064339 5132.9660527668129 1614.7105670551 2199.6661793243838 316.57557929120958 48.638048079432323 53337.979570264011 189.88795869224123 1708.0720613765516 855.54189318540739 55773.861860165678 65594.683600109944 1945.2292759065167 718.49631596682593 281.80437782782246 827.51499394768325 9779.754902171775 11205.720376475016 20763.4214469625 405.66525524482131 64.540714893521582 424.64456780371256
leaf_count=53634 17062 4187 96454 2611 130599 150319 3193321 35540 46723 16566 5130 5023 2225 91 360372 1610 22272 2898 67198 491189 9813 1713 476 2830 42566 17973 33856 2440 220 8096
internal_value=-0.00854159 0.0235783 -0.0359597 -0.0383492 -0.0223902 0.0317344 -0.0468748 -0.0171245 0.016808 0.0436587 -0.0310696 0.0406905 -0.0469984 0.107987 -0.0497605 -0.0602265 0.0165818 0.0316483 -0.00659615 -0.0182925 0.0502549 -0.00466808 -0.0504985 0.0841905 -0.0283111 5.19653e-06 -0.0105072 0.0727879 0.517542 0.107066
internal_weight=835408 384717 450691 437559 152359 302850 285200 30966.6 113557 13132.2 124605 189292 55450 967.946 54482.1 2389.55 27754.3 60290.1 81867.6 69154.6 3559.94 6276.11 254233 1144.09 27540.1 53267.2 76537.3 3426.47 113.179 1143.14
internal_count=4825007 383421 4441586 4398149 1027352 278180 3370797 177000 121228 43437 874481 156952 368349 2922 365427 6633 152871 56532 105241 506132 14943 26375 3193797 5055 139020 64696 101054 37980 311 9809
cat_boundaries=0 1 2 3 4 5 6 7 8 9 10 11 12 13 14 15
cat_threshold=2 128 2 4 32 1 38 2 20 16 18 16 2 136 1
is_linear=0
shrinkage=0.08


Tree=35
num_leaves=31
num_cat=15
split_feature=47 36 38 3 44 41 37 44 2 32 32 17 36 46 3 2 7 7 36 35 37 33 18 5 17 32 40 37 36 3
split_gain=108050 12617.8 9682.15 8039.99 8120.79 7063.03 5785.41 5665.3 5117.43 5064.95 3462.79 3417.08 3224.62 3194.03 2965.13 28800.9 41578.1 28163.1 2962.58 3252.9 3455.82 3604.51 14222.2 14976.7 3458.26 9063.47 2947.89 2832.03 2802.25 2800.28
threshold=0 1 2 502.63500976562506 3 4 5 6 inf -4.2449998855590811 -15.574999809265135 14.500000000000002 7 8 206.87500000000003 2.5000000000000004 860.69995117187511 108.00000762939455 9 10 11 1.0000000180025095e-35 155.05000305175784 1.5000000000000002 173.50000000000003 -4.4849998950958243 12 13 14 253.90000152587893
decision_type=1 9 1 8 9 9 1 9 8 8 10 2 9 1 10 8 2 2 9 1 1 2 2 2 2 8 1 1 9 10
left_child=1 7 3 6 12 9 -2 13 10 -4 -9 -7 -5 -1 15 28 17 -17 19 -6 21 24 23 -23 -21 -26 27 -3 -13 -10
right_child=2 26 5 4 18 11 -8 8 29 -11 -12 14 -14 -15 -16 16 -18 -19 -20 20 -22 22 -24 -25 25 -27 -28 -29 -30 -31
leaf_value=0.0053767703966193722 -0.072180197101004082 0.061441157885900204 0.04275460944479919 0.11562337460140118 -0.074897400281150106 -0.010271113392463232 -0.042900181233169368 0.019192811381895471 -0.03347313121084633 -0.041997174559162798 0.040037137939346955 0.01285319301941364 -0.081815506098913332 -0.074819389073753143 0.0018935760020324449 7.7618347320862329 10.403607205122833 -0.34669348230737301 -0.064059976006932431 0.027354478994314594 -0.053109636754141314 1.2268064903369884 0.13681237013043793 6.3113563557136159 5.7393484303587465 -0.085147487282114478 -0.036485672441373802 -0.0021831547191776659 0.1511995884171827 -0.27131195428608879
leaf_weight=18139.146947499437 57397.074545234063 4810.9095947766491 4780.01004143112 4104.3417164892871 3420.3067335779779 80757.636606124361 175327.28066579477 67784.124774398399 4063.9476605308591 80764.646243859344 206082.22911616735 1966.9475414482038 603.09874044731259 3853.6804365874596 5014.4653632022655 3.4510171574123722 3.9926734531226797 13.33262824724414 8052.4023814948741 9653.4138308256515 3752.6021920176572 21.692886213306341 253.62346394709311 4.4718759134411803 2.4546113065443933 5.6353847244754416 15337.156981169945 62843.105124631184 1795.1090649645778 343.60956559638726
leaf_count=22761 564883 3067 19959 40773 17025 506014 1862674 73352 9319 514163 161677 10187 3415 9094 43073 124 121 357 60484 606642 172103 541 13054 100 66 351 25081 77014 8447 2267
internal_value=-0.00823514 0.0227807 -0.0353933 -0.0451095 -0.00604097 -0.0208181 -0.0501265 0.0304115 0.0335017 -0.0372571 0.034878 -0.00511285 0.0904001 -0.00867556 0.0422333 0.0957071 3.06609 1.32056 -0.0240804 -0.00522909 0.0122138 0.0369005 0.320011 2.09582 0.0287401 1.68208 -0.00483086 0.00234961 0.0793029 -0.0520149
internal_weight=820956 383258 437698 262598 29874 175100 232724 300267 278274 85544.7 273866 89554.9 4707.44 21992.8 8797.3 3782.83 20.7763 16.7836 25166.6 17114.2 13693.9 9941.29 279.788 26.1648 9661.5 8.09 82991.2 67654 3762.06 4407.56
internal_count=4828188 383632 4444556 3342111 914554 1102445 2427557 278470 246615 534122 235029 568323 44188 31855 62309 19236 602 481 870366 809882 792857 620754 13695 641 607059 417 105162 80081 18634 11586
cat_boundaries=0 1 2 3 4 5 6 7 8 9 10 11 12 13 14 15
cat_threshold=2 128 300 1 3 20 1 128 1 161 16 105 10 16 177
is_linear=0
shrinkage=0.08


Tree=36
num_leaves=31
num_cat=13
split_feature=47 38 32 31 31 41 32 38 41 34 38 4 31 12 47 0 38 32 0 32 17 32 32 0 32 41 47 35 45 13
split_gain=92368.8 13907 7616.88 5802.77 5058.96 4887.31 4433.27 4291.43 15277.2 32364.2 69019.3 348776 822216 671705 550749 515252 17130 39033 6296.79 4944.25 38230.1 79966.7 118199 61890.1 72774.5 4014.74 3651.66 6664.48 3616.51 3494.33
threshold=0 1 -73.520000457763658 1.0000000180025095e-35 1.0000000180025095e-35 2 -6.7049999237060538 3 4 5 6 1.0000000180025095e-35 1.0000000180025095e-35 60.00001525878907 7 1.5000000000000002 8 inf 1.5000000000000002 0.095000002533197417 1.0000000180025095e-35 -0.59499999880790699 -0.15500000119209287 1.5000000000000002 -2.2749999761581416 9 10 11 12 450.00003051757818
decision_type=1 1 10 10 10 9 8 1 9 1 1 8 8 2 1 2 1 8 2 8 2 8 10 2 10 9 1 1 9 2
left_child=2 4 -1 5 26 6 -3 8 9 16 11 -11 14 15 18 -14 17 -7 -13 20 21 23 -23 -12 -25 -4 -2 -28 -6 -9
right_child=1 3 25 -5 28 7 -8 29 -10 10 19 12 13 -15 -16 -17 -18 -19 -20 -21 -22 22 -24 24 -26 -27 27 -29 -30 -31
leaf_value=0.0020158325175124079 -0.052862617693436434 0.049969381724933357 0.035513921361431632 0.076458101798529562 0.086490840791872123 3.2935184931609429 -0.031909771144080563 -0.021846080223740655 0.018329989183307124 -0.40062230671751381 -0.49151160400815519 -17.935613897292171 -98.969849694798398 -4.2553781548431626 131.44658243456755 -287.72308286438067 0.35491913945819048 0.72412444109987262 -5.575098735051939 -0.073359668087297977 0.079822614106651119 -1.8405672588697861 52.515227470096292 -3.424430620179411 22.509090238409581 0.015863638281612115 0.019197182149455344 -0.042868610215723198 -0.064657384978150073 0.032660586082108728
leaf_weight=98754.285100874491 174891.35343192905 4415.9595830859325 170824.78207397816 4269.5211468192865 3137.1882309182156 58.117077790983153 101656.58759291399 40274.211749017857 13603.19797776654 6.881164493402963 9.0013115332568336 0.56088202329717274 0.71835436601532021 0.48000777588094934 0.20394382146495438 0.1062468384455717 183.79214086216953 108.45462032847743 0.4979412779211998 267.86563572567661 121.34280280588246 0.49822657149219252 0.52670733702642925 1.1041927587748435 1.8575286593142966 109097.16046996176 13466.398629891803 62225.513593447395 1486.8255066626107 9257.6802941716815
leaf_count=129297 2644486 16606 143835 11673 8523 248 692088 246953 68048 107 655 208 907 110 303 394 491 393 124 3605 1149 189 159 112 225 111460 114618 557124 17810 55863
internal_value=-0.00768469 -0.0330823 0.0211181 -0.0156561 -0.0449775 -0.0179709 -0.0284983 -0.000490181 0.0379922 0.384214 -0.0998667 -4.75576 -34.9523 -79.4933 11.0645 -123.29 0.939952 1.52881 -12.1227 0.122234 0.521361 4.64653 26.0925 2.80914 12.8405 0.0278572 -0.0465093 -0.0318296 0.0379372 -0.0116562
internal_weight=808123 429446 378676 174239 255207 169970 106073 63897.1 14365.2 762.009 411.645 9.44854 2.56738 1.30461 1.26277 0.824601 350.364 166.572 1.05882 402.196 134.331 12.988 1.02493 11.963 2.96172 279922 250583 75691.9 4624.01 49531.9
internal_count=4827763 4443171 384592 1100610 3342561 1088937 708694 380243 77427 9379 8247 2153 2046 1411 635 1301 1132 641 332 6094 2489 1340 348 992 337 255295 3316228 671742 26333 302816
cat_boundaries=0 1 2 3 4 5 6 7 8 9 10 11 12 13
cat_threshold=2 300 35 641 16 48 1 4 129 38 4 9 12
is_linear=0
shrinkage=0.08


Tree=37
num_leaves=31
num_cat=15
split_feature=47 36 46 47 35 44 44 31 2 42 44 34 3 13 35 46 3 43 31 2 33 2 17 4 3 1 27 3 34 45
split_gain=79480.4 11158.7 7902.68 6596.08 8655.44 5126.13 4430.25 5463.07 3718.2 3572.68 2960.02 2959.98 2917.63 2806.61 2518.74 2478.08 2392.47 3282.66 12156.7 2363.61 2269.63 5625.31 24362.4 2264.84 2227.8 2185.37 2066.01 1900.9 1896.28 1827.4
threshold=0 1 2 3 4 5 6 1.0000000180025095e-35 inf 7 8 9 624.96499633789074 29.050003051757816 10 11 111.2150001525879 12 inf inf 1.0000000180025095e-35 2.5000000000000004 8.5000000000000018 inf inf 1.5000000000000002 7.5000000000000009 515.80999755859386 13 14
decision_type=1 9 1 1 1 9 9 8 8 9 9 1 10 2 1 1 8 9 8 8 2 8 2 8 8 2 8 8 1 9
left_child=1 5 10 6 20 15 7 11 14 -8 -2 13 -9 -4 -7 27 17 18 -10 28 -5 -22 -23 -3 26 -6 -11 29 -17 -1
right_child=2 23 3 4 25 8 9 12 16 24 -12 -13 -14 -15 -16 19 -18 -19 -20 -21 21 22 -24 -25 -26 -27 -28 -29 -30 -31
leaf_value=-0.078363166917625099 0.06971881821622275 0.00055663101213841964 -0.030970611294960038 -0.030640133613970572 0.0038722450964667689 0.042469957810504382 -0.0060517994624353965 0.030128033231392157 -0.054485702831633218 0.10740560180984175 -0.0076838151527453356 -0.049312271571113987 0.19431114005669206 0.080728035254293048 0.025654240906836972 -0.3376579057725102 -0.09104407276738806 -0.016483096915820412 1.1613039463941939 0.0037579088025216953 0.038047841093973689 0.085190365144180408 4.7461309276322661 -0.031097787387268698 0.21086670102206445 0.050785762029361747 -0.047943010099158016 0.075505906211084342 -0.094441002628257553 0.0033885325061287293
leaf_weight=1993.1327248409325 6284.8726428416458 63521.69049138487 3362.0245087752119 114763.84043037765 18169.863983589901 83787.560671703483 14345.253711305446 6748.2766562351353 180.35305351774878 549.28317865858844 6363.6382431854827 16404.706120393254 771.95514890365303 2517.8828477801289 178973.93284315028 223.17909426054712 2651.2798529450324 1505.3553154633123 74.32763030571823 1734.385659686413 1584.6992497275319 40.890828189875123 8.7050797367893704 18731.920985997669 213.71792014269158 9773.0364827436788 216690.17881064228 2017.3926371872549 2098.7310909554844 13842.774415639353
leaf_count=4757 16880 75734 16458 864709 130401 66679 268748 24369 373 6310 26545 124879 3878 7475 168429 1319 8334 2772 142 2087 9654 453 124 29820 412 22569 2919353 1188 5748 16882
internal_value=-0.00759491 0.0193476 -0.0314958 -0.0334361 -0.0197075 0.0267445 -0.0410109 -0.0119777 0.0297961 -0.044744 0.0307765 -0.0318743 0.0469815 0.0168321 0.0310189 -0.0104554 -0.0430418 0.0292679 0.288991 -0.0669004 -0.0293045 0.064305 0.903279 -0.00665134 -0.0472941 0.020273 -0.0475502 0.00236896 -0.11968 -0.00694821
internal_weight=789929 371336 418593 405944 144341 289082 261603 29804.8 267173 231798 12648.5 22284.6 7520.23 5879.91 262761 21909.6 4411.32 1760.04 254.681 4056.3 116398 1634.3 49.5959 82253.6 217453 27942.9 217239 17853.3 2321.91 15835.9
internal_count=4827481 384264 4443217 4399792 1027910 278710 3371882 177059 246729 3194823 43425 148812 28247 23933 235108 31981 11621 3287 515 9154 874940 10231 577 105554 2926075 152970 2925663 22827 7067 21639
cat_boundaries=0 1 2 3 4 5 6 7 8 9 10 11 12 13 14 15
cat_threshold=2 128 2 4 32 1 1 1 2 6 9 1 34 33 12
is_linear=0
shrinkage=0.08


Tree=38
num_leaves=31
num_cat=19
split_feature=47 36 47 39 45 31 18 31 37 46 41 48 42 4 36 22 4 1 4 42 37 41 10 42 25 34 43 45 4 37
split_gain=67686.1 9247.12 8286.06 5136.65 4057.17 4178.17 3673.43 3362.76 3570.87 3313.53 3199.17 3059.98 2799.74 2751.78 4395.43 2715.21 2350.13 2308.33 2182.18 3474.03 2149.43 2151.62 2100.52 1889.52 1832.46 1777.4 1649.15 3454.61 4804.92 9643.98
threshold=0 1 2 3 4 1.0000000180025095e-35 1.0000000180025095e-35 1.0000000180025095e-35 5 6 7 8 9 22.500000000000004 10 6.5000000000000009 57.500000000000007 1.0000000180025095e-35 9.5000000000000018 11 12 13 1.0000000180025095e-35 14 6.5000000000000009 15 16 17 23.500000000000004 18
decision_type=1 9 1 9 9 10 2 10 1 1 9 9 9 8 9 2 8 2 8 9 1 9 2 9 8 1 9 9 10 1
left_child=1 6 3 -2 5 15 10 8 -5 -6 -1 12 25 24 23 -4 -16 -8 -13 22 21 -3 -20 -15 -10 -11 27 28 29 -25
right_child=2 20 4 7 9 -7 17 -9 13 11 -12 18 -14 14 16 -17 -18 -19 19 -21 -22 -23 -24 26 -26 -27 -28 -29 -30 -31
leaf_value=0.026754368848657284 0.035056747690231101 0.017752888130987875 -0.019025380381393151 -0.076292131404645872 0.020312039532007366 0.085899788312649425 0.026144140321736474 0.066836036231913157 0.30830826089690067 -0.037969691894498399 -0.00051079517226116733 0.0098900789575677613 -0.045033657517996824 -0.022675773070246732 -0.096412607277494636 1.2766326284854193 0.11572600857712985 0.045898771233850118 0.43094774735029079 0.065200600893871807 -0.025042482760128243 -0.012889482783994139 1.1833156389677955 0.036863971531285164 -0.026893968626689399 0.019150754200604404 0.0055917130286751984 -0.094333953726918565 0.069949605826735775 1.2376561602342391
leaf_weight=57835.7452666912 12624.894104416238 30822.943630495633 23378.704148226105 6869.7581425326753 5558.5227410515108 2743.7356328292954 119305.26151250482 2905.6288918167702 104.51735505089164 6643.666341436312 52583.765604044806 616.84795528600603 215964.1531533433 25707.982619803995 380.64412318914947 10.356071300804613 2740.3896637292146 55451.825019069118 80.357891469582682 232.15246850109747 24450.045521762033 27959.747772324845 33.712364204198821 104.31077417637938 77252.47027174072 7316.0276609736993 18634.237581939062 288.62805092492817 313.4032988473773 70.368370494960558
leaf_count=56441 25705 30651 253261 112987 27022 4427 116630 7989 180 165266 64513 7957 2857334 142444 2226 198 14152 41456 458 1509 36644 38012 83 452 643568 87701 84035 2367 1767 253
internal_value=-0.00654719 0.0183475 -0.0288852 -0.0137471 -0.0374175 -0.00749275 0.0251943 -0.0182986 -0.020166 -0.0407228 0.0137726 -0.042194 -0.04279 -0.0170887 -0.00209479 -0.0184517 0.0895664 0.0324124 0.100109 0.260846 -0.00511374 0.00317826 0.600647 -0.00845329 -0.0264411 -0.0080416 0.010385 0.12385 0.252177 0.593559
internal_weight=778985 368409 410575 147997 262578 26132.8 285177 135372 132467 236445 110420 230887 229924 125597 48240 23389.1 3121.03 174757 963.071 346.223 83232.7 58782.7 114.07 45118.9 77357 13959.7 19410.9 776.71 488.082 174.679
internal_count=4827688 384347 4443341 1038125 3405216 257886 279040 1012420 1004431 3147330 120954 3120308 3110301 891444 247696 253459 16378 158086 10007 2050 105307 68663 541 231318 643748 252967 88874 4839 2472 705
cat_boundaries=0 1 2 3 4 5 6 7 8 9 10 11 12 13 14 15 16 17 18 19
cat_threshold=2 128 1 1 8 16 2 38 1 1 216 8 22 38 41 113 4 11 4
is_linear=0
shrinkage=0.08


Tree=39
num_leaves=31
num_cat=20
split_feature=47 46 38 41 34 38 36 47 35 44 41 12 23 13 44 31 41 38 42 6 11 38 7 19 47 44 26 38 19 42
split_gain=58048.3 9786.27 8641.31 11891.5 14501.5 11126.9 8415.78 6054 6928.31 6100.04 4958.41 13606.5 56649.1 100180 4136.73 3747.47 3446.78 3024.64 2930.86 3060.38 3343.12 2883.35 2829.39 2489.32 3165.97 2474.68 2448.77 2441.54 2384.31 2488.18
threshold=0 1 2 3 4 5 6 7 8 9 10 241.00012207031253 1.5000000000000002 117.54999923706056 11 1.0000000180025095e-35 12 13 14 3079.6347656250005 14.500000000000002 15 895.82501220703136 89.924999237060561 16 17 1.0000000180025095e-35 18 1627.830017089844 19
decision_type=1 1 1 9 1 1 9 1 1 9 9 2 2 2 9 8 9 1 9 2 2 1 2 2 1 9 8 1 2 9
left_child=6 25 3 4 5 23 14 9 21 15 11 12 13 -10 -1 27 -16 -12 19 -5 28 -9 -6 24 -3 -2 -11 -4 29 -21
right_child=1 2 7 18 22 -7 -8 8 10 26 17 -13 -14 -15 16 -17 -18 -19 -20 20 -22 -23 -24 -25 -26 -27 -28 -29 -30 -31
leaf_value=-0.0099221053008458539 0.07404882403910612 0.33474158227477474 -0.05095096458404294 0.045377917409428932 0.06995021079676203 2.0534423060898899 -0.0057541860899871546 -0.048892213797697412 4.2079321900422944 0.15469802959305043 -0.019395241752393814 -0.26599277365168439 -0.075513471904242138 40.269883049555418 -0.00082776065938372642 0.044112114303452778 0.029341382601780441 0.03950905107222645 -0.0083275235407422685 1.7269999418776394 0.1388279196561738 -0.019479536618700031 1.5847672290817798 -0.095654104287624442 1.2234865107026298 0.0058638636122485804 -0.045959038495665398 0.0034227350971837095 0.38330858318067423 -0.074893517987607336
leaf_weight=22040.529677051447 6667.4244441225865 57.49985738125045 10223.450099064969 5723.7976124954812 401.08484810885955 40.81598237017775 82241.787037278234 30153.313804991187 1.7712274788042974 389.9860921013169 8733.1388737478683 11.323868415685864 6.3183751597534865 0.68317675132129796 27079.097327239382 7152.2873277216713 231499.8522697094 15420.877549069048 21208.250246998708 14.051181774586439 117.47882564365864 73048.642006784765 8.0497394370895545 30.04303326621266 46.315693442035894 6965.4914826999839 203715.13896848253 10935.672177397311 29.94799093529582 14.159542258828878
leaf_count=31880 16916 160 93340 31576 5904 281 105017 331517 393 3444 44769 134 26 30 33795 28188 213176 96253 125545 87 468 490879 173 169 152 26610 3092224 54181 128 134
internal_value=-0.00643378 -0.0274077 -0.0297515 0.0133117 0.36746 0.960545 0.0167513 -0.0330654 -0.0190486 -0.0407486 0.0194987 1.04581 3.9312 14.2457 0.0233465 -0.00594946 0.0261831 0.0182124 0.00555188 0.0553775 0.384403 -0.0280772 0.0973743 0.507724 0.731241 0.039211 -0.0455756 -0.0228715 0.880458 1.40822
internal_weight=763978 401117 387484 27691.5 583.809 174.675 362861 359793 127376 232417 24174.1 20.0966 8.77278 2.4544 280619 28311.4 258579 24154 27107.7 5899.44 175.638 103202 409.135 133.859 103.816 13632.9 204105 21159.1 58.1587 28.2107
internal_count=4827549 4443681 4400155 164777 6839 762 383868 4235378 964001 3271377 141605 583 449 423 278851 175709 246971 141022 157938 32393 817 822396 6077 481 312 43526 3095668 147521 349 221
cat_boundaries=0 1 2 3 4 5 6 7 8 9 10 11 12 13 14 15 16 17 18 19 20
cat_threshold=2 2 640 16 48 512 128 4 32 1 16 1 17 265 9 36 4 2 41 1
is_linear=0
shrinkage=0.08


Tree=40
num_leaves=31
num_cat=12
split_feature=47 38 36 6 45 3 3 36 21 12 32 41 34 38 6 31 38 3 3 17 46 38 32 3 3 2 38 4 3 31
split_gain=51186.8 10675.5 7065.75 4536.63 4664.78 4504.71 4260.74 4671.78 4235.74 9034.37 4184.57 3525.49 19584.2 49075.5 197827 11014.8 9610.8 212695 306595 3803.12 3465.82 3189.85 161192 397349 117088 3120.23 109539 499891 398590 1.41081e+06
threshold=0 1 2 438.97998046875006 3 inf 489.82499694824224 4 3.5000000000000004 1253.0250244140627 -15.574999809265135 5 6 7 80.000030517578139 1.0000000180025095e-35 8 154.09500122070315 137.129997253418 1.0000000180025095e-35 9 10 -2.0349999666213985 223.54000091552737 122.18500137329103 2.5000000000000004 11 inf 40.094999313354499 1.0000000180025095e-35
decision_type=1 1 9 2 9 8 8 9 2 2 10 9 1 1 2 8 1 8 8 2 1 1 10 10 8 8 1 8 10 8
left_child=2 6 10 4 -3 11 -2 8 -8 -10 -1 12 13 14 -6 -15 17 18 -14 21 25 22 -18 24 -24 -13 27 -27 29 -29
right_child=1 3 -4 -5 5 -7 7 -9 9 -11 -12 20 16 15 -16 -17 19 -19 -20 -21 -22 -23 23 -25 -26 26 -28 28 -30 -31
leaf_value=0.0058094177715412353 -0.04122676674553831 0.035709074284080433 -0.0044758313462812532 0.022920956382880206 11.427446758174014 0.180652375411328 0.01119085843680342 -0.059729364455721676 6.0412004739844827 -0.085782949327606384 0.027958879367304672 -0.022358656981224558 -59.222597818317361 -0.093980748845922876 0.063579518129872378 1.9054886388873444 -0.48612026382256612 0.29015709148793817 -6.4914174914776952 -0.07105994277042095 0.052307594662922251 0.14693279689889147 64.949524389265747 123.86297049046919 -0.90121266946941692 -1.7308697446024264 -0.017346470228979262 -16.267662994382199 -13.45048206826046 -224.58138700802633
leaf_weight=74712.84498258002 199677.41318764511 10468.411588855128 84129.011551118165 22695.133201703284 13.943947972375573 713.6061210778571 20702.889632161241 8116.0823371908627 2.3347838488407424 4.5259049287997186 202669.10969257596 119057.7511250684 0.93251056366080265 164.29994531252629 33.023618550671124 19.75289234601729 19.499257922678179 46.304404574964238 2.9011587407565802 900.20674787169924 3852.2489187174797 449.78076117799509 0.20497335390990579 0.22812015157427357 1.1013181017390035 124.48359033977451 4077.0031559842337 0.73144344985484999 1.878650654107332 0.29079163074493419
leaf_count=95556 2398375 39701 105516 162010 325 867 873207 69908 59 239 183572 820347 1024 1222 59 202 405 795 324 6951 8964 6943 410 162 401 4924 42955 155 845 829
internal_value=-0.00586786 -0.0259246 0.0158331 -0.0102569 -0.015638 -0.0197906 -0.0370745 -0.00832468 0.0118438 1.99931 0.0219921 -0.0209029 0.0948777 0.761932 2.83395 0.114391 -0.0181234 -1.00806 -19.3179 0.0251157 -0.0224135 0.209539 1.00204 26.444 9.43159 -0.0247505 -0.0924829 -2.31423 -35.3251 -75.5259
internal_weight=752658 391147 361511 162644 139949 129480 228503 28825.8 20709.8 6.86069 277382 128767 1652.18 231.02 46.9676 184.053 1421.16 50.1381 3.83367 1371.02 127114 470.814 21.0337 1.53441 1.30629 123262 4204.39 127.384 2.90089 1.02224
internal_count=4827252 4442608 384644 1100820 938810 899109 3341788 943413 873505 298 279128 898242 19223 1808 384 1424 17415 2143 1348 15272 879019 8321 1378 973 811 870055 49708 6753 1829 984
cat_boundaries=0 1 2 3 4 5 6 7 8 9 10 11 12
cat_threshold=2 300 128 8 128 16 32 129 1 1 128 1
is_linear=0
shrinkage=0.08


Tree=41
num_leaves=31
num_cat=11
split_feature=47 47 35 36 36 3 18 3 36 35 15 4 18 12 37 24 37 27 1 3 2 42 4 39 13 13 19 23 18 6
split_gain=44881.3 6644.46 7654.15 6048.74 3114.1 4220.05 3069.83 2925.87 3086.29 3013.38 3791.86 11411.7 3561.43 7985.38 2707.93 2510.52 2497.39 2492 2426.76 2347.6 2255.21 2158.72 2191.47 5516.64 2126.06 5863.4 11946 8706.8 5300.61 5011.89
threshold=0 1 2 3 4 92.665000915527358 35.425001144409187 502.63500976562506 5 6 1.5000000000000002 34.500000000000007 1553.3750000000002 935.07501220703136 7 -1.0000000180025095e-35 8 2.5000000000000004 1.5000000000000002 502.63500976562506 inf 9 21.500000000000004 10 182.19997406005862 169.67499542236331 4804.0798339843759 4.5000000000000009 3081.8000488281255 69.000015258789077
decision_type=1 1 1 9 9 10 2 8 9 1 2 10 2 2 1 2 1 8 2 10 8 9 10 9 2 2 2 2 2 2
left_child=3 2 4 6 5 -2 19 17 9 10 24 12 13 -12 -4 18 -6 -3 -16 -1 -8 22 -19 -24 25 -9 27 28 -27 -30
right_child=1 7 14 -5 16 -7 20 8 -10 -11 11 -13 -14 -15 15 -17 -18 21 -20 -21 -22 -23 23 -25 -26 26 -28 -29 29 -31
leaf_value=0.0069461919171755907 0.10737375127433796 0.18619481260850182 -0.074820806417623231 -0.0047932524084247554 -0.0070755896206169287 -0.0096988789829944039 0.028155466546677891 0.097807260019160222 -0.044002623574620543 -0.010481972498431382 -0.20873873898585779 6.677976772270263 -0.13110424843825202 5.6311269121350369 0.0092282458146656851 0.21729849600678755 -0.03385782499522038 -0.0085204715209728395 0.058873921719636728 0.061113938931850263 -0.047492288939779116 -0.038846980599578022 1.6270463928865448 0.12621215763754756 0.016725723240563196 -0.085869362715390654 6.9385496758493188 5.0601318331423384 4.5599144235304134 0.98181710826646185
leaf_weight=104548.14067942966 2679.2437169785744 320.67593104299158 1629.2013120830525 82952.384356338938 32863.804028594372 7449.7031284525974 158102.80087837306 1972.0575228834168 10516.670410836581 12954.997307538393 3.7349319732748034 2.1150243356823912 15.419886595569549 2.5026799938641489 16725.551220161229 455.67259743437171 69327.702067562393 10537.329096561951 10110.877819546513 5384.3421539684932 2563.0633123762964 202687.73137328026 16.516536979004741 307.38680470641702 3284.2902415930294 35.472603118512779 2.0365099417977026 2.7804468995891503 3.0801812401041415 13.426149900071321
leaf_count=121222 14485 1295 29083 104975 251811 43678 146985 172669 85850 308068 174 7 1451 76 106165 1230 572438 125701 18891 4204 6524 2373406 115 2508 330770 3522 55 127 160 804
internal_value=-0.00645932 -0.0253983 -0.0116029 0.0141064 -0.0210522 0.0212474 0.0198996 -0.0334273 -0.00949332 0.0103657 0.0608969 1.06912 0.521375 2.13436 0.0250934 0.031083 -0.0252465 -0.0366513 0.0279327 0.00959925 0.0269487 -0.0369859 -0.00221814 0.202743 0.0565004 0.120887 0.922271 0.698525 0.465215 1.64951
internal_weight=737471 383920 141242 353551 112320 10128.9 270598 242678 28808.6 18291.9 5336.92 23.7725 21.6575 6.23761 28921.3 27292.1 102192 213870 26836.4 109932 160666 213549 10861.2 323.903 5313.14 2028.85 56.7959 54.7594 51.9789 16.5063
internal_count=4828449 4444539 1037781 383910 882412 58163 278935 3406758 903733 817883 509815 1708 1701 250 155369 126286 824249 2503025 125056 125426 153509 2501730 128324 2623 508107 177337 4668 4613 4486 964
cat_boundaries=0 1 2 3 4 5 6 7 8 9 10 11
cat_threshold=2 1 32 128 51 128 1 16 106 1 2
is_linear=0
shrinkage=0.08


Tree=42
num_leaves=31
num_cat=8
split_feature=41 4 31 2 7 19 40 17 2 7 19 34 12 31 34 32 32 13 41 12 25 27 31 46 19 13 48 34 12 27
split_gain=3496.68 3813.25 2971.06 2354.5 4196.39 13539.4 2183.98 2045.29 4966.34 3629.4 4601.68 11798 19303.1 2283.72 2338.27 4832.16 11446.6 49638.5 2885.71 9797.06 2041.86 16346 1803.16 2622.48 1693.78 2478.03 1680.83 1631.4 1601.02 1587.29
threshold=0 1.5000000000000002 1.0000000180025095e-35 inf 579.04998779296886 914.01501464843761 1 1.0000000180025095e-35 inf 55.000007629394538 89.924999237060561 2 129.2499923706055 1.0000000180025095e-35 3 6.3350000381469735 26.239999771118168 48.00000190734864 4 50.049999237060554 7.5000000000000009 8.5000000000000018 inf 5 3079.0749511718755 223.15000152587893 6 7 87.799995422363295 7.5000000000000009
decision_type=9 10 10 8 2 2 1 2 8 2 2 1 2 8 1 10 10 2 9 2 10 10 8 1 2 2 9 1 2 8
left_child=-1 2 7 -3 22 -6 -4 26 29 13 11 -11 -13 14 15 18 17 -17 19 -10 28 -22 -5 -24 -16 -26 -2 -28 -12 -9
right_child=1 3 6 4 5 -7 -8 8 9 10 20 12 -14 -15 24 16 -18 -19 -20 -21 21 -23 23 -25 25 -27 27 -29 -30 -31
leaf_value=-0.019275175114327109 -0.012386330012504583 0.016449832878803937 -0.21552941752528323 -0.083560092370959696 3.8063724731905411 -0.024948424375700502 0.042551992473063169 0.085813547271860052 2.1145069882756893 0.08647533472553473 -0.22449993973872143 0.70927680399865334 5.1283340052317223 -0.43466571104895751 -0.038945942677531056 10.411936728454624 -0.00093296297124950071 -0.18969592567338633 -0.054673479134962032 0.12412751481411784 4.3980641681057993 -0.0055779209973441189 -0.61033399462455062 -0.064320653806362996 1.8921038957710226 -0.09561947716180455 0.36267214396054415 -0.013906630880407698 0.12822153095513833 -0.0035238036333775625
leaf_weight=96915.111970372818 210322.78156150327 67573.962863311113 204.70160222272716 476.14960438825528 7.2232102775014928 32.300482723163441 10175.917614688418 1277.5820604683831 18.929035027045742 92.204587090323912 85.736296636499446 15.137179002398797 10.868536920374309 73.738704150553531 1402.4361092425142 3.9889442455023518 23.925193462055176 9.6995201054960472 251.81020375554749 96.585563449764052 6.3994884488638482 34.359062977135181 121.71190403628859 104.74734919346068 7.1859874419169527 9.0934146159561333 140.82138441367397 151.06941649270038 2090.9457623544281 342090.01202045096
leaf_count=410609 1093524 326851 1354 4333 94 450 34686 6916 191 504 672 120 131 595 8989 174 110 207 1869 467 183 544 1215 261 84 151 865 848 16459 2915070
internal_value=-0.00511916 -0.00296477 -0.00511046 0.0148934 -0.126825 0.67525 0.0372961 -0.00589906 -0.00212967 0.0839938 0.15076 0.637103 1.84621 0.00180618 0.0194547 0.186463 1.05468 2.89972 0.102635 0.41441 0.124833 0.685837 -0.171944 -0.357779 -0.0293215 0.781793 -0.0121201 0.179721 0.114328 -0.0031914
internal_weight=733827 636912 568596 68316.1 742.133 39.5237 10380.6 558215 347601 4233.04 2335.65 118.21 26.0057 1897.39 1823.65 404.938 37.6137 13.6885 367.325 115.515 2217.44 40.7586 702.609 226.459 1418.72 16.2794 210615 291.891 2176.68 343368
internal_count=4828526 4417917 4084713 333204 6353 544 36040 4048673 2953436 31450 18613 755 251 12837 12242 3018 491 381 2527 658 17858 727 5809 1476 9224 235 1095237 1713 17131 2921986
cat_boundaries=0 1 2 3 4 5 6 7 8
cat_threshold=1 1 70 41 18 1 1 112
is_linear=0
shrinkage=0.08


Tree=43
num_leaves=31
num_cat=7
split_feature=47 47 1 32 45 32 41 24 41 3 23 23 3 32 4 41 0 32 16 3 32 5 3 3 3 32 32 40 7 32
split_gain=37485.9 6421.1 6264.23 5040.9 3863.17 3542.16 5031.38 3531.57 3089.15 2687.88 4267.07 6567.56 2681.61 2345.99 2328.68 2201.88 9289 29430 44173.7 7895.15 14136.2 18746.7 5549.11 4017.37 11123.7 12576.7 25555.2 2334.72 3699.43 4481.94
threshold=0 1 1.5000000000000002 -73.520000457763658 2 -4.2449998855590811 3 -1.0000000180025095e-35 4 809.38500976562511 7.5000000000000009 8.5000000000000018 502.63500976562506 26.239999771118168 inf 5 1.5000000000000002 1.0000000180025095e-35 1.0000000180025095e-35 346.39500427246099 18.82499980926514 3.5000000000000004 287.25500488281256 77.735000610351577 72.83499908447267 -0.84499999880790699 -0.76499998569488514 6 136.0249938964844 3.7250000238418584
decision_type=1 1 2 10 9 8 9 2 9 8 2 2 8 8 8 9 2 8 2 8 8 2 10 10 10 8 8 1 2 10
left_child=3 4 5 -1 13 6 -3 12 14 -6 -11 -12 15 -2 -5 16 23 18 -18 20 -19 22 -22 24 25 -7 -27 -25 29 -29
right_child=1 2 -4 8 9 7 -8 -9 -10 10 11 -13 -14 -15 -16 -17 17 19 -20 -21 21 -23 -24 27 -26 26 -28 28 -30 -31
leaf_value=-0.00099426090244350085 -0.017412543095334999 0.77489584703270797 0.048591551552296053 0.028015039463471045 -0.034481368039251378 -0.21574634283692612 0.036143391855809351 0.16546883071388213 0.0095524041937718202 0.046462219887008986 2.6154069801601452 -0.10986572562916321 0.040023136537720376 0.031477548727761845 -0.13621221141767556 -0.020746632140184108 13.365975495090442 -0.34146217270066653 -0.21917750519868839 1.0051654345683259 -28.202571117483956 -0.53098780554328251 -11.828751136620733 0.015179465657299048 -0.39050589428544263 -0.12566069906673868 -23.370833418914398 0.094846047040448328 1.4636625057509616 1.1688950050709961
leaf_weight=97063.804416392959 21148.581510057033 49.581365219135328 11458.815680031461 156290.56316973947 204567.67680810014 1.1887738578952847 6854.7650199257077 680.47803978034062 102149.95756119621 1960.0876440528646 10.509805371984841 12.262347964280705 5009.5075306637009 8935.5253288721906 554.54650773570756 115658.61774083829 2.9968360308775601 2.9708760335342959 3.1335938256233931 9.5143518631564525 0.32154183800778524 0.54914064193553713 0.22527053530359464 649.10350232800295 28.666037978613193 0.60270512429997325 0.60806541629733535 196.83090084545529 16.726223776412553 28.460974708233834
leaf_count=129142 281231 267 28225 141859 3016463 29 48504 2692 111229 25890 105 169 62192 81726 1664 887558 159 124 46 165 173 15 70 4790 1091 9 225 1084 150 315
internal_value=-0.00406384 -0.0216347 -0.00809772 0.0145547 -0.029681 -0.0131257 0.0426232 -0.0162732 0.0203819 -0.0335813 0.0591117 1.1479 -0.0172902 -0.00289034 0.0274326 -0.0197525 0.101459 1.82092 6.42187 -0.255906 -3.20618 -10.9718 -21.457 0.065806 -0.828488 -6.06082 -11.7997 0.0969822 0.303225 0.23053
internal_weight=733347 377288 140654 356059 236635 129195 6904.35 122291 258995 206551 1982.86 22.7722 121610 30084.1 156845 116601 941.899 19.7116 6.13043 13.5812 4.06683 1.09595 0.546812 922.187 31.0656 2.39954 1.21077 891.122 242.018 225.292
internal_count=4827361 4443467 1037883 383894 3405584 1009658 48771 960887 254752 3042627 26164 274 958195 362957 143523 896003 8445 752 205 547 382 258 243 7693 1354 263 234 6339 1549 1399
cat_boundaries=0 1 2 3 4 5 6 7
cat_threshold=2 4 10 16 38 16 2
is_linear=0
shrinkage=0.08


Tree=44
num_leaves=31
num_cat=8
split_feature=3 0 44 4 38 6 37 18 2 6 5 3 32 13 13 6 11 23 3 44 46 45 18 4 2 38 3 31 44 3
split_gain=3728.29 3723.44 2905.05 2805.02 2686.47 3720.02 2749.16 2468.54 4094.84 5504.38 3552.72 11020 21142 2832.86 6622.07 3809.55 15497.4 2302.03 3020.07 4438.71 2666.76 2334.55 2052.24 1967.34 3016.93 13866.7 39296.3 20581.9 10180.1 10256.7
threshold=502.63500976562506 1.5000000000000002 0 inf 1 9435.9252929687518 2 950.32501220703136 inf 14909.698242187502 12.500000000000002 189.3850021362305 3.1350001096725468 500.00001525878912 476.27499389648443 174.00001525878909 4.5000000000000009 -1.0000000180025095e-35 261.02499389648443 3 4 5 2534.694946289063 1.5000000000000002 inf 6 394.32499694824224 inf 7 70.774997711181655
decision_type=10 2 9 8 1 2 1 2 8 2 2 10 10 2 2 2 2 2 8 9 1 9 2 8 8 1 8 8 9 10
left_child=4 -2 -3 -4 5 6 -1 23 -9 10 13 -12 -13 14 15 16 22 -8 -19 20 -20 -21 -10 24 -6 26 27 -26 -29 -30
right_child=1 2 3 -5 7 -7 17 8 9 -11 11 12 -14 -15 -16 -17 -18 18 19 21 -22 -23 -24 -25 25 -27 -28 28 29 -31
leaf_value=-0.022676016707085508 -0.04547055342405093 0.071799586999996876 0.014450557993436291 -0.23006812421437087 -0.010129074524487939 -0.067539652047618332 -0.014472198985688522 0.015518419631592952 -0.057088035627432684 1.6626576414704637 -0.046592959984958708 5.8512882311492209 -0.12977485965524849 0.00036475756889074978 2.0888077215240966 -0.037920696407376643 3.2379131676735033 -0.0093926021975176133 0.13130920125704687 0.005943950701207631 0.014880692471098285 -0.07956917296294698 1.1245408163491921 0.0037634279822176069 -0.37427747008164119 -0.0064139088247286927 0.021044498070252268 -0.53098951951788276 -1.719138353833898 -4.0782989147854867
leaf_weight=80546.832289088605 6374.8647933211105 5966.3195629457468 57799.571193663622 301.8235344924251 89007.105803250277 7182.5037436069106 128288.47171362519 36955.824903520392 49.332686558365822 16.469528853700467 28.790428538515698 6.9885406121611569 8.2447201423346996 381.25728183310309 13.405192253761923 115.49759139350101 12.722572958271483 110069.77235240195 1280.6706793645321 3480.7301026732684 74606.525442829385 4948.7147014348511 11.623233543359673 112294.6675559658 34.464015533498696 1299.3749174910631 197.30969596266459 10.465772429364733 18.002683690283448 34.200891817105003
leaf_count=419947 27988 44653 950820 2422 382198 38026 719232 149889 386 119 132 186 108 2185 88 770 163 755139 2669 31229 868374 17447 140 402797 883 7290 517 121 425 1918
internal_value=-0.0046454 0.0128375 0.0186393 0.0131803 -0.00653746 -0.0104717 -0.00945539 0.000176667 0.0190044 0.218945 0.181075 0.874088 2.61415 0.128819 0.370568 0.248812 0.698292 -0.00615433 -0.000665134 0.010728 0.0168455 -0.044346 0.168228 -0.00331244 -0.0120826 -0.121176 -0.606795 -1.94461 -2.8082 -3.26473
internal_weight=721343 70442.6 64067.7 58101.4 650900 410404 403222 240496 37600.2 644.332 627.862 44.0237 15.2333 583.839 202.581 189.176 73.6785 322675 194386 84316.6 75887.2 8429.44 60.9559 202896 90600.9 1593.82 294.443 97.1334 62.6693 52.2036
internal_count=4828261 1025883 997895 953242 3802378 2852063 2814037 950315 154166 4277 4158 426 294 3732 1547 1459 689 2394090 1674858 919719 871043 48676 526 796149 393352 11154 3864 3347 2464 2343
cat_boundaries=0 1 2 3 4 5 6 7 8
cat_threshold=1 316 6 2 2 35 1 1
is_linear=0
shrinkage=0.08


Tree=45
num_leaves=31
num_cat=12
split_feature=47 47 36 38 37 2 34 3 32 3 32 3 3 5 17 32 44 32 45 38 3 2 38 11 12 3 7 44 31 46
split_gain=33123 5360.58 4869.2 4792.71 4196.02 4134.91 34635.5 321155 578002 26478.7 102875 513129 2.40958e+06 21413 13242.2 6433.05 3323.08 3776.58 3201.13 3193.75 3333.8 3644.23 169487 274844 217949 67082.8 62865.8 33258 30715.7 19768.3
threshold=0 1 2 3 4 2.5000000000000004 5 179.04499816894534 -0.84499999880790699 48.914999008178718 -0.054999999701976769 24.724999427795414 18.964999198913578 11.500000000000002 1.0000000180025095e-35 -1.2549999952316282 6 -1.4750000238418577 7 8 476.17500305175787 2.5000000000000004 9 1.5000000000000002 309.77499389648443 77.735000610351577 124.76499938964845 10 inf 11
decision_type=1 1 9 1 1 8 1 8 8 8 10 10 10 2 2 10 9 10 9 1 8 8 1 2 2 8 2 9 8 1
left_child=16 3 -3 5 -5 -2 7 8 -7 10 15 12 -12 -11 -13 -8 17 18 -1 20 21 -18 23 25 26 27 -25 -23 -27 -30
right_child=1 2 -4 4 -6 6 9 -9 -10 13 11 14 -14 -15 -16 -17 19 -19 -20 -21 -22 22 -24 24 -26 28 -28 -29 29 -31
leaf_value=0.18453328422469081 0.017200361272568847 0.018717188156084478 -0.0033288609421935301 -0.033258564715098415 -0.00079142122282048271 88.087945319934519 -5.8637455732263115 -0.34935086543840249 -1.4339228206003387 0.040030840322307852 457.39096278175521 -0.25268296651239963 -0.54976651342362448 3.476426086055203 9.9880376175998293 -0.33152014144523956 -0.048854343014925528 -0.027012872328849268 0.01938007157229216 -0.023893316687540165 -0.0084235076818299469 -25.208551051461754 -0.056977969217409323 79.473709744205195 -0.98730983060431188 -3.0403194092678278 32.108143554382551 -2.0042859668650261 -13.227115648404192 -0.40953868182819619
leaf_weight=794.23191833704334 29311.772784278106 267663.63616692286 84316.410134083184 40760.482257823212 67923.163647413458 0.80781529098749161 1.8937345629113052 6.8599721146790351 1.0769526362419108 1084.8780859815176 0.093044064939908799 1.9855770170996838 0.35074119270870519 11.730624213036206 1.3627779629434043 4.6444811075925818 66841.976249450949 18448.199015052691 11518.382899116992 117471.53983003942 13680.634838896658 3.2152616201015904 1550.8034504549705 0.3271864303387696 1.3365082526579497 3.0178109267726532 0.39686623551324374 0.45072919130325351 9.6252223976734097 0.83705146610736925
leaf_count=8076 128443 278226 105267 334041 562820 49 195 203 219 10627 714 140 61 200 118 221 1161159 121935 55291 1303413 716784 1089 35518 95 201 763 129 12 1891 27
internal_value=-0.00355759 0.00818196 0.0134365 -0.00511319 -0.0129698 0.0229464 0.174115 3.58597 36.9353 0.113739 4.14607 14.6288 95.4621 0.0767906 3.91528 -1.93388 -0.0285882 -0.00411271 0.030199 -0.0323609 -0.0444694 -0.0516841 -0.17216 -6.2096 18.1629 -12.7602 53.5118 -22.3556 -10.1507 -12.2016
internal_weight=721416 491091 351980 139111 108684 30427.5 1115.68 8.74474 1.88477 1106.94 10.3304 3.79214 0.443785 1096.61 3.34835 6.53822 230325 30760.8 12312.6 199564 82092.6 68412 1570.01 19.2066 2.06056 17.1461 0.724053 3.66599 13.4801 10.4623
internal_count=4827927 1421544 383493 1038051 896861 141190 12747 471 268 12276 1449 1033 775 10827 258 416 3406383 185302 63367 3221081 1917668 1200884 39725 4207 425 3782 224 1101 2681 1918
cat_boundaries=0 1 2 3 4 5 6 7 8 9 10 11 12
cat_threshold=4 1 128 642 20 96 1 2 45 1 2 1
is_linear=0
shrinkage=0.08


Tree=46
num_leaves=31
num_cat=9
split_feature=47 38 2 6 44 42 32 32 38 38 2 4 3 3 32 32 32 32 32 32 3 16 31 45 47 40 4 23 18 19
split_gain=27974.6 9063.44 105756 6429.91 4425.58 3796.26 3604.19 3451.67 2506.01 2496.59 11966.5 1.01607e+06 2.20506e+07 1.39386e+08 6.43229e+08 3.21011e+06 688166 511036 5.07346e+06 10429.6 17336.3 3041.57 2448.41 2683.03 3362.78 3078.13 2999.92 2382.54 3145.65 2741.92
threshold=0 1 inf 462.50001525878912 2 3 -73.520000457763658 -15.574999809265135 4 5 2.5000000000000004 inf 72.83499908447267 146.129997253418 -2.2749999761581416 0.095000002533197417 1.6050000190734866 -0.054999999701976769 0.18500000238418582 -0.26500000059604639 70.774997711181655 1.0000000180025095e-35 1.0000000180025095e-35 6 7 8 1.5000000000000002 7.5000000000000009 160.00000762939456 502.57499694824224
decision_type=1 1 8 2 9 9 10 8 1 1 8 8 10 8 10 8 10 10 10 8 10 2 8 9 1 1 8 2 2 2
left_child=6 2 4 5 22 7 -1 -3 -8 10 21 -12 17 15 -15 -14 -17 19 -19 -13 -21 -7 23 24 25 27 -25 -2 29 -29
right_child=1 3 -4 -5 -6 9 8 -9 -10 -11 11 12 13 14 -16 16 -18 18 -20 20 -22 -23 -24 26 -26 -27 -28 28 -30 -31
leaf_value=-0.00077150634026058136 0.040942154598641263 0.14019381803356992 9.7283787378959232 0.035713006272686788 -0.035925278096340822 -0.016400902778266335 0.0079499668424040312 0.0025353292523820148 0.024143449198170731 -0.028958391697267924 -0.038003804632193119 -0.47126703462528591 985.18201784275857 -575.10654863090247 33905.687889953551 -13.974281972347793 422.00853022468118 838.63242565100779 -2.8734962892325524 -18.921565201047542 -0.60768457374245044 0.11444681402166511 0.029666382318848664 -0.07443331791553906 0.056346479566067913 -0.048495253111654403 0.011238970498295702 0.47191577659750744 -0.091861748143756805 1.8403020685563407
leaf_weight=97516.021313461533 2413.961426791735 1193.5787132572837 7.1071114591904907 21664.968925972033 173134.2456184352 13878.626574373622 105416.12721022387 49988.034264940427 145793.20524224034 65320.712247968884 463.5857181261718 4.4743886042560916 0.027637807652353824 0.015303649912985828 0.0044749910011891705 0.14401270962698631 0.027613185346132996 0.050941880792403915 0.45902763384379619 0.58109772307216434 0.76803384721279144 1238.4151205381786 9496.0799997308459 7922.086436742462 5269.7911633269177 7428.530257191509 3905.3532588147791 25.370997635647655 31.315943481400609 14.861188462004064
leaf_count=128969 39896 3307 17833 153957 3107036 79276 116277 358115 138500 489472 6698 256 625 313 1678 343 504 284 1005 249 20 5419 35287 37534 28022 61079 14558 343 620 32
internal_value=-0.00390408 -0.0194365 -0.0302555 -0.00468225 -0.0305878 -0.0113081 0.0122821 0.00574447 0.0173494 -0.0220934 0.00667555 0.404156 31.6865 820.824 7226.3 185.025 56.1717 4.3944 81.1862 -2.33031 -8.49584 -0.00568162 -0.00527515 -0.0175592 0.00470447 -0.022741 -0.0461058 0.0542086 0.509382 0.977378
internal_weight=712129 363403 209649 153754 209642 132090 348725 51181.6 251209 80907.9 15587.2 470.138 6.55253 0.219042 0.0197786 0.199264 0.171626 6.33349 0.50997 5.82352 1.34913 15117 36507.4 27011.3 15183.8 9914.04 11827.4 2485.51 71.5481 40.2322
internal_count=4827507 4443761 3342240 1101521 3324407 947564 383746 361422 254777 586142 96670 11975 5277 3463 1991 1472 847 1814 1289 525 269 84695 217371 182084 129992 101970 52092 40891 995 375
cat_boundaries=0 1 2 3 4 5 6 7 8 9
cat_threshold=2 300 1 11 722 640 34 4 2
is_linear=0
shrinkage=0.08


Tree=47
num_leaves=31
num_cat=14
split_feature=41 38 1 18 41 34 23 43 4 36 40 12 43 12 18 7 38 7 4 1 0 35 36 42 48 34 17 17 12 12
split_gain=3163.77 2593.79 2220.38 2093.12 1655.8 1559 2062.17 1471.47 1728.4 1615.73 1384.84 1770.45 1672.18 1490.08 4090.03 3495.53 1399.54 2210.75 2545.92 2262.56 4521.85 1356.22 1353.22 1331.13 1321.48 1311.78 1062.82 1332.95 1055.09 1113.79
threshold=0 1 1.0000000180025095e-35 4047.0000000000005 2 3 10.500000000000002 4 inf 5 6 1.0000000180025095e-35 7 129.2499923706055 115.04999923706056 26.324951171875004 8 136.0249938964844 8.5000000000000018 2.5000000000000004 1.5000000000000002 9 10 11 12 13 62.500000000000007 65.500000000000014 1.0000000180025095e-35 96.050003051757827
decision_type=9 1 2 2 9 1 2 9 8 9 1 2 9 2 2 2 1 2 8 2 2 1 9 9 9 1 2 2 2 2
left_child=26 3 4 5 -3 10 21 8 9 -6 11 -2 16 14 25 -16 -12 18 -18 20 -20 -7 -4 -14 -5 -13 -1 -28 -11 -30
right_child=1 2 22 24 7 6 -8 -9 -10 28 12 13 23 -15 15 -17 17 -19 19 -21 -22 -23 -24 -25 -26 -27 27 -29 29 -31
leaf_value=-0.017023552530406525 0.026273080377665084 -0.059246365402724106 0.0095191359766962878 0.0890661547376429 -0.016462925141339829 -0.006210860332353834 0.39968653711258095 -0.0076077262967053048 -0.2833105914125022 -0.0018170074170621618 -0.10730635186679485 -0.0075439026790338386 0.065210360396415437 0.073433449318713317 0.29466518458929736 1.2263755382045092 -0.43783099444252349 -0.13597521734927953 -2.2828799446082186 -0.70027949141918755 -7.8489645265618746 0.024993482526272995 -0.0089046360085496164 -0.0044342430235980342 0.53537641292200255 0.24536670043206599 0.59194665085193354 0.007468034417537313 0.068163239940326414 0.017004792367324984
leaf_weight=93783.239278099325 5964.8715724164886 3677.6561226732056 117790.12078034744 1726.9520448818512 15702.334704007038 30990.8057624268 83.932184067300113 325802.3286388425 132.43817310937447 19428.252444613947 126.36881192293311 275.84171121955023 2362.7758561117716 2851.4630971674073 66.419236911182452 42.10973759717308 6.3421861502183683 11.090121176292994 4.1651043750041854 2.7233586010988802 1.2041648258287603 12502.182866997518 32561.990278104611 6762.9405360021774 43.529079693835229 247.04461408249745 41.264083068817854 63.248947906307876 3008.6501372219645 28751.546521020045
leaf_count=410318 15668 18208 1066100 4627 74927 110535 131 2444501 890 126078 833 775 6120 6551 135 174 82 120 251 53 207 38630 169144 24732 86 274 44 229 24139 283591
internal_value=-0.00306604 -0.000964688 -0.00274905 0.0142627 -0.00588815 0.0118274 0.00352693 -0.00538696 0.00540777 0.00598021 0.0311255 0.0526802 0.00914247 0.0980569 0.209256 0.656173 -0.245748 -0.708004 -1.63797 -2.57852 -3.53118 0.00276324 0.00552911 0.0136494 0.100039 0.116495 -0.0167376 0.238233 0.0128655 0.021851
internal_weight=704816 610928 546855 64072.8 396503 62302.3 43576.9 392826 67023.2 66890.8 18725.4 9447.75 9277.61 3482.88 631.415 108.529 151.894 25.5249 14.4348 8.09263 5.36927 43493 150352 9125.72 1770.48 522.886 93887.8 104.513 51188.4 31760.2
internal_count=4828153 4417562 4207578 209984 2972334 205271 149296 2954126 509625 508735 55975 23577 32398 7909 1358 309 1546 713 593 511 458 149165 1235244 30852 4713 1049 410591 273 433808 307730
cat_boundaries=0 1 2 3 4 5 6 7 8 9 10 11 12 13 14
cat_threshold=1 641 16 36 4 75 12 34 512 32 128 3 1 4
is_linear=0
shrinkage=0.08


Tree=48
num_leaves=31
num_cat=9
split_feature=47 44 47 32 32 32 4 45 3 42 31 1 45 34 32 35 43 11 18 1 12 4 3 29 31 4 33 4 15 3
split_gain=27654.9 4770.39 4444.87 4051.45 3866.02 3404.71 3268.22 2483.16 2382.83 2379.8 2564.91 2358.38 2508.45 2211.65 2040.58 3884.28 4905.32 10798.5 41794.1 3764.61 5379.03 2348.79 2103.21 2028.31 1868.67 1694.07 1685.08 2379.23 1942.95 1663.04
threshold=0 1 2 -3.0749999284744258 3.7250000238418584 -15.574999809265135 17.500000000000004 3 657.12500000000011 4 1.0000000180025095e-35 3.5000000000000004 5 6 -15.574999809265135 7 8 18.500000000000004 2793.724975585938 1.0000000180025095e-35 344.27490234375006 2.5000000000000004 9.4899997711181658 1.0000000180025095e-35 1.0000000180025095e-35 69.500000000000014 1.5000000000000002 40.500000000000007 1.0000000180025095e-35 450.40499877929693
decision_type=1 9 1 10 8 10 8 9 8 9 8 2 9 1 8 1 9 2 2 2 2 8 10 2 10 10 2 10 2 10
left_child=1 4 3 8 24 7 23 -4 13 10 25 12 14 -2 15 16 17 19 -19 20 -3 -17 -16 -5 -1 -8 -24 28 -28 -13
right_child=2 11 5 6 -6 -7 9 -9 -10 -11 -12 29 -14 -15 22 21 -18 18 -20 -21 -22 -23 26 -25 -26 -27 27 -29 -30 -31
leaf_value=-0.030038895079732408 -0.049387865923002372 2.5252043229155037 -0.023839822697676271 -0.028299775710921869 0.035019452407077212 0.017597201753959891 -0.021440938077031707 0.0067302562002787428 0.095012945168856777 0.02591607651799575 0.16376373929696242 -0.0028829358116275873 -0.056838494640688152 0.016317605215134208 0.18548486971095637 -0.10360183071648241 0.085491413410060724 12.973796551405453 -0.092429587530339349 -0.11566447450492641 0.4277474802462809 0.059812347083798921 -0.030918606767296849 0.1594744329296687 0.060540759175831876 0.19210546456873157 -0.085626991476682277 1.4554215325105069 0.43750610120860617 0.11351315816407377
leaf_weight=16118.391856715909 3565.8629013079635 10.955248667623492 21611.617095747955 52744.788277999112 13464.497222310139 249513.54098978787 19945.37841991584 79644.498151654581 2267.396666359542 17054.953872215418 504.29625454470806 2650.7784305527166 23369.000572302 39514.487493122484 288.7248115222028 1441.7038674140877 1643.4923294242617 2.189972362946718 5.5052492711693048 35.570130610372871 27.388927451334894 923.50203257646763 158359.00204618098 370.75216092541814 1602.5725195973064 240.62199749052525 104.33070355543168 9.2726456606760603 80.494452594139148 1116.5077302751597
leaf_count=116792 47779 200 35612 507360 65446 251073 132171 98429 14398 81870 1054 38006 484481 250514 895 10348 13166 89 278 1237 426 4149 2639610 1928 3177 1205 1794 52 248 24501
internal_value=-0.00284207 -0.026295 0.00781356 -0.00445162 0.00270516 0.0125763 -0.0141989 0.000203836 0.0150784 0.00379966 -0.0144364 -0.0310532 -0.0323204 0.0108713 -0.0287986 0.0269911 0.117877 0.689546 3.62607 0.477114 1.02701 -0.0396287 -0.030237 -0.0269891 -0.0218474 -0.0188954 -0.0306299 0.204943 0.142206 0.0316133
internal_weight=708232 221254 486978 136209 31185.5 350770 90860.8 101256 45347.7 37745.3 20690.3 190068 186301 43080.4 162932 4090.31 1725.1 81.6095 7.69522 73.9143 38.3442 2365.21 158842 53115.5 17721 20186 158553 194.098 184.825 3767.29
internal_count=4828288 3404895 1423393 1038279 185415 385114 725588 134041 312691 216300 134430 3219480 3156973 298293 2672492 29893 15396 2230 367 1863 626 14497 2642599 509288 119969 133376 2641704 2094 2042 62507
cat_boundaries=0 1 2 3 4 5 6 7 8 9
cat_threshold=4 1 1 40 41 13 64 9 1
is_linear=0
shrinkage=0.08


Tree=49
num_leaves=31
num_cat=12
split_feature=41 38 37 36 12 4 37 6 4 0 2 16 5 12 32 38 32 44 46 36 37 8 0 38 6 33 46 4 2 31
split_gain=4322.17 3211.83 2517.31 3978.01 3713.2 3399.42 2188.32 2236.71 2595.59 2438.96 2045.61 10752.8 40875.5 3589.48 8511.52 2253.39 6461.35 1999.09 2595.25 2031.96 1869.05 1863.34 1838.93 1835.75 1800.04 1757.55 1711.57 1643.83 1580.88 2516.19
threshold=0 1 2 3 720.04998779296886 1.5000000000000002 4 9435.9252929687518 23.500000000000004 3.5000000000000004 inf 1.5000000000000002 18.500000000000004 843.00003051757824 -5.9649999141693106 5 -0.39499999582767481 6 7 8 9 12.500000000000002 1.5000000000000002 10 9435.9252929687518 1.0000000180025095e-35 11 inf inf inf
decision_type=9 1 1 9 2 10 1 2 8 2 8 2 2 2 10 1 10 9 1 9 1 2 2 1 2 2 1 8 8 8
left_child=20 6 17 4 5 22 21 8 9 -8 24 13 -13 14 -12 16 -15 18 -3 26 -1 -2 -4 25 -6 -7 27 -19 -21 -30
right_child=1 2 3 -5 10 23 7 -9 -10 -11 11 12 -14 15 -16 -17 -18 19 -20 28 -22 -23 -24 -25 -26 -27 -28 -29 29 -31
leaf_value=-0.0098297197138458945 -0.037186278470280332 -0.034361479309381888 -0.0026874746855598316 -0.020373071177770298 0.034874154057576587 0.068277232427132836 0.00076022406895484822 -0.056355929126166951 -0.02031255975659901 1.179586168471263 2.0144713706488799 -0.40975135777146782 11.901779452459982 0.018210249839783685 0.023016770210939393 -0.073743335752347636 1.9725108184702564 -0.029984970032753175 0.068471446591009774 0.00024510299067269717 -0.032892634608323548 0.85640501126391411 0.016589508506838699 0.021036806635912911 -0.025098795051415098 0.45831574732038521 0.043057939828817372 -0.0059553838656589966 0.11488623226852268 -0.052584779994675132
leaf_weight=50502.704939403753 17863.74517441772 2321.3767642015723 126652.78739702876 29528.105400715023 40307.519946265369 6071.1658624983529 123242.00195575852 5713.3765442162985 52933.228152636962 11.233732261694966 21.027876670814294 6.2014926368619836 2.3914765680674464 40.99018453316603 39.60735106378047 240.65943055710363 14.713897101071778 40169.87398445241 4857.2309302585127 55633.248265357361 40576.295471198529 14.947085592895744 42232.000939109595 15125.184708645116 3479.4394197441579 74.850401995703578 2950.307299417982 33343.324932921052 1855.7546772746175 831.41586157265169
leaf_count=215824 124430 4765 708722 157235 309334 24072 1626371 65262 363860 112 108 327 69 278 312 3117 211 201421 7597 240557 193592 47 318073 87268 21349 293 3970 141855 5719 2258
internal_value=-0.00385963 -0.00141568 0.00267223 0.00729406 0.0107815 0.00592911 -0.00971895 -0.0070928 -0.00549569 0.000867666 0.031682 0.220133 3.01662 0.152821 0.713639 0.0380792 0.453088 -0.00591733 0.0352179 -0.00810864 -0.0201069 -0.0364188 0.002133 0.0360686 0.0301085 0.0729088 -0.0166859 -0.0190859 0.0031393 0.0630704
internal_weight=696657 605578 405799 263837 234309 190156 199779 181900 176186 123253 44152.6 365.592 8.59297 356.999 60.6352 296.364 55.7041 141963 7178.61 134784 91079 17878.7 168885 21271.2 43787 6146.02 76463.5 73513.2 58320.4 2687.17
internal_count=4828408 4418992 2238910 1630768 1473533 1138428 2180082 2055605 1990343 1626483 335105 4422 396 4026 420 3606 489 608142 12362 595780 409416 124477 1026795 111633 330683 24365 347246 343276 248534 7977
cat_boundaries=0 1 2 3 4 5 6 7 8 9 10 11 12
cat_threshold=1 36 6 147 4 64 1 2 145 86 18 1
is_linear=0
shrinkage=0.08


Tree=50
num_leaves=31
num_cat=19
split_feature=47 0 36 44 47 32 37 3 44 45 40 3 3 46 44 36 40 37 39 3 3 37 37 36 5 4 17 3 42 36
split_gain=23257.6 5422.23 5082.77 4940.07 3225.71 3547.41 2722.88 2553.57 2234.96 3295.54 2610.62 2270.43 3110.35 2219.86 2183.42 2156.68 2150.13 2077.79 1930.54 1920.84 2416.21 1964.68 1909.3 1753.68 4068.85 6230.43 1667.43 2925.31 1666.29 1653.33
threshold=0 1.5000000000000002 1 2 3 -3.4850000143051143 4 502.63500976562506 5 6 7 502.63500976562506 287.25500488281256 8 9 10 11 12 13 9.4899997711181658 9.9849996566772479 14 15 16 11.500000000000002 4.5000000000000009 1.0000000180025095e-35 476.17500305175787 17 18
decision_type=1 2 9 9 1 10 1 8 9 9 1 8 10 1 9 9 1 1 9 10 8 1 1 9 2 8 2 10 9 9
left_child=3 4 26 7 5 19 -7 17 9 10 -6 12 -12 22 -15 -14 -11 -1 -9 -2 -21 -22 -5 24 -23 -26 27 -3 -20 -10
right_child=1 2 -4 13 8 6 -8 18 29 16 11 -13 15 14 -16 -17 -18 -19 28 20 21 23 -24 -25 25 -27 -28 -29 -30 -31
leaf_value=-0.012326699947161257 0.076463690750223287 -0.00096274334249417794 -0.0056458859177030132 -0.067396872538562955 -0.025673004527083522 -0.036048301347893212 -0.0054127181651697776 -0.072460476751783839 0.013622444488872808 0.043099578030593354 -0.16431038027869288 -0.065737595379298727 -0.72233419516780273 0.049813862501858597 -0.093082786892755343 -0.093097979617499771 -0.024300333330024539 0.057001256580779404 0.1122355223797873 -0.54224822594247946 0.036443655711966033 0.031886951304111212 -0.028686402775196324 -0.019587205779208406 -0.10650563170537637 2.4624061339652861 0.035108893913971158 0.064119662350925213 -0.005756705386894218 -0.0028722578397576866
leaf_weight=23354.859365774515 2754.4301793550549 21818.288983690021 35561.354004917288 8565.9932229808037 2947.7206973117891 33376.663253887011 41861.066717344402 603.65800825983752 160190.66254395165 4933.3766965403065 796.40193728353142 1126.5006576521632 113.25723507911607 3920.7810277635217 829.04630591616296 67.8571793892188 7812.898093116748 3128.4298851232888 2896.2678846694735 51.235750130610541 10036.817470173335 4385.6145706785765 171211.46992379904 15524.906400193126 13.204439664259555 11.139723679050801 79761.779276136964 5542.9243189866174 1047.5689026279824 51361.314497259271
leaf_count=138662 7781 36764 59562 333656 4812 275509 361455 4676 173187 4551 2791 2333 1334 12188 12772 179 11987 6667 26896 641 67253 27111 2860063 126972 138 88 180420 11807 8212 63255
internal_value=-0.0023137 0.00748864 0.0205623 -0.0241436 0.00195928 -0.00943953 -0.0190087 0.00538948 0.00732769 -0.0198992 -0.0745051 -0.142474 -0.232363 -0.02911 0.0248723 -0.531605 0.00179977 -0.00412023 0.0607713 0.0125256 0.00665968 0.00759802 -0.0305362 -0.00694 0.0375271 1.06901 0.0292604 0.0122219 0.0811642 0.00961831
internal_weight=695607 480049 142684 215558 337365 108015 75237.7 31030.8 229350 17798 5051.74 2104.02 977.516 184527 4749.83 181.114 12746.3 26483.3 4547.49 32777.3 30022.9 29971.7 179777 19934.9 4409.96 24.3442 107123 27361.2 3943.84 211552
internal_count=4823722 1419930 288553 3403792 1131377 866948 636964 185113 264429 27987 11449 6637 4304 3218679 24960 1513 16538 145329 39784 229984 222203 221562 3193719 154309 27337 226 228991 48571 35108 236442
cat_boundaries=0 1 2 3 4 5 6 7 8 9 10 11 12 13 14 15 16 17 18 19
cat_threshold=4 129 1 1 20 1 12 12 1 2 128 10 57 2 106 16 90 11 128
is_linear=0
shrinkage=0.08


Tree=51
num_leaves=31
num_cat=9
split_feature=41 45 38 2 32 3 3 3 4 3 3 3 38 37 2 38 44 3 3 3 23 36 3 3 37 12 3 12 19 32
split_gain=2839.59 2640.15 9220.37 6979.51 17725.6 14156.2 24982.5 11248.1 11738.1 9836.89 10214.6 3594.65 3406.87 3413.85 2391.6 2250.95 3233.04 4876.09 2698.86 2617.13 2631.82 2195 3249.41 2090.43 1972.1 1891.33 1888.62 1801.31 1788.49 1766.77
threshold=0 1 2 inf 5.3350000381469735 9.4899997711181658 70.774997711181655 72.83499908447267 4.5000000000000009 278.18499755859381 77.735000610351577 1.0000000180025095e-35 3 4 inf 5 6 502.63500976562506 135.004997253418 261.02499389648443 1.5000000000000002 7 267.39500427246099 24.724999427795414 8 8631.2900390625018 141.10500335693362 4713.7150878906259 690.02499389648449 -9.5349998474121076
decision_type=9 9 1 8 8 10 10 10 8 10 10 10 1 1 8 1 9 8 10 8 2 9 10 8 1 2 10 2 2 8
left_child=24 2 3 27 -5 11 23 -8 -9 10 -10 -6 -3 14 -14 16 19 18 -18 -15 25 22 -17 -7 -1 -21 -12 -2 -4 -24
right_child=1 12 28 4 5 6 7 8 9 -11 26 -13 13 15 -16 21 17 -19 -20 20 -22 -23 29 -25 -26 -27 -28 -29 -30 -31
leaf_value=-0.0048191103326605733 -0.12873785522531314 0.014302806629700604 -0.0040013521698651685 0.018832926682432614 -0.040882202596011261 -6.5324816520725051 -0.080161954929419396 -1.9322182610871013 -3.3467272362556821 -3.8182418443208554 -15.262452552219974 -1.291217001207619 -0.019705267831880355 -0.018678136371406726 0.083751288480256272 0.0022892637958308237 -0.0012798838210340332 0.040879461687789248 -0.10089153685365344 0.0036309994413911114 0.037181142284995389 -0.013601923180609182 0.099636448493095608 -4.0537811976033931 -0.028395679421776947 -0.050570559407208483 -23.666571947657289 0.70144645022255492 -0.033806858936100102 0.023203458512847202
leaf_weight=49483.279459239333 2176.6778829532905 111040.01316254401 89035.031124169444 133.03006728236505 32.099977800156921 7.8150243023410413 17.647160744061697 8.5368560099159332 0.3729772586375486 1.4131309502990914 0.31801080047353025 27.172835662961006 68758.229753566935 38958.392454343491 1460.4276083132718 102451.38230896954 2345.5967445955321 3106.6706119433111 6750.8860451394685 48017.991639985907 14792.851904279625 27247.092018664844 2002.6698182411394 3.0186616844730461 41974.008552285348 4506.9747320729512 0.37053889967501163 16.856632397510111 15064.744312365336 57725.347557079142
leaf_count=208193 13335 431209 596194 1025 69 689 50 407 22 153 94 490 369271 336949 6801 601010 10504 26519 30287 791066 226452 154752 11144 176 201601 81471 187 76 227025 500745
internal_value=-0.0025174 -0.000502171 -0.0119144 -0.165791 -0.583956 -1.39587 -2.56923 -1.33211 -3.33851 -8.18979 -14.0093 -0.614082 0.00198327 -0.00163477 -0.017551 0.00199543 -0.00665319 -0.045653 -0.0752059 -0.00217567 0.00737469 0.00740489 0.0109348 -5.84182 -0.0156414 -0.00101984 -19.7851 -0.122358 -0.00831384 0.0257662
internal_weight=687147 595690 106525 2425.33 231.795 98.7652 39.4924 28.6587 11.0115 2.47466 1.06153 59.2728 489165 378125 70218.7 307906 118479 12203.2 9096.48 106276 67317.8 189426 162179 10.8337 91457.3 52525 0.68855 2193.53 104100 59728
internal_count=4827966 4418172 839992 16773 3362 2337 1778 913 863 456 303 559 3578180 3146971 376072 2770899 1503248 67310 40791 1435938 1098989 1267651 1112899 865 409794 872537 281 13411 823219 511889
cat_boundaries=0 1 2 3 4 5 6 7 8 9
cat_threshold=1 34 129 147 4 40 2 130 84
is_linear=0
shrinkage=0.08


Tree=52
num_leaves=31
num_cat=5
split_feature=47 0 47 36 37 32 2 38 3 33 3 4 3 6 4 3 5 3 3 3 3 3 3 22 18 3 6 3 4 32
split_gain=20654 4721.81 4336.08 4058.2 3674.16 2814.38 3841.2 528542 8.39256e+06 5.69379e+07 4.87933e+08 916898 4.41604e+06 2.36513e+07 1.23158e+08 828393 243478 571117 937739 2.84479e+06 235814 91346.3 286814 37915 7253.29 15655.6 25753.4 7105.17 6928.82 30379.8
threshold=0 1.5000000000000002 1 2 3 -1.6549999713897703 2.5000000000000004 4 103.92499923706056 1.0000000180025095e-35 77.735000610351577 8.5000000000000018 303.06999206542974 531.67486572265636 52.500000000000007 189.3850021362305 1.0000000180025095e-35 182.52500152587893 150.37500000000003 111.2150001525879 135.004997253418 440.93499755859381 185.67499542236331 1.0000000180025095e-35 523.27499389648449 731.68499755859386 345.02499389648443 74.955001831054702 inf -7.3949999809265128
decision_type=1 2 1 9 1 10 8 1 8 2 10 8 10 2 8 10 2 10 10 8 10 8 8 2 2 10 2 10 8 10
left_child=5 2 4 -3 -2 6 -1 8 9 10 -8 16 13 14 15 -13 17 18 19 -10 -21 22 -19 24 25 26 -18 -9 -29 -30
right_child=1 3 -4 -5 -6 -7 7 27 11 -11 -12 12 -14 -15 -16 -17 23 21 -20 20 -22 -23 -24 -25 -26 -27 -28 28 29 -31
leaf_value=-0.01057834918010272 -0.083767041398892086 0.026344652612916821 0.0071514272773680566 -0.004855078453722495 -0.009287682198523519 -0.032076629515438868 -39014.750372419519 -1.4836540176176607 -104.06315888050831 -14.976900849184249 -705.3781435563069 -1819.4544848522955 -0.19163718120455273 -1.1411143737844369 -22608.523017429048 -588.58461468517146 -55.84135262285546 -2.0688243835581468 -72.71414061257228 -1946.4770934707992 -1229.379146548373 -5.2545657577395177 -149.6562483265613 19.56831896880772 -0.2637227001037688 -0.35145785231648324 -3.1128366704953447 -0.025006537592474655 -0.82628785829295681 4.8236418371891752
leaf_weight=88483.883282421535 4413.2146179131851 104927.0802509701 229266.5169169888 35781.387110521653 102109.65115526042 119234.29067901103 0.0023232285721308801 21.162570132546989 0.03308264932830951 0.17210736907649249 0.025294321024026678 0.0051006543911063093 0.33246484147279709 0.075908787548542023 0.0018789440852059322 0.011146898462810029 0.10760504235757551 0.24775907375522588 0.16192571889461682 0.0052610028221489191 0.0066379292316229854 0.89487714488434078 0.12771070518250127 0.59045475325421914 1.2573190611459208 0.35663629323244095 0.13200855918694288 2560.0047352292136 16.282165617730158 9.7310782434370555
leaf_count=1426880 84910 229763 265340 59689 783273 1919598 1250 769 67 41 309 185 350 29 732 166 205 18 263 200 186 92 427 88 76 8 38 51805 698 1230
internal_value=-0.00310705 0.00610993 0.00095479 0.0184123 -0.0123821 -0.0239879 -0.0134007 -0.109019 -15.3153 -556.064 -3928.02 -25.7004 -137.097 -621.129 -3217.47 -974.996 -13.5843 -39.2251 -162.478 -485.613 -1546.44 -19.1503 -52.2686 1.91387 -3.70996 -10.9771 -26.792 -0.0236626 -0.0118063 1.28725
internal_weight=686828 476498 335789 140708 106523 210330 91095.6 2611.73 4.5475 0.199725 0.0276175 4.34778 0.4265 0.0940353 0.0181265 0.0162476 3.92128 1.47725 0.206907 0.0449816 0.0118989 1.27035 0.37547 2.44402 1.85357 0.59625 0.239614 2607.18 2586.02 26.0132
internal_count=4828685 1422975 1133523 289452 868183 3405710 1486112 59232 4730 1600 1559 3130 1462 1112 1083 351 1668 1253 716 453 386 537 445 415 327 251 243 54502 53733 1928
cat_boundaries=0 1 2 3 4 5
cat_threshold=4 1 129 16 1
is_linear=0
shrinkage=0.08


Tree=53
num_leaves=31
num_cat=8
split_feature=47 38 2 3 3 32 35 3 32 7 32 32 1 42 1 23 32 38 32 13 12 32 47 32 2 3 38 3 48 2
split_gain=14317.9 6850.11 3973.94 45214.5 765321 3.40869e+06 12834.7 37152.9 92161.9 40723.6 11157.4 7826.36 3690.01 3667.39 2883.64 6690.24 2576.06 2531.94 2519.3 4452.6 16085.5 2109.62 2096.47 3486.08 5120.35 13284 2874.56 5960.01 3748.67 3189.86
threshold=0 1 2.5000000000000004 77.735000610351577 44.444999694824226 -0.71500000357627858 2 230.70999908447268 0.18500000238418582 774.87493896484386 13.72499990463257 -1.564999997615814 1.0000000180025095e-35 3 3.5000000000000004 2.5000000000000004 88.08499908447267 4 -0.96500000357627858 230.22500610351565 360.27499389648443 -3.3249999284744258 5 -8.3550000190734846 2.5000000000000004 118.47000122070314 6 24.724999427795414 7 1.0000000180025095e-35
decision_type=1 1 8 10 8 10 1 10 8 2 10 10 2 9 2 2 10 1 8 2 2 10 1 8 8 10 1 10 9 8
left_child=1 2 14 4 5 -4 7 8 -5 10 -9 -6 22 17 -1 -16 18 -3 19 21 -21 -8 23 24 -2 -26 27 -25 -29 -30
right_child=12 13 3 6 11 -7 16 9 -10 -11 -12 -13 -14 -15 15 -17 -18 -19 -20 20 -22 -23 -24 26 25 -27 -28 28 29 -31
leaf_value=0.023044268490823663 0.047580794306676027 -0.023211891513562396 -9.1336653538351555 33.168409850141536 -13.919720764744582 640.08004084921652 -0.9905351177674967 -0.41445468540287755 -1.3293444291091105 10.820325759420639 5.3281039151753111 -0.68806364520669971 0.019872671152274216 -0.034438334557409564 0.10489215067831698 1.1827906678776854 0.77042846543347865 0.0018552240120421734 -0.15724569586736345 5.0221948218304231 0.33237161982388563 0.13254970129126714 0.0068962185459744045 0.088980411349742369 1.8129879428410132 0.15858362003825144 -0.00088939996550137018 -0.043039599151193979 0.14011225385104911 0.97042684755360753
leaf_weight=12971.848352724937 3364.0570759458733 59500.680185609956 0.2416667194136756 0.83071059733632335 0.31572468532250875 0.065867093399484794 11.960712801665066 18.984003522899009 1.2286808080971243 2.6123539470136157 2.4441473875194779 3.0486231925173684 104325.05051041098 88804.539510567818 208.01493739800571 44.786975147202611 30.78797709993114 45514.803924591753 229.74741385217231 5.4862505365163079 31.873093886300921 101.90277388339865 254455.59322498224 2471.9220932751632 37.766080646066172 174.97155516284064 82374.413081768813 27011.137104202142 118.19607083854498 39.510492017492652
leaf_count=90352 12672 1591678 79 119 94 408 355 724 155 81 151 1125 145748 1157576 1295 119 416 553496 5348 149 546 1227 296780 10313 151 750 578098 376752 1119 80
internal_value=-0.00108276 -0.0186114 0.0361154 0.272238 9.11262 129.914 0.198102 1.64381 12.5862 1.3902 0.240556 -1.92978 0.0065841 -0.0224708 0.0282593 0.295855 0.0649651 -0.0123484 0.00965854 0.26323 1.02108 0.014576 0.00283774 -0.00609631 0.0716512 0.45228 -0.00857889 -0.0299383 -0.040769 0.348132
internal_weight=681859 207486 13666.2 441.53 3.67188 0.307534 437.858 26.0999 2.05939 24.0405 21.4282 3.36435 474373 193820 13224.7 252.802 411.758 105015 380.97 151.223 37.3593 113.863 370048 115592 3576.79 212.738 112015 29640.8 27168.8 157.707
internal_count=4827956 3405493 102743 10977 1706 487 9271 1230 274 956 875 1219 1422463 3302750 91766 1414 8041 2145174 7625 2277 695 1582 1276715 979935 13573 901 966362 388264 377951 1199
cat_boundaries=0 1 2 3 4 5 6 7 8
cat_threshold=4 640 1 25 296 1 36 1
is_linear=0
shrinkage=0.08


Tree=54
num_leaves=31
num_cat=5
split_feature=41 2 4 31 32 12 7 7 32 23 3 37 3 32 32 4 4 1 39 46 23 18 3 1 32 3 1 32 37 3
split_gain=2373.05 2448.92 6560.59 7575.5 5245.81 10684.1 3279.3 19468.6 3632 9571.88 7032.2 3558.22 6232.26 8601.92 56324.9 3249.66 9041.04 3104.47 4710.45 9525.24 14811.9 42940.4 2850.02 5381.6 18251.8 5174.85 3644.95 5040.65 2819.43 5852.67
threshold=0 inf 23.500000000000004 inf -73.520000457763658 87.799995422363295 81.274993896484389 89.000007629394545 23.125000000000004 2.5000000000000004 272.79499816894537 1 586.81500244140636 -15.574999809265135 -1.8650000095367429 30.500000000000004 26.500000000000004 1.0000000180025095e-35 2 3 -1.0000000180025095e-35 2937.250122070313 358.23500061035162 1.0000000180025095e-35 -4.7249999046325675 154.09500122070315 1.5000000000000002 1.0000000180025095e-35 4 542.30001831054699
decision_type=9 8 8 8 8 2 2 2 10 2 10 1 8 10 8 8 10 2 9 1 2 2 8 2 10 8 2 10 1 8
left_child=1 -1 6 4 5 -4 8 -8 10 -10 -3 12 17 -14 -15 16 -6 -12 -19 20 -20 -22 23 -17 25 -25 27 -26 29 -9
right_child=-2 2 3 -5 15 -7 7 28 9 -11 11 -13 13 14 -16 22 -18 18 19 -21 21 -23 -24 24 26 -27 -28 -29 -30 -31
leaf_value=0.0044995406809885691 -0.0042819728860263211 -0.046258130734962009 3.1722859323595056 -0.07061978684874938 3.1082895200640928 -0.10976595159465605 4.8565754816954563 1.580226615797871 -0.053010440547284675 2.7764093706754518 -0.58563956553462182 -0.14244050770165487 -2.5023518499886692 -75.885209937557207 -2.7212819238972528 0.1873570854396924 -0.19985873433685722 -0.81666000240630132 -3.6433750833779444 0.020772175007306805 -55.358586958465352 -6.620801534522351 -0.1113598854410629 6.1843702945754568 1.6480603525443605 2.4301909973891029 -0.080254897422143354 -0.27095961554577996 -0.0028128757854402726 -0.021355493927478514
leaf_weight=215832.96553248214 455148.23211997421 1516.4457348404969 11.412918296322461 839.95971125983533 9.0229249449284925 14.303285873465937 5.567418398013614 25.075530084061029 30.662764479789985 10.196829662192611 99.727323982127714 117.97532834370756 3.0042381285020396 0.078983486469951458 0.45689431275240888 1936.4796278788344 12.770416923449373 12.217981035140838 2.6640280527062727 2.6712837829268308 0.14574628847185955 0.56110988080035895 186.2860684382008 4.3158686177339378 25.571498895382319 5.1586675271773865 42.637677141145105 13.324753181543199 345.33907834580396 34.964248934440548
leaf_count=2155115 2636734 4578 121 4131 92 121 191 649 399 147 3153 948 169 293 390 8048 166 473 216 11 363 194 1994 88 201 148 608 229 7494 412
internal_value=-0.000978801 0.00581963 0.0594976 0.134532 0.210737 1.34682 -0.0459041 0.157971 -0.0925321 0.653093 -0.109882 -0.512727 -0.795048 -4.16785 -13.505 0.197668 1.16979 -0.761234 -1.72024 -3.54738 -6.37499 -16.67 0.188098 0.215612 0.816831 4.14031 0.430631 0.990659 0.0934405 0.555089
internal_weight=676290 221142 5309 3101.24 2261.28 25.7162 2207.75 410.946 1796.81 40.8596 1755.95 239.503 121.528 3.54012 0.535878 2235.57 21.7933 117.987 18.2601 6.04217 3.37088 0.706856 2213.77 2027.49 91.0085 9.47454 81.5339 38.8963 405.379 60.0398
internal_count=4827876 2191142 36027 15947 11816 242 20080 8746 11334 546 10788 6210 5262 852 683 11574 258 4410 1257 784 773 557 11316 9322 1274 236 1038 430 8555 1061
cat_boundaries=0 1 2 3 4 5
cat_threshold=52 57 1 1 74
is_linear=0
shrinkage=0.08


Tree=55
num_leaves=31
num_cat=11
split_feature=47 37 44 39 41 3 37 4 11 3 2 46 44 37 6 2 3 4 11 19 1 4 37 5 4 19 18 41 6 6
split_gain=14424.4 4019.34 3645.82 3108.25 2535.92 5254.15 2492.99 2233.63 2174.83 2100.7 2018.73 1984.3 2040.07 1794.51 1629.96 1512.89 2167.39 2307.86 3216.16 10738.1 1496.65 1749.66 1897.96 2413.31 2858.74 2370.44 1980.01 4243.03 3307.2 4821.85
threshold=0 1 2 3 4 122.18500137329103 5 inf 4.5000000000000009 36.745000839233406 inf 6 7 8 9435.9252929687518 inf 267.39500427246099 inf 5.5000000000000009 1.0000000180025095e-35 3.5000000000000004 23.500000000000004 9 5.5000000000000009 22.500000000000004 196.05000305175784 2534.694946289063 10 701.22497558593761 729.04998779296886
decision_type=1 1 9 9 9 8 1 8 2 8 8 1 9 1 2 8 10 8 2 2 2 8 1 2 10 2 2 9 2 2
left_child=2 -2 3 -1 5 6 8 14 -3 -5 -8 12 -4 -13 -7 -6 -17 -18 19 -19 -15 22 -22 24 25 -24 27 28 -27 -30
right_child=1 4 11 9 15 7 10 -9 -10 -11 -12 13 -14 20 -16 16 17 18 -20 -21 21 -23 23 -25 -26 26 -28 -29 29 -31
leaf_value=0.053744432698862234 -0.0045344067578323719 -0.10642532443515224 0.050426915072877589 -0.043076333521828943 0.0004070139743903075 0.019553978530250052 -0.40662869539384394 -0.12080976106883563 0.24276598951329476 0.0090404791005606316 -0.051397636784992748 -0.053244290127167554 -0.093236527700427507 -0.023304794471408062 -0.022417243544021578 0.03321116404401523 0.032624741096660345 0.29258346678836938 -0.10823771964010831 2.3290929895103343 -0.061257059292865623 -0.035305396009010573 0.040867905745092907 -0.026547478117939078 1.7237577709740091 0.46368395319424244 0.070373825781896493 -0.089354066994910469 2.7918019737770061 0.63425562358629806
leaf_weight=7000.1580279534546 141950.08683346471 880.01876977194479 4018.2163606180293 7168.1331842920727 115082.00518360182 204192.21970857907 313.93910238538865 740.92545255069854 131.16435775690479 15994.417788856594 151.9355620781098 12860.83232419737 750.80947815006948 153992.07083979761 6098.6811841142189 4535.7594698215134 133.26674886007061 72.791894931731804 38.923497717861551 21.454478261104668 449.23783416598246 1439.8215506174233 415.04827185825388 446.94467875501141 7.7946575180394566 258.47397693945095 174.63661604467779 93.374122430104762 9.9426222359761613 19.89397403690964
leaf_count=23956 419794 2803 12186 60443 284043 675969 2191 2448 189 101069 505 398592 12526 2741708 21806 10555 196 279 214 206 4501 18904 7594 12613 72 5207 4624 2184 34 489
internal_value=-0.000930325 0.00673445 -0.018657 0.00702987 0.0115467 0.016795 -0.133563 0.0178482 -0.0605318 -0.00708815 -0.284667 -0.0230859 0.0278093 -0.0245123 0.0183368 0.00224264 0.0462371 0.267989 0.503524 0.75618 -0.0221585 0.0310231 0.0819477 0.1266 0.197798 0.185554 0.293497 0.395586 0.537111 1.35323
internal_weight=679443 474343 205100 30162.7 332393 212509 1477.06 211032 1011.18 23162.6 465.875 174937 4769.03 170168 210291 119884 4802.2 266.437 133.17 94.2464 157307 3315.17 1875.35 1426.11 979.164 971.37 556.321 381.685 288.311 29.8366
internal_count=4827900 1421198 3406702 185468 1001404 705911 5688 700223 2992 161512 2696 3221234 24712 3196522 697775 295493 11450 895 699 485 2797930 56222 37318 32817 20204 20132 12538 7914 5730 523
cat_boundaries=0 1 2 3 4 5 6 7 8 9 10 11
cat_threshold=4 4 1 1 38 40 2 2 18 4 34
is_linear=0
shrinkage=0.08


Tree=56
num_leaves=31
num_cat=9
split_feature=47 38 3 1 36 38 2 4 3 32 32 32 4 3 3 7 32 3 44 34 46 11 3 3 12 3 46 32 36 32
split_gain=8980.22 4100.79 3002.07 2949.91 2804.76 2424.92 8487.79 231908 1.43275e+06 6.8318e+06 1.40262e+07 244417 9360.57 12787.3 8096.42 5151.06 3506.86 5760.78 2337.5 2519.39 2172.52 2066.62 5029.9 6402.54 2195.71 1702.37 1698.01 2025.91 1596.29 1586.44
threshold=0 1 inf 1.0000000180025095e-35 2 3 2.5000000000000004 49.500000000000007 158.14499664306643 -0.15500000119209287 4.1649999618530282 -1.1050000190734861 53.500000000000007 194.62500000000003 377.11000061035162 750.00003051757824 88.08499908447267 341.26499938964849 4 5 6 32.500000000000007 161.87500000000003 141.10500335693362 3193.4150390625005 476.17500305175787 7 -15.574999809265135 8 -73.520000457763658
decision_type=1 1 8 2 9 1 8 8 10 8 10 10 10 10 10 2 10 10 9 1 1 2 10 10 2 8 1 10 9 10
left_child=1 20 5 -2 -4 6 -3 15 9 11 -11 -9 13 -10 -15 16 -8 -18 19 -7 25 26 23 -23 29 -1 -20 -28 -5 -24
right_child=3 2 4 28 -6 18 7 8 12 10 -12 -13 -14 14 -16 -17 17 -19 21 -21 -22 22 24 -25 -26 -27 27 -29 -30 -31
leaf_value=-0.037178027959985364 0.0012134274761441851 0.033289100799823258 0.0034293316290514818 0.022746950515243412 0.34003507344942313 -0.044180113376383147 -0.11634876980647157 110.43533123876284 -2.5036706896988252 257.62975120890059 3476.2401655474282 -1.7836663931987136 -0.2263532301895422 -43.492219218726412 -13.00711702535661 2.6453109264256405 -0.19452471553185927 4.2527912935019394 -0.016077496527097758 0.044358785367419315 0.035989084291323775 -0.09619882688007779 1.1543601585810039 1.2269924488413559 -0.045321544033315002 -0.0066098316026035079 0.11401406419274744 -0.015100128848399379 0.00017964959400542071 0.19246073392942722
leaf_weight=66019.645430660021 363583.50984790351 4268.6118909845463 335.83922940927857 74048.746102202524 299.11544096749151 2645.8575812134873 97.751625972785519 0.24835623800754547 0.36627719597891006 0.034050717240347139 0.011623155325651169 0.24850814098317642 1.9314256149809805 0.10137810558080673 0.12390075623989105 4.9821438891231073 4.4692444764077655 3.1979013234376907 98256.99649056932 9140.0635995776993 3146.3331866714288 41.17262351361569 11.477710366714744 54.229747953184415 570.42782663316757 14160.858744763609 1428.6550397338447 1707.1715474410289 27522.61631970985 249.78048476809636
leaf_count=1267939 1276835 28247 665 106873 162 17169 1946 169 119 447 352 224 49 335 115 148 172 85 1276574 32267 18646 647 81 228 8357 737346 2959 7246 39460 2721
internal_value=-0.00154045 -0.0156046 -0.00607979 0.00458071 0.167407 -0.00700999 0.0513245 0.734341 22.4387 140.38 1076.71 54.3087 -2.92312 -11.728 -26.7258 0.131672 0.0128758 1.66041 -0.00925393 0.0244826 -0.0292169 -0.0131408 0.10576 0.655945 0.0426479 -0.0317793 -0.014228 0.0437232 0.0166342 0.234719
internal_weight=667605 202450 119123 465155 634.955 118488 4382.08 113.466 3.06552 0.542538 0.0456739 0.496864 2.52298 0.591556 0.225279 110.401 105.419 7.66715 114106 11785.9 83326.8 102320 927.088 95.4024 831.686 80180.5 101393 3135.83 101571 261.258
internal_count=4828583 3405415 1381484 1423168 827 1380657 32408 4161 1810 1192 799 393 618 569 450 2351 2203 257 1348249 49436 2023931 1298813 12034 875 11159 2005285 1286779 10205 146333 2802
cat_boundaries=0 1 2 3 4 5 6 7 8 9
cat_threshold=4 44 128 128 1 48 1 1 128
is_linear=0
shrinkage=0.08


Tree=57
num_leaves=31
num_cat=10
split_feature=47 38 44 46 43 2 32 7 1 43 32 36 4 2 4 5 7 32 44 0 46 32 6 32 32 32 0 32 47 12
split_gain=11818.3 7734.05 3405.78 3631.84 4476.93 145041 829925 1.62155e+06 124692 3490.91 3249.31 2944.89 2834.75 15297.7 181051 1.52605e+06 2.99899e+06 8.74697e+06 399590 2.7485e+06 2.5996e+07 308934 1.50383e+06 4.12987e+06 6.65877e+06 97720.8 554629 21189.1 47084.1 111464
threshold=0 1 2 3 4 2.5000000000000004 31.085000038146976 18.750007629394535 1.5000000000000002 5 4.6150000095367441 6 10.500000000000002 2.5000000000000004 10.500000000000002 10.500000000000002 500.00001525878912 6.6949999332427987 7 1.5000000000000002 8 -1.8650000095367429 55.049999237060554 -2.5449999570846553 -2.2749999761581416 12.164999961853029 1.5000000000000002 -1.0249999761581419 9 179.9999923706055
decision_type=1 1 9 1 9 8 8 2 2 9 8 9 8 8 10 2 2 10 9 2 1 8 2 8 10 10 2 8 1 2
left_child=11 12 9 -4 5 -5 -7 8 -8 -3 -11 -1 -2 -14 15 18 -17 -18 19 20 -15 22 23 -20 -25 27 -27 28 -23 -30
right_child=1 2 3 4 -6 6 7 -9 -10 10 -12 -13 13 14 -16 16 17 -19 21 -21 -22 25 -24 24 -26 26 -28 -29 29 -31
leaf_value=0.012943444286643277 -0.0054083457356653474 0.40228035321999522 0.045036120091728894 -0.1158770354646145 -0.025449082889196215 -0.29513556283576409 -294.34369295799212 -3.8276194903972085 -152.99548721273186 -0.019285857980549104 0.027032366520345436 -0.0045083349067576058 0.017005611155653768 -4.004817852115603 0.022122469452402031 -4.6639752159912389 1219.9045783443671 -1.5669852962641324 10.331223105476861 -1.4413722467086021 3004.7986926379626 -1.0394750081291242 -3.4225262901061111 -5.4753252004983812 1433.4659349011597 180.32678619053033 -6.7547850211273639 0.4706353787864091 42.546700006199345 -0.27540335831160639
leaf_weight=255747.49326816684 49093.2498826917 128.47313278820366 4729.7328196490207 261.72465570172255 196445.72429083902 3.84001725539565 0.1875892225652932 0.4275102368555963 0.050748489797115326 23391.396685001419 16552.385702123931 81633.861414237763 39893.162717657717 0.16393515315207496 580.78741049824293 0.28849269200742633 0.057474575851909071 0.10807337432197528 0.2051941379904747 1.0483473028093508 0.020698456093673268 2.1368930302232911 1.0738141560684729 0.043172348290681839 0.039334297180175892 0.12920072674751182 0.47166212275624275 41.171171085259239 0.6536767468787732 0.96087664738297462
leaf_count=281594 381322 687 24891 5756 3540708 159 946 82 144 154840 78507 103257 240961 34 6510 107 215 75 319 85 1034 563 440 52 251 615 338 6757 190 89
internal_value=-0.00181683 -0.0125536 -0.0200007 -0.0242387 -0.0259044 -0.347817 -14.592 -97.0437 -264.247 0.00129846 -9.19312e-05 0.00872101 0.00751766 0.0231794 0.41452 5.10651 151.085 422.501 3.72906 48.6845 333.299 2.54682 40.0971 202.53 680.527 1.42377 33.4725 0.995101 6.75097 17.0618
internal_weight=668511 331130 241514 201442 196712 266.231 4.50587 0.665848 0.238338 40072.3 39943.8 337381 89615.8 40522.5 629.359 48.572 0.454041 0.165548 48.118 1.23298 0.184634 46.885 1.36151 0.287701 0.0825066 45.5235 0.600863 44.9226 3.75145 1.61455
internal_count=4831528 4446677 3806720 3572686 3547795 7087 1331 1172 1090 234034 233347 384851 639957 258635 17674 11164 397 290 10767 1153 1068 9614 1062 622 303 8552 953 7599 842 279
cat_boundaries=0 1 2 3 4 5 6 7 8 9 10
cat_threshold=2 658 1 2 2 2 129 1 2 4
is_linear=0
shrinkage=0.08


Tree=58
num_leaves=31
num_cat=14
split_feature=47 31 37 3 19 3 13 27 8 17 42 34 3 3 36 37 44 18 17 13 36 34 40 37 34 19 4 36 3 44
split_gain=8255.03 4133.91 3527.32 3105.74 8398.87 4239.85 5558.18 2934.68 2854.89 4492.43 2813.29 3792.92 3292.65 2698.12 3349.75 2624.72 3292.39 8039.97 12296.8 3575.83 2057.02 2163.06 2110.96 2294.17 2034.21 1999.54 1853.29 5058.8 3809.52 1951.9
threshold=0 1.0000000180025095e-35 1 125.85499954223634 1.0000000180025095e-35 118.47000122070314 145.19997406005862 7.5000000000000009 2.5000000000000004 14.500000000000002 2 3 48.914999008178718 24.724999427795414 4 5 6 388.81500244140631 5.5000000000000009 590.47500610351574 7 8 9 10 11 12.625000000000002 1.0000000180025095e-35 12 161.87500000000003 13
decision_type=1 10 1 10 2 10 2 8 2 2 9 1 10 10 9 1 9 2 2 2 9 1 1 1 1 2 8 9 8 9
left_child=20 2 -2 4 -3 15 -7 8 -4 -10 11 -9 24 14 -12 -6 17 25 -19 -20 21 -1 -22 -24 -13 -17 29 -28 -29 -14
right_child=1 3 7 -5 5 6 -8 10 9 -11 13 12 26 -15 -16 16 -18 18 19 -21 22 -23 23 -25 -26 -27 27 28 -30 -31
leaf_value=0.0049461095488828816 -0.044702698254164702 0.011144172040597696 0.10416760341015464 0.019157543881542279 0.15775780830680128 2.8861305159951725 0.55252949398940443 -0.025480737655949947 1.9329877333349288 0.26903311683861342 0.0027854627859912446 0.15948998267836492 0.038819441019968606 -0.021338368288718851 0.1521691515449474 1.0782616294337128 0.37457692491752148 4.4414056080976723 -0.19800805507478142 2.3273052045352189 -0.029149329079746336 0.019808290675562463 0.057669641717362052 -0.00059483129351105485 -0.18036737208408302 -0.19212528571810703 0.0038748890839912387 0.13267198663280835 0.023927225231416039 -0.0095146311683462197
leaf_weight=136096.33571345679 18776.254324186564 1236.1051572719243 735.81101473973831 6140.6425695342296 362.31846096941081 9.520142637576102 20.812793966807249 33422.300052551589 14.136883892118929 39.120513137429953 18578.761419168877 1225.4144060956162 5868.7386344527713 129879.64606459439 1003.1608980112942 12.27369724906748 233.57622317818459 9.3058806062890671 9.5305192342823357 5.7559370778872099 15687.888343844606 116197.0431158779 4636.5838820895297 62519.308254996853 117.51017751195536 22.402269080594124 42311.133158294695 3697.8260502823323 4659.8580172765796 60176.06705738436
leaf_count=162713 516812 3617 6719 31185 1501 133 181 836067 47 326 119951 1835 22906 1403454 5477 13 417 156 165 104 24208 118806 3002 75894 670 468 385475 34375 33365 1037657
internal_value=-0.000633741 -0.00964448 -0.0110677 0.0469335 0.135694 0.360286 1.28494 -0.00897284 0.145106 0.710721 -0.00937713 -0.00169312 0.00504284 -0.0171636 0.0105174 0.317476 0.492868 1.04221 2.14863 0.752869 0.00820037 0.0117916 -0.00273748 0.00343586 0.129596 0.257533 0.00361015 0.0151195 0.0719548 -0.00521967
internal_weight=663705 328568 320506 8062.24 1921.6 685.496 30.3329 301729 789.068 53.2574 300940 151479 118057 149462 19581.9 655.163 292.845 59.2683 24.5923 15.2865 335137 252293 82843.8 67155.9 1342.92 34.676 116714 50668.8 8357.68 66044.8
internal_count=4827699 4443076 4405136 37940 6755 3138 314 3888324 7092 373 3881232 2352350 1516283 1528882 125428 2824 1323 906 425 269 384623 281519 103104 78896 2505 481 1513778 453215 67740 1060563
cat_boundaries=0 1 2 3 4 5 6 7 8 9 10 11 12 13 14
cat_threshold=2 16 25 96 128 33 2 129 99 4 16 7 169 1
is_linear=0
shrinkage=0.08


Tree=59
num_leaves=31
num_cat=13
split_feature=2 31 19 41 5 34 38 5 12 14 7 37 41 34 19 12 38 42 37 41 35 46 23 5 18 19 23 45 18 12
split_gain=2013.82 8554.11 10631.3 13860.7 32489.4 5342.35 7569.78 7574.76 38028.2 73673.2 193445 7129.19 11765.6 9482.66 6547.84 7643.65 2759.19 2552.46 2539.78 2685.59 2465.07 2392.81 4127.09 15671.7 38973.7 6188.54 14048 2898.24 8884.89 73436.6
threshold=inf inf 387.30000305175787 0 3.5000000000000004 1 2 18.500000000000004 20696.294921875004 2.5000000000000004 1214.6250000000002 3 4 5 8383.3750000000018 1371.549987792969 6 7 8 9 10 11 1.5000000000000002 1.5000000000000002 950.32501220703136 37.520000457763679 3.5000000000000004 12 2310.150024414063 871.76504516601574
decision_type=8 8 2 9 2 1 1 2 2 2 2 1 9 1 2 2 1 9 1 9 1 1 2 2 2 2 2 9 2 2
left_child=-1 5 17 -4 -5 6 11 16 9 10 -9 12 13 -2 -7 -16 18 -3 21 20 -20 22 27 25 -25 26 -24 28 -8 -30
right_child=1 2 3 4 -6 14 7 8 -10 -11 -12 -13 -14 -15 15 -17 -18 -19 19 -21 -22 -23 23 24 -26 -27 -28 -29 29 -31
leaf_value=-0.0022972548691647223 3.2850768608523198 -0.18041697099394316 -0.0088402736374943534 0.91722328586879254 7.4472844240086138 0.024143302173152793 0.35260701267081962 -0.96408341060560565 0.0035800455761594791 -0.13597088470450638 47.298930810019883 0.20832688268466318 -0.10976397039427457 0.33705543666746951 0.011812876254938353 3.2382447025818331 0.021312368695258578 -0.042641823146399381 0.65439214527136269 -0.03389117167925542 0.13558032425333127 0.0039893120294133329 3.6524785410756038 -0.25535788274302079 9.3567185384881046 0.14603472961058242 -0.052324855845331565 0.0049199526285939408 19.442526975711882 -0.30435097032806224
leaf_weight=644133.68676057819 19.677936952593882 1241.063878870634 57.785256289481595 14.405383772013012 7.3715612748362664 6437.6469754661903 247.099300705812 1.3021732363417293 23.507610227567717 3.3244642760112129 0.89807164200109557 134.00745093537904 32.329765944651342 25.867357384832744 10.079761391098147 8.8037762669846398 1302.1801748032333 2827.03144068449 69.220460485124079 508.65018260080927 301.38731592302383 142.33342549249869 11.544252094274272 6.6667745666873071 4.5369407759280875 81.180248366868909 15.142325906082986 184.8711326164042 1.4425830151885728 7.3277977553661913
leaf_count=4755013 120 5813 206 97 201 37991 2069 81 197 77 177 675 260 116 78 162 7075 8108 207 3833 657 283 100 119 138 924 143 1745 122 741
internal_value=-0.00165107 0.0286674 -0.0673097 0.848541 2.14341 0.0702161 0.155907 0.121039 1.40721 7.37965 18.7354 0.60815 1.19416 1.97287 0.0284625 1.51602 0.10851 -0.0852215 0.179044 0.0860061 0.247129 0.292706 0.371342 0.78925 3.63705 0.49346 1.55032 0.25844 0.424818 2.94368
internal_weight=657862 13728.7 4147.66 79.5622 21.7769 9581.03 3124.5 2912.62 29.0323 5.52471 2.20024 211.883 77.8751 45.5453 6456.53 18.8835 2883.58 4068.1 1581.4 879.258 370.608 702.145 559.811 119.071 11.2037 107.867 26.6866 440.741 255.87 8.77038
internal_count=4827528 72515 14425 504 298 58090 19859 18688 532 335 258 1171 496 236 38231 240 18156 13921 11081 4697 864 6384 6101 1424 257 1167 243 4677 2932 863
cat_boundaries=0 1 2 3 4 5 6 7 8 9 10 11 12 13
cat_threshold=19 56 1 33 16 32 680 41 33 16 1 1 38
is_linear=0
shrinkage=0.08


Tree=60
num_leaves=31
num_cat=9
split_feature=47 45 0 31 34 37 18 3 17 3 18 33 20 19 9 19 42 41 40 37 5 20 3 31 3 3 3 7 39 4
split_gain=8898.74 3073.25 2968.62 2499.38 2433.7 2279.31 2070.29 4770.85 2621.85 4102.92 10725.1 3285.66 2677.6 2508.54 3770.83 3879.71 2062.38 4396 7737.98 6310.89 5808.43 20473.1 2961.81 12808.3 7850.54 4500.23 2535.11 2230.96 2022.63 1877.64
threshold=0 1 1.5000000000000002 1.0000000180025095e-35 2 3 4047.0000000000005 86.245002746582045 16.500000000000004 783.86001586914074 4296.0852050781259 1.0000000180025095e-35 1.5000000000000002 387.30000305175787 1.0000000180025095e-35 375.75500488281256 4 5 6 7 5.5000000000000009 1.0000000180025095e-35 146.129997253418 inf 137.129997253418 154.09500122070315 137.129997253418 34.074996948242195 8 1.0000000180025095e-35
decision_type=1 9 2 10 1 1 2 8 2 10 2 2 2 2 2 2 9 9 1 1 2 2 10 8 10 10 10 2 9 8
left_child=1 3 -2 4 -1 -3 -6 -8 9 11 -11 13 -13 14 15 28 -7 18 19 26 22 -22 23 -21 -25 27 -18 29 -9 -24
right_child=2 5 -4 -5 6 16 7 8 -10 10 -12 12 -14 -15 -16 -17 17 -19 -20 20 21 -23 25 24 -26 -27 -28 -29 -30 -31
leaf_value=0.033203398274351877 0.00038414348382546037 -0.05043499726692726 0.014467017152260855 0.084770685140811541 -0.030350238929271522 -0.029420807632949412 1.245996026364752 1.2580643531690578 -0.044870505716984289 3.5937276657342228 0.31200450679102071 1.5762260688904919 -0.10302371347589817 -0.040776276782699572 2.1726911076379434 2.1592435181712037 -1.6321015876813314 -0.011719722232712931 -0.14545921054809025 0.44046573252691934 5.0797134435383313 -0.22830234446610104 0.37100481349622194 -9.5885417369302974 -0.9000613562562092 0.26586574802505797 -0.06803720290772132 0.25479723279315425 0.13313121237029343 1.1437099906414545
leaf_weight=9388.214973030008 326516.81907046452 14357.525704038653 135572.78336988483 2536.63359183586 12957.746682616184 55295.815838647904 21.399160015862435 10.542978213168681 1001.5604152660817 7.7757897372357538 35.341285233618692 17.144549717660997 9.4139563180506212 490.83294380060397 6.3216811625752589 6.3658952640835187 6.9921344258095237 96015.673047368749 326.30738569182222 11.862077370909429 7.6254992028019073 11.920064199715851 25.629169852481823 1.4776174545443308 1.211075549945235 255.83068714718539 128.89094110439314 35.419252560495806 343.70961923804134 93.736818851313643
leaf_count=72902 1133642 395004 289018 4958 229826 822256 49 132 36218 59 810 203 234 12080 141 130 488 1815005 4594 856 121 169 156 220 23 1223 1575 78 5382 998
internal_value=-0.00151444 -0.0159221 0.00451593 0.00920351 0.0013178 -0.0199688 -0.0187714 0.0580575 0.0448792 0.141801 0.903835 0.104647 0.980997 0.0775129 0.235741 0.201786 -0.0170921 -0.010056 0.16429 0.337891 0.483247 1.84257 0.432123 -0.689544 -5.67497 0.471871 -0.138339 0.812358 0.166611 0.977802
internal_weight=655499 193409 462090 26833 24296.4 166576 14908.2 1950.41 1929.01 927.449 43.1171 884.332 26.5585 857.773 366.94 360.618 152218 96922.6 906.903 580.595 444.712 19.5456 425.167 14.5508 2.68869 410.616 135.883 154.785 354.253 119.366
internal_count=4828550 3405890 1422660 363124 358166 3042766 285264 55438 55389 19171 869 18302 437 17865 5785 5644 2647762 1825506 10501 5907 3844 290 3554 1099 243 2455 2063 1232 5514 1154
cat_boundaries=0 1 2 3 4 5 6 7 8 9
cat_threshold=4 10 6 18 34 16 8 1 1
is_linear=0
shrinkage=0.08


Tree=61
num_leaves=31
num_cat=14
split_feature=47 37 44 45 42 46 48 34 45 14 12 17 37 21 17 25 22 23 7 37 44 45 23 23 17 19 22 7 0 43
split_gain=7925.83 3400.91 3031.4 3474.81 2973.55 2123.85 1887.02 1943.82 1835.83 3162.52 2342.5 2367.92 1850.13 1829.21 2458.9 1806.27 2321.07 1801.27 2262.07 1680.07 2368.82 1713.75 1648.43 1555.46 2534.79 1519.3 1496.18 1432.59 1369.09 1342.1
threshold=0 1 2 3 4 5 6 7 8 1.0000000180025095e-35 1669.0250244140627 84.500000000000014 9 1.0000000180025095e-35 15.500000000000002 8.5000000000000018 1.0000000180025095e-35 4.5000000000000009 1.0000000180025095e-35 10 11 12 4.5000000000000009 6.5000000000000009 8.5000000000000018 2393.0749511718755 6.5000000000000009 8.3500032424926776 4.5000000000000009 13
decision_type=1 1 9 9 9 1 9 1 9 2 2 2 1 2 2 8 2 2 2 1 9 9 2 2 2 2 2 2 2 9
left_child=19 26 8 4 -4 -6 13 -8 9 -3 -11 22 -10 28 15 16 -15 18 -17 -1 21 -21 -12 24 -19 -25 -2 -20 -7 -23
right_child=1 2 3 -5 5 6 7 -9 12 10 11 -13 -14 14 -16 17 -18 23 27 20 -22 29 -24 25 -26 -27 -28 -29 -30 -31
leaf_value=0.026846778552098442 -0.04393666990296529 0.045347074377922979 0.026557385609939702 -0.034824489936247309 0.03736938937360651 -0.013178665018397411 0.22961900614178887 0.0063857537165813603 0.049780378364396444 0.65018007233398867 0.053937548304093141 1.4028148658841346 0.0012539247073984577 -0.098930077400273722 -0.019821953552987874 -0.074377637194458224 1.0998942142483148 0.39953588439839921 0.51132577505265853 -0.052751532948161914 0.0080281284151869463 0.05312481068002315 0.96737586934549191 -0.094554293486594984 -0.099461623215257089 0.66790985689139459 0.66984625200994574 0.066227750594297877 0.67010474141139287 -0.016429780721871338
leaf_weight=27722.81715524356 18190.334533527937 1772.5041773764942 15565.555980218494 33349.279369545868 5977.6139922809316 198515.9784239468 409.13734897057191 630.26266864669844 5966.698022521201 96.356894768774509 187.60703997334349 9.5804231511428934 31706.549259311505 18.093502177856863 4214.4135277267906 848.38067266332564 24.108229828998446 290.22189839161024 46.986104077659547 7025.390598442973 288989.55255787872 2232.1870890010341 13.558027004823087 146.15805019939216 84.011148844841728 18.887009059544653 18.814024000428617 3078.8594610413666 18.769403643440455 8520.0133216806298
leaf_count=27508 521788 12198 235998 568383 23035 2775462 3055 6032 11982 280 2362 46 139944 353 80374 14874 123 2075 362 13892 328175 2051 36 2452 1571 89 186 39857 25 13161
internal_value=-0.000629493 -0.00960519 -0.007586 -0.0106959 -0.00719377 -0.00964614 -0.0109955 0.0965273 0.0130052 0.0859978 0.323422 0.174022 0.00895073 -0.0115346 0.02422 0.0649625 0.585912 0.0600916 0.0414749 0.00798955 0.00628432 -0.0220591 0.115501 0.197288 0.287517 -0.00730135 -0.0431755 0.0729182 -0.0131141 -0.00195411
internal_weight=655689 321199 302990 263237 229887 214322 208344 1039.4 39752.9 2079.61 307.102 210.745 37673.2 207305 8770.12 4555.71 42.2017 4513.5 3974.23 334490 306767 17777.6 201.165 539.278 374.233 165.045 18209.1 3125.85 198535 10752.2
internal_count=4827729 4442942 3920968 3754120 3185737 2949739 2926704 9087 166848 14922 2724 2444 151926 2917617 142130 61756 476 61280 55093 384787 357279 29104 2398 6187 3646 2541 521974 40219 2775487 15212
cat_boundaries=0 1 2 3 4 5 6 7 8 9 10 11 12 13 14
cat_threshold=2 16 1 13 1 2 1 49 2 6 16 1 12 40
is_linear=0
shrinkage=0.08


Tree=62
num_leaves=31
num_cat=8
split_feature=47 38 2 4 4 18 13 7 12 21 7 18 10 4 44 38 43 12 0 6 6 4 7 18 18 42 41 18 48 2
split_gain=6410.02 4253.66 5454.39 542847 836099 888255 281844 454595 217864 45043 12943.2 2548.1 2067.19 5770.29 2004.82 2671.79 15802.3 141958 278075 2839.28 3595.82 2615.28 2907.56 2862.09 1849.98 1843.43 2273.3 2062.32 1934.54 1837.51
threshold=0 1 2.5000000000000004 56.500000000000007 inf 190.8850021362305 230.22500610351565 71.250007629394545 2348.9501953125005 1.0000000180025095e-35 132.00000762939456 1009.550018310547 1.0000000180025095e-35 15.500000000000002 2 3 4 23.000003814697269 1.5000000000000002 462.50001525878912 2214.3498535156255 69.500000000000014 500.00001525878912 15790.479980468752 4296.0852050781259 5 6 18548.399414062504 7 inf
decision_type=1 1 8 8 8 2 2 2 2 2 2 2 2 8 9 1 9 2 2 2 2 10 2 2 2 9 9 2 9 8
left_child=1 2 24 12 -5 -6 10 -8 9 -9 -7 -2 -4 -14 -3 16 17 18 -16 21 -21 25 23 -23 -1 26 27 -17 -28 -13
right_child=11 14 3 4 5 6 7 8 -10 -11 -12 29 13 -15 15 19 -18 -19 -20 20 -22 22 -24 -25 -26 -27 28 -29 -30 -31
leaf_value=0.015559740443485487 0.0010739977094715056 0.0030959284921926802 -0.078615631777670877 -0.44114699235841964 117.91349688732404 -25.704387182200673 335.44760072883679 -131.05626441452191 114.09928575907891 -11.800094376268964 -4.2272226769763321 0.014446327719323556 -0.2783764802102317 1.7470520314979203 -120.44511222438075 -0.029506973487857531 -0.032464406354044982 -0.30610813856339042 -15.236534022322475 0.040350666433177737 -0.047603440514471337 0.13809210034698688 1.7594490809918466 1.6585065775941001 0.18082675919475852 -0.030233192922209776 0.014758581008081308 0.49112078176701629 0.325261806345094 0.09716598725821643
leaf_weight=12378.975498136671 365726.01391958253 27435.005225586083 347.1962263515353 3.0212547325063794 1.0348518219814629 0.30662466637789509 0.038790080696344376 0.02626467146910727 0.12308380007743835 0.088802721502121429 0.43344137072563171 89134.73492546026 22.053591535830378 15.211196502794335 0.19876801862274274 13510.45717093366 62251.369656404095 2.5662419915315695 0.84133925081015204 12215.500844529312 3932.5476670929584 250.0777818756178 7.7443029666319481 8.1831840211525542 449.21725703310221 40621.748334991134 15145.328524254208 48.870746367610991 129.51626878185198 1752.4584690367192
leaf_count=90083 1136328 183004 6122 96 2658 503 179 618 127 46 115 279618 479 68 429 185541 1918020 89 250 168843 63170 3566 84 103 2069 555368 223117 270 504 6104
internal_value=-0.00107318 -0.0134728 0.0302793 0.325216 26.3235 65.733 12.637 81.4822 40.1163 -39.0209 -13.1257 0.00405319 -0.0178419 0.548388 -0.0167676 -0.0204477 -0.0330655 -2.75939 -35.3422 -0.0112948 0.0189311 -0.0182969 0.232068 0.186268 0.0213471 -0.0192558 -0.00377896 -0.0276102 0.01738 0.0160413
internal_weight=645391 188778 13217.7 389.534 5.07311 2.05186 1.01701 0.276941 0.238151 0.115067 0.740066 456613 384.461 37.2648 175560 148125 62255 3.60635 1.04011 85870 16148 69721.9 266.005 258.261 12828.2 69455.9 28834.2 13559.3 15274.8 90887.2
internal_count=4827571 3405521 103163 11011 4342 4246 1588 970 791 664 618 1422050 6669 547 3302358 3119354 1918788 768 679 1200566 232013 968553 3753 3669 92152 964800 409432 185811 223621 285722
cat_boundaries=0 1 2 3 4 5 6 7 8
cat_threshold=4 640 1 45 2 11 19 1
is_linear=0
shrinkage=0.08


Tree=63
num_leaves=31
num_cat=10
split_feature=47 32 2 40 47 19 4 47 19 7 4 46 47 1 44 19 19 5 23 7 39 0 39 0 39 7 32 1 32 32
split_gain=4909.01 4241.2 3232.81 53670.1 645391 29173.9 181619 149339 190340 250255 143884 508377 75694.7 112367 97708.9 61320.9 102722 49990.2 29251.8 102898 24902.9 15616.7 35493.5 10101.6 6321.72 4400.46 3530.67 2883.84 5763.9 3084.01
threshold=0 -3.0749999284744258 2.5000000000000004 1 2 55.024999618530281 inf 3 165.0100021362305 314.65499877929693 inf 4 5 1.5000000000000002 6 142.76499938964847 102.52500152587892 1.0000000180025095e-35 1.0000000180025095e-35 269.96501159667974 7 1.5000000000000002 8 1.5000000000000002 9 18.750007629394535 -73.520000457763658 4.5000000000000009 -6.2950000762939444 -9.5349998474121076
decision_type=1 10 8 1 1 2 8 1 2 2 8 1 1 2 9 2 2 2 2 2 9 2 9 2 9 2 8 2 10 10
left_child=-1 2 -2 4 -4 10 27 8 -8 -10 26 -12 13 14 -13 16 -9 20 -17 -20 -16 -22 -23 25 -15 -14 -5 29 -29 -7
right_child=1 -3 3 5 -6 6 7 15 9 -11 11 12 23 24 17 18 -18 -19 19 -21 21 22 -24 -25 -26 -27 -28 28 -30 -31
leaf_value=0.0065587061165731922 0.0074352690595660478 -0.014208124452543863 -2.922996970187417 -1.297027769669 -83.936822935593469 0.18135642233550361 4.0859908022489657 44.578634735384561 63.054606501698764 14.732598143023301 40.617169017769363 -3.4725959746206292 -7.7739868872449227 -0.90389283564752976 -8.2142490150779484 -0.49270783422604875 -1.5297031904752587 -11.782115025420039 -1.4389555807234167 31.605881740021015 -36.028911164778187 -30.216931577109531 -73.298708273669234 1.8553906179707971 -8.3233725925042297 -2.7598229556450899 -0.19669925436691882 -0.10378942656527394 4.123947819880593 -0.047250865917356347
leaf_weight=328914.09043897816 109051.72886334261 205661.00443329717 5.6051968755200505 18.896176739251711 0.70893639462945568 914.81483648064375 2.8965967993749775 0.58634122065271721 1.1044098306052528 1.8101696351295684 1.3308172703890193 0.98707094788551331 8.8724215935194177 1.2618636507540941 0.17718089371919632 9.6152786599280535 0.65430495282635093 0.61539770290255535 1.9527757607284013 0.87256285469629791 1.912451437674352 0.24160252884030342 0.24803717760369171 0.86700378358364183 1.7601766927400604 1.2820204803309145 1515.5718258196218 5.2745081102475524 3.3905514273792488 643.21882422268902
leaf_count=384116 1464047 2913112 269 430 769 17720 147 144 145 145 132 53 1443 32 24 573 77 148 223 104 1313 127 302 461 276 69 23764 167 92 17070
internal_value=-0.000292819 -0.00738263 0.00512859 -0.0748157 -4.65179 -0.0506378 0.190557 7.86511 18.6093 33.0431 -0.297151 -7.11593 -10.6014 -16.9786 -25.4723 3.30145 20.2615 -32.2697 1.6101 8.76644 -37.1579 -39.2928 -52.0409 -6.43324 -5.22534 -7.14094 -0.210249 0.0950725 1.55048 0.0869782
internal_weight=646773 317859 112198 3146.53 6.31413 3140.22 1586.19 19.4924 5.81118 2.91458 1554.02 19.556 18.2252 7.20378 4.18174 13.6813 1.24065 3.19467 12.4406 2.82534 2.57927 2.40209 0.48964 11.0214 3.02204 10.1544 1534.47 1566.7 8.66506 1558.03
internal_count=4827494 4443378 1530266 66219 1038 65181 36607 1558 437 290 28574 4380 4248 2275 1967 1121 221 1914 900 327 1766 1742 429 1973 308 1512 24194 35049 259 34790
cat_boundaries=0 1 2 3 4 5 6 7 8 9 10
cat_threshold=2 1 4 1 2 4 1 2 1 2
is_linear=0
shrinkage=0.08


Tree=64
num_leaves=31
num_cat=14
split_feature=47 48 1 44 34 43 3 32 37 27 36 3 34 1 3 44 45 4 3 3 36 34 5 11 11 4 36 32 4 37
split_gain=5603.76 2545.28 2540.13 1958.7 2806.53 3049.39 2539.17 1807.61 1792.71 1685.65 1522.55 1502.26 1446.05 1398.71 1388.34 1381.18 1699.11 2402.09 2213.25 2113.37 2982.13 1874.54 1271.91 2643.75 4264.72 1657.75 2203.91 4363.24 4048.97 2826.44
threshold=0 1 1.0000000180025095e-35 2 3 4 18.32499980926514 -5.0450000762939444 5 1.0000000180025095e-35 6 103.92499923706056 7 1.0000000180025095e-35 9.9849996566772479 8 9 32.500000000000007 118.47000122070314 502.63500976562506 10 11 1.0000000180025095e-35 51.500000000000007 53.500000000000007 1.5000000000000002 12 9.2449998855590838 2.5000000000000004 13
decision_type=1 9 2 9 1 9 8 10 1 8 9 10 1 2 10 9 9 8 10 10 9 1 2 2 2 8 9 8 10 1
left_child=3 2 8 4 -1 7 -7 -6 -2 12 14 -8 -5 -3 -4 -10 18 -18 -17 20 21 -20 23 -11 -25 -24 27 -27 29 -28
right_child=1 13 10 9 5 6 11 -9 15 22 -12 -13 -14 -15 -16 16 17 -19 19 -21 -22 -23 25 24 -26 26 28 -29 -30 -31
leaf_value=-0.01805984305531402 -0.007167522452198356 0.18304651218726609 -0.068525294316240853 0.32642480832623649 0.91314362632556501 -0.054248255200975669 0.080950520164907142 0.18644574644717529 0.0074113205324747864 -0.023406888110000038 -0.00039452761845086738 0.02254230727302307 -0.10173764764712293 -0.18711618473226677 0.023151853929411669 0.0074833067926819551 0.043937326507854639 -0.014105420705760872 -0.21319554657483314 0.046207380608631235 0.043880801102834155 -0.084357541088828453 -0.017844848325884451 3.1241154337513559 -0.11785304411554942 -0.024763494891361641 0.073722195222635747 0.055016755844822657 -0.017359907555741249 0.27742349542952499
leaf_weight=14292.775925698723 111456.20673569289 709.01995425975474 1073.1394225935946 156.29485189821571 41.680292327807138 2037.9952980391672 4220.0555812474267 46.176537049235776 214038.20468635845 74657.621623769926 27301.13151049045 8484.113921184995 71.254730266518891 71.962091946785222 71126.306162831752 4560.0666699669855 6434.9225197379747 15688.670273455788 901.72691255634254 941.65951387822315 980.60228432362965 3839.2699951544973 50228.568359498422 4.4576210421510023 6.2211766326799989 18715.581903906794 3295.0277273012252 5730.7095742395104 3559.6154398220456 498.74176372019474
leaf_count=124971 381850 2790 2602 241 63 17724 14527 143 799727 1233786 39192 28298 802 439 103753 8347 24262 38490 4361 3148 1584 12202 1508833 29 212 299739 48187 89406 30892 7213
internal_value=-0.000107865 0.00463826 0.00439239 -0.0118203 0.00723396 0.0316023 0.028627 0.476916 0.00125632 -0.0153564 0.0157024 0.0419443 0.202224 0.148939 0.0217862 0.00505166 -0.0100923 0.00277578 -0.0354291 -0.0648498 -0.0831276 -0.109259 -0.0156724 -0.0232269 1.23543 -0.00879579 0.00549748 -0.0060589 0.0438652 0.101427
internal_weight=645170 459123 458342 186047 29122.8 14830 14742.2 87.8568 358841 156924 99500.6 12704.2 227.55 780.982 72199.4 247385 33346.9 22123.6 11223.3 6663.26 5721.6 4741 156697 74668.3 10.6788 82028.2 31799.7 24446.3 7353.38 3793.77
internal_count=4827813 1422747 1419518 3405066 185726 60755 60549 206 1273971 3219340 145547 42825 1043 3229 106355 892121 92394 62752 29642 21295 18147 16563 3218297 1234027 241 1984270 475437 389145 86292 55400
cat_boundaries=0 1 2 3 4 5 6 7 8 9 10 11 12 13 14
cat_threshold=4 1 1 113 2 4 128 16 2 13 128 64 161 60
is_linear=0
shrinkage=0.08


Tree=65
num_leaves=31
num_cat=7
split_feature=47 38 2 34 18 32 32 40 44 18 18 11 32 7 17 22 11 6 32 13 43 38 32 32 11 32 32 32 32 32
split_gain=5004.49 5129.41 4857.58 55670.3 86906 189797 38399.5 16082.1 612218 3.4621e+06 110709 40374.3 17092 35835.5 6003.81 12483.2 5283.66 3463.85 15359.2 3462.09 5322.62 10561.7 67282 324674 22626.3 13662.1 48911.8 9782.74 38706 59932
threshold=0 1 2.5000000000000004 2 400.02499389648443 -0.84499999880790699 88.08499908447267 3 4 155.05000305175784 1376.0250244140627 10.500000000000002 4.3550000190734872 51.274999618530281 33.500000000000007 1.0000000180025095e-35 9.5000000000000018 3723.9250488281255 -6.7049999237060538 34.32500076293946 5 6 -2.2749999761581416 -1.8650000095367429 1.0000000180025095e-35 5.6250000000000009 4.6150000095367441 -0.10500000044703482 0.49500000476837164 0.25499999523162847
decision_type=1 1 8 1 2 8 8 1 9 2 2 2 8 2 2 2 2 2 10 2 9 1 10 10 2 10 8 8 10 10
left_child=-1 2 -2 4 5 -4 -7 14 10 -10 11 12 -9 -14 17 -16 -12 19 -19 20 -5 -22 -23 -24 25 26 27 -25 29 -29
right_child=1 -3 3 7 -6 6 -8 8 9 -11 16 -13 13 -15 15 -17 -18 18 -20 -21 21 22 23 24 -26 -27 -28 28 -30 -31
leaf_value=0.0053820949080557543 0.0083138982507857968 -0.013732846403103158 33.657247132462373 0.020580310829980578 -0.35095156693813784 -0.6070625535904316 13.802357123285297 -0.80868470467112386 537.75551545562655 -2.547453596574996 33.879076360218527 16.834704771858181 -36.974815055203344 -3.1491154170190185 2.940079672187625 -0.16697040364907234 21.923727965611352 4.4203944912278779 -0.16117920317030207 -0.11291501266123499 0.092741398345494608 -0.15903359200579195 57.379222706796071 -0.12218015674278201 15.682897504152006 -0.22329807729267903 29.376842580520314 52.011590077001806 3.0045005069909156 -0.09162165266384506
leaf_weight=324869.31215033797 57085.221428953075 253795.22461793671 2.0611642319709063 846.05111713109102 5.273076418787241 3.1325483620166779 1.9024548940360544 18.639104709178344 0.090697592096454449 0.46523163944554691 0.41260598553344485 0.8100144611671557 0.26040330993385374 0.87058529519680927 14.045363400131462 20.146294893343111 0.5545811229121187 6.2202579332515624 18.948276704755017 696.69931382886261 167.28572789647296 43.693968288600473 0.74623733386396907 3.3410678617656231 0.90591190382838327 6.1930324491113433 0.48476014612242302 0.27437088638394147 4.599687141366303 0.29129314795136452
leaf_count=383085 373972 4034567 148 9369 235 302 91 2471 766 244 95 73 469 189 132 316 141 96 309 11669 1456 604 182 876 152 714 79 308 571 73
internal_value=-0.00157186 -0.0087954 0.012462 0.139537 4.10739 13.2085 4.83748 0.0903707 1.86643 85.6008 0.572251 -0.670878 -1.38811 -10.9373 0.0588907 1.10935 27.0239 0.0392173 0.97113 0.0259702 0.116076 0.450062 1.28441 5.79335 3.40087 2.66811 4.65968 3.25111 5.43304 25.1806
internal_weight=637614 312745 58949.6 1864.4 12.3692 7.09617 5.035 1852.03 22.1032 0.555929 21.5473 20.5801 19.7701 1.13099 1829.93 34.1917 0.967187 1795.74 25.1685 1770.57 1073.87 227.816 60.5303 16.8364 16.0901 15.1842 8.99118 8.50642 5.16535 0.565664
internal_count=4823754 4440669 406102 32130 776 541 393 31354 4448 1010 3438 3202 3129 658 26906 448 236 26458 405 26053 14384 5015 3559 2955 2773 2621 1907 1828 952 381
cat_boundaries=0 1 2 3 4 5 6 7
cat_threshold=2 642 32 10 2 8 2
is_linear=0
shrinkage=0.08


Tree=66
num_leaves=31
num_cat=4
split_feature=47 32 2 3 3 19 3 0 31 38 46 12 31 3 3 3 3 3 5 3 3 7 3 3 3 39 3 13 32 3
split_gain=5227.15 2214.57 4371.7 341242 712545 1.90728e+06 5.45939e+06 1.45862e+06 233292 27198.3 194468 104028 163430 34211.4 13681.7 12677.6 42327 12065.8 9343.48 8815.77 10403.1 11353.9 6925.58 13399.6 5269.69 6412.13 17493.6 4934.18 8016.97 8335
threshold=0 -4.2449998855590811 2.5000000000000004 86.245002746582045 74.955001831054702 122.00000381469728 36.055000305175788 1.5000000000000002 1.0000000180025095e-35 1 2 77.724998474121108 inf 179.04499816894534 146.129997253418 154.09500122070315 135.004997253418 161.87500000000003 7.5000000000000009 554.34500122070324 185.67499542236331 34.074996948242195 115.29500198364259 122.18500137329103 217.04499816894534 3 282.95500183105474 66.000015258789077 -73.520000457763658 246.89499664306643
decision_type=1 10 8 8 8 2 10 2 8 1 1 2 8 10 8 8 10 10 2 10 10 2 10 10 10 9 10 2 8 10
left_child=1 2 -1 4 5 6 7 8 -4 10 -5 12 15 14 22 16 -12 -16 -13 20 -15 24 -14 -24 -22 -26 -27 28 29 -11
right_child=-2 -3 3 9 -6 -7 -8 -9 -10 27 11 18 13 19 17 -17 -18 -19 -20 -21 21 -23 23 -25 25 26 -28 -29 -30 -31
leaf_value=0.0037192128482381286 0.0037164705754559671 -0.01850239435784724 -191.13356348749002 21.080864096347533 -1.8280406191861576 -1.9827662504285974 -779.06378926249602 -17.754234865121507 -460.866249831017 -1.0274593192931896 -1.7848253152734868 -0.77683326015039689 -26.84272979897743 -5.7868257370325216 -42.446061988283027 -1.3205138952548747 27.435157205870997 -22.806678536260865 4.6690611464933918 -4.4814945515524771 -13.031736842208732 -5.5684357228015884 -9.347021762833565 -24.239828594059329 -15.819547211774418 -17.489829401168478 -39.920333178121957 0.11905207431387657 -0.15133568450207441 -6.6699557473393956
leaf_weight=58077.354589450973 452140.89908208395 122330.95249879708 0.030986245870085138 1.9645452130620689 4.4210435860103008 1.1496704668989708 0.083288706651099775 0.42099601416747845 0.060765931871102907 5.6683321464806795 0.98923816529276176 8.5149826898188188 0.78335681557656012 0.7281054816557252 0.4079502373933791 3.4340503331037908 0.46708206087350845 0.39315344020724297 2.6418447940742871 0.67367385115176137 0.77863150462508257 0.51676987336725666 0.69522017985582341 0.87114350497722637 0.85418761407355848 0.63899582251906373 0.34142532634220402 856.79444833481807 536.43176524646105 2.3785722814500332
leaf_count=1007725 1422008 2356037 87 96 273 205 1052 151 410 113 193 667 310 69 258 647 168 140 148 51 164 52 91 319 215 177 201 23124 12585 257
internal_value=-0.000890268 -0.0123447 0.000313105 -0.137718 -18.916 -62.1918 -178.326 -80.7452 -369.773 -0.0565664 -2.23709 -5.11027 -10.0999 -17.3769 -23.7793 1.33203 7.58683 -32.8077 0.51271 -12.9255 -14.3999 -16.4035 -20.7012 -17.6298 -18.5461 -20.8865 -25.3011 -0.000614385 -0.188933 -2.69532
internal_weight=633982 181841 59510.5 1433.13 6.16675 1.74571 0.596037 0.512748 0.0917522 1426.97 25.6944 23.7298 12.573 7.68261 3.15082 4.89037 1.45632 0.801104 11.1568 4.53179 3.85812 3.13001 2.34972 1.56636 2.61324 1.83461 0.980421 1401.27 544.479 8.0469
internal_count=4827993 3405985 1049948 42223 2178 1905 1700 648 497 40045 3966 3870 3055 2047 1118 1008 361 398 815 929 878 809 720 410 757 593 378 36079 12955 370
cat_boundaries=0 1 2 3 4
cat_threshold=4 129 2 1
is_linear=0
shrinkage=0.08


Tree=67
num_leaves=31
num_cat=9
split_feature=48 41 2 31 38 18 18 13 3 34 13 3 7 39 43 12 12 3 3 36 3 3 37 18 39 7 3 4 17 6
split_gain=2722.25 2529.64 2596.87 10415.4 12250.9 39840.6 159337 262758 13131.8 10181.6 8980.62 24458.5 10526.2 8580.76 12417.2 47391.8 231393 5520.62 29443.9 8557.61 4889.56 4582.29 13179.4 38980.4 78590.6 14471.2 4746.9 9106.63 5070.64 4285.9
threshold=0 1 inf inf 2 229.47499847412112 864.27499389648449 209.00001525878909 59.940000534057624 3 381.55000305175787 261.02499389648443 634.09991455078136 4 5 40.09999084472657 410.01000976562506 74.955001831054702 122.18500137329103 6 303.06999206542974 489.82499694824224 7 2534.694946289063 8 43.005001068115241 502.63500976562506 44.500000000000007 30.500000000000004 111.22500610351564
decision_type=9 9 8 8 1 2 2 2 8 1 2 8 2 9 9 2 2 10 8 9 8 10 1 2 9 2 8 8 2 2
left_child=1 -1 -3 4 5 8 7 -7 -4 -10 -5 12 -12 14 15 -6 -17 -11 -19 -20 -21 -15 26 24 -24 -26 27 -23 -28 -16
right_child=-2 2 3 10 13 6 -8 -9 9 17 11 -13 -14 21 29 16 -18 18 19 20 -22 22 23 -25 25 -27 28 -29 -30 -31
leaf_value=-0.013341819231446745 0.092972518449923172 0.00074974211224353735 -1.8484967422054437 -0.099149945434977738 1.4210719064409671 36.880726219878049 -0.16573324891876057 2.6250897518738991 -0.1012967016275729 0.16399456113897168 6.3909075349463276 -0.018763838406741382 1.779317371928957 0.045694228742658688 -0.026948865377706813 47.413757578699652 -0.49199079047966648 4.4474352393729371 -0.088203751452151855 1.3159450324488817 3.5879860325002597 -0.47511478624709497 21.780583431906116 -0.30288061996263749 -0.76475586563343367 8.6014708539525238 0.0001667587222793275 6.6444059123104893 2.6451210778724472 0.79948623199149704
leaf_weight=84481.904728859954 2002.1634463617811 536291.26538962836 16.69994390370821 3109.8769478854874 10.081720861606309 2.209027512603849 17.709474080205304 4.079849415803892 125.73102905490001 45.137058645137543 6.1499201707027771 39.799781883962225 6.532561111373135 6952.091704346909 92.231089845180577 0.88576210210566353 2.376862532881205 15.517611976738255 54.270256898699969 36.064842888583783 7.2868488170290666 2.5934394134742851 1.9504829775542021 6.8608775187458377 2.9329304488783219 1.6494805163238195 140.75860937006331 2.0656872662948444 4.7968962878367156 71.136736007720998
leaf_count=408689 14396 4338304 459 11611 36 133 161 165 1036 220 105 281 115 40112 650 66 307 146 315 525 133 175 138 422 107 174 3539 52 710 1240
internal_value=-0.000163314 -0.000458575 0.00153115 0.0404084 0.0910771 0.564609 3.71882 14.6577 0.331659 0.459855 -0.0816365 0.956138 4.01554 0.0691233 0.61989 2.36266 12.5138 0.857822 1.21044 0.695905 1.37961 0.0555427 0.474025 2.23776 8.33132 2.6067 0.15732 2.68142 0.0873333 0.313711
internal_weight=633555 631553 547071 10779.5 7617.12 324.706 23.9984 6.28888 300.708 284.008 3162.36 52.4823 12.6825 7292.41 176.712 13.3443 3.26262 158.277 113.14 97.6219 43.3517 7115.7 163.608 13.3938 6.53289 4.58241 150.215 4.65913 145.556 163.368
internal_count=4824522 4810126 4401437 63133 51021 3293 459 298 2834 2375 12112 501 220 47728 2299 409 373 1339 1119 973 658 45429 5317 841 419 281 4476 227 4249 1890
cat_boundaries=0 1 2 3 4 5 6 7 8 9
cat_threshold=1 1 1 77 2 1 74 45 1
is_linear=0
shrinkage=0.08


Tree=68
num_leaves=31
num_cat=9
split_feature=47 38 36 0 41 32 38 45 36 32 24 32 12 18 24 12 19 13 6 43 31 0 7 7 19 38 32 23 32 32
split_gain=3146.7 3091.01 2082.16 2597.86 1954.33 1680.39 1540.74 2245.48 1469.74 1985.21 6395.32 2280.62 1651.01 3452.34 12426.1 3193.9 4926.98 5297.7 2418.44 1410.44 6652.9 6042.52 5499.11 3962.69 3044.4 2642.64 26214.5 112271 158194 353267
threshold=0 1 2 1.5000000000000002 3 -73.520000457763658 4 5 6 17.195000648498539 11.500000000000002 23.125000000000004 3976.2500000000005 25700.850585937504 1.5000000000000002 2995.2150878906255 1521.0750122070315 846.00006103515636 3723.9250488281255 7 1.0000000180025095e-35 1.5000000000000002 26.324951171875004 724.65002441406261 84.049999237060561 8 0.095000002533197417 -1.0000000180025095e-35 -0.96500000357627858 -0.76499998569488514
decision_type=1 1 9 2 9 8 1 9 9 8 2 8 2 2 2 2 2 2 2 9 8 2 2 2 2 1 8 2 10 10
left_child=1 4 3 5 8 -2 -6 -8 -1 -10 11 12 13 15 -15 -11 17 18 -17 20 23 22 -22 24 25 -3 27 28 -27 -30
right_child=2 19 -4 -5 6 -7 7 -9 9 10 -12 -13 -14 14 -16 16 -18 -19 -20 -21 21 -23 -24 -25 -26 26 -28 -29 29 -31
leaf_value=-0.041762184910911139 -0.082300610146367997 0.25372646809087768 -0.0060885495137921177 0.017906993094686355 -0.040165128935512967 0.0031158770646941879 0.028243584495257903 -0.021388355445334812 -0.0087394460762618906 0.13493222199399341 3.0056861446376617 0.01855436714395086 -0.090614671547618222 -0.093699933471737981 7.5187564254853658 -0.091875965945208679 -0.089377960540086329 3.1292195623752539 1.8089404689562401 0.006446817326980667 -4.2951760801788712 -0.10242705885000282 -0.23814055070788012 2.576960283341998 -0.2293977404406066 8.8991513847924786 0.29651234103152596 -0.4693702399943932 -0.84470811527994261 151.63999597412985
leaf_weight=5198.1083840866213 1482.6667155114599 95.467759384346081 101945.57577540394 98705.097127978108 23252.018538147378 253161.13093968906 6565.4912359635146 51885.841413490794 26695.742844173692 815.504941268935 4.6212065620347849 11194.892400704242 163.37230271915905 5.085780899738892 1.8795285183005033 9.8978487544227445 21.580429294612259 8.900351658696307 7.5527210645377627 55492.052626004159 5.2602776404404512 18.357147237214519 3.6026661571668228 5.2713051345199338 42.886855089561777 0.9330297089268047 17.706749144870336 3.5693120732905252 0.2107752126610194 0.18051222162803016
leaf_count=67747 5216 629 261530 232248 501187 923583 48430 810112 1011613 31800 35 343968 9218 320 46 620 1321 229 33 573823 440 392 39 84 858 353 944 88 114 172
internal_value=0.000432452 -0.00847393 0.00398323 0.00688905 -0.015418 0.00261854 -0.022745 -0.0158096 -0.00184968 0.00348911 0.0301774 0.0290529 0.142744 0.186544 1.96046 0.172234 0.806891 1.5409 0.73081 0.00721886 0.217486 -0.930637 -2.64605 0.418578 0.347891 0.557584 1.19854 6.91157 26.8048 69.5009
internal_weight=636810 181516 455294 353349 125830 254644 81703.4 58451.3 44127.1 38929 12233.3 12228.7 1033.77 870.402 6.96531 863.436 47.9314 26.3509 17.4506 55685.5 193.446 27.2201 8.86294 166.226 160.955 118.068 22.6004 4.89363 1.32432 0.391287
internal_count=4827192 3404615 1422577 1161047 2826679 928799 1359729 858542 1466950 1399203 387590 387555 43587 34369 366 34003 2203 882 653 577936 4113 871 479 3242 3158 2300 1671 727 639 286
cat_boundaries=0 1 2 3 4 5 6 7 8 9
cat_threshold=4 302 145 36 40 10 88 2 80
is_linear=0
shrinkage=0.08


Tree=69
num_leaves=31
num_cat=14
split_feature=47 38 3 32 41 41 34 18 3 3 3 45 41 37 41 19 1 11 34 19 32 40 1 6 44 46 38 3 12 14
split_gain=3199.96 3465.27 3801.32 3729.92 2964.64 2752.87 63502.6 764691 1.13241e+06 105795 119896 25683.4 2453.03 2616.1 2332.43 2234.28 4771.5 6834.9 2169.68 2032.89 2008.51 1931.23 2383.04 1919.11 1774.04 3070.62 1747.39 1712.97 1691.09 1748
threshold=0 1 515.80999755859386 -4.2449998855590811 2 3 4 27.055000305175785 185.67499542236331 200.20500183105472 217.04499816894534 5 6 7 8 221.254997253418 4.5000000000000009 1.0000000180025095e-35 9 1426.924987792969 23.125000000000004 10 4.5000000000000009 27.000007629394535 11 12 13 103.92499923706056 743.95001220703136 1.5000000000000002
decision_type=1 1 8 10 9 9 1 2 8 10 10 9 9 1 9 2 2 2 1 2 8 1 2 2 9 1 1 8 2 2
left_child=14 2 5 12 -5 6 7 8 -2 -10 -11 -8 -3 18 27 16 -4 -18 -14 24 23 22 -15 -6 -7 -26 -25 -1 29 -27
right_child=1 3 15 4 20 19 11 -9 9 10 -12 -13 13 21 -16 -17 17 -19 -20 -21 -22 -23 -24 26 25 28 -28 -29 -30 -31
leaf_value=-0.10046294462058392 -219.83014130273631 -0.021277318472371746 0.057870250034376493 -0.018434135340609843 -0.011735858739284911 0.000138693307056142 2.6827638244199541 -0.41220920914697035 -3.0859588972381728 -17.349410508258959 -127.27313549659819 -0.25474564819642553 0.033142943216348628 0.052571974296267608 -0.0041293332711853223 -0.0043637115847233558 2.8416647511161135 -0.10863855140694241 -0.018016275473051881 -0.064870099680536725 0.065889618523659071 0.013148873703166893 0.43140371145216128 -0.005954803246518087 0.076947526025844953 -0.037471448898634449 0.034742636466951485 0.01022306606442285 0.0036802960539955754 0.79159644726369249
leaf_weight=899.10650332450814 0.25099802670973981 10026.571580095475 4823.5520735259352 83183.54156575544 33169.108222845403 17226.170977550508 38.513538235381013 13.297530350748273 0.51165504790770211 0.14359935526060863 0.1138531429269527 36.136191985598479 8545.2220016315005 17117.985422510566 132877.73952324025 9015.6055913536256 9.5638155896731423 10.590449924580751 13957.49052737388 7996.3266463746695 3236.6230855392496 12091.54305602891 106.9359269849956 12040.15382915199 1702.3878943952091 51227.040610206488 15364.84056803905 188453.02956895184 7409.7173294712702 16.280953556764871
leaf_count=2568 1219 67675 190187 1012070 324294 107658 432 365 55 69 302 340 59357 240216 170130 492007 164 302 154307 202470 30477 84217 1082 186773 6882 981486 115598 211532 182881 401
internal_value=-0.00157929 -0.00740483 -0.0196886 -0.00154978 -0.0084847 -0.0259792 0.395871 -3.25768 -72.2844 -24.1329 -65.9609 1.39867 0.0149328 0.0219391 0.0039956 0.0191803 0.0630027 1.29137 0.00141711 -0.0264609 0.00448754 0.0376854 0.054892 0.00120742 -0.0225055 -0.0289684 0.0168731 0.00969698 -0.0320426 -0.037208
internal_weight=630596 308366 99526.2 208840 146994 85666.9 88.9674 14.3176 1.02011 0.769108 0.257452 74.6497 61845.7 51819.2 322230 13859.3 4843.71 20.1543 22502.7 85577.9 63810.7 29316.5 17224.9 60574.1 77581.6 60355.4 27405 189352 58653 51243.3
internal_count=4827516 4443286 2167220 2276066 1669212 1484560 2782 2010 1645 426 371 772 606854 539179 384230 682660 190653 466 213664 1481778 657142 325515 241298 626665 1279308 1171650 302371 214100 1164768 981887
cat_boundaries=0 1 2 3 4 5 6 7 8 9 10 11 12 13 14
cat_threshold=2 37 35 16 14 12 1 30 38 3 2 1 2 392
is_linear=0
shrinkage=0.08


Tree=70
num_leaves=31
num_cat=14
split_feature=47 38 37 34 37 31 38 41 31 12 18 47 5 18 12 37 18 4 18 41 25 19 12 45 19 22 19 43 38 42
split_gain=2442.13 4913.02 4153.5 2787.99 3341.04 2391.52 2113.67 2061.75 99540.5 90766.1 13526.2 6903.46 2032.72 1922.61 2607.69 5128.94 3209.9 6338.19 2002.04 1813.4 1837.64 1728.82 1896.27 1713.29 1711.95 1895.54 1682.58 1662.27 2530.77 1645.62
threshold=0 1 2 3 4 1.0000000180025095e-35 5 6 inf 1.0000000180025095e-35 27.055000305175785 7 1.0000000180025095e-35 105.04999923706056 129.2499923706055 8 10958.790039062502 11.500000000000002 129.82498168945315 9 7.5000000000000009 1382.799987792969 720.04998779296886 10 1627.830017089844 1.0000000180025095e-35 18.774999618530277 11 12 13
decision_type=1 1 1 1 1 10 1 9 8 2 2 1 2 2 2 1 2 10 2 9 8 2 2 9 2 2 2 9 1 9
left_child=6 3 7 4 12 21 -1 8 10 11 -3 -10 -2 -6 15 -15 18 -18 -17 20 -16 22 -4 -24 26 -26 -20 28 -8 -22
right_child=1 2 5 -5 13 -7 27 -9 9 -11 -12 -13 -14 14 19 16 17 -19 24 -21 29 -23 23 -25 25 -27 -28 -29 -30 -31
leaf_value=-0.0059447924725713041 -0.0089917977391337622 3.2074057358496404 -0.0097750510889642057 -0.0037264236332272375 0.022542226828566513 0.053022112894238783 0.30128662305647325 -0.035229910185823152 -26.916320268984766 -0.73362408932147594 -0.16500696551998836 -18.219226933931253 0.026389594444368485 1.1555201362059104 1.1582334209807372 0.30442040487296584 -0.13301126869012836 2.4676421806929292 0.3388404327019226 0.039506319189972453 0.20876208444205333 -0.032263627863907372 0.035742174713972473 -0.020602233226861121 0.97327376809679989 -0.10005287346700409 -0.020607486533323321 0.0081195388013996107 0.0081557846384028108 0.023432152322214954
leaf_weight=89441.852448985577 20767.467740358723 11.302798491358393 95724.59247653131 74382.428034912344 6435.8563068196636 4091.2075762434542 304.48685119603851 42670.337134746922 0.83612588776073338 2.9807104413921479 23.307272020880454 1.9379887912273361 20801.422970272029 25.151837336597964 11.389113300479947 330.56093611937831 12.901385929901155 11.208094331435857 97.987529372796416 4828.7103477945284 793.79669909684458 17797.381557339177 11890.58649811004 4860.9054782272342 26.602451200596988 17.430123755708337 557.78869005887827 233082.68838299584 483.40608592575882 514.78471333505877
leaf_count=114683 157673 621 1632689 611273 46576 20777 473 806030 539 116 505 509 154700 219 146 1450 177 42 698 43553 10620 519984 302474 114083 141 254 5738 267740 555 7981
internal_value=-0.00033658 -0.00545061 -0.014113 0.00638424 0.0199985 -0.0072037 0.00451454 -0.0358425 -0.547882 -10.4262 0.93634 -20.8406 0.00871125 0.0543048 0.0826603 0.197331 0.161982 1.07599 0.142167 0.0625256 0.145334 -0.00909563 -0.0054297 0.0194013 0.0655251 0.548402 0.033102 0.00851452 0.123795 0.137629
internal_weight=630003 306691 177075 129615 55233.1 134365 323312 42710.7 40.3649 5.75483 34.6101 2.77411 41568.9 13664.2 7228.31 1079.63 1054.48 24.1095 1030.37 6148.68 1319.97 130273 112476 16751.5 699.809 44.0326 655.776 233871 787.893 1308.58
internal_count=4823019 4439568 3398327 1041241 429968 2590007 383451 808320 2290 1164 1126 1048 312373 117595 71019 8719 8500 219 8281 62300 18747 2569230 2049246 416557 6831 395 6436 268768 1028 18601
cat_boundaries=0 1 2 3 4 5 6 7 8 9 10 11 12 13 14
cat_threshold=2 722 20 85 52 658 16 4 64 32 5 2 1 17
is_linear=0
shrinkage=0.08


Tree=71
num_leaves=31
num_cat=14
split_feature=47 38 4 37 36 6 3 43 47 4 38 32 3 43 37 4 40 32 37 3 32 13 3 39 32 1 3 3 43 40
split_gain=2262.01 2768.54 2229.95 1639.73 1919.13 2038.72 2070.74 2062.95 2471.11 20914.9 2038.06 2077.75 3000.4 1728.42 1609.23 1599.75 1627.96 1585.56 1557.16 1765.66 1554.22 1540.92 1523.98 1700.47 1480.42 1396.21 1372.54 1230.52 1226.36 2564.83
threshold=0 1 10.500000000000002 2 3 9435.9252929687518 253.90000152587893 4 5 inf 6 7.1050000190734872 809.38500976562511 7 8 68.500000000000014 9 -73.520000457763658 10 158.14499664306643 -1.0249999761581419 3324.3950195312505 inf 11 31.085000038146976 2.5000000000000004 253.90000152587893 185.67499542236331 12 13
decision_type=1 1 8 1 9 2 10 9 1 8 1 10 8 9 1 8 1 8 1 10 10 2 8 9 10 2 10 10 9 1
left_child=1 2 -1 -2 5 6 17 8 9 10 21 12 20 -7 24 -9 -17 -5 19 -6 -12 -8 -3 -24 -13 28 -15 -20 29 -4
right_child=3 22 25 4 18 13 7 15 -10 -11 11 14 -14 26 -16 16 -18 -19 27 -21 -22 -23 23 -25 -26 -27 -28 -29 -30 -31
leaf_value=-0.0055044793746442675 -0.004189339199612431 -0.012361765260986314 0.5285516624715545 -0.088009690755141354 -0.070346028469517791 0.052076945394794211 0.1192047055493374 0.0093505369602504204 0.021774840599541091 3.6333332453053204 0.039863921205807638 1.0373606830012752 0.7879518886292699 0.03126917543104752 0.10097922538759954 0.0029858738629663238 -0.22421514847349111 0.0047172307237452159 0.00011516010732545667 0.021583892027965318 -0.055883864579091579 0.62054012731852459 0.41164372307676211 0.05275554418210749 0.25325387544527328 0.11070828727078283 -0.093635551943577741 -0.030667831097912136 0.026780373060310402 -0.094080228187694001
leaf_weight=15035.248616445751 137530.6375557328 149485.77114386923 84.348405959186323 1189.4393226979164 1477.5223371197244 943.4502585521077 2336.8829123564174 53369.650750550594 42148.774015601128 10.513817508955979 3751.8206565770251 25.400839569047093 32.100921154022217 698.45248347793131 1586.9269546759224 437.85553380070087 371.21125583184585 151685.14230030606 14354.928282912198 14072.379145137533 1526.4552558096148 39.907846925780177 104.62727844825713 439.11122325871838 39.181436266750097 1560.0907499397254 2904.3649268271129 19738.629660666298 11325.962855434196 77.448429118029225
leaf_count=155496 419287 3143765 1051 3718 7571 1756 12381 257469 42723 177 41087 217 171 1545 16288 1059 2164 459574 36060 29062 21593 252 190 611 36 8774 16949 50081 96113 1519
internal_value=7.17662e-05 -0.00755981 0.0154905 0.00309057 0.0062919 0.00901414 0.0099483 0.0185594 0.0300225 0.0672372 0.0632223 0.041177 0.0168636 -0.0440931 0.119605 0.00765655 -0.103992 0.00399577 -0.00813416 0.0128406 0.0121741 0.127088 -0.0118747 0.121814 0.486345 0.0396952 -0.069229 -0.0177016 0.0300513 0.242384
internal_weight=628384 178113 28083.1 450272 312741 263098 258551 105677 51498 9349.19 9338.68 6961.89 5310.38 4546.27 1651.51 54178.7 809.067 152875 49643.5 15549.9 5278.28 2376.79 150030 543.739 64.5823 13047.9 3602.82 34093.6 11487.8 161.797
internal_count=4828739 3407519 262953 1421220 1001933 879159 858909 395617 134925 92202 92025 79392 62851 20250 16541 260692 3223 463292 122774 36633 62680 12633 3144566 801 253 107457 18494 86141 98683 2570
cat_boundaries=0 1 2 3 4 5 6 7 8 9 10 11 12 13 14
cat_threshold=4 656 4 128 12 1 82 8 64 12 18 1 2 8
is_linear=0
shrinkage=0.08


Tree=72
num_leaves=31
num_cat=10
split_feature=47 38 2 4 4 32 12 32 31 3 32 45 31 38 4 4 45 41 38 27 42 19 17 41 3 32 18 40 31 12
split_gain=3072.05 3176.7 14424 196293 1.84153e+06 6.44129e+06 1.1639e+06 92465.5 27116.9 31646.8 3150.68 2844.89 1999.29 2511 5791.11 1622.78 1586.83 2380.59 1549.99 1677.07 2167.2 1830.23 1480.59 1474.45 17796 76341.8 233521 1718.68 3405.04 7023.3
threshold=0 1 2.5000000000000004 31.500000000000004 58.500000000000007 -0.96500000357627858 111.59991455078126 17.195000648498539 1.0000000180025095e-35 272.79499816894537 88.08499908447267 2 1.0000000180025095e-35 3 19.500000000000004 4.5000000000000009 4 5 6 5.5000000000000009 7 43.274999618530281 11.500000000000002 8 111.2150001525879 1.9950000047683718 1.0000000180025095e-35 9 1.0000000180025095e-35 1.0000000180025095e-35
decision_type=1 1 8 8 8 8 2 10 8 10 10 9 8 1 8 10 9 9 1 8 9 2 2 9 10 8 2 1 8 2
left_child=1 2 16 8 -5 -6 7 -7 10 -10 -4 12 13 14 -3 -15 17 -1 -13 20 -20 -22 -19 24 25 -21 -27 -26 -29 -30
right_child=-2 11 3 4 5 6 -8 -9 9 -11 -12 18 -14 15 -16 -17 -18 22 19 23 21 -23 -24 -25 27 26 -28 28 29 -31
leaf_value=-0.01857307560140346 0.002323985458382965 0.040727902762728814 -0.43133633795222054 -0.57479035404140644 1362.0554532113194 -165.30118192826063 356.3874391201482 -18.255366106887088 -1.2445093729350889 14.744313765917802 0.66033716830563749 -0.0018382448361506959 0.048623289627934566 -0.010463091851544466 1.381507585772791 0.080508443269178276 -0.0141467273443009 0.12682795851107542 -0.027001797377045469 -0.54466720941628666 0.82405317735485328 0.20848375305122024 0.43696385749166378 -0.020866345139341966 0.1559121439767982 -79.60489353356013 -0.81748875437596169 -0.141409231037636 -3.8770278581978417 -0.32564133379618604
leaf_weight=881.35196006925707 449345.70347827353 74.724324352638291 32.861634709072717 1.8143276500372514 0.028723832220525658 0.040673624724149593 0.062699105135834543 0.083667062222957611 1.4233208773443842 1.786976314807883 34.878231082319758 36712.106569324867 7200.7084215677824 16613.024795083591 28.472982717677951 1357.4987505528843 1958.1028080429014 1265.577473004174 185.93477196712047 6.4132220087632898 46.147913714405149 93.632725162897259 106.83301879651845 109766.55269811489 101.6831031165503 0.3319892007652292 0.87620624154806137 163.5908225752442 4.9215517628708794 12.91931431850753
leaf_count=7382 1423777 225 1719 196 392 664 444 318 128 119 253 371778 52700 298863 143 10055 14494 6171 2875 207 184 861 322 2631279 1350 459 31 2489 452 204
internal_value=-0.00118991 -0.010128 0.0578377 1.17303 25.7008 246.649 75.3551 -66.3562 0.471223 7.65549 0.13075 -0.0118202 0.0129711 -0.00122578 0.374382 -0.00358908 0.0386516 0.0842127 -0.0160805 -0.0208167 0.160443 0.384223 0.149878 -0.0213551 -0.198333 -4.0199 -22.4668 -0.102462 -0.242495 -1.30532
internal_weight=626000 176654 4284.85 72.9803 2.03009 0.215764 0.18704 0.124341 70.9502 3.2103 67.7399 172370 25274.4 18073.7 103.197 17970.5 4211.87 2253.76 147095 110383 325.715 139.781 1372.41 110057 290.736 7.62142 1.2082 283.115 181.432 17.8409
internal_count=4830534 3406757 32602 4233 2014 1818 1426 982 2219 247 1972 3374155 361986 309286 368 308918 28369 13875 3012169 2640391 3920 1045 6493 2636471 5192 697 490 4495 3145 656
cat_boundaries=0 1 2 3 4 5 6 7 8 9 10
cat_threshold=4 128 10 1 1 19 530 41 16 8
is_linear=0
shrinkage=0.08


Tree=73
num_leaves=31
num_cat=9
split_feature=2 7 31 41 34 36 44 13 17 11 12 35 7 12 19 13 5 7 22 3 7 13 3 3 3 36 46 41 34 3
split_gain=1745.33 8966.06 5586.54 6592.91 6196.09 7086.2 5143.81 4633.06 39971.8 94732.7 7942.71 3924.64 17070.1 41075.6 122402 6969.93 4350.6 24487.4 5604.57 3365.25 3124.55 5427.85 3064.78 9887.42 2337.22 3268.51 4140.21 2253.19 2653.93 2226.27
threshold=inf 55.000007629394538 inf 0 1 2 3 3324.3950195312505 41.500000000000007 52.500000000000007 871.76504516601574 4 96.274993896484389 325.27499389648443 188.02500152587893 476.27499389648443 12.500000000000002 1523.049987792969 1.5000000000000002 308.88500976562506 71.250007629394545 66.000015258789077 170.67499542236331 246.89499664306643 18.32499980926514 5 6 7 8 158.14499664306643
decision_type=8 2 8 9 1 9 9 2 2 2 2 1 2 2 2 2 2 2 2 10 2 2 10 10 10 9 1 9 1 8
left_child=-1 2 3 4 5 6 22 11 10 -10 -9 -3 13 20 -15 -16 -14 18 -18 24 21 -13 -2 -24 -4 -26 27 -27 -29 -6
right_child=1 7 19 -5 29 -7 -8 8 9 -11 -12 12 16 14 15 -17 17 -19 -20 -21 -22 -23 23 -25 25 26 -28 28 -30 -31
leaf_value=-0.00019369573174512087 0.84434866547452947 0.090719687351625278 0.014104184146200367 0.0065589644492534439 0.17254028804104546 0.10680013183480862 -0.11297498468397678 3.9594557623634179 32.132838534174851 -0.19681947047552295 -0.093120001484715595 -0.14010349267440447 0.12228285765160703 16.786203700890027 -0.13773304677590742 4.1526555425208205 -0.078382822794346732 6.8523799878667981 2.8317329747753774 -0.49851532833642476 -0.062122273552422551 2.3285556697219985 3.7039745358023097 0.80558415634228431 -0.0029710174218616171 -0.15607319622734137 0.16735985228373387 -0.89864137923704956 -0.29692628085963907 -0.096422320622950711
leaf_weight=610140.67270084645 127.96989736685718 1437.2222807570074 1607.2576596837825 5664.6279799846197 656.58159491455547 190.53455517539567 29.960054301834361 3.4582796030879477 0.87202497477759466 1.7325502833873541 29.479880918614246 10.817722832919429 505.86370271763235 4.2019356325072321 9.1645444386667787 3.2944934949045992 30.925789750014928 4.0922989040070652 4.907592633991043 115.58575855323306 32.212592805385981 12.049148339150406 10.801348989935038 24.891793486961728 1048.9478390719937 764.68388169345769 178.45450852345675 54.605932904178275 377.92954002648048 281.35822842774792
leaf_count=4758895 415 11385 2953 29005 3786 481 90 91 235 67 1013 122 7757 144 231 157 641 240 186 1127 266 107 143 262 1980 3328 394 829 2039 2437
internal_value=0.00042951 0.0291825 0.000641045 0.0443013 0.204416 0.472258 0.808979 0.181212 1.08679 10.6273 0.332372 0.165547 0.33284 1.49837 4.97889 0.996757 0.185737 0.989712 0.320175 -0.0729081 0.445545 1.1607 1.02718 1.68269 -0.0607068 -0.110298 -0.190727 -0.245696 -0.391481 0.0908893
internal_weight=623365 13224.5 11134.2 6986.73 1322.1 384.158 193.623 2090.29 35.5427 2.60458 32.9382 2054.75 617.53 71.7404 16.661 12.459 545.789 39.9257 35.8334 4147.47 55.0795 22.8669 163.663 35.6931 4031.88 2424.62 1375.67 1197.22 432.535 937.94
internal_count=4830806 71911 49269 36619 7614 1391 910 22642 1406 302 1104 21236 9851 1027 532 388 8824 1067 827 12650 495 229 820 405 11523 8570 6590 6196 2868 6223
cat_boundaries=0 1 2 3 4 5 6 7 8 9
cat_threshold=16 48 152 2 48 67 1 22 5
is_linear=0
shrinkage=0.08


Tree=74
num_leaves=31
num_cat=11
split_feature=34 39 5 37 3 32 48 45 18 33 3 13 34 6 32 35 18 41 3 19 6 35 6 19 19 35 17 19 32 45
split_gain=2198.03 1756.79 1537.41 1418.41 1440.61 1738.48 1489.45 1402.84 1161.22 1116.06 1372.25 1640.55 1097.21 1741.23 2755.35 1062.74 1059.08 1048.57 1275.4 1042.92 1383.66 1105.37 1183.31 1112.06 1407.73 1079.91 1042.01 1713.64 14538.7 955.884
threshold=0 1 22.500000000000004 2 272.79499816894537 -15.574999809265135 3 4 214.27500152587893 1.0000000180025095e-35 217.04499816894534 1650.0449829101565 5 14909.698242187502 5.3350000381469735 6 179.52500152587893 7 731.68499755859386 18.774999618530277 438.97998046875006 8 1386.0999755859377 494.02499389648443 479.99499511718756 9 12.500000000000002 438.07499694824224 -4.2449998855590811 10
decision_type=1 9 2 1 10 8 9 9 2 2 10 2 1 2 10 1 2 9 10 2 2 1 2 2 2 1 2 2 8 9
left_child=3 -2 9 4 12 -6 7 -7 16 -3 11 -11 13 -1 -15 -9 -8 -17 -19 29 25 22 23 24 -22 -21 -20 28 -28 -14
right_child=1 2 -4 -5 5 6 8 15 -10 10 -12 -13 19 14 -16 17 -18 18 26 20 21 -23 -24 -25 -26 -27 27 -29 -30 -31
leaf_value=0.011468955042538967 0.015536603222227595 -0.0069230655594735725 -0.074981682423457804 -0.0022402958485130539 0.078891967550393016 0.0043702726185655136 0.2037497508113158 0.049492129247779626 0.030771079770450738 0.07957930719554529 -0.011313251941482298 0.39952248066614099 0.10218911236209177 -0.2031561674086606 1.0931509792866574 0.027736632820223817 0.66215727955823322 -0.023790049224973228 -0.014137760634467856 0.020580761980011079 0.068634364357774133 0.0043673389232733615 0.26863136161161738 -0.036513216114918319 0.46270768030707216 -0.028977024949972424 3.9668304756057418 0.088667656807722081 0.00069578229462891994 0.0039166483075054881
leaf_weight=52269.263576968995 24218.154336360683 259338.74092462531 2110.6147314065602 127293.75611159441 2766.3560878978242 46155.152121615189 214.35243654133293 8882.7020487349309 255.4730598260642 1018.9805253071418 1186.5096767014229 114.05122745456902 633.94408243726184 18.729242171597434 23.866308454424143 18738.024218230184 37.968986196443439 6154.1907063942599 729.00490965717472 3213.8910052712217 245.33325681593732 7265.3463174052085 202.28199239018431 414.09465836263684 75.983895376324654 22393.633287574899 6.9369162321090698 822.69637930719182 40.162541333585978 39147.96665418199
leaf_count=304909 133755 2075215 27492 810241 16341 535801 594 73443 3025 5766 22204 421 3054 245 37 241927 70 81988 8597 28244 1312 46535 791 3294 37 173762 193 8583 498 219998
internal_value=5.15711e-05 -0.005084 -0.00697749 0.00442725 0.0084552 0.0165157 0.0144123 0.0135615 0.151 -0.00642894 0.0488168 0.111785 0.00302674 0.0118833 0.523165 0.0255457 0.27273 0.0175006 -0.00724243 -0.00326998 -0.0136008 0.0149932 0.0962505 0.0501443 0.161823 -0.0227605 0.0564083 0.115535 0.584837 0.00550934
internal_weight=625988 287987 263769 338001 210707 84803 82036.7 81528.9 507.794 261658 2319.54 1133.03 125904 52311.9 42.5956 35373.7 252.321 26491 7752.99 73592.5 33810.6 8203.04 937.694 735.412 321.317 25607.5 1598.8 869.796 47.0995 39781.9
internal_count=4828372 2264853 2131098 2563519 1753278 971060 954719 951030 3689 2103606 28391 6187 782218 305191 282 415229 664 341786 99859 477027 253975 51969 5434 4643 1349 202006 17871 9274 691 223052
cat_boundaries=0 1 2 3 4 5 6 7 8 9 10 11
cat_threshold=29 1 105 1 44 4 32 50 1 8 2
is_linear=0
shrinkage=0.08


Tree=75
num_leaves=31
num_cat=7
split_feature=2 32 38 7 13 23 6 19 19 13 7 18 42 18 39 18 17 19 17 17 44 36 7 19 5 37 13 1 38 7
split_gain=2185.15 7619.71 11483.4 7618.08 51326.6 102634 110223 126051 6360.35 48942.4 5398.44 34244.9 2271.4 2880.47 12239.8 70846.4 86639 43453.2 2567.04 9703.77 2143.19 2509.48 2868.65 7682.4 16249.4 2317.91 10129.2 2050.58 5732.3 29578.7
threshold=inf inf 0 378.00001525878912 590.47500610351574 1.0000000180025095e-35 111.22500610351564 451.30000305175787 7042.3247070312509 265.51499938964849 2261.9250488281255 2310.150024414063 1 2100.924926757813 2 3238.424926757813 7.5000000000000009 1473.3750000000002 5.5000000000000009 4.5000000000000009 3 4 65.000015258789077 96.02500152587892 1.5000000000000002 5 195.12495422363284 1.5000000000000002 6 96.274993896484389
decision_type=8 8 1 2 2 2 2 2 2 2 2 2 9 2 9 2 2 2 2 2 9 9 2 2 2 1 2 2 1 2
left_child=-1 2 -2 20 5 6 -5 -8 10 -10 12 -12 27 -14 15 16 -15 -18 19 -16 -3 -22 -23 24 -24 26 -25 -4 29 -29
right_child=1 3 8 4 -6 -7 7 -9 9 -11 11 -13 13 14 18 -17 17 -19 -20 -21 21 22 23 25 -26 -27 -28 28 -30 -31
leaf_value=-0.00056787022240374662 0.88774266470125518 0.022543303775568808 -0.021296184953785279 -0.97638198699611634 0.12075513984557347 1.3689223585571946 13.92749003188753 60.090667813132477 12.815872782419749 -0.19880766304829783 9.4480826941494005 -0.13130962979954505 0.090637285583812913 -0.034743579477420412 -0.12495904144549431 -0.088855921921869946 29.787487448290793 9.9322568709711589 0.09570718017110641 3.103508907245518 -0.0017847378917377743 -0.14115012843810254 -1.0220345630540404 3.3421447370851713 5.8973055836476549 -0.12032434306072193 -0.29957030913069416 7.3391605326529401 0.089531866158688647 -0.1921519427365172
leaf_weight=611273.56151095883 105.25750185892366 2629.8319778003338 1937.2130908908584 0.98408867911200459 118.05076061818212 7.4891575236298769 0.90524726179866111 0.65064967529643103 2.1758966136262563 12.318910321401296 2.8812755071197236 13.96091968860644 3720.270131395926 2.7805448712315437 18.466666220282669 22.016790790987216 1.4113185320675259 1.4103860988006998 229.90298432733422 8.7966588884809997 2030.8317261145125 2389.3325732223125 4.2084689820731214 7.545251966748995 4.4891512963154891 90.144157303504613 13.8804418073705 4.9495298424121001 268.48848271137564 10.247150319155478
leaf_count=4756235 189 4269 16243 21 887 142 119 182 89 871 175 483 22471 47 188 603 98 128 2999 146 5030 11470 95 174 151 872 183 368 3450 490
internal_value=0.000139318 0.0317834 0.095774 -0.0240024 0.587542 6.08198 19.9784 33.2321 0.0809038 1.7549 0.0771466 1.50748 0.0732773 0.109136 0.354623 1.95499 9.9873 19.8632 0.182747 0.916724 -0.0349262 -0.0682126 -0.121477 0.259273 2.54928 0.080751 0.670125 0.00808407 0.208999 1.36353
internal_weight=624934 13660.9 6362.55 7298.34 128.08 10.0291 2.53999 1.5559 6257.29 14.4948 6242.8 16.8422 6225.95 4005.06 284.785 27.619 5.60225 2.8217 257.166 27.2633 7170.26 4540.43 2509.6 120.267 8.69762 111.57 21.4257 2220.9 283.685 15.1967
internal_count=4828868 72633 49038 23595 1351 464 322 301 48849 960 47889 658 47231 26680 4209 876 273 226 3333 334 22244 17975 12945 1475 246 1229 357 20551 4308 858
cat_boundaries=0 1 2 3 4 5 6 7
cat_threshold=1 49 1 1 75 32 520
is_linear=0
shrinkage=0.08


Tree=76
num_leaves=31
num_cat=5
split_feature=2 7 34 19 3 32 19 6 32 32 3 3 19 3 3 32 6 5 34 38 19 22 35 32 7 32 6 43 19 6
split_gain=2038.99 7588.48 6429.26 31371.7 9174.82 98559.9 130771 23703.8 5767.14 6229.49 36864.3 34701.1 66462.5 153037 151265 201170 5391.89 25374.9 3763.24 3430.61 3117.95 8235.38 3091.76 14667.4 3754.16 6428.78 4090.04 2648.14 11573.7 63008.3
threshold=inf 62.00000190734864 0 96.02500152587892 425.92500305175787 inf 564.42501831054699 154.25000762939456 -3.4850000143051143 -5.0450000762939444 174.31500244140628 261.02499389648443 494.02499389648443 305.97500610351568 308.88500976562506 -4.2449998855590811 135.00000762939456 2.5000000000000004 1 2 3733.0749511718755 2.5000000000000004 3 -0.65500000119209278 1.0000000180025095e-35 -1.6549999713897703 462.50001525878912 4 196.05000305175784 212.00000762939456
decision_type=8 2 1 2 10 8 2 2 10 10 8 10 2 10 10 8 2 2 1 1 2 2 1 10 2 10 2 9 2 2
left_child=-1 8 3 -3 16 7 -7 -6 9 -2 -11 -12 13 -13 -15 -16 17 -5 19 -10 -18 -22 23 -21 -24 -26 -27 28 29 -4
right_child=1 2 27 4 5 6 -8 -9 18 10 11 12 -14 14 15 -17 20 -19 -20 22 21 -23 24 -25 25 26 -28 -29 -30 -31
leaf_value=-0.0005101179944899519 -0.025003230647280984 5.9900261263080159 -0.19224369286077 0.17294301612599802 11.13366603840177 -1.4834998242843171 37.042763698271507 -0.15793193753277626 1.1654795733872754 -0.099354228242693354 -1.4224300791794782 -11.262385357758097 -2.9711819496422267 -16.341631938011808 -78.908710550080684 -293.01403574652539 0.0074416717937647358 3.8478193047992564 0.025575511944705837 -0.018208105768635449 -0.13400858190721335 5.1223631962705678 0.13596319924534062 5.4930682174265959 2.6277274073503021 0.13313469879938833 2.4024512368143762 0.063293874399949712 0.11123146711267876 7.4385843230925115
leaf_weight=611178.28686305659 8024.8753433772663 6.5399312061597916 28.706747688443631 68.064976012858082 1.249871211159628 1.1255285191251254 1.1299500441340198 24.771490824023111 14.141648999819495 28.032101354543784 2.2359765504916131 0.59244939245490957 1.0749026004139066 0.10716850739390793 0.092161637847311795 0.040396555297775194 217.23866390408037 14.605890794144456 1863.9272180547669 8.768929929698059 5.969310480860444 2.8035514659714638 1175.861256931662 4.7724998994060579 10.118047052223252 41.984781653586289 5.7831152983271741 1331.6811567968227 182.55210932186549 9.1270548770034825
leaf_count=4754876 24523 183 269 422 200 122 123 1992 45 121 64 110 163 27 172 181 2564 185 15263 81 289 61 8076 205 167 725 96 13012 2944 190
internal_value=0.000158692 0.0314145 0.179426 0.488019 0.395715 1.77496 17.8174 0.384432 0.00632457 -0.0294574 -1.14039 -8.18407 -16.1118 -33.0853 -87.0175 -144.156 0.26937 0.822202 0.0985692 0.204602 0.0671536 1.54577 0.184525 1.10681 0.165584 0.795888 0.407874 0.107293 0.358873 1.64862
internal_weight=624256 13078 1895.57 343.499 336.959 28.2768 2.25548 26.0214 11182.4 8057.05 32.1752 4.14306 1.90708 0.832176 0.239727 0.132558 308.682 82.6709 3125.36 1261.43 226.012 8.77286 1247.29 13.5414 1233.75 57.8859 47.7679 1552.07 220.386 37.8338
internal_count=4827451 72575 22556 6141 5958 2437 245 2192 50019 25361 838 717 653 490 380 353 3521 607 24658 9395 2914 350 9350 286 9064 988 821 16415 3403 459
cat_boundaries=0 1 2 3 4 5
cat_threshold=40 120 1 16 4
is_linear=0
shrinkage=0.08


Tree=77
num_leaves=31
num_cat=6
split_feature=2 7 45 26 27 37 7 6 19 7 6 19 22 3 38 19 3 6 3 3 19 19 31 40 34 37 3 3 3 4
split_gain=2379.64 8354.38 7927.03 9754.8 40564.3 10608.7 20579 41463.5 53692.9 16230.3 8057.23 13330.9 10430.1 23918.8 6243.65 18984.5 26303.2 6199.9 4530.13 18174.9 3498.48 7908.18 2857.3 3756.39 6834.09 9400.28 41826 31149 9533.32 15157.5
threshold=inf 26.324951171875004 0 6.5000000000000009 8.5000000000000018 1 104.19996643066408 117.34997558593751 96.02500152587892 34.074996948242195 3079.6347656250005 1627.830017089844 1.5000000000000002 261.02499389648443 2 597.58499145507824 194.62500000000003 174.00001525878909 462.05499267578131 515.80999755859386 2918.8750000000005 4804.0798339843759 inf 3 4 5 141.10500335693362 158.14499664306643 223.54000091552737 inf
decision_type=8 2 9 10 10 1 2 2 2 2 2 2 2 10 1 2 8 2 10 8 2 2 8 1 1 1 10 8 10 8
left_child=-1 20 3 5 -5 6 7 9 -9 -3 12 -12 14 -14 15 16 -8 -10 -7 -20 22 -22 23 24 25 26 -2 -28 -27 -30
right_child=1 2 -4 4 -6 18 10 8 17 -11 11 -13 13 -15 -16 -17 -18 -19 19 -21 21 -23 -24 -25 -26 28 27 -29 29 -31
leaf_value=-0.00058774601202838447 -0.009210066963395977 4.1049428957044807 0.05551642656817906 12.112493960275504 -0.35808773605474203 0.12341757860629522 6.4496975801744654 12.473229548332872 -0.25091677411166041 -0.43265094394887288 6.0104470645847954 -0.16148525805873065 8.5415208416393078 -0.088330504372606283 -0.08631602400035393 0.015951306940057856 -0.49213607250161823 4.6716681345051194 5.4396615152326175 -0.40340546654693649 -0.055313733014465662 2.7963282969950867 -0.042944154665644468 0.0049363532211072637 0.048834868026137269 0.033863682510403732 8.509614868543883 1.4394547020750392 -0.042340949510166023 2.3049013107587646
leaf_weight=612416.05241935363 30.365698988420398 6.8077712701305755 1338.2393508452597 2.3098228561248497 6.0205374056217398 571.72131553361703 8.3523277844223482 5.2646111682172441 4.0913075330900028 19.482615028269265 4.3490459961313785 4.6179992378287267 3.2277424272397166 5.6595937144699349 124.88534073122733 30.370619233147508 6.0048530538351335 2.7302195529791904 5.0671540278248388 10.398723877705009 18.592878274318039 9.3558093343158806 4801.8409682271104 4617.6199552013168 1035.3329657287013 238.29792691997613 8.1484701476056181 7.8110666310240058 36.407228480575306 34.097523779732136
leaf_count=4755500 79 45 14988 113 267 5065 114 188 70 355 169 160 60 233 1921 93 127 184 250 996 201 253 12454 25774 6302 1125 114 104 240 215
internal_value=0.000131154 0.0340044 0.177686 0.371538 3.09973 0.348155 0.801935 2.52527 6.4036 0.742338 0.491927 2.83192 0.374376 3.0459 0.234395 0.93918 3.54629 1.71928 0.157286 1.51098 0.00537362 0.899272 0.00306248 0.0398324 0.154572 0.453057 1.42573 5.04927 0.266998 1.09283
internal_weight=625414 12997.5 2159.6 821.362 8.33036 813.031 225.844 38.3765 12.0861 26.2904 187.468 8.96705 178.5 8.88734 169.613 44.7278 14.3572 6.82153 587.187 15.4659 10837.9 27.9487 10809.9 6008.08 1390.46 355.128 46.3252 15.9595 308.803 70.5048
internal_count=4827759 72259 25398 10410 380 10030 3719 842 442 400 2877 329 2548 293 2255 334 241 254 6311 1246 46861 454 46407 33953 8179 1877 297 218 1580 455
cat_boundaries=0 1 2 3 4 5 6
cat_threshold=4 40 17 8 49 1
is_linear=0
shrinkage=0.08


Tree=78
num_leaves=31
num_cat=12
split_feature=47 32 41 34 17 47 3 34 3 12 3 3 18 3 40 6 45 39 32 33 11 22 41 3 3 34 11 45 37 19
split_gain=1977.31 2814.53 1969.68 15922.6 34019.3 59134.6 7726.17 8341.65 28931.5 13232.4 89812.3 106934 5007.51 19606.1 2198.03 9373.28 5391.21 6276.28 1820.58 1726.59 1730.69 1724.44 2400.75 1710.11 1676.94 1758.32 1538.79 1517.53 1461.86 1684.55
threshold=0 -4.2449998855590811 1 2 1.0000000180025095e-35 3 146.129997253418 4 92.665000915527358 120.00000381469728 72.83499908447267 9.4899997711181658 2100.924926757813 358.23500061035162 5 322.27490234375006 6 7 -6.2950000762939444 1.0000000180025095e-35 26.500000000000004 1.0000000180025095e-35 8 174.31500244140628 502.63500976562506 9 34.500000000000007 10 11 109.17499923706056
decision_type=1 10 9 1 2 1 10 1 10 2 10 10 2 10 1 2 9 9 10 2 2 2 9 8 8 1 2 9 1 2
left_child=18 2 3 4 5 -2 7 -5 9 10 11 -9 14 -14 -8 16 17 -16 27 28 -21 24 -23 -19 25 -4 -22 -1 -3 -30
right_child=1 19 21 6 -6 -7 12 8 -10 -11 -12 -13 13 -15 15 -17 -18 23 -20 20 26 22 -24 -25 -26 -27 -28 -29 29 -31
leaf_value=-0.023411221566569402 9.3896248758173027 -0.040756416171272687 0.0045922188114323583 0.020638448256866476 0.17808088352480031 1.1368632555539133 -0.067138311727194311 -8.0157240552328339 -0.81947836044390743 -0.30143871409882572 -4.2778619055101039 -72.057365696509379 4.0211031257823739 -0.21261298263078623 1.9990669947030824 2.8537841077743593 -0.345005198476316 -0.32890399185165131 0.007774404794052535 0.024956305440425753 0.29626563258928867 -0.019536874539247732 0.05927414519956628 0.99927583601977232 0.028298286915475743 -0.021959657550878583 -0.10264061487204633 3.162140137380179e-05 -0.0020371880484153075 -0.017173529112793646
leaf_weight=22676.085601441606 7.9246932234062797 10553.639418461808 51953.868307315744 67.418775709600936 61.86333062249593 18.596875881886046 303.61738571503622 0.3848789372807519 34.07490370089775 1.5113692022860048 3.9227912092997328 0.29458951220407553 10.042756164504679 23.108950024703518 18.646919576780302 8.8894567047145738 60.169910420230181 18.917656330222574 217732.1456101372 3523.5181912772555 282.17027238817309 3636.4169373504651 7718.2049207261789 9.2319898259551838 12305.820283809328 23029.808685553493 79.277834241976961 79975.797652406982 87546.024567365792 101745.75127265937
leaf_count=37326 251 354612 490635 544 267 217 3086 43 815 18 451 306 114 286 141 118 810 215 242302 42796 1824 68885 102042 198 348573 308595 1879 104456 998387 1718470
internal_value=-0.00074808 -0.00538083 0.00566312 0.143554 1.08318 3.6028 -0.0210823 -0.630766 -1.38424 -6.79616 -8.929 -35.7815 0.123398 1.06992 0.0485931 0.329259 0.15024 0.709192 0.00363363 -0.0107634 0.0420581 0.00474141 0.0340692 0.106687 0.000926993 -0.003565 0.208772 -0.00514925 -0.0117902 -0.0101725
internal_weight=623407 303023 99292.7 648.617 88.3849 26.5216 560.232 107.607 40.1885 6.11363 4.60226 0.679468 452.625 33.1517 419.473 115.856 106.966 46.7966 320384 203730 3884.97 98644.1 11354.6 28.1496 87289.5 74983.7 361.448 102652 199845 189292
internal_count=4828662 4444578 1326610 7880 735 468 7145 2177 1633 818 800 349 4968 400 4568 1482 1364 554 384084 3117968 46499 1318730 170927 413 1147803 799230 3703 141782 3071469 2716857
cat_boundaries=0 1 2 3 4 5 6 7 8 9 10 11 12
cat_threshold=2 16 32 1 4 2 9 1 5 15 40 16
is_linear=0
shrinkage=0.08


Tree=79
num_leaves=31
num_cat=4
split_feature=2 32 38 3 18 13 19 19 11 7 34 3 37 32 32 13 3 32 4 19 19 19 7 13 32 4 5 3 38 32
split_gain=2090.38 6850.33 22385.8 7316.39 133449 113452 6959.73 43476.6 192838 399587 5253.08 8030.71 10309.2 35570.5 76890.7 144585 11268 11580.6 11247.4 24786.4 76442.1 14778.3 4819.68 72012.8 145108 877168 502252 3506.49 3368.58 5189.74
threshold=inf 31.085000038146976 0 665.25500488281261 790.02499389648449 117.54999923706056 6104.6499023437509 8383.3750000000018 13.500000000000002 400.00003051757818 1 287.25500488281256 2 -3.4850000143051143 -0.34499999880790705 237.7749938964844 299.81999206542974 -1.8650000095367429 1.0000000180025095e-35 1258.7750244140627 2393.0749511718755 1.0000000180025095e-35 378.00001525878912 606.79495239257824 inf 2.5000000000000004 3.5000000000000004 323.29499816894537 3 -9.5349998474121076
decision_type=8 8 1 8 2 2 2 2 2 2 1 8 1 8 10 2 10 8 8 2 2 2 2 2 8 8 2 10 1 8
left_child=-1 2 -2 6 5 -5 10 -8 9 -9 -4 -12 13 18 15 -15 17 -14 19 21 -21 -13 -3 24 -24 -26 -27 -18 29 -29
right_child=1 22 3 4 -6 -7 7 8 -10 -11 11 12 16 14 -16 -17 27 -19 -20 20 -22 -23 23 -25 25 26 -28 28 -30 -31
leaf_value=-0.00085827683140117506 1.9216965656350624 -0.022423328294932845 0.022833748477684795 40.372428289409029 -0.24093239494620272 -0.54708513060826935 -0.064523026613435758 147.62471721248693 -0.1015778837305968 -2.4491083209168969 0.088070878836585126 4.9946201535130195 4.0806960705566562 41.278609335578167 -1.1927723532305483 -0.89665046289718153 0.46064932045332235 -0.079329458421447938 0.29876291954157014 26.826849799975264 -0.086555867778483883 -0.18919021684930129 -0.38781542496970639 0.027570167050161229 -2.7504690736854025 36.20662556218273 181.02188209504234 -0.44260064575118663 0.069654066746855717 -3.9815328276392314
leaf_weight=608394.26325053163 33.050315693427819 7949.6285309781188 3502.8481224579796 1.000835068755948 21.324938991546794 0.76517798508788248 11.929057010354709 0.1888956481467895 1.7586336344102234 0.28466595050258547 1086.5821645526403 5.1179739222877272 9.9299949422854734 1.0176623694715083 2.4490923609464801 1.0642660110715949 168.14127228654206 7.530635250985088 40.135075379707374 1.0420146921626154 1.9198441246477997 11.270709156320008 4.4394695491903642 128.03398900974844 1.9476532904559998 0.31376557857668208 0.29966064369930967 6.2740186842856893 157.61419164162751 4.5939033262908193
leaf_count=4755699 146 25085 28491 125 1149 128 498 151 281 101 7449 64 113 203 1099 408 514 122 132 147 153 343 134 1332 279 82 135 226 1339 2046
internal_value=-0.000175877 0.0313659 0.104189 0.0882973 1.50923 22.6428 0.0819393 1.85295 12.1001 57.4128 0.0769309 0.201377 0.50066 1.36916 8.41581 19.7189 0.296595 2.28651 1.06259 2.64684 9.38188 1.42965 -0.0143729 0.459562 8.36033 23.5247 106.949 0.202189 -0.0557487 -1.00957
internal_weight=621557 13162.5 5077.83 5044.78 23.091 1.76601 5021.69 14.1613 2.2322 0.473562 5007.53 1504.68 418.101 64.0166 4.53102 2.08193 354.084 17.4606 59.4856 19.3505 2.96186 16.3887 8084.66 135.035 7.00055 2.56108 0.613426 336.623 168.482 10.8679
internal_count=4828174 72475 45428 45282 1402 253 43880 1031 533 252 42849 14358 6909 2549 1710 611 4360 235 839 707 300 407 27047 1962 630 496 217 4125 3611 2272
cat_boundaries=0 1 2 3 4
cat_threshold=1 71 67 674
is_linear=0
shrinkage=0.08


Tree=80
num_leaves=31
num_cat=5
split_feature=2 7 43 19 3 19 11 19 13 6 4 36 3 6 17 17 17 19 36 19 4 43 3 19 7 7 3 6 17 43
split_gain=2132.06 5844.38 3971.24 10925 5823.36 50877.6 96728 213490 7796.68 6410.17 5730.82 10815.3 52136.6 74520.1 4090.31 4023.28 8344.26 70470.7 4943.68 13361.6 32113 4296.01 5941.3 10486.7 3616.68 12030.4 8173.14 32925.9 130164 2714.9
threshold=inf 30.07499980926514 0 43.274999618530281 489.82499694824224 650.77499389648449 3.5000000000000004 597.58499145507824 450.00003051757818 212.00000762939456 inf 1 189.3850021362305 236.64998626708987 2.5000000000000004 10.500000000000002 11.500000000000002 502.57499694824224 2 1382.799987792969 1.5000000000000002 3 316.05499267578131 135.57500457763675 830.02499389648449 895.82501220703136 502.63500976562506 1295.0250244140627 18.500000000000004 4
decision_type=8 2 9 2 10 2 2 2 2 2 8 9 10 2 2 2 2 2 9 2 8 9 10 2 2 2 10 2 2 9
left_child=-1 29 3 -3 10 6 -6 8 -8 -7 -5 12 14 -14 -12 21 17 -17 19 20 -18 22 -4 -24 -20 -26 -27 -28 -29 -2
right_child=1 2 15 4 5 9 7 -9 -10 -11 11 -13 13 -15 -16 16 18 -19 24 -21 -22 -23 23 -25 25 26 27 28 -30 -31
leaf_value=-0.0008160615262624636 0.073681695270141442 1.9665502184925512 -0.35135119898542594 -0.055780532062372677 -0.9189183645725324 3.3128574266947477 74.543191026318908 0.080200705153906399 99.617122114366282 -0.096985697849507918 1.6599642103936987 0.15338635361520284 -1.8897570882549761 14.209090689840959 -0.74034957656090083 9.6224697178430105 0.014726689035969853 -0.04707574028167863 -0.032052850167224374 -0.010047330883428953 6.2846366762985815 0.069595623857672498 -14.1706678607359 -1.9467486175312771 3.5493192484806246 -0.13549910138236659 0.024321595958083933 -0.83567529119675099 77.925008462255775 -0.015036822593838095
leaf_weight=608170.25750810921 3020.749908714361 26.086666010876741 106.79446617703394 228.12956553441794 1.1208830805143757 4.2257472180002642 0.18123428671889885 0.44605818390846252 0.14120643715758163 21.382174618561457 7.4310874364681849 117.87207663803387 3.0047394831737773 4.7480446337353834 11.693164565939457 5.7104769811121932 13.021949729314658 31.060896185981463 304.20825631093527 33.78201100977958 8.7349020694166466 1025.3532860674848 0.50469135553438071 4.0819584057964082 7.9675283359196589 41.689486881403241 2.8386465882297163 0.52412533180201926 0.18055476841253837 8119.8818652640784
leaf_count=4754766 13529 183 1504 2958 99 142 167 22 64 968 62 429 163 201 216 165 70 478 4791 238 182 8941 255 789 158 1099 237 110 378 33586
internal_value=-0.000126871 0.0317387 0.157191 0.371538 0.276894 1.40042 14.0692 35.93 85.5238 0.465697 0.194042 0.587771 1.77524 7.96967 0.192337 0.0966207 0.299777 1.45457 0.196946 0.835352 2.53196 0.0170975 -0.433517 -3.29181 0.0723457 0.682913 0.17801 3.86664 19.3446 0.00907159
internal_weight=621324 13153.5 2012.92 426.463 400.376 27.4973 1.88938 0.768499 0.322441 25.6079 372.879 144.749 26.877 7.75278 19.1243 1586.45 449.719 36.7714 412.947 55.5389 21.7569 1136.73 111.381 4.58665 357.409 53.2003 45.2328 3.54333 0.70468 11140.6
internal_count=4826950 72184 25069 5674 5491 1462 352 253 231 1110 4029 1071 642 364 278 19395 7906 643 7263 490 252 11489 2548 1044 6773 1982 1824 725 488 47115
cat_boundaries=0 1 2 3 4 5
cat_threshold=4 128 80 34 6
is_linear=0
shrinkage=0.08


Tree=81
num_leaves=31
num_cat=11
split_feature=38 47 32 38 36 32 35 47 38 37 3 4 32 7 34 32 23 3 37 11 32 7 16 32 3 32 36 4 11 32
split_gain=1407.58 1472.7 2370.48 2404.93 1876.09 1802.26 1852.3 2103.47 1723.81 1801.65 2087.16 2470.37 1882.55 1874.85 2109.81 1697.85 1868.1 2101.17 2256.2 1736.34 2520.7 13523.7 2032.97 3366 2214.12 1674.96 1643.72 1556.19 1532.22 1526.93
threshold=0 1 14.525000095367433 2 3 39.750000000000007 4 5 6 7 92.665000915527358 1.0000000180025095e-35 -0.26500000059604639 340.00001525878912 8 -1.4750000238418577 1.0000000180025095e-35 572.33999633789074 9 27.500000000000004 -2.2749999761581416 150.00000762939456 2.5000000000000004 -7.3949999809265128 489.82499694824224 -15.574999809265135 10 31.500000000000004 9.5000000000000018 -2.0349999666213985
decision_type=1 1 10 1 9 8 1 1 1 1 10 8 10 2 1 10 2 10 1 2 10 2 2 8 10 10 9 10 2 10
left_child=-1 2 3 -2 -4 6 -3 -8 -9 13 11 12 -11 -10 27 16 19 18 -18 25 22 -22 -21 24 -24 -5 -13 28 -15 -23
right_child=1 5 4 15 -6 -7 7 8 9 10 -12 26 -14 14 -16 -17 17 -19 -20 20 21 29 23 -25 -26 -27 -28 -29 -30 -31
leaf_value=0.0082014497736225562 -0.030873635831351443 0.015463640382549982 0.055926949257116818 0.0060837388475186993 -0.035784004535034761 -0.0086648803463832864 0.0063092471477070693 -0.024578184896650403 0.012093656350902624 0.34568909199650039 -0.032884126087550071 -0.014318365172675103 -0.09697643077792846 0.22200154378730763 0.013275223373084438 -0.014504474548498252 0.068271880240883154 -0.064617201958067833 -0.0040288544923392936 0.0029646907133120621 3.7966095407552807 0.56966311381785817 0.46851863976885078 -0.098582641963934084 1.6708719102181775 -0.030488508333847416 0.083684325994146255 0.56440056343798806 -0.023464122452411345 -0.092386135693492216
leaf_weight=121387.5655710818 29530.405898842626 73148.65905336017 6051.8159554638687 24235.700244833752 1862.0922967826054 86634.158739518491 131952.56107854386 31781.057051340358 11685.018514900126 250.22568876378506 12598.789298508262 4050.6080182285677 81.516038496041745 622.56094042542099 933.45135526636113 57328.497831799308 7587.137535891361 1313.4595179839507 4347.1581507044375 522.2519166363636 7.3602872460614881 43.3094885898754 24.958089768741047 38.744072500616312 16.141401171684265 11974.473830195646 1490.4432861607929 64.891098061576486 220.35468571016099 45.950729149830295
leaf_count=717394 1132590 158429 170982 304373 20702 266406 149639 361515 79084 718 104260 25814 769 2884 6890 901418 118669 28144 52995 7553 80 298 63 657 190 201514 10975 284 1859 856
internal_value=0.000473587 -0.00140102 -0.00819809 -0.010657 0.0343734 0.00136984 0.00460307 0.000543446 -0.0113854 0.0017252 -0.0145162 0.0248634 0.236917 0.0238989 0.0989477 -0.00509932 0.00564965 0.03142 0.0419896 -0.00360014 0.121313 0.500626 0.0604428 0.436404 0.94073 -0.00601047 0.0121678 0.184858 0.157832 0.228843
internal_weight=621831 500444 144929 137016 7913.91 355514 268880 195731 63778.9 31997.9 18471.6 5872.79 331.742 13526.3 1841.26 107485 50156.6 13247.8 11934.3 36908.9 698.716 96.6205 602.095 79.8436 41.0995 36210.2 5541.05 907.807 842.916 89.2602
internal_count=4828004 4110610 2941084 2749400 191684 1169526 903120 744691 595052 233537 142536 38276 1487 91001 11917 1616810 715392 199808 171664 515584 9697 1234 8463 910 253 505887 36789 5027 4743 1154
cat_boundaries=0 1 2 3 4 5 6 7 8 9 10 11
cat_threshold=649 4 32 193 9 2 100 97 18 99 129
is_linear=0
shrinkage=0.08


Tree=82
num_leaves=31
num_cat=12
split_feature=37 4 41 34 27 41 6 41 37 18 6 17 34 19 12 11 41 42 45 12 18 6 33 34 6 6 17 11 17 48
split_gain=1579.12 2385.12 2150.13 2182.06 1700.83 1551.56 1467.66 1211.04 1185.27 1795.11 6952.42 1212.54 1606.32 1908.36 1520.48 1274 1211.48 1142.1 1246.38 1083.21 6620.91 1635.36 1069.89 1559.2 1004.19 3215.76 1939.95 4273.52 1289.71 945.7
threshold=0 9.5000000000000018 1 2 7.5000000000000009 3 11601.450195312502 4 5 199.05000305175784 80.000030517578139 25.500000000000004 6 838.77499389648449 16317.201171875002 4.5000000000000009 7 8 9 111.59991455078126 115.04999923706056 111.22500610351564 1.0000000180025095e-35 10 1037.2249755859377 2214.3498535156255 29.500000000000004 19.500000000000004 34.500000000000007 11
decision_type=1 10 9 1 8 9 2 9 1 2 2 2 1 2 2 2 9 9 9 2 2 2 2 1 2 2 2 2 2 9
left_child=7 2 22 4 -4 -5 -6 -1 9 10 17 15 13 14 -13 16 -10 18 -3 -18 21 -21 -2 -24 -15 26 -26 -28 -29 -9
right_child=1 8 3 5 6 -7 -8 29 11 -11 -12 12 -14 24 -16 -17 19 -19 -20 20 -22 -23 23 -25 25 -27 27 28 -30 -31
leaf_value=-0.013674293558582793 -0.020012109625248173 0.79794576658425986 0.10721996407163679 0.020905663359428589 -0.0025654053967750366 0.0048265042497618298 -0.048674408671153739 -0.00049738262732113491 -0.0041647669980176896 -0.016218504712369693 1.2070138325022135 0.28802534343895642 0.007216384517185404 0.022724735034020328 1.1384092370072247 -0.012724894254718582 0.024551099828456647 0.021382244767269798 -0.023418772634511389 0.71213587451165805 0.061344512125257343 1.8772910315908469 0.41664867897999541 0.029286007130015772 0.085681986184783857 0.029252003349549995 1.5992949492602859 0.62508002388826367 -0.036819561184375578 0.20072229978037481
leaf_weight=73061.04806146452 31643.076767575749 22.63427208038047 888.52924219646968 51668.855772377181 173433.23564495376 149652.86051817233 4533.5586436399899 102703.37483626335 5606.2494822324243 249.32342643934948 43.698900384828448 33.5492842590902 695.96929470187752 265.74989163948339 22.46847236296162 6306.662841315323 11135.185015082083 208.37773741595453 26.807538316585124 17.361597000622169 5446.2960401965966 13.867400152899792 74.266538515222649 342.65285066393204 50.945422661490738 226.36010265583172 25.16022318881005 59.538033118005842 27.562068069819361 149.70116273773601
leaf_count=385233 168435 116 5740 499265 1948727 1101050 56479 479310 24399 2483 201 265 5905 2316 83 49007 57335 997 168 68 35450 163 138 1964 157 1027 121 89 302 642
internal_value=0.000612563 0.00316035 0.00156365 0.00324157 -0.00318858 0.00895402 -0.00373999 -0.00579926 0.0247537 0.140056 0.273923 0.0225775 0.0950765 0.178429 0.629111 0.0190087 0.0280161 0.11577 0.423581 0.0388552 0.0680047 1.22953 -0.0183289 0.108984 0.142627 0.22442 0.495111 0.680916 0.415628 -0.00020449
internal_weight=618635 442721 412237 380177 178855 201322 177967 175914 30483.8 550.842 301.518 29932.9 1407.3 711.333 56.0178 28525.6 22219 257.82 49.4418 16612.7 5477.53 31.229 32060 416.919 655.316 389.566 163.206 112.26 87.1001 102853
internal_count=4827635 3962450 3781798 3611261 2010946 1600315 2005206 865185 180652 3965 1482 176687 10265 4360 348 166422 117415 1281 284 93016 35681 231 170537 2102 4012 1696 669 512 391 479952
cat_boundaries=0 1 2 3 4 5 6 7 8 9 10 11 12
cat_threshold=4 1 113 36 38 80 20 1 18 12 33 1
is_linear=0
shrinkage=0.08


Tree=83
num_leaves=31
num_cat=17
split_feature=47 46 38 44 3 45 38 3 37 17 41 3 12 44 40 41 38 31 3 6 0 23 3 38 45 6 47 23 35 41
split_gain=1599.43 2722.29 3076.99 3437.62 3535.86 2385.41 5177.47 3884.04 2669.39 2628.99 2755.35 3280.64 2407.12 2365.67 2346.34 2420.78 22426.6 45495.8 50461.1 142576 48217.8 26654 14028.8 5951.35 7539.53 28631.9 4775.5 5713.49 3760.52 2320.41
threshold=0 1 2 3 253.90000152587893 4 5 118.47000122070314 6 6.5000000000000009 7 217.04499816894534 259.82499694824224 8 9 10 11 1.0000000180025095e-35 158.14499664306643 39.00001525878907 1.5000000000000002 -1.0000000180025095e-35 299.81999206542974 12 13 55.049999237060554 14 -1.0000000180025095e-35 15 16
decision_type=1 1 1 9 8 9 1 8 1 2 9 8 2 9 1 9 1 8 8 2 2 2 8 1 9 2 1 2 1 9
left_child=-1 13 3 5 -5 6 -3 -7 9 10 11 12 -8 -2 -4 16 17 18 19 20 21 -16 -20 24 25 26 -18 -28 -25 -6
right_child=1 2 14 4 29 7 8 -9 -10 -11 -12 -13 -14 -15 15 -17 23 -19 22 -21 -22 -23 -24 28 -26 -27 27 -29 -30 -31
leaf_value=0.0038592215163188149 0.063979038400311924 -0.46866870269366878 0.0042968184919042821 -0.039512589362417659 0.4997155182391218 0.07004401721457941 0.42552542678790195 -0.042053340703542309 -0.0018906583035533085 -0.037087600148369655 0.066623694024588009 0.17873711156332217 1.6423697398725969 -0.00435427081330608 28.523382841041684 -0.027016168266917221 -0.13090305997113402 -0.5272861837786611 8.0514197011343782 58.770663416173669 -0.888937865062704 -1.1262365005257293 -2.8025137766430128 0.14960111345719745 0.11787865238814155 6.6705083071746172 2.4117709343611948 -0.30703504918265084 -0.26523956500753848 -0.0077699983206058042
leaf_weight=320983.72753082297 6828.3554398412198 118.76685969639129 152790.40833775781 44390.74349448194 47.746843828324749 2586.3703254015586 27.993489576503521 8412.9411111273912 5101.6877132036334 1108.1655176035874 4233.8237706406599 1207.2644910337499 16.558336284011602 6174.221968370548 0.87004660680275936 23811.18379159693 22.394961054535372 4.8035868789534222 1.5828093806332679 0.45330691606218065 1.263488133176351 0.24974654509385508 1.4698772828521973 225.44762292925387 208.73463555132628 5.7965353039888319 15.086111451701793 7.3602840118110864 341.66628700903743 41651.834213620459
leaf_count=384226 16893 1287 1629435 757410 1103 10068 444 38495 68899 14825 20654 14751 74 26551 456 205315 297 101 123 69 191 10 137 819 879 169 413 90 4684 1628871
internal_value=-6.36699e-05 -0.00427013 -0.00589584 -0.0164806 -0.0237988 0.0111286 0.0360713 -0.0156806 0.0415929 0.0751884 0.0980066 0.202002 0.877783 0.0315312 0.00060149 -0.0222976 0.110644 2.71326 9.96352 17.6456 9.82353 21.9107 2.82522 0.0449382 0.355058 1.15206 0.695626 1.52026 -0.100591 -0.00707094
internal_weight=620329 299345 286343 108904 86090.3 22813.6 11814.3 10999.3 11695.5 6593.81 5485.64 1251.82 44.5518 13002.6 177439 24648.4 837.179 10.6929 5.88927 2.83659 2.38328 1.11979 3.05269 826.486 259.373 50.6379 44.8414 22.4464 567.114 41699.6
internal_count=4827739 4443513 4400069 2556881 2387384 169497 120934 48563 119647 50748 35923 15269 518 43444 1843188 213753 8438 1087 986 726 657 466 260 7351 1848 969 800 503 5503 1629974
cat_boundaries=0 1 2 3 4 5 6 7 8 9 10 11 12 13 14 15 16 17
cat_threshold=2 2 45 1 34 1 97 36 2 6 16 128 512 4 1 8 16
is_linear=0
shrinkage=0.08


Tree=84
num_leaves=31
num_cat=17
split_feature=38 45 43 3 31 31 34 43 3 3 23 34 40 5 3 48 45 38 36 4 45 36 18 3 43 3 36 13 45 49
split_gain=1215.55 4094.85 3362.7 38706.9 2639.19 2049.99 5923.22 10464.7 11828.5 1665.94 1646.08 1511.14 2253.79 1404.45 1282.45 1214.57 1000.76 1574.73 1120.03 1967 983.957 952.753 1191.96 1473.16 1508.32 1555.33 1467 1458.92 1406.52 1517.64
threshold=0 1 2 40.094999313354499 inf inf 3 4 158.14499664306643 389.10499572753912 10.500000000000002 5 6 7.5000000000000009 137.129997253418 7 8 9 10 26.500000000000004 11 12 67.075000762939467 502.63500976562506 13 74.955001831054702 14 18.024999618530277 15 16
decision_type=1 9 9 10 8 8 1 9 8 8 2 1 1 2 8 9 9 1 9 8 9 9 2 10 9 8 9 2 9 9
left_child=1 9 3 -3 -5 6 7 8 -4 -1 -8 -6 -13 20 -15 21 17 -17 19 -19 -7 22 23 24 25 26 -2 -24 -29 -30
right_child=15 2 5 4 11 13 10 -9 -10 -11 -12 12 -14 14 -16 16 -18 18 -20 -21 -22 -23 27 -25 -26 -27 -28 28 29 -31
leaf_value=-0.16840126530183563 -0.016458104609671908 3.68513151659142 2.4305782153040822 0.46606791532339797 0.24333634635846435 0.020562856254191374 0.037528965623830783 0.11042968975107087 0.46873695300971241 0.054533545597525691 0.49994375288826698 -0.074705215252625412 -0.87685698595015138 0.62590837500688379 0.11103660271898663 -0.12375618796350343 -0.047701954431647042 0.11096962714130791 0.10443288784142697 0.78066918477136238 -0.018223045836187324 -0.0090645046141470797 0.015211983443069106 0.02756306649172597 -0.0056553257025203007 -0.055763286287498631 -0.49126467349399355 0.002879984546334825 0.73725818010659994 -0.016036732274761704
leaf_weight=1030.0401571793559 76.894724077788595 20.14061578044857 33.021210965315376 66.081220837890328 45.802405231484471 10297.946706102521 5730.9092536612443 253.46209725326582 48.642704810246897 270.96143450336785 49.695671245390258 109.33613234924087 20.779631007355221 41.141492124000145 125.1267949041968 169.24309156209347 378.06497158031561 65.879176341928542 1014.8822489177692 48.905941025353968 7039.3803650992922 90150.99355855427 52913.288525624026 8678.7095168391825 200891.4091082697 628.58664081224583 106.95706320716158 205873.77468834349 17.126345993950963 30185.134822935535
leaf_count=8563 253 196 171 437 76 25126 17444 557 311 589 92 450 460 58 333 1293 3658 352 7991 76 22734 467487 478552 116817 1179628 5260 1829 2063834 78 423964
internal_value=-0.000568939 0.0166411 0.0241891 0.303864 0.0350113 0.0209578 0.0608391 0.382919 1.12434 -0.12104 0.0414327 -0.126909 -0.256248 0.00703536 0.238437 -0.00130227 0.066684 0.0995782 0.13383 0.364546 0.00481618 -0.00149569 -0.000129112 -0.00470994 -0.00609855 -0.11422 -0.320296 0.0032057 0.000514655 -0.0156044
internal_weight=616382 25182.5 23881.5 262.14 241.999 23619.3 6115.73 335.126 81.6639 1301 5780.6 175.918 130.116 17503.6 166.268 591200 1676.98 1298.91 1129.67 114.785 17337.3 589523 499372 210383 201704 812.438 183.852 288989 236076 30202.3
internal_count=4828669 77597 68445 1619 1423 66826 18575 1039 482 9152 17536 986 910 48251 391 4751072 13370 9712 8419 428 47860 4737702 4270215 1303787 1186970 7342 2082 2966428 2487876 424042
cat_boundaries=0 1 2 3 4 5 6 7 8 9 10 11 12 13 14 15 16 17
cat_threshold=1 32 2 32 4 1 8 1 5 530 64 1 131 2 2 13 2
is_linear=0
shrinkage=0.08


Tree=85
num_leaves=31
num_cat=5
split_feature=2 7 19 38 6 32 19 19 12 39 4 32 43 7 7 34 11 11 11 32 36 19 32 32 7 16 6 12 32 12
split_gain=2028.09 9964.24 11415.9 30065.2 93665.3 112093 5223.08 6496.53 26619.3 4871.48 39818.2 4845.36 4763.15 15042.4 77978.7 7590.23 4400.03 27231.7 37917.7 4110.85 8929.4 17978.5 9717.45 7075.27 3538.61 20886.9 4045.56 18914.4 10581.4 11938.8
threshold=inf 65.000015258789077 89.924999237060561 0 80.000030517578139 20.855000495910648 564.42501831054699 614.51998901367199 399.82499694824224 1 42.500000000000007 -73.520000457763658 2 26.324951171875004 37.549999237060554 3 39.500000000000007 52.500000000000007 49.500000000000007 -2.0349999666213985 4 43.274999618530281 3.9450000524520878 5.3350000381469735 124.76499938964845 1.0000000180025095e-35 2214.3498535156255 2644.474975585938 inf 3976.2500000000005
decision_type=8 2 2 1 2 8 2 2 2 9 8 10 9 2 2 1 2 2 2 8 9 2 10 8 2 2 2 2 8 2
left_child=-1 11 3 -3 -5 -6 -4 8 -8 10 -9 -2 13 15 -15 19 24 18 -18 -13 -21 22 -22 -24 25 -11 -26 -28 -29 -30
right_child=1 2 6 4 5 -7 7 9 -10 16 -12 12 -14 14 -16 -17 17 -19 -20 20 21 -23 23 -25 26 -27 27 28 29 -31
leaf_value=0.0008482473472658799 -0.03082937759447154 0.063373332837011742 0.014380325078116048 1.3002436741341783 29.201929333955281 5.6024669761457986 5.664577982428292 -0.17489048925735179 0.3392262823772853 0.16681266735463213 10.482630778550213 0.22010869128832933 0.040953801790671936 11.268775777511012 -0.68846483663627067 -0.033502693898066038 16.471873643349522 -0.26516878657955317 -0.27635208008979278 0.11383794500751576 4.3483705459692246 -0.054351224524242847 -0.0011137526135465454 2.9921699730490952 0.056194602339338345 4.0611519970547647 5.2614609206552698 0.10824168518818438 -0.28012122117039567 6.2023475253711871
leaf_weight=605318.2749056709 7689.7655584376189 80.248933498713512 807.23178888201778 17.623061536673529 1.8564437922074475 4.2076577362466612 7.2911789647123717 13.218015951408349 34.115864057765492 60.982575715197783 2.7023064230772542 107.07221013053102 3131.9720710351176 4.817615638422672 12.671660412334996 326.06580489398925 1.6710108065526752 11.807879309508062 1.7938931308194412 66.928853444849864 15.852132398283272 21.575850278120193 8.8138816347887641 11.847043370458294 583.70528981295092 10.303501469080599 5.2869502934389763 89.539316726738605 3.3220291063990732 4.0168671297119092
leaf_count=4753877 21872 198 8658 138 176 190 167 1065 402 571 183 333 23782 147 339 2610 164 247 42 260 211 330 37 238 7851 177 133 1646 69 178
internal_value=0.00152317 0.0326189 0.210879 1.02389 2.98925 12.8271 0.15926 0.300206 1.27694 0.248904 1.63411 0.00539004 0.0805107 0.289983 2.60529 0.222631 0.220354 1.56473 7.80077 0.559799 0.895507 1.51562 2.85842 1.71525 0.193236 0.72969 0.13748 0.601892 0.347605 3.26799
internal_weight=618457 13138.3 1740.92 103.936 23.6872 6.0641 1636.99 829.757 41.407 788.35 15.9203 11397.4 3707.62 575.645 17.4893 558.156 772.429 15.2728 3.4649 232.09 125.018 58.0889 36.5131 20.6609 757.157 71.2861 685.87 102.165 96.8782 7.3389
internal_count=4826291 72414 22255 702 504 366 21553 12895 569 12326 1248 50159 28287 4505 486 4019 11078 453 206 1409 1076 816 486 275 10625 748 9877 2026 1893 247
cat_boundaries=0 1 2 3 4 5
cat_threshold=54 2 4 48 66
is_linear=0
shrinkage=0.08


Tree=86
num_leaves=31
num_cat=9
split_feature=1 47 47 37 18 25 36 32 32 3 3 41 37 16 45 22 19 17 19 45 32 34 24 19 13 23 3 32 3 3
split_gain=1574.53 1550.19 1399.66 1381.07 1375.04 1340.04 1171.7 1162.83 1049.57 1464.32 1026.84 1020.78 1942.37 1525.39 2072.15 1528.43 1519.79 3117.94 4291.43 2849.38 2620.23 10552.2 5425.72 4975.34 5661.07 3966.82 8399.45 5081.1 19714 3674.89
threshold=1.5000000000000002 0 1 2 638.02499389648449 8.5000000000000018 3 -9.5349998474121076 -73.520000457763658 18.32499980926514 122.18500137329103 4 5 1.0000000180025095e-35 6 1.0000000180025095e-35 580.75500488281261 101.50000000000001 188.02500152587893 7 3.3249999284744267 8 7.5000000000000009 230.0249938964844 223.15000152587893 5.5000000000000009 330.00500488281256 4.8350000381469735 617.77502441406261 237.59500122070315
decision_type=2 1 1 1 2 8 9 8 8 8 10 9 1 2 9 2 2 2 2 9 10 1 2 2 2 2 10 10 8 10
left_child=2 3 5 -2 -5 10 -3 -8 9 -7 -1 12 16 15 -15 -13 17 19 -19 20 -10 23 29 24 25 27 -27 28 -22 -23
right_child=1 6 -4 4 -6 8 7 -9 11 -11 -12 13 -14 14 -16 -17 -18 18 -20 -21 21 22 -24 -25 -26 26 -28 -29 -30 -31
leaf_value=-0.10898462607436914 -0.077234887805660513 0.011102342766960663 0.00083449680187225772 0.016987489345456092 0.074400740768043372 0.3705823763831419 0.067959825559853457 -0.013103654124580921 0.053334865882801279 -0.095005962001185579 0.100311141796427 -0.013196582905782973 -0.036146185417671443 0.052576150680197616 -0.017074610992983481 -0.067118980233370332 -0.015808868737609817 3.4757181447586509 -0.098725613251743477 0.00251708621343043 0.87705788070385127 1.8065467502932191 2.6221236025174206 -0.087196625338264513 4.151587876643025 4.097119766805009 -0.09262073136486032 0.49538444806860604 6.7365303705017539 0.033719938138632048
leaf_weight=173.26989483504076 630.94090739206877 69554.036327978145 384052.00062237628 5699.2038272013706 5022.4843650998264 44.70593706745143 1189.9208313659346 23474.94795657901 2952.4170344691838 1311.8656001500749 1118.2291220805012 91859.980672367776 4653.9693557378487 5246.9489162500913 5690.177626590309 3492.127824721043 4301.3946710094278 4.0115845855325443 4.6314091861713678 5457.3030316152663 29.722032456891611 7.5532021038234225 5.2832666232716283 39.480462269973941 3.3770168013870707 6.8420591959729773 5.5435312346089631 122.84810946043581 4.1932807348202905 808.21754913660698
leaf_count=2345 5297 780464 1338173 12370 10611 89 4085 138433 105127 12151 20594 1625299 74114 110552 105673 82513 208689 68 150 153690 679 50 152 3255 40 92 331 4426 244 28506
internal_value=0.00026074 0.00915561 -0.0015755 0.0370829 0.0438414 -0.00884371 0.00579059 -0.00918914 -0.00967438 -0.0796625 0.0722316 -0.00891298 0.00847873 -0.0119245 0.0163719 -0.0151714 0.0235951 0.0415531 1.56033 0.040163 0.0914755 0.201364 0.0658822 0.690385 0.908341 0.84359 2.22188 0.734694 1.60152 0.0501345
internal_weight=616968 105572 511396 11352.6 10721.7 127344 94218.9 24664.9 126053 1356.57 1291.5 124696 18406.8 106289 10937.1 95352.1 13752.8 9451.42 8.64299 9442.78 3985.48 1033.06 821.054 212.006 172.526 169.149 12.3856 156.763 33.9153 815.771
internal_count=4828262 951260 3877002 28278 22981 2538829 922982 142518 2515890 12240 22939 2503650 579613 1924037 216225 1707812 505499 296810 218 296592 142902 37775 28708 9067 5812 5772 423 5349 923 28556
cat_boundaries=0 1 2 3 4 5 6 7 8 9
cat_threshold=1 4 18 128 4 113 36 36 32
is_linear=0
shrinkage=0.08


Tree=87
num_leaves=31
num_cat=3
split_feature=2 7 7 6 3 18 38 3 6 26 32 3 3 32 43 38 23 12 3 3 22 32 3 5 1 11 6 11 3 4
split_gain=6165.29 7773.08 8627.68 21432.3 76414.7 560607 8746.59 15789.4 37819.4 8143.77 33943.9 40087 93269 5513.5 6769.3 10218 9626.96 37334.9 145013 21988.8 5469.37 8242.66 4876.94 3640.64 25553.6 42667.4 134082 12705.6 23351.5 6843.18
threshold=inf 55.000007629394538 89.000007629394545 220.00000762939456 86.245002746582045 425.22000122070318 0 158.14499664306643 69.000015258789077 6.5000000000000009 10.59500026702881 150.37500000000003 179.04499816894534 -73.520000457763658 1 2 1.5000000000000002 50.049999237060554 261.02499389648443 389.10499572753912 1.5000000000000002 1.4049999713897707 476.17500305175787 11.500000000000002 1.5000000000000002 24.500000000000004 1295.0250244140627 17.500000000000004 394.32499694824224 inf
decision_type=8 2 2 2 10 2 1 8 2 10 8 10 10 10 9 1 2 2 10 8 2 10 8 2 2 2 2 2 8 8
left_child=-1 13 3 6 -5 -6 -3 8 -8 23 -11 -12 -13 -2 15 16 -15 18 -18 -19 -16 -22 -9 -4 29 27 -27 28 -26 -25
right_child=1 2 9 4 5 -7 7 22 -10 10 11 12 -14 14 20 -17 17 19 -20 -21 21 -23 -24 24 25 26 -28 -29 -30 -31
leaf_value=-0.00054465892880627294 -0.0036699419742871231 -0.0044264487648380535 0.10134953050674225 0.81343417203036894 79.244431816303717 -0.94637733375741184 0.78955348329799468 -0.30655260419288594 8.2311662011576434 -0.32339921548990391 -0.91884785533982538 -0.1332444794193722 40.85882540971857 0.57052943619280438 0.050266590838226169 0.076923477142518182 30.698816945436661 -0.30880562053758576 -0.9313002464749397 5.9361451793347433 -0.14164662174323106 3.1597468848669967 2.295725184956571 -0.17938867858179808 18.067893562948868 46.196260662844644 -0.73481783381399024 -0.0983862533593544 -0.88036802146416804 1.3749687470106269
leaf_weight=604912.51394586905 8367.7824448744013 113.95221912185309 1319.2292057733464 16.149503607318003 0.67986049941198601 3.1112821122972432 13.531605785306956 21.840234614888942 6.4561835870726609 7.3208967161984235 1.120614299819602 0.74912431936760959 0.67561432467802174 258.91261992412853 2817.7700739918337 419.22858096414586 1.3510033718371195 18.964254953169469 2.9603216235781984 4.4564390466548458 10.389284744346085 9.0616597025342998 5.8420376933176454 70.126303231179989 0.7813824808605484 0.60957936221770159 1.0796831903878943 4.918400315650465 0.89078471207085641 24.446857534240308
leaf_count=4757181 21759 753 17092 113 186 419 127 454 196 610 18 5 208 1684 21133 3603 60 462 266 267 146 71 105 1319 80 120 295 287 139 509
internal_value=0.000649691 0.05407 0.218853 0.738372 3.2129 13.4341 0.43307 1.22321 3.19324 0.152981 2.44346 10.4014 19.3053 0.0317476 0.115394 0.335325 0.697914 2.13887 8.98036 0.87947 0.0592861 1.39638 0.242629 0.13709 0.595515 4.85719 16.2005 1.94973 7.97391 0.222408
internal_weight=618437 13524.4 1613.51 181.563 19.9406 3.79114 161.622 47.6701 19.9878 1431.95 9.86625 2.54535 1.42474 11910.9 3543.09 705.873 286.645 27.732 4.31132 23.4207 2837.22 19.4509 27.6823 1422.08 102.853 8.27983 1.68926 6.59057 1.67217 94.5732
internal_count=4829667 72486 23035 2353 718 605 1635 882 323 20682 841 231 213 49451 27692 6342 2739 1055 326 729 21350 217 559 19841 2749 921 415 506 219 1828
cat_boundaries=0 1 2 3
cat_threshold=117 5 161
is_linear=0
shrinkage=0.08


Tree=88
num_leaves=31
num_cat=8
split_feature=31 45 2 38 17 18 12 47 32 2 38 47 7 10 7 7 31 0 5 7 46 1 33 38 32 26 6 46 32 32
split_gain=1592.7 2022.26 1943.97 8527.89 14514.6 1765.22 1719.62 1816.04 2522.15 12837 583168 3.01045e+06 4.52943e+07 3.61148e+08 763215 1.2469e+06 214807 132692 220641 71117.1 84188.3 55043.5 46415.1 6407.79 6495.54 4644.45 4122.89 3970.78 3728.74 5000.46
threshold=1.0000000180025095e-35 0 inf 1 1.5000000000000002 400.02499389648443 743.95001220703136 2 -3.0749999284744258 2.5000000000000004 3 4 78.020019531250014 1.0000000180025095e-35 229.00001525878909 200.00000762939456 1.0000000180025095e-35 1.5000000000000002 4.5000000000000009 48.00000190734864 5 1.0000000180025095e-35 1.0000000180025095e-35 6 3.7250000238418584 7.5000000000000009 55.049999237060554 7 -73.520000457763658 -6.7049999237060538
decision_type=10 9 8 1 2 2 2 1 10 8 1 1 2 2 2 2 8 2 2 2 1 2 2 1 8 8 2 1 8 8
left_child=6 -2 5 4 -4 -3 7 -1 9 -9 11 12 13 -11 15 -14 17 26 -19 20 21 22 -18 24 -10 -12 27 -13 -27 -30
right_child=1 2 3 -5 -6 -7 -8 8 23 10 25 16 14 -15 -16 -17 19 18 -20 -21 -22 -23 -24 -25 -26 28 -28 -29 29 -31
leaf_value=0.0013853889937777322 -0.11456732849776315 0.050078452268919424 0.40138757088183946 -0.096712588310056649 3.0503663236488205 -0.017045141734452922 0.0075784524626859116 0.0070600854086046204 0.1376874070522206 -15284.654335966472 2.2791829091890174 -8.9611913408416886 371.72846247877902 -2.9478118381682918 -5.9681020538431824 -3.3676128022440093 -22.532507914746674 54.73569559123591 -0.35918675082347629 -1.4977348939699864 -0.61611957047714094 -8.6716751407636519 -4.322644072808643 -0.015319439459007963 1.5887213777545233 -0.79662845356202183 -1.0292419455897903 -0.64679189810378979 0.333671639532026 -0.058338674414686882
leaf_weight=254456.24737426688 603.35427381675106 8410.2152634391787 54.262345028891062 150.15652065896973 17.510075212691547 3572.5450541220234 115333.73475841305 85977.437392595952 48.00645871818309 0.011223008642948118 5.5989186968654394 1.7215371387072615 0.10587537522844422 0.083794616162776947 0.49732674486737644 0.1221626551175392 9.4745615223170816 0.76474914606662725 1.1876866891980169 2.6134033459238699 2.0426852760562619 3.0985595863312492 0.98937807232141572 144449.51917697646 33.537701726770287 39.627451554726889 1.0208276570774613 0.46743067317304499 235.41710282760005 1804.9369680824095
leaf_count=311267 4356 18629 302 851 174 19557 1232678 1097205 37 4144 135 836 183 10 205 32 2898 234 21 218 76 366 68 2091460 201 1037 166 9 3143 34155
internal_value=-0.000611773 0.0273038 0.0343831 0.26902 0.919532 0.0300662 -0.0012053 -0.00328519 -0.00839424 0.00227608 -0.192681 -10.5541 -165.544 -1807.95 49.599 170.785 -9.62979 4.77554 21.2209 -13.7115 -15.757 -18.0374 -20.8107 -0.0148975 0.654241 -0.0217377 -5.22776 -7.18574 -0.0280358 -0.0131083
internal_weight=615216 12808 12204.7 221.929 71.7724 11982.8 602408 487075 232618 88087.2 2109.78 24.2012 0.820382 0.0950176 0.725365 0.228038 23.3808 5.16223 1.95244 18.2186 15.6052 13.5625 10.4639 144531 81.5442 2085.58 3.2098 2.18897 2079.98 2040.35
internal_count=4824653 43869 39513 1327 476 38186 4780784 3548106 3236839 1145141 47936 9466 4574 4154 420 215 4892 1266 255 3626 3408 3332 2966 2091698 238 38470 1011 845 38335 37298
cat_boundaries=0 1 2 3 4 5 6 7 8
cat_threshold=34 777 2 1 4 1 1 1
is_linear=0
shrinkage=0.08


Tree=89
num_leaves=31
num_cat=1
split_feature=2 7 19 6 6 13 17 4 17 6 7 19 6 4 13 11 11 6 6 6 6 11 7 41 19 13 22 19 7 7
split_gain=2532.9 12482.5 9635.72 65496.2 54095.3 48034.9 7815.71 10235.8 29200.4 66528.8 13984.9 65927.7 8165.99 11430.3 7275.94 10986.6 23620.5 38886.4 25500.1 6529.02 13023.2 5431.39 2910.48 2848.49 3112.5 17514.4 27075.3 2526.04 2512.21 44567.1
threshold=inf 65.000015258789077 89.924999237060561 69.000015258789077 369.77499389648443 66.000015258789077 10.500000000000002 inf 36.500000000000007 1486.400085449219 895.82501220703136 1685.035095214844 7941.1550292968759 2.5000000000000004 543.27499389648449 11.500000000000002 4.5000000000000009 329.38494873046881 186.47500610351565 108.00000762939455 64.000015258789077 2.5000000000000004 71.250007629394545 0 2629.650024414063 315.54980468750006 1.0000000180025095e-35 3733.0749511718755 26.324951171875004 43.005001068115241
decision_type=8 2 2 2 2 2 2 8 2 2 2 2 2 8 2 2 2 2 2 2 2 2 2 9 2 2 2 2 2 2
left_child=-1 23 3 -3 5 -5 12 19 10 -10 14 -12 22 -14 15 16 -9 18 -18 20 -8 -21 -4 28 -25 26 -26 -24 -2 -30
right_child=1 2 6 4 -6 -7 7 8 9 -11 11 -13 13 -15 -16 -17 17 -19 -20 21 -22 -23 27 24 25 -27 -28 -29 29 -31
leaf_value=-0.00071850812475562898 0.075923632268054805 -0.010888489303052917 1.4693802838289654 -0.41506128662233294 -0.4943277599078571 14.773568232631993 -0.239075912089593 0.013122522872491833 16.5949715628714 -0.12155806391605932 13.59767846698395 -0.42328947852854582 4.8530538163392745 -0.21506925312091782 0.092897380419125292 -0.47606750183058666 4.5097329377190567 1.3395761891064206 15.318376560244205 2.7154310169273264 4.8023486510752695 0.10246696257436698 0.035657410219636927 -0.015990684872823593 -0.51542509847001949 -0.12873543305480914 11.097724900338239 1.2966894801215769 6.7037063191823725 -0.4418900951010632
leaf_weight=600913.15161355399 2195.4139674292674 49.776840970322532 9.3196534186125728 1.7760672244839932 4.1705328924504501 5.337009979334236 7.5154916322605709 15.084293723988381 2.4806393833841813 3.9497912702399605 3.0129273670947132 7.4619356239740888 5.4709026434706436 5.9405080032103745 76.829063958696892 13.890386997453033 2.8662076288855447 9.3240885835189555 2.725133185074629 5.1850683703517566 5.8180956009672018 281.35353051349313 967.46447856991324 9068.6679916504254 2.6843217856055643 22.514888576845124 2.4644793323459453 10.274375193698118 6.6535643732444063 34.823015038457598
leaf_count=4756116 10810 138 130 39 75 423 325 81 174 96 106 239 171 48 876 262 100 164 114 103 217 7347 10684 37993 92 380 119 208 362 419
internal_value=3.24526e-05 0.0352042 0.252317 1.23658 6.73968 10.9811 0.210464 0.492421 1.06361 6.32711 0.805627 3.60962 0.08692 2.21471 0.562323 1.38405 2.24531 4.50277 9.7777 0.230274 1.96074 0.14975 0.0623206 0.00652535 -0.0133914 0.833876 5.04322 0.0489087 0.0871869 0.704388
internal_weight=613743 12830.2 1497.03 61.0605 11.2836 7.11308 1435.97 437.497 137.624 6.43043 131.194 10.4749 998.47 11.4114 120.719 43.8901 29.9997 14.9154 5.59134 299.872 13.3336 286.539 987.059 11333.2 9096.33 27.6637 5.1488 977.739 2236.89 41.4766
internal_count=4828411 72295 22120 675 537 462 21445 10204 2212 270 1942 345 11241 219 1597 721 459 378 214 7992 542 7450 11022 50175 38584 591 211 10892 11591 781
cat_boundaries=0 1
cat_threshold=16
is_linear=0
shrinkage=0.08


Tree=90
num_leaves=31
num_cat=4
split_feature=20 2 22 18 3 5 32 38 32 32 18 43 13 4 3 3 5 18 3 13 11 7 3 3 13 5 43 34 5 6
split_gain=1175.43 1002.16 7446.75 30485.6 56317.5 21420.5 5891.07 12964 89509.9 406313 1.25806e+06 17206.4 51705.1 12180.5 25681.4 3608.56 3358.26 45338.2 115573 426837 975819 2157.14 3515.91 19543.1 119695 297605 2454.18 6228.33 10157.3 68870.7
threshold=8.5000000000000018 inf 2.5000000000000004 2310.150024414063 166.84500122070315 5.5000000000000009 inf 0 1.2849999666213991 8.2650003433227557 523.27499389648449 1 201.77502441406253 12.500000000000002 77.735000610351577 72.83499908447267 12.500000000000002 3238.424926757813 194.62500000000003 872.90505981445324 25.500000000000004 217.78497314453128 612.80499267578136 675.39498901367199 66.000015258789077 1.5000000000000002 2 3 1.0000000180025095e-35 44.049999237060554
decision_type=2 8 2 2 8 2 8 1 10 8 2 9 2 8 10 8 2 2 10 2 2 2 8 8 2 2 9 1 2 2
left_child=1 -1 6 -4 -5 -6 7 8 11 10 -10 12 -3 14 -11 -8 21 18 -18 -20 -21 22 26 24 -24 -26 27 28 -9 -30
right_child=-2 2 3 4 5 -7 15 16 9 13 -12 -13 -14 -15 -16 -17 17 -19 19 20 -22 -23 23 -25 25 -27 -28 -29 29 -31
leaf_value=0.00040452684887454113 -0.053064923907495683 10.877557778286935 -0.087899931257671579 21.246109433456212 12.11007534546429 -0.31167923626770289 -0.15308792040821492 0.24257419285829079 202.45343696462388 0.080504204725177428 -0.8824425098200358 -0.045671461945138728 -0.069858764560331382 -0.41427101530034321 19.926201749297697 -8.4921510426545115e-05 -0.56908021192466951 -0.12061211324401233 -1.3246811546154265 179.13008224673754 -2.0582328015195963 -0.10687410851220561 -1.6624003216735068 -0.48001942957152127 99.629468487209891 -0.33131386249630795 0.043243827880923902 -0.060438842741416032 10.442208982463287 0.59046787326904782
leaf_weight=601373.09211021243 2596.956552859745 4.8662739201681591 22.311345412088819 1.2714151703353913 1.1417611728156467 4.0049748593365644 1164.3438074513717 373.99139162175322 0.27543948895527315 1.1121493577957151 0.66467275876631127 102.25119110585103 6.3827800352829067 4.0442233988961513 0.66795676250967506 6460.2753902151262 5.1707779378775029 59.792105233192956 1.8219016188520876 0.31244562210824733 0.48635332752718563 451.1222978777605 2.8148626830746526 9.9721009797864433 0.28318165058683975 0.58315066248178526 3400.911466218035 334.7339569466676 4.9013068256779837 61.84346470300391
leaf_count=4722031 34640 149 374 44 144 334 5097 3096 165 1 193 1005 218 77 289 18294 152 1087 171 179 120 9053 214 589 189 241 24370 4384 220 1174
internal_value=0.000643008 0.000870223 0.0233065 1.3098 6.16863 2.44399 0.0203386 0.0894771 0.87715 9.89011 58.6921 0.417273 2.4701 2.01293 7.52729 -0.0234498 0.0673534 0.627367 6.36739 20.0534 68.8125 0.0593438 0.0772397 1.35892 6.3405 32.3433 0.0730497 0.200622 0.395836 1.31392
internal_weight=616452 613855 12482.4 28.7295 6.41815 5.14674 12453.6 4829.01 120.265 6.76444 0.940112 113.5 11.2491 5.82433 1.78011 7624.62 4708.74 67.5836 7.79148 2.6207 0.798799 4641.16 4190.03 13.6533 3.68119 0.866332 4176.38 775.47 440.736 66.7448
internal_count=4828294 4793654 71623 896 522 478 70727 47336 2097 725 358 1372 367 367 290 23391 45239 1709 622 470 299 43530 34477 1233 644 430 33244 8874 4490 1394
cat_boundaries=0 1 2 3 4
cat_threshold=9 4 6 116
is_linear=0
shrinkage=0.08


Tree=91
num_leaves=31
num_cat=9
split_feature=33 34 37 3 32 32 38 3 45 47 41 38 32 18 32 3 3 32 34 3 12 3 3 3 32 3 38 19 32 7
split_gain=1313.74 1198.07 1394.39 1204.36 1207.24 1184.01 2246.18 3911.91 3399.45 1414.44 5060.87 50698.7 350144 1.48136e+06 2.08984e+06 210756 131015 106302 14024.9 146544 58004 98834.9 17101.8 44097.6 13495.3 3550.44 2832.06 4364.19 14936.9 2668.23
threshold=1.0000000180025095e-35 0 1 333.43499755859381 -1.9450000524520872 4.3550000190734872 2 158.14499664306643 3 4 5 6 2.3649998903274541 45.549999237060554 -1.3949999809265134 261.02499389648443 316.05499267578131 -0.90500000119209278 7 118.47000122070314 131.3000183105469 111.2150001525879 154.09500122070315 146.129997253418 -0.42499999701976771 174.31500244140628 8 580.75500488281261 -1.1050000190734861 68.400012969970717
decision_type=2 1 1 10 8 10 1 10 9 1 9 1 8 2 8 8 10 10 1 8 2 10 10 8 8 8 1 2 10 2
left_child=1 2 3 4 -1 9 7 8 -7 -3 11 12 13 14 -11 18 -17 -16 25 20 21 -20 23 -21 -15 -14 27 -13 -29 -24
right_child=-2 5 -4 -5 -6 6 -8 -9 -10 10 -12 26 15 24 17 16 -18 -19 19 22 -22 -23 29 -25 -26 -27 -28 28 -30 -31
leaf_value=0.03015460947260256 0.035412729758991277 -0.00055606439947946057 0.0081673143536962964 -0.01983663132216211 -0.0032789771307274256 1.1749002186030941 0.0065389142410118093 -0.0029683773735584198 0.020772286804357977 372.1669622923614 -0.01247129032637556 0.14527731733945928 1.1161649295804232 10.128498997930356 -3.0892950044084397 28.920937132414338 3.291484889681354 90.368677945059062 -65.060876553960952 -7.3286697248060841 -1.1472118080939844 -7.6450870097633175 -3.5892222065308186 13.372259475834712 -1.2069415187295334 -0.059256581362010875 -0.070016932555366979 -0.25731093194196164 4.8798207501894426 -0.41765485870476332
leaf_weight=8074.7407720575275 6435.0588351370534 173818.95421131473 150223.00212965792 24139.742624013365 48004.851439330407 35.441898337019808 51359.124535303134 110.86731553435024 36.643223275801574 0.18025112445209501 150601.91950838591 279.38607185366652 43.743038275620485 1.3327499586997316 0.20104975509457323 2.713529814756638 2.4104308083033472 0.1271539192170108 0.48277467013936515 1.0943417504788298 0.30295018207834801 0.31844557652948424 4.208226172600865 1.6539746257341608 1.3561660069231893 26.355871509824389 889.78047534568555 10.58929004553818 5.5059054903686038 2.8456800882471605
leaf_count=35766 66647 218894 1271054 141428 250578 143 548566 219 66 148 2280843 2132 329 126 65 155 158 296 549 173 17 57 326 174 84 111 8762 138 153 72
internal_value=-0.000544038 -0.000924804 0.00361998 -0.00489556 0.00153503 -0.00370107 0.00756523 0.280015 0.754089 -0.0054841 -0.0111241 0.147 1.88371 28.0903 153.314 1.12955 16.8642 33.1185 0.134255 -1.74049 -30.9661 -42.2409 -0.223976 5.12943 4.41142 0.590054 0.00144879 0.2119 1.50002 -2.30975
internal_weight=614115 607680 230442 80219.3 56079.6 377238 51542.1 182.952 72.0851 325695 151877 1274.59 89.3266 3.19737 0.508455 86.1293 5.12396 0.328204 81.0053 10.9064 1.10417 0.80122 9.80222 2.74832 2.68892 70.0989 1185.26 295.481 16.0952 7.05391
internal_count=4828229 4761582 1698826 427772 286344 3062756 548994 428 209 2513762 2294868 14025 2840 719 509 2121 313 361 1808 1368 623 606 745 347 210 440 11185 2423 291 398
cat_boundaries=0 1 2 3 4 5 6 7 8 9
cat_threshold=12 6 1 5 2 16 129 97 512
is_linear=0
shrinkage=0.08


Tree=92
num_leaves=31
num_cat=7
split_feature=2 6 19 22 10 40 23 6 38 1 23 6 0 6 19 6 45 39 6 19 12 3 18 17 38 19 34 38 17 17
split_gain=3190.04 7423.78 10337.3 22010.4 69798.7 7716.01 27448.1 65387.4 5743.04 55280.2 382101 757499 5011.24 9148.63 15202.5 11413.8 2842.91 23585.5 27918.6 119523 28794.7 4334.53 6661.34 4645.91 4371.98 21851.5 3514.07 5162.98 15139.5 30204
threshold=inf 39.00001525878907 8383.3750000000018 1.0000000180025095e-35 1.0000000180025095e-35 0 1.5000000000000002 516.89996337890636 1 1.0000000180025095e-35 1.0000000180025095e-35 360.00001525878912 1.5000000000000002 599.22500610351574 84.049999237060561 160.00000762939456 2 3 111.22500610351564 290.76499938964849 1861.1251220703127 40.094999313354499 388.81500244140631 3.5000000000000004 4 597.58499145507824 5 6 13.500000000000002 6.5000000000000009
decision_type=8 2 2 2 2 1 2 2 1 2 2 2 2 2 2 2 9 9 2 2 2 8 2 2 1 2 1 1 2 2
left_child=-1 -2 5 -4 -5 6 12 -8 9 -7 -11 -12 -3 14 -14 -16 17 18 -10 -20 -21 22 -19 -23 25 -25 27 -26 29 -29
right_child=1 2 3 4 -6 8 7 -9 16 10 11 -13 13 -15 15 -17 -18 21 19 20 -22 23 -24 24 26 -27 -28 28 -30 -31
leaf_value=-0.00042775188906121839 0.011443758170051979 -0.11188928080871052 -0.024774206711263621 23.557067742297946 -0.050397913505539606 0.28114133601367419 8.4783325330863342 -0.11970346040269884 -0.011082688376349374 -0.66796112851691758 184.58833334154687 -2.3695510946433052 0.47488735837465601 -0.089220852672644513 1.6768629471931882 6.5791804349763119 0.023749609921942996 2.9048088296076369 38.10691167991147 -0.26229089718078613 16.413694119617983 -0.27477853085395043 -0.079660121584587157 4.8683348176903092 0.009726385242983528 -0.15291569608460101 -0.0041325762649867736 -0.26419430463880783 0.010487850483230882 3.8548678873606694
leaf_weight=603019.58812986896 10531.879921856353 85.772133848057507 6.6961870051162764 1.1940128026591104 2.4385640588607207 39.815241695804261 9.2425228595578517 14.607344511315006 5.1596035002730787 3.1006399752242415 0.22593062042079237 0.35923370286062406 21.741786984277773 35.905653778827357 6.4020259525630445 5.7871352328008188 1364.7671599257842 9.217616109231848 0.73712675325813215 3.2698337287760477 0.8311328299483155 140.06658799430568 9.9563724666723559 8.4727597997906816 106.64852142797172 16.061338288171363 299.6474654298006 21.029786016270965 56.393260108735156 24.863459393678415
leaf_count=4758416 44425 813 152 212 210 430 192 98 44 541 148 140 114 231 104 151 15035 135 87 341 231 2186 78 135 1297 295 2791 476 765 619
internal_value=0.000412165 0.0398818 0.170079 2.69525 7.70928 0.15869 0.648938 3.21229 0.113394 0.934104 10.5219 69.8145 0.297762 0.800888 1.7428 4.00437 0.0917086 0.221575 4.08262 8.44836 3.11739 0.169021 1.35508 0.135239 0.242964 1.1233 0.174969 0.420286 0.809366 1.96738
internal_weight=615852 12832.3 2300.41 10.3288 3.63258 2290.08 179.459 23.8499 2110.62 43.501 3.6858 0.585164 155.609 69.8366 33.9309 12.1892 2067.12 702.355 9.9977 4.83809 4.10097 692.357 19.174 673.183 533.117 24.5341 508.582 208.935 102.287 45.8932
internal_count=4830892 72476 28051 574 422 27477 1703 290 25774 1259 829 288 1413 600 369 255 24515 9480 703 659 572 8777 213 8564 6378 430 5948 3157 1860 1095
cat_boundaries=0 1 2 3 4 5 6 7
cat_threshold=8 8 4 2 16 44 324
is_linear=0
shrinkage=0.08


Tree=93
num_leaves=31
num_cat=18
split_feature=47 38 34 40 32 19 44 43 32 3 36 34 39 3 45 45 38 45 38 37 32 12 37 36 3 32 45 32 17 18
split_gain=1335.24 2549.87 2207.85 7089.32 21223.5 1950.35 1653.67 2045.28 5058.26 1519.72 1675.56 1548.31 1514.54 1555.63 1492.44 1482.65 2025.82 1508.98 1449.57 1677.45 1813 1428.15 2261.95 2867.89 2395.86 1989.12 2135.33 1713.4 1452.94 1391.79
threshold=0 1 2 3 -2.4150000810623165 710.41000366210949 4 5 20.855000495910648 9.9849996566772479 6 7 8 476.17500305175787 9 10 11 12 13 14 0.095000002533197417 1.0000000180025095e-35 15 16 118.47000122070314 -1.2549999952316282 17 -1.3450000286102293 64.500000000000014 479.02499389648443
decision_type=1 1 1 1 10 2 9 9 8 10 9 1 9 8 9 9 1 9 1 1 8 2 1 9 8 10 9 10 2 2
left_child=1 2 3 4 -1 -5 7 8 -3 10 -8 18 13 -9 -4 16 17 -2 19 20 -12 -11 23 28 25 26 -25 -28 -23 -24
right_child=15 6 14 5 -6 -7 9 12 -10 21 11 -13 -14 -15 -16 -17 -18 -19 -20 -21 -22 22 29 24 -26 -27 27 -29 -30 -31
leaf_value=-0.27906036810333446 -0.15399841208413878 0.12973825210631962 0.057547436267797486 0.0068710028234749351 5.9626068006794446 1.0834590153786148 0.44366367492925846 0.014353830144837905 1.815150613448544 -0.022248885154957744 -0.095125586934840037 -0.065498400273340168 -0.0014783117490141961 0.094751980137713493 -0.11196951126941029 0.0051120154319085663 -0.004243106132340066 -0.013104041453734396 -0.0026903421287183416 0.10161118132030064 0.70098200104782815 -0.04881231172249155 0.017705681688774934 0.43086378744359766 -0.0047630655894539539 0.049153599262058964 -0.095003062080034978 0.77362736911355412 0.21266773913215001 -0.006743075648238262
leaf_weight=7.0348693547763128 1009.8668617654524 56.017745879245922 3958.4635088964537 111.69218880247 6.9123724935843702 11.918685523327438 67.642449167557061 4461.6315065805111 14.307127796113489 51066.228713545221 23.026873430237174 398.79357810529768 20306.499236986107 2352.3416101147304 354.33833902542983 340142.54179801425 102386.02245940809 947.97845760063126 265.69459094134504 205.07147569139488 89.330460579803912 15442.580068482956 23858.884963896235 211.40572699531913 6718.4925206207208 729.72912752280763 116.1415160821125 16.61224317830056 137.21180181531236 39694.409172847016
leaf_count=89 6140 377 27264 948 112 137 249 16844 127 880156 634 7563 160583 6768 3938 1062592 351556 2249 2301 4271 1378 393376 582782 2413 84733 14854 2333 114 3635 1208134
internal_value=0.000243403 -0.0057712 0.0539225 0.35873 1.63913 0.102393 -0.00737212 0.0106708 0.413785 -0.0109011 0.0849998 0.0552115 0.00946947 0.0421091 0.0433932 0.00255301 -0.00578885 -0.0861914 0.137477 0.251298 0.49387 -0.0116305 -0.00539255 -0.0266667 0.0129552 0.123926 0.282467 0.0127344 -0.0464796 0.00243498
internal_weight=615169 170682 4450.36 137.558 13.9472 123.611 166232 27190.8 70.3249 139041 1049.56 981.917 27120.5 6813.97 4312.8 444486 104344 1957.85 583.123 317.429 112.357 137992 86925.5 23372.2 7792.38 1073.89 344.159 132.754 15579.8 63553.3
internal_count=4828650 3406113 32488 1286 201 1085 3373625 184699 504 3188926 16396 16147 184195 23612 31202 1422537 359945 8389 8584 6283 2012 3172530 2292374 501458 104447 19714 4860 2447 397011 1790916
cat_boundaries=0 1 2 3 4 5 6 7 8 9 10 11 12 13 14 15 16 17 18
cat_threshold=4 128 32 8 1 2 72 82 1 13 40 128 32 316 36 20 161 4
is_linear=0
shrinkage=0.08


Tree=94
num_leaves=31
num_cat=5
split_feature=6 31 2 18 6 35 32 47 4 32 43 2 4 4 32 13 17 2 32 4 13 47 39 6 12 13 17 4 32 32
split_gain=1523.71 1446.09 2235.51 15420.5 62428.6 2100.95 3655.34 1510.35 2128.97 3421.43 2902.81 31321.2 2.03411e+06 9.91426e+06 3.70892e+07 4.62231e+08 5.14229e+08 2975.62 46100.6 1.1784e+06 1.61376e+07 9.75412e+06 1.2296e+08 160069 342349 24981.3 61673.7 11771.8 97038.3 595738
threshold=20647.600585937504 1.0000000180025095e-35 inf 388.81500244140631 249.00000762939456 0 -73.520000457763658 1 1.5000000000000002 -1.564999997615814 2 2.5000000000000004 58.500000000000007 inf -3.4850000143051143 957.98501586914074 18.500000000000004 2.5000000000000004 -73.520000457763658 1.5000000000000002 34.32500076293946 3 4 397.52499389648443 676.62500000000011 189.0249938964844 2.5000000000000004 inf 10.59500026702881 20.855000495910648
decision_type=2 10 8 2 2 1 10 1 8 10 9 8 8 8 8 2 2 8 10 10 2 1 9 2 2 2 2 8 8 8
left_child=1 7 -3 5 -5 6 -4 -1 9 -9 11 -10 -13 -14 -15 16 -16 -12 19 20 21 -19 -23 25 -25 -22 -27 -20 -29 -30
right_child=-2 2 3 4 -6 -7 -8 8 10 -11 17 12 13 14 15 -17 -18 18 27 -21 23 22 -24 24 -26 26 -28 28 29 -31
leaf_value=0.0019142325359562571 -0.055075312035300056 0.021368749429988815 1.4474544967632679 9.7068414964904441 -0.28596640225151509 -0.15314673151745481 -0.044474867797601361 -0.00051690545257601964 0.014466019086583135 -0.024509115563707825 -0.0011202410080567949 0.070116285293862032 -0.45453102352009694 13.931831313201616 26445.042936567501 71.483478554191279 -59.939170270337058 -316.94565650589607 -0.016589261261731145 -0.25400334082271392 -3.0620831424541528 -30.009322129237006 -9097.2315943083941 124.29124325410119 -3.4243621352651208 42.026237445445716 -5.3677625005528151 0.50016164424077569 106.53575014695382 -4.4499768664410286
leaf_weight=309446.72994914581 3400.8729425825877 12515.667490679605 17.476834931710155 5.4503358257204377 15.048653676939118 111.03943675557964 26.366413788516173 75490.944758574609 11736.672994154067 76680.523373592339 117384.81475545204 407.69386376842783 4.551259511153587 0.74839530047029257 0.0093834111554692567 0.19970181956887245 0.0093554109334945679 0.41440313137420537 986.68415786717742 234.87832108764485 3.891065664681896 0.069499333723280959 0.011100698425350247 0.21443938882639013 0.3595537457738498 0.28658658156123484 0.45426359127050464 172.43401605862516 0.39172180565935721 1.4751708851690635
leaf_count=375878 38871 42349 106 205 304 700 143 1422691 144784 1586190 1170636 5887 130 96 1535 71 73 2278 13067 4206 403 66 2014 118 149 101 162 13302 256 791
internal_value=-0.00167674 -0.00137669 0.0253434 0.308981 2.37095 0.0360756 0.448047 -0.00194897 -0.00617159 -0.0126068 0.00130727 0.0385354 0.723123 48.9693 281.626 1198.77 13212.4 -0.00250358 -0.11838 -1.12629 -37.0646 -473.562 -1278.8 4.43971 44.2892 -0.498496 12.9659 0.0904787 0.69657 18.8377
internal_weight=608646 605246 12691 175.382 20.499 154.883 43.8432 592554 283108 152171 130936 12149.9 413.212 5.5181 0.966836 0.218441 0.0187388 118786 1401.56 240.579 5.70091 0.495003 0.0806 5.20591 0.573993 4.63192 0.74085 1160.99 174.301 1.86689
internal_count=4827562 4788691 43807 1458 509 949 249 4744884 4369006 3008881 1360125 152576 7792 1905 1775 1679 1608 1207549 36913 9497 5291 4358 2080 933 267 666 263 27416 14349 1047
cat_boundaries=0 1 2 3 4 5
cat_threshold=9 2 5 1 2
is_linear=0
shrinkage=0.08


Tree=95
num_leaves=31
num_cat=11
split_feature=33 36 3 8 3 47 32 42 12 12 13 26 14 47 45 32 3 12 34 12 37 43 38 17 42 1 42 17 17 1
split_gain=1281.16 1084.13 1392.41 1304.75 1045.97 2266.42 3784.07 1572.11 1700.03 2249.72 2942.46 1013.74 969.51 860.798 1637.43 1629.18 4538.09 6830.81 3374.98 2433.04 3302.01 4037.76 1558.75 1538.25 1970.29 1537.31 1459.28 1783.35 1582.93 1437.53
threshold=1.5000000000000002 0 809.38500976562511 2.5000000000000004 59.940000534057624 1 -3.4850000143051143 2 208.55000305175784 309.77499389648443 307.00999450683599 1.0000000180025095e-35 26.500000000000004 3 4 88.08499908447267 711.04498291015636 430.90000915527349 5 5220.8249511718759 6 7 8 1.0000000180025095e-35 9 1.0000000180025095e-35 10 16.500000000000004 1.0000000180025095e-35 1.0000000180025095e-35
decision_type=2 9 10 2 10 1 8 9 2 2 2 8 2 1 9 10 10 2 1 2 1 9 1 2 9 2 9 2 2 2
left_child=1 4 3 11 5 6 -1 -8 -9 10 -10 -3 13 14 22 -16 18 25 23 20 21 -20 29 24 -17 -18 27 28 -24 -13
right_child=-2 2 -4 -5 -6 -7 7 8 9 -11 -12 12 -14 -15 15 16 17 -19 19 -21 -22 -23 26 -25 -26 -27 -28 -29 -30 -31
leaf_value=0.89253448830254234 0.10418587324075111 0.085625233744389961 0.05063887796206399 -0.03571493707307568 -0.015575554807055659 0.0022109659326692362 0.45322481584956015 -0.044904891524531143 0.15942651762504048 -0.096134803029142429 1.0859818846404792 0.10691804632890066 0.5198185110852267 0.00357944322394055 -0.0077010175439944182 0.46864550775174429 2.5902128462086362 -0.091227824443605457 0.25527596626282983 1.7153385709561517 0.001750990975117361 1.5546658216268079 -0.0016546925980900568 -0.11124955623623088 -0.018460309695203729 1.2357704988129958 -0.021230207239451935 -0.059809314157600185 0.052042790279385492 0.52071826820016276
leaf_weight=43.324180577881634 768.19816416758113 921.85368545726283 3700.3291499903426 5996.2243043766357 38296.771599308995 3282.1525883829831 66.352369016036391 323.2884559768558 54.763741547241821 61.233648121939083 36.592521405778825 438.09164132431499 23.109771136892959 404763.43773464102 129855.20872681071 67.560810442606055 10.690743047278376 22.190953703131527 72.940917130916802 7.8781170628499231 130.0024928085007 16.338717297650874 5438.0003057268823 479.4294622304887 174.31720975474536 10.762111485935746 5887.7034925396802 1448.7744686592996 9927.6721748534274 61.240901343198288
leaf_count=122 3992 3729 31652 70390 198161 9495 61 6263 443 1418 227 1145 74 1318462 2828136 454 97 564 444 146 2242 169 50293 8137 1751 143 77178 46638 166011 226
internal_value=0.000937498 0.000807817 0.00172438 0.00140449 -0.0115686 0.0280775 0.173065 0.115579 0.0577628 0.279068 0.530556 0.00180212 0.00166384 0.00164241 -0.00344713 -0.00692022 0.0952066 0.892827 0.058504 0.31995 0.284409 0.625715 0.0161358 -0.027882 0.136209 1.91074 0.0130241 0.025024 0.0330389 0.154573
internal_weight=612386 611618 569454 565753 42164.5 3867.71 585.555 542.231 475.878 152.59 91.3563 559757 558835 558812 154049 130847 992.112 43.6438 948.468 227.16 219.282 89.2796 23201.5 721.307 241.878 21.4529 22702.2 16814.4 15365.7 499.333
internal_count=4828263 4824271 4608081 4576429 216190 18029 8534 8412 8351 2088 670 4506039 4502310 4502236 3183774 2842283 14147 804 13343 3001 2855 613 341491 10342 2205 240 340120 262942 216304 1371
cat_boundaries=0 1 2 3 4 5 6 7 8 9 10 11
cat_threshold=57 4 16 4 10 14 12 9 1 3 41
is_linear=0
shrinkage=0.08


Tree=96
num_leaves=31
num_cat=2
split_feature=2 19 3 32 14 14 40 17 7 10 32 6 19 16 7 32 13 3 19 32 3 23 34 16 3 22 11 17 6 32
split_gain=1218.63 10456.1 7686.45 20334.4 47099.2 55577.2 21560.4 78677.5 96437 17745.9 17308.7 14785.9 8054.8 3866.63 24111.3 58339.8 6119.09 8086.52 4178.83 3727.79 8250.95 5931.5 3565.09 6315.54 50157.7 5053.85 5861.94 17861.7 24624.9 3044.87
threshold=inf 564.42501831054699 86.245002746582045 inf 1.0000000180025095e-35 2.5000000000000004 0 18.500000000000004 284.00003051757818 1.0000000180025095e-35 -7.3949999809265128 2042.3000488281252 1150.0250244140627 1.5000000000000002 378.00001525878912 -1.4750000238418577 3324.3950195312505 217.04499816894534 597.58499145507824 12.164999961853029 40.094999313354499 5.5000000000000009 1 1.0000000180025095e-35 237.59500122070315 1.5000000000000002 14.500000000000002 27.500000000000004 563.92495727539074 0.18500000238418582
decision_type=8 2 10 8 2 2 1 2 2 2 10 2 2 2 2 10 2 10 2 10 8 2 1 2 10 2 2 2 2 8
left_child=-1 19 -3 6 9 11 7 10 -9 -5 -4 -6 -10 18 15 -15 -16 -18 -8 29 -21 -22 23 25 -25 26 -20 -28 -29 -2
right_child=1 2 3 4 5 -7 13 8 12 -11 -12 -13 -14 14 16 -17 17 -19 22 20 21 -23 -24 24 -26 -27 27 28 -30 -31
leaf_value=-0.00065686434421084587 0.068169682272302065 -0.0106651761533176 0.052588496448577403 -0.17707477005005884 13.091806543084131 -1.1618235919069499 0.85943943465241845 30.318541494318126 -0.1060426998735288 5.6072614735876298 5.5763871269438674 26.607933574466983 8.6175225807393758 -0.5578835622846462 -0.051430610001540707 20.598860083750566 6.6177291484375873 -0.19915709322897812 -0.11461850306598471 2.1908355457970847 0.10831340224050014 1.6021598183222221 -0.010483832182816523 9.583444462325259 -0.18985675650742928 2.5028723240651893 -0.34269774368088857 -0.040649444593463063 21.986659462610159 -0.029973570604774191
leaf_weight=595848.69363879215 2663.6116019678298 385.53951138100206 17.13419679486497 13.876300496965818 1.06177402290436 1.3521870379682339 52.171146411743905 1.4023865125787702 1.2864487842489738 4.4937475661820665 4.606583461883484 1.0114127328286138 1.4308310049341366 2.2568173874263855 29.796795710494834 1.3232497050180017 2.1746761824979353 2.2827597164815114 71.79072024095332 13.289148526515426 426.7563343557045 17.717348485928994 389.2008289629826 4.2181943847941659 16.532978747806933 5.8406164944171897 3.2138013231539855 0.66172796924092803 0.63795157917894685 8414.0716972777609
leaf_count=4755042 17561 1674 61 254 54 74 403 92 23 192 468 183 194 126 620 184 13 221 1526 46 3829 137 9210 173 566 76 244 57 149 33832
internal_value=-0.000137229 0.0245326 0.27066 0.442888 2.84379 11.456 0.356816 2.26716 13.2807 1.23791 1.22301 19.6857 4.4875 0.229064 1.01502 7.26199 0.362125 3.12664 0.178637 0.00286955 0.226588 0.16786 0.10646 0.501115 1.79681 0.234804 0.0611974 2.8577 10.7715 -0.00637518
internal_weight=608399 12550.7 1015.3 629.758 21.7954 3.42537 607.963 25.8604 4.11967 18.37 21.7408 2.07319 2.71728 582.102 37.8343 3.58007 34.2542 4.45744 544.268 11535.4 457.763 444.474 492.097 102.896 20.7512 82.1448 76.3042 4.51348 1.29968 11077.7
internal_count=4827284 72242 16837 15163 757 311 14406 838 309 446 529 237 217 13568 1164 310 854 234 12404 55405 4012 3966 12001 2791 739 2052 1976 450 206 51393
cat_boundaries=0 1 2
cat_threshold=4 5
is_linear=0
shrinkage=0.08


Tree=97
num_leaves=31
num_cat=6
split_feature=2 13 43 19 3 38 19 6 12 23 3 3 4 41 19 6 3 39 3 3 23 38 5 13 5 6 4 38 19 4
split_gain=3974.36 8374.94 6435.42 23731.9 66901.2 9731.5 88677.5 6683.39 36944.1 46952.4 28815.1 6857.89 11582.2 6127.32 8141.36 76296.3 5869.43 14510.9 4645.97 10702.7 54747.1 11538.2 18236.3 99377.5 135750 94403.9 26514.9 5381.07 14993.5 5283.2
threshold=inf 57.504999160766609 0 96.02500152587892 305.97500610351568 1 196.05000305175784 989.70001220703136 2348.9501953125005 1.0000000180025095e-35 200.20500183105472 154.09500122070315 38.500000000000007 2 3733.0749511718755 140.00000762939456 529.73498535156261 3 92.665000915527358 118.47000122070314 1.5000000000000002 4 2.5000000000000004 223.15000152587893 4.5000000000000009 360.00001525878912 23.500000000000004 5 157.754997253418 inf
decision_type=8 2 9 2 10 1 2 2 2 2 8 8 8 9 2 2 10 9 10 10 2 1 2 2 2 2 8 1 2 8
left_child=-1 -2 3 4 -3 6 -5 11 9 10 -9 12 -7 -4 18 -16 -8 -18 27 20 -20 22 -21 24 25 -24 -25 28 -15 -23
right_child=1 2 13 5 -6 7 16 8 -10 -11 -12 -13 -14 14 15 -17 17 -19 19 21 -22 29 23 26 -26 -27 -28 -29 -30 -31
leaf_value=-0.0002486760300400215 0.015830439170928853 -1.6967914991172603 -0.062218182183641266 10.474544610642308 14.674474949365054 -0.095374509042376307 0.070648723821859105 16.905012582053807 -0.11053256842945913 -0.12413271339926445 4.8913735022123666 -0.17366544414098084 2.8290913526711088 3.4012157830839831 20.216657915588389 -0.45528299632240266 9.5957710415939292 -0.24011578903191041 -0.2821009711138327 0.078253050954733727 10.704610873152868 0.023572130319414221 38.439829129697941 0.14917511247286058 -0.37185861099581496 9.6362214103319985 5.2136487223761163 -0.014904622129478668 0.31026429900897923 1.5045620600004506
leaf_weight=596429.2253459096 10519.134580088985 3.7364988822940459 676.31223751646621 6.3224446938572347 2.7906826167552303 22.665454952239074 41.176939574992225 2.492038291220279 36.57558277729261 5.0600086463859366 2.6223376521633135 186.06289177134576 14.033612309610566 11.278717288791283 1.3443574026970848 7.6165518072307901 1.4771412786580345 2.7416726812433039 11.472131495532166 53.774693807849644 3.8859613215017097 313.49364944455874 1.4760660239344781 40.466950376230386 2.8299068501352735 1.4374164408115744 7.9091940940083267 553.60433451213407 91.731338655324208 16.213322789050494
leaf_count=4752152 43277 179 8933 194 116 175 1160 23 789 75 184 3141 124 182 160 799 154 148 293 1925 114 3842 146 1864 122 60 299 2723 669 444
internal_value=0.000692159 0.0450802 0.190035 0.511531 5.30271 0.430102 1.33915 0.198603 1.07559 5.33955 10.7452 0.0234689 1.02293 0.127765 0.24217 2.64602 0.36182 3.20374 0.224939 0.422034 2.4978 0.349183 1.02651 2.15839 12.1076 24.2291 0.977185 0.0889746 0.591295 0.093562
internal_weight=609071 12641.7 2122.6 327.757 6.52718 321.23 51.7182 269.512 46.75 10.1744 5.11438 222.762 36.6991 1794.85 1118.53 8.96091 45.3958 4.21881 1109.57 452.959 15.3581 437.601 107.894 54.1195 5.74339 2.91348 48.3761 656.614 103.01 329.707
internal_count=4824466 72314 29037 6462 295 6167 1656 4511 1071 282 207 3440 299 22575 13642 959 1462 302 12683 9109 407 8702 4416 2491 328 206 2163 3574 851 4286
cat_boundaries=0 1 2 3 4 5 6
cat_threshold=4 29 21 1 624 521
is_linear=0
shrinkage=0.08


Tree=98
num_leaves=31
num_cat=11
split_feature=31 3 3 47 12 23 36 23 32 23 2 38 45 19 11 1 13 38 36 37 3 35 6 44 3 32 36 38 2 13
split_gain=1058.98 2069.98 2451.07 2939.61 2512.47 1408.47 1991.05 3592.47 4494.23 2550.55 1360.6 13296.9 1283.97 6737.38 2898.27 1213.9 1140.65 1760.56 951.353 2415.12 1874.1 3495.82 1939.22 1796.79 1604.32 1418.97 1273.85 1931.19 2495.08 2904.93
threshold=1.0000000180025095e-35 35.335000991821296 122.18500137329103 0 32.024993896484382 -1.0000000180025095e-35 1 11.500000000000002 -0.84499999880790699 1.0000000180025095e-35 inf 2 3 61.024999618530281 8.5000000000000018 6.5000000000000009 6453.6000976562509 4 5 6 502.63500976562506 7 9435.9252929687518 8 253.90000152587893 31.085000038146976 9 10 inf 112.00006103515626
decision_type=10 8 8 1 2 2 9 2 10 2 8 1 9 2 2 2 2 1 9 1 10 1 2 9 10 10 9 1 8 2
left_child=18 -2 3 5 -5 -3 7 8 -7 -10 16 -12 13 -6 15 -15 -4 -18 20 -20 22 23 -1 -22 25 -24 -25 28 -28 -30
right_child=1 2 10 4 12 6 -8 -9 9 -11 11 -13 -14 14 -16 -17 17 -19 19 -21 21 -23 24 26 -26 -27 27 -29 29 -31
leaf_value=0.00032529740087154473 -0.19243102086213004 0.0046846883256142051 0.0049585506189152567 0.068373028602285238 2.5601037070079316 -0.96635591790881137 -0.065342308677184477 0.069551297452368419 -2.3334762309932984 -6.047858324199189 1.8270873442672189 -0.19588825154358741 0.21460385128827109 -0.27869798418074065 1.85800208102164 0.52517746539612342 0.71608562470457193 -0.07446281036897856 -0.026643580784028762 0.0011473146422178648 0.070336703552225835 -0.048937984457971928 0.020980801691415599 -0.02133539291101234 -0.062626848696516246 0.44472068121985203 0.00065673311654956389 0.039723987209641771 -3.2300499583665747 -0.20469856340178383
leaf_weight=451132.74470143829 278.51528310689929 480.63132612747665 9725.70872695051 1087.6515620875857 10.247321169593873 11.230000321397023 90.103199994377178 10.244493979465917 2.8496417777429901 2.0231482761083202 17.158123456672328 85.839079827754759 742.72634968972886 25.100650990822032 6.9126636086111821 23.073512461633072 26.200577622279525 39.245364425936714 29126.869097295774 63917.194166719244 4743.0553409694403 4672.178878414561 1155.1996574396217 4600.4179100036226 5299.1903845146699 52.893030153529253 12938.187069166284 19228.621927071661 3.2907323533409452 5.3072057432936601
leaf_count=3323356 1932 548 34766 2187 259 169 194 3 100 168 259 897 1376 721 164 2 61 330 158488 322505 40206 25874 4998 26678 35195 39 580028 264208 453 1926
internal_value=0.000363097 0.023254 0.0281036 0.0990013 0.147757 -0.0557952 -0.305417 -0.798545 -1.84673 -3.87566 0.0102412 0.299489 0.254607 0.586721 0.326138 0.106326 0.00719845 0.340063 -0.000122639 -0.00755438 0.00124993 0.0166077 -0.000300148 0.0239896 -0.0436606 0.0395331 0.0180187 0.0236448 -0.000248416 -1.36261
internal_weight=609541 12665.5 12386.9 2492.79 1895.71 597.082 116.45 26.3473 16.1028 4.87279 9894.15 102.997 808.06 65.3341 55.0868 48.1742 9791.15 65.4459 596875 93044.1 503831 46191.1 457640 41518.9 6507.28 1208.09 36775.8 32175.4 12946.8 8.59794
internal_count=4828090 44136 42204 5891 4709 1182 634 440 437 268 36313 1156 2522 1146 887 723 35157 391 4783954 480993 4302961 939373 3363588 913499 40232 5037 873293 846615 582407 2379
cat_boundaries=0 1 2 3 4 5 6 7 8 9 10 11
cat_threshold=2 128 257 1 520 131 104 9 1 2 32
is_linear=0
shrinkage=0.08


Tree=99
num_leaves=31
num_cat=5
split_feature=2 32 38 32 0 12 34 34 43 3 32 3 5 32 32 18 32 32 7 13 4 38 3 7 6 18 32 19 5 0
split_gain=2727.19 6390.41 12309.6 70137.1 131876 188125 8406.78 4820.32 6000.04 8434.67 19227.6 134563 317491 13113.1 19821.6 46239.1 5917.85 20574.5 4138.47 20961.1 32661.5 6573.67 23831.7 27915.4 29774.9 11795.3 3837.36 3213.42 32674.9 119773
threshold=inf -73.520000457763658 0 3.7250000238418584 1.5000000000000002 87.799995422363295 1 2 3 299.81999206542974 -2.5449999570846553 223.54000091552737 3.5000000000000004 -0.96500000357627858 -2.0349999666213985 239.44999694824222 -4.0650000572204581 -5.0450000762939444 71.250007629394545 96.000007629394545 2.5000000000000004 4 146.129997253418 560.00003051757824 1037.2249755859377 274.42500305175787 31.085000038146976 3733.0749511718755 6.5000000000000009 1.5000000000000002
decision_type=8 10 1 10 2 2 1 1 9 10 10 8 2 8 10 2 10 10 2 2 8 1 10 2 2 2 8 2 2 2
left_child=-1 18 3 6 5 -5 -3 8 9 10 -4 13 -13 14 -12 -16 17 -11 -2 20 -20 22 -21 25 -25 -24 -15 -9 29 -29
right_child=1 2 7 4 -6 -7 -8 27 -10 16 11 12 -14 26 15 -17 -18 -19 19 21 -22 -23 23 24 -26 -27 -28 28 -30 -31
leaf_value=-0.0018947436031202841 -0.014022985749121761 1.8547108518263611 -0.08172479668222575 37.374580032375228 -0.33238818967029843 -0.95056900325396887 0.11879237799069595 0.042038071903128589 0.08986474349308704 0.39892150096915346 -0.081801558077991332 46.568305744283577 -0.54922017121064071 -1.0869018069943577 10.489028078395224 -0.29091436745513977 0.099186581811325267 6.8486617653771651 -0.51218019688783478 -0.036688879732012278 6.6911770079382542 -0.087080599417289781 3.7719020691981324 2.5678779120072237 12.306089462131508 -0.098534173741919959 0.94900457234872593 36.820848857428231 -0.0014034102025279017 -1.1177326390344973
leaf_weight=591562.96495536738 8399.4774819309841 12.432882657122164 38.165636372011683 1.8479157586358803 4.8332072173972058 1.4731953488674843 113.89150487393759 3006.194164076885 409.34259805036339 18.674137486036326 9.3029071911936683 1.4307778277088936 2.5402621740062443 13.637106701391302 5.0248882365890761 5.163290559908118 147.90560855100776 3.8114216182539797 8.0926271035210409 85.909380819029025 8.0217974539870891 280.097739303742 7.3341289918946329 4.9762541746469893 3.3703957040284802 16.105227177437609 10.477401110522903 0.73466577748159112 24.42809959596093 1.9360219216088337
leaf_count=4755368 21942 341 214 111 346 113 1011 33097 4734 512 47 337 103 541 159 70 2128 142 163 306 143 3468 123 117 131 251 111 194 644 455
internal_value=-0.00110889 0.0356504 0.12188 0.84706 8.10101 20.3741 0.445867 0.0929724 0.286592 0.585802 1.25584 2.32883 16.4274 1.04491 2.58801 5.02584 0.283013 1.49219 -0.00185373 0.245098 3.07367 0.130514 0.604404 2.52726 6.50019 1.11252 -0.20233 0.049692 0.917118 9.3186
internal_weight=604210 12646.6 3833.25 134.479 8.15432 3.32111 126.324 3698.77 665.476 256.133 85.7423 47.5766 3.97104 43.6056 19.4911 10.1882 170.391 22.4856 8813.39 413.908 16.1144 397.793 117.695 31.786 8.34665 23.4394 24.1145 3033.29 27.0988 2.67069
internal_count=4827422 72054 45410 1922 570 224 1352 43488 9098 4364 1582 1368 440 928 276 229 2782 654 26644 4702 306 4396 928 622 248 374 652 34390 1293 649
cat_boundaries=0 1 2 3 4 5
cat_threshold=9 8 48 7 784
is_linear=0
shrinkage=0.08


Tree=100
num_leaves=31
num_cat=7
split_feature=31 45 3 41 3 41 36 18 32 4 47 41 2 7 12 11 13 32 5 4 18 18 3 12 18 32 11 6 32 43
split_gain=1407.44 2029.95 1382.65 2824.96 5509.36 1437.56 2853.54 3087.64 1755.11 3073.86 1257.82 1161.35 1210.56 13611 37294.5 56995.5 15722.2 19143.5 15299.9 153958 338510 14376 57087.8 8754.77 33556.4 67939.6 6375.66 24305 5508.21 9642.01
threshold=1.0000000180025095e-35 0 158.14499664306643 1 135.004997253418 2 3 1.0000000180025095e-35 1.9950000047683718 16.500000000000004 4 5 inf 359.22500610351568 179.9999923706055 3.5000000000000004 392.00006103515631 -1.1850000023841856 11.500000000000002 inf 1326.1250000000002 13858.125488281252 272.79499816894537 2212.0500488281255 1553.3750000000002 -73.520000457763658 2.5000000000000004 488.02502441406256 -73.520000457763658 6
decision_type=10 9 8 9 10 9 9 2 10 8 1 9 8 2 2 2 2 8 2 8 2 2 8 2 2 8 2 2 10 9
left_child=11 2 3 4 -2 -4 7 -7 -9 -10 -5 -1 -13 28 15 -15 17 -16 21 23 -21 26 -23 24 -20 -26 27 -18 -14 -30
right_child=1 -3 5 10 -6 6 -8 8 9 -11 -12 12 13 14 16 -17 18 -19 19 20 -22 22 -24 -25 25 -27 -28 -29 29 -31
leaf_value=-0.009742957696498987 -0.10917767272823017 -0.11461494391858582 0.026208126075166815 -0.0015338729627037665 1.5401837839619716 -0.050372372647349464 0.065183644300938703 -0.35220207739145826 -0.61250129923023788 -2.4623162630129101 0.094271910509357029 6.1570995373494411e-05 -0.029659962155894056 16.886485720357374 -0.056463297583371243 -0.56566661345030111 -0.41593426173766751 9.1173594244057288 -0.45932281309874451 2.6228303220737916 48.56656341401802 16.536681144066247 -0.049463787565396766 -0.15945884376653935 49.175622549836909 -1.2745705909515006 -0.0038598611371832054 7.1402353875777456 0.46320857100697754 0.041797729197263378
leaf_weight=80146.302907699355 25.573679765204773 613.68257736179658 7065.8100135701952 1300.2965701835783 26.281309076005456 267.21205275402144 433.28768273171943 149.01434724032288 29.989242525538199 7.1127797041448302 2694.2661456088708 506022.81612859678 6843.4085911541897 2.2211362739387814 2.9156486713104215 2.5990080093752113 9.3261397073620245 2.9075442977277666 2.2237248685643265 3.9901790992441519 1.3817793502574236 1.6935883065962485 6.1542258291886656 43.075955139361554 0.29117246721945356 0.4133584222726282 324.08403817432725 3.8487223575322007 397.89452270958122 2392.2124703467234
leaf_count=405674 104 4559 27408 1806 100 675 756 968 281 245 6995 4315995 21018 161 36 90 254 164 185 157 386 54 449 1270 13 245 5661 109 5667 26364
internal_value=-0.000224707 0.0262212 0.0334918 0.0715905 0.609263 0.0141483 -0.0813397 -0.21977 -0.474786 -0.967127 0.062928 -0.000784156 0.000607351 0.0281139 0.481201 7.47634 0.39739 4.52406 0.336781 1.62479 14.4405 0.145035 3.52989 0.128281 4.36107 19.5758 0.0662719 1.79142 0.00896578 0.103705
internal_weight=608822 12612.5 11998.8 4046.42 51.855 7952.43 886.616 453.328 186.116 37.102 3994.56 596210 516063 10040.6 407.126 4.82014 402.306 5.82319 396.483 51.3762 5.37196 345.107 7.84781 46.0042 2.92826 0.704531 337.259 13.1749 9633.52 2790.11
internal_count=4827849 43897 39338 9005 204 30333 2925 2169 1494 526 8801 4783952 4378278 62283 9234 251 8983 200 8783 2256 543 6527 503 1713 443 258 6024 363 53049 32031
cat_boundaries=0 1 2 3 4 5 6 7
cat_threshold=13 16 38 136 2 1 4
is_linear=0
shrinkage=0.08


Tree=101
num_leaves=31
num_cat=14
split_feature=1 37 33 5 6 38 37 43 47 38 45 34 38 36 42 43 3 32 37 19 13 3 6 42 32 7 13 18 18 19
split_gain=1413.66 2845.29 827.324 904.699 826.469 1354.59 979.628 966.169 1074.93 2686.63 2171.79 1934.66 1717.24 1231.07 1175.17 1153.36 1506.34 1194.11 1116.31 1107.58 1116.67 2069.18 2591.57 1464.13 2687.98 1208.46 1227.6 1117.51 1611.24 3732.62
threshold=4.5000000000000009 0 1.5000000000000002 15.500000000000002 475.15000915527349 1 2 3 4 5 6 7 8 9 10 11 150.37500000000003 -2.2749999761581416 12 792.88000488281261 500.00001525878912 35.335000991821296 180.00000762939456 13 88.08499908447267 350.00003051757818 718.55999755859386 388.81500244140631 657.02499389648449 710.41000366210949
decision_type=2 1 2 2 2 1 1 9 1 1 9 1 1 9 9 9 10 8 1 2 2 8 2 9 10 2 2 2 2 2
left_child=2 -2 3 4 7 6 -6 -1 9 11 12 13 14 -9 -11 16 -14 -17 -19 20 -12 22 -22 24 27 -24 -27 -23 29 -29
right_child=1 -3 -4 -5 5 -7 -8 8 -10 10 19 -13 15 -15 -16 17 -18 18 -20 -21 21 23 25 -25 -26 26 -28 28 -30 -31
leaf_value=0.0043699308413491338 0.78303183138512189 0.044158545014537733 0.07652462398197217 -0.023430182755839329 -0.029503960713699089 0.013309748653494253 0.0058686152744066508 0.18839548641128573 -0.00065738395592489923 -0.052787914004221406 -0.016934070175066557 0.086544596833486753 -0.090971132940023985 -0.11932938785519551 0.024472870244839354 -0.1266376463701849 0.033735813154347365 0.027452893134826972 0.10468841310844935 -0.045387540806673128 -0.096169206389300335 -0.038627917750422777 1.2673737741561781 -0.024107255859160709 1.470957283337663 -0.088120887244754961 1.0037439482897756 0.11131320756986721 -0.022278325665045031 0.70576311720151197
leaf_weight=150648.71422832459 23.789424402406439 3351.6466215775581 900.48092772124801 10554.862640750827 9317.1389069039233 63444.841252626851 10826.072098737282 90.501423410880705 265671.9401004354 2952.3085657935753 66271.337834334583 2826.9850982479747 837.43066873388489 511.38755297074709 2186.5775723532206 204.76185756340692 2386.4436078672907 2180.5880799773595 2714.5010655210108 8643.6581177560729 34.242523049442298 273.27915883085552 21.141762495273724 1451.7994404459937 9.1741511458531004 13.237601986656957 13.123720209143356 270.44979590503499 202.08045738087822 90.132384124852251
leaf_count=1433090 255 18660 3993 129974 207020 468132 196713 409 835538 61840 1112822 17571 8275 4976 26514 3356 15737 16813 12259 206833 620 5724 65 32534 92 229 51 3611 4039 1196
internal_value=0.000187953 0.0518166 -9.98337e-05 -0.000213948 0.000198519 0.00757253 -0.0104993 -0.00100887 -0.00326065 -0.0106042 -0.0132317 0.0588108 0.0164141 -0.0707364 -0.01993 0.0388491 0.0013379 0.0625128 0.0705527 -0.0183968 -0.0150011 0.0388543 0.434369 0.0247782 0.107767 0.816807 0.455453 0.0940957 0.158558 0.259904
internal_weight=608925 3375.44 605549 604649 594094 83588.1 20143.2 510506 359857 94185.1 90756.3 3428.87 13462.6 601.889 5138.89 8323.73 3223.87 5099.85 4895.09 77293.7 68650 2378.66 81.7456 2296.92 845.116 47.5031 26.3613 835.942 562.663 360.582
internal_count=4828941 18915 4810026 4806033 4676059 871865 403733 3804194 2371104 1535566 1512610 22956 144794 5385 88354 56440 24012 32428 29072 1367816 1160983 48161 965 47196 14662 345 280 14570 8846 4807
cat_boundaries=0 1 2 3 4 5 6 7 8 9 10 11 12 13 14
cat_threshold=64 160 9 7 4 128 10 120 56 8 26 8 89 32
is_linear=0
shrinkage=0.08


Tree=102
num_leaves=31
num_cat=6
split_feature=1 33 45 4 12 37 43 32 3 3 32 32 34 37 2 32 19 7 19 19 32 32 7 19 18 37 3 3 12 2
split_gain=867.916 1016.3 1313.39 1326.1 1481.98 1137.96 1061.03 1587.66 991.136 1063.24 939.989 1088.95 1352.52 905.397 1709.61 49798.7 142658 1.03126e+06 1.48001e+06 4.99877e+06 19634.6 80198.6 901.266 1908.82 900.682 777.39 846.721 733.914 1003.76 3174.61
threshold=2.5000000000000004 1.0000000180025095e-35 0 68.500000000000014 3976.2500000000005 1 2 -73.520000457763658 358.23500061035162 542.30001831054699 -3.6550000905990596 -4.2449998855590811 3 4 inf -7.3949999809265128 650.77499389648449 389.04998779296881 2918.8750000000005 1382.799987792969 -0.84499999880790699 13.045000076293947 164.00003051757815 196.05000305175784 46542.464843750007 5 56.280000686645515 346.39500427246099 792.52502441406261 inf
decision_type=2 2 9 8 2 1 9 8 10 10 10 10 1 1 8 10 2 2 2 2 8 8 2 2 2 1 8 10 2 8
left_child=1 27 3 10 -5 -4 7 -7 24 -10 11 22 -13 14 -2 -16 20 18 19 -18 -17 -22 25 -24 -9 26 -3 28 -1 -30
right_child=13 2 5 4 -6 6 -8 8 9 -11 -12 12 -14 -15 15 16 17 -19 -20 -21 21 -23 23 -25 -26 -27 -28 -29 29 -31
leaf_value=0.00047971994664420766 0.020942495268959735 0.52903805404604798 -0.09548106513790966 0.11716647983029246 0.61856233156314577 1.0039605868863386 -0.021416123535991965 -0.11559925357707068 0.22640040161170441 -0.053643999438970157 -0.018767778236539176 0.73453444080108543 0.079497226790162884 -0.0048394469687724423 -0.052875386425125875 -0.37660024755210986 1166.6039691715594 -1.3742751238227897 -1.9060590790697729 -6.2308033359219737 -2.4804229807165838 47.473932386919081 0.58206849521998349 0.079889077319510921 0.34084004792088018 -0.1606683264923191 0.023167492079245563 -0.0051672939632035775 0.0098516526501585006 0.16861969067519109
leaf_weight=396679.45495947462 23413.06586295056 22.390914630144806 706.8788774058628 1167.3674866449792 38.98764558089897 12.284176326968009 1263.6702342533631 193.99206825672798 337.61000148020685 116.7803435632959 1205.1488760528134 25.843775761546567 69.41860144212842 11400.539559152334 136.41943113156307 5.2469506392411915 0.036215136141017235 1.0890127981712892 0.12005836109381163 0.065004722678168037 0.71844312097584684 0.28818988008424617 56.361545072169974 344.78227560149207 32.271230942569673 143.76278169108286 390.23182612276923 121732.80980541802 50196.273817999579 819.17096892284462
leaf_count=2531068 225372 14 15615 4099 128 132 11217 2571 1731 1984 15308 110 558 79665 761 221 159 526 95 149 275 123 89 3470 26 1796 1846 1560549 362375 6235
internal_value=0.00143264 0.000689267 0.0330953 0.0654662 0.133371 -0.00921947 0.022272 0.101115 0.086306 0.154428 0.0294765 0.0847026 0.342654 0.0136719 0.022623 0.297454 6.61588 30.6178 188.066 413.394 1.58684 11.8211 0.0590396 0.150446 -0.0504987 -0.00686299 0.0494208 0.000340536 0.00183817 0.012401
internal_weight=610513 575555 6127.78 3464.3 1206.36 2663.49 1956.61 692.938 680.654 454.39 2257.94 1052.79 95.2624 34957.6 23557 143.983 7.56387 1.31029 0.221278 0.10122 6.25358 1.00663 957.529 401.144 226.263 556.386 412.623 569428 447695 51015.4
internal_count=4828267 4520921 60694 27418 4227 33276 17661 6444 6312 3715 23191 7883 668 307346 227681 2309 1548 929 403 308 619 398 7215 3559 2597 3656 1860 4460227 2899678 368610
cat_boundaries=0 1 2 3 4 5 6
cat_threshold=9 83 36 64 105 13
is_linear=0
shrinkage=0.08


Tree=103
num_leaves=31
num_cat=12
split_feature=1 23 38 17 19 42 32 38 3 34 38 7 37 38 41 7 38 45 32 17 3 34 3 41 22 6 6 7 17 6
split_gain=1198.75 1326.43 2025.23 1382.55 2909.05 971.801 2741.23 1647.74 2372.46 1379.51 1285.09 1215.97 1173.37 1164.17 1127.09 1783.96 1698.5 1930.7 3921.14 2539.05 1344.32 1322.7 1422.04 1059.17 2101.29 1626.34 3688.41 10491.2 16161.5 2535.33
threshold=2.5000000000000004 4.5000000000000009 0 22.500000000000004 771.02499389648449 1 -9.5349998474121076 2 295.93000793457037 3 4 164.00003051757815 5 6 7 150.00000762939456 8 9 -73.520000457763658 4.5000000000000009 272.79499816894537 10 115.29500198364259 11 3.5000000000000004 196.00000762939456 117.34997558593751 26.324951171875004 4.5000000000000009 120.00000381469728
decision_type=2 2 1 2 2 9 8 1 10 1 1 2 1 1 9 2 1 9 10 2 10 1 10 9 2 2 2 2 2 2
left_child=5 -2 -3 -4 -5 6 7 8 -1 12 -11 14 -8 -14 15 16 17 18 -9 -20 -19 22 -18 24 25 26 -10 28 -28 -29
right_child=1 2 3 4 -6 -7 9 11 23 10 -12 -13 13 -15 -16 -17 21 20 19 -21 -22 -23 -24 -25 -26 -27 27 29 -30 -31
leaf_value=-0.059485739844796999 0.010490998795548646 0.33028355397364695 0.045578367697030914 2.0703057959709903 -0.15067280110283862 -0.003562067897498179 0.015574219514251702 -0.088181260865136279 0.16442084724783057 0.023705385433637413 -0.00814045314108763 0.022608475087468757 -0.007196661267422402 0.011043170031593731 0.069757966740035371 0.76333621848679845 0.46762139711162426 -0.21610854772720747 0.4414280403087838 1.4877054869675457 0.27502081777172904 -0.092668992954188845 0.10600941838542466 0.021023485515056207 1.260153685896144 0.028824714355984701 -0.081213621326463065 1.4288240080681545 7.3424290275148438 -0.15532041613944902
leaf_weight=1664.8589981262585 33176.162228704758 171.04288367125406 2160.1695354593162 6.6329659302718929 8.7577915308647771 310836.05848796212 57096.464088523724 28.003954502171837 331.14294149890316 8854.9046475339983 95272.929103111019 1284.2390567793391 50239.067393280013 40391.489979275357 1483.5844501827573 32.414210218703374 79.869348331744391 44.027848967991417 25.324276116443798 35.870037590586207 187.8778222978703 181.11812117741601 541.29230388361441 1328.8696330939204 10.510356919839976 504.29894191114369 3.708771626815881 9.36193222878501 3.7996755953128409 20.901471413788386
leaf_count=7791 291853 209 14850 48 193 2097441 481388 146 2319 44998 1297337 5509 360853 193854 4472 93 89 273 152 143 673 1185 1275 13954 127 5773 84 28 134 533
internal_value=0.000343504 0.0146024 0.0727286 0.0507283 0.806504 -0.00054435 0.0030682 0.0497731 0.0126221 0.00162166 -0.00543031 0.086235 0.00659228 0.00093264 0.11752 0.176696 0.161342 0.314792 0.625752 1.05472 0.174264 0.0948195 0.150089 0.0669365 0.13422 0.122205 0.249853 0.998833 3.67555 0.334732
internal_weight=606015 35522.8 2346.6 2175.56 15.3908 570492 259656 7801.07 3877.45 251855 104128 3923.62 147727 90630.6 2639.38 1155.8 1123.38 321.104 89.1983 61.1943 231.906 802.28 621.162 2212.59 883.724 873.214 368.915 37.7719 7.50845 30.2634
internal_count=4827777 307153 15300 15091 241 4520624 2423183 44753 30743 2378430 1342335 14010 1036095 554707 8501 4029 3936 1387 441 295 946 2549 1364 22952 8998 8871 3098 779 218 561
cat_boundaries=0 1 2 3 4 5 6 7 8 9 10 11 12
cat_threshold=512 11 433 14 192 27 868 6 10 6 6 32
is_linear=0
shrinkage=0.08


Tree=104
num_leaves=31
num_cat=11
split_feature=32 40 4 38 24 11 5 13 13 32 42 42 32 13 3 19 13 4 38 20 41 35 43 34 13 38 17 18 34 32
split_gain=870.413 1153.2 1646.57 939.25 1262.18 1946.79 1066.01 1206.13 1351.22 2108.4 882.328 840.958 1136.3 3218.72 3897.75 1329.41 876.695 820.409 897.675 750.037 721.523 1522.62 1549.05 1746.39 1317.94 1218.96 2178.33 2609.9 1104.94 1786.14
threshold=5.0650000572204599 0 inf 1 3.5000000000000004 16.500000000000004 20.500000000000004 574.85504150390636 476.27499389648443 31.085000038146976 2 3 88.08499908447267 34.32500076293946 154.09500122070315 109.17499923706056 85.000030517578139 69.500000000000014 4 9.5000000000000018 5 6 7 8 112.00006103515626 9 8.5000000000000018 765.37500000000011 10 5.6250000000000009
decision_type=10 1 8 1 2 2 2 2 2 10 9 9 10 2 10 2 2 10 1 2 9 1 9 1 2 1 2 2 1 10
left_child=19 3 10 6 -5 -6 7 8 -2 -10 17 -4 15 14 -14 -13 -17 20 -19 -1 24 22 23 -22 28 26 -25 -28 29 -3
right_child=1 2 11 4 5 -7 -8 -9 9 -11 -12 12 13 -15 -16 16 -18 18 -20 -21 21 -23 -24 25 -26 -27 27 -29 -30 -31
leaf_value=-0.0012830927769846877 0.092188797255461419 0.69074925086263572 -0.22854389712316672 0.013806027364636658 -0.053741047862542621 0.83326214363875106 0.64147462131376087 -0.054437631091368913 -0.039501034919617893 0.61824278691813161 -0.0009352650495920811 -0.23796471127544488 -0.19549665478870601 -0.59700646198479224 1.8925286178003 0.40971276757613395 -0.027779324330875023 0.28352435025081463 -0.014383695250932218 -0.059253495968763448 0.011043401628484675 0.0015789816434710103 -0.00042894773821386357 0.10878670339757603 0.0054008137828909083 0.11240769513187944 1.2495276161106881 0.42607895151515229 0.038263198551415183 0.11259554907861301
leaf_weight=527542.29990466102 1245.5113331648447 35.101770201232284 238.16295740664364 3526.6162534623363 32.848753666505218 30.577171267941594 22.352228091098368 320.34344804162856 51.08019445196669 80.100892486516386 43377.122220925594 219.23041044943926 10.39923816120157 13.619168537447299 12.720494028627716 31.800460366452057 375.05431787488391 142.48022494374709 119.28549654921335 1432.2779463665793 278.55410945316544 18884.807163243877 656.24067580243491 89.212055733893067 4547.4035699369906 201.59945718300878 31.973753795959055 107.30668184766546 2765.0236879466192 1329.3059768378735
leaf_count=4020593 5166 438 2204 16522 258 27 110 2370 349 39 404206 1829 88 213 188 122 1193 402 742 19545 1355 232313 6141 681 74862 963 62 400 24345 10871
internal_value=-0.000271716 0.00757361 0.00496744 0.0435438 0.0201114 0.373877 0.0920707 0.0853768 0.11791 0.362126 0.00630265 -0.102515 -0.0529836 0.378622 0.953336 -0.0791566 0.0064158 0.0170535 0.158051 -0.00144006 0.0157835 0.0074976 0.0887815 0.170251 0.0350716 0.27077 0.399922 0.615113 0.0678306 0.126542
internal_weight=607750 78775.8 73466.4 5309.43 3590.04 63.4259 1719.39 1697.04 1376.69 131.181 72565.4 900.987 662.824 36.7389 23.1197 626.085 406.855 29188.3 261.766 528975 28926.5 20249.7 1364.89 708.646 8676.84 430.092 228.492 139.28 4129.43 1364.41
internal_count=4828597 788459 763618 24841 16807 285 8034 7924 5554 388 757781 5837 3633 489 276 3144 1315 353575 1144 4040138 352431 241915 9602 3461 110516 2106 1143 462 35654 11309
cat_boundaries=0 1 2 3 4 5 6 7 8 9 10 11
cat_threshold=4 773 10 26 212 4 16 40 4 612 36
is_linear=0
shrinkage=0.08


Tree=105
num_leaves=31
num_cat=3
split_feature=2 19 19 6 43 4 32 3 3 3 19 6 3 10 19 3 5 5 26 3 32 38 3 3 37 16 32 32 3 32
split_gain=1802.1 9571.08 9252.31 46685.9 8177.57 27964.9 190268 266293 562046 26290.2 70698.4 147069 30911.2 122028 172971 11433.4 6469.21 3745.84 3306.07 16941.7 83377.5 3011.19 5872.65 17442.1 2387.25 4713.06 39972.2 125377 3133.97 4346.98
threshold=inf 66.005001068115249 8383.3750000000018 1220.430114746094 0 inf -73.520000457763658 92.665000915527358 154.09500122070315 489.82499694824224 465.32499694824224 150.00000762939456 564.02502441406261 1.0000000180025095e-35 2026.5799560546877 154.09500122070315 9.5000000000000018 23.500000000000004 9.5000000000000018 179.04499816894534 9.9049997329711932 1 179.04499816894534 282.95500183105474 2 1.5000000000000002 -15.574999809265135 1.1749999523162844 36.745000839233406 18.82499980926514
decision_type=8 2 2 2 9 8 10 10 10 10 2 2 10 2 2 10 2 2 8 10 8 1 10 8 1 2 10 8 10 8
left_child=-1 -2 4 -4 5 9 7 -7 -9 17 11 -11 13 14 -12 -8 -17 21 19 -6 -21 22 -3 -24 25 28 -27 -28 -20 -30
right_child=1 2 3 -5 18 6 15 8 -10 10 12 -13 -14 -15 -16 16 -18 -19 24 20 -22 -23 23 -25 -26 26 27 -29 29 -31
leaf_value=0.00011262185273081743 -0.0044068639547815 0.033537740992203149 13.864202392964156 -0.057319498611851219 -0.036326866093610077 -0.84881072656155787 2.1769229065620226 6.6623947795926295 84.913421050596241 -2.3763694149987975 75.603139111398619 55.363071316580253 -0.52592838291741384 0.017191322163989241 -0.53178535262321236 -0.98840666594237203 2.4265552892635909 1.8259020589611019 -0.018947736864030826 -0.83973702218209834 23.519385168084117 -0.12769837553169103 6.1002306336525622 -0.20111922195561785 0.0015751028722706803 -0.30494901901080101 -1.6824057594156421 40.430363542010703 0.18844374778921325 0.82032083468743955
leaf_weight=597634.78391293134 9815.3045850312265 24.655274789037954 1.9059518203103696 8.06620888550143 18.717063100037191 2.6683102002690502 17.680056053911997 1.6005866435453469 0.92807577649448614 0.65128994551890451 0.37221186924974947 0.49837003334303498 8.959146193423603 2.5015201957945385 0.39222877484280616 22.40834128919073 4.2186274960008516 7.364497143674412 414.03612079652635 3.5646796035546231 1.2027275758449025 211.18547045757791 4.5372092882417157 7.3908006842835565 985.3882184079439 10.378932938550792 1.4068911033758944 0.66692931211780071 635.66667398970696 78.25741282315596
leaf_count=4758659 39933 72 389 251 105 46 174 101 174 128 195 225 921 78 187 657 121 86 1030 357 127 3447 99 221 10018 178 242 186 10504 2093
internal_value=0.000736276 0.0310568 0.171569 2.60346 0.16174 0.534456 2.29843 16.7799 35.3823 0.229143 3.68653 22.6533 1.90288 8.56557 36.5389 0.599821 -0.447359 0.0478977 0.103623 1.0481 5.30561 -0.00495039 0.580004 2.19581 0.093677 0.171739 1.72108 11.8608 0.156157 0.257708
internal_weight=609927 12292.6 2477.27 9.97216 2467.3 318.012 49.504 5.19697 2.52866 268.508 13.3748 1.14966 12.2251 3.26596 0.764441 44.307 26.627 255.133 2149.29 23.4845 4.76741 247.769 36.5833 11.928 2125.8 1140.41 12.4528 2.07382 1127.96 713.924
internal_count=4831004 72345 32412 640 31772 6932 1273 321 275 5659 1734 353 1381 460 382 952 778 3925 24840 589 484 3839 392 320 24251 14233 606 428 13627 12597
cat_boundaries=0 1 2 3
cat_threshold=4 64 43
is_linear=0
shrinkage=0.08


Tree=106
num_leaves=31
num_cat=14
split_feature=36 41 37 4 19 34 6 37 19 11 4 42 47 37 32 38 43 45 22 7 34 47 32 19 19 32 6 42 19 7
split_gain=1506.77 929.489 1432.31 2886.32 1417.07 1318.18 1206.29 1182.47 1386.48 2929.61 1935.89 1174.01 1165.13 2412.11 2280.84 1657.13 2114.43 2265.36 1514.17 2597.68 1895.76 5795.03 1807.28 1495.06 2747.62 8067.58 2054.23 1914.18 1678.61 1390.78
threshold=0 1 2 1.5000000000000002 43.274999618530281 3 9435.9252929687518 4 1.0000000180025095e-35 1.5000000000000002 1.5000000000000002 5 6 7 13.72499990463257 8 9 10 2.5000000000000004 18.750007629394535 11 12 -1.0249999761581419 838.77499389648449 650.77499389648449 6.6949999332427987 5486.7500000000009 13 1.0000000180025095e-35 1737.4500732421877
decision_type=9 9 1 10 2 1 2 1 2 2 10 9 1 1 10 1 9 9 2 2 1 1 8 2 2 10 2 9 2 2
left_child=1 7 4 5 11 -4 12 8 -1 10 -10 -3 -7 14 15 16 17 23 -17 20 21 -20 -23 24 26 -26 27 28 -14 -19
right_child=-2 2 3 -5 -6 6 -8 -9 9 -11 -12 -13 13 -15 -16 18 -18 29 19 -21 -22 22 -24 -25 25 -27 -28 -29 -30 -31
leaf_value=-0.074210921451655587 -0.01529739566433852 0.024841987745874705 0.007784005251212779 0.028119489128077293 -0.013791082093904977 0.0053392661983756454 -0.040937320065529706 -0.0071720596693315465 0.25813276101682525 0.07963510706583625 1.0696200600657821 -0.0024152268595562468 0.77911759729067187 0.010271279297139986 0.059076991761989779 -0.029685397193534798 -0.0072981766752663471 -0.052499856642057238 0.46283768605244147 0.019510456774713709 0.10026666946755143 1.9823811267652935 4.2620576261564675 -0.096722939198269187 -0.09680729704940863 2.9669878146672035 0.91970344408449622 0.098442042892255069 -0.097773465566400347 0.63969497057008118
leaf_weight=152.27160313966482 37095.106399829267 13177.82827716726 174423.46817674983 31866.12663174374 58880.331099219526 86038.275063691603 4987.6784791545942 83021.699948277586 38.524090456776321 230.29009597885312 36.775291131809354 43375.17024459003 65.487621197476983 27730.146231984283 2243.1534321499348 40082.250673217524 2366.6890934577159 339.2216358587321 25.660195347387344 370.43223696955101 59.564224132918753 6.8892727233469486 3.2878415854647738 66.300679044332355 13.321138111408802 9.3692353037185949 28.319848798215389 285.15355921583267 17.760462631471455 19.65355734154582
leaf_count=829 191345 49608 1449870 212407 362666 103456 66556 414927 247 1098 95 216280 257 497647 88508 1127924 16031 5875 98 15240 652 117 187 1431 276 44 47 3504 412 148
internal_value=0.000323347 0.00134025 0.00267855 0.0050997 -0.00510377 0.00293715 -0.00219437 -0.00645817 0.120375 0.221274 0.654453 0.00394014 -0.000985039 -0.00836484 -0.0195966 -0.023634 0.0316338 0.139537 -0.0280119 0.115382 0.48764 0.862761 2.71886 0.25112 0.312095 1.16829 0.263125 0.212653 0.528548 -0.0141967
internal_weight=607056 569961 486482 371048 115433 339182 164759 83479.6 457.861 305.589 75.2994 56553 159771 73732.7 46002.5 43759.4 3211.28 844.588 40548.1 465.834 95.4015 35.8373 10.1771 485.713 419.412 22.6904 396.721 368.402 83.2481 358.875
internal_count=4827782 4636437 4219241 3590687 628554 3378280 1928410 417196 2269 1440 342 265888 1861854 1758398 1260751 1172243 28025 11994 1144218 16294 1054 402 304 5971 4540 320 4220 4173 669 6023
cat_boundaries=0 1 2 3 4 5 6 7 8 9 10 11 12 13 14
cat_threshold=210 17 68 14 64 17 2 25 530 5 14 64 1 3
is_linear=0
shrinkage=0.08


Tree=107
num_leaves=31
num_cat=10
split_feature=16 2 7 18 4 3 38 7 7 34 6 3 36 7 42 37 2 17 47 3 6 38 11 11 34 34 7 6 38 3
split_gain=969.761 1529.88 6201.26 29744.1 102630 168103 3160.97 3785.76 13373.2 4084.03 23776.1 43867.6 2725.91 1034.4 1096.62 1410.52 1465.38 7652.76 1308.79 1623.18 1714.28 1126 1276.37 1119.84 1064.4 1048.3 1416.07 1036.77 959.358 1468.79
threshold=1.0000000180025095e-35 inf 1737.4500732421877 3081.8000488281255 1.0000000180025095e-35 291.17500305175787 0 860.69995117187511 970.04998779296886 1 191.7749938964844 261.02499389648443 2 514.39999389648449 3 4 inf 4.5000000000000009 5 185.67499542236331 14909.698242187502 6 4.5000000000000009 7.5000000000000009 7 8 970.04998779296886 729.04998779296886 9 1.0000000180025095e-35
decision_type=2 8 2 2 8 10 1 2 2 1 2 8 9 2 9 1 8 2 1 8 2 1 2 2 1 1 2 2 1 10
left_child=13 28 6 4 5 -4 -3 9 -9 10 11 -8 -11 -1 15 25 23 -18 -16 20 21 22 -20 -17 -24 26 -15 -28 29 -2
right_child=1 2 3 -5 -6 -7 7 8 -10 12 -12 -13 -14 14 18 16 17 -19 19 -21 -22 -23 24 -25 -26 -27 27 -29 -30 -31
leaf_value=0.00029376747928952024 -0.65291875340298677 -0.1356359151950631 70.993548768880942 -0.38604897871943072 -0.56353187025064921 -2.4673866739507457 13.008607679210696 4.398494845285982 -0.27910963893271162 0.56697226906842446 -0.24554088936743879 -0.82387998012101882 -0.032368417021496738 0.050524867485833312 -0.0040202645854140965 -0.036874933830183525 2.0891670135986375 -0.074430696943833016 -0.11266022563498358 -0.05834984602680602 0.48060985698164188 -0.029640200206778572 0.25868254753450276 0.016664285435406396 0.053441442982574715 0.057338719830907103 0.9105703717905822 0.33074895453964576 0.00033273285093757862 0.019956601710500878
leaf_weight=503360.10809965513 20.777046490893554 207.2732419387597 0.38963790434273471 8.2800004559257108 1.9859067703723365 0.40824328868497595 2.8660236926483398 6.1778296383196976 10.664012601626023 52.264285619408099 12.486467941007833 3.0066012348507627 222.21248766944171 81.931318850769856 11852.379315331003 3979.4719433189694 13.284414428677954 49.258167439721838 192.9712837497475 9336.8744239488205 47.899296973831952 2511.5238153885616 228.40053627421366 6726.6958660609889 559.42366696517752 618.12450544988519 28.285944095579907 65.301257139770314 39989.739561761882 28863.581210808272
leaf_count=3749147 212 3726 64 507 139 167 174 111 304 147 360 162 1731 487 15220 35356 153 916 1818 278325 183 38535 797 67672 2637 5282 82 353 452928 170499
internal_value=0.000498088 0.00939962 0.145055 2.0191 9.17288 33.4066 0.104947 0.261896 1.4367 0.203273 1.11922 5.9268 0.0976733 -0.000646696 -0.0136907 0.00664946 -0.000979722 0.38513 -0.0231942 -0.0408603 0.00526609 -0.00125354 0.0710143 -0.00323619 0.116905 0.108892 0.277569 0.505995 0.00835964 0.0194659
internal_weight=609054 69402.1 528.015 11.0638 2.78379 0.797881 516.951 309.678 16.8418 292.836 18.3591 5.87262 274.477 539652 36291.8 11562.4 10768.7 62.5426 24729.5 12877.1 3540.22 3492.32 980.795 10706.2 787.824 793.643 175.519 93.5872 68874.1 28884.4
internal_count=4828194 631231 7592 877 370 231 6715 2989 415 2574 696 336 1878 4196963 447816 110301 104097 1069 337515 322295 43970 43787 5252 103028 3434 6204 922 435 623639 170711
cat_boundaries=0 1 2 3 4 5 6 7 8 9 10
cat_threshold=236 4 2 18 8 2 531 41 17 728
is_linear=0
shrinkage=0.08


Tree=108
num_leaves=31
num_cat=9
split_feature=2 32 43 38 23 4 19 34 38 32 6 32 32 12 19 12 39 37 34 20 17 38 32 23 19 23 12 19 39 32
split_gain=1155.4 7325.51 9138.12 16930.8 48025.3 245022 147913 14316.5 26581.6 239825 108574 10160.3 37586.3 8833.9 7930.37 65797.5 100669 3874.79 8734.84 14616.9 118344 9519.39 26232.2 46487.3 12282.7 32059.9 5358.62 23983.4 43398.6 3413.38
threshold=inf inf 0 1 1.5000000000000002 1.0000000180025095e-35 238.99499511718753 2 3 -73.520000457763658 129.75000762939456 -1.9450000524520872 4.1649999618530282 259.82499694824224 6104.6499023437509 2348.9501953125005 4 5 6 1.5000000000000002 12.500000000000002 7 -1.2549999952316282 5.5000000000000009 342.34500122070318 1.5000000000000002 1759.2999267578127 1685.035095214844 8 -3.8749999999999996
decision_type=8 8 9 1 2 8 2 1 1 8 2 8 8 2 2 2 9 1 1 2 2 1 10 2 2 2 2 2 9 10
left_child=-1 2 3 -2 7 13 -7 8 11 -10 -11 -5 -13 -6 17 16 -16 18 19 21 -21 22 24 -24 -4 -26 -23 28 -28 -9
right_child=1 -3 14 4 5 6 -8 29 9 10 -12 12 -14 -15 15 -17 -18 -19 -20 20 -22 26 23 -25 25 -27 27 -29 -30 -31
leaf_value=-9.4796421622253744e-05 0.083931723813956347 -0.020169398656126953 0.17829857969670215 0.0036378287019893929 -0.74080232572189819 53.336721624275171 10.649082580050484 0.95913782970159822 3.8006571988318298 54.235787298275412 -2.1986185435116683 8.5192873405240768 0.22059447787060577 3.201923028750099 -0.19456988896033603 -0.028085829622180227 41.255661352781544 -0.014212709301700734 -0.0058040248292421295 21.403719049705156 -0.52954189874662905 0.16369916234704282 13.617960210155015 -0.057604213980849014 -0.061400351712984746 7.7255391327730738 16.736934933269477 -0.0037605603701719678 -0.6821696982055252 -0.12043812361276635
leaf_weight=592778.69712268794 441.26680408537783 8340.6821150721826 44.438918457254495 47.467019058448997 6.5256409812921659 0.98210376252650577 1.1028705372186918 22.74088483047538 7.2339011700873943 0.97757582441857405 0.28086681576145789 4.5705209243919622 14.814990277296738 8.2160758065934569 0.87284164425712274 11.684004580015213 0.65744522162085728 2292.4817169528633 918.76024591870873 1.9061560434491518 9.0467172729439973 507.13254647945087 2.9438207656232782 3.4613081248244271 9.0041424649886448 5.4211441309656854 1.6924610512327334 12.863101360386027 1.993698330899881 106.64146075357772
leaf_count=4756058 4856 23564 309 147 359 116 101 444 73 193 564 141 293 360 133 472 251 20173 9322 179 579 5999 943 83 341 141 147 198 136 1464
internal_value=0.000419237 0.0241728 0.106595 0.378581 0.936463 5.08714 30.7566 0.641058 1.4327 4.32047 41.6404 0.551424 2.17718 1.45662 0.0583135 2.01489 17.6134 0.0516826 0.150258 0.385446 3.28756 0.338019 1.1843 6.22774 0.836702 2.865 0.205994 1.62655 7.31563 0.0643406
internal_weight=605607 12827.9 4487.18 662.821 221.554 16.8267 2.08497 204.727 75.3449 8.49234 1.25844 66.8525 19.3855 14.7417 3824.36 13.2143 1.53029 3811.15 1518.66 599.904 10.9529 588.951 65.2693 6.40513 58.8642 14.4253 523.682 16.5493 3.68616 129.382
internal_count=4828139 72081 48517 9111 4255 936 217 3319 1411 830 757 581 434 719 39406 856 384 38550 18377 9055 758 8297 1817 1026 791 482 6480 481 283 1908
cat_boundaries=0 1 2 3 4 5 6 7 8 9
cat_threshold=4 850 48 136 1 35 28 40 1
is_linear=0
shrinkage=0.08


Tree=109
num_leaves=31
num_cat=2
split_feature=41 2 34 7 32 3 3 19 32 32 3 32 32 32 31 32 3 3 3 3 3 10 32 3 19 13 7 19 12 1
split_gain=953.868 2093.33 4254.85 19777.9 77420 293337 275616 39063.4 22207.6 51040.1 63583.6 14563.2 21077.9 65264.4 3502.46 7917.99 28033.2 7224.16 3336.87 2911.78 101525 2709.3 8921.61 14529 38670.3 2502.92 8581.35 4698.37 15572.1 3018.38
threshold=0 inf 1 81.274993896484389 3.9450000524520878 377.11000061035162 312.50500488281256 387.30000305175787 -1.9450000524520872 5.9649999141693124 150.37500000000003 3.9450000524520878 -0.10500000044703482 -1.564999997615814 1.0000000180025095e-35 -73.520000457763658 364.83499145507818 174.31500244140628 337.10499572753912 154.09500122070315 299.81999206542974 1.0000000180025095e-35 1.4049999713897707 128.91500091552737 1219.924987792969 1.0000000180025095e-35 108.00000762939455 43.274999618530281 325.27499389648443 1.5000000000000002
decision_type=9 8 1 2 10 8 10 2 10 8 10 10 10 10 8 10 8 10 10 10 10 2 8 10 2 2 2 2 2 2
left_child=1 -1 3 8 5 6 7 -5 14 11 -11 12 13 -10 15 16 17 -3 21 -12 -21 -4 23 -23 -25 -20 27 -27 -29 -28
right_child=-2 2 18 4 -6 -7 -8 -9 9 10 19 -13 -14 -15 -16 -17 -18 -19 25 20 -22 22 -24 24 -26 26 29 28 -30 -31
leaf_value=-0.0095331023848844836 0.0021408504860290643 3.5316820312968789 0.010137795619457133 70.746518433618817 -0.24814564528966668 -0.17618785824199118 -1.1031281184705524 42.366726371863251 25.053738643561729 -0.76812610797568237 12.75396856429338 -0.12152990784581538 1.5604260664939584 -5.4908535637536771 -0.068304081925460808 0.099542818816727399 -0.2242737697213909 8.2416175696856016 -0.28311033531853835 31.140813152389089 -7.8881505651634134 -0.082085663590976465 -0.19588718434512731 10.010371692274884 -0.17351718498603258 -3.3235103880280952 -2.8906029008487937 -33.334758059961807 -4.2269398485081489 -0.22147350634607041
leaf_weight=85633.929458687577 518558.63717938983 8.6242007382409742 3383.6276783369044 0.70728476838290311 21.510608173701428 5.8693279002873178 0.8288113769418185 0.55318257654745628 0.99429073268677581 2.9221955884539934 2.1297289981707905 29.55863974819616 6.6507212278198482 0.81440338762600772 561.93306260831866 172.82514017468682 21.940319519104396 2.7483877445537308 54.11083938988773 1.1849947865483961 0.66646715285838709 11.279896408143037 36.255579911233205 4.1336249137385641 5.6454119065665607 0.63343574509417522 3.6300850882832778 0.17231705502221928 0.37061747217136509 10.715898639537679
leaf_count=424365 4380945 279 17180 176 150 64 31 160 115 54 35 163 198 170 1332 242 102 161 532 153 135 75 287 143 96 49 536 218 185 410
internal_value=0.000821431 -0.00678134 0.0473365 0.207616 2.24602 8.98726 34.7298 58.2915 0.136282 1.86519 8.19343 0.716097 3.64291 11.3004 0.0351655 0.317224 1.44654 4.66992 0.00825786 14.7712 17.0916 0.0193767 0.564807 1.87444 4.13124 -0.539997 -1.4355 -8.00424 -13.4652 -0.896866
internal_weight=608546 89987 4353.04 842.462 29.4692 7.95861 2.08928 1.26047 812.993 44.9214 6.90339 38.0181 8.45942 1.80869 768.071 206.138 33.3129 11.3726 3510.58 3.98119 1.85146 3440.94 57.3145 21.0589 9.77904 69.6332 15.5224 1.17637 0.542935 14.346
internal_count=4828741 447796 23431 3720 581 431 367 336 3139 1023 377 646 483 285 2116 784 542 440 19711 323 288 17781 601 314 239 1930 1398 452 403 946
cat_boundaries=0 1 2
cat_threshold=17 48
is_linear=0
shrinkage=0.08


Tree=110
num_leaves=31
num_cat=1
split_feature=2 7 7 32 3 3 32 32 4 3 3 3 32 4 19 4 3 38 6 6 17 6 32 32 7 19 7 3 31 32
split_gain=1411.65 7629.04 13905.9 22152.9 31852.8 14589.9 54173.7 5832.29 6738.23 7968.76 22620.8 4176.42 13878.4 133464 503475 600470 1.09564e+06 14869.3 13920.5 15936.9 3895.22 17875.2 107700 247295 672567 2.60074e+06 5819.71 21081.3 3316.83 3276.5
threshold=inf 62.00000190734864 89.000007629394545 -6.7049999237060538 154.09500122070315 133.55500030517581 -1.3949999809265134 88.08499908447267 inf 351.98500061035162 150.37500000000003 150.37500000000003 inf 16.500000000000004 165.0100021362305 26.500000000000004 189.3850021362305 0 337.22509765625006 580.02499389648449 5.5000000000000009 171.00000762939456 -1.1050000190734861 3.9450000524520878 104.19996643066408 862.02499389648449 124.76499938964845 346.39500427246099 inf -2.2749999761581416
decision_type=8 2 2 8 8 8 8 10 8 10 8 10 8 8 2 10 10 1 2 2 2 2 10 10 2 2 2 10 8 10
left_child=-1 7 3 4 -3 6 -5 29 -9 10 -10 -4 20 17 -15 16 -16 -14 -19 -20 -13 22 -22 24 -24 -26 27 -23 -7 -2
right_child=1 2 11 5 -6 28 -8 8 9 -11 -12 12 13 14 15 -17 -18 18 19 -21 21 26 23 -25 25 -27 -28 -29 -30 -31
leaf_value=-0.00013541615840267034 -0.020707603987745304 -0.13700603381836943 -0.0089753201592764377 0.039256827806602182 7.7975563684910529 -0.27248887222123525 9.4948055779119702 0.1673549843401117 -0.10401240596664491 0.012424385246191659 5.4569795917649744 -0.31120896423471606 -0.077644903828963927 -0.91400435436980954 22.908424917400577 -2.1369542939618387 223.41870808382657 8.4305616646250332 -0.078304933115754455 6.2118588800221062 -0.23513460419648982 6.5943870459773386 -0.63141330510908111 -1.8699192620749594 420.41844040410643 -4.2830891475839472 0.032077906526917464 0.0031620262286753652 1.5990703029645832 0.089393503830074883
leaf_weight=593738.79482961982 8841.2483373595605 5.8899101075290528 577.83589335970964 14.970469812962962 7.1917960416095976 47.05323648845954 5.2335610322354631 66.186638709297426 9.505505552215844 12.277594285085799 9.2246431156779423 107.71835032243501 83.061374944092478 3.9042617996398508 0.42295331431007066 0.61329754633331801 0.29680104097263094 3.1748955117347029 6.5319280921709613 4.2584961759327573 13.837684402848376 4.0451974910374444 0.7662413713239411 1.874104663737 0.13203960788767555 0.30646021560545056 316.892630547571 13.37020774585241 6.9562654607288001 2150.6255222012514
leaf_count=4754217 26596 62 4554 34 189 1068 365 689 78 58 227 2808 1111 164 117 56 239 178 65 206 589 197 39 373 149 248 9361 231 124 22493
internal_value=0.000420648 0.0272291 0.216569 1.18967 4.2251 0.654617 2.48858 0.00628999 0.623279 1.59646 2.63479 0.141991 0.297432 1.14022 13.5797 56.029 105.592 0.468759 2.19934 2.40414 0.109638 0.238709 2.77583 16.3084 44.5867 123.602 0.110327 1.53415 -0.0314375 0.000834333
internal_weight=606054 12315.4 1226.34 87.2952 13.0817 74.2135 20.204 11089.1 97.1944 31.0077 18.7301 1139.04 561.207 102.264 5.23731 1.33305 0.719754 97.0267 13.9653 10.7904 458.943 351.225 16.9165 3.07885 1.20474 0.4385 334.308 17.4154 54.0095 10991.9
internal_count=4826885 72668 22527 1842 251 1591 399 50141 1052 363 305 20685 16131 2136 576 412 356 1560 449 271 13995 11187 1398 809 436 397 9789 428 1192 49089
cat_boundaries=0 1
cat_threshold=229
is_linear=0
shrinkage=0.08


Tree=111
num_leaves=31
num_cat=4
split_feature=23 8 2 32 13 13 6 32 6 3 17 6 32 3 38 32 6 4 3 3 32 3 32 18 36 18 32 3 38 42
split_gain=1713.41 2149.27 1967.15 22021.4 329941 814413 1.0725e+06 3.86086e+06 4072.53 13650.7 76027 97655.1 9701.67 2693.63 1579.75 5354.92 7866.33 4089.13 2503.36 3294.54 1545.78 5455.48 4784.74 2033.36 1456.21 1345.64 1291.27 1192.95 1498.6 1736.33
threshold=1.5000000000000002 11.500000000000002 inf 9.9049997329711932 90.00000381469728 34.32500076293946 55.049999237060554 14.525000095367433 39.00001525878907 154.09500122070315 8.5000000000000018 547.52499389648449 1.9950000047683718 125.85499954223634 0 -15.574999809265135 135.00000762939456 5.5000000000000009 291.17500305175787 282.95500183105474 10.59500026702881 394.32499694824224 88.08499908447267 388.81500244140631 1 718.77490234375011 -15.574999809265135 278.18499755859381 2 3
decision_type=2 2 8 10 2 2 2 10 2 8 2 2 10 8 1 10 2 8 8 8 10 8 10 2 9 2 8 10 1 9
left_child=-1 2 24 8 5 6 7 -5 -4 10 12 -12 13 -10 18 -16 17 -17 19 -11 -6 22 23 -22 26 -18 27 28 29 -2
right_child=1 -3 3 4 20 -7 -8 -9 9 14 11 -13 -14 -15 15 16 25 -19 -20 -21 21 -23 -24 -25 -26 -27 -28 -29 -30 -31
leaf_value=-0.001586595477004196 0.060282885801359674 1.0748618955665301 -0.010251042534983665 -9.9991159394324125 0.013345401085632693 -5.1258996617332659 -3.4494296737739418 701.69896381054173 -0.15484625660363843 -0.077622894557607777 17.657153702448575 -0.098539504862357449 2.660654704653731 1.3308627131512527 -0.086201227407382744 -6.4182954218697112 -3.6383520163392622 -20.160581633158909 0.029098348831462645 1.10844772732973 -25.580210577194318 -0.66803359917845007 -3.3672151896011111 -10.958269266304127 -0.0096944587441750215 -0.7868144282734153 0.013342136056415219 0.037393575286734392 -0.16126314598207397 -0.13483197324849727
leaf_weight=477230.69894124492 714.7690731792909 12.102292649040463 1124.159875612298 0.12697669677675966 6.7889741676497364 0.72181559476499491 0.18093786691406422 0.079218526832846636 56.175262078619049 26.155767670128164 3.9071882102352191 4.0242936458211878 10.604805327779699 9.0711476496563872 60.236861819160396 0.39383085738304979 1.4999626706369777 0.21381182584677505 240.07016682356618 35.104872370133187 0.10911056146153369 3.4178416988461291 0.41672091057831895 0.13766247344350585 25032.242231304161 3.6037667975797074 99599.081495042323 855.74125187786012 777.62886605050744 479.23681449227433
leaf_count=3733361 1768 24 8980 122 55 150 43 188 620 261 159 44 96 166 297 151 305 159 989 35 88 335 63 142 142535 328 923434 7083 3595 2217
internal_value=0.000625017 0.00880312 0.00870314 0.0972159 3.51427 45.0822 138.696 263.429 0.0712298 0.274301 1.19575 8.64823 0.416469 0.0517105 0.0641028 -0.267599 -2.64931 -11.2538 0.140902 0.602044 -0.72633 -1.95672 -8.59511 -17.4234 0.00760092 -1.62487 0.0118276 -0.0414837 -0.0757184 -0.0184996
internal_weight=606289 129058 129046 1587.2 11.9793 1.10895 0.387133 0.206195 1575.22 451.062 83.7827 7.93148 75.8512 65.2464 367.279 65.9482 5.71137 0.607643 301.331 61.2606 10.8703 4.08134 0.663494 0.246773 127459 5.10373 102426 2827.38 1971.63 1194.01
internal_count=4827793 1094432 1094408 13776 1186 503 353 310 12590 3610 1085 203 882 786 2525 1240 943 310 1285 296 683 628 293 230 1080632 633 938097 14663 7580 3985
cat_boundaries=0 1 2 3 4
cat_threshold=116 145 101 24
is_linear=0
shrinkage=0.08


Tree=112
num_leaves=31
num_cat=8
split_feature=1 27 20 34 38 2 6 41 6 32 19 32 32 19 6 17 19 4 11 6 35 11 43 32 37 32 44 32 32 42
split_gain=1329.11 1085.33 930.269 874.397 1447.51 2665.46 4884.25 6075.74 16651.5 71456.9 179803 13647.3 118640 144400 9259.53 30183.6 125312 139437 169944 73930 2486.39 3448.47 1175.36 1652.46 8462.29 39487.1 2462.57 2309.69 3567.16 1025.95
threshold=3.5000000000000004 1.0000000180025095e-35 8.5000000000000018 0 1 inf 146.7749938964844 2 225.00000762939456 0.42499999701976782 399.44999694824224 8.2650003433227557 14.525000095367433 1473.3750000000002 1295.0250244140627 19.500000000000004 122.00000381469728 9.5000000000000018 6.5000000000000009 2407.7900390625005 3 2.5000000000000004 4 -0.65500000119209278 5 3.9450000524520878 6 -0.054999999701976769 0.25499999523162847 7
decision_type=2 8 2 1 1 8 2 9 2 8 2 10 10 2 2 2 2 8 2 2 1 2 9 10 1 10 9 10 8 9
left_child=1 -1 3 4 5 -3 22 -8 9 10 -9 14 13 -13 20 16 -16 18 -18 -20 21 -10 -7 -24 25 -25 27 -26 -29 -6
right_child=-2 2 -4 -5 29 6 7 8 11 -11 -12 12 -14 -15 15 -17 17 -19 19 -21 -22 -23 23 24 26 -27 -28 28 -30 -31
leaf_value=0.11029767401316454 0.029292381926691053 -0.0015598088123933529 -0.049926375796444412 -0.0027445273156348183 0.039368613899608183 -0.13317452909528463 -0.011429112375559084 31.803135283443531 1.7409823533554587 -0.26400511444396335 -0.56709750487899957 63.888852894971549 -0.20447708538057532 -0.80041215496464124 -0.22877578498764162 -0.034496164659621846 97.813395324005995 -0.6066428386347108 54.976161824600439 -2.0769929904253321 -0.036765318846237738 -0.26952865548451788 0.015068955644896865 8.9773965205484245 0.036163969460494744 -0.096107682552662263 -0.033395713722112447 2.0085897401347168 -0.11600070749394316 0.0088221684693142038
leaf_weight=572.66452644695528 10232.79445501836 194899.92392598136 2368.5222971803742 299651.44297857583 7595.9116848618105 232.31611405436672 177.89200516868965 1.7442931412283949 15.490718871355227 11.586844664192853 2.9649334234348315 0.43846018319824831 5.6903073411593335 0.44495711660420256 4.3969334549583543 14.684820164079747 0.28680648153944555 0.69889724313036983 0.25749163484208237 0.33378846756133262 138.96207230219022 8.432063883179552 1037.4104284917639 4.5693323255567799 20.691149838268757 9.3525347170070745 192.25489006823875 13.595231607963795 8.0538753406148533 94539.546041880298
leaf_count=1192 73179 1753131 34195 2313133 39186 2255 2325 161 28 388 253 126 493 159 56 408 78 71 81 183 1840 419 3370 316 54 221 2328 201 172 598562
internal_value=0.000702639 0.000216292 0.000111393 0.000309384 0.00337056 -0.000639914 0.0935921 0.348365 0.628547 3.11324 11.4228 0.448631 4.03014 31.3063 0.320357 1.91588 6.71021 26.0574 47.2802 22.7686 0.117996 0.728018 0.0291027 0.0589966 0.244742 1.6772 0.0846328 0.640555 1.2182 0.0110976
internal_weight=611763 601531 600958 598589 298938 196802 1902.55 384.305 206.413 16.2961 4.70923 190.117 6.57372 0.883417 183.544 20.6587 5.97392 1.57698 0.878087 0.59128 162.885 23.9228 1518.24 1285.93 248.517 13.9219 234.595 42.3403 21.6491 102135
internal_count=4828564 4755385 4754193 4719998 2406865 1769117 15986 7069 4744 802 414 3942 778 285 3164 877 469 413 342 264 2287 447 8917 6662 3292 537 2755 427 373 637748
cat_boundaries=0 1 2 3 4 5 6 7 8
cat_threshold=28 868 3 1 6 1 1 1
is_linear=0
shrinkage=0.08


Tree=113
num_leaves=31
num_cat=4
split_feature=2 13 19 7 19 3 6 32 32 41 23 18 32 3 34 32 32 3 32 3 32 13 13 6 7 3 42 39 3 6
split_gain=3758.29 10772.8 7952.9 96755.2 6420.92 60645.6 114643 102265 6198.79 11691.7 14151 30616.8 15328.8 13390.2 11616 36431.3 145668 5556 11447.8 5555.68 10494.6 113600 780438 2.09825e+06 2.56768e+06 5084.48 4714.23 18749 49951.4 30039.4
threshold=inf 57.504999160766609 7042.3247070312509 774.87493896484386 89.924999237060561 137.129997253418 39.00001525878907 -3.6550000905990596 -2.2749999761581416 0 7.5000000000000009 465.02499389648443 -1.8650000095367429 150.37500000000003 1 3.1350001096725468 0.25499999523162847 299.81999206542974 5.9649999141693124 154.09500122070315 inf 333.50500488281256 381.55000305175787 675.02502441406261 750.00003051757824 194.62500000000003 2 3 237.59500122070315 1295.0250244140627
decision_type=8 2 2 2 2 8 2 8 10 9 2 2 10 10 1 10 8 10 8 10 8 2 2 2 2 10 9 9 10 2
left_child=-1 8 4 -4 5 6 -3 -8 -2 10 12 -12 13 -10 15 16 -14 18 -17 -6 26 25 -23 24 -24 -22 -21 28 -28 -30
right_child=1 2 3 -5 19 -7 7 -9 9 -11 11 -13 14 -15 -16 17 -18 -19 -20 20 21 22 23 -25 -26 -27 27 -29 29 -31
leaf_value=-0.00043275355953863788 -0.018398664932782267 1.1038696027998018 25.303645439345839 -0.22529478700603267 0.021252131192605554 0.23224751485482409 6.4762712054385894 33.253638789340755 5.2219911489176605 0.038297245795861849 -0.3115447936085457 11.047636486794088 19.170766470774709 0.89435790787775415 0.082153756952903362 -0.29576514595117737 -0.075959757024601102 0.071116993797390254 3.3379447483675908 0.049330280179722151 1.7267064991159828 -0.19269504035580998 874.62817801357903 28.65722772200035 131.38407956046586 0.10492515315104121 10.105861688829004 0.17755479705395563 0.67584010111048554 9.1612791854915852
leaf_weight=594287.14761085226 8747.1523912814664 9.1149276878005576 1.0605538250382398 9.1265277106805467 1027.0267550393937 156.93412348620259 2.1725222747300639 1.5742030814007169 7.8913430249188155 1437.3832991680824 3.7302880509784009 2.5613245568238199 3.4753856863042105 10.890918255880063 265.99493940582545 10.619276755874981 9.123305064354847 47.55858419158038 11.62124940212632 562.84816711289943 14.750117604544441 5.2381098460843329 0.043732091339344442 0.75972335873719143 0.093030434391123323 76.738995334348473 4.2117020299321117 320.70693994483645 55.478898457476433 2.8050677738033576
leaf_count=4756057 24156 122 407 554 7104 964 21 220 121 12874 161 93 296 252 4439 118 105 243 132 8352 176 112 257 529 139 826 60 7358 1538 498
internal_value=0.000491329 0.0433662 0.20227 2.43246 0.19213 0.665076 5.94632 17.7269 0.00949209 0.144216 0.536481 4.31279 0.486384 2.71261 0.366366 1.13602 5.23331 0.559212 1.60294 0.153349 0.283338 1.07305 11.6119 80.5853 369.049 0.366393 0.201847 0.413779 1.69221 1.08422
internal_weight=607096 12808.7 2250.68 10.1871 2240.5 169.796 12.8617 3.74673 10558 1810.85 373.467 6.29161 367.175 18.7823 348.393 82.3978 12.5987 69.7991 22.2405 2070.7 1043.67 97.6237 6.1346 0.896486 0.136763 91.4891 946.051 383.203 62.4957 58.284
internal_count=4828284 72227 29237 961 28276 1327 363 241 42990 18834 5960 254 5706 373 5333 894 401 493 250 26949 19845 2039 1037 925 396 1002 17806 9454 2096 2036
cat_boundaries=0 1 2 3 4
cat_threshold=20 40 50 1
is_linear=0
shrinkage=0.08


Tree=114
num_leaves=31
num_cat=5
split_feature=2 7 7 11 38 23 12 12 18 4 39 32 23 32 3 32 3 32 38 37 3 32 6 18 4 7 7 6 39 3
split_gain=2050.57 8019.23 13602.9 28641.3 80119.7 728570 505491 58887.4 160894 244786 18375.1 6793.18 23543.2 56995.5 254150 247477 91997.3 6452.68 5176.72 7317.49 17258.8 209963 751873 2.0162e+06 203214 10854.9 13412.1 9213.58 9546.36 21237.1
threshold=inf 55.000007629394538 112.00000762939455 2.5000000000000004 0 1.5000000000000002 220.00000762939456 334.52499389648443 638.02499389648449 4.5000000000000009 1 5.9649999141693124 4.5000000000000009 8.2650003433227557 237.59500122070315 10.59500026702881 406.13000488281256 -6.7049999237060538 2 3 103.92499923706056 inf 111.22500610351564 293.52499389648443 7.5000000000000009 2261.9250488281255 3547.895141601563 44.049999237060554 4 326.77999877929693
decision_type=8 2 2 2 1 2 2 2 2 10 9 10 2 10 8 10 10 8 1 1 10 8 2 2 8 2 2 2 9 8
left_child=-1 11 3 17 -5 7 -7 -6 9 -9 -10 -2 -13 -14 -15 -16 -17 -3 19 20 -4 25 -23 -24 -25 27 -27 -22 29 -29
right_child=1 2 18 4 5 6 -8 8 10 -11 -12 12 13 14 15 16 -18 -19 -20 -21 21 22 23 24 -26 26 -28 28 -30 -31
leaf_value=0.00028139369680105344 -0.00012098854310342446 1.7486820346182537 -0.013135559897590382 0.15496545086035021 -0.85941437713709601 16.757956524179608 107.29824052838205 79.991039343006065 10.765976226676514 -0.75464286124559143 -0.95489090106653063 0.21482553234490945 1.039676973334287 -0.40921105064497598 -1.1042931866246828 127.92854309331167 56.370412981087647 0.073366361183405226 -0.065248347198133883 0.039770480107934707 4.9072415362471586 -1.2687706143891924 346.39504158206285 -8.7214776031960426 75.627419317676697 6.5060432941037325 -0.22980701462099934 14.239084209216887 0.059509593705711447 -0.12396251031956131
leaf_weight=597282.21004404232 11050.969185171427 16.089481940388307 98.646574607075522 58.342085276339432 7.4910346072217928 0.80221058161987513 0.7767911186662283 0.48226106838947241 1.3094881761276793 0.47889545602765798 2.4720580209010343 326.25411929280295 12.948772652784035 2.2658212441964167 0.32500963831444069 0.21708509996203035 0.24447610974311829 172.09777615215026 603.81038000443471 315.8782116486683 2.8289719936362578 2.5450294865732523 0.15494762397464623 0.40859129720152765 0.33079350902218996 4.3627189962080868 3.3404372467120567 0.99267798879469404 68.310459027099398 1.9591067373012849
leaf_count=4754863 44409 127 477 1131 381 61 147 203 112 23 190 4504 148 69 83 134 117 1338 12282 2744 76 87 192 249 153 116 121 60 2312 248
internal_value=0.000959246 0.0326959 0.216016 0.73618 2.0913 5.89207 61.2993 3.55694 10.5325 39.7596 3.10386 0.0107502 0.361767 3.35782 13.1918 52.3712 90.0262 0.216601 0.0933045 0.28056 0.670814 1.5411 20.9043 84.003 29.0154 0.726895 3.58507 0.429734 0.251986 4.70629
internal_weight=610039 12757.1 1363.91 260.342 72.1548 13.8127 1.579 12.2337 4.7427 0.961157 3.78155 11393.2 342.255 16.0012 3.05239 0.786571 0.461561 188.187 1103.57 499.759 183.88 85.2337 3.43936 0.894332 0.739385 81.7944 7.70316 74.0912 71.2622 2.95178
internal_count=4827157 72294 22830 3713 2248 1117 208 909 528 226 302 49464 5055 551 403 334 251 1465 19117 6835 4091 3614 681 594 402 2933 237 2696 2620 308
cat_boundaries=0 1 2 3 4 5
cat_threshold=368 1 345 35 2
is_linear=0
shrinkage=0.08


Tree=115
num_leaves=31
num_cat=2
split_feature=2 19 3 4 3 11 5 7 5 19 23 23 13 11 13 31 37 3 22 39 6 6 7 12 11 7 19 3 13 19
split_gain=2010.04 9433.21 8007.52 13957 62474.1 405158 1.8029e+06 4.48888e+06 2.06017e+07 4.15116e+07 102222 348824 594872 12026.6 4066.58 15161.6 10915.4 15763.5 153046 464863 1.49858e+06 10636.3 82501.2 114814 116969 36626.1 5556.57 39432.1 3184.51 46315.8
threshold=inf 580.75500488281261 92.665000915527358 inf 358.23500061035162 12.500000000000002 6.5000000000000009 400.00003051757818 12.500000000000002 1812.7750244140627 1.5000000000000002 3.5000000000000004 678.29998779296886 3.5000000000000004 900.39999389648449 1.0000000180025095e-35 0 529.73498535156261 1.0000000180025095e-35 1 275.12498474121099 126.45999908447267 174.00000762939456 1669.0250244140627 4.5000000000000009 100.00000762939455 888.03997802734386 246.89499664306643 3324.3950195312505 4029.849975585938
decision_type=8 2 10 8 10 2 2 2 2 2 2 2 2 2 2 8 1 8 2 9 2 2 2 2 2 2 2 10 2 2
left_child=-1 -2 -3 14 5 10 -7 -8 -9 -10 13 12 -12 -5 15 16 -4 21 19 -19 -21 -18 23 24 -23 -26 -24 -28 -16 -30
right_child=1 2 3 4 -6 6 7 8 9 -11 11 -13 -14 -15 28 -17 17 18 -20 20 -22 22 26 -25 25 -27 27 -29 29 -31
leaf_value=-0.00039609422627279184 0.012052316570237517 -0.053819955511725602 0.004044117165342761 5.6978693584926727 0.23875922911820227 -2.2684839906401781 58.249282745508509 -36.839461091810485 8037.741398581652 -199.48131385087166 163.68630907562996 -1.6330411248229109 -5.8891615896039902 -0.71997548692346813 -0.011245838233334719 4.6500097777694078 -0.21571676343955534 -0.41436810019759746 -0.23798785566820418 485.75183494346481 -2.9844552934096589 11.057764453331627 -0.089563802705332041 -0.40531170703340996 28.539402956803048 60.023799552447628 10.923192175994432 -0.040959084304109654 11.313550772894699 -0.074335411334740698
leaf_weight=593415.99280806759 11596.868622168487 318.54066496272264 166.39168421622463 2.1745832836253074 65.801455804739149 0.96492576791688345 0.21828021962771249 0.045503682637373588 0.0068055981776673482 0.0092202237232044126 0.25282630070184109 1.3538364828535918 0.27794968780849394 13.285655977892501 254.96146274001947 5.5587282303249586 32.643967014769707 0.48536120355153112 4.0010272177088382 0.058045064761317766 0.13025587126524873 2.4660387800310812 34.903686077776428 3.4903421365206229 0.47700802899512407 0.46894978002162668 2.5039732479459227 12.990726109070668 2.4883472653615923 28.069637869529096
leaf_count=4756896 55728 1697 2093 109 534 166 80 137 126 130 119 135 107 649 5168 207 1046 87 335 177 247 175 657 180 87 116 95 564 167 1134
internal_value=0.00027401 0.0319545 0.273628 0.437507 1.39569 5.49089 49.5782 228.372 831.894 3298.58 2.32701 19.9173 74.8853 0.182736 0.291041 0.515745 0.427698 1.06023 5.70165 40.9785 147.672 0.936878 1.59351 9.79608 20.2317 44.1475 0.470118 1.73087 0.0812492 0.852984
internal_weight=605968 12551.9 955.021 636.48 84.391 18.5896 1.24474 0.27981 0.0615295 0.0160258 17.3449 1.88461 0.530776 15.4602 552.089 266.57 261.011 94.6194 4.67469 0.673662 0.188301 89.9447 57.3007 6.90234 3.412 0.945958 50.3984 15.4947 285.519 30.558
internal_count=4829148 72252 16524 14827 2292 1758 639 473 393 256 1119 361 226 758 12535 6066 5859 3766 846 511 424 2920 1874 558 378 203 1316 659 6469 1301
cat_boundaries=0 1 2
cat_threshold=28 2
is_linear=0
shrinkage=0.08


Tree=116
num_leaves=31
num_cat=3
split_feature=2 13 17 32 3 1 45 11 32 3 13 3 42 19 11 3 11 18 23 3 3 17 19 17 17 32 19 32 45 32
split_gain=7461.5 28922.5 89063.2 628168 8.70177e+06 72673.7 17065.8 174799 785140 2.02112e+06 9711.15 7882.41 12449.4 49931 106651 529632 880404 1.85025e+06 61443.1 238220 29224.3 98570.3 7647.7 54685.4 248161 443874 6765.25 6574.13 6227.21 31351.6
threshold=inf 799.17999267578136 33.500000000000007 -73.520000457763658 246.89499664306643 2.5000000000000004 0 13.500000000000002 -9.5349998474121076 230.70999908447268 57.504999160766609 135.004997253418 1 180.01499938964847 3.5000000000000004 278.18499755859381 10.500000000000002 321.55000305175787 1.0000000180025095e-35 206.87500000000003 161.87500000000003 9.5000000000000018 967.56500244140636 17.500000000000004 11.500000000000002 -5.0450000762939444 914.01501464843761 7.7950000762939462 2 2.1750000715255742
decision_type=8 2 2 10 10 2 9 2 8 8 2 10 9 2 2 10 2 2 2 8 8 2 2 2 2 10 2 10 9 8
left_child=-1 10 6 -4 -5 -6 7 26 -9 -10 -2 27 28 14 18 -16 17 -17 19 -14 21 -15 -22 24 -24 -26 -3 -12 29 -13
right_child=1 2 3 4 5 -7 -8 8 9 -11 11 12 13 20 15 16 -18 -19 -20 -21 22 -23 23 -25 25 -27 -28 -29 -30 -31
leaf_value=0.00022020217433892949 0.010511572624467015 3.2801576431228501 -0.06312018886780385 425.64405127864615 -0.77712096046331658 34.313018912746308 0.1287599964289744 3.5078012248690063 229.68715143127025 -4.5612828128278053 -0.026077137244576498 0.76287993573949708 -0.97614784871778071 0.50947747628857154 -1.2579795187305418 -2.5970645295268149 -1.0817960866175622 262.45609491426609 0.18911363417100474 38.859989015793694 0.13053008115882977 15.974912299647677 -0.44000550296449925 -0.043169479392779472 -0.71441391656750397 115.13799131473047 -0.11701394231436243 1.6415231371053833 0.096185653720777101 10.811420195540407
leaf_weight=595310.83855145436 10718.455308029887 4.0175903648764537 26.671946267611453 0.33343281191011787 4.1808341281659329 0.41525262594223011 351.76547129923631 7.8989139519950076 0.36309399129772235 0.67204765389184973 693.66261099506494 13.953413938355268 3.4749047718725357 12.456017530429571 4.0603523113920277 0.3585876477204295 0.82617160681602897 0.31806315246111305 26.012427655888462 1.3278595811218683 270.95231548966564 3.3460911901918697 3.0692543550852522 20.656905024631001 0.50341197813247673 0.36520122204092265 56.689884186168257 15.46719263985119 652.44282576289663 2.3171645977564923
leaf_count=4754816 43161 146 224 168 1144 262 4778 147 157 583 5011 358 126 304 198 61 104 165 621 281 4267 167 256 662 44 239 1407 183 6787 319
internal_value=0.00152442 0.0617254 0.689625 4.78584 31.0219 2.39324 0.382448 1.43876 12.0931 77.6054 0.0388676 0.215002 0.357818 0.738792 3.56455 13.7592 54.3328 121.993 1.72408 10.0377 0.432356 3.78428 0.253138 1.60386 10.2437 47.9948 0.107809 0.0102957 0.146474 1.35881
internal_weight=608208 12897 453.008 31.6015 4.92952 4.59609 421.407 69.6415 8.93406 1.03514 12444 1725.57 1016.44 347.728 36.3784 5.56317 1.50282 0.676651 30.8152 4.80276 311.349 15.8021 295.547 24.5948 3.93787 0.868613 60.7075 709.13 668.713 16.2706
internal_count=4827146 72330 9016 1798 1574 1406 7218 2440 887 740 63314 20153 14959 7495 1556 528 330 226 1028 407 5939 471 5468 1201 539 283 1553 5194 7464 677
cat_boundaries=0 1 2 3
cat_threshold=1 50 32
is_linear=0
shrinkage=0.08


Tree=117
num_leaves=31
num_cat=4
split_feature=31 3 18 38 6 41 3 3 12 14 12 11 12 32 4 18 13 34 3 3 23 3 4 38 4 18 17 24 1 32
split_gain=833.108 1566.33 2813.38 1178.98 1143.69 1108.49 980.576 1822.63 918.436 914.153 998.089 1414.7 1037.65 3701.36 4698.02 1710.81 8050.03 1340.3 3185.83 6776.27 2532.36 1539.44 1484.46 988.939 869.456 933.722 964.893 1515.72 1440.53 1310
threshold=1.0000000180025095e-35 125.85499954223634 1.0000000180025095e-35 0 388.00003051757818 1 111.2150001525879 115.29500198364259 720.04998779296886 1.0000000180025095e-35 2080.5749511718755 8.5000000000000018 2212.0500488281255 -73.520000457763658 1.0000000180025095e-35 9890.8251953125018 3701.5000000000005 2 383.22500610351568 406.13000488281256 1.5000000000000002 86.245002746582045 44.500000000000007 3 1.5000000000000002 80.049999237060561 6.5000000000000009 9.5000000000000018 1.0000000180025095e-35 0.25499999523162847
decision_type=10 8 2 1 2 9 10 8 2 2 2 2 2 10 8 2 2 1 10 10 2 10 10 1 10 2 2 2 2 10
left_child=8 2 -2 -3 6 -5 -4 -8 24 10 -10 -12 13 14 -13 17 -17 18 -15 -20 -21 -19 -23 -14 -1 -26 28 -28 -27 -29
right_child=1 3 4 5 -6 -7 7 -9 9 -11 11 12 23 15 -16 16 -18 21 19 20 -22 22 -24 -25 25 26 27 29 -30 -31
leaf_value=-0.0024578365477836263 -0.012271173167522883 0.062527263045842413 0.13124972945907351 -0.09914121802952984 -0.099449531872499955 0.0015178399262987337 0.73046372503770018 0.18936694396131354 0.0094815525301085949 -0.001025395765270746 -0.030245434517845535 2.1959524082973458 -0.0030532335495770451 -0.014439730308313499 -0.27385280021469194 -0.1868107334273183 4.6458673378836668 0.39639775633675045 4.9999745592812168 -0.16471013039318769 1.8363298833531299 0.022849677342076671 0.80818519160536517 0.067412207438854024 -0.00041773696790082539 0.044291084008391421 -0.0085643391819565616 -0.044615001398735761 -0.0024210640133633886 0.70490126278308862
leaf_weight=415409.74177655985 1448.2393735619048 1844.7013460108524 1366.9902882250724 766.0360835510246 119.64630498613178 7166.8929473930139 51.226259122938686 179.25508128974275 54809.98299528582 51602.506406836175 1505.8778576715695 12.187477044166828 1976.9602264889006 23.665324420202523 8.2764600123700784 8.3864313149824721 2.9933579296339294 85.031960113905711 2.8132615052163628 8.8678062622930174 7.446317352121695 781.92884978689847 15.713761053048072 3602.8840154067739 38874.207813066751 12623.620000694573 7408.9135506751591 25.686557593755424 6350.7672188683391 35.619478694861755
leaf_count=3184132 3888 4679 2960 2569 710 28735 128 430 554353 622136 17710 252 34078 266 94 314 86 229 43 636 31 7371 44 22133 171435 72082 54335 230 43118 128
internal_value=0.000861323 0.0209408 0.0698533 0.00510611 0.139118 -0.00831479 0.156986 0.30963 0.000424671 0.00686518 0.0133434 0.0396601 0.0557633 0.132713 1.19706 0.109464 1.08438 0.0974759 0.491314 1.37392 0.748632 0.0720004 0.038321 0.0425614 -0.00110873 0.00747118 0.0190681 -0.00528636 0.0286564 0.390862
internal_weight=608127 12943 3165.36 9777.63 1717.12 7932.93 1597.47 230.481 595184 114456 62853 8043.03 6537.16 957.311 20.4639 936.847 11.3798 925.467 42.7927 19.1274 16.3141 882.675 797.643 5579.84 480729 65318.8 26444.6 7470.22 18974.4 61.306
internal_count=4829335 44099 8116 35983 4228 31304 3518 558 4785236 1259776 637640 83287 65577 9366 346 9020 400 8620 976 710 667 7644 7415 56211 3525460 341328 169893 54693 115200 358
cat_boundaries=0 1 2 3 4
cat_threshold=137 1 64 43
is_linear=0
shrinkage=0.08


Tree=118
num_leaves=31
num_cat=13
split_feature=7 32 38 47 32 41 8 38 38 13 7 34 18 43 45 4 18 1 1 36 34 42 32 38 13 37 4 15 13 13
split_gain=1159.49 1039.96 1183.7 1150.87 1343.29 2355.42 1741.85 1591.59 1578.16 2620.15 2117.99 3828.7 1825.94 1425.2 3517.63 5404.7 5021.2 3565.64 1120.96 1084.55 1594.8 1344.63 1347.19 3868.07 3972.13 5506.79 8115.71 4451.8 1647.75 2124
threshold=2556.9250488281255 -1.3949999809265134 0 1 5.0650000572204599 2 4.5000000000000009 3 4 8530.8994140625018 634.09991455078136 5 864.27499389648449 6 7 33.500000000000007 1.0000000180025095e-35 1.0000000180025095e-35 8.5000000000000018 8 9 10 5.9649999141693124 11 846.00006103515636 12 12.500000000000002 1.0000000180025095e-35 1514.2750244140627 1650.0449829101565
decision_type=2 8 1 1 8 9 2 1 1 2 2 1 2 9 9 8 2 2 2 9 1 9 8 1 2 1 8 2 2 2
left_child=1 2 -1 4 5 -3 8 -8 9 10 18 12 -12 14 -6 -16 17 -17 -7 21 -21 -15 23 24 -23 26 27 -26 -25 -30
right_child=-2 3 -4 -5 13 6 7 -9 -10 -11 11 -13 -14 19 15 16 -18 -19 -20 20 -22 22 -24 28 25 -27 -28 -29 29 -31
leaf_value=-0.24117003862201183 -0.031556111602568049 -0.038703089147820759 0.0081526129672580099 0.0021024394508161004 0.26214886433728135 0.0063165038301631728 0.54900144049388588 -0.083052201320379937 -0.016322924583554915 1.3044048445780785 0.78477797866184729 0.034722997227575797 0.28393482806690362 -0.012530148671461532 -0.19245035006921424 -3.7489798038742324 -0.34118938648996333 -1.274127811185259 0.59288419011976312 0.0053496020279242473 -0.062765972575508228 0.17848295722432153 0.011224109334187205 -0.022531561579254837 -0.090601367864198701 0.14104699130804793 3.8018948706715752 2.899366911773932 0.88550916630288867 0.088279432970087182
leaf_weight=112.00874409507651 6893.4001585434889 18953.98777216626 125649.50933690317 349583.79724616639 56.174625044739066 13090.276418411264 58.399649826809764 43.251214121002704 28922.221913737212 10.10049503582013 65.216560281579518 683.00430267394665 163.08342153721242 17268.156639661211 79.672232689376244 7.3150207089239618 13.088867935615097 7.5933536192913991 20.884585114195943 5115.7421982002534 3851.4168925254444 360.51074781787008 36935.538605096292 1047.0770905937575 9.5057943155989069 54.37869825749658 11.00377671793103 4.7944358778186134 29.425839612842537 78.297762672882527
leaf_count=760 91437 500585 1103284 1133094 205 140928 98 1519 574647 118 262 5804 769 288487 2185 734 318 264 21 56571 48386 5618 835572 30387 409 941 104 48 499 3548
internal_value=0.00106771 0.0014411 0.00791203 -0.000266665 -0.006791 -0.015212 -0.00486083 0.325908 -0.00564472 0.0163639 0.0154478 0.133379 0.409088 0.0012514 -0.227502 -0.483537 -1.48459 -2.48845 0.00725084 0.00186493 -0.0239435 0.00601604 0.014329 0.0863181 0.284989 0.802624 1.55435 0.911845 0.00805 0.306051
internal_weight=609179 602285 125762 476524 126940 62010.4 43056.4 101.651 42954.8 14032.6 14022.5 911.304 228.3 64929.7 163.844 107.669 27.9972 14.9084 13111.2 64765.8 8967.16 55798.7 38530.5 1594.99 440.193 79.6827 25.304 14.3002 1154.8 107.724
internal_count=4827602 4736165 1104044 3632121 2499027 1224751 724166 1617 722549 147902 147784 6835 1031 1274276 3706 3501 1316 998 140949 1270570 104957 1165613 877126 41554 7120 1502 561 457 34434 4047
cat_boundaries=0 1 2 3 4 5 6 7 8 9 10 11 12 13
cat_threshold=1 4 34 4 578 81 2 8 224 27 34 896 1
is_linear=0
shrinkage=0.08


Tree=119
num_leaves=31
num_cat=1
split_feature=2 7 43 13 19 32 12 18 3 3 12 7 12 3 7 17 3 32 12 19 32 11 12 13 13 17 16 3 3 11
split_gain=2492.81 13597.5 7818.24 154282 873817 1.67493e+06 2.80943e+06 5.18966e+06 60141.4 15809.6 74282.2 354073 421052 30357.6 14022.5 75687.4 358968 1.03747e+06 1.89859e+06 29612.7 138399 652607 2.37098e+06 6.82952e+06 1.21785e+07 10696.2 14057.8 163608 12207.7 104612
threshold=inf 55.000007629394538 0 96.000007629394545 96.02500152587892 -5.3350000381469718 40.09999084472657 80.049999237060561 141.10500335693362 122.18500137329103 168.00000762939456 164.00003051757815 111.59991455078126 131.82500457763675 194.92500305175784 5.5000000000000009 189.3850021362305 -1.3450000286102293 259.82499694824224 914.01501464843761 -5.0450000762939444 17.500000000000004 2644.474975585938 1019.2900390625001 381.55000305175787 12.500000000000002 1.0000000180025095e-35 185.67499542236331 502.63500976562506 18.500000000000004
decision_type=8 2 9 2 2 10 2 2 10 10 2 2 2 8 2 2 8 10 2 2 10 2 2 2 2 2 2 8 10 2
left_child=-1 -2 -3 4 5 6 -4 -8 -7 -5 11 -11 -13 -12 15 16 -15 18 -18 -17 -21 22 23 24 -22 -16 27 -27 -29 -30
right_child=1 2 3 9 -6 8 7 -9 -10 10 13 12 -14 14 25 19 17 -19 -20 20 21 -23 -24 -25 -26 26 -28 28 29 -31
leaf_value=-0.00023811454290250628 0.0054465105783293747 0.10852542961723004 -18.094000589766079 -0.017395555944914935 -0.45568944605602774 36.30644379931514 -17.76440476379949 836.4141843710571 -9.6348348704841396 -1.6351243226471743 8.1585668920714767 -5.3332302411896313 80.067994823946421 -1.779884429171914 -0.04847617382667007 -0.45808930783280383 -12.274156859527897 -8.2309893554355273 525.23387757480475 -0.18316618583964292 -48.180294697919919 -1.1959124302660573 -3.7318416274952302 -12.47876278313802 4997.0214853871894 30.459018508985029 0.41053181261464611 0.46407117672987108 -0.228147747952961 56.374000622902457
leaf_weight=592657.33683549438 10815.099835139861 859.52140023824848 0.16285686723638443 317.07278713592268 5.3632933937076261 0.32333494502898918 0.085180471526183521 0.097774674096311465 0.41829281494220649 4.4883667634664128 3.3701038349548225 0.65023241561291267 0.85571290029973035 1.534596175188494 154.44579815101585 16.423808403202745 0.090641681008168828 0.3171446650615356 0.078464318654035359 2.7309653293667111 0.0066306357671967672 0.51591673885434597 0.1048121516259608 0.025475857367501943 0.0056895902380347252 1.290783998794226 51.561732711551578 18.367109651264311 1.5564856196519401 0.24138496628479389
leaf_count=4755439 49478 11065 52 2773 164 105 43 204 130 340 179 119 171 94 2386 669 80 154 141 102 139 72 67 71 112 179 1400 1073 497 315
internal_value=0.000500427 0.0362113 0.266997 0.490667 12.8024 78.1921 223.59 438.725 10.3946 0.361244 0.825387 9.62718 43.1937 0.616572 0.514617 2.45118 17.1996 77.0984 237.127 0.946925 7.75494 40.675 192.152 735.357 2281.74 0.328726 1.12658 2.84736 1.07991 7.37135
internal_weight=604914 12256.8 1441.71 582.185 6.45073 1.08744 0.345812 0.182955 0.741628 575.735 258.662 5.99431 1.50595 252.668 249.297 21.8341 2.02085 0.486251 0.169106 19.8133 3.38949 0.658525 0.142608 0.0377961 0.0123202 227.463 73.0175 21.4558 20.165 1.79787
internal_count=4827813 72374 22896 11831 698 534 299 247 235 11133 8360 630 290 7730 7551 1701 469 375 221 1232 563 461 389 322 251 5850 3464 2064 1885 812
cat_boundaries=0 1
cat_threshold=42
is_linear=0
shrinkage=0.08


Tree=120
num_leaves=31
num_cat=6
split_feature=2 7 7 32 19 46 40 11 41 17 19 13 19 6 18 32 41 32 32 44 13 46 7 32 18 17 13 32 6 6
split_gain=3196.73 15082.3 24094.2 60355.3 173099 15610.1 18176.8 9084.04 18884.6 57659 50446.3 92407.5 186496 47730.9 112175 5012.17 15068.8 56223.1 55252.7 28759.7 48214 12451.3 5158.4 7647.86 44251.9 30826.1 40004.1 6571.07 4879.48 8860.59
threshold=inf 55.000007629394538 89.000007629394545 -6.7049999237060538 310.27499389648443 0 1 9.5000000000000018 2 42.500000000000007 494.02499389648443 281.19998168945318 310.27499389648443 2825.444946289063 10958.790039062502 -2.2749999761581416 3 88.08499908447267 -1.8650000095367429 4 34.32500076293946 5 34.074996948242195 -2.1550000905990596 3608.250122070313 2.5000000000000004 70.774993896484389 2.6149998903274541 989.70001220703136 1295.0250244140627
decision_type=8 2 2 8 2 1 1 2 9 2 2 2 2 2 2 10 9 10 8 9 2 1 2 10 2 2 2 10 2 2
left_child=-1 15 3 4 -3 6 -5 -4 -9 10 11 -10 -13 28 -15 -2 17 18 -17 20 -19 -20 -18 -24 25 27 -27 -25 -12 -30
right_child=1 2 7 5 -6 -7 -8 8 9 -11 13 12 -14 14 -16 16 22 19 21 -21 -22 -23 23 24 -26 26 -28 -29 29 -31
leaf_value=-6.2727951531445214e-05 -0.013951309432149773 23.590112012995782 0.084266856472366189 0.061305373924697745 -0.065129191207891998 5.1647342256122792 3.1428730766726281 0.053817202461699437 1.682592592107554 11.233450933646022 -0.18630569906861053 -0.84959607586035735 41.85238354811537 26.050475568959865 -0.54879394988255426 6.6217840224376872 0.020634040562353434 18.203453361863726 3.5567453486083922 -0.37643660231132631 -1.6688018331545653 0.24552600856456316 0.057922744670980186 -21.018293161259972 -0.090277865141857691 -93.952225924650378 -17.089088033549942 -6.3419228035457493 3.2437282735336446 0.31544422126429678
leaf_weight=592097.08170265472 9440.7331677543189 2.9550891490189484 1104.2143751762644 81.719678205522825 5.9986477320131284 5.0944690656777984 4.9888805169925652 196.45739022366558 6.4350113461385146 3.7234516704238976 61.406466721060113 1.3738936684667737 1.2502010262178058 1.5558597745831688 2.9173088523681505 9.136545024744958 1228.1613622758932 2.7122629064381032 7.4300463299475528 1.5740364657467862 1.0975729329035693 333.36564083141258 6.3622045516967773 0.34123219016621015 3.5403635771217523 0.074866899871267351 0.10289644156976233 0.45636571682330324 8.4935325325193372 29.873472735975312
leaf_count=4755707 26464 164 12574 1479 142 78 457 4761 138 286 1626 38 181 217 114 517 15145 366 131 37 52 6053 5 176 56 166 269 78 221 326
internal_value=0.00078426 0.0407331 0.277122 1.47249 7.74204 0.861003 0.608141 0.192166 0.572228 1.3247 1.11599 6.84219 19.495 0.618376 8.70298 0.00820536 0.139403 0.590517 0.482313 8.72019 12.4785 0.317717 0.00522975 -1.72917 -4.247 -19.3351 -49.4608 -12.6208 0.255917 0.963696
internal_weight=604651 12553.5 1518.46 100.757 8.95374 91.803 86.7086 1417.7 313.487 117.029 113.306 9.05911 2.62409 104.247 4.47317 11035.1 1594.36 355.316 349.932 5.38387 3.80984 340.796 1239.04 10.8779 4.51572 0.975361 0.177763 0.797598 99.7735 38.367
internal_count=4828024 72317 22802 2320 306 2014 1936 20482 7908 3147 2861 357 219 2504 331 49515 23051 7156 6701 455 418 6184 15895 750 745 689 435 254 2173 547
cat_boundaries=0 1 2 3 4 5 6
cat_threshold=1 2 37 20 2 2
is_linear=0
shrinkage=0.08


Tree=121
num_leaves=31
num_cat=4
split_feature=2 7 3 7 32 4 32 13 1 5 32 38 3 46 32 3 5 7 3 7 13 13 32 7 32 4 34 38 7 19
split_gain=7118.31 27569.5 11587.5 21405.7 93877.5 265851 371025 808438 15208.8 42500 12207.2 11831 50595.9 107909 177507 211923 282214 14848.5 10660.4 26440.3 7765.17 20856.9 11320.9 39514.7 73765.9 68243.4 5637.29 15342.9 98994.3 497709
threshold=inf 26.324951171875004 210.93000030517581 39.600000381469734 -73.520000457763658 1.0000000180025095e-35 -6.2950000762939444 250.00000762939456 1.5000000000000002 5.5000000000000009 -15.574999809265135 0 131.82500457763675 1 -73.520000457763658 194.62500000000003 4.5000000000000009 104.19996643066408 40.094999313354499 174.00000762939456 96.000007629394545 90.00000381469728 -1.564999997615814 43.005001068115241 26.239999771118168 6.5000000000000009 2 3 378.00001525878912 614.51998901367199
decision_type=8 2 8 2 10 8 10 2 2 2 10 1 10 1 10 10 2 2 10 2 2 2 10 2 8 8 1 1 2 2
left_child=-1 -2 3 4 -3 -6 -7 -8 10 -10 11 -5 17 -14 15 16 -15 -13 19 -12 21 22 -20 -24 25 -25 27 -4 -29 -30
right_child=1 2 26 8 5 6 7 -9 9 -11 18 12 13 14 -16 -17 -18 -19 20 -21 -22 -23 23 24 -26 -27 -28 28 29 -31
leaf_value=-0.00029819541405951005 0.013077052597710713 -0.14263767084256079 0.13608666942603859 0.31645589717980233 -0.0044803321251208903 6.1045708932622205 119.87043902496214 -0.18126547451286334 0.2940522034546254 6.0704453900156015 5.8315849150696648 2.2258877415595051 0.0010963790924872793 54.39048726059508 1.6533198157265903 -0.20153670538281901 11.756697550274097 -0.073617534057756964 -2.6632953302918874 -0.045491941020307063 0.0033311968347316317 -0.042340752491628476 -2.6808350366100835 -33.529710487551561 -6.7884332951618118 -132.6653426962192 0.064407044734161437 0.99469735643442236 94.701066128440559 3.3952568033655615
leaf_weight=594610.48488401109 11163.397660410266 27.065087490369759 190.91413681426434 217.30523123113184 7.6965782916868379 2.3065291305539048 0.69530915103458324 0.74220658956255647 27.096922380443381 11.659483081748155 6.9858072710456467 23.822253988481634 18.301643451544333 1.7614449136668646 8.5276950804670744 2.2713849943897984 2.2798036614940589 73.179389834843491 0.92316573836293692 16.401941718474006 308.2933928458076 5.7606622201044502 0.72333226787299976 0.11684935085898757 0.286205771341632 0.071716236782563558 771.04202747250315 48.28944724019788 0.43807053170167831 2.9896420033915634
leaf_count=4756098 46816 139 3348 1153 88 18 206 33 539 223 145 182 47 183 108 47 98 498 80 195 4495 56 89 140 58 231 11448 892 108 736
internal_value=0.000979303 0.059676 0.352262 0.587469 2.42556 8.50114 25.986 57.8863 0.489949 2.03182 0.402967 0.73634 1.31229 4.11171 9.18107 19.3503 30.3393 0.491109 0.0618512 1.70996 -0.060061 -2.53958 -9.32124 -14.4513 -32.3842 -71.2335 0.174924 0.502754 1.61494 15.0644
internal_weight=607552 12941.3 1777.95 764.274 38.5057 11.4406 3.74404 1.43752 725.768 38.7564 687.012 347.449 130.144 33.142 14.8403 6.31263 4.04125 97.0016 339.563 23.3877 316.175 7.88193 2.12127 1.1981 0.474771 0.188566 1013.67 242.631 51.7172 3.42771
internal_count=4828497 72399 25583 9051 484 345 257 239 8567 762 7805 2316 1163 483 436 328 281 680 5489 340 5149 654 598 518 429 371 16532 5084 1736 844
cat_boundaries=0 1 2 3 4
cat_threshold=41 2 40 614
is_linear=0
shrinkage=0.08


Tree=122
num_leaves=31
num_cat=10
split_feature=38 47 44 45 4 17 17 32 3 7 34 34 3 7 13 13 7 3 47 32 23 32 3 27 40 36 34 23 3 4
split_gain=913.437 2008.56 1904.16 1602.32 2656 2830.42 3021.07 6281.09 7039.86 3240.32 1745.81 1728.93 1684.42 2022.69 1879.61 1472.76 1449.39 1315.16 1973.27 2323.62 2910.56 1249.75 1299.92 1171.4 1131.98 1529.5 1673.08 1323.09 1138.17 1065.12
threshold=0 1 2 3 1.0000000180025095e-35 3.5000000000000004 2.5000000000000004 -2.4150000810623165 267.39500427246099 340.00001525878912 4 5 586.81500244140636 74.52500152587892 1086.0450439453127 18.024999618530277 68.400012969970717 502.63500976562506 6 3.7250000238418584 -1.0000000180025095e-35 4.1649999618530282 253.90000152587893 7.5000000000000009 7 8 9 1.0000000180025095e-35 200.20500183105472 inf
decision_type=1 1 9 9 8 2 2 8 10 2 1 1 10 2 2 2 2 8 1 10 2 10 10 8 1 9 1 2 10 8
left_child=1 -1 3 4 5 6 17 8 -8 -10 29 15 -12 14 16 -9 -14 18 19 -3 21 -21 -23 -4 -25 26 27 28 -26 -5
right_child=-2 2 23 10 -6 -7 7 11 9 -11 12 -13 13 -15 -16 -17 -18 -19 -20 20 -22 22 -24 24 25 -27 -28 -29 -30 -31
leaf_value=0.0044721066290608312 0.0028801263087606579 0.17101176453074871 0.11262762104083412 -0.11287305932993565 0.0017196221256631 0.012413992912903323 2.5646353272816347 0.72929416850887729 -0.10105025115314349 1.3157637170564209 -0.012125337702513783 -0.084909596270305865 0.12598331105898514 -0.012641734980154308 0.78757197897958475 0.14857891372028648 0.62794102324107726 -0.017027210297748334 0.028504310600691127 1.3142432393210595 -0.097547498467183247 1.5339604666893343 0.50361202775614777 -0.01408886422629357 0.66584731213489012 -0.041412131057760898 -0.028874065297329561 -0.099315469710076862 -0.091956166073068321 0.022855849246627109
leaf_weight=86399.555605602305 437579.6518859794 542.82383069023604 424.3773178406409 1539.4660171233118 6380.8005975078031 1575.9758241003954 16.19248769339174 52.591821211390197 20.975632313638926 20.357645705342293 6889.5508570377169 83.925399883650243 516.88304851995781 597.41484388895333 32.507325138431042 59.653369274921715 39.638861832208931 356.6520526899003 445.78797563537955 20.442964031361043 34.239237297326326 8.7833412969484908 72.706786809489131 45082.883460778452 75.839682750403881 16761.509119351736 157.72288666374516 26.916167784482241 15.232087615877388 487.10949384424021
leaf_count=104318 2614095 8016 4586 11061 52723 27066 56 330 357 91 23145 1425 2530 4494 169 762 70 4577 5690 85 699 125 788 1650657 1016 302715 2900 742 223 2965
internal_value=0.000951928 -0.00404829 -0.0129894 0.00863592 0.0318549 0.0900245 0.160516 0.415603 1.15069 0.596765 -0.0136573 0.200045 0.00303251 0.091078 0.196274 0.386258 0.161736 0.116832 0.159277 0.245135 0.540612 0.754969 0.614667 -0.0198335 -0.0207384 -0.0383032 0.145535 0.36272 0.539102 -0.0798551
internal_weight=606318 168739 82339 19794.5 9691.91 3311.11 1735.13 253.696 57.5258 41.3333 10102.6 196.171 8075.99 1186.44 589.029 112.245 556.522 1481.44 1124.78 678.996 136.172 101.933 81.4901 62544.5 62120.1 17037.2 275.711 117.988 91.0718 2026.58
internal_count=4828476 2214381 2110063 147224 102790 50067 23001 3021 504 448 44434 2517 30408 7263 2769 1092 2600 19980 15403 9713 1697 998 913 1962839 1958253 307596 4881 1981 1239 14026
cat_boundaries=0 1 2 3 4 5 6 7 8 9 10
cat_threshold=36 2 1 34 64 64 4 3 64 50
is_linear=0
shrinkage=0.08


Tree=123
num_leaves=31
num_cat=2
split_feature=2 7 7 6 6 18 32 23 6 32 6 32 18 32 32 6 1 20 13 43 18 32 18 32 42 6 18 32 1 4
split_gain=4494.78 23975.8 24642.5 78306.6 195012 923216 3.60594e+06 7.22713e+06 1.25693e+07 785942 24230.2 22448.8 112364 155214 77627.9 7294.05 38125.8 201941 454642 6942.1 49112.2 117488 6182.33 3106.15 4276.11 12127 44616 8192.18 4381.54 3576.79
threshold=inf 48.00000190734864 96.274993896484389 150.00000762939456 406.82502746582037 293.52499389648443 -1.3949999809265134 1.0000000180025095e-35 196.00000762939456 -0.84499999880790699 186.47500610351565 -0.65500000119209278 293.52499389648443 0.88499999046325695 10.59500026702881 1295.0250244140627 1.5000000000000002 1.0000000180025095e-35 4264.4748535156259 0 4296.0852050781259 1.0000000180025095e-35 1376.0250244140627 31.085000038146976 1 20.000003814697269 253.05000305175784 -3.8749999999999996 1.5000000000000002 1.5000000000000002
decision_type=8 2 2 2 2 2 8 2 2 10 2 10 2 10 10 2 2 2 2 9 2 8 2 8 9 2 2 10 2 8
left_child=-1 23 3 11 5 10 -7 8 -8 -9 -5 -3 13 -13 -15 -4 19 18 -18 20 21 -17 -14 24 25 27 -27 29 -29 -2
right_child=1 2 15 4 -6 6 7 9 -10 -11 -12 12 22 14 -16 16 17 -19 -20 -21 -22 -23 -24 -25 -26 26 -28 28 -30 -31
leaf_value=-6.7495103975753195e-05 0.61924354311195817 0.22008103778842603 0.14065375157670199 6.7672024859522821 -0.27691331561458615 17.108243336390778 -17.066401572105459 276.08908325257426 2233.305449617138 -24.700413741589049 -0.94389131131446069 6.75030945209528 -0.18494054819944797 26.963886066629339 81.755874940685203 -0.23326212118105383 63.754980238557458 -0.27551355077223105 0.041368390204801611 0.12899024754807686 -0.97363822245440346 29.309470001739044 3.4147746546985687 -0.019643085011072918 0.0471467985836048 9.5402315077091426 -0.30086933249331776 -0.12837606259348985 1.9691471965191643 1.8961210348309134
leaf_weight=593941.76949106005 43.401019163110718 170.6987287532352 1192.321410066465 6.0393061747068968 19.096431358691451 1.5903322345382862 0.032654584500199979 0.10155750135737338 0.030931230257389197 0.12284714063336269 4.5901954462675816 1.7607780432741287 11.98833862454423 0.36107622117217369 0.3055043308196897 2.2940727821141156 1.1098629535775182 11.624353345707318 2.0238005854564278 154.72597674064971 5.7662139789520523 1.3796582947103977 4.0970172232271773 7985.4036676666183 2618.0551155382818 4.24587358394741 9.6481698915002188 151.08454527875566 6.654443227875162 20.754279649399379
leaf_count=4755351 194 1036 15691 102 424 229 49 26 187 196 228 122 278 139 115 115 303 1000 61 2264 451 157 116 21665 23894 169 233 2250 203 128
internal_value=0.000928967 0.0485379 0.338431 1.12275 4.80892 12.5738 64.2775 324.754 1077.62 111.426 3.43728 0.507049 3.15307 19.1972 52.0759 0.212129 0.688427 4.5833 22.6071 0.33829 1.76378 10.8614 0.731924 0.00595858 0.0775952 0.396846 2.70647 0.270112 -0.0398891 1.03231
internal_weight=606373 12431.3 1592.06 220.816 31.6043 12.5078 1.87832 0.28799 0.0635858 0.224405 10.6295 189.211 18.5127 2.42736 0.666581 1371.25 178.924 14.758 3.13366 164.166 9.43995 3.67373 16.0854 10839.2 2853.84 235.788 13.894 221.894 157.739 64.1553
internal_count=4827376 72025 23289 3247 1441 1017 687 458 236 222 330 1806 770 376 254 20042 4351 1364 364 2987 723 272 394 48736 27071 3177 402 2775 2453 322
cat_boundaries=0 1 2
cat_threshold=4 2
is_linear=0
shrinkage=0.08


Tree=124
num_leaves=31
num_cat=5
split_feature=38 47 32 19 16 37 38 22 4 18 19 11 7 3 3 31 32 32 36 32 32 0 3 18 32 7 7 14 18 32
split_gain=877.138 1369.02 2317.81 1920.17 1641.15 1629.53 1618.03 1412.81 1273.9 1389.93 1221.79 1315.21 1728.08 1195.57 1149.91 1341.56 1438.88 1275.1 1251.52 1292.71 1233.78 1526.36 3183.21 1463.14 2187.27 1324.96 3375.81 1167.51 2049.5 2217.7
threshold=0 1 88.08499908447267 690.02499389648449 2.5000000000000004 2 3 4.5000000000000009 1.0000000180025095e-35 4570.0400390625009 4804.0798339843759 39.500000000000007 1737.4500732421877 57.829999923706062 24.724999427795414 1.0000000180025095e-35 -1.9450000524520872 -3.0749999284744258 4 -2.1550000905990596 0.78499999642372142 2.5000000000000004 115.29500198364259 6859.5900878906259 -1.8650000095367429 48.00000190734864 42.00000190734864 1.0000000180025095e-35 7529.7749023437509 -4.2449998855590811
decision_type=1 1 8 2 2 1 1 2 8 2 2 2 2 8 10 10 10 8 9 10 8 2 10 2 10 2 2 2 2 10
left_child=8 2 -2 5 -5 6 -3 10 9 13 11 -6 -13 -1 18 17 -17 27 19 -8 21 23 -23 -19 25 26 -25 28 -16 -30
right_child=1 3 -4 4 7 -7 14 -9 -10 -11 -12 12 -14 -15 15 16 -18 20 -20 -21 -22 22 -24 24 -26 -27 -28 -29 29 -31
leaf_value=-0.11662633971665841 0.0068320301779081251 -0.02412150085378836 -0.011029443320840729 -0.021927096843769239 0.10107809398520939 0.0072921047103052692 0.30562627814034232 -0.077471174280807867 0.012726992333042664 0.051030485000825576 -0.099814913833521035 0.2145134110409872 0.93901436158334572 -0.0052674091559477467 0.030163273598747351 -0.080962895005119093 0.086649017678871565 -0.027495650416532378 0.023115418269663641 -0.093701793177710505 -0.0022363793915051466 2.1358354326712496 -0.093115044908915923 0.32719181701012739 -0.096961291876092662 -0.097198540388149068 1.5858256620619284 -0.10903964978202883 -0.15366148880660746 1.081839588508217
leaf_weight=624.70225031389919 184534.96945364482 30094.324965393986 62158.950419952133 52205.245204972867 961.96674268570268 70089.275325850933 202.20263952761889 369.59510035463609 71018.343605060028 2823.5932285256422 168.38025251293084 89.493366810376756 27.558314951274951 50243.130181410859 6515.5244660428834 400.25621784388659 1810.4631125867991 23304.297264048975 5718.6721324327082 69.790014223195612 42374.437208697913 6.4420586377382305 11.281809458509086 67.72672532312572 92.185707907192409 23.588811349356547 17.07712802477181 388.81347338084288 15.059722002828492 24.303667107364163
leaf_count=2916 211244 812114 88102 1238868 14136 987067 341 8001 253405 10093 4482 836 294 225626 73627 2297 4684 313053 44822 1145 522404 42 232 619 2060 465 17 8253 239 133
internal_value=-0.000283258 -0.00183126 0.00233151 -0.00620037 -0.0194685 -0.00225985 -0.0082838 0.0599069 0.00569622 -0.00360241 0.100611 0.131887 0.385088 -0.006635 -0.00240035 -0.00509294 0.0563025 -0.0069563 0.0313287 0.195959 -0.0103922 -0.0250843 0.717037 -0.0256439 0.189501 0.433131 0.580646 0.0256509 0.0336403 0.609159
internal_weight=606452 481742 246694 235048 53822.2 181226 111136 1616.99 124710 53691.4 1247.4 1079.02 117.052 50867.8 81042.1 75051.5 2210.72 72840.7 5990.66 271.993 65897 23522.6 17.7239 23504.9 200.578 108.393 84.8039 6943.7 6554.89 39.3634
internal_count=4831617 4339577 299346 4040231 1266617 2773614 1786547 27749 492040 238635 19748 15266 1130 228542 974433 928125 6981 921144 46308 1486 838892 316488 274 316214 3161 1101 636 82252 73999 372
cat_boundaries=0 1 2 3 4 5
cat_threshold=515 2 21 40 82
is_linear=0
shrinkage=0.08


Tree=125
num_leaves=31
num_cat=2
split_feature=2 7 40 13 32 32 17 32 22 17 3 32 19 13 11 6 7 13 32 6 32 3 7 6 3 40 32 32 0 32
split_gain=1946.62 10818.9 18816.6 26502.1 251628 676840 14565.2 45144.3 134395 767918 692953 991869 14866.2 61376.9 92351.9 9582.8 7909.24 3975.25 5094.59 20162.9 44896.1 172573 158163 367441 3056.24 2827.25 2891.34 17098 33335.4 7188.08
threshold=inf 26.324951171875004 0 96.000007629394545 20.855000495910648 -3.6550000905990596 8.5000000000000018 0.33500000834465032 1.0000000180025095e-35 10.500000000000002 295.93000793457037 3.3249999284744267 670.27499389648449 392.00006103515631 12.500000000000002 308.52490234375006 55.000007629394538 52.554998397827156 -9.5349998474121076 39.00001525878907 -1.3949999809265134 690.89999389648449 39.600000381469734 11601.450195312502 122.18500137329103 1 -2.2749999761581416 -1.8650000095367429 1.5000000000000002 88.08499908447267
decision_type=8 2 1 2 8 8 2 10 2 2 10 8 2 2 2 2 2 2 10 2 8 8 2 2 10 1 10 8 2 10
left_child=-1 25 3 4 5 -3 -5 12 9 -9 11 -11 13 14 -8 -10 -6 18 -4 -20 -21 22 -22 -24 -14 26 -2 28 -28 -29
right_child=1 2 17 6 16 -7 7 8 15 10 -12 -13 24 -15 -16 -17 -18 -19 19 20 21 -23 23 -25 -26 -27 27 29 -30 -31
leaf_value=-0.00065358562417403433 0.024190239778354741 -0.40011600477961651 -0.312120922133724 0.039129167724510222 -0.200265592242656 47.293866646950427 27.525226946624471 -2.1488722945430179 6.554386780822048 574.98183151550336 -24.495049144464502 124.26658445100362 0.0012622355861142836 -0.42784363451707202 -1.1771783235193722 -0.55339934268061841 1.5610677083742228 0.095709535203613666 -0.033597478617871712 -3.1498929169259373 -20.597439088785134 -1.866817465641414 -421.9771861931689 -2.9803952319454261 0.98215040086696714 -0.030107579416063516 0.36716186132760215 0.063550324455494772 6.1552378173576123 1.4130427526606968
leaf_weight=591233.18778645305 3605.9583066564046 5.9784781692388442 53.047238550496452 232.09126664122667 45.577750326841979 2.7944144779680382 1.4722472602532404 0.79398768188921864 2.1341245155042272 0.046530721935596139 0.078104435376488812 0.095144586062372541 47.540013485451723 6.7425612191676407 1.3993842093773721 2.8155079753673404 25.415253429966413 1177.6778451786331 4.8947830870740958 1.350254527141584 0.050547782605759824 0.28624126315116882 0.027493905969013042 0.026121580973267555 35.518358459850688 6690.1507033235357 22.055495479059584 641.25217602185148 8.953366409873416 26.296997782908988
leaf_count=4755890 8310 82 419 2472 248 460 157 107 114 200 71 108 357 143 56 197 169 19263 28 115 152 14 214 1 279 30999 286 6746 147 309
internal_value=1.06073e-05 0.0310719 0.222231 0.684243 2.0098 14.7918 0.385229 1.19961 7.94648 34.4835 166.824 272.296 0.76545 3.74362 13.5382 2.51125 0.430286 0.0629209 -0.573532 -2.66339 -10.0584 -33.9524 -122.124 -217.841 0.420721 0.00242138 0.0529254 0.202014 2.03839 0.116711
internal_weight=603876 12642.5 1647.85 410.493 79.7659 8.77289 330.727 98.636 5.9634 1.01377 0.21978 0.141675 92.6726 9.61419 2.87163 4.94963 70.993 1237.36 59.6827 6.63544 1.74066 0.390405 0.104163 0.0536155 83.0584 10994.7 4304.52 698.558 31.0089 667.549
internal_count=4828113 72223 25426 5220 959 542 4261 1789 797 486 379 308 992 356 213 311 417 20206 943 524 496 381 367 215 636 46797 15798 7488 433 7055
cat_boundaries=0 1 2
cat_threshold=12 9
is_linear=0
shrinkage=0.08


Tree=126
num_leaves=31
num_cat=14
split_feature=38 12 19 43 13 32 37 42 1 48 42 34 35 5 18 13 32 18 46 18 4 19 34 3 0 17 43 38 34 38
split_gain=876.481 1042.83 1302.19 1013.4 1357.81 1050.27 1001.84 962.726 2176.88 920.7 1385.03 870.346 1017.47 923.119 825.935 1386.57 4105.03 6746.19 888.697 805.39 805.133 1408.95 758.099 751.729 755.357 745.346 744.543 926.691 846.22 746.372
threshold=0 96.050003051757827 3733.0749511718755 1 3701.5000000000005 -5.9649999141693106 2 3 3.5000000000000004 4 5 6 7 1.5000000000000002 171.02500152587893 289.62504577636724 0.69499999284744274 129.82498168945315 8 115.04999923706056 31.500000000000004 3264.349975585938 9 502.63500976562506 4.5000000000000009 154.50000000000003 10 11 12 13
decision_type=1 2 2 9 2 10 1 9 2 9 9 1 1 2 2 2 10 2 1 2 10 2 1 10 2 2 9 1 1 1
left_child=1 23 3 -3 5 -5 14 8 11 -2 -11 12 -8 -14 15 18 -17 -18 -7 -13 -16 -22 -9 24 -1 -24 28 -28 -12 -29
right_child=9 2 -4 4 -6 6 7 22 -10 10 26 19 13 -15 20 16 17 -19 -20 -21 21 -23 25 -25 -26 -27 27 29 -30 -31
leaf_value=-0.010522469576877832 0.0031842086055787967 -0.0050195882542733985 -0.03418536301893265 -0.0094113495846203012 0.72192537964848358 0.045975934772279847 0.31711639217900017 0.018827430595285039 0.6754122362840117 -0.088482792820752346 0.11109909908273187 0.38217581132275086 -0.0091532385906452959 0.12366787801711723 0.02298467782712886 0.070850268408059719 2.0509681796735006 -0.16104072536610531 0.34327658980766024 -0.046346425833746256 0.085460389690460672 0.56802749900108462 -0.0090583920029887605 0.019024802621434581 0.40109056901187407 0.19466687494164298 -0.11144896354332877 0.50299527118749554 -0.1261320012843036 0.15479348906597673
leaf_weight=97690.279234740956 386859.03271842049 43657.878080480426 5911.9914913461544 13297.569050087281 17.179029030492529 1106.8660284340258 101.17748879538703 11516.961882679423 35.994524352718145 286.382888019451 220.96035272366134 29.34914805876565 614.3359820375963 736.22847236928646 18053.142019084542 100.41430027969182 19.880122812173795 15.866474483394994 68.320915950462222 643.94549276226167 385.53013465669937 43.045679067261517 17085.947332570533 5890.7318685235368 28.541758954524994 115.71222054481041 73.759034059592523 38.016025771707064 155.13144480646588 656.08847398835997
leaf_count=605252 2691527 472292 127815 182396 204 11067 253 132020 137 2514 657 73 2932 2202 248915 943 189 527 76 4780 1736 43 232755 103104 2 195 812 55 1460 2059
internal_value=0.00114469 -0.00292531 0.00236987 0.00437752 0.0107882 0.0105989 0.01585 0.00683534 0.0582046 0.00342099 0.0674872 0.048024 0.0825596 0.0627862 0.0298953 0.091261 0.332935 1.06915 0.0632599 -0.0272621 0.0255574 0.133929 0.00295097 -0.00872917 -0.0104022 -0.00768351 0.106377 0.151599 0.0125129 0.180737
internal_weight=605456 217167 113557 107645 63987.5 63970.3 50672.7 30879.7 2161.03 388289 1430.34 2125.04 1451.74 1350.56 19793.1 1311.35 136.161 35.7466 1175.19 673.295 18481.7 428.576 28718.6 103610 97718.8 17201.7 1143.96 767.864 376.092 694.104
internal_count=4828992 2129908 1421550 1293735 821443 821239 638843 375347 10377 2699084 7557 10240 5387 5134 263496 12802 1659 716 11143 4853 250694 1779 364970 708358 605254 232950 5043 2926 2117 2114
cat_boundaries=0 1 2 3 4 5 6 7 8 9 10 11 12 13 14
cat_threshold=50 42 50 2 1 17 6 16 1 28 40 72 25 128
is_linear=0
shrinkage=0.08


Tree=127
num_leaves=31
num_cat=6
split_feature=16 32 35 18 42 3 35 18 47 12 19 12 18 3 47 14 11 6 18 31 34 3 3 32 3 18 15 3 12 3
split_gain=825.324 1947.92 1427.76 1554.64 1318.03 1403.13 6957.39 4277.44 1453.24 2252.81 4560.69 1002.2 4937.25 962.963 1106.3 1435.98 1757.59 939.92 1187.72 4036.1 1572.8 2040.54 3854.06 2257.37 5471.22 2991.17 1956.1 1861.87 1303.01 2054.21
threshold=1.0000000180025095e-35 -15.574999809265135 0 6245.0000000000009 1 158.14499664306643 2 657.02499389648449 3 3193.4150390625005 1219.924987792969 430.90000915527349 539.37500000000011 341.26499938964849 4 4.5000000000000009 9.5000000000000018 2407.7900390625005 2310.150024414063 1.0000000180025095e-35 5 92.665000915527358 86.245002746582045 4.8350000381469735 174.31500244140628 2793.724975585938 1.0000000180025095e-35 316.05499267578131 1083.049987792969 337.10499572753912
decision_type=2 8 1 2 9 8 1 2 1 2 2 2 2 8 1 2 2 2 2 8 1 10 10 10 10 2 2 10 2 8
left_child=-1 2 -2 4 -4 6 7 -6 9 11 -11 -7 -13 14 15 17 -17 18 28 20 21 22 -20 -23 25 -25 -22 -28 -3 -30
right_child=1 13 3 -5 5 8 -8 -9 -10 10 -12 12 -14 -15 -16 16 -18 -19 19 -21 26 23 -24 24 -26 -27 27 -29 29 -31
leaf_value=0.00039319910981673074 0.0080937383905532612 0.03853512712854671 0.0018339097767007542 -0.054447532734108406 0.84750186218866808 -0.066412351927401678 0.0082533521503353243 2.8281205669812333 0.096749867597416148 2.0648669310689085 0.31671650978286603 1.1976806837582263 0.14730464031253893 -0.0043987593983190873 0.0065851984908401407 1.2104107660316517 0.1770099828185871 -0.075909432283213063 -0.092615931067581564 1.2280543281983067 -0.066900324186995416 0.05388396428861511 1.6663127856252569 1.7945565108750421 0.10765368909981149 0.50713686385022705 0.096221453362196757 0.83436228551681935 -0.071524068333441784 0.87567106587039423
leaf_weight=537505.20504083752 1319.632608327129 7549.1801600977215 312.53639329049105 279.30225361581302 14.183725045097596 63.884917210330684 84.53385376163682 13.737412620491558 717.68886639739048 13.297140247188507 33.902981838909909 33.120493965689093 211.71933711121437 28255.18825577911 27182.328822046471 10.978101364337361 259.92322140215174 489.3781462572897 15.605315111111851 20.346467352636864 501.98035080269278 430.8199147997027 16.300352528691292 22.711654268670827 113.79343293467537 23.501719347666949 74.979610854526982 30.876152999699116 1006.664624344141 14.870138839352874
leaf_count=4196601 4521 119253 1646 2232 50 611 256 157 550 51 291 83 1898 357260 91082 187 3283 9269 272 165 12569 5655 42 93 1257 177 1083 233 16942 363
internal_value=0.00145134 0.00968024 0.071683 0.118171 0.151132 0.188865 0.459313 1.34152 0.162296 0.294463 0.809203 0.215766 0.289393 0.00677116 0.0151285 0.0370741 0.218888 0.0322973 0.0376889 0.110509 0.0920311 0.179944 0.806007 0.149182 0.405772 1.13984 -0.00098101 0.311523 0.0270607 -0.0577361
internal_weight=606622 69117 3097.54 1777.91 1498.61 1186.07 112.455 27.9211 1073.61 355.925 47.2001 308.725 244.84 66019.4 37764.2 10581.9 270.901 10311 9821.63 1250.91 1230.57 622.732 31.9057 590.827 160.007 46.2134 607.836 105.856 8570.71 1021.53
internal_count=4828132 631531 12346 7825 5593 3947 463 207 3484 2934 342 2592 1981 619185 261925 170843 3470 167373 158104 21546 21381 7496 314 7182 1527 270 13885 1316 136558 17305
cat_boundaries=0 1 2 3 4 5 6
cat_threshold=32 18 8 4 4 6
is_linear=0
shrinkage=0.08


Tree=128
num_leaves=31
num_cat=2
split_feature=2 13 19 6 1 40 19 32 18 13 19 18 19 19 39 18 18 3 3 18 6 13 32 13 18 3 23 3 3 4
split_gain=4244.5 14185.6 9750.53 131111 322189 7382.37 16288.5 109824 162006 203926 13363.8 94842.3 168894 4531.05 4397.6 31149.7 4696.98 4229.46 11120.4 48043 176353 291761 12332.2 34517.9 2416.67 12194.8 65229.9 431260 4.3484e+06 1.29368e+07
threshold=inf 38.725093841552741 6104.6499023437509 1037.2249755859377 1.0000000180025095e-35 0 89.924999237060561 -5.0450000762939444 115.04999923706056 43.274999618530281 1574.7449951171877 1553.3750000000002 1812.7750244140627 55.024999618530281 1 1837.4500122070315 203.42499542236331 158.14499664306643 194.62500000000003 950.32501220703136 516.89996337890636 490.00001525878912 -7.3949999809265128 223.15000152587893 1376.0250244140627 462.05499267578131 1.0000000180025095e-35 529.73498535156261 675.39498901367199 9.5000000000000018
decision_type=8 2 2 2 2 1 2 10 2 2 2 2 2 2 9 2 2 10 10 2 2 2 10 2 2 8 2 10 10 8
left_child=-1 -2 5 4 -4 6 7 13 -9 -10 14 -12 -13 -3 15 16 -8 -7 19 22 -21 -22 23 -19 25 -20 27 -27 29 -29
right_child=1 2 3 -5 -6 17 10 8 9 -11 11 12 -14 -15 -16 -17 -18 18 24 20 21 -23 -24 -25 -26 26 -28 28 -30 -31
leaf_value=-0.0017159117021053026 0.0029794406740007834 -0.16446037559765775 110.30394432457679 -0.19944504782874933 -2.3963292991829581 -0.023585887874680328 2.2212464994050625 1.5041477799149834 6.9271244959651863 47.995336313781799 -0.063359020819737807 31.415119991473958 -2.1348809839636314 1.4399997998915104 0.14838060032632786 5.7926919720068408 -0.22670305161299439 6.3126046647298839 0.1596563018917406 -0.47418643513734038 -1.2938423540888198 62.140480143906693 0.14739805592167021 -0.12470768952143166 -0.072488560386949313 2.6726088853343595 -0.43326026080525099 2834.2796169421326 -6.1978688777622448 -13.049982971407299
leaf_weight=589622.34796533384 9758.7466836806852 35.42778962963186 0.2441445350040593 7.4145479960386425 0.48455315659279541 704.40662950073147 5.8215533125461141 5.1544916539464012 1.8075626975099832 1.3530768577297978 19.710615334132846 1.8143796314417575 2.0400646594264256 16.516331397858231 433.12544625338001 7.2399456207114232 36.271565101460894 8.3817478657693893 745.7480808467908 4.8894369487876901 0.98970200398715746 0.87369346279433902 91.648996377531915 14.647228958834967 257.25203797667257 4.2267335180455925 14.57926424811463 0.014171569245321591 0.37980042586446361 0.036555680912021771
leaf_count=4755214 41614 152 285 557 369 3673 81 146 68 211 220 61 336 183 4100 136 651 190 7171 234 44 187 1088 159 8188 360 974 615 232 99
internal_value=-0.000750228 0.0459928 0.219267 2.98286 35.363 0.209946 0.46068 1.71215 10.2483 24.5085 0.320754 2.18098 13.6579 0.345699 0.229894 0.945553 0.111853 0.129921 0.225604 0.949394 7.50688 28.4487 0.563255 2.21825 0.139626 0.210956 2.19972 10.4421 86.7196 782.403
internal_weight=601804 12181.2 2422.5 8.14325 0.728698 2414.36 566.283 60.2593 8.31513 3.16064 506.024 23.5651 3.85444 51.9441 482.459 49.3331 42.0931 1848.07 1143.67 121.431 6.75283 1.8634 114.678 23.029 1022.24 764.985 19.2365 4.65726 0.430528 0.0507273
internal_count=4827598 72384 30770 1211 654 29559 6345 760 425 279 5585 617 397 335 4968 868 732 23214 19541 1902 465 231 1437 349 17639 9451 2280 1306 946 714
cat_boundaries=0 1 2
cat_threshold=12 1
is_linear=0
shrinkage=0.08


Tree=129
num_leaves=31
num_cat=7
split_feature=27 8 8 42 6 5 26 24 3 36 13 17 4 5 13 1 36 6 42 13 37 4 37 41 3 6 11 17 23 24
split_gain=587.294 827.418 696.145 638.99 563.012 1240.92 2444.05 7035.94 1148.2 1846.97 864.897 1406.16 6733.08 849.418 1067.51 745.526 724.987 1428.22 1682.91 791.217 877.126 946.223 833.181 935.806 829.09 926.869 904.11 1013.99 872.255 3170.59
threshold=7.5000000000000009 6.5000000000000009 2.5000000000000004 0 580.02499389648449 8.5000000000000018 5.5000000000000009 1.5000000000000002 200.20500183105472 1 8530.8994140625018 41.500000000000007 3.5000000000000004 13.500000000000002 3701.5000000000005 4.5000000000000009 2 633.00003051757824 3 189.0249938964844 4 inf 5 6 586.81500244140636 11601.450195312502 42.500000000000007 44.500000000000007 1.5000000000000002 8.5000000000000018
decision_type=8 2 2 9 2 2 8 2 10 9 2 2 8 2 2 2 9 2 9 2 1 8 1 9 10 2 2 2 2 2
left_child=1 3 4 -1 5 10 7 -7 9 -6 -2 15 -13 14 -11 -12 17 -10 -19 22 -21 24 23 -18 25 -22 -27 -28 -26 -30
right_child=2 -3 -4 -5 8 6 -8 -9 16 13 11 12 -14 -15 -16 -17 19 18 -20 20 21 -23 -24 -25 28 26 27 -29 29 -31
leaf_value=-0.0099969204616144596 -0.00044270630533018899 0.32703670417041258 -0.025520040822553477 0.09289473844582341 0.088355033751077686 4.2996663959431034 -0.038760198093076147 -0.19569380430630631 0.36923450959439291 0.011456526198895919 0.057754671718241342 -0.13185757908363235 3.9296264513326276 0.065486567323032055 -0.11749235574785377 0.51972162051621829 0.36263630342071329 0.460234505162398 -0.016954775698181469 -0.021896881157135506 0.016128932047886201 -0.088016960395561575 -0.002757848916190484 0.041408176171961422 -0.026412911926370387 -0.069451577491128083 0.38348094613612738 0.010727753797842693 0.064924986643337873 1.6552061420479269
leaf_weight=860.56997650404685 513731.15408188693 65.334246535532884 6822.7566968508763 692.45017006719002 2428.4324234923142 3.2154025749769044 6078.0545177136082 7.25847331690602 97.662113482132554 15243.463204684993 607.1856200179318 10.396806742413897 3.4889373639598498 1836.6413516984703 422.26391460556988 23.212074642069638 49.225220161788457 42.908235002309084 445.096105783398 13258.00382958674 22338.963876946465 720.81410707197574 4581.7101704373017 4437.1179763263317 6553.5035134475329 1481.027126895719 57.993730757618238 239.95692873018524 356.27946540107951 8.2085078579839301
leaf_count=6118 3868244 89 75177 2459 7666 82 83893 251 212 88400 4567 340 56 8934 4707 43 38 97 2541 145968 264933 4817 49612 41662 147061 13152 57 968 6515 92
internal_value=1.81729e-05 0.0481462 -0.000111234 0.0364135 0.000180093 -0.000751527 -0.0366561 1.18435 0.00667982 0.0231174 -0.000326534 0.0923056 0.888632 0.0140072 0.00798076 0.0747649 0.000687094 0.0884629 0.0340861 -0.000279742 -0.00462277 0.00259501 0.0212792 0.0457314 0.00470032 0.0117032 -0.0438713 0.0832812 -0.0197137 0.100739
internal_weight=603504 1618.35 601886 1553.02 595063 520464 6088.53 10.4739 74599.3 19930.8 514375 644.283 13.8857 17502.4 15665.7 630.398 54668.5 585.666 488.004 54082.8 45014.8 31756.7 9068.05 4486.34 31035.9 24117.9 1778.98 297.951 6917.99 364.488
internal_count=4828751 8666 4820085 8577 4744908 3957476 84226 333 787432 109707 3873250 5006 396 102041 93107 4610 677725 2850 2638 674875 583563 437595 91312 41700 432778 279110 14177 1025 153668 6607
cat_boundaries=0 1 2 3 4 5 6 7
cat_threshold=41 64 33 2 28 58 16
is_linear=0
shrinkage=0.08


Tree=130
num_leaves=31
num_cat=14
split_feature=31 3 23 24 47 47 3 47 38 12 32 3 42 41 39 42 47 38 41 38 32 3 32 13 32 34 11 42 3 32
split_gain=1264 1283.64 1397.95 1663.04 1351.18 2692.13 1156.22 1483.92 1189.43 1286.04 1094.02 1240.75 1072.21 2132.93 1376.92 1035.87 1007.85 1548.29 2778.61 13925.1 198903 241426 46896.9 331374 438250 2326.44 2485.33 2111.09 7030.19 2358.18
threshold=1.0000000180025095e-35 24.724999427795414 2.5000000000000004 9.5000000000000018 0 1 179.04499816894534 2 3 137.77503967285159 -2.6750000715255733 9.9849996566772479 4 5 6 7 8 9 10 11 -0.10500000044703482 179.04499816894534 1.4049999713897707 34.32500076293946 26.239999771118168 12 3.5000000000000004 13 246.89499664306643 -2.1550000905990596
decision_type=10 10 2 2 1 1 8 1 1 2 8 10 9 9 9 9 1 1 9 1 8 8 10 2 8 1 2 9 10 8
left_child=10 2 -2 4 -4 -6 7 -3 9 -9 11 15 13 -10 -14 -1 17 18 19 20 21 -12 -22 24 -24 -21 27 28 -27 -29
right_child=1 6 3 -5 5 -7 -8 8 12 -11 16 -13 14 -15 -16 -17 -18 -19 -20 25 22 -23 23 -25 -26 26 -28 29 -30 -31
leaf_value=0.27655622526871254 -0.068105791714874825 -0.0041396057666610734 -0.32515417199000757 0.071768869249924247 -0.6575412308078612 -3.4749256098185914 0.010703039302289006 0.03151099982887838 -0.22181364186753835 -0.31465016990069483 71.584733605632252 0.0097298360722021769 0.47264935403784791 0.096814629829007487 0.1489926416352132 -0.18704104232753524 0.00097126081275469031 -0.012686957472727162 0.0034235771038811842 -0.29806206161716664 -0.93870111894608022 -1.4557088433353829 -8.4570512500761073 -5.710625271095445 182.09087021139919 -0.23127072385557954 -0.17670621283132198 0.71700563785352089 3.1720787863240325 0.11697250215285397
leaf_weight=26.593748023414996 485.29118827276824 1587.3293089975455 6.4746596839295307 11.360941022401676 5.1545440403788021 3.7496131404680764 7782.4122787518363 390.06038126227941 135.78437059614143 83.367828575500425 0.5824563014042482 76629.994260445092 93.64343249565718 1923.200883137984 827.54481042896714 299.94711518141975 377459.88579421223 95005.371604783693 41226.556941388786 73.083176562500071 11.913950397693588 0.57608204013996456 0.1529778271144413 1.1313120709584668 0.15604883432387984 7.1231388414944243 102.64300305048607 49.345358047323288 8.5436126014116791 278.51918383959992
leaf_count=93 1992 2220 68 3 83 173 30605 1052 790 896 228 735170 116 4301 1635 1390 1251294 2323976 464640 1994 449 106 160 172 161 117 1369 136 167 2504
internal_value=0.000720129 0.0250767 -0.0991346 -0.662267 -1.20453 -1.84396 0.0300365 0.0598842 0.0893106 -0.0288368 0.000170714 0.00906674 0.107814 0.0748314 0.179941 -0.146544 -0.00116062 -0.00704441 0.00579412 0.185456 2.05336 35.2654 0.709674 14.3444 87.7637 0.0954394 0.165016 0.271922 0.991697 0.201146
internal_weight=604517 13335.4 512.031 26.7398 15.3788 8.90416 12823.3 5040.93 3453.6 473.428 591182 76956.5 2980.17 2058.99 921.188 326.541 514226 136766 41760.3 533.77 14.5128 1.15854 13.3543 1.44034 0.309027 519.257 446.174 343.531 15.6668 327.865
internal_count=4828060 43934 2319 327 324 256 41615 11010 8790 1948 4784126 736653 6842 5091 1751 1483 4047473 2796179 472203 7563 1276 334 942 493 321 6287 4293 2924 284 2640
cat_boundaries=0 1 2 3 4 5 6 7 8 9 10 11 12 13 14
cat_threshold=1 4 2 34 56 1 1 2 4 720 16 128 2 16
is_linear=0
shrinkage=0.08


Tree=131
num_leaves=31
num_cat=3
split_feature=2 13 40 32 3 36 12 5 12 3 32 3 3 5 6 3 37 3 32 12 3 32 18 6 19 12 16 32 32 32
split_gain=3394.63 14167.3 10259.1 18917.2 9183.29 28942.4 164883 485718 466707 102209 35848.8 142253 220020 9510.81 9402.15 4804.06 14610.6 186923 319412 2.00284e+06 27254.7 84384.3 580255 3.66392e+06 9311.09 105019 411163 499553 4368.13 10307.4
threshold=inf 29.050003051757816 0 12.164999961853029 103.92499923706056 1 697.77499389648449 5.5000000000000009 1861.1251220703127 351.98500061035162 -0.84499999880790699 179.04499816894534 146.129997253418 9.5000000000000018 191.7749938964844 450.40499877929693 2 542.30001831054699 -73.520000457763658 430.90000915527349 675.39498901367199 -73.520000457763658 1432.5000610351565 111.22500610351564 3733.0749511718755 2485.8000488281255 1.0000000180025095e-35 3.7250000238418584 -2.2749999761581416 -1.8650000095367429
decision_type=8 2 1 10 10 9 2 2 2 10 8 10 8 2 2 10 1 10 8 2 10 8 2 2 2 2 2 8 10 10
left_child=-1 28 3 4 13 6 10 9 -9 -8 11 12 -6 -3 -12 24 -17 18 -18 -20 21 -19 23 -23 -4 26 -26 -28 -2 -30
right_child=1 2 15 -5 5 -7 7 8 -10 -11 14 -13 -14 -15 -16 16 17 20 19 -21 -22 22 -24 -25 25 -27 27 -29 29 -31
leaf_value=-0.00068667626222146828 -0.023031618629403078 0.093790409790497603 0.049276770777801009 3.4832999903555915 -0.65228763113013299 0.24797450708258878 -1.7302356735539195 29.780790390680817 171.84314401325003 28.345269141153345 0.021163246191855969 -0.47858164726484076 48.772308161404283 2.5125260741418249 3.2440358238169154 0.087232571341214163 8.1168745024889386 2.3852642343590196 390.8715066059973 -1.5260467639949877 0.10158042062216399 -15.437343236331952 -2.9731097151825834 1050.2246788353593 -1.329548459871585 -0.095354072414342975 157.09713669019328 -2.1318375422156715 1.2478309997460679 0.088240791320596992
leaf_weight=591232.43129656219 8620.3064189825109 335.53118464877656 1721.479299706778 13.316311158984147 1.2008283867029699 189.11454530087479 2.6509153311495819 0.40050601508378653 0.23475057111744985 0.99446165555212385 37.827818817421935 5.6731925131139382 1.1086203116748503 10.737442884067319 6.8408958760461749 210.15356816457526 1.7389732187291891 5.8874757831535938 0.10523741039167278 0.39840553371007181 46.475440075521476 0.11341927191266621 0.60124496173112418 0.02524426396121271 1.5773404979156476 19.644311725460689 0.26583219435554917 0.23990010088976477 51.01480882695023 1279.7863026272703
leaf_count=4756223 23146 3546 17092 402 111 634 354 175 191 52 458 128 127 153 262 3596 52 29 157 479 700 158 1036 398 265 544 189 57 739 16835
internal_value=0.000187805 0.0413341 0.207063 0.493219 0.434324 0.808013 2.23262 17.7238 82.278 6.47439 1.3972 6.3352 23.0733 0.168793 0.514738 0.117745 0.435345 1.47492 24.365 80.4664 0.785982 5.58544 31.0494 178.571 0.0700483 1.71579 18.7957 81.565 -0.00220603 0.132692
internal_weight=603798 12565.4 2614.34 605.631 592.315 246.047 56.932 4.28063 0.635257 3.64538 52.6514 7.98264 2.30945 346.269 44.6687 2008.71 265.499 55.3454 2.24262 0.503643 53.1028 6.62738 0.739908 0.138664 1743.21 21.7274 2.08307 0.505732 9951.11 1330.8
internal_count=4828288 72065 31345 6593 6191 2492 1858 772 366 406 1086 366 238 3699 720 24752 6605 3009 688 636 2321 1621 1592 556 18147 1055 511 246 40720 17574
cat_boundaries=0 1 2 3
cat_threshold=12 192 44
is_linear=0
shrinkage=0.08


Tree=132
num_leaves=31
num_cat=22
split_feature=38 43 32 34 6 17 40 47 41 40 44 5 37 46 41 36 47 32 32 13 34 34 40 35 43 41 43 36 0 43
split_gain=701.698 3395.91 2135.9 3888.76 10707.9 6017 1838.99 1084.86 7396.07 4525.79 1376.78 1269.19 1117.65 1094.9 984.705 1576.17 1730.15 4120.7 1580.03 2039.23 1485.22 975.343 904.737 1506.7 1352.01 895.448 1046.7 929.805 838.333 804.077
threshold=0 1 1.2849999666213991 2 44.049999237060554 1.0000000180025095e-35 3 4 5 6 7 11.500000000000002 8 9 10 11 12 -1.0249999761581419 -73.520000457763658 34.32500076293946 13 14 15 16 17 18 19 20 1.5000000000000002 21
decision_type=1 9 10 1 2 2 1 1 9 1 9 2 1 1 9 9 1 8 8 2 1 1 1 1 9 9 9 9 2 9
left_child=1 6 7 4 5 -4 21 -3 -9 10 -10 13 28 22 15 16 17 -2 19 -17 -18 -1 25 -24 -25 26 -11 -27 -12 -29
right_child=14 2 3 -5 -6 -7 -8 8 9 11 12 -13 -14 -15 -16 18 20 -19 -20 -21 -22 -23 23 24 -26 27 -28 29 -30 -31
leaf_value=0.095968302142545689 1.0852504774196501 0.018796245189079051 1.0179550750735782 -0.060684250442011048 0.13315967636769568 3.2643816775140109 0.12255365716750743 1.1100798291637193 -0.25103461259332965 0.15576548264391302 -1.3654219091744864 0.25416646499079443 -0.12469859824085056 0.078997742592162398 0.00010262962600873408 -0.11111511275603894 0.37542597742457445 0.070928864531631386 -0.053301775409228896 0.702243161940595 -0.015784566693618211 0.68707910096577707 0.20667979511168852 0.14581765096795626 -0.18778930143318562 0.062498613125154069 -0.18412966882546525 -0.067655765311457131 -0.19107763210216636 -0.0036890973695806678
leaf_weight=41.937819498475157 34.582284541964071 16282.247970117964 21.893074369928456 146.72901617180133 92.317013418115138 11.713760553022437 310.24715156931245 27.068663291070152 81.498785436153412 330.02431204627072 32.628508975118166 111.39140490466616 31.535674287704751 679.95180200780669 570564.29327844409 38.360196417475237 58.385824498331338 99.052198991776066 5304.851970018095 40.616025515484054 672.9289143785312 74.79439187501913 79.278177205473185 83.848447206496516 614.8044185960498 676.28588353247642 62.363585487199089 2608.7276627681358 4.4171927003189912 2434.5268040684705
leaf_count=260 188 18262 187 431 94 110 908 1230 1155 1608 816 285 241 1085 4717203 116 107 518 29211 92 2236 601 204 371 6386 4855 790 23094 31 14728
internal_value=0.000323512 0.0134861 0.00952534 0.232186 0.535721 1.80095 0.234547 0.00701447 -0.017397 -0.0226826 -0.443741 -0.0138895 -0.737447 -0.0178523 -0.000243558 -0.031803 0.067947 0.333418 -0.0479248 0.30718 0.0203662 0.499043 -0.0274103 -0.108125 -0.146259 -0.0169323 0.0985113 -0.0250104 -0.964928 -0.0368456
internal_weight=601653 24840.2 24413.3 272.653 125.924 33.6068 426.979 24140.6 7858.35 7831.28 150.08 7681.2 68.5814 7569.81 576813 6248.78 864.949 133.634 5383.83 78.9762 731.315 116.732 6889.86 777.931 698.653 6111.93 392.388 5719.54 37.0457 5043.25
internal_count=4827403 77732 75963 822 391 297 1769 75141 56879 55649 2243 53406 1088 53121 4749671 32468 3049 706 29419 208 2343 861 52036 6961 6757 45075 2398 42677 847 37822
cat_boundaries=0 1 2 3 4 5 6 7 8 9 10 11 12 13 14 15 16 17 18 19 20 21 22
cat_threshold=1 2 52 2 2 16 1 2 32 1 16 3 1 8 12 6 16 1 4 8 80 9
is_linear=0
shrinkage=0.08


Tree=133
num_leaves=31
num_cat=3
split_feature=2 7 18 34 3 32 17 13 20 1 32 34 18 6 18 37 3 3 12 17 3 3 32 12 23 7 6 3 7 3
split_gain=3772.35 25018 12417.3 61860.8 493476 2.16351e+06 7.83016e+06 1.07387e+07 361115 15197 90124.3 10659.8 146092 534392 1.73399e+06 5853.52 52504.9 292768 5634.33 15843 89699.3 334674 816068 4521.56 3475.16 3205.48 34728 117730 708186 36891.9
threshold=inf 26.324951171875004 2100.924926757813 0 295.93000793457037 0.97500002384185802 5.5000000000000009 1731.424987792969 1.5000000000000002 2.5000000000000004 -5.0450000762939444 1 239.44999694824222 32.000007629394538 80.049999237060561 2 278.18499755859381 433.34999084472662 2348.9501953125005 19.500000000000004 237.59500122070315 542.30001831054699 -0.34499999880790705 380.02499389648443 1.0000000180025095e-35 108.00000762939455 150.00000762939456 305.97500610351568 65.000015258789077 72.83499908447267
decision_type=8 2 2 1 8 8 2 2 2 2 8 1 2 2 2 1 10 8 2 2 10 10 8 2 2 2 2 10 2 8
left_child=-1 -2 11 18 5 8 -7 -8 -5 -6 -11 12 13 -3 -15 16 -13 -18 19 20 -4 22 -22 24 -14 26 -17 29 -29 -28
right_child=1 2 3 4 9 6 7 -9 -10 10 -12 15 23 14 -16 25 17 -19 -20 -21 21 -23 -24 -25 -26 -27 27 28 -30 -31
leaf_value=-1.5792254980089476e-05 0.0005398376733586484 -0.46446290404991786 -0.16667799982696763 -0.8459212915364881 -0.31490553687424716 -1.9718041478347292 1386.322109945103 117.13829618890011 50.66668749293823 47.294389689602568 -1.5061332337182542 -0.22021775160586982 2.1995837231655124 -5.7214907883719297 200.36935302295061 0.13600059164259079 -0.41520643366158572 55.64051538969489 -0.20617680302424035 -0.071667153489409843 288.62947846749455 -0.4371245890386708 -3.2710916238681116 -0.1502657063736472 -0.30717633815558054 0.094736762596786137 6.2482551456354578 -2.7290739056479096 99.474636858746763 0.31426507174067253
leaf_weight=590350.51419263275 10776.984457473725 3.6316546529301315 4.2000758207837166 4.769979871677779 28.795994691954618 0.50675763596765988 0.07005063789007443 0.10914211654714739 1.0655152108377448 0.29892895141467907 1.2762374674514556 12.723693018856769 11.319270071479238 0.80351583424330975 0.38718503774842539 450.88527243404508 3.0650757756581779 0.7403269223147374 108.75162762193389 15.072909462906535 0.096865704275744646 0.77332528440069992 0.16692948105259736 41.620817863900719 5.1496246573944697 875.99278340003821 8.3009039081256191 2.0397211455716491 0.55114856885180552 34.883161297596637
leaf_count=4751252 46958 41 58 353 2149 59 235 106 197 112 433 276 203 98 275 2693 266 256 2913 727 157 133 154 660 161 10897 255 263 333 943
internal_value=0.000901268 0.044579 0.337901 0.993458 3.45463 24.358 158.755 613.292 8.55987 0.103633 7.75504 0.26298 1.21184 14.7845 61.2939 0.209776 1.39913 10.4902 0.0206517 1.24539 5.03593 26.1052 103.915 0.293712 1.41575 0.185438 0.349148 2.44866 19.0124 1.45491
internal_weight=602746 12395 1618.05 165.954 36.8926 6.52145 0.68595 0.179193 5.8355 30.3712 1.57517 1452.09 62.9121 4.82236 1.1907 1389.18 16.5291 3.8054 129.062 20.3101 5.2372 1.03712 0.263795 58.0897 16.4689 1372.65 496.66 45.7749 2.59087 43.1841
internal_count=4823616 72364 25406 7786 3644 950 400 341 550 2694 545 17620 1438 414 373 16182 798 522 4142 1229 502 444 311 1024 364 15384 4487 1794 596 1198
cat_boundaries=0 1 2 3
cat_threshold=105 32 80
is_linear=0
shrinkage=0.08


Tree=134
num_leaves=31
num_cat=3
split_feature=2 13 13 12 22 38 23 3 13 3 3 38 7 5 7 3 16 32 32 3 7 4 3 5 3 32 3 4 32 40
split_gain=2360.4 11348.7 6185.95 72780.9 155092 5769.37 6765.05 22123 55382.3 4767.62 9556.01 19173.1 63681.6 153962 4884.13 27036.5 213632 244112 17428.4 27635.6 90621.7 4892.94 25950.4 4803.76 14616.9 3808.65 11202.3 33221.8 3689.04 18333.3
threshold=inf 34.32500076293946 3324.3950195312505 2212.0500488281255 1.0000000180025095e-35 0 4.5000000000000009 111.2150001525879 381.55000305175787 154.09500122070315 194.62500000000003 1 48.00000190734864 4.5000000000000009 314.65499877929693 312.50500488281256 1.0000000180025095e-35 -73.520000457763658 -73.520000457763658 394.32499694824224 560.00003051757824 inf 295.93000793457037 8.5000000000000018 74.955001831054702 -3.8749999999999996 542.30001831054699 1.0000000180025095e-35 -0.59499999880790699 2
decision_type=8 2 2 2 2 1 2 10 2 10 10 1 2 2 2 10 2 8 10 8 2 8 8 2 8 10 8 8 8 1
left_child=-1 25 5 4 -4 28 9 -8 -9 23 11 12 -11 -14 21 16 -16 -18 19 -17 -21 -12 -23 -7 -25 -2 -27 -28 29 -3
right_child=1 2 3 -5 -6 6 7 8 -10 10 14 -13 13 -15 15 18 17 -19 -20 20 -22 22 -24 24 -26 26 27 -29 -30 -31
leaf_value=0.00028865902787624876 -0.025418411902325581 2.82731217228506 -0.55085730953607581 -0.13286990216982669 37.48666862822045 0.018194882827728864 -0.044415885318105384 10.201366020766351 -0.042288159897928258 -0.27794688956013813 0.11360500216311051 0.40697600150346414 21.327587878199616 -0.24191558073734687 -1.0296002788486474 0.82601219387842151 -0.386743918667391 77.052070994834338 0.051187573666917133 -0.44876651349133334 21.27165974383502 -0.17267796989243045 5.7024655301889577 4.4812623325051275 -0.3656853889221609 0.095760502097806233 10.406348190651569 -0.10214012763042013 -0.076696661830200505 0.1091537349494652
leaf_weight=592008.31159522873 8354.1674077069983 6.6116281165373998 1.8998661087483464 22.495848518769439 1.0737684113993506 538.0691952023783 27.827609622324253 5.422243474893583 8.9589436848404045 8.4800371000462302 613.39981558993952 112.49688711691815 3.864342511845992 4.6864232126072665 4.9011844867500018 14.448625861383329 0.51412479005690859 0.5281683360913092 109.28410659532219 3.3206122776094613 1.9520244860865439 20.262614699532904 6.3099492875280019 6.2073984581614683 11.107044306066793 1482.4517994632586 2.6762411304111424 6.8628379479912933 724.7888248150565 427.48719595729972
leaf_count=4754970 22305 411 149 1099 281 3018 121 202 80 163 3376 493 243 153 451 138 25 202 1595 119 176 249 315 93 184 18479 291 127 10894 6737
internal_value=0.00101598 0.0353729 0.181117 1.42195 13.1844 0.16924 0.271954 1.27223 3.81995 0.244896 0.358186 0.994225 2.91987 9.50598 0.251873 0.689244 5.96475 38.8544 0.446193 2.63509 7.59252 0.159645 1.22244 0.0604004 1.37199 -0.0043916 0.113345 2.84607 0.0334769 0.218198
internal_weight=604541 12532.6 2686.4 25.4695 2.97363 2660.93 1502.04 42.2088 14.3812 1459.83 904.449 129.528 17.0308 8.55077 774.921 134.949 5.94348 1.04229 129.005 19.7213 5.27264 639.972 26.5726 555.384 17.3144 9846.16 1491.99 9.53908 1158.89 434.099
internal_count=4827139 72169 30967 1529 430 29438 11396 403 282 10993 7698 1052 559 396 6646 2706 678 227 2028 433 295 3940 564 3295 277 41202 18897 418 18042 7148
cat_boundaries=0 1 2 3
cat_threshold=682 276 8
is_linear=0
shrinkage=0.08


Tree=135
num_leaves=31
num_cat=3
split_feature=2 7 32 4 3 38 17 5 3 18 12 7 7 7 11 12 4 3 18 32 6 32 18 34 3 34 3 3 6 6
split_gain=2451.27 13207.6 6937.55 16034.9 57702.7 6059.39 10251.3 28733.5 9610.39 106882 171195 1.07644e+06 1.06736e+06 908113 643393 2.39602e+06 7964.31 12202.6 50295.5 224287 61124.5 9867.23 18177.7 2900.64 9775.26 8711 2891.21 6314.59 38017.5 70831.4
threshold=inf 26.324951171875004 88.08499908447267 48.500000000000007 150.37500000000003 0 42.500000000000007 26.500000000000004 502.63500976562506 2310.150024414063 179.9999923706055 44.549999237060554 68.400012969970717 677.92495727539074 3.5000000000000004 1371.549987792969 14.500000000000002 72.83499908447267 120.0749969482422 -73.520000457763658 55.049999237060554 4.1649999618530282 1553.3750000000002 1 194.62500000000003 2 135.004997253418 194.62500000000003 92.000030517578139 60.000003814697273
decision_type=8 2 10 8 10 1 2 2 10 2 2 2 2 2 2 2 8 10 2 10 2 10 2 1 8 1 10 10 2 2
left_child=-1 2 -2 -4 -5 6 8 -8 16 10 -10 -12 -13 14 -14 -16 23 -18 -19 -20 -21 -22 -23 24 25 -3 -7 28 29 -28
right_child=1 5 3 4 -6 26 7 -9 9 -11 11 12 13 -15 15 -17 17 18 19 20 21 22 -24 -25 -26 -27 27 -29 -30 -31
leaf_value=-0.00045578056987466734 -0.0024955156089382651 0.064510973934502142 0.2968097619274227 -0.25876496049708764 14.477043074097239 -0.096029904797550289 9.9324414660575382 -0.12459419235462017 -0.80352660237976192 -0.017224932388332743 -0.24347464965618656 -0.62579145321365759 283.76544420136952 126.89190872096553 1275.4331243735994 -4.7777170608860251 0.13941677755087592 0.11323287750972932 19.593194468976993 10.692286986467703 -0.37827552129413305 -0.86887972497901 12.705017731677232 -0.11018317821316095 0.1093693825324511 2.6005977865891907 1.1592864442317516 0.088446124813197205 0.37206304279273866 18.496109948404744
leaf_weight=592206.399001688 10494.329862458933 26.693852464413524 38.238145955573614 5.5839485864889769 2.44553872449523 303.5746130093537 2.7316222584756797 5.4368990481762012 1.9916594519745479 25.114949287728916 1.2344342470169065 0.14850505596225927 0.048699290754595226 0.10515803620633246 0.021665016940160955 0.01646861520757795 119.72481484128869 77.202209119620534 4.926462249826975 3.9287315014573059 27.076727137359757 1.5164826517170191 1.0818455070257185 186.98182305901446 226.97144899951348 10.753252519889349 5.0251794220369623 597.55349163235405 121.61656931272705 2.1550210878394225
leaf_count=4755678 45916 11 553 72 299 3156 296 77 108 605 25 30 65 136 245 35 902 363 628 83 966 159 86 2518 1264 338 274 11105 1796 146
internal_value=0.000278229 0.0356351 0.00181393 0.979274 4.22932 0.238924 0.414814 3.23856 0.388376 1.82313 14.7824 34.4923 160.423 284.995 476.464 722.554 0.328464 0.70565 1.29142 3.65212 1.31509 0.0736229 4.78278 0.131718 0.295759 1.50447 0.110232 0.197956 0.706028 6.36265
internal_weight=604501 12294.2 10540.6 46.2676 8.02949 1753.63 723.708 8.16852 715.539 28.6815 3.56659 1.57493 0.340496 0.191991 0.0868329 0.0381336 686.858 235.457 115.732 38.5302 33.6038 29.6751 2.59833 451.4 264.419 37.4471 1029.92 726.35 128.797 7.1802
internal_count=4827935 72257 46840 924 371 25417 8940 373 8567 1249 644 536 511 481 345 280 7318 3187 2285 1922 1294 1211 245 4131 1613 349 16477 13321 2216 420
cat_boundaries=0 1 2 3
cat_threshold=263 36 32
is_linear=0
shrinkage=0.08


Tree=136
num_leaves=31
num_cat=3
split_feature=2 7 7 7 12 32 12 3 34 6 11 17 3 3 32 11 32 32 32 3 3 4 3 45 41 3 3 3 3 6
split_gain=3406.88 15370.4 38195.4 12978.2 88925.2 372953 1.51692e+06 9869.99 8252.6 198511 8495.79 96083.2 222746 11610.8 88991.5 311341 1.50374e+06 7637.45 23409.5 83083.7 8639.95 25486.9 88082.6 7861.91 22604 33665.7 64656.4 30937.9 7513.95 28445.4
threshold=inf 55.000007629394538 58.774997711181648 96.274993896484389 325.27499389648443 0.97500002384185802 3193.4150390625005 137.129997253418 0 135.00000762939456 10.500000000000002 12.500000000000002 237.59500122070315 200.20500183105472 -1.9450000524520872 20.500000000000004 -0.054999999701976769 12.164999961853029 18.82499980926514 70.774997711181655 305.97500610351568 1.0000000180025095e-35 333.43499755859381 1 2 400.49499511718756 295.93000793457037 174.31500244140628 425.92500305175787 369.77499389648443
decision_type=8 2 2 2 2 8 2 8 1 2 2 2 8 8 8 2 8 10 8 10 10 8 10 9 9 10 8 10 10 2
left_child=-1 17 -3 4 7 -6 -7 -4 9 -5 -10 12 -12 14 -13 16 -16 -2 19 -19 -21 22 -22 24 25 26 27 -20 -11 -30
right_child=1 2 3 8 5 6 -8 -9 10 28 11 13 -14 -15 15 -17 -18 18 23 20 21 -23 -24 -25 -26 -27 -28 -29 29 -31
leaf_value=0.00020227962987903286 0.0047359632031744783 6.9340606402634863 1.0513689028128519 25.469071504427212 3.1264625493618925 240.77581079704925 -1.5813225633381232 -0.22689144798451175 -0.0022478639597661386 -0.51650143257590453 38.646451513168671 0.24903536847185562 -1.757269330563076 0.030812857308247798 -3.2335987779166455 2.3262261940377962 230.63107615353186 25.031968191164882 13.045338341483445 -0.45534258764049229 55.971468365108848 -1.5452805045317017 -2.367159138741727 -0.11041769750154744 0.16525810076247915 -0.47146980281669837 24.593118703905311 -1.4274975540412265 -0.094600232150582164 17.054864982949258
leaf_weight=594000.96355130186 10890.709518103711 5.5557430179248959 92.339969801118897 2.0981086080530735 7.4233641266815678 0.21897984652337932 0.67404889364153586 66.501745182220233 749.17714010244867 25.21921566496955 1.3905683816522056 47.775091885676318 2.3474388671153812 176.67470254818102 0.74557136999336948 4.7235866942331493 0.23032268312994797 1.1157018230302558 1.878181154641501 4.6243807061043638 0.25168479420244638 1.1317612957932808 0.48447893819275123 111.68852563052322 62.116661757575663 2.0393375170559738 1.6875419561359102 1.9031355613915402 3.1906605148112499 0.76799467234580943
leaf_count=4755724 46125 249 419 224 622 353 72 1006 11912 1025 200 292 366 4714 170 169 319 52 184 210 35 126 260 1368 718 165 83 122 205 564
internal_value=0.00106408 0.0427958 0.316383 0.285265 0.938409 9.00246 57.8471 0.516204 0.17763 1.28906 0.127857 0.550068 13.2732 0.343422 1.37625 10.825 51.9613 0.0134841 0.517784 4.86513 1.39947 5.99138 17.5781 0.335367 0.932411 3.55977 11.5722 5.76116 -0.00786736 3.23246
internal_weight=606268 12266.7 1187.05 1181.5 167.158 8.31639 0.893029 158.842 1014.34 31.276 983.064 233.887 3.73801 230.149 53.4746 5.69948 0.975894 11079.6 188.921 7.60801 6.49231 1.86793 0.736164 181.313 69.6249 7.5082 5.46886 3.78132 29.1779 3.95866
internal_count=4828053 72329 22881 22632 2472 1047 425 1425 20160 2018 18142 6230 566 5664 950 658 489 49448 3323 683 631 421 295 2640 1272 554 389 306 1794 769
cat_boundaries=0 1 2 3
cat_threshold=32 9 20
is_linear=0
shrinkage=0.08


Tree=137
num_leaves=31
num_cat=19
split_feature=33 7 19 22 12 38 41 12 19 5 12 43 38 45 40 17 41 45 38 38 43 46 38 35 34 36 34 31 41 38
split_gain=853.547 1289.91 2184.6 982.581 1025.9 1015.89 1005.91 874.75 868.227 1048.91 792.375 695.303 929.552 827.19 902.411 1379.4 695.126 685.893 6292.29 1303.96 1484.07 8663.36 1826.05 1785.18 1590.78 2159.03 1252.41 1405.57 8039 18971.9
threshold=1.0000000180025095e-35 1214.6250000000002 1297.674987792969 1.5000000000000002 4713.7150878906259 0 1 3976.2500000000005 2770.8498535156255 5.5000000000000009 25213.576171875004 2 3 4 5 1.0000000180025095e-35 6 7 8 9 10 11 12 13 14 15 16 inf 17 18
decision_type=2 2 2 2 2 1 9 2 2 2 2 9 1 9 1 2 9 9 1 1 9 1 1 1 1 9 1 8 9 1
left_child=17 11 -3 4 5 6 8 -8 9 -4 -6 12 -2 16 15 -15 -13 18 -1 20 21 -19 24 -24 -23 -26 27 28 29 -22
right_child=1 2 3 -5 10 -7 7 -9 -10 -11 -12 13 -14 14 -16 -17 -18 19 -20 -21 26 22 23 -25 25 -27 -28 -29 -30 -31
leaf_value=-0.1273754455885785 -0.10044791013297991 1.2975818646985053 1.0898098010632959 -0.11803339190113903 -0.097622549185467533 0.080379563868689566 -0.11267178111725791 0.45691644938097542 0.20909492999623971 0.48175441975508165 0.16020106846438326 -0.15622410731454583 0.019608243340270528 1.0494424388067227 -0.11173984683587353 -0.17388729223652141 0.052272884891309233 1.6423024474868106 -0.0016421456891863183 0.0010857470735969733 2.5299733623884366 0.50527104453754679 0.48197400557516246 -0.41364137176030652 0.29863336532975104 -0.16281700754449582 0.0054023421211090239 0.0075358507218649794 0.046291367692017998 0.22901683556354793
leaf_weight=2613.9432558314375 654.07323030408361 9.9888988973692658 24.052568006794871 107.88287339621456 156.76857805767077 215.68519130484231 51.425510862725815 25.97065501625184 45.842722560948459 74.068578159669414 148.60806956258602 96.41913941272179 1087.0722476078349 12.31575817987323 354.76725106661615 11.322309351060538 3546.9803650869708 24.092293017725964 87294.721388985068 467334.24087744951 17.896374438610451 60.048992582497974 10.03966526699883 66.233553945069332 116.44147762385845 124.88471471548181 27868.388078333046 5502.7085154904726 5845.4490813860102 169.57701802451538
leaf_count=18421 6702 149 211 2071 2733 1053 1199 155 592 367 525 1032 7703 152 8261 154 33338 108 714175 3902127 428 136 217 1337 276 1142 91523 14657 16239 733
internal_value=0.00144496 0.0300059 0.121382 0.107565 0.140347 0.218956 0.335206 0.0694792 0.464272 0.630808 0.0278444 0.0163652 -0.0258077 0.0346012 -0.0767321 0.325699 0.0463427 0.00112812 -0.00531139 0.00226982 0.0161675 0.167299 0.0776307 -0.253552 0.164406 0.062859 0.0145846 0.0367436 0.0634452 0.565662
internal_weight=603672 6623.24 860.294 850.305 742.422 437.045 221.36 77.3962 143.964 98.1211 305.377 5762.95 1741.15 4021.8 378.405 23.6381 3643.4 597049 89908.7 507140 39805.8 401.741 377.648 76.2732 301.375 241.326 39404 11535.6 6032.92 187.473
internal_count=4827916 66397 9055 8906 6835 3577 2524 1354 1170 578 3258 57342 14405 42937 8567 306 34370 4761519 732596 4028923 126796 3216 3108 1554 1554 1418 123580 32057 17400 1161
cat_boundaries=0 1 2 3 4 5 6 7 8 9 10 11 12 13 14 15 16 17 18 19
cat_threshold=432 33 10 417 13 8 17 32 129 129 2 2 1 1 1 10 36 16 1
is_linear=0
shrinkage=0.08


Tree=138
num_leaves=31
num_cat=4
split_feature=2 7 38 13 19 6 12 5 5 6 7 19 7 13 13 11 7 11 19 11 10 6 12 20 38 4 4 7 42 43
split_gain=1070.22 6315.96 5286.25 36308 125581 69374.8 3748.23 13776.5 2940 2875.74 2448.87 2343.48 1812.08 6654.47 53177.9 188704 13464.3 77442.9 2930.94 9848.73 48726 186015 18658.6 24067.8 2775.69 2353.27 2221.87 4959.67 1711.01 2007.49
threshold=inf 48.00000190734864 0 195.12495422363284 165.0100021362305 322.27490234375006 334.52499389648443 2.5000000000000004 1.5000000000000002 129.75000762939456 55.000007629394538 115.75499725341798 124.76499938964845 117.54999923706056 145.19997406005862 2.5000000000000004 104.19996643066408 10.500000000000002 580.75500488281261 2.5000000000000004 1.0000000180025095e-35 369.77499389648443 200.00000762939456 1.0000000180025095e-35 1 25.500000000000004 46.500000000000007 92.500007629394545 2 3
decision_type=8 2 1 2 2 2 2 2 2 2 2 2 2 2 2 2 2 2 2 2 2 2 2 2 1 10 8 2 9 9
left_child=-1 28 3 4 5 8 7 -5 9 -3 -10 -12 13 24 15 -15 -16 -18 -14 20 21 -20 23 -21 26 -24 -4 -28 -2 -30
right_child=1 2 12 6 -6 -7 -8 -9 10 -11 11 -13 18 14 16 -17 17 -19 19 22 -22 -23 25 -25 -26 -27 27 -29 29 -31
leaf_value=0.00050029233207633491 -0.03831600123201271 -3.0742253439701805 -0.30254830410759037 -0.34677064918179967 20.419094114135753 10.51512348270751 0.049545914201382345 3.0975743630860215 -1.2379005584556051 -0.16152514185388767 -4.6463323171916668 -12.195547810949277 -0.098962036211156748 -0.96313973506368744 -0.35790304941680684 40.574052463371871 -1.1618074138549619 21.143055587617525 -1.729432841826511 10.432774112981567 -0.28126046793648185 56.362790563698645 0.073361304512787134 -0.075843614218076547 0.22155326729841743 1.3410876777333787 -5.5710998232804858 -0.66801260570095378 0.082179145906834269 -0.006115539863259513
leaf_weight=592389.45541926695 4069.5679333962012 3.6843461429825268 17.992564926059096 18.645860250584629 2.5656800865827263 3.834425290974095 133.32605264180742 12.357608757535536 0.78741200323004323 5.275909659623899 0.86678213732737008 0.37791249918743031 416.72561017733653 2.4874995747233593 29.369138436695614 0.97408839526509039 4.3927491571548503 1.2884433375172095 1.2353779547152717 2.5686922122570186 6.3792289688342967 0.4937674988068349 560.43317157395211 3.0522913932800293 301.34489085394478 9.5306710651757367 1.8212694261170641 4.8007614083864292 2617.6442282144835 4423.7781856746005
leaf_count=4756211 18259 240 390 278 214 91 1293 221 28 64 213 131 5535 141 1320 231 408 123 279 189 102 113 9867 39 1183 325 278 126 11923 18702
internal_value=0.00099211 0.0240097 0.175477 0.57029 4.07755 1.24975 0.23379 1.0261 -1.98225 -1.35919 -4.72955 -6.93841 0.11787 0.271451 1.26594 10.7254 0.331717 3.89673 0.0630956 0.178796 2.94749 14.8591 0.139793 4.72641 0.153953 0.0945596 -0.543039 -2.01652 0.00292592 0.0267779
internal_weight=605047 12657.6 1546.61 181.722 17.3925 14.8268 164.33 31.0035 10.9924 8.96026 2.03211 1.24469 1364.89 364.471 38.5119 3.46159 35.0503 5.68119 1000.42 583.693 8.10837 1.72915 575.585 5.62098 325.959 569.964 24.6146 6.62203 11111 7041.42
internal_count=4828517 72306 23422 2773 981 767 1792 499 676 304 372 344 20649 4200 2223 372 1851 531 16449 10914 494 392 10420 228 1977 10192 794 404 48884 30625
cat_boundaries=0 1 2 3 4
cat_threshold=17 640 49 7
is_linear=0
shrinkage=0.08


Tree=139
num_leaves=31
num_cat=12
split_feature=37 41 3 36 3 6 37 38 13 3 6 3 38 32 3 3 43 3 3 32 3 23 38 32 34 41 3 34 23 40
split_gain=744.477 1410.18 1507.08 1481.43 2311.65 2128.48 2108.92 1562.92 1748.05 2493.74 1476.21 1740.99 2200.8 1796.96 2313.51 1982.34 2056.87 1617.18 2048.11 1391.23 1346.76 1564.69 1341.96 1334.96 1292.47 1523.54 1642.83 1246.46 1174.91 1133.48
threshold=0 1 489.82499694824224 2 185.67499542236331 516.89996337890636 3 4 2391.1000976562505 92.665000915527358 9435.9252929687518 261.02499389648443 5 -9.5349998474121076 115.29500198364259 92.665000915527358 6 253.90000152587893 502.63500976562506 -9.5349998474121076 358.23500061035162 12.500000000000002 7 -73.520000457763658 8 9 418.27499389648443 10 1.5000000000000002 11
decision_type=1 9 10 9 10 2 1 1 2 8 2 10 1 8 10 8 9 10 10 8 10 2 1 8 1 9 8 1 2 1
left_child=20 2 29 10 5 7 -6 -5 -9 -10 11 13 28 14 15 22 -17 -12 -19 24 -1 -22 -3 -7 25 26 -14 -24 -13 -2
right_child=1 3 -4 4 6 23 -8 8 9 -11 17 12 19 -15 -16 16 -18 18 -20 -21 21 -23 27 -25 -26 -27 -28 -29 -30 -31
leaf_value=-0.0004469438106372233 0.017576255354356658 -0.22391984042849417 -0.18451055270035169 -0.037359939951723597 0.027148779683649215 0.42029201471910022 -0.03038160496411103 0.02088237636563366 1.0797704312618857 -0.21821175724783223 0.060841033174422438 -0.0012831826143926426 0.20235598709088456 0.0026878846636021808 -0.10904645142084325 0.59896414161679101 0.088172868749150216 -0.076359283186441501 0.023243887448914976 0.022298311705929951 -0.018416589760186994 0.37910959310351222 0.049162362771495376 0.079493306423221818 0.052204081022444351 0.12737014127011029 0.90723676107866713 -0.14666808013679761 0.022871806471419003 -0.017044673352988104
leaf_weight=150969.21301962508 7440.3435101447531 182.26795674424801 321.34468179309624 3941.8957903600012 4797.9924935483014 76.401640560467996 26972.407709361796 8695.0924296013454 23.446649218908902 15.895264497731288 1070.2758990934972 57076.683100388924 42.644423038459905 187118.99206124741 2099.9924290624313 53.481316576617537 306.92527122291125 4285.7138773227698 1910.1440984540459 58406.830648933479 35707.219188489078 63.481821709312499 898.69417042305452 1979.0977968654834 1845.8193030454868 441.66112039268199 42.005160135770012 259.78908379415077 16646.126009810294 32295.388259148232
leaf_count=743682 30480 1054 2657 34242 41459 110 153754 44942 159 215 4020 1090022 408 1294480 9184 167 686 32053 48149 586531 203580 156 2445 9292 11333 2132 141 1700 297407 181399
internal_value=0.000447591 0.00231898 -0.0119544 0.00382707 -0.00954634 0.0166453 -0.0216943 0.00440033 0.0232631 0.555348 0.0056966 0.00649306 0.0134646 0.00158169 -0.0528729 0.0164704 0.183036 -0.0299662 -0.0456523 0.0247335 -0.00375375 -0.0177111 -0.0283039 0.0921606 0.0847961 0.194414 0.4938 0.00436815 0.00417029 -0.0105619
internal_weight=605987 419247 40057.1 379190 46502.2 14731.8 31770.4 12676.3 8734.43 39.3419 332688 325422 134502 190920 3801.15 1701.16 360.407 7266.13 6195.86 60779 186740 35770.7 1340.75 2055.5 2372.13 526.311 84.6496 1158.48 73722.8 39735.7
internal_count=4828039 3880621 214536 3666085 284173 88960 195213 79558 45316 374 3381912 3297690 1987974 1309716 15236 6052 853 84222 80202 600545 947418 203736 5199 9402 14014 2681 549 4145 1387429 211879
cat_boundaries=0 1 2 3 4 5 6 7 8 9 10 11 12
cat_threshold=6 17 129 16 416 168 8 706 16 2 46 8
is_linear=0
shrinkage=0.08


Tree=140
num_leaves=31
num_cat=16
split_feature=38 45 34 41 47 34 32 32 5 11 18 32 31 43 47 43 47 12 47 23 35 42 10 19 41 46 47 19 32 32
split_gain=686.778 2106.7 1386.4 1813.06 8251.49 38190.8 174585 72713.2 9993.65 23461.4 3723.79 14445.1 4800.34 3330.72 3089.4 1369.78 2167.14 1438.12 1244.93 1546.58 1349.96 1160.84 1434.91 1113.62 1069.58 1011.64 1004.48 2670.18 1759.22 1762.25
threshold=0 1 2 3 4 5 -0.90500000119209278 1.0000000180025095e-35 4.5000000000000009 8.5000000000000018 45.549999237060554 -1.6549999713897703 inf 6 7 8 9 334.52499389648443 10 1.5000000000000002 11 12 1.0000000180025095e-35 4804.0798339843759 13 14 15 3079.0749511718755 7.4049999713897714 -15.574999809265135
decision_type=1 9 1 9 1 1 10 8 2 2 2 8 8 9 1 9 1 2 1 2 1 9 2 2 9 1 1 2 8 10
left_child=1 -1 15 4 13 8 7 -7 10 -10 11 -6 -13 -4 -14 16 -3 -18 19 20 21 -5 -23 -22 26 -20 -2 28 29 -28
right_child=24 2 3 18 5 6 -8 -9 9 -11 -12 12 14 -15 -16 -17 17 -19 25 -21 23 22 -24 -25 -26 -27 27 -29 -30 -31
leaf_value=0.020333480989877601 0.0063520064085987463 -0.1715115792728554 0.62706840163833766 0.044327849015270121 5.5197308275233112 29.15985696976411 0.45227330044755271 10.121952392912839 7.7726225808446907 -0.46547689174550921 0.020410053525505546 -0.66325519113981046 -2.1273968061906445 -0.0088353058937694906 -5.3881885197557065 -0.01990889486834295 -1.8741761500140954 -0.34779523114483324 -0.0037192232915899495 -0.11314111125749263 0.010212156946081914 0.14767974213416121 0.5356679816395522 0.60567000413392613 -0.0052341405415297915 -0.094852047394786032 0.04062143562477652 -0.04768300627842334 0.011291476621827015 -0.010403942343306083
leaf_weight=38794.276060154851 164036.55303495069 90.141938126388467 45.450865012851239 908.50638547116296 1.9723532856992205 1.8702982825862875 19.513661378826782 4.0956629000424325 3.4433285553146771 6.1894795401392457 104.54883903893823 14.000711121615785 7.0477189443495494 1068.8504404303699 2.5260479225226184 18725.374513989569 8.7279193616907929 7.2171705161235868 14751.827718587723 391.39825540327365 2452.3086327118008 736.30593053427765 66.516437656478956 20.266977914821382 218962.39591228327 823.06422450762693 4591.3442368121614 8019.0194114846236 52293.827169636483 76652.725206778297
leaf_count=127693 191937 359 195 6446 182 133 283 302 85 192 479 802 296 2274 212 75987 579 178 36308 4405 19924 3888 204 95 1339605 2159 33049 256492 1022522 1696190
internal_value=8.10163e-05 0.00703156 -0.00578758 0.00812773 0.100094 0.628495 2.95435 16.0902 -0.00659074 2.4793 -0.191163 -1.05701 -1.60725 0.0226505 -2.98776 -0.0216187 -0.29571 -1.1833 0.00224126 0.0389305 0.0531566 0.107524 0.177613 0.0150322 -0.000966611 -0.00853519 0.00209121 -0.00284606 -0.000153582 -0.00752035
internal_weight=603611 79055.4 40261.2 21429.7 1279.51 165.208 25.4796 5.96596 139.728 9.63281 130.096 25.5468 23.5745 1114.3 9.57377 18831.5 106.087 15.9451 20150.2 4575.3 4183.9 1711.33 802.822 2472.58 524556 15574.9 305593 141557 133538 81244.1
internal_count=4823455 283660 155967 78864 5435 2966 718 435 2248 277 1971 1492 1310 2469 508 77103 1116 757 73429 34962 30557 10538 4092 20019 4539795 38467 3200190 3008253 2751761 1729239
cat_boundaries=0 1 2 3 4 5 6 7 8 9 10 11 12 13 14 15 16
cat_threshold=641 1 18 16 2 76 32 4 32 2 4 24 56 38 1 2
is_linear=0
shrinkage=0.08


Tree=141
num_leaves=31
num_cat=3
split_feature=2 13 34 38 12 3 3 17 32 32 32 3 32 19 7 11 13 3 12 40 32 23 17 12 13 32 3 3 32 32
split_gain=3387.84 10363.2 11659.6 35283.4 6228.13 6947.61 101798 175541 2940.87 3831.49 38286.3 205756 8149.93 12770.8 14006.8 14603 12685.5 8507.25 23971.2 5098.36 69029.9 202076 254989 5207.92 3448.99 2857.49 7326.24 59124.8 165690 7394.19
threshold=inf 57.504999160766609 0 1 137.77503967285159 330.00500488281256 389.10499572753912 10.500000000000002 8.8150000572204608 3.1350001096725468 3.9450000524520878 203.9049987792969 6.3350000381469735 387.30000305175787 124.76499938964845 12.500000000000002 195.12495422363284 330.00500488281256 1041.3249511718752 2 1.0000000180025095e-35 2.5000000000000004 7.5000000000000009 249.00000762939456 307.00999450683599 12.164999961853029 346.39500427246099 450.40499877929693 26.239999771118168 26.239999771118168
decision_type=8 2 1 1 2 10 10 2 10 10 8 10 8 2 2 2 2 8 2 1 8 2 2 2 2 10 10 8 8 10
left_child=-1 25 3 -3 -5 -6 7 -7 9 19 11 -11 13 14 15 16 -12 18 -14 20 21 22 -4 -22 -15 -2 29 28 -28 -27
right_child=1 2 8 4 5 6 -8 -9 -10 10 12 -13 17 24 -16 -17 -18 -19 -20 -21 23 -23 -24 -25 -26 26 27 -29 -30 -31
leaf_value=-0.0005330389965689644 0.0018990381761517247 4.592776589348726 -9.7755476304407711 1.992411055537689 -0.12773006051576766 -5.8918314819855855 -0.73985718548993884 126.67065302759265 -0.17973238473652622 -0.68462353659525021 -74.729889006405912 28.875833297668418 -0.65825427214436472 -0.13892719092284708 -6.1782434133879693 -3.2764698402054524 -21.017411194499381 0.051135712155969321 7.6372200603583371 0.14285893172840494 2.7979973027021821 -1.7156915280775011 87.972707732389708 -0.70750922913462133 -4.7853218806220994 1.5013081078702768 -1.8992853729528307 -0.22251722054235498 59.365857922189441 0.024398981599385798
leaf_weight=589649.78861274081 10212.143178520446 6.0318802612730966 0.27928673849636337 12.520082768333181 63.971655368437354 0.14735743775964061 2.7303392953347254 0.11292523366864882 152.59662012397644 7.0162207521799846 0.059888185472697031 1.9192052984051988 5.610583221282198 4.0925167808416072 0.56157501279257493 0.071423942223191261 0.05308464530389756 64.534803699726552 3.699359990907821 1869.4460511018478 3.4908905510339379 1.4763212248399027 0.43969557052772529 12.161481906436242 1.3629557052639265 24.680478679854986 0.84840966109186788 7.1234114577124439 0.42356965077652875 179.36041557236089
leaf_count=4755972 40401 312 137 233 1002 121 1047 127 3782 278 198 310 286 126 182 9 58 543 96 18955 145 131 237 328 738 471 136 353 190 1572
internal_value=0.000345392 0.0413271 0.198502 1.06603 0.315035 0.0484593 3.81728 51.6212 0.157906 0.184775 0.697778 5.66455 0.143345 -2.6422 -12.4599 -31.5903 -49.491 0.377274 2.638 0.160588 1.2418 15.2225 50.0027 0.0743109 -1.29975 0.00794004 0.29834 2.61443 18.502 0.203044
internal_weight=602289 12639 2214.39 85.5142 79.4824 66.9623 2.99062 0.260283 2128.87 1976.28 88.9816 8.93543 80.0462 6.20144 0.745972 0.184397 0.112973 73.8447 9.30994 1887.29 17.8477 2.1953 0.718982 15.6524 5.45547 10424.6 212.436 8.39539 1.27198 204.041
internal_count=4828476 72504 29381 2842 2530 2297 1295 248 26539 22757 2824 588 2236 1311 447 265 256 925 382 19933 978 505 374 473 864 43123 2722 679 326 2043
cat_boundaries=0 1 2 3
cat_threshold=32 129 8
is_linear=0
shrinkage=0.08


Tree=142
num_leaves=31
num_cat=2
split_feature=2 7 41 7 19 18 17 32 7 18 32 32 1 3 3 3 3 32 6 6 38 31 18 19 7 19 11 3 3 19
split_gain=1913.25 14023.9 10065.9 20017 83993.9 91781.2 7580.52 70297.2 4283.75 20257.7 142414 4213.15 6068.31 51080.3 6813.77 61449.5 131543 3534.73 13621.7 52399.6 5772.65 11528.2 10719.2 32051.6 20214.3 8202.12 6631.6 11254.4 13338.8 13555.7
threshold=inf 1.0000000180025095e-35 0 42.00000190734864 32.049999237060554 214.27500152587893 15.500000000000002 -1.0000000180025095e-35 1737.4500732421877 3081.8000488281255 -0.26500000059604639 88.08499908447267 1.0000000180025095e-35 150.37500000000003 161.87500000000003 282.95500183105474 320.41500854492193 -1.6549999713897703 397.52499389648443 126.45999908447267 1 1.0000000180025095e-35 1.0000000180025095e-35 204.73501586914065 136.0249938964844 331.02999877929693 8.5000000000000018 131.82500457763675 158.14499664306643 364.37500000000006
decision_type=8 2 9 2 2 2 2 10 2 2 8 10 2 10 10 10 10 8 2 2 1 8 2 2 2 2 2 8 8 2
left_child=-1 11 3 4 -3 -6 17 -8 -4 10 -10 -2 13 -13 -15 -16 -17 18 19 -5 -19 22 -22 24 -24 -25 27 -27 -29 -30
right_child=1 2 8 6 5 -7 7 -9 9 -11 -12 12 -14 14 15 16 -18 20 -20 -21 21 -23 23 25 -26 26 -28 28 29 -31
leaf_value=-0.00029755737481230597 -0.0089972134330514372 0.37313385103416463 0.12157947958961854 11.585551869769501 2.9501560971119809 24.36586953222373 10.955453087397522 0.19302327454040874 26.109171689509463 -0.16624052215401838 -0.41392214619983714 -0.11202414056119901 -0.031847659748456436 14.884197701525464 -8.0026423319901738 -11.309671091004834 97.204801042423128 0.39482477084411649 0.22447154101050959 -0.40386913996397966 -0.074076619284089706 0.01529636007244285 -34.934805903278743 -1.3463903476557177 -8.5145180471553701 -7.082453960135032 -4.8840899693633002 -11.134823483158705 -25.098273876838576 -98.086850849258923
leaf_weight=588901.44570494094 10403.579495929527 19.228554931073901 1644.3366710016151 3.450222817819367 3.1146940643867476 2.1752101452494461 4.4582778014115041 30.162378586566085 1.5769471813088323 23.84221015120778 7.262937142765769 12.191499456789431 20.308837032120724 1.8016519423108679 0.61208026577505203 0.16154862237510786 0.12825349609568498 195.97841992952374 36.223899816962671 7.2046463595392867 4.607900619506939 40.111592699345209 0.34463961749579253 4.0761593904250768 0.40096728816638327 0.21214574226993982 0.71890555954913427 0.064190469708810483 0.031769997105981274 0.03341211069388067
leaf_count=4758260 44694 196 21176 120 171 202 436 340 268 965 372 130 244 65 287 76 155 1244 145 202 11 88 241 169 73 59 138 36 26 179
internal_value=0.000359024 0.0313704 0.223784 0.606941 2.82907 11.7563 0.459374 1.57896 0.138778 1.04653 4.31753 -0.00604075 0.867664 2.09412 12.0426 6.36617 36.714 0.327292 0.964066 3.4785 0.206231 -0.50284 -2.96342 -5.22683 -20.7267 -2.97693 -9.24453 -18.4234 -37.0203 -62.512
internal_weight=601370 12468.4 2029.62 352.598 24.5185 5.2899 328.08 34.6207 1677.02 32.6821 8.83988 10438.8 35.2039 14.895 2.70353 0.901882 0.289802 293.459 46.8788 10.6549 246.58 50.6017 10.4901 5.88219 0.745607 5.13658 1.06042 0.341518 0.129373 0.0651821
internal_count=4830768 72508 26857 4076 569 373 3507 776 22781 1605 640 45651 957 713 583 518 231 2731 467 322 2264 1020 932 921 314 607 438 300 241 205
cat_boundaries=0 1 2
cat_threshold=16 529
is_linear=0
shrinkage=0.08


Tree=143
num_leaves=31
num_cat=5
split_feature=2 7 41 17 20 11 43 19 7 12 19 19 20 19 20 19 25 7 12 42 7 17 7 12 7 17 7 19 42 41
split_gain=4604.08 21274.2 9991.65 18877.2 155753 472912 10735.9 52513 197232 222990 69070.2 13082.7 21725 31924.8 10081.3 68365.1 8135.96 4658.44 7377.87 28381.8 206650 458281 3775.65 8149.29 10332.9 19959.7 14731.3 74696.3 3260.51 2880.56
threshold=inf 55.000007629394538 0 42.500000000000007 3.5000000000000004 42.500000000000007 1 531.92501831054699 801.91986083984386 4323.3000488281259 597.58499145507824 196.05000305175784 1.0000000180025095e-35 84.049999237060561 2.5000000000000004 172.52500152587893 1.5000000000000002 159.50001525878909 111.59991455078126 2 132.00000762939456 3.5000000000000004 724.65002441406261 1967.8649902343752 560.00003051757824 6.5000000000000009 423.77499389648443 1426.924987792969 3 4
decision_type=8 2 9 2 2 2 9 2 2 2 2 2 2 2 2 2 10 2 2 9 2 2 2 2 2 2 2 2 9 9
left_child=-1 29 28 6 5 -5 7 11 10 -10 -9 12 13 -4 16 -16 17 18 -8 20 21 -20 23 24 25 -12 27 -27 -3 -2
right_child=1 2 3 4 -6 -7 14 8 9 -11 22 -13 -14 -15 15 -17 -18 -19 19 -21 -22 -23 -24 -25 -26 26 -28 -29 -30 -31
leaf_value=-0.00079745451996679419 0.1042434140573241 -0.010215129195815313 -0.77217887160161269 99.366793062796731 -0.56954990786259718 -0.83520649143158221 -0.043984019308838045 12.588849787747666 57.844189340010132 -2.0959861000905269 -5.9216928573983054 0.15206904070006977 0.51192147574548197 7.7379684635596426 18.031826267755545 -0.99754031190393211 1.5135050780277819 0.061974127596363074 71.064393177323041 0.27527336985745382 -0.47710663977837903 3.9403945502953976 -0.018965169367892585 -1.0879834433828648 -6.8845892682663328 -369.79619669568876 -32.147402009508724 -28.74670028568092 0.30436131061106719 -0.0092850583578820128
leaf_weight=589096.53109386598 1684.0617304259358 478.96346886151287 4.4031442680666437 0.42307762871310206 7.2616759863285463 1.0485188306874347 72.769194171771375 3.3073287339284514 0.92101241055550775 0.69844764135526383 0.053765612523419028 93.744395600981562 23.050949096679688 7.8524579526020748 1.570406834494724 5.2397516210573025 33.032757645206743 373.0379693116945 0.95030162730851309 88.926164036331272 6.1518511523882262 2.0665927526363999 9.0215130812728734 1.217437656920485 0.27710285489612707 0.0058397917294081966 0.019858872914338306 0.013875643787002345 371.30633459028024 9183.557956039298
leaf_count=4755583 11382 5644 95 272 340 102 451 81 382 155 47 612 20 310 15 489 335 5771 272 1114 218 454 58 208 113 222 68 128 4886 37880
internal_value=0.000220206 0.0483537 0.32193 0.535362 4.23991 27.9724 0.498292 1.09935 5.56946 31.9929 2.49462 0.646396 1.95891 4.68048 0.325015 3.39059 0.294463 0.220427 0.566367 1.01914 3.79476 25.084 -0.652119 -4.24937 -14.6391 -37.6603 -80.7803 -129.767 0.129099 0.00839485
internal_weight=601551 12455 1587.34 737.065 8.73327 1.4716 728.332 144.587 15.5362 1.61946 13.9167 129.051 35.3066 12.2556 583.745 6.81016 576.935 543.902 170.864 98.0949 9.16875 3.01689 10.6094 1.58788 0.370443 0.0933399 0.0395743 0.0197154 850.27 10867.6
internal_count=4827707 72124 22862 12332 714 374 11618 2499 1462 537 925 1037 425 405 9119 504 8615 8280 2509 2058 944 726 844 786 578 465 418 350 10530 49262
cat_boundaries=0 1 2 3 4 5
cat_threshold=7 4 48 50 16
is_linear=0
shrinkage=0.08


Tree=144
num_leaves=31
num_cat=8
split_feature=21 41 37 36 34 3 3 36 23 4 18 3 13 18 31 23 23 31 41 3 46 34 19 3 7 23 11 3 8 18
split_gain=1060.46 887.61 1124.3 2332.47 1837.71 3325.54 1637.57 1750.78 1459.81 1329.89 1409.12 1065.06 961.777 1034.13 917.085 1148.5 913.563 857.04 1023.23 921.623 1878.69 839.206 2000.39 4516.43 9719.05 816.703 830.387 1284.66 1059.03 3438.01
threshold=1.0000000180025095e-35 0 1 2 3 261.02499389648443 200.20500183105472 4 12.500000000000002 inf 15790.479980468752 394.32499694824224 151.52500152587893 46542.464843750007 1.0000000180025095e-35 1.5000000000000002 6.5000000000000009 1.0000000180025095e-35 5 9.9849996566772479 6 7 300.02499389648443 230.70999908447268 291.09999084472662 1.0000000180025095e-35 4.5000000000000009 617.77502441406261 1.0000000180025095e-35 1759.049987792969
decision_type=2 9 1 9 1 10 10 9 2 8 2 10 2 2 8 2 2 10 9 10 1 1 2 8 2 2 2 10 2 2
left_child=1 14 6 4 5 -4 17 8 -8 12 21 -5 -9 -14 -1 -16 -7 19 -19 20 -3 22 -11 -24 -25 26 27 -6 -29 -30
right_child=-2 2 3 11 25 16 7 9 -10 10 -12 -13 13 -15 15 -17 -18 18 -20 -21 -22 -23 23 24 -26 -27 -28 28 29 -31
leaf_value=-0.0040234604015406648 0.016725997589243157 0.060487333497755723 0.0016694617973066093 -0.00558013794449457 -0.0064523488459375198 0.020239463511880332 -0.0003955744338048378 -0.022031717799428422 0.42971128789480129 0.081523402807038389 0.63923095467380453 -0.033164747453675418 -0.055651166098676159 0.23705051965041649 -0.023231592767761461 -0.22215517449031169 0.073134587868816686 0.3110160267709996 0.041055894283214371 -0.0024027946108600502 -0.048780194508899082 0.0023515547980142138 0.027414496667947805 -0.29503196362953521 4.1041907632565469 0.006577548476467905 -0.025826380509288319 0.048715802435602307 1.1557610559112335 -0.17418689858763206
leaf_weight=63285.530649961947 23981.994765072246 3907.9333047127338 142892.60377978376 24623.624645092343 56017.678999092699 84254.682101823622 19296.286666132713 15444.377398557008 50.63610115647316 228.35335134012374 25.36167530156672 14080.949493756816 10359.894648597518 77.831767354626209 15538.257450765055 188.00095804470948 2142.864501731121 85.704253431209978 1725.4059264310595 68621.601777562319 1356.6567083211803 990.86081627186854 21.523980187252171 6.3763109374704543 6.4807205643532209 34475.626896418573 14072.363360667907 2017.4095660270032 22.493819652125239 27.832070943084545
leaf_count=331520 236644 10288 993665 152739 418939 1042219 82220 90565 110 487 28 94789 80360 320 65639 1020 23512 158 3133 359872 2836 5122 69 105 112 464476 322121 43323 753 1537
internal_value=0.00024307 -0.000443387 0.000809205 0.00298276 0.00512557 0.00916066 -0.00585368 -0.0176688 0.000729754 -0.0307632 0.0488591 -0.0156115 -0.0347096 -0.0534686 -0.00831885 -0.0256096 0.0215514 0.00140471 0.0557747 7.19874e-05 0.0323297 0.0369152 0.161047 0.736074 1.92244 -0.00355099 -0.0083907 -0.00416656 0.0577585 0.420251
internal_weight=599827 575845 496833 374628 335924 229290 122205 46508 19346.9 27161.1 1278.96 38704.6 25882.1 10437.7 79011.8 15726.3 86397.5 75697.3 1811.11 73886.2 5264.59 1253.6 262.734 34.381 12.857 106633 72157.8 58085.4 2067.74 50.3259
internal_count=4828681 4592037 4193858 3558073 3310545 2059396 635785 259498 82330 177168 5923 247528 171245 80680 398179 66659 1065731 376287 3291 372996 13124 5895 773 286 217 1251149 786673 464552 45613 2290
cat_boundaries=0 1 2 3 4 5 6 7 8
cat_threshold=1 4 130 30 75 16 1 80
is_linear=0
shrinkage=0.08


Tree=145
num_leaves=31
num_cat=14
split_feature=38 41 47 38 31 18 47 12 47 18 12 39 23 39 12 12 39 42 7 11 7 31 43 4 23 37 45 11 18 41
split_gain=1236.22 3732.16 15211.7 63306.3 1.87208e+06 3.45515e+06 5.35119e+06 549765 217713 113038 351930 94389.1 49869.2 69232.9 29579.5 20132.6 4370.62 4279.19 6277.63 19843 2576.76 2466.87 3024.88 2541.83 2258.96 2053.98 2017.79 1544.18 1391.34 1304.02
threshold=0 1 2 3 1.0000000180025095e-35 45.549999237060554 4 1.0000000180025095e-35 5 229.47499847412112 252.52496337890628 6 1.0000000180025095e-35 7 40.09999084472657 180.00000762939456 8 9 81.274993896484389 5.5000000000000009 12.505001068115236 inf 10 1.0000000180025095e-35 1.0000000180025095e-35 11 12 3.5000000000000004 45.549999237060554 13
decision_type=1 9 1 1 8 2 1 2 1 2 2 9 2 9 2 2 9 9 2 2 2 8 9 8 2 1 9 2 2 9
left_child=1 2 20 4 5 6 14 8 11 15 -11 -6 13 -12 16 27 -4 -5 28 -20 21 -1 23 -23 -22 -26 -25 -7 -19 -2
right_child=29 -3 3 17 7 9 -8 -9 -10 10 12 -13 -14 -15 -16 -17 -18 18 19 -21 24 22 -24 26 25 -27 -28 -29 -30 -31
leaf_value=-0.11958474602298212 -0.044043572535038288 0.0069169562029558068 69.380315175494459 -0.33666018493597644 5.0849239503328336 -7.7144797298383017 432.82224779140705 0.22235589900951114 -68.13715274081072 88.858173269730869 -1.5640862388819574 -32.258326733024603 -5.2592049758526347 38.544854233926451 98.349597455771416 9.2876325126524684 55.265090908615903 0.23297241846076777 4.6621000639347852 -0.5063796713884261 0.048673364512975423 -0.13036843225853212 -0.022517145834640845 0.56277613599732479 0.17808966381459032 0.64472679626929985 0.16024558223368141 -2.0764521661169182 -0.44866106794933208 0.00049585513499857277
leaf_weight=850.91018329887902 4231.4751260432495 75375.174084634345 0.17929511141298549 91.850704833515053 0.62015443873302467 0.59399529247172134 0.34085566670123835 45.221231743000104 0.90212386283007306 0.46768245422241972 0.47542914561927319 1.4368665744216071 0.72063132623010528 0.6547364528819386 0.13791308549486447 1.3699607855641982 0.64706856529671342 217.81166201712608 8.1993001031847221 11.313974448164689 579.04648977673628 106.52469342295075 1180.7111996015446 127.15283009657077 280.84913873139982 79.434549289685663 260.78135764143258 0.65234295172737067 21.014143295881695 518147.96900247043
leaf_count=3037 21452 266679 196 1959 201 187 939 284 878 45 88 727 174 203 31 86 802 1700 144 340 970 311 2018 191 492 112 279 34 402 4522866
internal_value=0.00154677 0.0108568 0.0873756 0.551776 2.85206 44.6065 160.362 -1.96367 -35.3702 13.992 26.8541 -21 11.1861 21.6721 64.0517 2.59403 58.3277 0.10973 0.275072 1.66537 0.0334059 -0.00866041 0.0476841 0.211495 0.146532 0.303811 0.31082 -4.76349 0.172996 0.000134232
internal_weight=601625 79245.2 3870.02 404.61 54.4203 6.23991 1.30513 48.1804 2.95914 4.93478 2.31848 2.05702 1.8508 1.13017 0.964277 2.6163 0.826364 350.19 258.339 19.5133 3465.41 2526.08 1675.17 494.459 939.33 360.284 387.934 1.24634 238.826 522379
internal_count=4827827 283509 16830 9420 4875 2785 1968 2090 1806 817 510 928 465 291 1029 307 998 4545 2586 484 7410 5836 2799 781 1574 604 470 221 2102 4544318
cat_boundaries=0 1 2 3 4 5 6 7 8 9 10 11 12 13 14
cat_threshold=641 16 2 129 4 4 1 1 1 42 34 36 4 16
is_linear=0
shrinkage=0.08


Tree=146
num_leaves=31
num_cat=2
split_feature=2 7 41 43 17 11 12 11 6 4 19 7 17 13 19 7 4 25 7 12 13 6 11 7 22 4 7 17 6 20
split_gain=5933.4 25745.8 25192.9 74784.3 378955 4.86894e+06 6.17157e+06 3.53519e+07 83962.4 30051.9 266705 1.41612e+06 1.03916e+06 383495 19555.6 10046.9 9193.48 8212.19 11838.9 5071.16 3750.17 3521.71 26498.9 2598.51 2280.39 5084.76 3831.35 7667.04 3002.41 2181.75
threshold=inf 1.0000000180025095e-35 0 1 14.500000000000002 19.500000000000004 1436.249938964844 4.5000000000000009 3723.9250488281255 inf 84.049999237060561 217.78497314453128 3.5000000000000004 189.0249938964844 40.50000190734864 378.00001525878912 23.500000000000004 7.5000000000000009 276.02496337890631 68.774993896484389 29.050003051757816 220.00000762939456 3.5000000000000004 30.07499980926514 1.0000000180025095e-35 4.5000000000000009 830.02499389648449 4.5000000000000009 352.52490234375006 2.5000000000000004
decision_type=8 2 9 9 2 2 2 2 2 8 2 2 2 2 2 2 10 10 2 2 2 2 2 2 2 8 2 2 2 2
left_child=-1 -2 3 4 9 6 7 -6 -8 21 14 12 -12 -14 -11 -13 19 -4 -19 20 -5 -3 -23 -21 26 -26 29 -28 -27 -25
right_child=1 2 17 16 5 -7 8 -9 -10 10 11 15 13 -15 -16 -17 -18 18 -20 23 -22 22 -24 24 25 28 27 -29 -30 -31
leaf_value=-0.00097094706649435147 0.0028412551421252569 0.052182682162128929 0.10734188404456033 -0.14379165051214102 -1.075838018794578 -0.46768830470915168 -5.4504665864865771 1786.0147860476989 56.919711600761879 3.247003482244061 206.92104468174318 -2.0329569014592122 -17.395042945136254 97.516428951613818 -0.14636009671631509 5.5669966542471085 2.6988459247126677 -0.34058550253605546 4.7897839629069292 1.0667157162037715 -3.0054455595882383 7.2890391897631126 -0.093485174548611924 0.12220820996959321 -0.28365111496946099 -11.369185438961702 2.8805137421124329 -0.75991310501727738 -2.9961399987091442 0.80401954023575617
leaf_weight=586613.33946883888 10797.780204928795 65.169031826797266 1531.2362475250325 6.3691843221424129 0.28807268291711552 9.1984460781804103 0.31760121537210517 0.093947036288875574 0.24446465110781257 15.306561181849714 0.3811229201850469 3.4685573846037521 0.34436074982274339 0.40385519058452929 37.491169330144871 1.6394274101975366 9.4360762048697193 5.6972361163968523 5.8188330558125729 22.038237165508008 5.4291918385536082 3.8001512976674858 17.176063325396569 385.50338867865037 24.726737769759925 0.37519265935020873 9.453025537091893 6.0865603085539357 1.0170620909516066 32.575071531651474
leaf_count=4755696 45378 382 15656 47 39 461 228 367 71 170 152 181 129 112 178 148 296 206 276 322 346 116 453 3295 1314 271 65 543 353 303
internal_value=0.000213684 0.0536738 0.303041 0.713302 2.19813 17.2898 190.305 438.409 21.6768 1.2952 2.68558 18.33 99.3986 44.6293 0.837408 0.406277 0.220897 0.122554 2.25168 0.178 -1.46062 0.34238 1.24397 0.218128 0.17745 -0.548515 0.221178 1.45463 -5.25256 0.175332
internal_weight=599612 12998.9 2201.08 658.333 155.323 10.1425 0.944086 0.38202 0.562066 145.18 59.0351 6.23732 1.12934 0.748216 52.7977 5.10798 503.01 1542.75 11.5161 493.574 11.7984 86.1452 20.9762 481.775 459.737 26.119 433.618 15.5396 1.39225 418.078
internal_count=4827554 71858 26480 10342 3187 1166 705 406 299 2021 1070 722 393 241 348 329 7155 16138 482 6859 393 951 569 6466 6144 1938 4206 608 624 3598
cat_boundaries=0 1 2
cat_threshold=48 4
is_linear=0
shrinkage=0.08


Tree=147
num_leaves=31
num_cat=2
split_feature=2 13 3 3 7 19 12 19 18 19 3 18 40 13 3 19 11 3 18 13 12 3 45 23 6 13 6 18 5 3
split_gain=4229.21 22288.5 6713.43 11344.2 250750 402183 8676.06 177712 425621 429638 84543.7 31946.3 10810 28580.6 61887.8 9067.17 5471.19 24196.7 40988.8 158149 26412.9 5672.07 5302.14 14574.1 53411.3 76371.7 12587 9562.84 7310.09 38269.1
threshold=inf 57.504999160766609 675.39498901367199 596.07501220703136 74.52500152587892 354.02499389648443 325.27499389648443 142.76499938964847 638.02499389648449 89.924999237060561 137.129997253418 5725.7500000000009 0 163.51000976562503 150.37500000000003 180.01499938964847 2.5000000000000004 179.04499816894534 493.92500305175787 315.54980468750006 697.77499389648449 35.335000991821296 1 1.5000000000000002 129.75000762939456 574.85504150390636 50.000122070312507 388.81500244140631 9.5000000000000018 200.20500183105472
decision_type=8 2 8 10 2 2 2 2 2 2 10 2 1 2 10 2 2 10 2 2 2 10 9 2 2 2 2 2 2 8
left_child=-1 -2 3 6 5 -5 12 8 9 -8 -11 -10 13 -3 -15 -9 17 -17 -19 -20 -21 -18 23 27 26 -26 -25 -23 -29 -30
right_child=1 2 -4 4 -6 -7 7 15 11 10 -12 -13 -14 14 -16 16 21 18 19 20 -22 22 -24 24 25 -27 -28 28 29 -31
leaf_value=-0.00065370215029479314 -0.0019624056975252901 0.48400505781444736 0.0092166041569637768 150.89318859983959 -0.6908756104104492 -1.6984728377267444 112.93644430539163 2.1994903177774145 -0.64193393079813832 -2.1512709734229145 42.98505380225339 10.580818400139385 0.076347525010545786 -0.30877246570283523 13.22598970656867 -0.24355398256949806 2.0476211662433532 -0.29947238303456863 -0.61678241909965259 47.721731604110282 23.514257495028964 2.9764733755242636 0.1084569258053929 -0.13514528189154687 -0.63754345870998896 17.659385669017663 3.6045124034332146 0.17548664516046544 8.0686147301187283 0.27718613802393921
leaf_weight=587952.0074165581 10418.275425694465 31.220920987774932 454.75872617038931 0.18725530820374814 5.9061387608571287 0.26985333301126957 0.47915543263163729 17.646225614225727 4.3186835183595544 0.50191019011959626 0.56406726518655048 2.6009593091355523 765.28572661271164 4.909436531281016 3.8637514955716048 14.677211329183995 12.175471523171266 3.7786961520196027 2.2308832810085062 0.5886894858813323 0.5656415053569166 8.7745265843926727 436.40802762835136 24.544369501109735 2.75796925255236 3.1023035098005809 7.5265783908419044 292.30316288436381 4.7581615464499851 26.52926840002884
leaf_count=4755530 43153 310 2183 115 1705 253 116 322 184 74 195 89 8176 55 184 279 184 116 126 79 133 182 8472 514 180 251 79 3541 250 990
internal_value=0.00032723 0.0462772 0.281869 0.355741 3.72715 60.811 0.342911 0.518551 12.0533 50.0157 21.7328 3.57648 0.153845 1.29409 5.652 0.404801 0.367132 1.61675 5.42809 11.8214 35.8597 0.333802 0.307935 0.525897 2.02575 9.04846 0.742497 0.37055 0.299887 1.4621
internal_weight=600504 12551.5 2133.23 1678.48 6.36325 0.457109 1672.11 866.832 8.46478 1.54513 1.06598 6.91964 805.28 39.9941 8.77319 858.367 840.721 21.8411 7.16391 3.38521 1.15433 818.88 806.704 370.296 37.9312 5.86027 32.0709 332.365 323.591 31.2874
internal_count=4828020 72490 29337 27154 2073 368 25081 16356 658 385 269 273 8725 549 239 15698 15376 733 454 338 212 14643 14459 5987 1024 431 593 4963 4781 1240
cat_boundaries=0 1 2
cat_threshold=8 4
is_linear=0
shrinkage=0.08


Tree=148
num_leaves=31
num_cat=4
split_feature=2 19 32 4 3 19 32 12 32 3 3 12 31 43 38 17 12 17 16 3 40 3 12 19 32 32 19 38 3 32
split_gain=3914.63 12651.9 8888.09 9030.13 7091.8 27971 209156 735345 3.30996e+06 8.61988e+06 42520.5 43849.3 15340.7 9246.39 23476.5 63185.3 344757 999982 2.23745e+06 107133 7579.52 25666.3 3984.92 6596.3 17779.2 26911.9 3840.92 3784.11 13292.3 36280.9
threshold=inf 479.99499511718756 88.08499908447267 50.500000000000007 103.92499923706056 597.58499145507824 3.7250000238418584 1167.5500488281252 8.8150000572204608 203.9049987792969 161.87500000000003 1207.3750610351565 1.0000000180025095e-35 0 1 17.500000000000004 317.00003051757818 11.500000000000002 1.0000000180025095e-35 346.39500427246099 2 150.37500000000003 1436.249938964844 1882.0750122070315 -73.520000457763658 5.9649999141693124 37.520000457763679 3 44.444999694824226 -0.71500000357627858
decision_type=8 2 10 8 10 2 8 2 10 10 10 2 8 9 1 2 2 2 2 8 1 8 2 2 8 10 2 1 8 10
left_child=-1 2 26 -4 -3 6 10 8 9 -8 11 -6 13 14 15 16 -7 19 -19 -18 21 -15 -16 24 -24 -26 -2 28 29 -28
right_child=1 4 3 -5 5 12 7 -9 -10 -11 -12 -13 -14 20 22 -17 17 18 -20 -21 -22 -23 23 -25 25 -27 27 -29 -30 -31
leaf_value=7.554879079967832e-05 -0.0059355262679954982 0.084353783155573944 0.57398772587639468 3.3178896058095719 14.387478532191656 -0.28217863746707189 -29.450352115102415 -2.2712114890273125 -7.2177032832378512 1512.8851976974599 -0.43660886610009469 -0.11014817311051248 3.3262682499704299 6.4712000939720689 -0.71990042738165916 -0.38485775216007767 39.656167581422864 417.16426395996086 -1.655535372471804 -0.68054417313516335 0.15061613059686479 -0.33174343313705812 -1.1354648215298735 -2.667246877718938 -103.57522514050567 -6.0930293576244479 -0.25608879745450663 0.2469556744537556 -0.035364921399054054 6.1145616743571667
leaf_weight=588615.72190539609 9598.7605432232813 535.45395783727236 61.749657078953817 8.7656865591031288 2.8523968858101107 5.2918532199964838 0.065007566246149229 1.0861290595655435 0.30630511719154474 0.036052976357657585 19.634563662858074 2.5102603954198206 11.012253081497759 6.4503815754144034 15.932324641098283 5.870288140262196 0.66346810409421175 0.13458895119601316 0.207489043939387 1.1550355638846668 536.86549632514641 7.8919234014169808 0.13163049482314043 0.82695193814164403 0.033186057999990581 0.039936430160927072 17.815057364311713 819.01836891839457 948.86573546057366 8.4278101230989915
leaf_count=4755712 37645 2184 823 494 199 166 79 170 201 214 923 25 552 395 1111 903 173 222 97 223 9483 239 23 457 252 112 179 6336 8651 258
internal_value=0.00102068 0.0451104 0.0196886 0.915079 0.297542 0.481957 3.02527 32.1072 123.768 520.772 1.28773 7.60114 0.368247 0.312229 1.49103 3.32612 10.7124 37.6411 163.127 14.036 0.21648 1.60723 -0.649214 -5.85025 -18.7057 -50.3345 0.0141466 0.121588 0.0136163 1.78982
internal_weight=601234 12617.9 11463.4 70.5153 1154.45 618.998 26.4907 1.49349 0.407366 0.101061 24.9972 5.36266 592.507 581.495 30.2868 13.3227 7.45243 2.16058 0.342078 1.8185 551.208 14.3423 16.964 1.0317 0.204753 0.0731225 11392.9 1794.13 975.109 26.2429
internal_count=4828501 72789 54386 1317 18403 16219 1811 664 494 293 1147 224 14408 13856 3739 1784 881 715 319 396 10117 634 1955 844 387 364 53069 15424 9088 437
cat_boundaries=0 1 2 3 4
cat_threshold=4 228 4 674
is_linear=0
shrinkage=0.08


Tree=149
num_leaves=31
num_cat=2
split_feature=2 13 34 4 18 5 12 7 7 44 6 5 11 6 6 13 12 14 18 20 18 12 13 18 11 12 4 6 13 7
split_gain=3904.43 23660.2 22229.8 57143.1 426756 399724 17140 10506.6 83982.9 148365 213576 25952.4 155643 258551 20263.1 13673.4 6679.81 28664.8 90053.2 254895 16722.8 5140.61 6070.9 43483.1 62865.8 288418 662307 18407.8 4914.4 3789.15
threshold=inf 57.504999160766609 0 22.500000000000004 400.02499389648443 1.5000000000000002 1506.2000122070315 830.02499389648449 895.82501220703136 1 1386.0999755859377 12.500000000000002 22.500000000000004 11601.450195312502 488.02502441406256 3324.3950195312505 466.02499389648443 2.5000000000000004 3812.7500000000005 1.5000000000000002 697.42501831054699 259.82499694824224 182.19997406005862 412.80000305175787 2.5000000000000004 291.00001525878912 1.0000000180025095e-35 308.52490234375006 1086.0450439453127 1.0000000180025095e-35
decision_type=8 2 1 8 2 2 2 2 2 9 2 2 2 2 2 2 2 2 2 2 2 2 2 2 2 2 8 2 2 2
left_child=-1 -2 3 16 5 -5 -6 21 9 10 14 28 13 -13 -9 -14 -3 18 20 -20 -18 -4 23 24 27 -26 -27 -23 -10 -25
right_child=1 2 7 4 6 -7 -8 8 11 -11 -12 12 15 -15 -16 -17 17 -19 19 -21 -22 22 -24 29 25 26 -28 -29 -30 -31
leaf_value=0.00023266374600745932 -0.0046371767291991904 0.13455840491244403 -0.03901430572334437 16.085137548369566 -0.47323382430010691 82.851109825065507 4.5714094109916896 -0.9920611922833048 1.4567740760316361 -0.074864052224754216 50.535333121013835 71.29232328268516 -0.2766781781222003 -0.33904357361163917 15.482242767730689 7.2578713093625487 9.1030824543536166 0.027414603801270986 -0.44245184208400851 58.177370200839007 -0.16368257717131091 -0.54441111943968234 0.18666378172685424 -0.011719299815268978 -1.7873648323053133 158.68404229651532 -17.33766152464656 6.9386390916745597 0.075148002634312858 0.95757681513811588
leaf_weight=590288.28623631957 10469.970335209964 77.266867107106037 601.58744873745013 2.2999421210303566 16.089815604037661 0.76470386903351606 5.8879143708534434 1.0438167830884075 18.20735636935882 4.6070604479484683 1.1160870322658381 0.55841403486255126 9.6181081216785156 0.76332507265033245 0.88122768010914465 1.8357034937349084 1.49392895345135 27.192332608780873 1.3774392145499099 0.72440432337564287 7.5197791262070695 4.6075565309601769 1089.8934783215163 73.93591927138246 1.2579019039313171 0.26484728936317692 0.2829788613455344 3.8718741297116432 173.3402395028051 39.654914367219405
leaf_count=4756056 42988 591 6704 188 378 222 108 88 271 33 98 337 436 55 131 269 88 273 199 351 526 221 13328 441 116 130 163 83 2188 1175
internal_value=0.00117464 0.0451724 0.285725 1.22628 4.77803 32.7449 0.878245 0.213386 0.747407 8.97791 22.6921 0.439325 3.93048 29.9241 6.54938 0.930885 0.562799 1.42656 4.84933 19.761 1.37219 0.152206 0.246982 0.777679 5.75875 19.3122 67.7603 2.8725 0.206477 0.326665
internal_weight=602926 12637.9 2167.95 140.617 25.0424 3.06465 21.9777 2027.33 211.971 7.64819 3.04113 204.323 12.7756 1.32174 1.92504 11.4538 115.575 38.3079 11.1156 2.10184 9.01371 1815.36 1213.77 123.876 10.2852 1.80573 0.547826 8.47943 191.548 113.591
internal_count=4828235 72179 29191 2924 896 410 486 26267 3906 350 317 3556 1097 392 219 705 2028 1437 1164 550 614 22361 15657 2329 713 409 293 304 2459 1616
cat_boundaries=0 1 2
cat_threshold=32 2
is_linear=0
shrinkage=0.08


end of trees

feature_importances:
MONTHLY_PREMIUM=565
PREMIUM_CHANGE_3M=494
TENURE_BAND=222
TOTAL_OUT_OF_POCKET_ROLL12M=185
TOTAL_OUT_OF_POCKET_ROLL3M=180
CHANNEL_ACQUISITION=179
TOTAL_BENEFIT_PAID_ROLL3M=177
LHC_LOADING_RATE=168
TOTAL_BENEFIT_PAID_ROLL12M=167
HOSPITAL_TIER=151
MARKETING_OPTIN=150
TOTAL_BENEFIT_PAID_ROLL6M=137
TOTAL_OUT_OF_POCKET_ROLL6M=131
INCOME_TIER=129
STATE_CODE=126
POLICY_OWNER_AGE_BAND=112
TOTAL_CLAIM_COUNT_ROLL12M=105
PAYMENT_METHOD_DESC=102
ARREARS_FLAG_LAG2M=90
TOTAL_CLAIM_COUNT_ROLL6M=84
MONTHS_SINCE_LAST_CLAIM=82
PAYMENT_FREQUENCY_DESC=82
HOSPITAL_EXCESS_AMT=70
TOTAL_CLAIM_COUNT_ROLL3M=68
SCALE=64
ACTIVE_CHILD_COUNT=58
ARREARS_FLAG=57
PRODUCT_HOLDINGS=56
EXTRAS_TIER=55
ACTIVE_ADULT_COUNT=49
YOUNGEST_DEPENDANT_AGE_BAND=36
NO_BENEFIT_PAID_FLAG_ROLL12M=25
NO_BENEFIT_PAID_FLAG_ROLL6M=16
NEGATIVE_SENTIMENT_CALLS_LAST_6M=16
HOSPITAL_CLAIM_COUNT_ROLL12M=15
LAST_SERVICE_RATING=15
CALL_NEGATIVE_SENTIMENT=13
MONTHS_SINCE_LAST_SURVEY=12
HOSPITAL_CLAIM_COUNT_ROLL6M=10
LAST_NPS_RATING=10
HOSPITAL_CLAIM_COUNT_ROLL3M=9
NO_BENEFIT_PAID_FLAG_ROLL3M=9
LAST_OVERALL_EXPERIENCE_RATING=8
REVERSAL_FLAG_ROLL6M=4
REVERSAL_FLAG_ROLL12M=4
REVERSAL_FLAG_ROLL3M=1
HAS_EVER_SURVEYED=1
RESOLUTION_TIME=1

parameters:
[boosting: gbdt]
[objective: binary]
[metric: auc,average_precision]
[tree_learner: serial]
[device_type: cpu]
[data_sample_strategy: bagging]
[data: ]
[valid: ]
[num_iterations: 150]
[learning_rate: 0.08]
[num_leaves: 31]
[num_threads: 4]
[seed: 42]
[deterministic: 1]
[force_col_wise: 1]
[force_row_wise: 0]
[histogram_pool_size: -1]
[max_depth: -1]
[min_data_in_leaf: 100]
[min_sum_hessian_in_leaf: 0.001]
[bagging_fraction: 0.6]
[pos_bagging_fraction: 1]
[neg_bagging_fraction: 1]
[bagging_freq: 1]
[bagging_seed: 400]
[bagging_by_query: 0]
[feature_fraction: 0.7]
[feature_fraction_bynode: 1]
[feature_fraction_seed: 30056]
[extra_trees: 0]
[extra_seed: 12879]
[early_stopping_round: 0]
[early_stopping_min_delta: 0]
[first_metric_only: 0]
[max_delta_step: 0]
[lambda_l1: 0]
[lambda_l2: 0]
[linear_lambda: 0]
[min_gain_to_split: 0]
[drop_rate: 0.1]
[max_drop: 50]
[skip_drop: 0.5]
[xgboost_dart_mode: 0]
[uniform_drop: 0]
[drop_seed: 17869]
[top_rate: 0.2]
[other_rate: 0.1]
[min_data_per_group: 100]
[max_cat_threshold: 32]
[cat_l2: 10]
[cat_smooth: 10]
[max_cat_to_onehot: 4]
[top_k: 20]
[monotone_constraints: ]
[monotone_constraints_method: basic]
[monotone_penalty: 0]
[feature_contri: ]
[forcedsplits_filename: ]
[refit_decay_rate: 0.9]
[cegb_tradeoff: 1]
[cegb_penalty_split: 0]
[cegb_penalty_feature_lazy: ]
[cegb_penalty_feature_coupled: ]
[path_smooth: 0]
[interaction_constraints: ]
[verbosity: -1]
[saved_feature_importance_type: 0]
[use_quantized_grad: 0]
[num_grad_quant_bins: 4]
[quant_train_renew_leaf: 0]
[stochastic_rounding: 1]
[linear_tree: 0]
[max_bin: 127]
[max_bin_by_feature: ]
[min_data_in_bin: 3]
[bin_construct_sample_cnt: 200000]
[data_random_seed: 175]
[is_enable_sparse: 1]
[enable_bundle: 1]
[use_missing: 1]
[zero_as_missing: 0]
[feature_pre_filter: 1]
[pre_partition: 0]
[two_round: 0]
[header: 0]
[label_column: ]
[weight_column: ]
[group_column: ]
[ignore_column: ]
[categorical_feature: 34,35,36,37,38,39,40,41,42,43,44,45,46,47,48,49]
[forcedbins_filename: ]
[precise_float_parser: 0]
[parser_config_file: ]
[objective_seed: 16083]
[num_class: 1]
[is_unbalance: 0]
[scale_pos_weight: 178.691]
[sigmoid: 1]
[boost_from_average: 1]
[reg_sqrt: 0]
[alpha: 0.9]
[fair_c: 1]
[poisson_max_delta_step: 0.7]
[tweedie_variance_power: 1.5]
[lambdarank_truncation_level: 30]
[lambdarank_norm: 1]
[label_gain: ]
[lambdarank_position_bias_regularization: 0]
[eval_at: ]
[multi_error_top_k: 1]
[auc_mu_weights: ]
[num_machines: 1]
[local_listen_port: 12400]
[time_out: 120]
[machine_list_filename: ]
[machines: ]
[gpu_platform_id: -1]
[gpu_device_id: -1]
[gpu_device_id_list: ]
[gpu_use_dp: 0]
[num_gpu: 1]

end of parameters

pandas_categorical:null
