tree
version=v4
num_class=1
num_tree_per_iteration=1
label_index=0
max_feature_idx=49
objective=binary sigmoid:1
feature_names=ACTIVE_ADULT_COUNT ACTIVE_CHILD_COUNT INCOME_TIER MONTHLY_PREMIUM LHC_LOADING_RATE TOTAL_CLAIM_COUNT_ROLL3M TOTAL_BENEFIT_PAID_ROLL3M TOTAL_OUT_OF_POCKET_ROLL3M HOSPITAL_CLAIM_COUNT_ROLL3M REVERSAL_FLAG_ROLL3M NO_BENEFIT_PAID_FLAG_ROLL3M TOTAL_CLAIM_COUNT_ROLL6M TOTAL_BENEFIT_PAID_ROLL6M TOTAL_OUT_OF_POCKET_ROLL6M HOSPITAL_CLAIM_COUNT_ROLL6M REVERSAL_FLAG_ROLL6M NO_BENEFIT_PAID_FLAG_ROLL6M TOTAL_CLAIM_COUNT_ROLL12M TOTAL_BENEFIT_PAID_ROLL12M TOTAL_OUT_OF_POCKET_ROLL12M HOSPITAL_CLAIM_COUNT_ROLL12M REVERSAL_FLAG_ROLL12M NO_BENEFIT_PAID_FLAG_ROLL12M MONTHS_SINCE_LAST_CLAIM MONTHS_SINCE_LAST_SURVEY LAST_OVERALL_EXPERIENCE_RATING LAST_NPS_RATING LAST_SERVICE_RATING RECENT_LOW_RATING_FLAG HAS_EVER_SURVEYED HAD_COMPLAINT_FLAG ARREARS_FLAG_LAG2M PREMIUM_CHANGE_3M NEGATIVE_SENTIMENT_CALLS_LAST_6M POLICY_OWNER_AGE_BAND SCALE STATE_CODE CHANNEL_ACQUISITION TENURE_BAND YOUNGEST_DEPENDANT_AGE_BAND PRODUCT_HOLDINGS HOSPITAL_TIER EXTRAS_TIER HOSPITAL_EXCESS_AMT PAYMENT_METHOD_DESC PAYMENT_FREQUENCY_DESC ARREARS_FLAG MARKETING_OPTIN CALL_NEGATIVE_SENTIMENT RESOLUTION_TIME
feature_infos=[0:4] [0:12] [0:3] [0.31999999284744263:1366.6600341796875] [0:78] [0:288] [-595.45001220703125:359601.90625] [-675:50455.08984375] [0:48] [0:3] [0:3] [0:363] [-3.0517578125e-05:365098.46875] [-675:68742.1015625] [0:81] [0:6] [0:6] [0:531] [-33.25:468220.375] [-675:68742.1015625] [0:107] [0:8] [0:10] [-1:11] [-1:12] [0:10] [0:10] [0:10] [0:1] [0:1] [0:1] [0:1] [-636.3699951171875:930.77001953125] [0:6] -1:2:1:4:3:6:5:0 -1:5:3:0:4 -1:7:6:1:3:4:0:5 -1:0:5:2:4:3:1:6 -1:5:8:2:6:3:1:4:9:0:7 -1:0:1 -1:1:2:3:0 -1:1:5:2:0:4 -1:3:5:4:1:0 -1:3:0:2:5:1 -1:1:0 -1:0:2:5:3:1 -1:0:1 -1:2:0:1 -1:0 -1:3:1:0
tree_sizes=3304 3236 3278 3267 3261 3302 3282 3295 3353 3339 3325 3311 3381 3331 3386 3378 3423 3334 3397 3275 3368 3307 3339 3357 3362 3270 3367 3388 3288 3323 3354 3389 3368 3319 3339 3348 3396 3332 3303 3344 3351 3335 3335 3423 3342 3375 3434 3364 3391 3344 3401 3354 3330 3382 3370 3366 3397 3384 3355 3340 3427 3329 3331 3393 3426 3406 3434 3370 3426 3343 3355 3424 3383 3349 3353 3356 3383 3378 3409 3335 3373 3381 3320 3381 3366 3383 3390 3422 3453 3430 3351 3339 3409 3326 3410 3351 3323 3405 3372 3348 3394 3342 3387 3365 3362 3382 3312 3403 3359 3345 3376 3364 3364 3335 3325 3331 3399 3400 3282 3311 3410 3451 3487 3410 3354 3360 3379 3332 3372 3288 3408 3432 3391 3347 3385 3351 3348 3327 3370 3352 3404 3315 3380 3342 3378 3317 3429 3430 3423 3342

Tree=0
num_leaves=31
num_cat=17
split_feature=3 2 36 36 40 37 18 35 6 3 44 37 37 44 32 41 37 3 0 31 37 41 33 33 45 0 41 44 0 41
split_gain=2.01151e+06 1.59218e+06 1.12262e+06 679001 549164 296462 200931 137228 111921 116520 96516.4 91469.4 70243.7 69791.4 60357.4 46679.4 45758.2 41760.7 37343.6 37173.4 36994.6 34797.8 34269.2 32393.8 30456 29994.3 29589.1 29120.9 27344.4 25788.6
threshold=501.13999938964849 inf 0 1 2 3 1.0000000180025095e-35 4 8855.1201171875018 251.86499786376956 5 6 7 8 -5.4849998950958243 9 10 251.86499786376956 1.5000000000000002 1.0000000180025095e-35 11 12 1.0000000180025095e-35 1.0000000180025095e-35 13 1.5000000000000002 14 15 1.5000000000000002 16
decision_type=10 8 9 9 1 1 2 1 2 10 9 1 1 9 10 9 1 8 2 10 1 9 2 2 9 2 9 9 2 9
left_child=1 2 4 7 15 13 10 24 9 11 -7 -8 23 -6 -3 -1 -9 19 -18 -13 -5 -12 26 29 -2 -17 -11 -28 -15 -4
right_child=3 14 12 20 5 6 8 16 -10 22 21 17 -14 28 -16 25 18 -19 -20 -21 -22 -23 -24 -25 -26 -27 27 -29 -30 -31
leaf_value=-1.2751853427983049 -2.9804985339129821 -1.0686512663627274 -1.2524294614368867 -2.5412303615033598 -1.3957803967497715 -1.7808102474763754 -2.8385308104881006 -2.2302885504168817 -1.8979271004546658 -2.2115861749286223 -2.3586063801280179 -2.3479445648802706 -1.9953986936598782 -2.0459212422652269 -1.489238074032557 -1.808872351481736 -2.2820480791465547 -1.2114795138840799 -2.8064252562407681 -1.5749882218921358 -1.9097587237374671 -2.1807256988778638 -3.2692248078501862 -2.8266747045375311 -3.2012634602957313 -2.0419392994652052 -2.6077506825120871 -2.2908739522675923 -2.2439998322414221 -1.740175159803437
leaf_weight=994.90519469976425 11486.540497221053 8297.7796695232391 949.15099367499352 787.75132185965776 946.38049856573343 2884.3585644811392 2533.8450028970838 1197.0293445885181 2190.4726745635271 1483.0644460022449 14924.30103392154 28917.17973985523 9225.8735688999295 17466.393729165196 2963.682968750596 11666.123616136611 956.69802684336901 212.39441303908825 9501.2142193317413 403.76048572361469 5314.9098968282342 16565.796664893627 456.95732655376196 171.56088484078646 6237.8387748003006 5069.6220816746354 30633.361857123673 1975.8301391229033 5990.0905385315418 30865.120259821415
leaf_count=5076 298218 23770 4567 16170 6452 33084 61381 20090 28225 24587 275258 529856 129575 256296 23552 137768 16768 975 226731 3627 69064 269918 13460 4136 178593 74146 657473 34841 102234 338671
internal_value=-2.2026 -2.1031 -2.15887 -2.75725 -2.26375 -2.32203 -2.38179 -2.91732 -2.46059 -2.4791 -2.22374 -2.36927 -1.78973 -2.06988 -1.17934 -1.84524 -2.7038 -2.32957 -2.75907 -2.3373 -1.98973 -2.26431 -2.58103 -1.73086 -3.05804 -1.88038 -2.5718 -2.5888 -2.0965 -1.72443
internal_weight=233270 197788 186527 35482 145315 127584 103181 29379.3 68806.9 66616.4 34374.5 32067.2 41211.7 24402.9 11261.5 17730.7 11654.9 29533.3 10457.9 29320.9 6102.66 31490.1 34549.2 31985.8 17724.4 16735.7 34092.3 32609.2 23456.5 31814.3
internal_count=3864562 3038928 2991606 825634 2514657 2297667 1932685 740400 1354425 1326200 578260 595839 476949 364982 47322 216990 263589 534458 243499 533483 85234 545176 730361 347374 476811 211914 716901 692314 358530 343238
cat_boundaries=0 1 2 3 4 5 6 7 8 9 10 11 12 13 14 15 16 17
cat_threshold=128 128 9 4 1 1 16 36 1 16 4 16 34 5 17 2 16
is_linear=0
shrinkage=1


Tree=1
num_leaves=31
num_cat=21
split_feature=47 2 36 3 40 37 18 6 3 35 46 47 35 37 3 37 35 3 31 45 38 45 38 43 38 35 35 37 3 46
split_gain=1.04925e+07 893108 632040 453469 304725 140586 99330.9 80471.4 82914.4 80057.6 79021.5 64083.5 115541 44772.9 43149.1 28374.4 27967.9 27553.6 22514.4 19671.5 18300.9 15219.9 14048.5 13994.3 13320.4 12570.4 12114.7 8223.88 7994.41 7806.25
threshold=0 inf 1 501.13999938964849 2 3 1.0000000180025095e-35 8855.1201171875018 251.86499786376956 4 5 6 7 8 18.185000419616703 9 10 501.13999938964849 1.0000000180025095e-35 11 12 13 14 15 16 17 18 19 501.13999938964849 20
decision_type=1 8 9 10 1 1 2 2 10 1 1 1 1 1 10 1 1 10 10 9 1 9 1 9 1 1 1 1 10 1
left_child=1 2 3 4 5 19 21 8 14 -5 11 20 24 28 -8 -11 -17 -3 -16 -1 -2 29 -14 -6 -13 -21 -25 -24 -4 -7
right_child=10 17 13 9 23 6 7 -9 -10 15 -12 12 22 -15 18 16 -18 -19 -20 25 -22 -23 27 26 -26 -27 -28 -29 -30 -31
leaf_value=0.48047171776260178 -0.047457139890513284 0.32538360683275813 0.4933390564558387 1.5595986737347178 0.44204704418146257 0.68409180492165744 0.31926643080489553 0.58128711812939393 1.0281048039250202 0.77183822757310028 0.28266083172470863 0.26421371543688549 0.087442358395886904 0.62478939844344383 0.86342720835261855 1.2996496751422617 0.81022683931061312 0.87298256993262091 0.45301854003464748 0.77302444517073055 0.0030145870862993448 0.77094833722845812 0.048209133726635732 0.65193990131270685 0.51917908850101879 0.64750378862248581 0.53276660046836255 -0.013046129754361882 0.58200349314902677 0.46215258015593319
leaf_weight=4070.5935574769974 158858.78923242539 58078.820880368352 89437.44342854619 3970.470807235688 8537.5571772307158 13209.193124443293 1000.5408465266228 4909.3433476611972 25271.575713515282 1554.4201564639807 6012.0799968875945 2492.4506658613682 17602.167521517724 23148.894554033875 32183.437778815627 3717.4926939755678 1116.7254719473422 594.09065382927656 878.83441866934299 7021.9106719940901 64712.087387442589 32569.651638872921 20722.865641970187 7663.7232064902782 2976.3315515555441 29512.202847845852 25545.917742356658 43361.841628313065 7019.0722255706787 1098.6307267844677
leaf_count=3161 2102057 17529 59577 11310 4677 13557 830 3369 38796 1481 36253 17353 120417 19843 41193 6833 1184 413 512 7317 582900 40233 209683 6545 9374 26962 18152 451404 5313 1741
internal_value=0.335864 0.618088 0.67018 0.755898 0.728325 0.781059 0.827872 0.892557 0.918312 1.27161 -0.00460827 -0.0101665 0.0480216 0.523992 0.836855 1.08848 1.1885 0.330928 0.852518 0.652773 -0.0328502 0.739401 0.0241592 0.536352 0.40367 0.671834 0.560456 0.00676622 0.499739 0.666584
internal_weight=698849 382111 323438 203832 193473 151726 111121 64243.7 59334.4 10359.1 316739 310727 87155.7 119605 34062.8 6388.64 4834.22 58672.9 33062.3 40604.7 223571 46877.5 81686.9 41747.2 5468.78 36534.1 33209.6 64084.7 96456.5 14307.8
internal_count=3859969 330528 312586 227853 207045 177671 140231 84700 81331 20808 3529441 3493188 808231 84733 42535 9498 8017 17942 41705 37440 2684957 55531 781504 29374 26727 34279 24697 661087 64890 15298
cat_boundaries=0 1 2 3 4 5 6 7 8 9 10 11 12 13 14 15 16 17 18 19 20 21
cat_threshold=2 128 6 6 1 1 4 24 36 4 8 8 300 42 643 38 417 9 9 106 1
is_linear=0
shrinkage=0.08


Tree=2
num_leaves=31
num_cat=17
split_feature=38 34 44 3 38 34 38 3 41 7 2 38 34 8 13 2 31 33 34 11 31 34 4 43 1 43 44 36 34 37
split_gain=141019 59197.5 25855.6 25297.5 16434.2 14035.1 12642.7 6679.35 6118.69 5697.65 4244.98 5886.7 3548.62 3319.93 3270.84 3081.51 2633.66 2578.29 2077.67 2052.77 2017.18 1985.74 1964.73 1960.95 1890.59 1825.3 1761.79 1758.52 1754.53 1670.76
threshold=0 1 2 561.68499755859386 3 4 5 583.55001831054699 6 9.0749998092651385 inf 7 8 1.0000000180025095e-35 24.024999618530277 inf 1.0000000180025095e-35 1.0000000180025095e-35 9 39.500000000000007 1.0000000180025095e-35 10 5.5000000000000009 11 1.0000000180025095e-35 12 13 14 15 16
decision_type=1 1 9 10 1 1 1 10 9 2 8 1 1 2 2 8 10 2 1 2 10 1 10 9 2 9 9 9 1 1
left_child=1 3 29 5 16 -1 22 15 20 18 11 -10 -5 -11 26 19 17 21 -7 25 24 -2 -4 -9 28 -8 -14 -13 -6 -3
right_child=4 2 6 12 8 9 7 23 10 13 -12 27 14 -15 -16 -17 -18 -19 -20 -21 -22 -23 -24 -25 -26 -27 -28 -29 -30 -31
leaf_value=0.19742099374376057 0.31439958407528074 0.27106656623639963 0.1620542718461821 0.17388020166085327 0.25922848176989383 0.26726015446351992 0.086491517920274638 0.12321614748158484 0.26274757886805394 0.20213804518512582 0.23386280077202293 0.30130679449151321 0.14467628901539401 0.25830201966189015 0.060654899369160874 0.21413942656767659 0.31330328888076331 0.07991036995201635 0.2274332893090239 0.2463461550776283 0.30826900213359471 0.23148704414121787 0.2190440522504998 0.053647744720241322 0.2659261205295706 0.12820849000733334 0.37465138156825123 0.276032865212957 0.24130851316042357 0.2162147595569448
leaf_weight=54834.23842311278 2020.6989227384329 4873.5514711737633 49903.441572520882 5100.5059814117849 62519.717978835106 57789.359780661762 8109.7951573245227 3315.2880387045443 98235.325306858867 21444.366691622883 16293.766328074038 54407.859251972288 2529.5696207769215 9820.5883165597916 6721.6137767136097 2534.1832249574363 2581.3463274352252 711.49356383085251 10990.411167483777 862.05334429070354 4196.9401953294873 164686.10405897349 4197.2092765159905 12179.33911543712 49801.45393127948 45190.569669704884 232.81481767818332 32335.778303969651 102245.3342756629 19296.419667568058
leaf_count=315111 3254 18937 346165 45316 111909 187872 78102 40303 297584 139406 13349 145755 34611 31698 119243 2597 5511 8408 47804 3961 4814 702423 24194 195598 119588 402577 2623 54470 281333 75717
internal_value=0.231019 0.18822 0.15166 0.22067 0.254218 0.230168 0.137163 0.115179 0.262759 0.248071 0.272995 0.276457 0.119957 0.21978 0.0906775 0.127916 0.233099 0.231876 0.260968 0.123882 0.25333 0.232525 0.166445 0.068647 0.252267 0.121901 0.164059 0.291918 0.248139 0.227476
internal_weight=909961 319925 150462 169463 590036 154879 126292 72191.2 420036 100045 201273 184979 14584.5 31265 9484 56696.6 170000 167418 68779.8 54162.4 218763 166707 54100.7 15494.6 214567 53300.4 2762.38 86743.6 164765 24170
internal_count=3860233 2111835 1188151 923684 1748398 721891 1093497 723138 1028802 406780 511158 497809 201793 171104 156477 487237 719596 714085 235676 484640 517644 705677 370359 235901 512830 480679 37234 200225 393242 94654
cat_boundaries=0 1 2 3 4 5 6 7 8 9 10 11 12 13 14 15 16 17
cat_threshold=44 71 1 256 4 12 19 80 6 65 1 12 32 2 128 116 96
is_linear=0
shrinkage=0.08


Tree=3
num_leaves=31
num_cat=19
split_feature=47 2 47 1 46 44 37 44 40 44 3 32 34 37 46 1 37 3 3 0 44 44 37 37 3 44 3 37 4 37
split_gain=3.72394e+06 74722.3 49861.8 55574.5 25576.8 17216.4 16761.7 12778.6 10769.7 7933.58 7307.21 7103.61 6994.21 6969.65 6588.93 5910.85 5293.5 5058.11 5011.95 4576.32 4485.04 4808.92 4319.16 4151.3 3580.71 3522.53 3357.15 2997.39 3489.11 2833.46
threshold=0 inf 1 1.0000000180025095e-35 2 3 4 5 6 7 35.694999694824226 -5.4849998950958243 8 9 10 1.5000000000000002 11 inf inf 1.5000000000000002 12 13 14 15 501.13999938964849 16 18.185000419616703 17 9.5000000000000018 18
decision_type=1 8 1 2 1 9 1 9 1 9 8 10 1 1 1 2 1 8 8 2 9 9 1 1 10 9 10 1 8 1
left_child=1 6 4 5 7 22 25 10 9 26 -2 24 -12 -5 16 -15 -7 19 29 27 -6 -22 -4 -11 -3 -1 -8 -18 -29 -9
right_child=2 11 3 13 20 14 8 18 -10 23 12 -13 -14 15 -16 -17 17 -19 -20 -21 21 -23 -24 -25 -26 -27 -28 28 -30 -31
leaf_value=0.23400068280121866 -0.037910789408693586 0.20554272115947522 -0.015740305218323689 -0.073517179441853528 0.21498326501906417 -0.078667168424951431 0.12252779867142137 -0.073098196522087822 0.28491784189485037 0.31279987800142961 0.14572930088640576 0.26941842284578188 0.012648990555223116 0.14311499506130923 0.17837288832023326 0.27263690611039509 -0.018797309082450135 0.34058019002088041 0.3397573778619134 0.060022582899425116 0.14356193562806835 -0.06218364602376647 0.12763197676111374 0.33199317299687181 0.3609163560510365 0.28776598915475055 0.28053884580406502 -0.0045313044181134986 0.062867034415009404 -0.044903987221384133
leaf_weight=8144.4473175704479 7613.131432313472 58916.107827067375 1596.6013500355184 543.93687314167619 2359.4439086355269 6053.2955943122506 896.65873126685619 25632.244041722268 67921.763073481619 138726.69705417752 4147.4855929836631 15117.447579048574 6467.5837293975055 3729.3836730793118 1250.9303462095559 5703.8038452602923 51887.107874237001 276.1667660549283 213.57808450609446 6893.401994638145 2008.8080151304603 1139.4642804414034 8665.596322607249 177150.27826756984 964.82705972343683 183786.06176012754 21368.177701950073 16384.700163658708 7022.871961414814 211577.9582577236
leaf_count=4095 53719 12798 12896 5323 6640 74179 1873 318365 29675 74299 24446 4935 64320 16290 4947 13314 392733 294 418 73274 9735 11515 39042 109028 266 83933 9444 138650 46395 2224488
internal_value=0.18349 0.295689 -0.0199459 0.0252325 -0.0389762 0.00727476 0.305129 -0.0426509 0.314407 0.320321 0.0218992 0.220417 0.0647949 0.205277 -0.00394678 0.221196 -0.00652332 -0.00121791 -0.0476068 -0.00236656 0.131592 0.0690958 0.105435 0.323584 0.208046 0.28547 0.274175 -0.00807843 0.0156832 -0.0479555
internal_weight=1.04416e+06 672992 371167 110008 261160 100031 597994 255652 406064 338142 18228.2 74998.4 10615.1 9977.12 89768.5 9433.19 88517.5 82464.2 237424 82188.1 5507.72 3148.27 10262.2 315877 59880.9 191931 22264.8 75294.7 23407.6 237210
internal_count=3861329 330346 3530983 817337 2713646 782410 312347 2685756 224319 194644 142485 17999 88766 34927 730472 29604 725525 651346 2543271 651052 27890 21250 51938 183327 13064 88028 11317 577778 185045 2542853
cat_boundaries=0 1 2 3 4 5 6 7 8 9 10 11 12 13 14 15 16 17 18 19
cat_threshold=2 4 1 1 4 1 6 1 15 16 1 16 1 2 16 34 1 5 18
is_linear=0
shrinkage=0.08


Tree=4
num_leaves=31
num_cat=26
split_feature=47 47 35 46 32 36 31 46 38 38 46 37 38 35 40 37 45 38 37 35 45 38 1 38 4 38 36 45 36 38
split_gain=2.5197e+06 43233.4 44007.6 21602.8 16111.7 12353.5 12060.1 11878 10812.4 9415.05 5901.4 5193.69 4529.31 4250.32 5280.17 4219.83 3931.53 3580.76 3946.46 3455.79 3185.7 3035.11 2875.26 3265.69 2444.85 2390.41 2112.84 2064.98 2005.91 1914.58
threshold=0 1 2 3 -10.105000019073485 4 1.0000000180025095e-35 5 6 7 8 9 10 11 12 13 14 15 16 17 18 19 1.5000000000000002 20 69.500000000000014 21 22 23 24 25
decision_type=1 1 1 1 10 9 10 1 1 1 1 1 1 1 1 1 9 1 1 1 9 1 2 1 10 1 9 9 9 1
left_child=4 3 15 6 10 12 8 9 27 11 21 19 -6 14 -11 -3 -5 -15 -19 -4 -10 -1 25 -24 29 -17 -22 -2 -23 -16
right_child=1 2 7 16 5 -7 -8 -9 20 13 -12 -13 -14 17 24 22 -18 18 -20 -21 26 28 23 -25 -26 -27 -28 -29 -30 -31
leaf_value=0.20657192003267594 -0.023438655862084143 -0.067340426373680734 0.16639194558262768 0.17138325127450585 0.26200513662983305 0.22676374617614778 0.13341476014695888 0.16970339549526017 0.061401344638331919 0.31157195523820025 0.17882852427953591 0.098087836046736765 0.24259846917815647 -0.039350760308242375 0.13259936648011361 0.20343726948129931 0.040222594820142045 -0.027893459177022621 0.021313596377297558 0.008315299207782215 -0.0093698819729034523 0.23478389467461264 0.12328982265800038 0.25745977046170315 0.85328327195640219 0.069311840468757685 -0.037657063112278802 -0.055609152493596783 0.21709367397352786 0.0096706213716258003
leaf_weight=48676.140931874514 13964.815211962909 419.95174448564649 937.89348971843719 3343.5519878789783 208638.50310619175 150115.78611552715 2541.1590623557568 2806.4234821945429 3205.0843589156866 446.53014869987965 19002.129248924553 8360.6991095840931 130815.80442728102 27189.942031789571 937.04168423265219 1638.1403108090162 2631.6976725868881 19856.064044512808 21953.962032776326 13414.968750119209 44999.517084728926 143738.59743653983 1624.0441888570786 4751.3980516418815 23.014473374933004 1833.0748536624014 27074.396517463028 155698.26816358417 64199.262058109045 5676.85692730546
leaf_count=17268 176389 4065 3392 10047 94567 54667 15714 7671 20292 1134 12210 42917 53480 263595 5698 2939 17995 143033 169505 73938 390227 71273 4236 6967 128 9334 168110 1912857 26533 78969
internal_value=0.154794 -0.018056 0.0233682 -0.0363396 0.237318 0.246029 -0.0399686 0.00740837 -0.0417674 0.00279897 0.221847 0.0479862 0.254534 -0.0106959 0.0482773 0.181131 0.11397 -0.0167561 -0.00205648 0.0187535 -0.0165262 0.225032 0.191786 0.223879 0.0301208 0.133394 -0.0199996 -0.0529628 0.229333 0.027302
internal_weight=1.13051e+06 365328 111870 253458 765186 489570 247483 101603 244942 98797 275616 22713.6 339454 76083.4 7083.44 10266.6 5975.25 69000 41810 14352.9 75279 256614 9846.66 6375.44 6636.91 3471.22 72073.9 169663 207938 6613.9
internal_count=3859150 3529152 817521 2711631 329998 202714 2683589 789980 2667875 782309 127284 120247 148047 662062 85929 27541 28042 576133 312538 77330 578629 115074 23476 11203 84795 12273 558337 2089246 97806 84667
cat_boundaries=0 1 2 3 4 5 6 7 8 9 10 11 12 13 14 15 16 17 18 19 20 21 22 23 24 25 26
cat_threshold=2 4 24 1 128 1 300 643 1 20 300 1 1 16 14 36 20 1 8 129 641 594 128 8 128 80
is_linear=0
shrinkage=0.08


Tree=5
num_leaves=31
num_cat=19
split_feature=47 44 38 45 2 47 0 36 37 47 1 37 31 44 0 47 3 46 34 37 38 4 38 38 41 3 27 3 41 1
split_gain=1.86674e+06 39619.9 33509.5 15999 15472.2 13471.2 16926.9 7328.9 7267.97 7245.33 11056.7 5608.68 4710.59 4519.81 4448.97 4067.65 3908.65 3888.07 3114.36 3055.8 3035.01 2989.67 2854.32 2542.86 2493.5 2279.58 2089.44 2009.96 1931.31 1887.57
threshold=0 1 2 3 inf 4 1.5000000000000002 5 6 7 1.5000000000000002 8 1.0000000180025095e-35 9 1.5000000000000002 10 1.0000000180025095e-35 11 12 13 14 13.500000000000002 15 16 17 inf 3.5000000000000004 1.0000000180025095e-35 18 1.0000000180025095e-35
decision_type=1 9 1 9 8 1 2 9 1 1 2 1 8 9 2 1 10 1 1 1 1 8 1 1 9 8 8 10 9 2
left_child=4 3 9 12 7 17 8 13 27 -3 19 -5 18 16 -13 -16 -1 20 -2 -11 -4 -10 -21 -8 -15 -22 -24 -7 -9 -29
right_child=1 2 5 11 -6 6 23 28 21 10 -12 14 -14 24 15 -17 -18 -19 -20 22 25 -23 26 -25 -26 -27 -28 29 -30 -31
leaf_value=0.075691745049100992 0.018213616462712266 -0.054406087268696252 0.031388471229809818 -0.031787984969444218 0.16839216767410045 0.30234926741015583 0.07532713752907845 0.14951523383682511 0.035311658820925483 -0.059167650829594125 0.14137727750653131 0.024784503224962454 0.19610567195027481 0.2199994345595363 0.070060246186970279 0.24597990069973247 0.19361666924380813 0.10909908862521608 0.1303130419822591 0.02035770722647965 -0.022795756988036441 0.10792380518022901 0.95152929754064686 0.18362719670158684 0.2077373116959649 0.34655813271085195 -0.030691532256843988 -0.010177433711887967 0.19429734526979231 0.11749081876414447
leaf_weight=1854.3568158969283 2287.5694414488971 150971.752649948 7540.1378570497036 7668.0730771422386 81751.976610213518 135.61382102966309 1962.6909891702235 6723.9510643184185 8875.5379168726504 14371.510293990374 2591.719938993454 9615.8247535154223 5095.5563163012266 199587.5700007081 2625.1891705878079 1237.8280504122376 60097.836386479437 1608.3551260270178 5270.1715223789215 10155.821527175605 65307.826061565429 6139.0954167544842 13.868835814297199 5161.0229607559741 256105.26723074913 107.11751785874367 24322.50065086782 25302.611297264695 220986.87964403629 763.53356781601906
leaf_count=3309 20320 1987412 48234 65478 18052 103 7309 1913 58527 144230 9187 53543 14310 93611 23405 2649 21032 6159 23157 79681 523146 30166 23 12779 109769 89 263821 155142 82937 1575
internal_value=0.135302 -0.0169984 -0.0255632 0.0654388 0.20143 0.00738841 0.0402833 0.205054 0.0206025 -0.0455679 -0.0196453 0.0228131 0.136551 0.210357 0.0538761 0.12643 0.190087 -0.0139366 0.0965794 -0.0281859 -0.016649 0.0649576 -0.0152554 0.154152 0.213117 -0.0221875 -0.0301194 -0.0048377 0.192982 -0.00643776
internal_weight=1.18624e+06 359131 325331 33800.2 827108 122904 48340.1 745356 41216.4 202427 51455.4 21146.9 12653.3 517645 13478.8 3863.02 61952.2 74563.4 7557.74 48863.7 72955.1 15014.6 34492.2 7123.71 455693 65414.9 24336.4 26201.8 227711 26066.1
internal_count=3861068 3530445 3327583 202862 330623 843229 265601 312571 245513 2484354 496942 145075 57787 227721 79597 26054 24341 577628 43477 487755 571469 88693 343525 20088 203380 523235 263844 156820 84850 156717
cat_boundaries=0 1 2 3 4 5 6 7 8 9 10 11 12 13 14 15 16 17 18 19
cat_threshold=2 1 300 12 4 128 4 4 24 1 4 1 96 20 129 256 129 34 16
is_linear=0
shrinkage=0.08


Tree=6
num_leaves=31
num_cat=24
split_feature=47 44 47 39 45 2 37 37 46 24 41 37 36 44 1 34 37 31 47 44 42 43 41 2 40 46 40 32 45 46
split_gain=1.45831e+06 30389.7 24674.3 23531.2 12448.8 7472.8 5143.8 4819.52 4449.55 3863.03 3705.51 4542.86 3636.61 3564.74 3360.62 3291.59 3156.53 2569.5 2403.68 2238.66 2018.42 2103.14 2091.9 1803.86 1781.59 1654.89 2273.01 1642.88 1617.2 1546.8
threshold=0 1 2 3 4 inf 5 6 7 -1.0000000180025095e-35 8 9 10 11 1.5000000000000002 12 13 1.0000000180025095e-35 14 15 16 17 18 2.5000000000000004 19 20 21 11.925000190734865 22 23
decision_type=1 9 1 9 9 8 1 1 1 2 9 1 9 9 2 1 1 10 1 9 9 9 9 8 1 1 1 10 9 1
left_child=5 4 8 23 15 12 -5 -6 16 10 28 -12 19 -10 18 -2 -3 20 -9 25 21 -18 -22 27 -21 -1 -27 -4 -8 -17
right_child=1 2 3 6 7 -7 9 14 13 -11 11 -13 -14 -15 -16 29 17 -19 -20 24 22 -23 -24 -25 -26 26 -28 -29 -30 -31
leaf_value=0.17300097723734106 0.14753399785519342 -0.074333535823781646 0.16370402159176681 -0.076367448150241143 -0.035041854875113486 0.15383986022342275 -0.0074741076243614478 -0.0093213665915725299 0.10484690538978067 0.25529561769961523 -0.004646581863732578 0.050044526899726785 0.17065839786909201 -0.068012099505422974 0.13291051954177538 0.045637404529581031 -0.053763207540592113 0.06031764877951945 0.063945688640507814 0.18621964243225686 0.035584629430535343 -0.019773235918441035 -0.045718565699864405 -0.0051988765362971359 0.16974530084384679 -0.028292849008787615 0.14449606499070453 0.040707754342188665 -0.047964138346696848 0.15243521309229102
leaf_weight=57857.027748927474 8041.233307980001 16313.131434440613 6672.6326537020504 5645.1596721634269 7476.6349423117936 83086.722524121404 39128.105083595961 5777.3452621623874 2410.1900175921619 384.8001902885735 22212.81994702667 17275.073661681265 236684.38760890067 1117.5577198453248 2303.6921302452683 4386.4986470639706 14983.665584720671 1696.8123633563519 5686.4079077392817 435785.95152592659 2054.3825644776225 52502.950687371194 126916.4216882363 506.02178996428847 49577.28864620626 533.32146741449833 6055.3765388205647 775.84050625935197 7520.7779177948833 1082.0406858026981
leaf_count=18463 21605 266279 12392 77964 65359 18185 341670 44744 9765 1924 137947 109858 84645 11702 9914 33744 235879 11787 25014 186603 9017 523985 1495416 1574 17181 1573 4312 2916 76649 2596
internal_value=0.120996 -0.0161701 -0.02393 0.00894605 0.0548592 0.176657 -0.00244772 0.0166372 -0.0390293 0.00238377 0.00125421 0.0192862 0.179067 0.0500868 0.0447074 0.114866 -0.0404952 -0.0377038 0.0270216 0.182681 -0.0385523 -0.0273267 -0.0444208 0.140963 0.184544 0.168675 0.130686 0.150893 -0.0140108 0.0666472
internal_weight=1.22245e+06 352870 318116 100121 34753.9 869580 92166.7 21244.1 217995 86521.6 86136.8 39487.9 786493 3527.75 13767.4 13509.8 214467 198154 11463.8 549809 196457 67486.6 128971 7954.49 485363 64445.7 6588.7 7448.47 46648.9 5468.54
internal_count=3860662 3529700 3326724 762894 202976 330962 746012 145031 2563830 668048 666124 247805 312777 21467 79672 57945 2542363 2276084 69758 228132 2264297 759864 1504433 16882 203784 24348 5885 15308 418319 36340
cat_boundaries=0 1 2 3 4 5 6 7 8 9 10 11 12 13 14 15 16 17 18 19 20 21 22 23 24
cat_threshold=2 1 4 1 12 16 24 1 38 6 128 2 15 16 4 1 19 33 16 6 1 1 13 1
is_linear=0
shrinkage=0.08


Tree=7
num_leaves=31
num_cat=18
split_feature=43 34 35 34 2 42 2 37 31 34 17 43 46 44 27 44 37 44 7 7 46 37 31 31 42 36 36 11 12 18
split_gain=11979.6 7890.23 4351.87 2831.32 3257.32 1936.59 1804.89 1790.23 1751.83 1383.58 1541.32 1159.49 1117.69 1400.8 1113.74 1122.67 1155.16 927.458 883.561 881.938 881.03 781.956 778.837 768.4 750.879 737.863 734.219 712.224 705.623 675.96
threshold=0 1 2 3 inf 4 inf 5 1.0000000180025095e-35 6 1.5000000000000002 7 8 9 1.0000000180025095e-35 10 11 12 9.0749998092651385 64.524993896484389 13 14 1.0000000180025095e-35 1.0000000180025095e-35 15 16 17 45.500000000000007 7073.1503906250009 2993.1750488281255
decision_type=9 1 1 1 8 9 8 1 10 1 2 9 1 9 8 9 1 9 2 2 1 1 10 10 9 9 9 2 2 2
left_child=1 2 18 8 5 11 7 25 12 10 -4 -5 13 -2 -9 22 -17 -14 29 -18 23 -7 27 26 -15 -3 -13 -16 -20 -1
right_child=3 6 9 4 -6 21 -8 14 -10 -11 -12 20 17 24 15 16 19 -19 28 -21 -22 -23 -24 -25 -26 -27 -28 -29 -30 -31
leaf_value=0.11425518683228868 0.13083163634134787 0.045108053823852828 0.10175581168719898 0.11139925317490096 0.13432355151063669 0.11595525866467193 0.1282999835601841 0.35805205815446223 0.14543405542271581 0.094456325195255014 0.043421019728047502 0.10751780955542181 0.14850690705130448 0.11155061262934805 0.101084700193296 0.1258130529958216 0.083745247941915582 0.11504717171818937 0.097632604694284017 0.065558205583382462 0.13702704695748691 0.1045117078939387 0.19905649823897326 0.14826925749454997 0.11758603861956134 0.085398099577562669 0.089598667351103917 0.44518278672306849 0.12207202828009869 0.13588068086112448
leaf_weight=72948.715457295999 37281.86536789313 15582.179585495964 4053.1512349769473 36682.952338702977 27693.471099928021 104747.00631666929 4198.326435316354 92.202522739768028 13653.238278273493 16098.110317353159 10178.130738710985 18349.394147429615 12485.571747884154 257455.67490307055 5082.5566553398967 3019.3675818182528 35229.463616151363 9214.8843358904123 34418.171680372208 33095.263332216069 3070.830807171762 65004.470735702664 613.76489047333598 1618.6769081279635 302864.37224472314 3618.3078076355159 87306.475426968187 38.791269399225712 9689.3708299510181 10593.999877262861
leaf_count=191516 53330 152772 31686 119948 13892 244472 4072 201 15410 79600 136545 39880 10582 672041 19969 5841 224858 10009 142955 277323 5014 228164 844 2684 694387 16788 427305 154 18252 19500
internal_value=0.109834 0.0944944 0.105661 0.113889 0.10801 0.105713 0.0769451 0.0747159 0.117087 0.0783104 0.0599929 0.0989249 0.116464 0.115816 0.080166 0.079844 0.0771066 0.134299 0.112153 0.0749248 0.0947683 0.111579 0.113897 0.0935674 0.114817 0.0527412 0.0927294 0.103691 0.103001 0.116998
internal_weight=1.23598e+06 258550 157980 977429 344473 316780 100570 96371.9 632956 30329.4 14231.3 147028 619302 597602 77171.4 77079.2 71344.1 21700.5 127650 68324.7 110345 169751 5735.11 107275 560320 19200.5 105656 5121.35 44107.5 83542.7
internal_count=3859994 1322876 620054 2537118 1081359 1067467 702822 698750 1455759 247831 168231 594831 1440349 1419758 529190 528989 508022 20591 372223 502181 474883 472636 20967 469869 1366428 169560 467185 20123 161207 211016
cat_boundaries=0 1 2 3 4 5 6 7 8 9 10 11 12 13 14 15 16 17 18
cat_threshold=33 71 48 71 40 20 64 10 1 1 1 2 2 1 38 34 129 66
is_linear=0
shrinkage=0.08


Tree=8
num_leaves=31
num_cat=18
split_feature=47 47 35 44 45 44 32 43 46 3 43 45 39 3 4 36 31 1 46 3 32 3 44 44 31 4 43 41 36 3
split_gain=1.20035e+06 25957.4 24454.6 13429.9 8020.2 6956.01 3837.66 3808.03 3415.46 3128.01 2710.54 2580.96 2524.25 2468.85 2285.36 2199.94 2056.36 1990.03 1971.86 2214.38 1967.02 1913.31 1871.05 1795.67 1649.12 1528.68 1352.91 1344.41 1299.84 1238.95
threshold=0 1 2 3 4 5 -15.234999656677244 6 7 1.0000000180025095e-35 8 9 10 inf 1.5000000000000002 11 1.0000000180025095e-35 1.5000000000000002 12 36.264999389648445 -4.2850000858306876 513.95501708984386 13 14 1.0000000180025095e-35 39.500000000000007 15 16 17 121.52499771118165
decision_type=1 1 1 9 9 9 10 9 1 10 9 9 9 8 8 9 10 2 1 10 10 10 9 9 10 8 9 9 9 10
left_child=6 3 5 4 12 11 18 23 13 -7 -11 -3 21 14 -5 17 20 25 -1 -20 27 -2 -10 -4 29 -9 -14 -12 -8 -16
right_child=1 2 7 8 -6 9 28 15 22 10 16 -13 26 -15 24 -17 -18 -19 19 -21 -22 -23 -24 -25 -26 -27 -28 -29 -30 -31
leaf_value=0.14289061581864426 0.095827546918563961 0.099837283494869575 0.15949271401298823 -0.050389685325089265 -0.024000377107068625 0.21703267039462637 0.15468988185319341 0.057095770406642904 0.068297932824410906 -0.044708259857600609 0.14356393579191609 0.021145216190072785 0.092466424983460624 0.1975465254651162 -0.04379246510121769 0.051155781876825256 0.11437676491245721 0.15074626134267624 0.085701325885223056 0.13932865856728521 -0.021144863005964555 0.24959553897952827 -0.052070085250553143 -0.0020701874825071608 0.074675720426100642 0.12775740728959226 0.026074925578498848 0.0051844072560820595 0.1461817530231444 -0.023865457857167614
leaf_weight=288541.07994186878 1821.4990130066872 4114.8901354521513 495.88758255541325 142997.12156824581 12294.883036918938 364.79782626032829 415643.64991739392 4332.0079280845821 2706.6114225834608 18704.798552528024 449.2343297675252 7601.6599489487708 3000.0060657449067 270.48008243739605 44260.300334393978 4677.5704760402441 835.52832854166627 5801.4293151013553 8417.118947416544 11887.475082978606 46462.624961923808 723.62543815374374 1189.8361439742148 3925.7815332300961 890.32729817554355 3577.6599124893546 5735.8132569529116 20977.075776137412 171322.06117843091 36384.007897106931
leaf_count=114520 5148 11686 3772 1803995 91636 291 149379 31382 9873 186236 635 34875 10646 404 414210 12665 2971 7936 7690 4391 326191 2810 11744 51479 4094 13161 38233 132903 54937 320216
internal_value=0.0981276 -0.0221267 0.00811639 -0.0367907 0.0206986 -0.00901231 0.148413 0.0828084 -0.0427171 -0.0167401 -0.0177155 0.0488854 0.069375 -0.0440042 -0.0442952 0.0988524 -0.0103608 0.115075 0.141195 0.117098 -0.0118975 0.139547 0.0315418 0.0160128 -0.0336066 0.0890571 0.0490104 0.00815516 0.152212 -0.0348021
internal_weight=1.27041e+06 374595 122321 252275 23575.8 99510.6 895811 22810.3 228699 87794.1 87429.3 11716.6 11280.9 224802 224532 18388.7 68724.5 13711.1 308846 20304.6 67888.9 2545.12 3896.45 4421.67 81534.6 7909.67 8735.82 21426.3 586966 80644.3
internal_count=3860109 3529192 816183 2713009 148473 695788 330917 120395 2564536 649227 648936 46561 56837 2542919 2542515 65144 462700 52479 126601 12081 459729 7958 21617 55251 738520 44543 48879 133538 204316 734426
cat_boundaries=0 1 2 3 4 5 6 7 8 9 10 11 12 13 14 15 16 17 18
cat_threshold=2 4 32 1 14 1 35 1 35 8 1 128 1 2 1 12 16 128
is_linear=0
shrinkage=0.08


Tree=9
num_leaves=31
num_cat=20
split_feature=47 47 35 44 44 45 37 4 37 35 37 4 42 37 3 27 37 39 3 42 33 3 33 42 1 43 43 45 43 13
split_gain=1.00552e+06 21967.6 19354.3 11487.2 7458.4 6908.07 3637.05 3391.59 3100.2 2706.19 2531 2451.52 2399.07 2269.45 1916.56 1892.51 1868.47 1575.73 1526.78 1462.09 1461.93 1460.73 1393.06 1249.71 1185.65 1168.34 1102.35 1066.99 1053.72 1052.88
threshold=0 1 2 3 4 5 6 21.500000000000004 7 8 9 1.5000000000000002 10 11 9.4749999046325701 2.5000000000000004 12 13 1.0000000180025095e-35 14 1.5000000000000002 24.564999580383304 1.0000000180025095e-35 15 1.5000000000000002 16 17 18 19 3643.600219726563
decision_type=1 1 1 9 9 9 1 8 1 1 1 8 9 1 10 8 1 9 10 9 2 10 2 9 2 9 9 9 9 2
left_child=14 3 10 5 6 28 -4 18 -5 -9 -3 15 20 27 -1 23 -11 25 -8 -18 -13 -17 -20 -10 -12 -7 -23 -6 -2 -24
right_child=1 2 4 8 13 17 7 9 11 16 24 12 -14 -15 -16 21 19 -19 22 -21 -22 26 29 -25 -26 -27 -28 -29 -30 -31
leaf_value=0.11891990769052925 0.092790773773247279 -0.082788939934761108 -0.076319660887449112 -0.068573534722024279 0.058290132182466405 0.47005804668690443 0.18495026945812981 0.090486711985744178 -0.07198732202337535 0.044077173331500338 0.070923804568042675 -0.005677487299021863 -0.035385210191467349 0.06337305881935093 0.13731934969358719 0.15622514932434478 0.01569816392005307 -0.036511971799210827 -0.02122228648193859 -0.026973193808888442 0.49913535506392304 -0.038596500902411325 0.057696140056261065 0.47966221302675721 0.12285543328839627 0.033060485519223318 -0.054227684488837032 -0.072983277610998806 0.043150048972087678 0.38115649312783995
leaf_weight=37828.084300503135 4474.3824452646077 469.77802157402039 5295.5280659087002 22051.851407920942 567.96327447146177 30.177232876420021 233.88343031704426 2682.3681465871632 43.754494875669479 6397.7977059967816 4213.4319736175239 24274.757849037647 51769.074468854815 12058.254551701248 858704.3427092731 232.26703028380871 10384.287283562124 10189.679161075503 59243.817934829742 10155.625114742666 36.770705543458462 75842.477994311601 683.09532982483506 63.306728564202785 8469.5059746205807 1885.4508769027889 47037.671477520838 1262.7096292935312 7222.6824606880546 71.108723945915699
leaf_count=15607 14291 4116 74801 320582 3155 51 215 11001 655 33765 12314 201622 477448 42847 315407 536 64049 80295 475181 66030 213 825957 6481 250 11220 11456 738158 10607 42325 410
internal_value=0.0908672 -0.0206083 0.00710245 -0.0344199 -0.00395973 0.0183891 -0.0119541 -0.00815121 -0.0400985 0.0140119 0.0987362 -0.0369426 -0.0256528 0.0508034 0.136543 -0.0439163 0.00636082 -0.0239775 -0.0190516 -0.00540285 -0.00491195 -0.0442087 -0.0198469 0.292289 0.10552 0.042571 -0.0445876 -0.0321605 0.0622017 0.088193
internal_weight=1.26388e+06 367343 122189 245154 109036 23802.4 95147.5 89852 221352 29620.1 13152.7 199300 76080.6 13888.9 896532 123219 26937.7 12105.3 60231.9 20539.9 24311.5 123112 59998 107.061 12682.9 1915.63 122880 1830.67 11697.1 754.204
internal_count=3861045 3530031 816192 2713839 788542 148418 731933 657132 2565421 174845 27650 2244839 679283 56609 331014 1565556 163844 91802 482287 130079 201835 1564651 482072 905 23534 11507 1564115 13762 56616 6891
cat_boundaries=0 1 2 3 4 5 6 7 8 9 10 11 12 13 14 15 16 17 18 19 20
cat_threshold=2 4 24 1 2 14 16 18 1 16 19 16 32 1 26 41 2 12 8 14
is_linear=0
shrinkage=0.08


Tree=10
num_leaves=31
num_cat=23
split_feature=47 38 47 1 47 35 37 45 45 3 38 31 37 40 32 38 43 41 38 38 37 45 36 37 1 12 36 37 38 3
split_gain=863659 21133.8 7050.39 7368.45 6801.12 10333.1 4393.32 3812.9 3406.45 3199.6 2447.56 2384.15 2344.17 2244.17 2228.25 1868.11 1795.46 1726.27 1662.99 1646.55 1630.61 1462.84 1454.75 1352.27 1442.85 1321.04 1342.12 1317.17 1253.67 1219.5
threshold=0 1 2 1.5000000000000002 3 4 5 6 7 24.564999580383304 8 1.0000000180025095e-35 9 10 -15.234999656677244 11 12 13 14 15 16 17 18 19 1.0000000180025095e-35 1114.924987792969 20 21 22 293.87500000000006
decision_type=1 1 1 2 1 1 1 9 9 10 1 10 1 1 10 1 9 9 1 1 1 9 9 1 2 2 9 1 1 8
left_child=14 2 8 9 7 6 16 -3 11 20 17 18 -11 25 -1 -14 -6 -9 -2 -7 -4 -15 -12 24 -19 26 -8 -5 29 -23
right_child=1 4 3 27 5 19 13 10 -10 12 22 -13 15 21 -16 -17 -18 23 -20 -21 -22 28 -24 -25 -26 -27 -28 -29 -30 -31
leaf_value=0.1212322080846663 -0.043057339598546567 0.056675697379267587 0.074301404135676374 -0.063699337000387504 -0.028176881226822222 0.044785976595485194 0.090670731340788221 -0.0097235280722053306 -0.048367286658067735 -0.052205338086486572 -0.013313184758355691 0.11150453946184551 0.011834180370384112 0.11513790142870681 0.12967683360637577 -0.026172830467385968 0.013343937285542404 0.045802234462325266 0.010002621267298362 0.11311969804294288 -0.06034471032442517 0.024499477334599389 -0.039550969021830029 0.0064790972334452766 0.16146736167269077 0.26684199151217092 -0.067617498268824044 0.10178509936115278 -0.009375231444098759 0.11341109399361188
leaf_weight=305132.46817722917 7796.1339296214283 4990.8726507984102 3174.551316164434 330.82633884251118 16802.09553308785 3191.4661923497915 3901.9334606602788 9467.8446154072881 143301.57415463962 14911.293818540871 35924.49250010401 978.13072660937905 11707.872865919024 1013.9010888263583 580292.18953239918 28209.505205973983 11038.235611647367 2375.0751065164804 7328.3884172998369 8088.9908568412066 696.74648489803076 6114.0112945064902 21716.175006087869 3213.2801988273859 973.00186885520816 248.12536443024874 371.41773144155741 3912.8518075458705 6562.1263164505363 1177.4214713089168
leaf_count=126352 116453 22446 11477 2842 99990 8757 16824 68982 1940359 150640 322925 2618 81434 3388 203729 278015 57754 14065 63605 14580 4953 31857 140118 18109 4524 528 1808 7365 38259 5278
internal_value=0.0843075 -0.0202612 -0.0354949 -0.0128264 0.00443443 0.0250893 0.00864597 -0.0109286 -0.0444482 -0.020186 -0.0155141 -0.0095355 -0.025149 0.037874 0.126767 -0.0150251 -0.0117157 0.0121339 -0.0173697 0.0938435 0.0501042 0.0228263 -0.0232034 0.0436403 0.0791798 0.087194 0.0769671 0.0889741 0.0159921 0.0388037
internal_weight=1.24494e+06 359518 222348 62943.6 137170 58509.7 47229.3 78660.7 159404 58700 73669.9 16102.7 54828.7 19388.9 885425 39917.4 27840.3 16029.2 15124.5 11280.5 3871.3 14867.5 57640.7 6561.36 3348.08 4521.48 4273.35 4243.68 13853.6 7291.43
internal_count=3860034 3529953 2659761 536726 870192 279023 255686 591169 2123035 526519 568723 182676 510089 97942 330081 359449 157744 105680 180058 23337 16430 78782 463043 36698 18589 19160 18632 10207 75394 37135
cat_boundaries=0 1 2 3 4 5 6 7 8 9 10 11 12 13 14 15 16 17 18 19 20 21 22 23
cat_threshold=2 300 4 4 32 20 8 8 641 20 4 256 41 35 32 129 45 8 160 43 146 16 530
is_linear=0
shrinkage=0.08


Tree=11
num_leaves=31
num_cat=23
split_feature=47 38 44 46 47 1 47 1 37 37 44 44 31 38 3 37 38 38 46 44 45 45 38 19 47 3 38 36 3 46
split_gain=743027 19591.6 15243.3 7144.88 5100.2 4895.94 3872.02 4516.73 3696.06 3627.65 2930.76 2250.22 2089.22 2016.64 2004.28 1720.68 1739.03 1686.31 1660.56 2153.99 1560.37 1541.33 1409.27 1574.45 1332.64 1236.97 1196.69 1194.25 1362.75 1181.41
threshold=0 1 2 3 4 1.0000000180025095e-35 5 1.5000000000000002 6 7 8 9 1.0000000180025095e-35 10 339.84500122070318 11 12 13 14 15 16 17 18 2726.244995117188 19 369.56500244140631 20 21 806.07000732421886 22
decision_type=1 1 9 1 1 2 1 2 1 1 9 9 8 1 8 1 1 1 1 9 9 9 1 2 1 8 1 9 8 1
left_child=29 2 9 4 10 8 18 15 21 14 -3 -10 24 -7 -2 -8 25 20 26 -20 -12 -6 23 -23 -11 -17 -4 -19 -29 -1
right_child=1 3 6 -5 5 13 7 -9 11 12 17 -13 -14 -15 -16 16 -18 27 19 -21 -22 22 -24 -25 -26 -27 -28 28 -30 -31
leaf_value=0.11922072904635038 -0.037201566908764964 0.061770133371913644 -0.060613897449097447 0.092731153960376747 0.11813174978445329 0.0090165347914860274 -0.054457341014319267 0.065898793085198609 -0.01241614163161783 0.0040858408704876857 0.031522180426789691 0.1149114547855148 0.083653103892073782 0.10640148184331664 0.046805464412488756 -0.0049600052994662894 -0.032678014160721219 -0.034847906236646249 0.084215836604834726 -0.088530420351211794 -0.084633421735122727 0.053960830612465059 0.014768361064557272 0.29072899672081726 0.056580928022122112 0.073937447844144202 -0.044767551871082091 -0.013424351051774532 0.15070408362467314 0.10369473983902747
leaf_weight=839788.66795156896 7872.492301736027 3232.6697146184742 48232.109420210123 5661.4515156596899 1359.2592489272356 1850.794755615294 13370.134395167232 3360.0907392129302 27863.859685942531 8016.28098603338 6925.7256664074957 917.55074211210012 5364.5927137993276 5253.3028080016375 2363.2857368960977 9718.1591004692018 24651.985392212868 23223.276802226901 1296.2999348640442 717.74475513771176 819.26939759030938 6257.9401713609695 12787.392234221101 185.06241607666016 5041.3633872196078 1463.2843753695488 84444.49482283555 40390.607975043356 326.37955064326525 32583.181245878339
leaf_count=313972 59111 11997 897651 11560 4397 5304 144295 9296 160722 55148 42018 1602 18805 5653 23507 70408 263941 153061 5771 9466 6089 26849 70563 459 18761 9537 1073939 367614 2047 16542
internal_value=0.0790148 -0.0189224 -0.033938 0.00473479 0.000943569 0.0190971 -0.0422552 -0.0238404 0.0101621 0.020396 -0.0127411 -0.00835404 0.041599 0.0811927 -0.0177882 -0.0299686 -0.0208104 -0.0161012 -0.0494417 0.0226543 0.0191419 0.0360315 0.03017 0.0606674 0.0243534 0.00536029 -0.0505361 -0.0203699 -0.0121058 0.118641
internal_weight=1.22534e+06 352967 215912 137055 131393 56475.2 187254 52563.7 49371.1 28658 74917.9 28781.4 18422.2 7104.1 10235.8 49203.6 35833.4 71685.3 134691 2014.04 7745 20589.7 19230.4 6443 13057.6 11181.4 132677 63940.3 40717 872372
internal_count=3860085 3529571 2659636 869935 858375 275549 2484304 497477 264592 175332 582826 162324 92714 10957 82618 488181 343886 570829 1986827 15237 48107 102268 97871 27308 73909 79945 1971590 522722 369661 330514
cat_boundaries=0 1 2 3 4 5 6 7 8 9 10 11 12 13 14 15 16 17 18 19 20 21 22 23
cat_threshold=2 300 1 1 4 4 105 24 1 2 129 20 256 129 1 2 13 8 514 4 32 90 1
is_linear=0
shrinkage=0.08


Tree=12
num_leaves=31
num_cat=20
split_feature=47 47 35 44 45 31 37 4 37 4 4 42 37 34 32 3 34 44 41 43 42 41 34 31 42 0 32 35 32 34
split_gain=638278 15681 13398 8131.67 4953.19 4186.27 3121.23 2743.99 2634.65 2421.7 2311.85 2167.89 2026.66 2011.43 1763.89 1687.1 1455.3 1572.16 1173.25 1026.82 1297.44 1009.09 1316.96 968.493 958.954 939.505 935.267 929.111 899.489 844.714
threshold=0 1 2 3 4 1.0000000180025095e-35 5 1.0000000180025095e-35 6 16.500000000000004 1.5000000000000002 7 8 9 -15.234999656677244 90.990001678466811 10 11 12 13 14 15 16 1.0000000180025095e-35 17 1.5000000000000002 -5.6749999523162833 18 -2.7949999570846553 19
decision_type=1 1 1 9 9 10 1 8 1 8 8 9 1 1 10 10 1 9 9 9 9 9 1 8 9 2 10 1 10 1
left_child=14 3 5 4 13 7 -5 15 -4 27 19 25 24 -2 -1 -3 -17 26 -6 20 -8 22 -13 -15 -9 -12 -18 -10 -14 -23
right_child=1 2 8 6 18 -7 10 12 9 -11 11 21 28 23 -16 16 17 -19 -20 -21 -22 29 -24 -25 -26 -27 -28 -29 -30 -31
leaf_value=0.10673275950468997 0.080434998216022097 0.064639202618156019 -0.044188741097653396 -0.065216793963223302 0.036062600307554891 0.10691721313244532 -0.013797660187063066 0.014998638205778334 0.07068261672561979 0.096650303677473473 0.015404084384417368 0.14018495733063943 0.044950983963692917 -0.0081234678388869934 0.11439149317444003 -0.047568310746098408 -0.0014273088306702441 0.04022269372612261 -0.033396217678297091 -0.048550582159845881 -0.038894519245278966 -0.0085315052735414482 -0.011986088978752994 0.064352144691267543 -0.024681671000686412 -0.016688219712687254 -0.028870847056712667 0.026704023010245596 0.010958929487225324 -0.037108416693036307
leaf_weight=292470.31816370785 6629.3201667778194 1428.6735693961382 1466.0785525403917 19208.711995109916 1844.4037227667868 2023.2481437493116 17625.775266665965 5526.3939515501261 5044.1730730757117 9689.8549826852977 12097.297702908516 482.24513569101691 7685.1549045667052 3730.3458364866674 562815.59198433161 12293.651129107922 11408.61322578229 2937.5923360176384 9754.9452031105757 41179.084713386372 52743.471189508215 8038.4709143377841 1396.7446689940989 1726.0261000059545 13184.896983090788 11283.728740597144 26197.761233065277 7969.406481128186 14165.580520637333 38106.998352216557
leaf_count=126636 17898 5234 23429 320515 17587 5327 207790 31165 10955 19606 96025 1152 36673 30804 204380 126806 86227 11760 74812 735525 621062 71229 6719 8052 87766 106034 223083 66616 81879 398686
internal_value=0.0746497 -0.0168855 0.00635108 -0.0293369 0.0150123 -0.00694818 -0.0345328 -0.00937834 0.0596218 0.0663419 -0.0313059 -0.0200677 0.00636214 0.0508283 0.111773 -0.0211437 -0.0234632 -0.0161384 -0.0223301 -0.0385027 -0.0326112 -0.0297908 0.0276042 0.0147758 -0.0129603 -8.36881e-05 -0.0205453 0.0438253 0.0229038 -0.0321333
internal_weight=1.20215e+06 346869 121021 225848 23685 96851.6 202163 94828.3 24169.5 22703.4 182954 71405.5 40562 12085.7 855286 54266.3 52837.6 40544 11599.3 111548 70369.2 48024.5 1878.99 5456.37 18711.3 23381 37606.4 13013.6 21850.7 46145.5
internal_count=3861432 3530416 816526 2713890 149153 695920 2564737 690593 120606 97177 2244222 679845 237483 56754 331016 453110 447876 321070 92399 1564377 828852 477786 7871 38856 118931 202059 309310 77571 118552 469915
cat_boundaries=0 1 2 3 4 5 6 7 8 9 10 11 12 13 14 15 16 17 18 19 20
cat_threshold=2 4 32 1 14 18 16 19 20 15 80 2 5 14 17 16 48 18 8 2
is_linear=0
shrinkage=0.08


Tree=13
num_leaves=31
num_cat=20
split_feature=38 34 38 44 35 4 32 38 27 31 44 38 34 7 11 32 35 18 41 34 39 41 44 46 11 37 13 35 42 38
split_gain=14374.7 3879.03 3383.19 2361.59 1792.44 1442.63 1147.79 1080.18 1268.5 819.655 790.965 928.341 665 734.459 677.873 643.064 641.025 653.665 627.479 615.581 609.585 602.698 598.698 628.271 581.54 558.51 656.547 605.503 554.341 518.509
threshold=0 1 2 3 4 1.5000000000000002 -10.105000019073485 5 1.0000000180025095e-35 1.0000000180025095e-35 6 7 8 9.0749998092651385 23.500000000000004 -15.234999656677244 9 7993.5500488281259 10 11 12 13 14 15 16.500000000000004 16 85.02500152587892 17 18 19
decision_type=1 1 1 9 1 8 8 1 8 10 9 1 1 2 2 8 1 2 9 1 9 9 9 1 2 1 2 1 9 1
left_child=1 4 5 25 12 20 -4 8 -5 22 -6 -12 13 -1 -15 -9 24 -18 19 -7 -2 -22 23 29 -17 26 27 -3 -27 -8
right_child=2 3 6 7 10 18 9 15 -10 -11 11 -13 -14 14 -16 16 17 -19 -20 -21 21 -23 -24 -25 -26 28 -28 -29 -30 -31
leaf_value=0.077627326087042189 0.089253753308050826 0.16062103412824733 0.094653818808764015 0.38314596519004762 0.082890330821499797 0.1075822682502289 0.07254241839734496 0.081618382384451973 0.051859847309254699 0.097468557247693682 0.06175638316068853 0.039607347094149377 0.062658601320776747 0.056714271467306794 0.088880749521727434 0.041684288447651312 0.033173114031598623 -0.0043635615652303913 0.085409547838251637 0.085948345949148824 0.08880432941754153 0.070903445766950388 0.08088146454205733 0.096179222271527823 0.077287382156259452 0.037244089939602654 0.047062288356389023 0.089265841139574448 0.068401494571329338 0.066800060865872882
leaf_weight=70096.270743625239 19392.319820053875 975.22548634931445 14238.108394069597 74.052790995687246 4906.264447696507 19041.214846465737 228631.89482194558 2152.60164918378 67125.851280812174 7708.8143858350813 21529.664177270606 28177.786855077371 64720.118865292519 23589.403138993308 5099.3627986349165 36083.042005319148 36642.890253243968 3230.8845083378255 135443.5564343296 16429.724270135164 14628.308106459677 80075.383566651493 37305.221405657008 5924.6211602836847 3196.282218683511 4541.1762936115265 1809.3614390343428 4317.8127204068005 20845.874202676117 189436.90890199691
leaf_count=163388 31479 2282 21494 108 19635 8742 532780 8645 370565 10673 104788 273458 244931 109370 8152 252154 398199 50351 206792 16636 19313 172009 64800 6747 13960 21529 7925 8705 54166 656293
internal_value=0.0699637 0.0576395 0.0763644 0.0489688 0.0648319 0.0832946 0.0722754 0.0446972 0.0522171 0.0715976 0.0522362 0.0492211 0.0690357 0.0732069 0.0624318 0.0384708 0.0373023 0.030124 0.0879479 0.0975887 0.0763314 0.0736854 0.0711652 0.0703104 0.0445701 0.0685085 0.0885392 0.102885 0.062845 0.0699438
internal_weight=1.16737e+06 399114 768256 180995 218119 285011 483246 148506 67199.9 469007 54613.7 49707.5 163505 98785 28688.8 81305.7 79153.1 39873.8 170914 35470.9 114096 94703.7 461299 423993 39279.3 32489.5 7102.4 5293.04 25387.1 418069
internal_count=3860069 2112311 1747758 1188589 923722 454971 1292787 1093982 370673 1271293 397881 378246 525841 280910 117522 723309 714664 448550 232170 25378 222801 191322 1260620 1195820 266114 94607 18912 10987 75695 1189073
cat_boundaries=0 1 2 3 4 5 6 7 8 9 10 11 12 13 14 15 16 17 18 19 20
cat_threshold=44 71 643 1 48 12 1 4 65 48 20 120 1 20 2 1 96 1 8 80
is_linear=0
shrinkage=0.08


Tree=14
num_leaves=31
num_cat=15
split_feature=38 3 38 34 4 43 3 34 34 3 44 31 3 43 46 27 3 17 3 45 18 31 11 13 12 38 45 45 34 34
split_gain=13824.9 3574.48 3075.56 2584.51 1508.46 1310.06 1281.08 1284.39 1242.37 1143.99 905.261 770.099 738.521 795.282 709.042 647.721 647.159 622.014 797.051 565.625 556.685 551.011 546.705 534.758 587.633 533.056 1761.1 558.353 501.118 466.324
threshold=0 345.05000305175787 1 2 1.5000000000000002 3 24.564999580383304 4 5 1.0000000180025095e-35 6 1.0000000180025095e-35 583.55001831054699 7 8 1.0000000180025095e-35 448.10499572753912 4.5000000000000009 474.59500122070318 9 23535.780273437504 1.0000000180025095e-35 32.500000000000007 17.510000228881839 833.42504882812511 10 11 12 13 14
decision_type=1 10 1 1 8 9 10 1 1 10 9 10 10 9 1 8 8 2 10 9 2 10 2 2 2 1 9 9 1 1
left_child=1 3 4 9 16 -6 29 14 -3 -1 17 -4 15 -14 20 -12 28 18 -10 -13 -8 25 -9 -11 -25 27 -27 -7 -2 -5
right_child=2 8 11 6 5 21 7 22 10 23 12 19 13 -15 -16 -17 -18 -19 -20 -21 -22 -23 -24 24 -26 26 -28 -29 -30 -31
leaf_value=0.10222391811412709 0.079632535202524862 0.021506102434973341 0.066468615482376911 0.079264834982766055 0.09755097982090144 0.1012307881842016 0.053063248238672991 0.03855257211217207 0.061727071628630566 0.069413928339019743 0.36514731748468565 -0.02452967979898598 0.049785719996483818 0.02068262551435527 0.097507236472449799 0.046462140805927497 0.087953065832763619 0.04313494498984962 0.13149097473871493 0.094282179452823953 0.15525400750378451 0.10712491669116987 0.092504348330768593 0.049740538245995336 0.069767794003983974 0.04811291120931372 0.079223971531443768 0.079634097678608282 0.06536144891230794 0.058146808645291842
leaf_weight=5562.0329750776291 20242.68027414754 18325.153003944084 474989.24827396683 11431.946202494204 29859.280994478613 11468.685151297599 77785.988785048947 62512.307497063652 2516.8552714139223 65604.646277353168 40.842920629307628 266.99032505974174 9241.0339897219092 17322.724137766287 2416.9130411371589 65053.58963012509 11894.703104801476 2955.4874993525445 1796.033574346453 8304.7735002711415 342.66924027353525 4300.3174948841333 1225.6140321660787 23851.847141584381 15450.325151860714 13694.222006879747 82910.761114742607 26175.743298906833 81055.612217701972 17314.096544735134
leaf_count=1485 34482 218079 1281751 19408 25818 10388 361535 364918 5662 164025 114 943 70494 246641 3148 424079 19727 17113 8325 10564 914 2950 2387 109411 46967 26809 126831 39860 167916 47538
internal_value=0.064471 0.0524272 0.0707773 0.0572875 0.0774395 0.0822425 0.0511682 0.0480986 0.0406802 0.0668616 0.0442253 0.0668961 0.0420748 0.0308336 0.0548248 0.0466621 0.0703004 0.0714059 0.0907791 0.0906628 0.0535115 0.0789306 0.0395838 0.0649931 0.0576136 0.0780334 0.0748193 0.0862388 0.0682276 0.066593
internal_weight=1.16591e+06 400750 765163 283498 281602 168409 173030 144283 117252 110469 98926.6 483561 91658.2 26563.8 80545.6 65094.4 113193 7268.38 4312.89 8571.76 78128.7 138550 63737.9 104907 39302.2 134249 96605 37644.4 101298 28746
internal_count=3860282 2112243 1748039 1121736 454781 232656 799848 732902 990507 321888 772428 1293258 741328 317135 365597 424193 222125 31100 13987 11507 362449 206838 367305 320403 156378 203888 153640 50248 202398 66946
cat_boundaries=0 1 2 3 4 5 6 7 8 9 10 11 12 13 14 15
cat_threshold=44 643 67 5 12 32 1 12 1 32 512 32 34 100 32
is_linear=0
shrinkage=0.08


Tree=15
num_leaves=31
num_cat=15
split_feature=2 43 13 31 45 45 12 37 32 4 4 4 4 32 42 35 43 35 11 46 43 32 35 42 35 13 12 22 46 45
split_gain=6585.18 4459.5 1913.11 1615.51 1351.27 1219.8 915.344 850.99 850.977 1342.43 743.487 736.888 671.652 601.012 556.382 503.965 478.974 472.6 456.236 456.151 440.451 527.936 430.43 404.709 378.081 372.003 368.515 361.434 350.838 342.092
threshold=inf 0 345.00500488281256 1.0000000180025095e-35 1 2 4924.4750976562509 3 -4.5150001049041739 64.500000000000014 1.0000000180025095e-35 1.5000000000000002 1.5000000000000002 -6.7950000762939444 4 5 6 7 42.500000000000007 8 9 -4.5150001049041739 10 11 12 40.024999618530281 833.42504882812511 6.5000000000000009 13 14
decision_type=8 9 2 10 9 9 2 1 10 8 10 8 10 10 9 1 9 1 2 1 9 8 1 9 1 2 2 2 1 9
left_child=1 2 6 7 10 -5 15 11 20 -10 17 13 14 -3 19 -1 -11 -4 -6 22 -2 -22 26 -13 -8 -26 -9 -24 -17 -15
right_child=8 3 4 5 18 -7 24 12 9 16 -12 23 -14 29 -16 28 -18 -19 -20 -21 21 -23 27 -25 25 -27 -28 -29 -30 -31
leaf_value=0.053727886261907165 0.095876529747923822 0.064395327927295437 0.025704060286337902 -0.032359882988401853 0.0076956537110372614 0.089059106244379599 0.080415858799988027 0.052907336677402966 0.039369959698801311 0.10846770726992762 0.077739894918725891 0.059971562915797229 0.068381227839263564 0.052909061824830579 0.059525592689616956 0.041065938487109127 0.073797179188640177 0.043895185703956723 0.074232396458196626 0.081079265211331852 0.0975758593740335 0.072138933704128119 0.044713097863574351 0.066851237822450227 0.080100853491771179 0.0094720760410205822 0.070127025903528512 0.32046428928139686 0.086522775545342934 0.060109919392306387
leaf_weight=119009.46492944472 27557.316436927766 92337.906409468502 12065.799102585763 547.54404826462269 10723.286544136703 16540.543556775898 10095.932100335136 83924.535595539957 6452.6610930636525 3763.5655967444181 3499.9636822361499 77138.447680240497 29144.382077181712 89535.859143810347 123891.20275308937 32645.95902156271 9092.395454287529 39247.776846399531 702.77332494407892 3396.2911274135113 7824.0468294508755 15701.413805566728 44734.087669679895 211247.31980871968 866.44573009759188 1062.5671786814928 8786.7602181639522 30.441763442009687 1124.0600757002831 84398.805018434301
leaf_count=468617 11657 235374 148492 2150 109977 22562 20386 299469 14372 1570 12971 205172 90549 275352 403892 285182 9735 239498 3425 4913 2940 11733 254020 436146 6625 14004 28439 67 3339 239164
internal_value=0.0597319 0.0582095 0.0483225 0.0608471 0.036842 0.0852017 0.0529397 0.0603574 0.0834514 0.0691443 0.042057 0.0622124 0.0568525 0.0591789 0.0555856 0.0512671 0.0840887 0.0396313 0.0117778 0.0521126 0.0888593 0.0805644 0.0514008 0.0650154 0.0741912 0.0409836 0.0545335 0.0448906 0.0425664 0.0564097
internal_weight=1.16709e+06 1.0967e+06 231044 865654 66239.6 17088.1 164804 848566 70391.4 19308.6 54813.5 554658 293908 266273 264763 152779 12856 51313.6 11426.1 140872 51082.8 23525.5 137476 288386 12024.9 1929.01 92711.3 44764.5 33770 173935
internal_count=3861792 3809785 1312516 2497269 514363 24712 798153 2472557 52007 25677 400961 1391208 1081349 749890 990800 757138 11305 387990 113402 586908 26330 14673 581995 641318 41015 20629 327908 254087 288521 514516
cat_boundaries=0 1 2 3 4 5 6 7 8 9 10 11 12 13 14 15
cat_threshold=33 13 32 102 40 48 4 1 1 37 48 32 48 1 35
is_linear=0
shrinkage=0.08


Tree=16
num_leaves=31
num_cat=13
split_feature=47 47 35 31 45 31 32 32 3 34 42 3 3 24 34 3 11 45 35 33 45 19 34 32 42 18 6 3 34 12
split_gain=629781 10984.7 10725.5 5025.3 2274.55 2151.58 1661.9 1521.8 1416.46 1385.77 1729.37 1227.23 1102.85 1083.19 1043.73 1034.38 935.94 909.047 897.325 889.309 764.319 761.121 761.024 693.397 649.705 643.31 674.379 607.174 604.203 565.776
threshold=0 1 2 1.0000000180025095e-35 3 1.0000000180025095e-35 inf -8.0850000381469709 177.68499755859378 4 5 527.47000122070324 70.375000000000014 -1.0000000180025095e-35 6 90.990001678466811 81.500000000000014 7 8 1.0000000180025095e-35 9 296.02499389648443 10 -15.234999656677244 11 225.05000305175784 33.030029296875007 59.940000534057624 12 34446.089843750007
decision_type=1 1 1 10 9 10 8 10 10 1 9 8 10 2 1 10 2 9 1 2 9 2 1 10 9 2 2 10 1 2
left_child=6 3 5 4 14 7 -1 11 -4 -6 12 -3 -11 15 -2 27 -16 -5 -10 23 22 -20 -17 -12 25 26 -24 -9 -28 -21
right_child=1 2 8 17 9 -7 -8 13 18 10 19 -13 -14 -15 16 20 -18 -19 21 29 -22 -23 24 -25 -26 -27 28 -29 -30 -31
leaf_value=0.098823879274377371 0.0027678691634356635 -0.010894241690955818 0.062470111571828309 0.070170390162560756 -0.054441252693173701 0.058276890767839609 0.090838463712636583 -0.02356860668508718 0.045864192962961549 0.094233773020582848 -0.035313088703252352 0.098090939702037902 -0.026742082732472295 0.14274535411726746 -0.034288518969547793 -0.051162732993148941 0.43164353589023968 0.0024032243274732289 0.027861511842906257 0.013508698789151393 -0.039379701827989631 -0.015083457018944361 0.07574121598275553 -0.048162686978195625 -0.0086287622373898525 0.00011489462605575573 0.42125556668987835 0.0063228601592606468 0.062117202216478672 0.35093323584587871
leaf_weight=535232.11261251569 10529.97387329489 32207.395503593609 8621.6616597361863 2816.1439076289535 49500.738621653989 2129.2746905200183 242310.19583275914 15926.972432807088 6625.2513350322843 487.76590152829885 37748.441370036453 675.12129911407828 42892.163102479652 233.22782123461366 10311.916805978864 1586.1092919223011 27.666007529944181 2308.7823922317475 5819.0094476938248 1270.4319439288229 45987.27745349519 4836.5593433696777 433.24049271829426 93325.179208211601 2195.2590166591108 484.20757136680186 71.196171313524246 5982.77360214293 70.386547565460205 32.61981807090342
leaf_count=212060 71339 188792 18128 7989 713534 5325 117895 90824 15297 1843 360562 903 436044 1006 129615 13911 229 16248 36652 15080 347945 50944 2091 962117 11902 3267 127 29170 424 185
internal_value=0.0548972 -0.0287612 -0.0102529 -0.0386237 -0.0402563 -0.0213423 0.0963353 -0.0229458 0.0359707 -0.0425969 -0.0392581 -0.00865663 -0.025376 -0.0293849 -0.0149651 -0.0299369 -0.0330099 0.0397829 0.0227706 -0.043805 -0.0362004 0.00836096 -0.00590105 -0.0444621 0.0162482 0.0674139 0.125277 -0.0154063 0.276854 0.0219556
internal_weight=1.16268e+06 385137 133885 251252 246127 107982 777542 105853 25902.5 225257 175757 32882.5 43379.9 72970.7 20869.6 72737.4 10339.6 5124.93 17280.8 132377 50827.7 10655.6 4840.4 131074 3254.29 1059.03 574.823 21909.7 141.583 1303.05
internal_count=3861448 3531493 816708 2714785 2690548 695687 329955 690362 121021 2489365 1775831 189695 437887 500667 201183 499661 129844 24237 102893 1337944 379667 87596 31722 1322679 17811 5909 2642 119994 551 15265
cat_boundaries=0 1 2 3 4 5 6 7 8 9 10 11 12 13
cat_threshold=2 4 32 8 96 17 14 14 8 8 96 9 4
is_linear=0
shrinkage=0.08


Tree=17
num_leaves=31
num_cat=14
split_feature=38 2 38 7 2 41 32 38 3 4 43 18 5 32 44 3 3 39 38 13 17 3 46 46 39 38 3 38 44 3
split_gain=11280.8 4644.48 3049.53 1904.54 1750.24 1632.14 1235.71 1150.74 1103.38 858.632 828.772 816.034 654.823 633.366 561.556 1138.91 682.227 539.982 461.113 454.407 452.078 439.262 1805.7 530.072 432.256 427.79 819.155 496.817 444.469 416.53
threshold=0 inf 1 22.750001907348636 inf 2 -4.7249999046325675 3 592.01000976562511 1.5000000000000002 4 5396.9750976562509 30.500000000000004 -4.2850000858306876 5 1.0000000180025095e-35 inf 6 7 1092.3999633789065 101.50000000000001 24.564999580383304 8 9 10 11 18.964999198913578 12 13 24.564999580383304
decision_type=1 8 1 2 8 9 10 1 10 8 9 2 2 10 9 10 8 9 1 2 2 10 1 1 9 1 8 1 9 8
left_child=1 3 5 11 14 10 -3 -5 12 17 -2 21 19 -6 15 -4 18 -7 -16 -9 -10 22 29 -23 -17 28 27 -27 -11 -1
right_child=2 6 4 7 13 9 -8 8 20 25 -12 -13 -14 -15 16 24 -18 -19 -20 -21 -22 23 -24 -25 -26 26 -28 -29 -30 -31
leaf_value=0.053731328246436186 0.088691166281859357 0.092483754472473131 -0.022137617251548496 0.040000445792091159 0.0905493023620174 0.069597191135708752 0.026874546087166142 0.032918788343082345 0.0064964084328244191 0.094160564957015844 0.067128524272051321 0.065592234932815352 0.072584853202125529 0.051165711900120446 0.054852978347143824 0.086157053348981397 0.10887981286757351 0.053489690757111498 0.049461798032337453 0.016055614461496618 0.14278433298583768 0.041014529783173999 -0.078061435120402256 0.068949063967317856 0.061624960071273716 0.053900417163102218 0.065829539778947663 0.01230503233715885 0.070009815744401488 0.12311936467650846
leaf_weight=28831.717955008149 24934.822924464941 13774.005294997245 974.45545825362206 71081.874138318002 11302.326457258314 16106.983460605145 2120.0286085382104 47059.580125775188 16651.257454466075 5870.9716361537576 21932.955147631466 10884.340404564515 2318.1451850961894 3399.4246605932713 226719.65920096263 5480.5530559569597 1373.0696769058704 76979.550342146307 190165.53761255927 13066.581066753715 157.23902482911944 180905.38505203277 666.87929044663906 4454.4727376140654 28505.285755168647 5180.561680175364 84099.400338251144 2877.590156018734 28809.221801389009 564.51796346902847
leaf_count=72788 18932 6548 1959 381951 4810 28648 6682 323984 262380 3661 28669 47028 4403 5582 548932 7544 555 171282 672889 110986 1427 882363 2079 9352 51236 8192 142385 5962 46464 222
internal_value=0.0523242 0.0413704 0.0581752 0.0395839 0.0542759 0.0650118 0.0837325 0.0326041 0.025962 0.0621089 0.0786169 0.0442205 0.0308627 0.0814428 0.0533958 0.063136 0.0525817 0.0562768 0.0523963 0.0292541 0.00777135 0.0431407 0.0521108 0.0416858 0.065581 0.0663941 0.063488 0.0391287 0.0740769 0.0550638
internal_weight=1.12725e+06 392536 734712 376642 467920 266792 15894 150335 79252.8 219924 46867.8 226307 62444.3 14701.8 453219 34960.3 418258 93086.5 416885 60126.2 16808.5 215423 30063.1 185360 33985.8 126838 92157.6 8058.15 34680.2 29396.2
internal_count=3859895 2112193 1747702 2098963 1293507 454195 13230 1085131 703180 406594 47601 1013832 439373 10392 1283115 60739 1222376 199930 1221821 434970 263807 966804 75089 891715 58780 206664 156539 14154 50125 73010
cat_boundaries=0 1 2 3 4 5 6 7 8 9 10 11 12 13 14
cat_threshold=44 643 20 12 4 1 1 80 1 1 1 512 2 1
is_linear=0
shrinkage=0.08


Tree=18
num_leaves=31
num_cat=17
split_feature=47 38 47 39 31 31 45 4 41 24 32 31 3 38 32 32 45 34 40 3 38 47 34 6 3 41 1 45 38 42
split_gain=566490 9474.25 6352.36 6839.54 2839.27 2123.87 1924.12 1864.03 1734.59 1724.36 1680.3 1354.43 1221.61 1188.39 1182.05 1108.11 1097.87 905.168 881.05 829.997 875.964 1085.03 1011.82 860.423 825.121 711.026 708.422 695.261 687.82 970.152
threshold=0 1 2 3 1.0000000180025095e-35 1.0000000180025095e-35 4 65.500000000000014 5 -1.0000000180025095e-35 inf 1.0000000180025095e-35 501.13999938964849 6 -10.105000019073485 -5.2149999141693106 7 8 9 121.52499771118165 10 11 12 69.02500152587892 351.16500854492193 13 3.5000000000000004 14 15 16
decision_type=1 1 1 9 10 10 9 8 9 2 8 10 8 1 10 10 9 1 1 8 1 1 1 2 8 9 2 9 1 9
left_child=10 5 4 -4 6 8 13 9 12 11 -1 15 18 -3 -8 -5 -6 24 -2 23 22 -22 25 26 -9 -21 -10 -11 29 -16
right_child=1 2 3 7 16 -7 14 17 19 27 -12 -13 -14 -15 28 -17 -18 -19 -20 20 21 -23 -24 -25 -26 -27 -28 -29 -30 -31
leaf_value=0.092334307453584383 -0.014660037293411412 -0.039425573601087519 0.05895656187327479 -0.019521517782902661 0.058618430917806857 0.070920676486883868 -0.037153204753338477 -0.033916445389351575 -0.01595018816560145 0.19288683792596201 0.084057852414881493 0.04817966058782986 0.036826011394213001 0.00059146190514780441 -0.028289331575898257 -0.042311763149267774 -0.024693071129668322 0.0010993485183847034 -0.045603368421146213 0.15507757096611155 -0.014005506926314358 0.050607177481371189 0.030421706765458842 0.025048200700287491 0.10544767810413978 -0.011394176029967095 0.10131708508390876 -0.027513436678178693 -0.054516622951585075 -0.055766827490508826
leaf_weight=506685.35511170328 33450.39107196033 10153.140911482275 6675.292327541858 19952.373787753284 2306.4146484732628 2338.1796771399677 52118.811911961064 8588.3300695903599 12730.385362058878 293.996607625857 227471.86483556032 1274.508513238281 2562.7735275067389 8925.3171164356172 17590.891460634768 43255.199410950765 1792.6729408167303 20539.627654775977 7149.3892790675163 866.32961634173989 4519.5059908665717 2632.0613047033548 2576.5782095007598 5400.318094946444 280.78045576438308 208.84195829927921 338.46555364876986 134.61909930035472 104013.45927218534 15584.936076235026
leaf_count=212754 193094 135988 10967 153262 6785 4697 598801 51597 56015 1009 117759 3881 13350 56934 134232 361646 14241 102990 35426 593 26016 7001 8660 23762 1058 890 860 1086 1410554 114695
internal_value=0.0484392 -0.0297141 -0.035817 -0.0192998 -0.0436694 -0.00412279 -0.0449664 -0.0248382 -0.00654574 -0.0324082 0.0897699 -0.0334713 -0.0167386 -0.0207142 -0.0474069 -0.0351177 0.0222662 -0.00812979 -0.0201238 0.00848649 0.0261028 0.00976088 0.0579214 -0.00181337 -0.0294712 0.122935 -0.0129131 0.127522 -0.0513058 -0.0412103
internal_weight=1.12241e+06 388254 313480 100995 212486 74773.2 208387 94319.4 72435 64910.7 734157 64482.1 43162.6 19078.5 189308 63207.6 4099.09 29408.7 40599.8 29272.5 10803.3 7151.57 3651.75 18469.2 8869.11 1075.17 13068.9 428.616 137189 33175.8
internal_count=3860603 3530090 3159726 687496 2472230 370364 2451204 676529 365667 520884 330513 518789 241870 192922 2258282 514908 21026 155645 228520 123797 43160 33017 10143 80637 52655 1483 56875 2095 1659481 248927
cat_boundaries=0 1 2 3 4 5 6 7 8 9 10 11 12 13 14 15 16 17
cat_threshold=2 643 4 1 8 35 40 14 36 2 129 4 112 16 33 80 25
is_linear=0
shrinkage=0.08


Tree=19
num_leaves=31
num_cat=23
split_feature=38 2 19 38 32 41 34 38 34 44 32 4 45 38 35 34 44 41 35 42 38 44 46 46 12 33 36 45 45 34
split_gain=8949.67 4694.34 1866.27 1734.67 1691.33 1631.27 1247.35 1548 1202.09 1176.17 957.35 794.564 740.924 732.771 660.98 803.521 674.355 645.263 639.456 614.879 520.79 510.134 663.803 497.98 492.675 688.136 827.8 458.177 424.832 419.92
threshold=0 inf 972.19000244140636 1 -4.7249999046325675 2 3 4 5 6 -7.3949999809265128 1.5000000000000002 7 8 9 10 11 12 13 14 15 16 17 18 2878.930053710938 1.0000000180025095e-35 19 20 21 22
decision_type=1 8 2 1 10 9 1 1 1 9 8 8 9 1 1 1 9 9 1 9 1 9 1 1 2 2 9 9 9 1
left_child=1 2 6 29 -3 8 18 -8 20 -9 -7 14 -5 -13 15 -12 23 -11 -1 -15 -2 22 28 24 -17 -26 -27 -18 -19 -4
right_child=5 4 3 12 -6 10 7 9 -10 17 11 13 -14 19 -16 16 27 21 -20 -21 -22 -23 -24 -25 25 26 -28 -29 -30 -31
leaf_value=0.031501716664731998 0.093286132585685966 0.087314209936836765 0.04134911570474796 -0.0077007340940594094 0.022886584827155807 0.072136036669404116 0.044615395832709674 0.046415091306317761 0.053927351175208429 0.036386940708246454 0.058777010149894081 0.063405331702454659 0.020320626422750267 0.057725615417327153 0.055157090882728986 0.039511345161384916 0.015681343717116377 0.032202631884098491 0.046937600600926541 0.048411104410162692 0.057783897706975632 -0.019161458653855577 0.090035924365898024 0.078449105168694341 0.063303542574942417 0.50065161003062653 -0.0093160329821949037 0.07503113895617862 0.021715173056437113 0.020648827489072406
leaf_weight=19509.66993500106 13473.079231292009 16867.56088347733 38426.882098246366 7294.7180697973818 3084.6138782110065 15574.214540630579 104725.01512957737 32858.66580652073 13602.756151828915 61225.620114795864 24106.854851145297 53606.903822403401 35051.725421775132 85460.057924814522 64519.722855288535 108814.65800064057 989.57415295392275 42458.138692421839 155910.43486887962 99591.66238353774 3463.495321188122 1574.4318074323237 1049.0256596021354 2260.0747969299555 3897.7435404807329 40.170277189463377 43.090694274753332 6035.2230119667947 59855.986580420285 7580.9186360444874
leaf_count=162648 5539 8680 167473 87293 9283 23659 364409 93644 16986 334405 49070 78861 322558 181996 150977 287703 2384 301233 505575 210384 4879 12853 2048 2420 8773 85 297 5950 414866 43425
internal_value=0.0458954 0.0392132 0.037873 0.0271894 0.0773537 0.0538163 0.0398429 0.0367332 0.0717723 0.0325836 0.0526354 0.0519607 0.0154929 0.0551216 0.0483805 0.0453828 0.0427333 0.0298504 0.0452228 0.0527156 0.0860644 0.0260308 0.0267217 0.0412676 0.0405226 0.0681648 0.295736 0.0667997 0.0260725 0.0379435
internal_weight=1.08295e+06 587473 567521 88354.2 19952.2 495479 479167 303747 30539.3 199022 464940 449366 42346.4 238659 210707 146187 122081 166163 175420 185052 16936.6 104938 103363 115056 112796 3981 83.261 7024.8 102314 46007.8
internal_count=3860356 2830393 2812430 620749 17963 1029963 2191681 1523458 27404 1159049 1002559 978900 409851 471241 507659 356682 307612 1065405 668223 392380 10418 731000 718147 299278 296858 9155 382 8334 716099 210898
cat_boundaries=0 1 2 3 4 5 6 7 8 9 10 11 12 13 14 15 16 17 18 19 20 21 22 23
cat_threshold=300 260 16 67 256 120 1 34 513 32 68 2 19 1 25 641 2 1 1 66 32 12 30
is_linear=0
shrinkage=0.08


Tree=20
num_leaves=31
num_cat=16
split_feature=47 46 47 39 37 41 31 33 31 37 37 46 3 2 31 3 3 40 3 31 45 4 45 31 45 34 31 19 34 45
split_gain=507705 10870.4 7911.75 5585.85 2821.51 2770.47 2534.82 1557.68 1537.09 1394.36 1354.71 1240.56 3696.94 3215.32 1151.25 1092.05 1013.39 999.369 929.994 894.155 820.884 760.542 759.738 759.9 809.551 749.429 725.929 729.275 714.182 686.381
threshold=0 1 2 3 4 5 1.0000000180025095e-35 1.0000000180025095e-35 1.0000000180025095e-35 6 7 8 35.23500061035157 inf inf inf 357.61499023437506 9 778.97000122070324 1.0000000180025095e-35 10 1.5000000000000002 11 1.0000000180025095e-35 12 13 1.0000000180025095e-35 10071.114746093752 14 15
decision_type=1 1 1 9 1 9 10 2 10 1 1 1 10 8 8 8 8 1 8 8 9 10 9 10 9 1 10 2 1 9
left_child=11 2 6 17 10 8 7 9 16 -2 18 14 13 20 -1 19 28 -4 26 21 -13 -11 -3 24 -24 -7 27 -5 -6 -21
right_child=1 22 3 4 5 25 -8 -9 -10 15 -12 12 -14 -15 -16 -17 -18 -19 -20 29 -22 -23 23 -25 -26 -27 -28 -29 -30 -31
leaf_value=0.08638262122809931 -0.060128722500728732 0.060796450308778491 0.073723755518999165 -0.033462776207416861 -0.05853782945912616 0.019505679424517804 0.025078559869103807 0.015103088178864552 0.088262985140949435 -0.045386631110285722 -0.068223327667841338 0.02817270704343668 0.085161011687821017 0.065039491868717755 0.078064870937666703 0.10664008035365288 -0.0043522412691416141 0.021348468376479808 0.10787146877839281 0.0053522935981902761 -0.07194096950924872 -0.029401493391722867 0.053791239899941098 -0.034422766736944013 -0.036548563753202576 -0.0059939952003376712 0.049475563875214124 0.19857228203199881 -0.027716318405899065 -0.033152294298053352
leaf_weight=532689.00413501263 26478.460858622566 7031.7739658504725 3619.8696411401033 42593.178118392825 5938.5215421579778 15564.336236722767 3652.4680557828397 3011.678606627509 760.48064909130335 149568.90252291784 7174.0849879477173 685.10508009791374 17780.012176811695 3598.3471629321575 133108.68332871795 321.80146268010139 10043.592763956636 6600.7483715116978 307.83751577883959 3229.1367164049298 2200.2347093224525 21829.04065377079 3407.9135651141405 1230.3998662829399 774.72441807389259 14009.511348221451 694.27461839094758 86.865810953080654 25822.670670539141 36484.543269885704
leaf_count=240783 368142 13168 3602 229576 53905 62445 15703 38853 1810 1688977 90201 785 7935 2251 73676 417 86247 13404 422 26113 5380 182917 11687 8540 3192 66282 1540 217 198666 363608
internal_value=0.0428297 -0.0300998 -0.0325232 -0.0168366 -0.0215588 -0.0113797 -0.0410674 -0.0420702 -0.0244459 -0.0427939 -0.0359886 0.0840722 0.0663038 0.0145922 0.0847197 -0.0406182 -0.026502 0.0399914 -0.0306801 -0.0408446 -0.0483213 -0.0433508 0.0434667 0.0208037 0.0370994 0.00742821 -0.0316705 -0.0329905 -0.0335063 -0.0300285
internal_weight=1.0803e+06 390237 377792 133216 122995 72139.1 244576 240924 42565.3 237912 50856.2 690061 24263.7 6483.69 665798 211433 41804.8 10220.6 43682.2 211112 2885.34 171398 12444.8 5413.04 4182.64 29573.8 43374.3 42680 31761.2 39713.7
internal_count=3860444 3529634 3493047 808317 791311 469355 2684730 2669027 340628 2630174 321956 330810 16351 8416 314459 2262032 338818 17006 231755 2261615 6165 1871894 36587 23419 14879 128727 231333 229793 252571 389721
cat_boundaries=0 1 2 3 4 5 6 7 8 9 10 11 12 13 14 15 16
cat_threshold=2 1 4 1 20 38 18 4 1 5 5 12 3 29 64 8
is_linear=0
shrinkage=0.08


Tree=21
num_leaves=31
num_cat=22
split_feature=47 44 38 45 36 37 47 33 1 46 34 32 47 37 46 44 41 47 35 38 27 27 32 38 45 38 43 12 37 5
split_gain=448952 9463.04 9237.13 3576.24 2653.59 2515.07 2354 2118.62 2096.4 2065.65 2057.64 1666.02 1514.16 2341.18 1311.2 1373.08 1287.72 1269.96 1917.96 1369.4 1216.18 1160.85 1068.57 1052.84 1005.44 897.708 897.217 866.876 863.689 829.309
threshold=0 1 2 3 4 5 6 1.0000000180025095e-35 1.5000000000000002 7 8 inf 9 10 11 12 13 14 15 16 2.5000000000000004 inf -7.3949999809265128 17 18 19 20 805.32482910156261 21 2.5000000000000004
decision_type=1 9 1 9 9 1 1 2 2 1 1 8 1 1 1 9 9 1 1 1 8 8 10 1 9 1 9 2 1 2
left_child=11 3 5 10 9 -3 -7 22 21 12 -2 -1 20 -14 -13 -16 -9 -5 19 -19 -4 -8 -6 28 25 -22 -15 -28 -23 -18
right_child=1 2 4 17 7 6 8 16 -10 -11 -12 14 13 26 15 -17 29 18 -20 -21 24 23 -24 -25 -26 -27 27 -29 -30 -31
leaf_value=0.083358859356558151 -0.0080090818249959582 -0.07178454434386157 0.26193401152233736 -0.032067384138031091 -0.017652094219203079 -0.047352472433774509 0.1355197052684893 -0.033476786653666366 0.034662494620841894 0.058589748581781835 0.047252830525509347 0.076206525031838612 -0.019741597771298022 -0.039444948826769292 0.021515227784212984 0.077962923161430123 0.060082907584713789 0.025664491610920003 0.079158521520320768 -0.042493402521437809 0.026478097222588631 -0.038874854452832286 -0.042556566092500997 -0.040967780396075605 -0.032776194215347061 -0.016181788313640817 0.017955252440478072 0.071167600978946699 -0.002613275583788053 0.28239413522498208
leaf_weight=455196.90669960529 6121.4483089409769 19203.547247562557 97.348681557923555 12548.423892784864 16494.280365943909 122110.64011293836 265.72058749571443 275.52219919487834 3295.4793628752232 2761.8445203378797 14594.715836130083 194480.05499869585 19030.006320089102 1517.2558066397905 5897.9099165201187 5180.3162640184164 183.15581335872412 3484.3455194160342 1867.2415426373482 4092.9404427073896 3636.2563668936491 6823.6116340905428 33260.654390089214 31317.184051539749 24708.015425123274 23585.588206231594 16104.596652623266 2230.7513590045273 10941.97424588725 259.61784548684955
leaf_count=212366 39072 347412 161 92094 75570 1718861 1109 1536 6798 6335 38888 108196 97169 9258 7216 2696 1371 11222 3586 18010 18842 45880 176090 298513 198451 184210 65470 7054 65774 1221
internal_value=0.0407862 -0.0283987 -0.0328808 0.00708383 -0.0175379 -0.04428 -0.0412537 -0.0323247 -0.027115 -0.00956776 0.0309274 0.0806594 -0.0116394 0.000303391 0.0746816 0.0479109 0.104081 -0.0153826 0.00676925 -0.0111591 -0.0205649 -0.0312405 -0.0343005 -0.0321433 -0.0210945 -0.0104757 0.0195179 0.024416 -0.0165551 0.186228
internal_weight=1.04157e+06 380812 338103 42709.1 144145 193958 174755 50473.2 52644 93671.7 20716.2 660755 90909.8 38882.6 205558 11078.2 718.296 21993 9444.53 7577.29 52027.2 49348.5 49754.9 49082.8 51929.9 27221.8 19852.6 18335.3 17765.6 442.774
internal_count=3860431 3529957 3327085 202872 842738 2484347 2136935 255788 418074 586950 77960 330474 580615 178951 118108 9912 4128 124912 32818 29232 401664 411276 251660 410167 401503 203052 81782 72524 111654 2592
cat_boundaries=0 1 2 3 4 5 6 7 8 9 10 11 12 13 14 15 16 17 18 19 20 21 22
cat_threshold=2 1 300 14 129 16 4 1 96 4 6 1 1 52 4 32 780 256 9 129 35 12
is_linear=0
shrinkage=0.08


Tree=22
num_leaves=31
num_cat=23
split_feature=47 46 38 31 47 35 42 31 32 40 41 46 47 35 37 45 37 40 38 31 45 40 17 45 45 38 38 37 32 12
split_gain=402342 7768.83 6218.28 3047.62 2858.54 2856.13 1833.47 1661.7 1458.67 1410.55 1352.07 1206.51 1191.3 1191.69 1118.83 1117.49 1094.2 1072.38 883.327 834.162 826.615 769.236 758.698 830.641 707.12 680.294 673.523 673.144 672.08 669.676
threshold=0 1 2 1.0000000180025095e-35 3 4 5 1.0000000180025095e-35 inf 6 7 8 9 10 11 12 13 14 15 1.0000000180025095e-35 16 17 5.5000000000000009 18 19 20 21 22 -6.4949998855590811 712.27499389648449
decision_type=1 1 1 10 1 1 9 10 8 1 9 1 1 1 1 9 1 1 1 10 9 1 2 9 9 1 1 1 8 2
left_child=8 2 4 6 7 16 12 22 -1 -7 21 -10 26 -14 -11 -13 -6 -18 -12 25 -15 -8 23 27 -5 28 -4 -2 -19 -28
right_child=1 -3 3 24 5 9 10 -9 11 14 18 15 13 20 -16 -17 17 19 -20 -21 -22 -23 -24 -25 -26 -27 29 -29 -30 -31
leaf_value=0.08017345638365217 0.0045246852167851346 0.03508916105821254 0.015125268505645098 -0.1112453216533182 -0.067258871606552639 0.090567956044289494 -0.033346415709985248 0.025646773633322517 0.073400227665984905 -0.046714867429549674 -0.00061978286233135122 0.020563687300195071 0.048368189537932905 0.034557928475041272 0.01321016671827812 0.072084989224250745 0.023425187796422293 0.08379782168585162 -0.025049727798452184 0.057148569711778736 -0.0087625341841590827 -0.065193557615142519 -0.053273544746181206 -0.043659365660368307 0.068103769311036427 -0.042252814926291141 -0.027485512954720012 -0.038267646733420667 -0.024207449337935207 -0.0035438803694178914
leaf_weight=434792.72104747593 4353.9361460357904 12360.561823621392 3782.6361672505736 139.85929473116994 5265.4175587408245 1220.1417942345142 16931.773877140135 2137.9358287081122 188511.51649963856 2514.9640774689615 12087.523177381605 5511.9205122292042 3540.0384915322065 3350.9845650345087 9472.6733885407448 5312.5381297841668 2386.8209316879511 375.67045845836401 43920.447554200888 667.83935643360019 17473.066297896206 6863.516145799309 50838.879396993667 84474.954009087756 3082.05573926121 23385.044330134988 25119.373712215573 5112.3947303947061 19964.302204914391 10646.161016914994
leaf_count=211770 38642 36562 19947 739 68835 1423 116618 10903 108205 27572 54869 6806 4955 13964 67234 3036 7731 1778 245875 1756 86493 40470 878383 1115066 6548 216522 189103 60105 139422 79644
internal_value=0.0388455 -0.02727 -0.0294164 -0.0167625 -0.0381771 -0.0242455 -0.0184888 -0.0443674 0.0775755 0.00898228 -0.0265745 0.0719088 -0.00838708 0.00552705 0.000609648 0.0459354 -0.0326734 -0.028767 -0.0197784 -0.0315778 -0.00177821 -0.0425559 -0.0454013 -0.041141 0.0601845 -0.0329402 -0.0169612 -0.0186018 -0.0222017 -0.0203532
internal_weight=1.0056e+06 371469 359108 146937 212171 65252.9 143716 146918 634129 13207.8 79803.3 199336 63912.3 24364.1 11987.6 10824.5 52045.1 46779.7 56008 44392.9 20824.1 23795.3 144780 93941.3 3221.92 43725 39548.2 9466.33 20340 35765.5
internal_count=3860976 3531159 3494597 859225 2635372 532273 851938 2103099 329817 96229 457832 118047 394106 105412 94806 9842 436044 367209 300744 359478 100457 157088 2092196 1213813 7287 357722 288694 98747 141200 268747
cat_boundaries=0 1 2 3 4 5 6 7 8 9 10 11 12 13 14 15 16 17 18 19 20 21 22 23
cat_threshold=2 1 300 4 32 25 1 34 1 4 24 20 40 16 1 640 40 2 8 32 264 129 108
is_linear=0
shrinkage=0.08


Tree=23
num_leaves=31
num_cat=16
split_feature=38 3 41 32 43 38 13 46 44 45 37 42 38 45 38 38 44 1 14 0 3 3 18 32 25 3 32 44 36 3
split_gain=5495.97 1771.48 1675.88 1518.76 1390.56 1071.03 1371.14 983.542 770.213 722.998 717.747 685.101 694.112 1202.87 3470.59 623.865 621.845 618.185 569.051 566.689 548.819 526.146 471.846 437.932 421.059 409.774 409.196 468.554 390.153 384.637
threshold=0 inf 1 -15.234999656677244 2 3 173.7749938964844 4 5 6 7 8 9 10 11 12 13 8.5000000000000018 1.0000000180025095e-35 1.5000000000000002 430.15499877929693 1.0000000180025095e-35 199.02500152587893 -15.234999656677244 1.0000000180025095e-35 438.80000305175787 -3.2849999666213985 14 15 9.4749999046325701
decision_type=1 8 9 8 9 1 2 1 9 9 1 9 1 9 1 1 9 2 2 2 10 10 2 8 8 10 10 9 9 10
left_child=1 3 4 -1 15 6 18 -3 20 25 -10 -4 16 14 -14 -2 21 23 -5 -11 -7 -13 -20 -18 -25 -8 -15 -28 -12 -26
right_child=2 7 11 5 -6 8 9 -9 10 19 28 12 13 26 -16 -17 17 -19 22 -21 -22 -23 -24 24 29 -27 27 -29 -30 -31
leaf_value=0.059030949672398157 0.087328444984832554 0.091239026429420736 0.047994568325743218 0.028935903516812741 0.041928388311455504 0.040790640747614841 0.0081717207666070473 0.025247211530730888 0.045520624680681701 0.029321642198048049 0.03150099436190535 -0.010712456587982535 0.03321447698993292 0.044576797728508595 -0.048337213436160729 0.045290217404874128 0.077065289401723427 0.34667971831812017 0.43507756261911135 0.012296022108964631 0.073951375761614938 0.068354854227642495 0.049267491184438204 0.18649152735345698 0.076239181632283923 -0.023174455299631851 0.06793761791645643 0.035546036630316739 0.021153528142517468 0.041778116483233214
leaf_weight=12103.651972834021 12098.917638577521 4885.3159946873784 105393.42689202726 96977.801525894552 11261.322781167924 31769.826677247882 8837.6182016935199 2052.7660774588585 22216.940607447177 23095.145140729845 258085.62368993834 569.65887577831745 26251.257895611227 76251.923118397593 3818.4564076773822 2875.9210606329143 2425.6727301031351 43.051242165267467 20.334573512896895 27303.34094998613 3551.2393697053194 9889.3070808462799 8802.8903190493584 130.1200430765748 2116.6389984115958 3823.8852351121604 2955.1883466169238 86980.958640355617 25838.531566303223 100256.67200377956
leaf_count=34082 5809 1810 254545 559037 17274 76415 63828 2567 63230 149648 1301259 934 67203 166434 13270 4328 3075 46 99 348703 11659 10238 45269 139 2141 80966 2751 241377 93537 238610
internal_value=0.0370613 0.0315554 0.0436343 0.0310226 0.0632757 0.0303583 0.0251387 0.0717141 0.0329379 0.0158026 0.0316483 0.0423972 0.0405031 0.0375959 0.0228459 0.0792906 0.0454423 0.0435928 0.0307056 0.020094 0.0441247 0.0640484 0.0501567 0.0434685 0.0426734 -0.00129408 0.0402632 0.0366104 0.0305601 0.0424906
internal_weight=972683 529365 443318 522427 26236.2 510323 168861 6938.08 341462 63060 306141 417082 311689 196258 30069.7 14974.8 115431 104972 105801 50398.5 35321.1 10459 8823.22 104929 102503 12661.5 166188 89936.1 283924 102373
internal_count=3860283 2832109 1028174 2827732 27411 2793650 1247550 4377 1546100 643145 1458026 1000763 746218 491035 80473 10137 255183 244011 604405 498351 88074 11172 45368 243965 240890 144794 410562 244128 1394796 240751
cat_boundaries=0 1 2 3 4 5 6 7 8 9 10 11 12 13 14 15 16
cat_threshold=300 16 4 32 1 1 34 2 9 514 32 80 641 1 1 163
is_linear=0
shrinkage=0.08


Tree=24
num_leaves=31
num_cat=17
split_feature=2 43 34 32 34 4 35 37 44 45 46 44 41 32 41 36 32 46 45 32 31 34 4 4 13 45 27 36 2 4
split_gain=4712.75 1580.55 1136.85 1134.82 1080.98 919.215 857.974 758.728 758.484 1368.89 791.91 947.923 746.743 697.596 657.885 585.938 571.655 823.663 1882.51 536.73 738.207 532.842 548.749 512.759 478.616 470.804 449.554 446.05 429.107 420.79
threshold=inf 0 1 -6.4949998855590811 2 1.5000000000000002 3 4 5 6 7 8 9 -8.0850000381469709 10 11 3.1950000524520878 12 13 -8.9250001907348615 1.0000000180025095e-35 14 1.5000000000000002 74.000000000000014 355.72500610351568 15 9.2500000000000018 16 1.0000000180025095e-35 1.0000000180025095e-35
decision_type=8 9 1 8 1 10 1 1 9 9 1 9 9 8 9 9 10 1 9 10 8 1 10 8 2 9 8 9 10 8
left_child=1 4 -2 -4 5 7 24 28 16 14 12 -12 29 -14 23 -5 17 -3 -19 20 -20 -15 -23 27 -6 26 -9 -10 -1 -11
right_child=2 8 3 15 6 -7 -8 25 9 10 11 -13 13 21 -16 -17 -18 18 19 -21 -22 22 -24 -25 -26 -27 -28 -29 -30 -31
leaf_value=0.030593051418142753 0.07288747044276446 0.043749272869639838 0.080762176411788844 0.030731085041017719 0.023427325081047026 0.057415856530656506 0.032729175715698451 0.098134436289951707 0.035914418839519326 0.039204564161124486 0.064363332922516461 0.0055720963447155403 0.054654978125362408 0.035411075345689796 0.030287783896229464 0.057267010441502945 0.065186033711921346 -0.085309542815936459 -0.029404102798872046 0.064144785218496744 0.040353445187310238 0.027283295970105165 0.038673715149587444 -0.32224261606639543 -0.0070078215769551616 -0.014656687910448494 0.01036401104618871 0.011669070399620608 -0.0099555035782259368 0.05383927476833289
leaf_weight=18817.882410503924 20710.148588730022 56826.621407322586 5530.8507909439504 14737.232323780656 8692.4877045340836 3476.0695974100381 125511.88860657811 378.650076886639 5913.9675379134715 45122.155616696924 10967.719002410769 2089.6137381307781 10222.641967605799 322871.7495456636 49650.149159625173 8439.9654389098287 6617.4323275350034 1016.0342420786619 1528.2912417724729 2141.4020112454891 2662.0997454300523 125215.61311194673 34534.849114015698 28.706478985026479 5337.3307210784405 5199.9277222529054 27346.039686761796 27206.309503743425 1833.0031705517322 17431.798699900508
leaf_count=142026 17470 130101 3072 23404 95773 15162 611328 2171 14297 192205 13437 7827 32843 1024620 151888 8420 11793 3256 3036 2170 2986 602599 112162 181 87485 68414 272337 153647 16920 36631
internal_value=0.0344958 0.0332012 0.0585619 0.0481852 0.0268343 0.0175467 0.03063 0.0149632 0.0349339 0.0340795 0.0354802 0.0549548 0.0350229 0.0339739 0.0244561 0.0404321 0.0427987 0.0404903 0.0152856 0.0315126 0.0149119 0.0335365 0.0297438 0.015715 0.0118405 0.00741508 0.0115586 0.0160127 0.0269808 0.0432759
internal_weight=968059 918640 49418.2 28708 196593 57051.6 139542 53575.5 722047 651255 568456 13057.3 555399 492845 82799.1 23177.2 70791.9 64174.4 7347.83 6331.79 4190.39 482622 159750 33149 14029.8 32924.6 27724.7 33120.3 20650.9 62554
internal_count=3859661 3807295 52366 34896 1311616 517030 794586 501868 2495679 2342337 2022324 21264 2001060 1772224 320013 31824 153342 141549 11448 8192 6022 1739381 714761 168125 183258 342922 274508 167944 158946 228836
cat_boundaries=0 1 2 3 4 5 6 7 8 9 10 11 12 13 14 15 16 17
cat_threshold=33 112 48 1 106 1 34 1 2 20 38 128 1 32 71 13 11
is_linear=0
shrinkage=0.08


Tree=25
num_leaves=31
num_cat=26
split_feature=47 44 38 36 45 37 32 46 38 47 35 33 47 35 38 46 39 38 46 44 2 37 35 45 45 41 46 44 32 38
split_gain=376337 7345.41 6493.54 2884.45 2466.11 2077.89 1582.17 1537.98 1524.36 1396.06 1982.87 1383.52 1360.45 1846.69 1380.31 1200.96 1127.79 1141.15 1127.13 1228.36 1069.82 1067.57 954.655 867.96 807.635 798.313 780.086 1144.82 724.441 713.822
threshold=0 1 2 3 4 5 inf 6 7 8 9 1.0000000180025095e-35 10 11 12 13 14 15 16 17 inf 18 19 20 21 22 23 24 -1.5549999475479124 25
decision_type=1 9 1 9 9 1 8 1 1 1 1 2 1 1 1 1 9 1 1 9 8 1 1 9 9 9 1 9 10 1
left_child=6 4 5 11 8 -3 -1 12 15 26 -11 -4 24 21 -15 -2 17 -6 -8 20 23 -14 -13 -20 -5 -23 -7 -28 -12 -26
right_child=1 2 3 7 16 9 18 -9 -10 10 28 22 13 14 -16 -17 -18 -19 19 -21 -22 25 -24 -25 29 -27 27 -29 -30 -31
leaf_value=0.074673547076945096 -0.0033765232462024141 -0.070130184360186268 -0.039372552661504349 -0.051659173081494529 0.075875279298401724 -0.047251443064276144 0.067229632488484556 0.043111389017858784 0.057681143069552798 0.0032273530519011397 -0.02667550120342202 0.13367064066109816 -0.026638871829210112 -0.022954452575659569 0.052448751504721419 0.052548716100089002 -0.024792453990144851 -0.026747004884838523 -0.1207983715696825 0.069978402762612441 0.052513419628537845 -0.022115569852346414 -0.046934834113521333 2.3146443328478398e-05 0.0048984629665943646 0.015507659974472215 0.039453115591759812 -0.089792988789239664 -0.047479329804195468 -0.024267833949698361
leaf_weight=401004.53185451031 12244.476230677217 18090.140617955476 48464.924856215715 5999.4133928492665 1527.0066595375538 116709.82448942028 173258.37329187989 2937.8459803387523 5276.9583519846201 9117.2207401581109 19929.346825059503 495.01526704058051 17107.470418423414 2170.9612102508545 5433.3945267722011 3074.5754571482539 19200.101249668747 1259.1468396261334 437.40435352921486 4704.5847885161638 2545.5080888271332 5572.5180889479816 294.66510938853025 2555.8678236529231 6166.8727387823164 10202.992067597806 1501.6332210637629 619.58815367519855 23164.001147452742 41710.296876735985
leaf_count=212398 65137 347937 245600 47221 4535 1706115 108363 6445 7311 66204 159454 2166 92463 6166 10231 5230 112910 7387 1399 2738 1952 32685 1915 3822 31833 39768 5281 7535 191448 326834
internal_value=0.0316213 -0.0305528 -0.0345233 -0.0218782 0.000747643 -0.0443183 0.071858 -0.0138896 0.0206337 -0.0415844 -0.0306831 -0.0376534 -0.0156657 -0.004585 0.0309201 0.00784271 -0.0178823 0.0296735 0.0657051 0.0399191 0.0143871 -0.0128012 0.067377 -0.0180359 -0.0239927 0.00221209 -0.0463776 0.00170158 -0.0378494 -0.0205108
internal_weight=962777 378270 335688 146556 42582.3 189132 584506 97301.8 20596 171042 52210.6 49254.6 94363.9 40487.3 7604.36 15319.1 21986.3 2786.15 183502 10243.4 5538.78 32883 789.68 2993.27 53876.6 15775.5 118831 2121.22 43093.3 47877.2
internal_count=3860483 3529811 3327301 843327 202510 2483974 330672 593646 77678 2136037 417106 249681 587201 181313 16397 70367 124832 11922 118274 9911 7173 164916 4081 5221 405888 72453 1718931 12816 350902 358667
cat_boundaries=0 1 2 3 4 5 6 7 8 9 10 11 12 13 14 15 16 17 18 19 20 21 22 23 24 25 26
cat_threshold=2 1 300 90 14 16 1 300 4 9 4 32 129 1 1 850 1 1 6 48 32 32 34 1 2 129
is_linear=0
shrinkage=0.08


Tree=26
num_leaves=31
num_cat=18
split_feature=47 44 38 45 37 3 47 35 47 35 37 31 32 38 22 1 11 47 35 38 38 38 20 33 18 38 37 22 4 22
split_gain=330173 6247.87 5599.83 2430.55 2077.79 1956.84 1762.91 2400.95 1704.95 1856.52 1602.74 1508.69 1465.43 1289.14 1050.73 958.519 940.555 859.945 1493.96 838.297 777.636 776.295 729.779 715.604 706.609 695.056 733.951 692.516 689.251 710.596
threshold=0 1 2 3 4 inf 5 6 7 8 9 1.0000000180025095e-35 inf 10 6.5000000000000009 2.5000000000000004 8.5000000000000018 11 12 13 14 15 1.0000000180025095e-35 1.0000000180025095e-35 455.77499389648443 16 17 1.0000000180025095e-35 74.000000000000014 2.5000000000000004
decision_type=1 9 1 9 1 8 1 1 1 1 1 8 8 1 2 2 2 1 1 1 1 1 2 2 2 1 1 2 8 2
left_child=12 3 4 11 14 6 16 10 23 -10 28 25 -1 -9 -3 22 19 -5 21 -4 -12 -19 -11 24 -6 26 27 -2 -8 -30
right_child=1 2 5 17 8 -7 7 13 9 15 20 -13 -14 -15 -16 -17 -18 18 -20 -21 -22 -23 -24 -25 -26 -27 -28 -29 29 -31
leaf_value=0.071914667007931046 0.020141368059743422 -0.068379969310695704 -0.040236892135821413 -0.032003109144908087 -0.039327238816178375 0.099934761871353889 -0.038064729179965492 -0.019122832515040322 -0.034181843612713737 0.0067744099084429323 0.021969475171952368 0.047737993092179645 0.063112923385253289 0.041514287478822708 0.8808057547235173 0.072792600207842173 -0.0074215677550505225 0.006053635003351693 0.06624717646175568 -0.022820121417755385 -0.011577493601143889 -0.046312453163032979 -0.047526777997197449 0.0094251185407942927 -0.052141174535852965 0.038621787701551176 -0.0087183399879074818 0.43223383993326486 -0.014522319427378669 0.19644939543102805
leaf_weight=383440.83674451709 55.677553173154593 17051.73124028556 37458.363601122051 12338.665870657191 64843.498908016831 862.06704620271921 20256.685167454183 3178.6372150853276 40946.264128383249 7361.5926383212209 6652.5734389722347 7880.2965299226344 176919.83728656173 7598.2510548457503 7.467238698154687 1139.479639403522 11593.76160049811 4426.998613961041 1765.3744022287428 33732.567997187376 13142.100643124431 3057.1056405194104 2018.2580072060227 1581.1893192790449 47877.691109267995 2787.2597556263208 10024.74545956403 49.127039592713118 9816.2442257553339 103.25195364654064
leaf_count=212408 247 347891 284797 91868 866468 701 110999 8518 347369 47038 23925 18076 118164 13937 90 1502 82302 14508 3535 209683 62929 14465 21684 27224 825576 4847 54721 67 44676 201
internal_value=0.0304222 -0.0282714 -0.0320149 0.000628682 -0.041316 -0.0202339 -0.0209571 -0.0106071 -0.0385737 -0.026485 -0.0179915 0.0201419 0.0691357 0.0236283 -0.0679247 0.00350401 -0.0285519 -0.0181704 0.000262536 -0.0319931 -0.000297663 -0.0153701 -0.00490955 -0.0440202 -0.0447699 0.00332161 -0.00642341 0.194729 -0.0295942 -0.0123263
internal_weight=929968 369607 327222 42385.3 182827 144395 143532 60747.7 165768 51465.6 49970.9 20797.1 560361 10776.9 17059.2 10519.3 82784.7 21588.1 9249.48 71190.9 19794.7 7484.1 9379.85 114302 112721 12916.8 10129.6 104.805 30176.2 9919.5
internal_count=3860416 3529844 3327510 202334 2484842 842668 841967 265185 2136861 417593 242730 77958 330572 22455 347981 70224 576782 124376 32508 494480 86854 28973 68722 1719268 1692044 59882 55035 314 155876 44877
cat_boundaries=0 1 2 3 4 5 6 7 8 9 10 11 12 13 14 15 16 17 18
cat_threshold=2 1 300 14 16 4 32 4 32 4 129 4 32 80 514 844 300 64
is_linear=0
shrinkage=0.08


Tree=27
num_leaves=31
num_cat=13
split_feature=47 47 35 38 31 38 32 31 37 38 36 32 36 3 20 3 36 2 25 1 27 32 3 40 2 4 38 7 32 37
split_gain=293024 4952.05 5006.22 2928.95 1700.3 1678.1 1500.78 1392.2 1348.91 1385.11 1185.4 1111.49 1025.99 911.432 902.627 879.528 876.523 992.834 843.029 803.886 787.273 730.063 728.39 711.968 765.425 682.158 652.302 718.218 638.2 636.033
threshold=0 1 2 3 1.0000000180025095e-35 4 inf 1.0000000180025095e-35 5 6 7 -10.105000019073485 8 18.185000419616703 1.0000000180025095e-35 inf 9 1.5000000000000002 1.0000000180025095e-35 1.5000000000000002 inf -10.105000019073485 1.0000000180025095e-35 10 inf 1.0000000180025095e-35 11 42.00000190734864 39.225000381469734 12
decision_type=1 1 1 1 10 1 8 10 1 1 9 10 9 10 2 8 9 8 8 2 8 8 10 1 8 10 1 2 10 1
left_child=6 3 4 12 8 16 -1 11 21 13 -11 15 18 -10 28 -5 17 29 -2 -20 -15 -3 -23 24 -12 -13 27 -24 -7 -4
right_child=1 2 5 7 -6 14 -8 -9 9 10 23 25 -14 20 -16 -17 -18 -19 19 -21 -22 22 26 -25 -26 -27 -28 -29 -30 -31
leaf_value=0.069191855021332724 0.20535662777019056 0.056355474568919831 0.033684781156786733 -0.030249971604055841 0.043514663347181085 0.048817936022071226 0.060078931537288903 0.008282558929179909 0.044559159432588438 -0.048155375315039509 0.0044529831274685841 -0.045186151862828587 -0.040570971364588808 0.1343020268161226 -0.02887849263325161 0.10289322563471878 -0.041627359208115368 -0.074181298859212971 -0.014991433265170944 0.017398255633497263 -0.038369007926068101 0.087614522388240981 -0.029628355933781072 -0.0259490258291016 -0.093758403850115413 -0.026596139194737595 -0.041106196718700853 0.0280592606852549 -0.056374682589845619 -0.0075130639938614319
leaf_weight=365814.58449679613 118.01802574843168 557.37999957986176 5386.4925718568265 52157.98255571723 2451.5251307133585 10807.478536915034 169134.76096282154 4022.5167268402874 922.04792975634336 4100.6577115878463 28438.849834211171 118164.64190905448 7702.6751333847642 170.49238006770611 1161.1475076023489 319.47997692227364 2883.2372002415359 862.4714619256556 25875.493582237512 6050.9343289472163 19204.488302024081 303.93796437978745 5307.1137258410454 6859.3400959745049 517.11223648488522 14145.244953684509 35578.098285133019 1867.2119978517294 382.17179563641548 4315.890812586993
leaf_count=212161 126 2286 27482 649731 5370 23367 118131 20961 2572 19295 164493 1658301 42049 645 5059 355 11992 5417 162922 35465 187918 260 24719 23644 1857 141419 254910 7450 1338 45887
internal_value=0.0287385 -0.0269943 -0.0146623 -0.0341206 -0.022335 0.016947 0.0663106 -0.0382756 -0.0238919 -0.0161221 -0.00746504 -0.0392912 -0.01437 -0.033135 0.0382275 -0.0294394 -0.00261093 0.00806628 -0.00806126 -0.0088527 -0.0368496 -0.0346073 -0.0357929 -0.00279408 0.00269814 -0.0431987 -0.0366702 -0.0145941 0.0452252 0.0153858
internal_weight=895583 360634 132077 228557 106278 25798.9 534949 188810 103827 60213 39916 184787 39747.1 20297 12350.8 52477.5 13448.1 10564.9 32044.4 31926.4 19375 43613.7 43056.4 35815.3 28956 132310 42752.4 7174.33 11189.7 9702.38
internal_count=3857582 3527290 815961 2711329 695419 120542 330292 2470767 690049 400424 209289 2449806 240562 191135 29764 650086 90778 78786 198513 198387 188563 289625 287339 189994 166350 1799720 287079 32169 24705 73369
cat_boundaries=0 1 2 3 4 5 6 7 8 9 10 11 12 13
cat_threshold=2 4 32 643 417 20 36 105 224 128 6 641 108
is_linear=0
shrinkage=0.08


Tree=28
num_leaves=31
num_cat=23
split_feature=47 46 47 35 44 41 37 32 37 44 41 46 44 32 37 37 36 2 45 34 2 37 31 34 47 31 33 45 41 44
split_gain=257170 6074.47 4184.63 3821.03 1952.82 1864.48 1580.83 1371.31 1356.7 1160.12 1143.11 1131.28 1159.54 1078.87 873.83 811.02 808.905 780.258 951.619 765.77 733.513 720.223 714.742 694.837 665.606 640.057 630.849 580.501 568.211 564.689
threshold=0 1 2 3 4 5 6 inf 7 8 9 10 11 -10.105000019073485 12 13 14 inf 15 16 inf 17 1.0000000180025095e-35 18 19 1.0000000180025095e-35 1.0000000180025095e-35 20 21 22
decision_type=1 1 1 1 9 9 1 8 1 9 9 1 9 10 1 1 9 8 9 1 8 1 8 1 1 10 2 9 9 9
left_child=7 2 4 8 5 19 -6 -1 -4 16 -5 20 17 27 23 -12 -10 18 -13 -2 -9 26 -20 -7 -3 -15 -18 -8 -23 -17
right_child=1 24 3 10 6 14 13 11 9 -11 15 12 -14 25 -16 29 21 -19 22 -21 -22 28 -24 -25 -26 -27 -28 -29 -30 -31
leaf_value=0.066713345992910442 -0.0036913822959646955 0.015600417819080517 -0.064397415020761892 -0.0026004289716443705 -0.065553707157701396 0.030967507089820181 -0.021588713042309689 0.05769424051989655 -0.041417871017224876 0.0046714869489248318 -0.074210776402343331 -0.13708188152916889 0.062194005963171116 -0.038958769506624635 -0.049597855455554028 0.079717661343506233 -0.026416910569735112 0.041821544268553668 -0.060201377191415613 0.058309020897668228 0.076752193422089041 -0.01927045164686076 0.028102123174739237 -0.020452504348552305 0.053596936680000651 0.0082012877182556475 0.065944711685750765 -0.046171513977527549 0.0050957513754246401 0.028602141884168382
leaf_weight=351032.09432766587 2272.126609288156 7792.0949762389064 4607.4217024743557 13513.403117457405 10975.382334097289 2070.7252771891654 47169.491494933143 139730.70554052293 13083.440583113581 10844.443018004298 434.14716092310846 387.07828862965107 4075.3180520236492 126273.33982380293 5576.5803877431899 1630.3862352520227 47971.949845764786 2116.4366370067 919.33936223387718 2904.8452128767967 14242.589455768466 14193.126601688564 1621.0661095380783 8787.8064982686192 4748.7988651022315 1869.0958273261786 478.00008308887482 7085.8713579513133 10767.444125168025 9123.1147459745407
leaf_count=212471 22872 27950 68559 94322 266540 7567 526006 100558 68374 35588 3819 1320 2703 1644626 44653 1311 343880 1901 2051 13993 7214 117989 1797 52693 8570 9800 3189 94088 50775 19334
internal_value=0.0277612 -0.0246945 -0.0267019 -0.0151661 -0.0334975 -0.0106906 -0.0360465 0.0638971 -0.0220049 -0.0199918 0.0130623 0.0578356 0.0304577 -0.0342655 -0.0238724 0.0319666 -0.0230864 0.00481576 -0.0219377 0.0311429 0.0594571 -0.019811 -0.00383864 -0.0106272 0.0299884 -0.0382709 -0.0255004 -0.0248118 -0.00876157 0.0363182
internal_weight=868298 354173 341632 126647 214985 21612.1 193373 514125 101946 97338.4 24701.1 163093 9119.24 182398 16435.1 11187.6 86494 5043.92 2927.48 5176.97 153973 73410.5 2540.41 10858.5 12540.9 128142 48449.9 54255.4 24960.6 10753.5
internal_count=3856513 3526498 3489978 807140 2682838 141778 2541060 330015 688354 619795 118786 117544 9772 2274520 104913 24464 584207 7069 5168 36865 107772 515833 3848 60260 36520 1654426 347069 620094 168764 20645
cat_boundaries=0 1 2 3 4 5 6 7 8 9 10 11 12 13 14 15 16 17 18 19 20 21 22 23
cat_threshold=2 1 4 32 1 21 16 16 2 38 1 1 39 16 104 32 96 5 4 4 13 38 1
is_linear=0
shrinkage=0.08


Tree=29
num_leaves=31
num_cat=24
split_feature=47 44 38 36 37 45 32 33 18 33 47 35 47 35 37 37 42 35 17 38 34 34 45 19 40 34 40 38 42 47
split_gain=232105 5132.4 6035.11 2221.04 1663.94 1613.54 1442.18 1365.38 1254.86 1233.19 1143.37 1361 1080.52 1265.84 997.932 952.823 866.626 857.613 832.043 814.083 726.718 721.016 705.326 678.668 689.949 846.218 675.988 667.667 666.225 651.321
threshold=0 1 2 3 4 5 inf 1.0000000180025095e-35 3542.599975585938 1.0000000180025095e-35 6 7 8 9 10 11 12 13 5.5000000000000009 14 15 16 17 114.01499938964845 18 19 20 21 22 23
decision_type=1 9 1 9 1 9 8 2 2 2 1 1 1 1 1 1 9 1 2 1 1 1 9 2 1 1 1 1 9 1
left_child=6 5 4 8 -3 20 -1 12 10 28 16 14 18 -14 21 -7 23 -17 -6 -16 -2 22 -12 24 -4 -26 -15 29 -5 -19
right_child=1 2 3 9 7 15 -8 -9 -10 -11 11 -13 13 26 19 17 -18 27 -20 -21 -22 -23 -24 -25 25 -27 -28 -29 -30 -31
leaf_value=0.0643277264619775 0.034946086188715822 -0.06352283961126258 0.035176215293901018 -0.020357589453254322 -0.035435418840449193 -0.036725887537236164 0.055043358991241076 0.025710866579398323 0.034531129955965502 0.069370894215922532 0.22840608098728488 0.030302049973880633 -0.033174482071211514 0.032556607416801983 0.001485459048323205 0.028857628695256189 -0.027577085653988625 -0.023028456370297695 -0.050408226885552035 -0.027756299700046918 0.0027815581868640528 0.014490503783184732 -0.017559568441109771 -0.022342850610491901 0.024083830722072232 -0.029330496155643683 -0.013849778143662566 -0.04005599682868885 -0.039684853790912876 0.023053155945224141
leaf_weight=336357.58951670676 9884.9665374010801 14759.019171908498 3747.6654877327383 20761.754072375596 64188.295906143263 6792.3023165650666 157082.39952163398 2307.1448701713234 4244.8958201259375 796.24565795809031 196.32596136629581 7690.7966381311417 38066.664482206106 2726.2224448770285 11074.4706081599 4442.916447352618 27430.820061668754 3786.1112372502685 37706.404025847092 13545.966933023185 8255.679775942117 6141.1913418397307 122.67172218114138 8936.4688023924828 3296.3323684297502 4448.8213963583112 7548.2338700089604 3770.3103581406176 25584.468106329441 4076.6087979413569
leaf_count=212288 21886 348434 22189 108769 956781 57773 118083 33308 29291 4149 291 15339 343705 7298 52474 23242 222843 23948 734033 81224 48128 25747 549 77454 24059 36203 61245 14709 142908 12696
internal_value=0.0261366 -0.0240658 -0.0276349 -0.0152479 -0.0378507 0.00250746 0.0613721 -0.0353628 -0.00793639 -0.0293376 -0.0100182 0.000192984 -0.0363031 -0.0264531 -0.00726481 -0.0116247 -0.0182903 -0.00100293 -0.0409761 -0.0146079 0.0203178 0.0206996 0.13616 -0.00580431 0.0070505 -0.00659565 -0.00151663 -0.0124223 -0.0310398 0.000862523
internal_weight=839770 346330 305321 138019 167302 41008.9 493440 152543 90876.4 47142.5 86631.5 38771.4 150236 48341.1 31080.6 22868.2 47860.1 16075.9 101895 24620.4 18140.6 6460.19 318.998 20429.3 11492.8 7745.15 10274.5 11633 46346.2 7862.72
internal_count=3861046 3530675 3328293 843489 2484804 202382 330371 2136370 587663 255826 558372 175624 2103062 412248 160285 132368 382748 74595 1690814 133698 70014 26587 840 159905 82451 60262 68543 51353 251677 36644
cat_boundaries=0 1 2 3 4 5 6 7 8 9 10 11 12 13 14 15 16 17 18 19 20 21 22 23 24
cat_threshold=2 1 300 129 16 10 4 32 4 32 96 24 19 9 642 15 64 40 4 85 5 812 25 4
is_linear=0
shrinkage=0.08


Tree=30
num_leaves=31
num_cat=12
split_feature=47 46 38 47 35 31 5 32 31 3 46 3 2 3 41 2 31 2 34 27 3 32 3 35 43 41 38 2 17 24
split_gain=200755 4397.43 3755.92 2054.27 1574.36 1507.33 1445.27 1373.49 1106.23 1096.16 1056.99 1938.47 2152.53 1046.62 1015.53 885.546 850.123 814.791 755.522 822.372 753.692 750.582 708.395 693.088 640.489 1540.44 1339 761.678 627.291 2330.39
threshold=0 1 2 3 4 1.0000000180025095e-35 3.5000000000000004 inf 1.0000000180025095e-35 43.870000839233406 5 18.964999198913578 inf inf 6 inf 1.0000000180025095e-35 inf 7 1.0000000180025095e-35 18.185000419616703 32.144998550415046 9.7550001144409197 8 9 10 11 inf 95.500000000000014 4.5000000000000009
decision_type=1 1 1 1 1 10 2 8 10 10 1 10 8 8 9 8 10 8 1 8 10 8 10 1 9 9 1 8 2 2
left_child=7 2 3 8 16 6 13 -1 18 -6 17 12 -12 14 15 -4 22 -9 28 -20 -16 -21 -5 -23 -22 26 -26 -27 -2 -30
right_child=1 -3 5 4 9 -7 -8 10 -10 -11 11 -13 -14 -15 20 -17 -18 -19 19 21 24 23 -24 -25 25 27 -28 -29 29 -31
leaf_value=0.061864616596396804 -0.047789093555261952 0.02547081735424991 -0.023959037607931891 0.015588298351172512 0.076524928054580249 0.041819844656573929 0.0027272606323277947 0.05237329906793832 0.020610414986948974 -0.0019354829164108412 -0.075361499863213888 0.061315918027267054 0.041218825313053369 0.087241673226113772 -0.037193608167723838 -0.080712435805539134 0.056776459827065306 0.07352342311455777 0.26232610704505188 -0.038537972162824792 -0.041283080059085354 0.022634444543643953 -0.029275424577486546 -0.026027555609888921 0.11075839769170465 -0.0052700317288132525 -0.038311632461917641 -0.083355464084916342 0.024671546934345322 1.2632124511086378
leaf_weight=322677.71224299818 37332.018126623705 12226.502475237474 64718.012132633477 2372.4749259203672 1257.8393512964249 3077.7245118431747 24756.239098839462 130030.52350638807 2118.5099492333829 12123.018319638446 1950.0828204974532 4539.0925359204412 2110.7864524051547 594.72337307780981 5743.5430085584521 1808.750278647989 788.10303194820881 12805.377635352314 60.082139270380139 60869.025875581428 3073.3166680186987 2035.0103144329041 44543.173845745623 22884.810674424283 1319.3841448202729 34855.290530659258 541.37071340531111 818.25534536316991 107.07455670740455 10.693764938041566
leaf_count=212874 753482 36541 436416 9396 1435 7273 158406 100936 10889 94755 4793 3070 1924 581 25263 7930 2101 7279 296 973215 16138 24082 425036 334182 1403 199088 2400 3473 2123 126
internal_value=0.0252721 -0.0216363 -0.0233933 -0.0308472 -0.0188182 -0.0135522 -0.014786 0.0589148 -0.0367084 0.00543596 0.0526294 0.025391 -0.0147646 -0.0186069 -0.0191646 -0.0254982 -0.0256172 0.0542694 -0.0376932 -0.0335389 -0.0100664 -0.03375 -0.0270067 -0.0220551 -0.006232 -0.00335012 0.0674148 -0.00705912 -0.047195 0.137135
internal_weight=814149 340035 327808 186502 61084.6 141307 138229 474114 125417 13380.9 151436 8599.96 4060.87 113473 112878 66526.8 47703.8 142836 123299 85848.9 46351.2 85788.8 46915.6 24919.8 40607.6 37534.3 1860.75 35673.5 37449.8 117.768
internal_count=3856906 3526030 3489489 2631118 532723 858371 851098 330876 2098395 96190 118002 9787 6717 692692 692111 444346 436533 108215 2087506 1331775 247765 1331479 434432 358264 222502 206364 3803 202561 755731 2249
cat_boundaries=0 1 2 3 4 5 6 7 8 9 10 11 12
cat_threshold=2 1 300 4 32 1 35 96 16 35 16 641
is_linear=0
shrinkage=0.08


Tree=31
num_leaves=31
num_cat=16
split_feature=47 44 37 47 35 3 42 3 37 31 36 3 37 21 34 25 23 33 36 43 42 1 43 0 3 36 5 11 37 4
split_gain=181691 4148.35 3285.56 2281.15 2268.29 1624.02 1207.91 1164.83 984.416 962.309 960.908 888.875 908.198 840.566 820.274 897.596 785.108 778.705 764.789 750.605 775.789 747.662 745.295 722.201 682.304 648.946 636.322 704.479 631.455 628.207
threshold=0 1 2 3 4 501.13999938964849 5 74.594997406005874 6 inf 7 527.47000122070324 8 3.5000000000000004 9 2.5000000000000004 2.5000000000000004 1.0000000180025095e-35 10 11 12 1.5000000000000002 13 1.5000000000000002 24.564999580383304 14 5.5000000000000009 42.500000000000007 15 6.5000000000000009
decision_type=1 9 1 1 1 10 9 10 1 8 9 8 1 2 1 10 2 2 9 9 9 2 9 2 8 9 2 2 1 8
left_child=9 5 -3 6 11 8 7 -4 16 -1 26 12 14 22 -5 19 24 23 -14 -16 -21 -6 -9 -8 -2 -19 -7 -28 -24 -20
right_child=1 2 3 4 21 10 17 13 -10 -11 -12 -13 18 -15 15 -17 -18 25 29 20 -22 -23 28 -25 -26 -27 27 -29 -30 -31
leaf_value=0.058548902904199347 -0.064999967477746931 -0.062853395287873121 0.046197627396557597 -0.047679451145193862 -0.00048521258935559222 0.085076940338407195 -0.027498486908229279 -0.038435797659955119 0.0039916275560543391 0.049518509823281834 -0.046761180300186667 0.084867477476070832 -0.043000554466478665 0.60099076176764377 -0.031563484421449892 0.18792698056679263 0.05679177506993982 0.30065605447274363 -0.013015060417586561 0.0024747291052438928 -0.028003849683025984 0.031300493376278972 0.001819743651916357 -0.039729900533500714 -0.011484075116674217 0.011763966507106522 -0.022994015204303362 0.24295380064827285 -0.021484550862644891 0.013270889069751355
leaf_weight=359866.29199324176 3093.9428043887019 13543.144072324969 1785.227700162679 9131.5605522748083 14374.052578888834 2710.1510480865836 69118.013767881319 10598.295004384592 29426.882931655273 95582.805968359113 548.04117878526449 522.47945833951235 3520.9723092019558 13.9599611479789 24657.12584146671 130.69151523709297 606.77346223220229 41.315645467489958 15601.769510844722 11977.492078453302 9644.097118537873 7063.4437708668411 10844.866299714893 55866.117624898441 3006.2293245121837 1748.5733181182295 681.35557354427874 70.32592467032373 23728.058084264398 9279.8222761154175
leaf_count=252519 28717 348750 10190 85890 81863 23062 786014 231735 112082 77842 2965 947 18438 127 172196 293 4871 216 128380 75753 65263 11092 143525 885299 21079 22841 9447 542 215337 43243
internal_value=0.0238065 -0.021074 -0.0243763 -0.0225099 -0.013256 0.00304472 -0.0281517 -0.01718 -0.00231553 0.0566537 0.0513471 -0.019153 -0.0198027 -0.0196878 -0.0257524 -0.0214287 -0.0299497 -0.0322129 -0.00815626 -0.0220245 -0.0111266 0.00998321 -0.0198796 -0.0329658 -0.0386268 0.0201779 0.0668207 0.00188757 -0.014176 -0.00321018
internal_weight=788784 333335 293191 279648 105904 40143.7 173744 46970.4 36133.8 455449 4009.87 84466 83943.5 45185.2 55541 46409.4 6706.95 126774 28402.6 46278.7 21621.6 21437.5 45171.2 124984 6100.17 1789.89 3461.83 751.681 34572.9 24881.6
internal_count=3860518 3530157 3327392 2978642 683358 202765 2295284 600914 166749 330361 36016 590403 589456 590724 399395 313505 54667 1694370 190061 313212 141016 92955 590597 1671313 49796 23057 33051 9989 358862 171623
cat_boundaries=0 1 2 3 4 5 6 7 8 9 10 11 12 13 14 15 16
cat_threshold=2 1 16 4 32 17 16 129 5 80 104 11 26 35 48 73
is_linear=0
shrinkage=0.08


Tree=32
num_leaves=31
num_cat=16
split_feature=2 38 34 32 38 19 45 38 46 4 41 6 34 3 36 34 32 4 27 45 3 31 40 35 11 34 44 34 4 11
split_gain=2783.89 2663.76 1233.16 1059.37 922.218 863.712 837.218 1295.97 1349.46 740.568 615.554 584.218 502.471 489.732 471.585 462.548 443.861 910.609 438.039 434.054 401.031 352.382 351.512 340.352 423.394 371.485 339.694 304.263 299.982 294.88
threshold=inf 0 1 -5.6749999523162833 2 1168.1550292968752 3 4 5 1.0000000180025095e-35 6 482.02499389648443 7 37.284999847412116 8 9 -10.105000019073485 64.500000000000014 1.0000000180025095e-35 10 540.17501831054699 1.0000000180025095e-35 11 12 25.500000000000004 13 14 15 74.000000000000014 13.500000000000002
decision_type=8 1 1 8 1 2 9 1 1 8 9 2 1 8 9 1 10 8 8 9 8 10 1 1 2 1 9 1 8 2
left_child=1 5 16 -4 9 12 11 -8 10 27 28 21 13 -1 20 -12 -2 -18 -15 -20 -5 23 -10 24 25 -6 -13 -3 -9 -21
right_child=2 4 3 14 6 -7 7 8 22 -11 15 26 -14 18 -16 -17 17 -19 19 29 -22 -23 -24 -25 -26 -27 -28 -29 -30 -31
leaf_value=0.023411718877091283 0.069806360847521051 0.043173534063758803 0.070402667449029552 0.0074952955116077717 0.054506469933497982 0.0030679792851099948 -0.051916049156947003 0.0060543027211653758 -0.028153370679638579 0.041364649274605474 0.037361573543088514 0.068161424142100371 0.019246856251702218 0.20768149946588754 0.041514803758219268 0.018586481766992423 -0.02459082237074104 0.062874589810794801 0.014732277749503933 -0.0013831864687470722 0.049858485484368949 0.042054846068481339 -0.12781786707230852 0.022653847066473123 0.30850905090975184 0.026515754044965149 0.03173730516013621 0.019733645352027984 -0.22924979612509624 0.034513945712310957
leaf_weight=16111.232951898128 11178.029909258708 4265.6892381720245 3721.4784790538251 9679.649904506281 4230.0752261597663 34268.095538203605 1786.2965266518295 16786.377667229623 480.07265443354845 36664.522876467556 11513.251314496621 1693.1358834430575 155466.09309778456 69.91491961479187 5989.8414815478027 31388.941715605557 1065.0669038463384 2675.3822572957724 26358.205790517852 27364.073696312495 1678.0768499858677 6575.1897584907711 454.88964927196503 267680.1972964406 36.128719668835402 11043.965012926608 50934.429427037016 21421.312205694616 34.746760603040457 1547.3739474453032
leaf_count=73664 8801 10614 3223 20966 11637 417840 7635 83428 1410 76647 31781 2717 1036502 114 8089 111369 5583 3217 255652 296287 2324 11044 1613 1040049 137 41781 211085 63226 167 17083
internal_value=0.0224512 0.0213778 0.0441715 0.0316571 0.0249967 0.0149057 0.0235991 0.0150719 0.0170529 0.0340615 0.0185486 0.0251547 0.016694 0.0111352 0.0233635 0.0236325 0.0617826 0.0379694 0.00756313 0.00730998 0.0137423 0.0237462 -0.0783116 0.0233208 0.0349449 0.0343207 0.0329091 0.0236507 0.00556494 0.000537883
internal_weight=764162 728174 35987.5 21069 466989 261185 404638 62444.6 60658.3 62351.5 59723.3 342193 226917 71450.8 17347.6 42902.2 14918.5 3740.45 55339.6 55269.7 11357.7 289566 934.962 282990 15310.2 15274 52627.6 25687 16821.1 28911.4
internal_count=3855685 3803482 52203 34602 1706340 2097142 1555853 237403 229768 150487 226745 1318450 1679302 642800 31379 143150 17601 8800 569136 569022 23290 1104648 3023 1093604 53555 53418 213802 73840 83595 313370
cat_boundaries=0 1 2 3 4 5 6 7 8 9 10 11 12 13 14 15 16
cat_threshold=44 112 513 13 128 1 34 48 129 5 12 6 16 35 1 68
is_linear=0
shrinkage=0.08


Tree=33
num_leaves=31
num_cat=19
split_feature=47 46 38 47 35 32 41 38 36 43 36 4 37 2 43 40 38 36 4 46 2 37 37 33 37 2 18 19 6 4
split_gain=161304 3839.52 3173.17 1692.94 2102.59 1279.65 1268.07 1062.28 1080.25 1618.86 1073.76 986.632 986.179 978.977 946.589 1116.18 1423.06 921.225 904.488 898.431 919.133 894.404 824.501 821.677 816.353 1328.99 752.776 2020.27 1395.14 739.777
threshold=0 1 2 3 4 81.750000000000014 5 6 7 8 9 1.5000000000000002 10 inf 11 12 13 14 22.500000000000004 15 inf 16 17 1.0000000180025095e-35 18 1.5000000000000002 8802.7705078125018 731.60000610351574 230.5249938964844 19.500000000000004
decision_type=1 1 1 1 1 8 9 1 9 9 9 10 1 8 9 1 1 9 8 1 8 1 1 2 1 10 2 2 2 8
left_child=5 2 6 7 22 -1 13 8 9 -4 -9 -12 -6 17 29 23 -17 -2 24 20 -7 -13 -5 -16 25 -14 -23 28 -28 -8
right_child=1 -3 3 4 12 19 14 10 -10 -11 11 21 18 -15 15 16 -18 -19 -20 -21 -22 26 -24 -25 -26 -27 27 -29 -30 -31
leaf_value=0.056356046355590779 -0.0082775699532599261 0.022915990873304436 0.33144798930730607 -0.061938211903605128 -0.035959326464578709 0.046623032858069527 0.0095919274196441147 -0.049658542585109128 -0.044867135331141096 -0.019742397671183722 -0.028440547278530116 -0.0226404958440851 -0.00010062783972476337 -0.074794417479416606 0.00029293412763065427 0.027151976915989792 -0.058160959327388718 -0.029934521911706057 -0.00040993833783806914 0.021654759102804393 0.070169197232515426 0.01661629549071323 0.039952762263922137 0.10507875279060029 -0.025855317713785634 0.20143600414124133 0.76564388352204316 -0.036511556529151626 0.16732153146778653 0.064862862040175495
leaf_weight=288375.06422546133 34954.112712405622 12317.871425209567 112.16813568770885 558.70698697865009 22081.167998517863 121988.66883277148 4930.775043617934 13444.065827434883 41540.597630995326 272.3855895716697 80811.613864160143 6061.5465788915753 1155.3560758940876 1879.8008212223649 24877.547692000866 1708.8356788121164 4637.0641331188381 19643.62000618875 16632.288363669068 8371.6082637906075 11620.792646192014 4328.85228715837 4925.8235184550285 488.33584002777934 32048.91904950887 255.7659284491092 45.066739868372679 137.93055321834981 55.853293392807245 2260.2967172749341
leaf_count=210345 239306 36780 765 4008 207104 102831 27425 123764 964463 3634 1105306 64657 7619 8347 123538 5402 23077 113106 85946 9971 7553 56705 8955 1388 309163 923 200 1921 489 5488
internal_value=0.0209692 -0.0209123 -0.0226002 -0.0277943 -0.018243 0.0532951 -0.0103725 -0.0328485 -0.043623 0.0884985 -0.0285348 -0.025424 -0.0218705 -0.0180277 0.00074264 -0.00520168 -0.0351812 -0.0160765 -0.0156541 0.047078 0.048671 -0.00251371 0.0294793 0.00230933 -0.0232364 0.0361716 0.024192 0.162505 0.434508 0.0269272
internal_weight=762523 332166 319848 224468 77658 430356 95380.4 146810 41925.2 384.554 104885 91440.9 72173.5 56477.5 38902.9 31711.8 6345.9 54597.7 50092.3 141981 133609 10629.2 5484.53 25365.9 33460 1411.12 4567.7 238.851 100.92 7191.07
internal_count=3860179 3529479 3492699 2945622 623718 330700 547077 2321904 968862 4399 1353042 1229278 610755 360759 186318 153405 28479 352412 403651 120355 110384 123972 12963 124926 317705 8542 59315 2610 689 32913
cat_boundaries=0 1 2 3 4 5 6 7 8 9 10 11 12 13 14 15 16 17 18 19
cat_threshold=2 1 659 4 8 35 32 2 4 58 20 12 12 512 129 1 36 18 66
is_linear=0
shrinkage=0.08


Tree=34
num_leaves=31
num_cat=13
split_feature=47 44 37 32 3 3 32 47 46 3 2 47 1 22 2 39 37 32 41 37 3 1 3 41 36 33 18 37 22 2
split_gain=141034 3605.19 2826.17 2483 1547.13 1397.14 1392.8 1096.25 1076.02 1952.73 1997.86 1027.25 1244.82 922.432 881.316 862.155 738.333 688.983 667.406 605.909 600.71 595.227 594.771 565.554 561.83 553.321 546.879 506.302 482.744 472.764
threshold=0 1 2 -7.3949999809265128 inf 18.185000419616703 inf 3 4 18.964999198913578 inf 5 1.5000000000000002 6.5000000000000009 inf 6 7 -65.584999084472642 8 9 501.13999938964849 6.5000000000000009 110.8050003051758 10 11 1.0000000180025095e-35 1050.3750000000002 12 2.5000000000000004 2.5000000000000004
decision_type=1 9 1 10 8 8 8 1 1 10 8 1 2 2 8 9 1 10 9 1 10 2 10 9 9 2 2 1 2 10
left_child=6 5 13 4 7 27 -1 -4 14 10 -10 21 16 -3 -8 20 -13 -9 -18 -17 -7 25 -19 -14 29 -5 -20 -2 -21 -22
right_child=1 2 3 11 -6 15 8 17 9 -11 -12 12 23 -15 -16 19 18 22 26 28 24 -23 -24 -25 -26 -27 -28 -29 -30 -31
leaf_value=0.054194636634036154 0.010354790225633759 -0.060468759609464434 -0.018043806495974989 -0.031663355312722873 0.0925991865967392 0.023751599618530572 0.044038218459853305 -0.0023868924614428876 -0.0838772463605819 0.054358682992317504 0.032443957057664799 -0.030169575877250599 -0.030713143551869271 0.58058091980354742 0.06826625968265837 0.019869136813669769 -0.022055616035956377 0.13658114640427207 -0.0050719462625208609 -0.0067843858110657566 0.086968287035110697 0.11889435810822813 0.024543567988596193 0.038384724361892733 -0.05806430459275351 0.010874645113215812 0.045589008272420094 -0.034217321948050328 0.15258371474007063 0.27836736872315493
leaf_weight=279255.73916700855 2111.0954590886831 12499.486573197879 53330.911907222122 113297.76718171034 934.65784561634064 4219.8140287436545 115637.3113521859 32361.625408545136 1893.7845248728991 3999.7751647904515 1886.1984579712152 30927.236431911588 969.92236240580678 14.382364233955739 10479.751160189509 10228.022873381153 21182.266608804464 384.28503916412592 12098.42614043504 14638.129489641637 1273.0316637270153 169.95952169783413 1438.1013038605452 3382.4066510647535 160.74722344428301 1991.4547435492277 1536.9625242166221 7160.0261701196432 122.66440179944038 88.323582217097282
leaf_count=211855 9039 347801 673854 1591565 804 13044 101134 184851 4863 3045 1958 201094 3131 84 7302 36253 209009 767 63651 96978 4496 979 8901 4780 614 27544 6370 41047 732 211
internal_value=0.0199233 -0.0193711 -0.0225121 -0.0208115 -0.00978191 0.00312645 0.0509783 -0.0108753 0.0442703 0.0153954 -0.0258334 -0.0260701 -0.0184308 -0.0596843 0.0460515 0.0113385 -0.0211737 0.000308288 -0.0131706 0.00491526 0.0392922 -0.030708 0.0481688 0.0230038 0.0823765 -0.0309286 0.00063802 -0.0240937 -0.00545632 0.0986614
internal_weight=739674 326522 286520 274006 88449.6 40001.9 413153 87514.9 133897 7779.76 3779.98 185556 70097.2 12513.9 126117 30730.7 65744.9 34184 34817.7 24988.8 5741.92 115459 1822.39 4352.33 1522.1 115289 13635.4 9271.12 14760.8 1361.36
internal_count=3857756 3527599 3325185 2977300 869177 202414 330157 868373 118302 9866 6821 2108123 488035 347885 108436 152328 480124 194519 279030 133963 18365 1620088 9668 7911 5321 1619109 70021 50086 97710 4707
cat_boundaries=0 1 2 3 4 5 6 7 8 9 10 11 12 13
cat_threshold=2 1 16 4 1 4 1 12 38 102 52 145 5
is_linear=0
shrinkage=0.08


Tree=35
num_leaves=31
num_cat=19
split_feature=47 44 38 36 46 32 39 45 38 3 40 37 42 37 46 3 2 2 31 27 37 32 3 33 38 34 42 38 37 19
split_gain=124564 3912.33 4232.88 1848.55 1665.89 1430.57 1195.68 1140.04 1289.63 1068.87 951.33 931.208 918.795 881.29 848.207 1750.07 1441.37 925.005 834.867 771.126 717.293 737.184 745.374 667.305 651.958 603.776 970.252 1403.22 1083.01 1821.42
threshold=0 1 2 3 4 81.750000000000014 5 6 7 663.13000488281261 8 9 10 11 12 24.564999580383304 inf inf 1.0000000180025095e-35 7.5000000000000009 13 -3.4250000715255733 258.66000366210943 1.0000000180025095e-35 14 15 16 17 18 139.254997253418
decision_type=1 9 1 9 1 8 9 9 1 8 1 1 9 1 1 10 8 8 10 8 1 8 10 2 1 1 9 1 1 2
left_child=5 6 13 4 7 -1 -2 9 10 18 -9 -8 -5 -3 17 16 -16 -7 20 -15 -4 22 -22 24 -14 26 27 28 29 -21
right_child=1 2 3 12 -6 14 11 8 -10 -11 -12 -13 23 19 15 -17 -18 -19 -20 25 21 -23 -24 -25 -26 -27 -28 -29 -30 -31
leaf_value=0.051969960919672674 0.03736202397467895 -0.059354518815834111 -0.071575636290005407 -0.016983239668846732 0.04276621780984035 0.041335321363797715 -0.02725862347851607 0.035209412086773771 -0.061467749318719359 0.046051887515532866 -0.026104227222903984 0.0057373571220917623 -0.01442098466815462 0.10152637520889067 -0.068273742339821336 0.053133141140638752 0.029649284576347825 0.066540431919078546 0.041378376059643722 0.43492820621276196 0.063074297900077181 -0.011085574212922311 0.0016277316808518962 0.058537922733014627 -0.044758344624128352 -0.042313087083053126 -0.030956964032086923 -0.013064291570549651 0.022719007663583226 0.044015710499447122
leaf_weight=266185.67444010824 6177.8863319158554 8834.0083031309769 1182.2323789130896 33191.141421988606 3860.7586857900023 113745.14197710156 6839.4466768782586 2034.5955926403403 5616.2351359445602 2321.8710882291198 7802.8848379403353 27249.787880087271 5784.460747115314 272.63880350068212 2042.5623588711023 4047.6020561903715 1818.5343720167875 10150.05490398407 2075.5622756406665 147.25449329428375 1627.4009135682136 91565.950741458684 5649.5474780816585 462.63860770687461 21517.034348338842 30579.319319553673 53735.523190551437 2673.8858570195735 386.25101242400706 158.27787526510656
leaf_count=210173 20048 283108 30959 216900 9464 103334 65562 12216 65758 21046 58845 116704 26914 3125 4908 3155 1960 7483 6178 1614 10274 779411 61391 2871 162195 633724 876854 54772 6455 2983
internal_value=0.0186708 -0.0183442 -0.0216808 -0.0145763 -0.00895719 0.0485949 0.00497952 -0.0106237 -0.0308976 -0.00761968 -0.0134004 -0.000889059 -0.0259797 -0.0352327 0.0417788 0.0163777 -0.0221531 0.0434002 -0.00884097 -0.0328035 -0.00988304 -0.00913699 0.0153695 -0.0367246 -0.0383523 -0.0332249 -0.0283455 0.0133162 0.114016 0.225054
internal_weight=719736 321747 281479 184692 123737 397990 40267.1 119876 15453.7 104423 9837.48 34089.2 60955.3 96787.2 131804 7908.7 3861.1 123895 102101 87953.2 100025 98842.9 7276.95 27764.1 27301.5 87680.5 57101.2 3365.67 691.783 305.532
internal_count=3860384 3529371 3327057 1464422 1055542 331013 202314 1046078 136819 909259 71061 182266 408880 1862635 120840 10023 6868 110817 888213 1579527 882035 851076 71665 191980 189109 1576402 942678 65824 11052 4597
cat_boundaries=0 1 2 3 4 5 6 7 8 9 10 11 12 13 14 15 16 17 18 19
cat_threshold=2 1 44 128 1 1 13 594 4 16 26 16 1 18 641 30 1 8 1
is_linear=0
shrinkage=0.08


Tree=36
num_leaves=31
num_cat=15
split_feature=47 46 38 44 32 38 45 32 4 33 4 44 27 46 44 12 4 16 4 39 34 40 41 32 34 38 4 23 26 12
split_gain=113575 3184.32 3101.84 1943.21 1278.23 1106.32 962.37 1079.42 1162.62 914.172 951.478 864.55 800.068 758.218 927.17 747.471 731.915 966.396 954.118 1026.65 845.36 704.581 705.947 675.691 688.584 579.771 565.316 784.844 609.993 552.94
threshold=0 1 2 3 inf 4 5 -3.064999938011169 18.500000000000004 1.0000000180025095e-35 34.500000000000007 6 7.5000000000000009 7 8 895.04998779296886 45.500000000000007 1.0000000180025095e-35 41.500000000000007 9 10 11 12 -10.105000019073485 13 14 1.0000000180025095e-35 1.0000000180025095e-35 8.2500000000000018 2000.9399414062502
decision_type=1 1 1 9 8 1 9 10 8 2 10 9 8 1 9 2 10 2 10 9 1 1 9 10 1 1 10 2 8 2
left_child=4 2 3 -2 -1 -5 11 21 15 10 12 26 -7 -6 -15 -9 17 -12 19 -19 -18 -8 -23 24 -14 -24 28 -28 -4 -11
right_child=1 -3 6 5 13 9 7 8 -10 29 16 -13 23 14 -16 -17 20 18 -20 -21 -22 22 25 -25 -26 -27 27 -29 -30 -31
leaf_value=0.049871981121661836 -0.0068290894634347489 0.021786114419384377 0.45117469533416965 -0.041061300978091346 0.041614000117102742 0.14557681229488709 0.00069627758367020302 -0.032280717335864975 -0.0075622087710165735 -0.0017185106686506053 0.04132320825323884 0.050025014314989312 -0.001988488703120688 -0.0081646583409699033 0.048445455355571911 -0.0033075259054108287 0.11700775191435148 0.62308517849215017 0.49361924164470367 -0.0085547025801074698 -0.056860747321630552 0.01832917272896609 -0.0037265664339230721 -0.032473451520858877 -0.027905255813573254 -0.054507039277512902 -0.0040818677989151583 0.14420531815223256 -0.020042112997829781 0.10113909460609181
leaf_weight=259057.66755099595 26069.970210755244 12335.13205723092 17.661170266568661 44456.319116462022 117848.99666746706 169.91965691931546 43253.49238454178 34391.948787121102 34414.713979400694 863.37941969092935 657.99551550857723 3025.9222042523324 10926.856260076165 4419.422791749239 3186.7993631325662 6830.6110062971711 224.21353433094919 20.196821808815002 65.751494999974966 89.223650727421045 751.87800304591656 1883.5640903301537 2186.4487192369998 67450.970503551885 16446.306645930745 4254.3551426120102 628.86512738838792 358.74242446199059 3911.6688604317605 546.03790872078389
leaf_count=212404 168383 36477 60 1102552 108300 1294 269726 264630 198519 11475 7887 5167 129019 7099 2691 51108 2049 157 436 884 9927 5946 10703 974903 219820 24806 3451 1384 23099 5664
internal_value=0.0174543 -0.0180601 -0.0196774 -0.0269109 0.0466621 -0.0305823 -0.010644 -0.0123311 -0.0184174 -0.0258321 -0.0267661 0.0163598 -0.0278606 0.040034 0.0155534 -0.0274798 0.0307041 0.0857784 0.252765 0.108033 -0.016306 -0.00340828 -0.0247067 -0.0281714 -0.0175707 -0.0373012 -0.00432469 0.0497825 -0.0179241 0.0381307
internal_weight=700745 316232 303897 168739 384513 142669 135158 127215 75637.3 98212.7 96803.3 7942.86 94994.1 125455 7606.22 41222.6 1809.26 833.167 175.172 109.42 976.092 51577.9 8324.37 94824.1 27373.2 6440.8 4916.94 987.608 3929.33 1409.42
internal_count=3860020 3529526 3493049 2634450 330494 2466067 858599 825438 514257 1363515 1346376 33161 1325036 118090 9790 315738 21340 9364 1477 1041 11976 311181 41455 1323742 348839 35509 27994 4835 23159 17139
cat_boundaries=0 1 2 3 4 5 6 7 8 9 10 11 12 13 14 15
cat_threshold=2 1 300 1 32 8 2 1 1 1 72 6 20 10 514
is_linear=0
shrinkage=0.08


Tree=37
num_leaves=31
num_cat=17
split_feature=47 47 35 46 42 46 3 2 2 46 31 31 26 20 2 34 45 42 3 44 34 44 35 3 3 3 43 45 2 36
split_gain=98449.9 2464.85 2406.67 1157.14 1150.12 1069.85 2746.55 1814.98 1207.77 1021.81 995.967 802.412 776.25 767.128 790.589 722.28 768.348 1009.55 818.233 718.004 709.131 794.118 851.175 837.412 816.692 657.358 646.166 637.158 605.896 573.1
threshold=0 1 2 3 4 5 35.23500061035157 inf inf 6 inf 1.0000000180025095e-35 1.0000000180025095e-35 1.0000000180025095e-35 2.5000000000000004 7 8 9 527.47000122070324 10 11 12 13 513.95501708984386 18.185000419616703 18.185000419616703 14 15 1.5000000000000002 16
decision_type=1 1 1 1 9 1 10 8 8 1 8 10 8 2 8 1 9 9 8 9 1 9 1 8 8 8 9 9 8 9
left_child=5 4 3 15 27 8 7 25 10 11 -1 12 -6 14 29 26 17 -17 -18 -19 21 22 23 -14 -23 -7 28 -2 -3 -4
right_child=1 2 13 -5 9 6 -8 -9 -10 -11 -12 -13 20 -15 -16 16 18 19 -20 -21 -22 24 -24 -25 -26 -27 -28 -29 -30 -31
leaf_value=0.046633859367967261 -0.046635562634237307 -0.013082695777039063 0.028713322765344235 0.033613993265451655 0.099137871801488753 -0.17125198284553961 0.048183201195537144 0.028604036448568231 0.065109716965038242 0.0064446056848535107 0.035950309539473223 0.01458883367319724 -0.01985814475548224 -0.02077565213925325 -0.046020164117789975 0.063281983834008473 -0.014366351698136152 -0.035679730117422932 0.095558742777313646 0.033454911264516017 -0.035632750021820078 -0.04020053444968788 -0.0322426667993101 0.051526943632020206 0.0077776677786371472 -0.056062234676680624 -0.038431366547321141 0.0070525787524124755 0.084758536863342004 -0.013054178728908928
leaf_weight=268842.24625615403 1596.1212400970981 4194.4434963250533 18135.298042759299 3280.8610318154097 318.71424246113747 371.23914583772421 9062.8547277413309 2026.710875865072 19061.748208701611 6957.1908785309643 70488.751969758421 3241.9954243917018 61101.70189156197 3352.8816332565621 1090.5545539734885 1953.5633080955595 68341.946235464886 2309.7401431761682 436.14028817415237 1646.9753374680877 36902.357088993303 2992.8615796975791 55937.176452177577 1070.1503064036369 9409.6426033191383 2172.9467067122459 13010.833383955993 11861.570087778382 448.37505378201604 2376.3870823029429
leaf_count=230850 33987 36313 77049 6575 2181 1330 7830 2238 14539 24287 68832 13924 730734 32291 4211 10098 475508 17702 533 3662 729987 23647 892748 11944 56376 4916 144116 192786 1633 7241
internal_value=0.0168853 -0.0162586 -0.0072997 -0.0130729 -0.0219029 0.0446785 0.022683 -0.0278772 0.0455153 -0.0236077 0.0444146 -0.024832 -0.0255939 0.0148212 0.0203531 -0.0147331 -0.0112881 0.0163754 -0.0136673 -0.00688517 -0.0258314 -0.0230555 -0.0250795 -0.0186264 -0.0038 -0.0728703 -0.029285 0.00065511 -0.00362598 0.023882
internal_weight=683994 311967 120578 95622.9 191389 372026 13633.8 4570.9 358393 177932 339331 170975 167733 24955.1 21602.2 92342 74688.4 5910.28 68778.1 3956.72 167414 130512 118109 62171.9 12402.5 2544.19 17653.7 13457.7 4642.82 20511.7
internal_count=3860068 3529533 816932 696140 2712601 330535 16314 8484 314221 2485828 299682 2461541 2447617 120792 88501 689565 507503 31462 476041 21364 2445436 1715449 1635426 742678 80023 6246 182062 226773 37946 84290
cat_boundaries=0 1 2 3 4 5 6 7 8 9 10 11 12 13 14 15 16 17
cat_threshold=2 4 32 1 1 1 1 96 8 9 2 30 2 48 12 32 192
is_linear=0
shrinkage=0.08


Tree=38
num_leaves=31
num_cat=21
split_feature=47 46 37 47 1 42 34 48 31 46 40 41 31 27 45 43 17 19 43 19 42 34 42 34 39 19 21 34 37 45
split_gain=86298.9 2661.75 2141.42 1972.19 1336.61 1107.67 1018.35 979.345 885.794 749.72 1282.6 716.788 616.786 644.562 546.293 651.158 614.906 733.27 604.767 575.789 644.457 673.824 526.663 522.137 1047.98 561.343 1235.08 514.12 565.341 543.937
threshold=0 1 2 3 1.5000000000000002 4 5 6 inf 7 8 9 1.0000000180025095e-35 2.5000000000000004 10 11 95.500000000000014 194.17499542236331 12 276.12500000000006 13 14 15 16 17 3108.7500000000005 2.5000000000000004 18 19 20
decision_type=1 1 1 1 2 9 1 9 8 1 1 9 10 8 9 9 2 2 9 2 9 1 9 1 9 2 2 1 1 9
left_child=8 2 14 5 6 -4 11 -8 9 -1 -11 22 13 -7 15 -2 -17 -18 19 20 21 -16 27 24 -15 -25 -27 28 -5 -30
right_child=1 -3 3 4 -6 12 7 -9 -10 10 -12 -13 -14 23 18 16 17 -19 -20 -21 -22 -23 -24 25 -26 26 -28 -29 29 -31
leaf_value=0.045264892710947142 0.13529781365154475 0.020760927831120914 0.0031231517680486739 0.20800070442392637 0.025370684379058935 0.10779226650761764 -0.017689478651005359 0.15272019953735747 0.034819536049050206 -0.10033739383357033 0.02940993206450997 0.0071423807476866576 0.013114614330878648 0.360581458193306 0.26088032724879334 -0.035358564613657231 0.91118969271969508 -0.086115120981400908 -0.068010773008413128 -0.067972692312069885 -0.048354458984100214 -0.071625108934727302 -0.019266967492915055 -0.02091819763766405 -0.039781140498148661 -0.051400779288184782 0.39916587138337117 -0.0086686435388113551 0.081311308552940303 -0.012076457553784515
leaf_weight=271503.97430638596 137.52649156749249 12523.934459861368 11661.60400565993 118.71153689548373 7649.987549956888 240.18949619680643 52870.667969541624 216.72228627279401 77294.538584265858 506.02375016361475 9047.8188324160874 28745.314933644608 3060.4734855182469 41.975222308188677 145.27133219037205 9808.6816423488781 9.6121321488171834 9.2674715006723982 6667.0338863404468 289.7957156766206 138.38368653133512 52.32150810956955 16066.801818095148 134084.06503832899 13305.989706882276 5068.5345401009545 39.23805433139205 3051.983599383384 758.43364996090531 831.32527225837111
leaf_count=240819 917 36568 183291 444 12810 1054 387004 1267 77897 1491 10127 153616 12685 378 3121 174375 18 256 222601 8339 2572 1261 127345 1789906 280514 95675 295 20983 4844 7349
internal_value=0.0157227 -0.0153615 -0.0168947 -0.0151941 -0.00688868 -0.0206647 -0.00929258 -0.0169906 0.042404 0.0444898 0.0224636 -0.0010451 -0.0224435 -0.0231572 -0.0442347 -0.0319697 -0.0344456 0.421641 -0.0609273 0.0144238 0.085924 0.173626 -0.0123433 -0.0233634 -0.0384933 -0.0219082 -0.0479395 0.0110159 0.0460259 0.0327063
internal_weight=665946 307594 295070 277812 110310 167502 102660 53087.4 358352 281058 9553.84 49572.6 155840 152780 17257.9 9965.09 9827.56 18.8796 7292.81 625.772 335.977 197.593 20827.3 152540 13348 139192 5107.77 4760.45 1708.47 1589.76
internal_count=3859822 3529488 3492920 3079460 715662 2363798 702852 388271 330334 252437 11618 314581 2180507 2167822 413460 175566 174649 274 237894 15293 6954 4382 160965 2166768 280892 1885876 95970 33620 12637 12193
cat_boundaries=0 1 2 3 4 5 6 7 8 9 10 11 12 13 14 15 16 17 18 19 20 21
cat_threshold=2 1 16 4 1 29 1 1 1 50 42 2 4 24 56 17 64 1 16 66 1
is_linear=0
shrinkage=0.08


Tree=39
num_leaves=31
num_cat=20
split_feature=47 38 44 45 36 47 35 34 6 31 42 36 46 38 42 36 45 36 45 43 31 19 12 19 34 47 4 6 4 4
split_gain=73486.8 3495.09 2608.68 1272.19 1333.28 1409.74 1621.11 1317.63 930.572 833.164 793.43 774.499 762.718 682.207 926.991 731.994 667.699 659.625 647.533 634.47 620.005 728.865 612.838 670.642 1019.1 647.307 609.422 605.707 603.08 559.862
threshold=0 1 2 3 4 5 6 7 1.0000000180025095e-35 inf 8 9 10 11 12 13 14 15 16 17 1.0000000180025095e-35 12.025000095367433 168.00000762939456 36.125000000000007 18 19 74.000000000000014 230.5249938964844 19.500000000000004 21.500000000000004
decision_type=1 1 9 9 9 1 1 1 2 8 9 9 1 1 9 9 9 9 9 9 8 2 2 2 1 1 8 2 8 10
left_child=9 8 16 4 -4 13 -7 10 -2 12 11 27 -1 17 -15 -16 20 -6 -14 -10 21 -3 23 25 -25 -18 -27 -5 -21 -13
right_child=1 2 3 7 5 6 -8 -9 19 -11 -12 29 18 14 15 -17 22 -19 -20 28 -22 -23 -24 24 -26 26 -28 -29 -30 -31
leaf_value=0.043287467661997869 -0.004976345389947452 -0.02423851465123229 -0.047361217090238363 0.0038995759313000277 0.061659772044972055 0.036843969738977855 -0.011322745900641924 -0.054981461192164294 -0.065200869305233472 0.033005141248106343 -0.034765584408775037 -0.013059516019078494 -0.040076241232170656 -0.010044053421322878 -0.022065532633049272 -0.051044367586298212 -0.021706736208387683 -0.033877066334116586 0.027348156369374186 0.0056650362989111415 0.033764141765407846 0.017991981377694893 -0.039189106116548578 -0.071976976855272295 0.11402498783297822 -0.045691807809571432 0.02751185167534698 0.14711399526352772 0.030357041440129511 0.1575510403027299
leaf_weight=262379.66330290958 42528.486995091662 4188.1434747464955 9992.1587786860764 357.65839397720993 461.72405572235584 4870.911493845284 53429.293544629589 13822.0790447779 621.2599073946476 75800.345528420061 8983.486712038517 4416.0204592896625 1016.8467226289213 38631.348018559627 26185.953420156613 7108.8024630658329 7220.5273369010538 31836.788436079398 8253.6395051330328 15102.219906888902 6155.586025679484 6966.2505513690412 3427.9367418661714 253.55094647407532 681.78554119355977 874.08955095335841 4349.882037781179 400.8096979316324 10899.369904562831 126.62712777964771
leaf_count=240733 222095 17949 89738 2483 6229 10741 491662 298972 3331 78302 97279 76242 2183 537380 371811 74387 59314 907055 9455 97019 16487 40234 32169 2829 4556 4512 12415 2119 49081 1416
internal_value=0.0152906 -0.013442 -0.0180982 -0.0215767 -0.0190015 -0.0172551 -0.0072941 -0.0373633 0.00236595 0.0404213 -0.0202891 0.00426249 0.0424907 -0.0228287 -0.0184819 -0.0282663 0.00235169 -0.0324927 0.0199389 0.0140957 0.0133753 0.00213569 -0.00900393 -0.00127717 0.0640531 -0.00618743 0.0152632 0.0785451 0.0160093 -0.00828548
internal_weight=651343 303893 234741 200624 172517 162525 58300.2 28106.7 69151.3 347450 14284.6 5301.12 271650 104225 71926.1 33294.8 34117.8 32298.5 9270.49 26622.8 17310 11154.4 16807.8 13379.8 935.336 12444.5 5223.97 758.468 26001.6 4542.65
internal_count=3860178 3529505 3157979 2967514 2489003 2399265 502403 478511 371526 330673 179539 82260 252371 1896862 983578 446198 190465 913284 11638 149431 74670 58183 115795 83626 7385 76241 16927 4602 146100 77658
cat_boundaries=0 1 2 3 4 5 6 7 8 9 10 11 12 13 14 15 16 17 18 19 20
cat_threshold=2 643 1 13 25 4 8 23 25 10 1 40 25 128 14 34 32 34 48 4
is_linear=0
shrinkage=0.08


Tree=40
num_leaves=31
num_cat=15
split_feature=47 38 44 37 32 18 3 36 2 32 46 3 3 45 12 32 38 37 3 2 34 41 12 41 36 37 46 32 18 33
split_gain=67465.1 2515.31 2457.97 1741.17 1408.56 1321.47 1310.56 1189.53 1137.5 1674.9 1755.61 1917.85 1055.6 1016.16 1324.89 899.957 833.995 822.773 795.74 756.631 1199.21 972.775 830.741 745.498 649.83 620.87 583.197 572.848 567.913 567.312
threshold=0 1 2 3 -10.105000019073485 42471.949218750007 270.70500183105474 4 inf -8.9250001907348615 5 59.940000534057624 513.95501708984386 6 34446.089843750007 -10.105000019073485 7 8 inf inf 9 10 1069.1250000000002 11 12 13 14 -15.234999656677244 469.27499389648443 1.0000000180025095e-35
decision_type=1 1 9 1 10 2 10 9 8 10 1 10 8 9 2 8 1 1 8 8 1 9 2 9 9 1 1 8 2 2
left_child=8 7 12 5 16 -4 -7 23 9 10 -1 15 17 14 -8 -12 -5 -3 26 22 21 -21 -9 -2 -14 -24 -18 -13 -25 -6
right_child=1 2 3 4 29 6 13 19 -10 -11 11 27 24 -15 -16 -17 18 -19 -20 20 -22 -23 25 28 -26 -27 -28 -29 -30 -31
leaf_value=0.031377062932919454 -0.031304157909831563 0.0049892821506253857 -0.058287335195027677 -0.028808280859223236 -0.026122629981380704 0.94399390842100861 1.5023694963372669 0.0022533563135450191 0.056869329362795408 0.041339967972628948 -0.23684849750280401 -0.069858911354612835 0.051362327316540453 -0.07303317819843852 0.26218269092255386 -0.052518234533776353 -0.0060962031541276773 -0.024893644655475909 0.12355314588149233 0.094286700838583523 -0.055258191218541024 -0.07065164064913336 -0.0053246475043542893 -0.015240630820888284 -0.052091229374223565 0.052426827944569959 0.055054597510581289 0.043963083015598016 0.016366509179616365 0.016650724785239397
leaf_weight=102259.44048253447 12418.589014973491 19690.021135700867 9816.3426665151492 10531.006197137758 113976.98316554725 13.997775813564656 7.567348261363807 55273.069362169132 19922.010440085083 208691.59668121859 182.54306024312973 320.46817556768656 3534.8060281947255 67.750237103551626 20.307151416316628 2375.1784059554338 35279.118563849479 8406.5854552406818 313.91975103318691 729.50731754302979 3079.4065221510828 324.31086790189147 1727.4821334704757 11872.617673493922 430.21152431890368 3854.155537430197 1027.2015558630228 2419.602047175169 5245.7401414066553 2019.6863820878789
leaf_count=106677 76652 82328 344730 237511 1769764 70 137 342015 18004 196906 787 734 32569 2587 304 5304 399792 67963 195 603 12549 1362 10459 61265 2711 24574 3216 2154 25908 29980
internal_value=0.013725 -0.0138759 -0.0188509 -0.0226209 -0.0206374 -0.0551471 0.221019 -0.00307699 0.0383283 0.0371603 0.0290507 -0.0158537 0.00149424 0.115188 0.440749 -0.0656738 -0.00897959 -0.00395886 -0.00326863 0.00297356 -0.0301481 0.0433402 0.00522365 -0.0163861 0.0401356 0.0346375 -0.00436609 0.0306509 -0.00555171 -0.0253779
internal_weight=635831 299660 205136 173074 163148 9925.97 109.623 94524.9 336171 316249 107557 5297.79 32061.6 95.6247 27.8745 2557.72 47151.2 28096.6 36620.2 64987.9 4133.22 1053.82 60854.7 29536.9 3965.02 5581.64 36306.3 2740.07 17118.4 115997
internal_count=3859810 3529244 2973857 2788286 2440458 347828 3098 555387 330566 312562 115656 8979 185571 3028 441 6091 640714 150291 403203 391562 14514 1965 377048 163825 35280 35033 403008 2888 87173 1799744
cat_boundaries=0 1 2 3 4 5 6 7 8 9 10 11 12 13 14 15
cat_threshold=2 659 1 16 90 1 8 32 39 112 16 33 144 6 1
is_linear=0
shrinkage=0.08


Tree=41
num_leaves=31
num_cat=19
split_feature=47 37 47 35 2 3 36 45 34 4 3 45 42 18 19 3 2 36 45 2 34 4 36 34 42 36 37 18 45 34
split_gain=54641.2 2029.29 1880.13 1562.56 1073.2 1064.93 980.734 888.474 746.821 737.697 733.052 896.518 731.122 886.492 1384.08 1248.53 2254.29 698.454 691.605 650.033 643.346 640.036 632.64 625.745 878.511 1035.83 725.269 729.919 1017.25 611.024
threshold=0 1 2 3 inf 806.07000732421886 4 5 6 5.5000000000000009 1.0000000180025095e-35 7 8 23535.780273437504 1581.090026855469 339.84500122070318 1.0000000180025095e-35 9 10 1.5000000000000002 11 18.500000000000004 12 13 14 15 16 189.77500152587893 17 18
decision_type=1 1 1 1 8 8 9 9 1 10 10 9 9 2 2 10 10 9 9 8 1 8 9 1 9 9 1 2 9 1
left_child=4 18 5 17 10 6 7 9 -9 -3 11 -1 13 -10 15 -15 -17 21 -2 22 -12 23 29 24 25 -4 27 -25 -29 -5
right_child=1 2 3 19 -6 -7 -8 8 12 -11 20 -13 -14 14 -16 16 -18 -19 -20 -21 -22 -23 -24 26 -26 -27 -28 28 -30 -31
leaf_value=0.031266834590355244 -0.010732299640687268 0.00068356145435000896 0.16263027649045825 0.015256956557959068 0.054901907628056322 0.040230620778015869 -0.03132040149070546 -0.035133165990384678 0.0069082223994961301 0.070994185716547309 0.039496935452322489 -0.050673560592423075 -0.015029229728175306 1.2201774268615397 -0.08571823322356481 0.14744327775323887 1.6841762684583017 -0.023709024838572006 -0.04819664311193942 -0.021231709668359619 0.032108139345452966 0.0053550451469242602 0.024609069855097997 -0.066236991400240974 -0.017124968053853839 0.0064470731697039022 -0.027335593564293666 0.50667497564838859 0.047274963986663449 -0.1179491423622005
leaf_weight=2173.3804230950773 4293.4767640717328 13406.111069410108 266.33047635853291 491.66233906149864 18864.881417613477 2220.5812530769035 21878.569329537451 11042.366947549395 7497.9169097803533 1028.2815723568201 146314.40297241136 1394.1320746429265 110712.1877683606 11.039383934810756 57.289572318084538 60.602432291954756 6.7942400239408007 12596.692292258143 12091.645450922661 2536.052688844502 157624.06720738485 31573.032671041787 19887.922579387203 82.594262730330229 16013.525684505701 16696.664203645661 12266.553140589967 43.906932819634676 93.181223995983601 390.17979546636343
leaf_count=2598 78332 149211 877 1084 17950 20512 189353 264977 119087 5490 140959 3030 1635717 36 1700 953 87 72400 339282 9183 166358 164326 85278 757 119823 132561 135522 179 659 1893
internal_value=0.0137813 -0.0110323 -0.00943446 -0.00145354 0.0363805 -0.0148027 -0.0155402 -0.0131366 -0.015237 0.00568843 0.0352442 -0.00080868 -0.0133777 0.0105623 0.213205 0.431538 0.302361 -0.00625192 -0.0383922 0.0169961 0.0356674 -0.00339467 0.021672 -0.00947193 -0.00369101 0.00899363 -0.0247168 0.116336 0.234821 -0.0443431
internal_weight=623616 297245 280860 112938 326371 167922 165701 143823 129388 14434.4 307506 3567.51 118346 7633.64 135.726 78.4361 67.3967 89632.5 16385.1 23305.8 303938 77035.8 20769.8 45462.8 32976.5 16963 12486.2 219.682 137.088 881.842
internal_count=3860174 3529279 3111665 724542 330895 2387123 2366611 2177258 2022557 154701 312945 5628 1757580 121863 2776 1076 1040 627104 417614 97438 307317 554704 88255 390378 253261 133438 137117 1595 838 2977
cat_boundaries=0 1 2 3 4 5 6 7 8 9 10 11 12 13 14 15 16 17 18 19
cat_threshold=2 16 4 32 224 8 64 37 1 147 10 28 57 39 40 1 64 4 6
is_linear=0
shrinkage=0.08


Tree=42
num_leaves=31
num_cat=15
split_feature=41 43 32 2 4 31 40 46 11 35 4 34 4 46 44 44 32 4 2 11 41 33 34 39 9 41 7 43 4 34
split_gain=1012.9 1476.76 672.359 841.337 554.545 535.854 788.418 468.87 564.383 465.176 505.836 417.727 385.9 379.181 269.241 561.956 262.102 254.889 341.37 278.768 517.749 267.802 253.98 364.238 258.083 251.28 461.047 249.051 1609.76 764.974
threshold=0 1 -10.105000019073485 inf 74.000000000000014 1.0000000180025095e-35 2 3 2.5000000000000004 4 65.500000000000014 5 1.5000000000000002 6 7 8 2.1350001096725468 33.500000000000007 1.0000000180025095e-35 43.500000000000007 9 1.5000000000000002 10 11 1.0000000180025095e-35 12 80.400005340576186 13 33.500000000000007 14
decision_type=9 9 8 8 10 10 1 1 2 1 10 1 8 1 9 9 10 8 8 2 9 2 1 9 2 9 2 9 10 1
left_child=1 -1 3 7 5 9 -7 -2 -9 10 11 25 16 -8 -15 -16 22 18 19 -14 -21 27 -11 -24 -25 -4 -27 28 29 -19
right_child=2 -3 4 -5 -6 6 13 8 -10 12 -12 -13 17 14 15 -17 -18 21 -20 20 -22 -23 23 24 -26 26 -28 -29 -30 -31
leaf_value=0.056482276992911647 0.023357932789005276 0.0060932070167990186 0.012845517777178841 0.061165477684693895 0.470293317669015 -0.13317703626508962 0.039751280327224914 -0.08397498664872767 0.027273914679078019 0.014520565299981213 0.40221990602073576 0.016008364284770277 0.022254739084066534 0.053341388903443539 0.033896459223850171 -0.040516814508095161 0.0053855375027332042 -0.0011737336273912643 0.009549372997646171 -0.055148518724492224 0.3165728067076547 0.13827648135525697 0.026118265585400514 0.007219013803581518 0.035232800767992185 0.034910100576097454 0.095801645709318053 0.011907990612007011 0.011279880030762378 -0.30425828929868426
leaf_weight=8013.0696631148458 9485.9392026104033 6964.185303135775 1586.4760476592928 3834.598787211813 16.866736650466919 181.12588736414909 8548.528260092251 605.35822144895792 563.54454973898828 66335.270436004736 22.275033600628376 23025.275497931056 35361.711541015655 659.14970134943724 1278.5294182002544 1320.1509330552071 96488.728215641342 88.275455929338932 20052.538823093288 43.381011650897563 45.323274608701468 106.86160836555064 7185.0218914039433 137411.29596793652 2137.4693642798811 3072.9963589608669 1073.9297177828848 173315.97775721643 1640.4485265649855 158.05885237734765
leaf_count=11301 62091 19501 5890 4664 4 1018 21646 1723 1179 485058 35 131028 168650 897 1537 8514 878352 212 85025 300 176 370 47217 1029011 18916 10370 3715 851483 9565 1218
internal_value=0.0125265 0.0330719 0.0120092 0.0290316 0.011585 0.0115717 0.0283104 0.0174669 -0.0303403 0.0112191 0.0211312 0.0208434 0.0106906 0.0308745 0.00767667 -0.00390609 0.00884474 0.0131666 0.0178914 0.02261 0.164253 0.0116708 0.0104112 0.00855194 0.0076481 0.0401627 0.0505573 0.0115935 -0.0172632 -0.208045
internal_weight=610622 14977.3 595645 14489.4 581156 581139 11987.5 10654.8 1168.9 569151 28781 28758.7 540370 11806.4 3257.83 2598.68 309558 230813 55503 35450.4 88.7043 175310 213069 146734 139549 5733.4 4146.93 175203 1886.78 246.334
internal_count=3860666 30802 3829864 69657 3760207 3760203 33612 64993 2902 3726591 151038 151003 3575553 32594 10948 10051 2458554 1116999 254151 169126 476 862848 1580202 1095144 1047927 19975 14085 862478 10995 1430
cat_boundaries=0 1 2 3 4 5 6 7 8 9 10 11 12 13 14 15
cat_threshold=16 4 1 1 16 3 1 2 1 6 12 1 5 33 6
is_linear=0
shrinkage=0.08


Tree=43
num_leaves=31
num_cat=12
split_feature=47 32 32 47 47 35 24 41 45 1 3 35 11 22 18 1 46 3 3 25 43 3 16 43 3 41 45 16 32 21
split_gain=50176.8 2006.03 970.263 855.805 698.864 841.723 636.401 544.556 680.242 853.762 716.827 525.593 1098.4 637.26 546.818 518.988 515.668 968.74 710.259 496.007 491.107 1112.14 1454.56 469.204 771.71 527.455 598.784 468.836 466.849 464.992
threshold=0 -8.0850000381469709 81.750000000000014 1 2 3 -1.0000000180025095e-35 4 5 4.5000000000000009 192.27500152587893 6 4.5000000000000009 4.5000000000000009 541.22500610351574 4.5000000000000009 7 35.23500061035157 1.0000000180025095e-35 7.5000000000000009 8 513.95501708984386 2.5000000000000004 9 501.13999938964849 10 11 1.0000000180025095e-35 24.770000457763675 3.5000000000000004
decision_type=1 10 8 1 1 1 2 9 9 2 10 1 2 2 2 2 1 10 10 8 9 10 2 9 8 9 9 2 10 2
left_child=2 3 -1 15 7 28 -7 8 9 -3 -10 12 -9 14 27 -2 18 -18 -4 -13 21 22 -16 -5 25 26 -25 -14 -6 -12
right_child=1 4 16 23 5 6 -8 11 10 -11 29 19 13 -15 20 -17 17 -19 -20 -21 -22 -23 -24 24 -26 -27 -28 -29 -30 -31
leaf_value=0.037124858988997776 -0.009455595923854752 -0.027968694644895282 0.063509667972844366 -0.012896287862975087 0.012891901740460589 -0.014929009279970278 0.10246981670669188 -0.026447072122402653 0.024695837086526708 0.21538628949246527 -0.011212349328723281 0.052367925015835766 0.16451484678398298 0.48177876636770572 -0.010382211372572493 0.081783389534247339 -0.020243661129389256 0.04017816813920199 0.027881013166839608 -0.025900494623369633 0.0093895027989480823 0.93998637332091406 1.1402564831848745 -0.00043854078074241626 0.055192694288334038 0.014099045728916529 -0.05788722963541041 -0.033353407659242065 -0.040225302466964437 0.47251549723947039
leaf_weight=206181.3388241455 57211.86775553599 12661.709255022928 3718.4358287267387 6667.6746135484427 11648.481623467989 64276.406672685407 296.88269192166626 3989.4477292578667 4722.7865305077285 92.942100300453603 15796.808023650199 521.51771199982613 337.71157648228109 21.037875823676586 70.41211380623281 401.80544419120997 3828.1745299212635 3052.2855008915067 96846.150713667274 81367.311613420025 1692.4793522581458 11.725777028128503 7.8113003615289918 8277.8032816108316 2287.1452481532469 21095.59246038273 1340.9348182082176 99.136463943868876 1164.8756872331724 12.7283802581951
leaf_count=209877 776142 203319 3218 71196 67772 510361 1035 48607 37327 857 307238 6462 3400 164 1346 3399 6966 2966 107347 1301747 22458 120 18 49328 7656 91851 10183 1332 7321 84
internal_value=0.0116141 -0.0120063 0.0339127 -0.00259308 -0.0166129 -0.0106717 -0.014387 -0.0203999 -0.0116703 -0.0261749 -0.00265169 -0.0236936 -0.0012722 0.0435524 0.0393981 -0.00881928 0.0277487 0.00656046 0.0291984 -0.0253989 0.019739 0.192077 0.104519 0.00644957 0.010359 0.00702383 -0.00849918 0.119611 0.00805667 -0.0108229
internal_weight=609701 296075 313626 97282.8 198792 77386.6 64573.3 121406 33287 12754.7 20532.3 88118.6 6229.76 2240.31 2219.28 57613.7 107445 6880.46 100565 81888.8 1782.43 89.9492 78.2234 39669.2 33001.5 30714.3 9618.74 436.848 12813.4 15809.5
internal_count=3861097 3530723 330374 1009755 2520968 586489 511396 1934479 548825 204176 344649 1385654 77445 28838 28674 779541 120497 9932 110565 1308209 23942 1484 1364 230214 159018 151362 59511 4732 75093 307322
cat_boundaries=0 1 2 3 4 5 6 7 8 9 10 11 12
cat_threshold=2 4 4 9 21 1 16 1 32 35 34 13
is_linear=0
shrinkage=0.08


Tree=44
num_leaves=31
num_cat=15
split_feature=2 34 32 38 37 34 42 4 3 13 39 4 11 40 27 42 45 38 45 38 45 32 18 37 26 15 6 3 42 2
split_gain=799.124 1058.55 914.852 823.186 831.707 779.801 602.316 585.639 545.897 640.323 631.128 878.942 626.024 469.396 427.281 501.969 396.539 436.668 2356.11 393.214 480.171 395.841 358.792 431.528 353.756 550.275 550.291 381.105 344.064 412.809
threshold=inf 0 -7.3949999809265128 1 2 3 4 1.5000000000000002 778.97000122070324 1534.924987792969 5 7.5000000000000009 25.500000000000004 6 7.5000000000000009 7 8 9 10 11 12 -5.6749999523162833 922.02499389648449 13 8.2500000000000018 1.0000000180025095e-35 171.00000762939456 686.17501831054699 14 1.0000000180025095e-35
decision_type=8 1 8 1 1 1 9 8 10 2 9 10 2 1 8 9 9 1 9 1 9 10 2 1 10 2 2 10 9 10
left_child=3 -2 -3 7 5 6 8 22 24 -10 11 12 -11 -4 15 -6 28 -18 -19 20 -15 -21 23 -1 -5 27 -27 -26 29 -9
right_child=1 2 13 4 14 -7 -8 16 9 10 -12 -13 -14 19 -16 -17 17 18 -20 21 -22 -23 -24 -25 25 26 -28 -29 -30 -31
leaf_value=0.014415327449471757 0.046160927340463606 0.05926993712180606 0.020372128928779723 0.012893050499597119 0.001316249552965716 -0.00094750670606249545 0.0040444064447115301 0.03990878061731655 0.038885609827038287 1.4525501527093523 0.14300921685081344 0.017265251527228759 0.45560353643121937 -0.018596534832702485 0.012129997895409706 0.17990157436632115 0.019206054352826029 0.021522513912041134 -0.088709735207356769 0.035290709206766906 -0.10749824524079063 -0.01517495004245537 0.026190916433575701 -0.00062597085802991502 0.035923652794917514 0.75481344797177718 0.098501423809461405 0.31617550183419685 0.01922416489904134 0.0069062013919761458
leaf_weight=26187.092945646495 9378.0278007527813 2219.3237968608737 5805.8964969553053 69063.169291433878 203.57909685373306 81337.230727463029 80611.774229271337 14886.958407077938 742.51326065324247 7.7320616804063382 188.18173175863922 11.481034208089111 8.4219398461282236 2347.148160636425 213077.71266196249 200.68990644067526 25776.829402841628 5528.3954981975257 1589.3347382023931 1673.6703243814409 459.71144864335656 2452.1872484246269 7503.2473185956478 22866.077207222581 369.30712290015072 15.107517858967183 17.820878367871046 33.905883926898241 20284.139704693109 2897.8531909137964
leaf_count=89986 17309 2907 11823 448857 1990 784548 456120 39596 4453 92 998 55 130 6135 1679951 713 79469 14194 7903 2682 1911 9190 29182 95284 3028 24 190 146 61267 9651
internal_value=0.0109044 0.025103 0.0118618 0.0103018 0.00868009 0.00536804 0.00876823 0.0159703 0.0141715 0.0741407 0.195435 0.552433 0.932789 0.00361165 0.0122853 0.0944534 0.0208115 0.0143624 -0.00318143 -0.010439 -0.0334869 0.00528384 0.00989873 0.00740666 0.0133466 0.0851692 0.399617 0.0594898 0.0263734 0.0345119
internal_weight=597745 24336 14957.9 573409 445889 232407 151069 127520 70457.6 958.33 215.817 27.635 16.154 12738.6 213482 404.269 70963.5 32894.6 7117.73 6932.72 2806.86 4125.86 56556.4 49053.2 69499.3 436.141 32.9284 403.213 38069 17784.8
internal_count=3859784 51957 34648 3807827 3381295 1698641 914093 426532 457973 5728 1275 277 222 31741 1682654 2703 212080 101566 22097 19918 8046 11872 214452 185270 452245 3388 214 3174 110514 49247
cat_boundaries=0 1 2 3 4 5 6 7 8 9 10 11 12 13 14 15
cat_threshold=112 643 5 15 25 2 12 41 11 514 4 129 13 86 19
is_linear=0
shrinkage=0.08


Tree=45
num_leaves=31
num_cat=17
split_feature=47 38 36 44 37 45 32 2 32 40 37 1 2 32 40 37 47 12 31 13 35 38 3 34 45 7 38 33 3 36
split_gain=44737.1 2351.43 2220.39 2038.45 1189 1148.79 1123.11 969.792 969.785 791.492 765.67 756.646 753.808 729.931 727.546 904.679 823.25 724.503 722.009 720.906 711.979 691.475 687.62 686.849 799.91 622.261 639.02 823.25 1011.2 661.618
threshold=0 1 2 3 4 5 81.750000000000014 inf -10.105000019073485 6 7 3.5000000000000004 inf 17.454999923706058 8 9 10 85.599990844726577 1.0000000180025095e-35 1362.174987792969 11 12 527.47000122070324 13 14 12.50000047683716 15 1.0000000180025095e-35 215.12500000000003 16
decision_type=1 1 9 9 1 9 8 8 8 1 1 2 8 8 1 1 1 2 10 2 1 1 8 1 9 2 1 2 8 9
left_child=6 3 5 4 -2 -3 -1 8 -7 -9 -5 14 -8 -6 15 16 17 -10 25 23 -19 -17 -18 -12 -25 -4 -27 -28 -29 -30
right_child=1 2 18 10 13 7 12 9 11 -11 19 -13 -14 -15 -16 21 22 20 -20 -21 -22 -23 -24 24 -26 26 27 28 29 -31
leaf_value=0.03513348369815647 0.029745048368115028 0.02400303108982698 -0.029539708826225176 -0.051385700896600543 -0.024852790267112158 0.050741620849452079 0.022790502579173925 0.018243386845907827 -0.015125538010906903 -0.060659481246830904 -0.012902764834347689 0.045362998648433697 0.047210317117242342 0.012422510970992054 -0.019366600211311664 -0.027678099067337893 0.012822980378360153 0.053699824942417818 0.035517121771954312 -0.049091047442921872 0.0024400471118732887 -0.0033888042471862884 0.072156035412130753 -0.02388900456116784 -0.053461783364738176 -0.026330201034415024 -0.0053718860383271099 0.21580330103999568 0.32118196032029955 -0.075480040118953859
leaf_weight=199371.66725737602 6235.2468392550945 10729.223309282213 28622.156299762428 7731.7083090376109 9658.4450511075556 2195.3683829307556 94940.355296399444 1090.13718210347 16993.646868800744 3194.0930399792269 28497.000917175785 2038.7899806108326 8843.7387577425689 5157.5428546313196 16423.585756108165 11523.905562339351 22827.858887080103 1889.8273032866418 1473.8583924993873 7160.0683557633311 19927.216131615452 21482.726794674993 1322.4937703795731 32971.263102225028 7135.7312893532217 12636.796409090981 15645.615077182651 241.62874042242765 21.194298930466175 189.62832531705499
leaf_count=209906 27803 52928 205004 304146 79455 13544 110814 2699 201224 14942 495059 14458 9993 32284 95543 134749 124402 21117 3361 199431 286492 140526 4626 689198 177214 116801 90710 659 24 1452
internal_value=0.0100378 -0.0121401 -0.00684732 -0.0217799 0.000465317 -0.00107247 0.0316203 -0.00329941 -0.00192646 -0.0406814 -0.0273911 -0.00293691 0.0248714 -0.011869 -0.00381308 -0.00114916 0.00447471 -0.00274074 -0.0197666 -0.0249324 0.00690598 -0.011875 0.0160721 -0.0224146 -0.0291625 -0.0211907 -0.0128744 -0.00229395 0.104089 -0.0239486
internal_weight=598173 295017 190470 104547 21051.2 131639 303156 120910 116625 4284.23 83495.8 114430 103784 14816 112391 95967.7 62961 38810.7 58830.9 75764.1 21817 33006.6 24150.4 68604 40107 57357 28734.9 16098.1 452.451 210.823
internal_count=3860564 3529851 1525261 2004590 139542 1107250 330713 1054322 1036681 17641 1865048 1023137 120807 111739 1008679 913136 637861 508833 418011 1560902 307609 275275 129028 1361471 866412 414650 209646 92845 2135 1476
cat_boundaries=0 1 2 3 4 5 6 7 8 9 10 11 12 13 14 15 16 17
cat_threshold=2 44 128 1 96 8 8 80 6 105 4 16 272 12 13 272 32
is_linear=0
shrinkage=0.08


Tree=46
num_leaves=31
num_cat=12
split_feature=47 44 38 32 4 2 32 19 34 3 3 42 4 45 18 2 32 3 34 34 4 40 3 2 3 38 11 45 39 18
split_gain=38826.8 2175.81 2431.1 1314.41 1050.04 959.622 1329.71 799.701 881.837 752.985 710.269 675.026 621.441 591.252 748.233 557.768 553.9 536.757 776.778 622.457 607.898 534.38 532.172 522.005 502.541 717.987 484.081 500.42 598.511 547.888
threshold=0 1 2 -4.7249999046325675 18.500000000000004 inf -10.105000019073485 1581.090026855469 3 1.0000000180025095e-35 501.13999938964849 4 1.0000000180025095e-35 5 342.02499389648443 2.5000000000000004 2.9050000905990605 56.010000228881843 6 7 32.500000000000007 8 570.42501831054699 1.0000000180025095e-35 197.51499938964847 9 32.500000000000007 10 11 29539.875976562504
decision_type=1 9 1 10 8 8 10 2 1 10 10 9 10 9 2 10 10 10 1 1 8 1 10 10 10 1 2 9 9 2
left_child=5 10 7 9 11 6 -1 8 -3 -4 13 12 -5 23 -15 24 -13 19 -19 -6 -20 -11 -12 -2 25 -14 27 28 -26 -29
right_child=1 2 3 4 17 -7 -8 -9 -10 21 22 16 15 14 -16 -17 -18 18 20 -21 -22 -23 -24 -25 26 -27 -28 29 -30 -31
leaf_value=0.021021017786189419 0.0090585256334155088 -0.040966956532681821 0.075529549560228559 -0.012262739505078247 -0.0078004998847529565 0.048721552296640998 0.032644446081028636 -0.047564216472973583 -0.018387933507402678 0.0021515533362123024 0.096598797922887961 -0.017652771904057219 0.20922087899976249 0.00053431014517797953 -0.040481477577396306 0.18550296564469096 -0.034543211573206126 -0.013648007946498925 0.095262933554327134 -0.04755287491825036 0.0094443520862097993 -0.020538967583503213 0.023571139802687185 0.055332744270212002 0.4738901822921171 0.019507808811333852 0.25597795644539756 -0.034948620634421439 0.058029817860958989 0.38695068128634363
leaf_weight=96271.541573058814 12993.782806405798 13671.489315514453 842.87914755940437 11368.887737394311 9789.87937075831 16087.037279263139 182204.4453748595 9325.290446177125 58550.345257543027 54920.611646905541 790.87784461677074 29263.05568088498 190.94751003012061 16642.358821865171 3433.8497183751315 145.56536066159606 21596.413964097388 12997.572595644742 544.92128241062164 3391.5144849531353 17277.537564011291 7546.4423846583813 3317.796768553555 1773.0818225219846 25.353259660303593 373.10234784334898 45.535231906920671 1226.4053905038163 175.25937050394714 20.021031081676483
leaf_count=114831 41131 349552 767 143253 75425 17995 197391 291969 1222090 436524 4626 272203 1141 97112 25367 809 215018 100523 4321 29154 120389 47142 31252 3133 28 2613 128 12584 960 64
internal_value=0.00922658 -0.0114333 -0.0141403 -0.00873785 -0.0140861 0.0297236 0.0286261 -0.0255139 -0.0226703 0.000420896 0.0061692 -0.020592 -0.00472482 0.00245957 -0.00647783 0.0341686 -0.0248201 -0.00455979 0.00121864 -0.0180706 0.0120615 -0.000592559 0.0376282 0.0146049 0.0234573 0.0877864 -0.000852942 -0.00893486 0.105335 -0.0279475
internal_weight=586804 292241 253289 171742 108432 294563 278476 81547.1 72221.8 63309.9 38951.7 64430.5 13571.1 34843.1 20076.2 2202.19 50859.5 44001.4 30820 13181.4 17822.5 62467.1 4108.67 14766.9 2056.62 564.05 1492.57 1447.04 200.613 1246.43
internal_count=3859495 3529278 3326657 1463046 978613 330217 312222 1863611 1571642 484433 202621 648801 161580 166743 122479 18327 487221 329812 225233 104579 124710 483666 35878 44264 17518 3754 13764 13636 988 12648
cat_boundaries=0 1 2 3 4 5 6 7 8 9 10 11 12
cat_threshold=2 1 44 65 8 12 12 78 6 768 40 2
is_linear=0
shrinkage=0.08


Tree=47
num_leaves=31
num_cat=16
split_feature=38 34 41 34 1 18 38 5 36 42 19 38 12 21 26 36 34 1 17 4 42 22 41 43 19 19 5 38 43 41
split_gain=698.687 822.359 643.457 768.586 559.164 431.469 407.59 319.823 309.241 336.553 287.499 448.115 472.036 379.689 282.561 261.53 292.254 755.8 458.851 746.152 384.862 382.983 377.791 905.537 372.063 352.706 570.282 327.177 301.818 256.563
threshold=0 1 2 3 1.0000000180025095e-35 10901.750000000002 4 30.500000000000004 5 6 863.35998535156261 7 862.80001831054699 3.5000000000000004 9.2500000000000018 8 9 1.5000000000000002 26.500000000000004 3.5000000000000004 10 2.5000000000000004 11 12 166.02500152587893 172.81500244140628 1.5000000000000002 13 14 15
decision_type=1 1 9 1 2 2 1 2 9 9 2 1 2 2 10 9 1 2 2 8 9 2 9 9 2 2 2 1 9 9
left_child=1 2 3 -1 5 8 -5 10 9 -3 15 -12 13 14 -13 16 -2 21 20 -20 27 -18 23 -23 -22 26 -26 28 -19 -14
right_child=7 4 -4 6 -6 -7 -8 -9 -10 -11 11 12 29 -15 -16 -17 17 18 19 -21 24 22 -24 -25 25 -27 -28 -29 -30 -31
leaf_value=-0.00076725476771072234 0.010702642949518682 0.054686838953595197 0.017765891650128002 -0.0013137259463399428 0.022802019670033764 0.06521258887923502 0.069437869924370635 0.035242728603755769 0.0025412010380835752 0.011831334853527624 -0.0067008768489447909 -0.0053974016517185277 0.0060924356043189579 0.40753226648847718 0.07936144779473607 0.0020921736604376405 0.0040948876757423728 0.1224528444059977 -0.032925981998105869 0.46383053914895067 0.00079998149060115124 0.57480533469517037 0.028171016295032828 0.0029564733486116147 0.52346070873845396 0.033771370194187474 0.0024597502580937349 0.018968876686687158 0.048929907133068058 0.021261262704531655
leaf_weight=1781.5027834251523 168978.30977174686 1382.1668270565569 47946.439866261557 602.33369809016585 14182.121004611254 761.78245529904962 4279.6921904198825 2525.4542768481188 58441.17305813916 7585.0458557717502 24586.313593807165 16982.137690565549 15881.330725009553 14.350402586162089 255.51000741682947 48113.060038082302 138798.22172624804 516.18768704496324 37.960905317217112 39.475679850205779 4620.0182322654873 24.574013765901327 161.80257747555152 46.787931739352643 24.699276861734688 2744.3958945563063 29.511933718807995 1445.3645289689302 1303.0206697080284 12990.858598835766
leaf_count=4988 1254573 3199 157042 1490 44013 1710 4632 16331 215409 22020 442637 123101 116891 45 1604 222523 1060517 2524 605 151 32839 84 1598 327 154 24360 237 14802 7741 81383
internal_value=0.00840856 0.0133988 0.021012 0.0443076 0.00834833 0.00534261 0.0607239 0.00685516 0.00466602 0.0184905 0.00669149 0.00202065 0.00666963 -0.0037986 -0.00414104 0.00759171 0.00842145 0.00584752 0.0262741 0.220311 0.0248676 0.00426698 0.10671 0.246322 0.0147241 0.037763 0.239834 0.0477271 0.0703469 0.012927
internal_weight=577082 136962 54610 6663.53 82352.3 68170.2 4882.03 440119 67408.4 8967.21 437594 70710.5 46124.2 17252 17237.6 366883 318770 149792 10760.6 77.4366 10683.2 139031 233.165 71.3619 7418.63 2798.61 54.2112 3264.57 1819.21 28872.2
internal_count=3859530 454503 168152 11110 286351 242338 6122 3405027 240628 25219 3388696 765661 323024 124750 124705 2623035 2400512 1145939 83413 756 82657 1062526 2009 411 57590 24751 391 25067 10265 198274
cat_boundaries=0 1 2 3 4 5 6 7 8 9 10 11 12 13 14 15 16
cat_threshold=643 116 16 4 2 19 8 40 162 77 33 2 4 84 36 50
is_linear=0
shrinkage=0.08


Tree=48
num_leaves=31
num_cat=12
split_feature=47 44 45 32 33 34 3 3 34 47 1 26 32 42 42 13 4 3 4 34 11 35 19 10 4 1 43 19 21 34
split_gain=35021.5 1709.9 1282.59 1304.74 1094.75 1063.17 936.739 921.9 1201.2 871.884 827.247 780.42 773.969 762.354 750.056 689.08 1160.65 638.314 576.251 841.643 857.467 792.046 1889.27 570.733 653.22 556.202 537.227 1003.58 532.605 509.107
threshold=0 1 2 -10.105000019073485 1.0000000180025095e-35 3 9.7550001144409197 18.185000419616703 4 5 1.5000000000000002 2.5000000000000004 81.750000000000014 6 7 199.02500152587893 9.5000000000000018 128.4049987792969 1.5000000000000002 8 23.500000000000004 9 2726.244995117188 2.5000000000000004 25.500000000000004 8.5000000000000018 10 404.80000305175787 3.5000000000000004 11
decision_type=1 9 9 8 2 1 10 8 1 1 2 8 8 9 9 2 8 10 8 1 2 1 2 2 8 2 9 2 2 1
left_child=12 7 3 17 6 15 -5 -2 14 11 -11 13 -1 -8 -9 25 -17 -3 -13 20 21 22 -20 24 -22 -4 27 -18 -7 -12
right_child=1 2 5 4 -6 28 9 8 -10 10 29 18 -14 -15 -16 16 26 -19 19 -21 23 -23 -24 -25 -26 -27 -28 -29 -30 -31
leaf_value=0.030595737539793878 -0.019220650943834048 0.083003062969289471 -0.020979220864641754 0.064755169672493992 0.030526161720373965 -0.036826281730490851 -0.063810211176803938 0.050845216110013219 0.021070244656016528 -0.0098961323282000281 0.04037310005196533 -0.023113847707375106 0.021847814461060461 0.18671953553208798 -0.021344008485456666 -0.0069162594528882427 0.64972975700883173 0.013232638549299751 0.04118198691269364 -0.019470398461977026 0.28561635233805244 -0.0051228834636794472 0.54909716577831336 0.66051538202251225 0.02550721589058863 0.29647894187339002 0.083531456395182072 0.11057566725448409 0.36979500129114273 -0.0064990463919952363
leaf_weight=186624.88687159307 8693.2384360842407 1120.5133893359452 5022.3051787391305 969.28228636831045 3642.8015513205901 26028.844845119864 115.35442916490138 1025.9714032839984 20779.938491521403 75347.59812526498 3532.8001272566617 73644.850091767497 99099.372550133616 218.77204838953912 8357.2267023455352 1543.4158408408985 35.624538064002991 3342.8452669475228 1214.2604206996039 35181.598879486788 93.839789437130094 16918.65810525883 48.751289878040552 12.815843623131512 180.92967516649514 35.571673978120089 710.83914174791425 58.182890683412552 20.632370573934168 2552.5031003700569
leaf_count=210385 50230 4747 49539 1624 38183 451614 1945 8195 76527 599862 4701 1471620 120171 786 67426 21664 50 39118 11027 426972 488 188859 219 30 1918 12 4582 203 76 7222
internal_value=0.00767587 -0.0118864 -0.0142986 -0.0120598 -0.0129546 -0.028884 -0.0137087 0.00373281 0.0103482 -0.0140725 -0.00760466 -0.0181992 0.0275616 0.103905 -0.013405 -0.00211703 0.033695 0.0307483 -0.0185197 -0.0122134 0.00161985 -0.000547182 0.0603096 0.13868 0.11434 -0.0187466 0.111593 0.28495 -0.0364902 0.0207681
internal_weight=576174 290450 251594 218138 213675 33455.4 210032 38856.4 30163.1 209063 81432.9 127630 285724 334.126 9383.2 7405.94 2348.06 4463.36 127296 53650.9 18469.3 18181.7 1263.01 287.585 274.769 5057.88 804.647 93.8074 26049.5 6085.3
internal_count=3859995 3529439 3327061 2799321 2755456 527740 2717273 202378 152148 2715649 611785 2103864 330556 2731 75621 76050 26499 43865 2101133 629513 202541 200105 11246 2436 2406 49551 4835 253 451690 11923
cat_boundaries=0 1 2 3 4 5 6 7 8 9 10 11 12
cat_threshold=2 1 13 5 96 4 41 1 18 16 4 7
is_linear=0
shrinkage=0.08


Tree=49
num_leaves=31
num_cat=17
split_feature=38 2 32 34 39 41 40 34 37 36 40 34 41 12 41 27 37 37 34 12 19 45 32 6 19 4 31 4 45 6
split_gain=615.503 745.207 1220.57 582.608 631.549 475.88 488.697 532.759 447.56 724.184 440.313 419.644 576.5 395.246 376.116 367.021 352.104 340.632 346.392 369.83 431.551 368.27 324.559 350.542 625.563 419.536 316.888 313.91 261.977 258.533
threshold=0 inf -4.7249999046325675 1 2 3 4 5 6 7 8 9 10 12462.429687500002 11 5.5000000000000009 12 13 14 2878.930053710938 296.02499389648443 15 -0.30500000715255732 310.00003051757818 793.82501220703136 69.500000000000014 1.0000000180025095e-35 11.500000000000002 16 574.04998779296886
decision_type=1 8 10 1 9 9 1 1 1 9 1 1 9 2 9 8 1 1 1 2 2 9 10 2 2 10 10 8 9 2
left_child=3 8 -3 4 -1 6 -5 -8 9 15 -4 12 29 26 16 -2 -6 18 21 27 -21 -7 -23 24 25 -24 -13 -20 -15 -10
right_child=1 2 10 5 14 17 7 -9 11 -11 -12 13 -14 28 -16 -17 -18 -19 19 20 -22 22 23 -25 -26 -27 -28 -29 -30 -31
leaf_value=0.030684071627276988 0.11125896083583603 0.046136014023470839 0.035307202344028302 0.056484150666916033 0.0044529238109256167 0.015451960124929536 0.056316144596283028 -0.029228846714196722 0.028938106822924942 -0.0028903335285705607 -0.020697899392588658 0.0045712925408948283 -0.0032391303973804877 -0.01411887769809358 0.0078576092327014152 0.011160602243726322 -0.023062899594226454 0.012714922662748634 -0.017105859263511592 0.27189660989125303 0.052939165690501694 0.040342425765282616 0.079498284422224494 -0.0042067345427161248 0.30242010431421418 0.34188515177976792 0.027551101077516682 0.022407177842878715 0.03649447444183708 0.11668400718357839
leaf_weight=6387.2050501443446 234.81907271873206 7412.4446947891265 1204.7026701848954 3864.6077153496444 6363.7099714875221 1920.1594128683209 793.41127313114703 1099.9055776782334 1945.3795107351616 27338.053946940228 3444.1859794324264 194233.23700487195 62522.508912562858 780.79738045250997 38028.556334603578 142257.73423795402 5580.4908831641078 43589.16845336929 1822.5465787611902 67.706340234726667 386.30033775791526 2037.7603756263852 902.20403909310699 202.15476693212986 98.805229544639587 40.762069623917341 3918.0138748800382 4377.3065110296011 4007.0417978405021 241.5913689751178
leaf_count=17850 1269 12339 2376 5698 24850 7199 1152 3889 8114 136915 15382 1401605 710103 7532 130496 1121695 28485 145365 9565 153 1387 6360 2474 880 261 108 10632 14695 30983 948
internal_value=0.0077132 0.00636491 0.0259817 0.0128672 0.00699533 0.0182724 0.0401631 0.00672708 0.00582422 0.00903649 -0.00615344 0.00378546 -0.00182427 0.00557419 0.00396898 0.0113248 -0.00841138 0.0159923 0.028021 0.0158716 0.0855924 0.0435014 0.0598168 0.0921999 0.110908 0.0908406 0.00502567 0.0107917 0.0282872 0.0384554
internal_weight=567103 449541 12061.3 117563 56360 61202.8 5757.92 1893.32 437479 169831 4648.89 267649 64709.5 202939 49972.8 142493 11944.2 55444.9 11855.7 6653.86 454.007 5201.85 3281.69 1243.93 1041.77 942.966 198151 6199.85 4787.84 2186.97
internal_count=3860760 3459893 30097 400867 201681 199186 10739 5041 3429796 1259879 17758 2169917 719165 1450752 183831 1122964 53335 188447 43082 25800 1540 17282 10083 3723 2843 2582 1412237 24260 38515 9062
cat_boundaries=0 1 2 3 4 5 6 7 8 9 10 11 12 13 14 15 16 17
cat_threshold=515 3 1 16 8 48 106 162 8 48 17 34 4 67 68 1 32
is_linear=0
shrinkage=0.08


Tree=50
num_leaves=31
num_cat=12
split_feature=47 32 37 4 46 3 32 47 42 32 47 36 0 17 44 37 31 43 12 17 42 4 42 4 19 19 12 3 19 3
split_gain=29180.1 1402.29 1084.39 1011.45 838.69 2322.42 829.21 779.76 720.706 656.602 651.086 640.707 754.929 617.331 634.551 809.381 604.549 588.705 557.216 587.384 522.273 515.555 637.114 773.034 933.566 962.195 568.424 561.347 542.999 614.05
threshold=0 -8.0850000381469709 1 11.500000000000002 2 35.23500061035157 -0.65500000119209278 3 4 -15.234999656677244 5 6 1.5000000000000002 63.500000000000007 7 8 inf 9 8101.6000976562509 46.500000000000007 10 32.500000000000007 11 21.500000000000004 114.01499938964845 615.87500000000011 2000.9399414062502 686.17501831054699 127.03499984741212 221.49500274658206
decision_type=1 10 1 10 1 10 8 1 9 8 1 9 2 2 9 1 8 9 2 2 9 10 9 10 2 2 2 10 2 10
left_child=4 10 13 7 16 6 -6 8 18 -7 -2 -9 -13 14 17 -16 -1 -3 -4 -20 -14 22 -5 26 27 28 -24 -25 -26 -30
right_child=1 2 3 21 5 9 -8 11 -10 -11 -12 12 20 -15 15 -17 -18 -19 19 -21 -22 -23 23 24 25 -27 -28 -29 29 -31
leaf_value=0.028329186178017687 -0.0085362923780991813 0.033317368591602052 0.0020562414934763248 0.063659412145187069 -0.15478133242603434 -0.041858878611083547 -0.032402232435541578 -0.0367648284006869 -0.019593631817421929 0.040121192195890852 0.0048780899621859337 -0.0065720456824318518 0.092424464176511498 0.1082984776660748 -0.02352863804712698 -0.05510932620817633 0.019173143464670511 -0.016300180376349348 0.13016701621448606 -0.087245693915930789 0.015061493012477195 -0.0074892356941158502 -0.053609009888583803 -0.052973118880554879 0.62566186216499942 0.0048952255322829898 0.081410812272142974 0.30277504164087338 -0.094745174327476533 0.19590782490744466
leaf_weight=207251.86294462346 56267.151671766303 2145.8277521897107 5195.0443609459326 2253.3133023139089 392.07530635967851 694.84242373332381 3682.498059488833 3504.7140214182436 71299.614239243791 6244.5028911437839 39352.049338347279 32202.231198202819 596.53882737830281 226.86255817906931 50031.28441154398 5803.3316604741849 59374.62371750921 5265.6868602782488 420.35950475372374 98.087994120083749 7282.10953624174 3622.3247596723959 1276.4386840164661 496.62923480942845 16.77918603271246 359.12544297520071 236.53053840063512 30.108450300991535 52.615256015211344 401.52317795995623
leaf_count=240810 777249 6411 98962 19406 1337 1516 7267 19685 1274716 6410 230880 262035 1592 3147 413563 246036 73612 50043 8122 2957 48810 35362 13663 4289 85 4039 2017 110 549 2345
internal_value=0.00688349 -0.0109367 -0.0148648 -0.0106592 0.0253966 0.00376292 -0.0441781 -0.0125651 -0.0174045 0.0319125 -0.00301561 -0.00401425 -0.00114104 -0.0234294 -0.0239057 -0.0268252 0.0262902 -0.00191164 0.00993125 0.0890335 0.0210555 0.0156106 0.0319437 0.00679511 0.0506645 0.103528 -0.0325006 -0.0326385 0.178746 0.162234
internal_weight=566077 288436 192817 129344 277640 11013.9 4074.57 120599 77013.1 6939.35 95619.2 43585.6 40080.9 63473 63246.1 55834.6 266626 7411.51 5713.49 518.447 7878.65 8745.39 5123.06 2869.75 1356.78 830.043 1512.97 526.738 470.918 454.138
internal_count=3857025 3526073 2517944 1798744 330952 16530 8604 1716879 1384757 7926 1008129 332122 312437 719200 716053 659599 314422 56454 110041 11079 50402 81865 46503 27097 11417 7018 15680 4399 2979 2894
cat_boundaries=0 1 2 3 4 5 6 7 8 9 10 11 12
cat_threshold=2 20 1 4 1 4 105 1 4 14 2 11
is_linear=0
shrinkage=0.08


Tree=51
num_leaves=31
num_cat=18
split_feature=38 2 32 37 34 36 41 34 7 33 37 41 34 38 41 27 7 40 42 37 23 44 3 45 38 33 3 19 45 3
split_gain=674.391 663.812 779.294 487.41 615.607 492.101 466.29 377.223 373.377 360.997 339.493 389.077 382.358 460.102 315.726 458.55 518.8 312.571 310.387 288.78 282.884 276.625 490.512 292.587 369.815 320.984 385.575 293.843 274.447 388.373
threshold=0 inf -6.7950000762939444 1 2 3 4 5 588.02499389648449 1.5000000000000002 6 7 8 9 10 9.2500000000000018 294.27502441406256 11 12 13 1.0000000180025095e-35 14 605.83001708984386 15 16 1.0000000180025095e-35 577.56500244140636 18.774999618530277 17 131.59500122070315
decision_type=1 8 10 1 1 9 9 1 2 2 1 9 1 1 9 10 2 1 9 1 2 9 8 9 1 2 10 2 9 8
left_child=7 3 -3 4 6 20 28 10 -8 -10 -1 12 -12 -14 -9 -16 -17 -4 -6 -7 -5 22 -20 25 -25 -23 -27 -26 29 -2
right_child=1 2 17 5 18 19 8 14 9 -11 11 -13 13 -15 15 16 -18 -19 21 -21 -22 23 -24 24 27 26 -28 -29 -30 -31
leaf_value=0.024041225259617903 0.34329406224149289 0.043637657687709178 0.022922245978508605 0.0065632087088914534 0.0079628420876065829 0.0068334255091298179 -0.005795069799195556 0.003454167296175275 -0.032511177085860224 0.49809495644583129 -0.0012582021579708442 0.010123115548773312 0.06658039904060202 -0.01319844240065913 0.011546120528554095 0.0079792334421741589 0.26827072919112943 -0.02000691945038274 0.019992204437793634 -0.010618639493088906 0.014127212405482091 0.00012616426224216443 -0.088610503889030745 -0.081439495919219798 0.00023745906809107594 0.046380885884782473 0.30774040889458032 -0.032895779832401786 0.008102253737996272 0.070178841704643863
leaf_weight=19022.637120444328 35.941619385033846 5922.0262042004615 1947.5711659360677 107973.30062522087 63479.17953939829 10401.802972905338 41023.908924767282 58329.321846323088 3985.6420416911133 8.223079262301324 1289.7313928194344 58368.036047337577 2380.5641105379909 576.32399719581008 52469.265583023429 101.16601181775331 95.053272567689419 2426.6281222580001 6481.0373500660062 14539.462974961847 44761.815183165949 52526.14382773824 277.56226979196072 503.73559936136007 4944.3096367325634 316.36463147588074 40.782257055863738 2621.1964984741062 617.31964593753219 457.27671069651842
leaf_count=81234 162 10019 4802 962561 541778 69700 433213 247329 76596 180 3852 226880 2914 1632 195605 504 227 12220 19275 75933 468791 360784 839 3243 30121 2438 188 23510 2513 1310
internal_value=0.00671769 0.00469747 0.0247222 0.00411681 0.00114919 0.007078 -0.00679925 0.0105479 -0.00806654 -0.0314187 0.0146769 0.0118285 0.0351901 0.0510387 0.00750992 0.0120003 0.134071 -0.000886447 0.00394427 -0.0033404 0.0087794 0.000176241 0.0155321 -0.00152643 -0.0157058 0.000639978 0.0762253 -0.0112273 0.0441863 0.0882911
internal_weight=557923 365291 10296.2 354995 177319 177676 46128.3 192632 45017.8 3993.87 81637.3 62614.7 4246.62 2956.89 110995 52665.5 196.219 4374.2 131190 24941.3 152735 67711.1 6758.6 60952.5 8069.24 52883.3 357.147 7565.51 1110.54 493.218
internal_count=3860353 3100176 27041 3073135 1496150 1576985 513974 760177 509989 76776 316512 235278 8398 4546 443665 196336 731 17022 982176 145633 1431352 440398 20114 420284 56874 363410 2626 53631 3985 1472
cat_boundaries=0 1 2 3 4 5 6 7 8 9 10 11 12 13 14 15 16 17 18
cat_threshold=579 5 96 162 17 116 83 16 4 513 19 12 25 18 1 13 128 9
is_linear=0
shrinkage=0.08


Tree=52
num_leaves=31
num_cat=20
split_feature=47 47 2 35 38 34 2 32 33 36 38 42 43 38 37 38 40 4 38 42 43 4 2 3 34 45 4 34 42 3
split_gain=24169.9 1384.48 1062.09 1145.86 1188.18 949.089 928.069 1129.5 853.447 882.047 1050.45 812.996 795.052 746.414 739.13 978.249 755.443 721.617 673.695 845.887 742.278 719.701 654.811 641.701 624.625 592.958 591.033 589.708 653.725 588.824
threshold=0 1 inf 2 3 4 inf -10.105000019073485 1.0000000180025095e-35 5 6 7 8 9 10 11 12 2.5000000000000004 13 14 15 22.500000000000004 1.5000000000000002 24.564999580383304 16 17 59.500000000000007 18 19 18.185000419616703
decision_type=1 1 8 1 1 1 8 10 2 9 1 9 9 1 1 1 1 10 1 9 9 10 8 8 1 9 10 1 9 8
left_child=6 8 3 4 25 23 7 -1 9 10 17 13 -4 -12 27 29 -17 -2 19 21 -21 -19 26 -6 -15 -3 -10 -5 -29 -16
right_child=1 2 12 14 5 -7 -8 -9 22 -11 11 -13 -14 24 15 16 -18 18 -20 20 -22 -23 -24 -25 -26 -27 -28 28 -30 -31
leaf_value=0.015122611674355949 -0.024287229811766294 0.011843300824586652 0.019922058334400774 -0.044079870382894869 0.080709734138162292 0.037186810588823026 0.04348559130353951 0.026261693728550958 0.035200820853893124 -0.030711334864574745 0.035339021145260836 -0.015542868245022661 -0.073367227040843738 0.0027809601750942103 -0.026305275225053479 -0.050559858572259558 -0.00229017757915037 0.46387650732218599 -0.048056068502212897 0.089640862772036839 -0.029100254587593976 -0.086380151805505373 -0.070544419915289702 -0.041140059528789151 -0.017319475867390414 -0.037583247269548377 0.3584373345903184 0.0048369195353049291 -0.018863358803277625 0.031592280042355425
leaf_weight=89767.336886163801 48962.932396679185 3009.3492268528789 785.77039476856589 3817.318942504935 329.15363210439682 11832.768298099749 14028.183244638145 165982.95281028748 2838.1967535261065 20623.489930131473 3373.7232745122164 48265.587583940476 2276.0093797808513 31152.998614335433 1303.0958744436502 2168.7530260905623 43674.814441325143 60.874016720801592 576.66376228863373 758.06659227050841 596.61577469110489 20.280708083882928 394.86114796856418 1732.6651363549754 14488.710820165463 3195.93079015892 36.671273490414023 11209.542368981987 22188.119284229353 8188.9718173258007
leaf_count=114895 1266483 10824 1603 48117 450 57615 17967 197604 36120 197256 16843 543970 9368 382724 4165 13527 358463 607 14721 10706 11035 358 4312 24145 227391 17464 269 78494 164670 28250
internal_value=0.00624649 -0.0098771 -0.00310996 -0.00184638 0.0154625 0.0284567 0.0234508 0.0223519 -0.0144257 -0.0152095 -0.0130501 -0.00817353 -0.0496002 -0.00091523 -0.00560653 0.000257049 -0.00458423 -0.0223531 0.0245917 0.0537292 0.037516 0.290563 0.026056 -0.021583 -0.00360221 -0.0136326 0.039324 -0.0143229 -0.0109096 0.0236191
internal_weight=557640 287862 115712 112650 20099.9 13894.6 269778 255750 172150 168880 148256 97281 3061.78 49015.4 92550.6 55335.6 45843.6 50975.4 2012.5 1435.84 1354.68 81.1547 3269.73 2061.82 45641.7 6205.28 2874.87 37215 33397.7 9492.07
internal_count=3860416 3529950 817155 806184 110498 82210 330466 312499 2712795 2672094 2474838 1170928 10971 626958 695686 404405 371990 1303910 37427 22706 21741 965 40701 24595 610115 28288 36389 291281 243164 32415
cat_boundaries=0 1 2 3 4 5 6 7 8 9 10 11 12 13 14 15 16 17 18 19 20
cat_threshold=2 4 9 385 32 225 36 25 4 129 20 642 8 4 1 40 23 9 80 24
is_linear=0
shrinkage=0.08


Tree=53
num_leaves=31
num_cat=12
split_feature=47 44 38 42 46 3 2 32 45 38 32 3 32 3 38 12 2 12 2 38 45 35 21 39 25 14 19 13 13 20
split_gain=21655.7 1360.44 1469.92 1200.05 830.962 2174.61 1018.27 837.477 753.724 722.589 775.579 629.876 604.548 599.814 949.321 593.558 578.779 556.356 525.432 524.081 595.289 515.188 645.163 816.186 621.076 1413.77 554.278 910.934 588.143 1188.82
threshold=0 1 2 3 4 35.694999694824226 inf -1.6649999618530271 5 6 2.9050000905990605 37.284999847412116 -15.234999656677244 18.185000419616703 7 37.024999618530281 inf 495.35002136230474 inf 8 9 10 1.0000000180025095e-35 11 9.2500000000000018 4.5000000000000009 469.76499938964849 325.52499389648443 335.27499389648443 1.0000000180025095e-35
decision_type=1 9 1 9 1 10 8 8 9 1 10 10 10 10 1 2 8 2 8 1 9 1 2 9 8 2 2 2 2 2
left_child=4 13 8 11 6 7 12 18 21 15 -11 -4 -1 -2 -15 -5 -13 -10 -6 20 -14 -3 -23 -24 25 -25 27 -26 -29 -30
right_child=1 2 3 9 5 -7 -8 -9 17 10 -12 16 19 14 -16 -17 -18 -19 -20 -21 -22 22 23 24 26 -27 -28 28 29 -31
leaf_value=0.016254345483719616 -0.013681095625229464 -0.035412152044446435 0.068739898447301759 -0.011526369994621347 -0.23127473379062885 0.028433535533458204 0.046540346598921464 -0.03496383582358422 -0.02814523125847207 -0.014175049908547078 -0.034302236863204522 -0.0020543973578899593 -0.12374453591872221 0.057145516724735404 0.0053995087081660457 0.022327069311352435 -0.047252997736950582 -0.061326711688805768 -0.024862383028221215 0.025317088577669292 0.0027198810762644405 -0.01556267706092984 0.2770068875421019 -0.02493477352555671 0.032512348956705385 0.78996260982616828 -0.030767710142703915 1.0873042478924502 -0.084391936241537457 0.58748962736246058
leaf_weight=82726.457899766043 9153.204052478075 8393.2658359697089 791.06516329199076 8198.4829041957855 239.62966298311949 6535.858888765797 11143.952500510961 3653.315082449466 9213.1570999757387 72712.425762565807 14736.151676189154 91869.200297062285 249.59787790477276 2469.1289836205542 26863.035239269957 5564.2935415357351 1849.6933990735561 4983.2213608357124 117.69063115119934 157448.55369857512 2893.153948912397 26730.73647092469 87.585369921289384 36.418034501373768 405.89368927851319 21.770925953052938 744.30193950701505 6.1474137399345627 31.952805173583329 35.668458404019475
leaf_count=104638 51247 246751 1333 46537 1017 7901 14623 7361 245323 710428 173434 940076 756 3997 147384 29636 9702 190998 237 190253 4439 694395 785 1114 9011 210 24975 139 946 494
internal_value=0.00552071 -0.00979079 -0.0119755 -0.00882951 0.0219813 -2.30113e-05 0.0228933 -0.0463967 -0.0241163 -0.0148827 -0.0175647 -0.00234619 0.0218103 0.00419761 0.00977672 0.00215901 -0.00294646 -0.0397646 -0.163289 0.0246723 -0.00768458 -0.0180198 -0.0128141 0.0407307 0.0245904 0.279952 0.0124501 0.0795121 0.338116 0.270008
internal_weight=549905 284897 246411 195721 265008 10546.5 254462 4010.64 50690.1 101211 87448.6 94510 243318 38485.4 29332.2 13762.8 93718.9 14196.4 357.32 160591 3142.75 36493.7 28100.5 1369.74 1282.15 58.189 1223.96 479.662 73.7687 67.6213
internal_count=3860140 3528915 3326287 1911146 331225 16516 314709 8615 1415141 960035 883862 951111 300086 202628 151381 76173 949778 436321 1254 195448 5195 978820 732069 37674 36889 1324 35565 10590 1579 1440
cat_boundaries=0 1 2 3 4 5 6 7 8 9 10 11 12
cat_threshold=2 1 40 25 1 5 640 514 128 32 8 2
is_linear=0
shrinkage=0.08


Tree=54
num_leaves=31
num_cat=16
split_feature=45 32 41 48 46 18 3 31 37 0 34 37 40 3 34 23 44 41 34 46 3 44 31 44 3 6 46 3 3 4
split_gain=623.349 791.55 788.747 785.45 637.291 605.095 737.196 586.586 406.508 419.229 402.611 456.762 478.963 673.152 395.889 391.934 387.988 367.021 800.396 408.337 1112.6 1002.35 677.593 630.843 1162.29 410.429 358.779 519.881 454.031 335.223
threshold=0 -10.105000019073485 1 2 3 100.04999923706056 639.05499267578136 1.0000000180025095e-35 4 1.5000000000000002 5 6 7 145.4049987792969 8 -1.0000000180025095e-35 9 10 11 12 inf 13 1.0000000180025095e-35 14 35.23500061035157 482.02499389648443 15 128.4049987792969 102.64500045776369 1.5000000000000002
decision_type=9 8 9 9 1 2 8 10 1 2 1 1 1 10 1 2 9 9 1 1 8 9 10 9 10 2 1 10 10 10
left_child=1 26 14 17 5 6 7 8 9 -4 11 -7 13 -13 -2 -6 -11 18 -3 20 22 -21 25 24 -23 29 27 -1 -28 -19
right_child=2 3 4 -5 15 10 -8 -9 -10 16 -12 12 -14 -15 -16 -17 -18 19 -20 21 -22 23 -24 -25 -26 -27 28 -29 -30 -31
leaf_value=0.066772114118991407 -0.033608088184394647 0.046889484538218548 0.011114701504462605 0.070416519455423071 -0.065358824411489755 -0.016640351389738454 0.080407575251829524 -0.11683051923385925 0.0016730862434443984 0.01277437492497639 -0.010459047816037004 0.06596339625404754 0.016445039547827056 0.29101188721962046 -0.0072983455548813773 0.016889159253540283 0.054189551878955577 0.0020673617980878668 0.0030434130665168914 0.038207429674038111 0.057712686839680248 -0.033079030779905913 0.029363538936879964 -0.040157360547229723 0.032052750193513585 0.010138154430126946 -0.062979945061767004 0.023036611747142183 0.026426449066023597 0.0092866112882483264
leaf_weight=2330.9282986801118 4231.3877338622697 4382.049210967496 18856.86548434943 1213.3506489209831 1313.3495510779321 1372.1782506899908 954.09961218992248 234.56543036736548 20500.285609036684 2624.075228318572 17581.817755365279 563.5960526810959 1452.2084948923439 100.18371169641614 26891.863360978197 516.67664563283324 3229.3180384952575 279746.33963510301 6792.1044003227726 8111.8451232537627 2551.2010416928679 2628.4666164629161 7011.4168652240187 1977.2657278906554 5267.780558783561 63894.669146347791 586.43793556839228 6855.1439913129434 956.32248461805284 48267.757692988962
leaf_count=6226 58865 8165 73352 8694 3941 8059 6593 1314 114536 16579 178395 3126 10068 240 246726 1436 9417 2122725 19401 15210 2736 5089 19145 13770 7347 604626 1438 43724 1855 247322
internal_value=0.00538311 0.00667419 -0.000307474 0.00614107 0.00444391 0.00570803 0.0108134 0.00935229 0.010007 0.0169134 -0.00553471 0.0192608 0.0425108 0.0984467 -0.010885 -0.0421375 0.0356231 0.00595996 0.0202646 0.00557828 0.0050501 0.0173714 0.00471331 0.000252995 0.010372 0.00427231 0.028139 0.0341343 -0.00755893 0.00312968
internal_weight=542996 442573 100422 431844 69299.2 67469.2 46399.2 45445.1 45210.5 24710.3 21070 3488.17 2115.99 663.78 31123.3 1830.03 5853.39 430631 11174.2 419457 401471 17985.4 398920 9873.51 7896.25 391909 10728.8 9186.07 1542.76 328014
internal_count=3860120 3127473 732647 3074230 427056 421679 221791 215198 213884 99348 199888 21493 13434 3366 305591 5377 25996 3065536 27566 3037970 2996554 41416 2993818 26206 12436 2974673 53243 49950 3293 2370047
cat_boundaries=0 1 2 3 4 5 6 7 8 9 10 11 12 13 14 15 16
cat_threshold=13 50 1 1 35 4 12 4 33 2 16 56 1 2 1 1
is_linear=0
shrinkage=0.08


Tree=55
num_leaves=31
num_cat=16
split_feature=47 44 37 2 47 40 3 37 2 46 3 40 0 42 37 1 41 19 46 44 21 41 3 4 37 1 3 22 37 6
split_gain=18005.3 1440.42 1456.25 869.196 874.046 921.849 809.508 779.16 709.653 726.882 1927.68 693.71 671.786 825.124 962.037 704.632 882.28 945.745 656.016 738.822 638.09 633.994 619.522 638.648 801.472 606.014 595.239 590.648 575.006 587.251
threshold=0 1 2 2.5000000000000004 3 4 501.13999938964849 5 inf 6 35.694999694824226 7 1.5000000000000002 8 9 4.5000000000000009 10 12.025000095367433 11 12 2.5000000000000004 13 488.14500427246099 1.5000000000000002 14 1.0000000180025095e-35 605.83001708984386 7.5000000000000009 15 281.75001525878912
decision_type=1 9 1 8 1 1 10 1 8 1 10 1 2 9 1 2 9 2 1 9 2 9 8 10 1 2 8 2 1 2
left_child=8 6 26 4 12 -6 -2 21 9 25 -11 -9 22 14 15 -14 17 -17 28 -20 -16 -5 23 -4 -25 -1 27 -3 -7 -30
right_child=1 2 3 7 5 18 -8 11 -10 10 -12 -13 13 -15 20 16 -18 -19 19 -21 -22 -23 -24 24 -26 -27 -28 -29 29 -31
leaf_value=0.017875492267642536 0.0013828833223719225 -0.055884757768157843 -0.011799364355721971 -0.08263485627763878 -0.030428445887118686 -0.006646139322538068 0.038321890364858023 0.0036288914190957676 0.038706771180590023 -0.060582305075427896 0.02332161007946728 -0.041902920699311202 0.0054439759820304181 -0.025489944459839133 -0.031635625976132058 0.71693394808178479 -0.020645204640462191 0.17984486237567185 0.061250632361147792 -0.08090505923368356 0.3629918128228668 0.17922476887669267 0.038852347600487412 0.043118646640058968 -0.0068628563653342972 0.027289833876799591 0.0023383781660637395 0.50602500141912699 0.00089222498957091279 0.026979928198656702
leaf_weight=179675.02618368715 34742.505657702684 6571.4682631720789 62264.004342598841 79.899532115086913 7080.0394018776715 51438.702537491918 4262.7798092849553 2699.401583747007 12784.63887793757 2621.1306485161185 5287.994011554867 10445.079755356535 12068.35773896426 41431.2604648876 6528.1596809634939 29.837537782266736 104.12455288134515 70.704036017879844 1865.2452134788036 267.54951382428408 26.329050496220589 192.05283165350556 1779.8118265299127 3194.5308331251144 5713.0361234731972 57850.195181855932 1414.5402500699274 11.994086045771835 22357.78862975724 7333.9633983299136
leaf_count=231485 167239 244371 901847 1089 40867 399270 36193 12246 17933 6179 6600 109013 265939 866010 69130 116 1515 664 3050 1266 92 1336 17906 34593 48896 67869 103605 14 154190 50008
internal_value=0.00504287 -0.00885886 -0.0111324 -0.00999753 -0.00881101 -0.00273684 0.00541985 -0.0297756 0.0203311 0.0193739 -0.00448464 -0.0325567 -0.0129305 -0.0191814 -0.00528277 0.0079338 0.155136 0.308547 -0.000378464 0.0434178 -0.0300047 0.102088 -0.00776719 -0.00893302 0.0111028 0.0201684 -0.0446888 -0.054861 -0.00152985 0.00733351
internal_weight=542192 283973 244968 236970 223553 90343.3 39005.3 13416.4 258219 245434 7909.12 13144.5 133210 60258.8 18827.5 12273 204.666 100.542 83263.2 2132.79 6554.49 271.952 72951.4 71171.6 8907.57 237525 7998 6583.46 81130.5 29691.8
internal_count=3860531 3530465 3327033 2979043 2855359 648651 203432 123684 330066 312133 12779 121259 2206708 1203466 337456 268234 2295 780 607784 4316 69222 2425 1003242 985336 83489 299354 347990 244385 603468 204198
cat_boundaries=0 1 2 3 4 5 6 7 8 9 10 11 12 13 14 15 16
cat_threshold=2 1 16 4 8 2 1 8 17 41 3 1 2 2 11 5
is_linear=0
shrinkage=0.08


Tree=56
num_leaves=31
num_cat=13
split_feature=47 36 38 32 42 38 2 32 46 3 44 3 32 44 46 32 4 1 47 38 42 34 4 2 24 3 3 4 3 12
split_gain=16426.6 1256.99 1504.89 965.514 729.002 776.234 671.498 908.364 1023.35 1006.81 651.763 672.334 608.099 596.853 1227.4 590.543 564.081 556.233 532.701 516.204 508.354 728.254 1135.41 507.384 481.805 459.243 448.126 938.996 662.863 420.061
threshold=0 1 2 -10.105000019073485 3 4 inf -8.9250001907348615 5 117.70999908447267 6 527.47000122070324 -8.9250001907348615 7 8 -0.14500000327825543 1.5000000000000002 2.5000000000000004 9 10 11 12 43.500000000000007 inf 3.5000000000000004 35.23500061035157 121.52499771118165 3.5000000000000004 114.59499740600587 168.00000762939456
decision_type=1 9 1 8 9 1 8 10 1 10 9 10 8 9 1 10 10 2 1 1 9 1 8 8 2 8 10 10 10 2
left_child=6 26 10 -4 23 17 7 8 -1 12 11 18 -10 14 16 -7 -12 -6 -3 -8 21 22 -18 -5 -22 -20 27 -2 -29 -13
right_child=1 2 3 4 5 15 19 -9 9 -11 13 29 -14 -15 -16 -17 20 -19 25 -21 24 -23 -24 -25 -26 -27 -28 28 -30 -31
leaf_value=0.013864864290592535 -0.013401661238858274 -0.019550535527920711 0.036695134300378518 0.0025827005186032604 0.0046571451551228596 -0.0063551978475726491 0.021553063388193742 0.021962640100309409 -0.15530917861296473 0.022035628134507136 -0.021141223105819586 0.072806845619363611 -0.039988574946679255 -0.074980957621326824 0.065846545099233961 -0.020825443728837732 0.11682719540295569 0.076706580755124806 0.040369369230512861 0.054306668065148264 -0.0057401872643483695 -0.080010041256403236 0.90346302200773754 -0.04292256943565121 0.19886399665502183 -0.0048752374785617069 -0.038886551985834343 -0.0015768448086028689 0.38976020271862488 0.0090880847170431191
leaf_weight=82111.825443038717 3119.9576299842447 11114.124574922025 3819.5278260130435 76663.421319417655 13258.326766738668 45083.868647952564 6446.9521179776639 155140.10682733264 328.67766034975648 1880.8496921621263 68463.208649658598 1068.6668013259768 2669.3796800747514 1203.5466737179086 1095.8693667072803 30101.953461296856 372.160041580908 723.16961644589901 2064.5597458668053 5973.1232204139233 3305.9528868324123 125.72358508966863 12.125811729580162 1600.9182854900137 75.336993770673871 4714.3402089942247 11569.218553516082 48.628215190023184 64.370536290109158 1740.6959799788892
leaf_count=107057 22543 83159 20392 673746 70677 370726 10470 196420 1109 2284 1753098 7161 5669 22042 4313 275941 4637 2345 6271 7508 57449 2512 19 7937 737 22033 101648 209 114 20035
internal_value=0.00449822 -0.00882213 -0.00756119 -0.00307568 -0.00398313 -0.00892812 0.0192241 0.0182935 0.0117498 -0.0238467 -0.0156156 -0.00305761 -0.0526312 -0.0191001 -0.0181845 -0.012147 -0.0194572 0.00837779 -0.00877021 0.0373662 0.0101713 0.0837954 0.138056 0.00165167 -0.00117801 0.00890431 -0.031507 -0.00519655 0.221351 0.0333264
internal_weight=535961 281410 266607 171251 167432 89167.3 254551 242131 86990.7 4878.91 95356.3 20702.4 2998.06 74653.9 73450.4 75185.8 72354.5 13981.5 17893 12420.1 3891.3 510.009 384.286 78264.3 3381.29 6778.9 14802.2 3232.96 112.999 2809.36
internal_count=3860261 3529744 3405230 1421764 1401372 719689 330517 312539 116119 9062 1983466 138659 6778 1844807 1822765 646667 1818452 73022 111463 17978 65354 7168 4656 681683 58186 28304 124514 22866 323 27196
cat_boundaries=0 1 2 3 4 5 6 7 8 9 10 11 12 13
cat_threshold=2 24 44 25 640 1 1 2 1 4 643 3 14
is_linear=0
shrinkage=0.08


Tree=57
num_leaves=31
num_cat=16
split_feature=47 32 33 38 2 34 2 44 37 45 33 2 46 44 18 32 46 34 44 45 1 6 43 18 1 19 34 37 32 45
split_gain=14613.7 1463.66 827.254 763.341 683.713 624.949 669.132 612.211 747.202 652.667 611.571 602.887 584.451 568.463 546.685 545.887 613.02 525.017 523.595 514.776 468.809 430.912 475.599 607.258 452.441 901.278 430.22 660.473 424.85 417.186
threshold=0 -4.2850000858306876 1.0000000180025095e-35 1 inf 2 inf 3 4 5 1.0000000180025095e-35 1.5000000000000002 6 7 42471.949218750007 -7.3949999809265128 8 9 10 11 4.5000000000000009 482.02499389648443 12 2993.1750488281255 3.5000000000000004 1372.2600097656252 13 14 -15.234999656677244 15
decision_type=1 10 2 1 8 1 8 9 1 9 2 10 1 9 2 10 1 1 9 9 2 2 9 2 2 2 1 1 8 9
left_child=5 4 3 7 10 -1 15 11 14 -10 12 -3 20 -14 -9 16 -7 19 -15 -4 26 22 24 -24 -5 -26 27 -2 -18 -30
right_child=1 2 17 21 -6 6 -8 8 9 -11 -12 -13 13 18 -16 -17 28 -19 -20 -21 -22 -23 23 -25 25 -27 -28 -29 29 -31
leaf_value=0.011761833435443682 0.0076544823802812516 -0.0074759136507502426 0.10556468804208204 0.0037382378356386851 -0.036315372234665404 0.015346247642388613 0.042724828681741933 -0.060964636917549359 -0.07233862357679155 -0.018225977537701065 0.045068796581618213 0.064237938593235039 0.056315264171884059 0.020310252428244909 0.15069959755630513 0.022940984437965932 -0.10310198923132247 0.0040744559921809019 -0.059523548740641107 -0.019447015843918305 0.071804084664860948 0.0090354204061275784 -0.014884478544429014 0.047623977581945337 0.073428261952060606 0.78395387327420896 -4.5016800074452894e-05 -0.02450330095349702 -0.036053186257449146 0.027875377165147989
leaf_weight=71279.972434187308 6156.9370981510729 16453.030074125156 789.66248445957899 11054.501195095479 3422.6481023179367 58480.512520160526 8360.2395789306611 3558.0257044564933 1443.9128703367896 83435.764864824712 1894.0056028258987 786.10245455615222 2186.589493073523 2433.7260036244988 79.847326750867069 109177.68311918341 359.31047395244241 2175.9791544806212 670.66689662262797 288.73780694091693 544.13350033992901 9268.6715256907046 42313.143532897346 1018.6060752999038 68.242396268062294 13.723237608559428 77077.100399487186 12144.554844278842 1621.4273579530418 1081.1676253974438
leaf_count=100005 102133 106560 6587 103804 13387 75260 12286 171796 35581 1346648 17389 2915 4601 4062 2009 136902 987 23689 6488 3806 4416 88239 354947 10521 778 195 831562 291011 3455 1240
internal_value=0.00406815 -0.0085137 -0.0130617 -0.0138288 -0.00113872 0.0181033 0.0206256 -0.0179966 -0.0206844 -0.0191549 2.8968e-05 -0.00420577 -0.000813859 0.0250705 -0.0561645 0.0195446 0.0135193 0.0268909 0.00306312 0.0722221 -0.00224161 -0.0069095 -0.00962406 -0.013412 0.00512213 0.192389 -0.00266404 -0.0136866 -0.0213746 -0.010509
internal_weight=529639 279278 172748 169494 106530 250360 179080 105757 88517.6 84879.7 103108 17239.1 101214 5290.98 3637.87 170720 61542.4 3254.38 3104.39 1078.4 95922.7 63736.9 54468.2 43331.7 11136.5 81.9656 95378.6 18301.5 3061.91 2702.59
internal_count=3863259 3533124 2258075 2223993 1275049 330135 230130 1665509 1556034 1382229 1261662 109475 1244273 15151 173805 217844 80942 34082 10550 10393 1229122 558484 470245 365468 104777 973 1224706 393144 5682 4695
cat_boundaries=0 1 2 3 4 5 6 7 8 9 10 11 12 13 14 15 16
cat_threshold=2 356 3 1 16 2 1 2 1 66 1 41 38 96 98 42
is_linear=0
shrinkage=0.08


Tree=58
num_leaves=31
num_cat=19
split_feature=47 37 31 36 45 47 26 35 45 18 3 42 3 45 13 21 45 34 34 18 37 40 19 37 34 0 37 34 36 4
split_gain=11528.9 982.097 902.261 858.255 698.282 643.7 1124.62 776.108 568.739 715.268 670.337 798.331 1254.06 1810.53 1026.19 552.823 552.432 540.452 538.959 646.144 803.519 782.636 585.571 577.727 537.979 528.168 849.979 671.989 546.858 524.159
threshold=0 1 1.0000000180025095e-35 2 3 4 inf 5 6 442.42500305175787 501.13999938964849 7 725.45501708984386 8 24.024999618530277 2.5000000000000004 9 10 11 3158.3549804687505 12 13 10071.114746093752 14 15 1.5000000000000002 16 17 18 9.5000000000000018
decision_type=1 1 10 9 9 1 8 1 9 2 10 9 10 9 2 2 9 1 1 2 1 1 2 1 1 2 1 1 9 8
left_child=-1 4 3 15 -2 8 -7 -8 25 10 -10 12 13 14 -12 -3 -4 -15 19 21 22 -9 -21 -20 -11 -5 27 29 -29 -27
right_child=1 2 16 5 -6 6 7 18 9 24 11 -13 -14 17 -16 -17 -18 -19 23 20 -22 -23 -24 -25 -26 26 -28 28 -30 -31
leaf_value=0.016659198309158268 0.0003184470107173063 -0.027161658778265117 -0.080910323693145006 -0.0021816419848360805 -0.039202282474143958 0.10929625939589176 0.01361413436418025 -0.034272008097180562 -0.015958619130720223 -0.019289976657099989 2.1025769461912831 0.010965897672067484 -0.043120448280176651 0.2729522839900882 0.84117698987069145 0.27811316952700521 0.025511760700997838 -0.070050643217585168 0.066454940057652831 -0.022215748459635833 0.090184515992889361 0.0003863749198918312 0.19540483040806553 -0.017130939238941364 -0.064564910919670024 0.0089579323404619243 -0.020894210173583595 0.037683019726362892 -0.012430794998259744 0.068960261405333942
leaf_weight=246685.30521048605 4029.2285075825639 13669.609635187313 316.863993300125 65792.653906991705 9918.7516632121988 590.05102224647999 17894.713239584118 4521.7016994953156 15092.827814382501 3310.0826032403857 8.7861748607829231 840.15091776149347 96.679085973650217 88.082307798787951 7.7849343828856936 38.070761643350124 7343.2417706679553 42.14273445494473 532.68901731073856 1052.6160313673317 1090.1936920545995 52230.706078421324 85.566001251339912 22438.077368779108 3462.5940667889081 2917.0375444982201 32671.254644650966 1533.3207154870033 14404.652647466399 1369.081947773695
leaf_count=331171 78318 113799 1971 864017 338585 2055 85287 28077 183083 56040 119 28014 2246 299 167 85 25328 1472 3506 7476 4754 340971 195 215494 114076 70553 617711 12695 315844 16573
internal_value=0.00407686 -0.00711275 -0.00601651 -0.00682695 -0.0277937 -0.00572325 -0.000824552 -0.00147532 -0.00919736 -0.0207245 -0.011595 0.0491822 0.173478 0.327946 0.941704 -0.0262946 0.0210372 0.164872 -0.00477129 -0.000721642 0.0415351 -0.00238097 -0.00580452 -0.0151645 -0.042561 -0.00696617 -0.0129186 -2.40057e-05 -0.00758896 0.0280585
internal_weight=524075 277389 263441 255781 13948 242073 100436 99846.3 141637 22949.1 16176.5 1083.63 243.475 146.796 16.5711 13707.7 7660.11 130.225 81951.5 58980.8 2228.38 56752.4 1138.18 22970.8 6772.68 118688 52895.3 20224.1 15938 4286.12
internal_count=3859981 3528810 3111907 3084608 416903 2970724 687815 685760 2282909 385516 215400 32317 4303 2057 286 113884 27299 1771 600473 381473 12425 369048 7671 219000 170116 1897393 1033376 415665 328539 87126
cat_boundaries=0 1 2 3 4 5 6 7 8 9 10 11 12 13 14 15 16 17 18 19
cat_threshold=2 16 24 10 4 9 13 1 2 32 6 15 5 8 66 23 104 35 35
is_linear=0
shrinkage=0.08


Tree=59
num_leaves=31
num_cat=15
split_feature=35 34 42 11 43 10 37 7 13 18 21 2 18 48 13 34 35 37 38 37 43 41 13 18 19 38 4 19 43 22
split_gain=395.407 441.464 408.413 589.081 456.657 381.049 451.001 449.163 473.813 703.846 601.254 353.117 433.603 340.721 348.106 347.14 521.904 475.511 469.947 342.245 507.1 338.499 413.411 559.828 412.358 321.126 336.954 309.836 300.217 285.696
threshold=0 1 2 17.500000000000004 3 1.5000000000000002 4 219.00000762939456 17.510000228881839 154.27500152587893 1.0000000180025095e-35 1.0000000180025095e-35 5915.1049804687509 5 2060.734985351563 6 7 8 9 10 11 12 1362.174987792969 1822.0749511718752 1640.7750244140627 13 5.5000000000000009 890.27499389648449 14 1.5000000000000002
decision_type=1 1 9 2 9 2 1 2 2 2 2 10 2 9 2 1 1 1 1 1 9 9 2 2 2 1 10 2 9 2
left_child=1 25 4 27 5 6 7 8 -3 -10 -11 21 -13 15 -15 18 -17 -18 -2 20 28 -5 23 -23 -25 -1 -27 -4 -20 -8
right_child=13 2 3 11 -6 -7 29 -9 9 10 -12 12 -14 14 -16 16 17 -19 19 -21 -22 22 -24 24 -26 26 -28 -29 -30 -31
leaf_value=0.011323759966327458 0.012430808355732768 0.098843213551370684 -0.0012665872404284931 -0.018465791129064452 0.015071828193985828 0.54200948306743224 -0.015289573912772787 -0.054263002792444233 0.59385706131595406 0.043650293063649259 0.57461167859451689 0.071825511519393731 0.60992991498957805 0.027925806773749576 0.15205284827262316 0.014824961437880653 -0.005856327112571255 0.002048794837410532 0.059549544127570249 0.0054330787859621843 -0.010197475440378466 0.05234156137592659 0.0074355905002865454 0.17936983176730065 0.5584332303572731 0.044915745275087453 0.20433137270079374 -0.043841349992856236 0.0037072708754201005 0.22460207740036267
leaf_weight=2635.3598428433761 43639.50972504355 153.75400047749281 10486.809483566321 185.98085018992424 8440.3302374733612 11.439531696960328 304.98351371474564 58.689348002895713 38.223990011960268 56.60769503377378 17.986240986734629 21.00004009436816 17.629379719495773 1140.4326385036111 165.59232377866283 15598.836219275836 69067.925658958033 165068.65688160621 618.44011446647346 137390.50931875221 26005.249164795969 67.909193453378975 103.38071067724377 36.337071595713496 37.138473708182573 3151.058981878683 87.205746613442898 1221.3878362877294 31893.314579152502 35.467645114287734
leaf_count=13761 155671 932 60509 1471 54996 108 3435 796 171 611 37 152 64 9333 1390 99157 662451 1079898 2861 1229195 252058 280 720 194 87 9744 127 10002 209235 144
internal_value=0.00337744 0.0127704 0.00740559 -0.00218316 0.0202009 0.0829829 0.0763416 0.141736 0.190204 0.314716 0.171677 0.0856934 0.317401 0.00285694 0.043664 0.00274807 0.000660952 -0.000283287 0.00492373 0.00325094 -0.00187251 0.0649138 0.123958 0.217927 0.370969 0.0321751 0.0490573 -0.00570795 0.00478749 0.0094251
internal_weight=517757 27168.7 21295.1 12177.6 9117.48 677.152 665.712 325.261 266.572 112.818 74.5939 469.376 38.6294 490588 1306.02 489282 249735 234137 239547 195908 58517 430.746 244.765 141.385 73.4755 5873.62 3238.26 11708.2 32511.8 340.451
internal_count=3859590 158341 134709 73479 61230 6234 6126 2547 1751 819 648 2968 216 3701249 10723 3690526 1841506 1742349 1849020 1693349 464154 2752 1281 561 281 23632 9871 70511 212096 3579
cat_boundaries=0 1 2 3 4 5 6 7 8 9 10 11 12 13 14 15
cat_threshold=16 99 11 32 40 1 28 8 1 515 20 14 6 270 2
is_linear=0
shrinkage=0.08


Tree=60
num_leaves=31
num_cat=12
split_feature=47 2 41 34 34 42 45 43 43 45 19 3 16 3 19 42 3 3 17 31 3 17 37 16 6 5 17 19 2 35
split_gain=10704.9 890.409 923.08 925.037 829.181 979.306 1075.87 937.236 689.429 1233.13 663.506 622.256 971.187 672.429 675.664 684.21 688.402 873.604 601.039 592.583 579.605 568.035 551.771 919.45 677.314 1164.84 638.757 609.796 552.691 548.394
threshold=0 inf 1 2 3 4 5 6 7 8 863.35998535156261 221.49500274658206 2.5000000000000004 301.74499511718756 1.0000000180025095e-35 9 570.42501831054699 311.68499755859381 11.500000000000002 1.0000000180025095e-35 647.79498291015636 5.5000000000000009 10 1.0000000180025095e-35 186.75000762939456 1.5000000000000002 98.500000000000014 3108.7500000000005 1.0000000180025095e-35 11
decision_type=1 8 9 1 1 9 9 9 9 9 2 10 2 10 2 9 10 10 2 10 10 2 1 2 2 2 2 2 10 1
left_child=-1 4 3 -3 8 6 18 29 9 11 -7 12 -2 -13 15 16 17 -15 -6 -9 -18 -10 23 -16 -25 -26 28 -27 -24 -8
right_child=1 2 -4 -5 5 10 7 19 21 -11 -12 13 -14 14 22 -17 20 -19 -20 -21 -22 -23 26 24 25 27 -28 -29 -30 -31
leaf_value=0.015511806826986812 0.046069918077637155 0.066507312419618797 -0.056659017236513343 -0.038949281742821959 0.024377282375917356 -0.0080286465642468666 -0.031662248329283126 0.0011734880095927538 -0.015376553623918194 -0.047530916239582964 -0.029638214010524216 -0.032296222549542106 0.81243775776624649 0.38637828711028088 -0.0021782185305643043 0.019189425899470522 0.36407889195963022 0.049518863257407543 -0.012576346469501554 0.049489550360086954 -0.093952790129524275 -0.037303596720589575 -0.042979154239368482 -0.090421638225285386 0.99048548206081155 0.21476258635455828 0.36384938760177432 -0.05576299292607028 0.10873952631090726 -0.0074685967041776095
leaf_weight=242634.14482163824 2218.6498929522932 933.13889939989895 4552.3264879179187 1212.6616410799325 15901.993423845153 101398.84821105655 8862.6735914759338 59838.214167837519 25634.019648372661 2793.463163622655 9989.389546548482 2521.6181561369449 10.633706565946339 54.728215537965298 1100.3204886196181 1167.5245574368164 107.46812542993575 494.18450011312962 3423.2796398201026 1669.9382405765355 21.163614963181317 10724.745050590951 2066.3526571579278 68.298006406053901 11.136657658964394 255.61354135535657 26.438425807282329 67.385246019810438 166.01418750267476 18561.123594542965
leaf_count=330699 20844 1126 28031 4951 143691 983319 176055 688395 485903 55465 134177 39132 73 268 19754 12715 1331 8857 51913 5865 416 345524 49664 1280 76 3049 208 1295 2389 264222
internal_value=0.00325506 -0.00752569 -0.0363375 0.00700614 -0.00680869 -0.00469978 0.000718869 -0.00299932 -0.0161604 -0.000457953 -0.00996572 0.0122714 0.0497255 0.00201419 0.0174455 0.0570991 0.120364 0.0831047 0.0178221 0.00248486 0.28872 -0.0218384 -0.00200481 0.0354301 0.139138 0.18606 -0.0269473 0.158325 -0.0316963 -0.0152961
internal_weight=518487 275853 6698.13 2145.8 269155 219645 108257 88931.9 49509.8 13151 111388 10357.5 2229.28 8128.25 5606.63 1845.07 677.544 548.913 19325.3 61508.2 128.632 36358.8 3761.56 1502.75 402.433 334.135 2258.81 322.999 2232.37 27423.8
internal_count=3860687 3529988 34108 6077 3495880 2447637 1330141 1134537 1048243 216816 1117496 161351 20917 140434 101302 23587 10872 9125 195604 694260 1747 831427 77715 25454 5700 4420 52261 4344 52053 440277
cat_boundaries=0 1 2 3 4 5 6 7 8 9 10 11 12
cat_threshold=2 16 112 96 25 40 38 12 13 10 32 8
is_linear=0
shrinkage=0.08


Tree=61
num_leaves=31
num_cat=17
split_feature=47 37 47 42 35 21 37 11 1 13 34 43 1 19 46 45 44 37 34 34 11 11 17 45 19 22 37 35 14 17
split_gain=9964.53 813.495 975.187 727.807 773.603 725.358 864.47 1210.01 603.742 580.777 762.853 577.898 757.851 555.576 514.148 588.251 506.572 494.126 529.986 479.013 481.684 592.167 481.641 546.583 535.37 730.661 465.515 465.146 1024.01 4128.08
threshold=0 1 2 3 4 1.0000000180025095e-35 5 13.500000000000002 2.5000000000000004 63.00000190734864 6 7 2.5000000000000004 710.42501831054699 8 9 10 11 12 13 7.5000000000000009 12.500000000000002 24.500000000000004 14 3108.7500000000005 3.5000000000000004 15 16 6.5000000000000009 22.500000000000004
decision_type=1 1 1 9 1 2 1 2 2 2 1 9 2 2 1 9 9 1 1 1 2 2 2 9 2 2 1 1 2 2
left_child=14 -2 3 5 11 9 7 13 26 10 -3 12 -5 -7 16 -16 -1 -18 -19 20 -13 -22 23 -21 25 -24 -4 28 -8 -30
right_child=1 2 8 4 -6 6 27 -9 -10 -11 -12 19 -14 -15 15 -17 17 18 -20 22 21 -23 24 -25 -26 -27 -28 -29 29 -31
leaf_value=0.028894238816936712 -0.013577126813414171 0.081399655550585134 0.037448815598769454 0.0516849733055261 -0.012606571349145506 0.32841965091276754 0.11803930279512842 -0.09001847248627344 0.044567330227595514 -0.011349084802718472 0.0024459514164472339 0.032254595927869049 0.31424895792185686 0.77518781766407596 -0.022038610258738781 0.017066195289151542 0.019416796784522336 0.016944627261814827 0.0066464638642122912 0.060365432992464704 0.26159108567073863 -0.049773433568610158 0.11296435543049206 -0.014901741704543368 -0.091662681338731358 0.61378813441538971 0.00062092429666259826 0.0050889668251723119 3.7472118297553898 -0.083034781974015356
leaf_weight=17358.397550955415 89578.175703809131 1232.6337616899982 2263.7685036193579 365.29020049981773 98251.179868738633 61.566139813512564 173.70885583898053 36.772416261024773 2188.6413731649518 5011.6466271723621 2131.8636728078127 1103.487415083684 87.137428952381015 25.066883943974972 5026.1207813899964 4807.0708899907768 84947.650985662825 61036.753669869155 67281.205445593223 688.71531313657761 133.63476077653468 55.255581180565059 206.61481223534793 5311.2412838488817 72.405560926534235 20.492550816386938 64795.438885218464 488.79455274995416 2.5093824919313175 6.3778447126969695
leaf_count=21789 1006405 12295 11216 5107 1769187 231 4954 745 2945 104722 36283 10362 805 250 9578 6704 113599 81007 97921 3762 868 687 2165 74118 1242 83 471539 8351 25 326
internal_value=0.00310031 -0.00732124 -0.00428644 -0.0087882 -0.0106534 0.0128275 0.0858803 0.272409 0.00321932 0.00591098 0.031621 0.0131888 0.100043 0.45769 0.0149883 -0.00292682 0.0157522 0.0146825 0.0115459 0.00788805 0.0520586 0.170508 -0.00124198 -0.0061863 0.0977631 0.158155 0.00186983 0.0468401 0.152537 0.998467
internal_weight=514750 274292 184714 115466 106295 9170.94 794.796 123.405 69247.8 8376.14 3364.5 8044.27 452.428 86.633 240457 9833.19 230624 213266 128318 7591.85 1292.38 188.89 6299.47 5999.96 299.513 227.107 67059.2 671.391 182.596 8.88723
internal_count=3859271 3528673 2522268 2036568 1868386 168182 14882 1226 485700 153300 48578 99199 5912 481 330598 16282 314316 292527 178928 93287 11917 1555 81370 77880 3490 2248 482755 13656 5305 351
cat_boundaries=0 1 2 3 4 5 6 7 8 9 10 11 12 13 14 15 16 17
cat_threshold=2 20 4 1 16 10 13 32 1 40 1 22 28 34 8 66 1
is_linear=0
shrinkage=0.08


Tree=62
num_leaves=31
num_cat=16
split_feature=47 38 44 37 41 17 41 2 1 47 35 43 34 42 19 12 12 2 1 35 43 18 6 19 4 38 35 16 37 6
split_gain=7839.14 1339.96 1036.7 705.03 636.446 597.057 580.47 568.082 575.116 561.773 640.1 544.966 703.837 698.381 549.386 1286.53 2389.51 2311.37 2105.63 730.854 702.941 1044.55 1559.03 536.839 534.457 498.755 490.956 614.402 503.591 486.939
threshold=0 1 2 3 4 9.5000000000000018 5 inf 1.0000000180025095e-35 6 7 8 9 10 615.87500000000011 1373.9749755859377 2265.7500000000005 1.0000000180025095e-35 2.5000000000000004 11 12 180.05000305175784 154.25000762939456 3108.7500000000005 74.000000000000014 13 14 2.5000000000000004 15 215.00003051757815
decision_type=1 1 9 1 9 2 9 8 2 1 1 9 1 9 2 2 2 10 2 1 9 2 2 2 8 1 1 2 1 2
left_child=7 4 6 11 24 -6 26 8 -1 -5 -11 12 13 14 15 19 17 18 -17 20 21 22 -4 -7 -2 -9 27 -3 -28 -22
right_child=1 2 3 9 5 23 -8 25 -10 10 -12 -13 -14 -15 -16 16 -18 -19 -20 -21 29 -23 -24 -25 -26 -27 28 -29 -30 -31
leaf_value=0.010345864049183003 -0.0063742147967788569 0.0030906598727928158 0.57637576502973131 -0.015779523119929764 0.0041426773529147287 0.038085810843194595 -0.0027995149713734846 0.014889844006088067 0.019779035290755004 0.02337445611649188 -0.0080861581119779421 -0.052089149262890704 -0.067500765111005584 -0.060779162354357714 -0.01031723852634126 -0.081560041368740718 0.13411586593212094 3.04004691874428 2.1728669443262993 0.024931650051593139 -0.009335210706135199 -0.082102049723750556 2.0457969891223744 -0.034688297152995921 0.27178140595194444 0.048900363822877775 0.093853286537064665 0.49424949058531242 0.023556130174819227 0.46284294257030184
leaf_weight=170549.00624244288 39427.619552347809 3878.0221531074494 25.508540213108066 89689.682145821396 44437.754351373762 5833.2429690808058 24339.193991933018 5811.6411530636251 54607.965880748816 4499.7694835178554 50421.716920846142 4964.1653496739455 672.50416761636734 355.85470966249704 335.24647655058652 7.0244665960781258 33.255780020728707 3.8474711584858587 4.259185329079628 398.37530392874032 66.928301407024264 10.438552507665007 5.6434194268658748 729.91652941145003 44.259314350783825 5297.4260940533131 1018.3703800681978 16.368838641792536 1846.8643986452371 17.667819326277822
leaf_count=241075 274840 23967 808 1937036 242273 32956 138073 10400 71204 9263 495194 242229 32605 19225 24031 533 2016 58 24 17260 6160 595 87 5204 83 7632 4815 71 18894 1613
internal_value=0.00283509 -0.00639635 -0.0103405 -0.0130719 0.00156543 0.00746773 0.00296367 0.0135051 0.0126337 -0.0118769 -0.00550578 -0.0380426 -0.00195293 0.0331761 0.0702513 0.11862 0.513328 1.34678 0.769408 0.0822112 0.241899 0.49216 0.842573 0.0299923 -0.00606079 0.0311654 0.0236841 0.00514189 0.0487809 0.0798409
internal_weight=509350 273084 182611 151512 90472.8 51000.9 31098.8 236266 225157 144611 54921.5 6900.72 1936.55 1264.05 908.195 572.949 48.3869 15.1311 11.2837 524.562 126.187 41.5905 31.152 6563.16 39471.9 11109.1 6759.63 3894.39 2865.23 84.5961
internal_count=3860224 3529913 2974557 2788737 555356 280433 185820 330311 312279 2441493 504457 347244 105015 72410 53185 29154 2631 615 557 26523 9263 1490 895 38160 274923 18032 47747 24038 23709 7773
cat_boundaries=0 1 2 3 4 5 6 7 8 9 10 11 12 13 14 15 16
cat_threshold=2 659 1 16 3 20 4 8 5 56 24 1 4 643 32 104
is_linear=0
shrinkage=0.08


Tree=63
num_leaves=31
num_cat=16
split_feature=47 46 36 37 43 17 11 2 44 44 37 2 32 46 32 4 1 37 43 44 2 1 43 42 19 19 1 44 33 47
split_gain=6238.7 1079.71 745.83 994.258 986.686 808.764 641.008 608.056 580.293 874.514 574.235 562.466 779.824 777.246 560.074 552.01 473.333 437.912 465.876 545.616 458.027 432.499 579.054 610.531 636.811 491.073 479.064 430.624 420.466 403.582
threshold=0 1 2 3 4 4.5000000000000009 3.5000000000000004 2.5000000000000004 5 6 7 inf -15.234999656677244 8 -15.234999656677244 69.500000000000014 4.5000000000000009 9 10 11 1.0000000180025095e-35 2.5000000000000004 12 13 201.0249938964844 12.025000095367433 5.5000000000000009 14 1.0000000180025095e-35 15
decision_type=1 1 9 1 9 2 2 8 9 9 1 8 10 1 8 10 2 1 9 9 8 2 9 9 2 2 2 9 2 1
left_child=11 2 4 7 -2 15 -6 21 -3 -10 -8 12 13 -1 -15 16 17 18 19 -5 -19 29 23 24 25 26 -23 -16 -7 -4
right_child=1 8 3 5 6 28 10 -9 9 -11 -12 -13 -14 14 27 -17 -18 20 -20 -21 -22 22 -24 -25 -26 -27 -28 -29 -30 -31
leaf_value=0.0073038311298756035 -0.037539315253853747 0.037352954341336071 -0.0027756156305181897 0.044858079752506087 -0.017339785599710878 -0.019576759371337266 0.071374509169864306 -0.026443751503404625 0.016737163498324818 -0.05607093942892389 0.0023691048279274925 0.030433636411992322 0.01519537485160837 -0.10111231084323574 -0.037266945111771144 0.074625393652613142 0.06640658763990849 -0.0013372264811924088 -0.035798123321008374 -0.028447847658337681 -0.016411214328190944 -0.022929366614926072 0.0075893919047441165 0.13281028897930028 -0.018756056915411826 0.18067096587719733 0.3912969603226209 0.015454489149716239 0.028086313477606432 0.0091786296642173571
leaf_weight=74865.643894046545 10565.139699789695 5479.6062207370996 42372.472353536636 1191.7730637881905 17756.104611097835 39988.152718205005 846.15390456467867 4465.6363183748908 5251.9469616338611 1321.4736938513815 7859.4974554339424 10728.654305342585 143907.05796481948 563.16788158938289 2464.8424175307155 556.8360366942361 586.3246166491881 72374.095821822062 5784.4657339248806 1428.945347615052 15699.144256346393 195.34647605381906 3541.8817367535084 555.48477939050645 679.17623251629993 244.71977687813342 19.668013809248805 1658.8095169644803 1220.6917345961556 31519.669679000974
leaf_count=105151 120664 13549 766401 10475 134955 817726 7805 47629 9563 13560 54655 17812 199284 1529 5196 4133 3678 855939 150853 73255 142037 3144 50032 6703 15201 3028 37 2184 17004 207439
internal_value=0.00297314 -0.0052794 -0.00636677 -0.00461595 -0.0168783 -0.00876623 -0.00861808 0.00227693 0.0181271 0.00210034 0.00916086 0.0125407 0.0116816 0.00532531 -0.0262789 -0.00479969 -0.00525533 -0.00569084 -0.0231273 0.00486948 -0.00402372 0.00389807 0.026116 0.0644182 0.0301955 0.10317 0.0149611 -0.0160588 -0.0181649 0.00232363
internal_weight=505693 271504 259451 222424 37026.9 138830 26461.8 83594.1 12053 6573.42 8705.65 234188 223460 79552.5 4686.82 97621.6 97064.7 96478.4 8405.18 2620.72 88073.2 79128.4 5236.28 1694.4 1138.91 459.734 215.014 4123.65 41208.8 73892.1
internal_count=3860621 3529465 3492793 3174714 318079 2075100 197415 1099614 36672 23123 62460 331156 313344 114060 8909 1240370 1236237 1232559 234583 83730 997976 1051985 78145 28113 21410 6209 3181 7380 834730 973840
cat_boundaries=0 1 2 3 4 5 6 7 8 9 10 11 12 13 14 15 16
cat_threshold=2 1 120 104 37 2 1 67 1 16 38 1 36 26 1 4
is_linear=0
shrinkage=0.08


Tree=64
num_leaves=31
num_cat=10
split_feature=47 36 3 37 44 45 43 34 18 37 13 13 27 12 3 13 4 3 18 18 4 32 13 4 18 12 1 1 45 36
split_gain=5828.9 851.851 763.986 727.74 748.767 913.952 673.858 611.542 954.743 604.919 575.83 961.482 614.165 619.245 955.411 1433.33 511.19 895.697 1582.35 701.426 544.692 753.713 712.972 707.827 490.86 1081.99 918.659 751.796 491.909 606.228
threshold=0 1 806.07000732421886 2 3 4 5 6 8802.7705078125018 7 63.00000190734864 85.02500152587892 9.2500000000000018 22.550000190734867 474.59500122070318 76.014999389648452 17.500000000000004 778.97000122070324 285.28500366210943 29539.875976562504 36.500000000000007 7.8849999904632577 205.82500457763675 24.500000000000004 9703.8247070312518 3509.5500488281255 1.0000000180025095e-35 3.5000000000000004 8 9
decision_type=1 9 8 1 9 9 9 1 2 1 2 2 10 2 10 2 8 10 2 2 10 10 2 8 2 2 2 2 9 9
left_child=-1 6 3 10 -5 9 -2 8 -7 -6 -3 12 13 14 -12 -16 24 19 -19 20 21 -18 23 -23 25 27 -27 28 29 -13
right_child=1 2 -4 4 5 7 -8 -9 -10 -11 11 16 -14 -15 15 -17 17 18 -20 -21 -22 22 -24 -25 -26 26 -28 -29 -30 -31
leaf_value=0.011565424016483241 -0.034299756730490627 -0.0047042766351933591 0.038478512887329099 0.0063607543807175058 -0.0064105368344503921 0.036591117454559605 -0.010248970234829456 -0.031227407858258963 0.66586054671600792 -0.036668912442017067 0.13672407614409235 0.12797377191826431 0.43317055667288051 0.041389211091469862 -0.089641215842559352 1.4058786097189031 0.015754567557236868 1.2175383323022706 0.017697324888476109 0.23383403583826801 -0.058781838862846415 0.5382262824197388 0.058751107220234057 0.15060361343607048 -0.03419829402948419 0.098536064636061987 -0.0033181741155769544 0.097322508432257329 -0.015857637690538242 0.0046907188703045099
leaf_weight=231309.44370527193 10398.470733111724 48236.524801192805 2684.1094454699196 19899.479910716414 100957.77306403313 540.39597725216299 26396.924285344779 15377.856153459288 15.884551309049128 4404.7248869072646 163.39046701416373 251.3094935528934 27.558838399127126 2157.1731145218946 7.1309641180560019 9.654292722232638 8785.8316217251122 11.057887399569156 19.333865949884057 96.599304927513003 569.09550177585334 41.787783131934702 479.75463364645839 108.26081503368914 2499.8478010040708 1328.5704245786183 988.31832526018843 475.84584312234074 11610.711689960212 11185.603906108998
leaf_count=331041 117494 503296 23360 127116 1357874 3693 194291 325147 25 245389 1442 1766 269 26048 174 121 86275 34 230 279 6662 182 3451 468 48864 24733 20443 7809 211142 191766
internal_value=0.0022476 -0.00574303 -0.0039555 -0.00445034 -0.00802187 -0.0103821 -0.0170533 -0.0282343 0.0535964 -0.00767886 0.00121316 0.00820657 0.0577166 0.0532897 0.19577 0.770529 0.00516156 0.0206038 0.454253 0.0192965 0.0172209 0.0218147 0.106354 0.258555 -0.000348204 0.00292652 0.055088 -0.002211 -0.00426599 0.00750912
internal_weight=501038 269729 232934 230249 141196 121297 36795.4 15934.1 556.281 105362 89053.4 40816.8 2364.91 2337.35 180.176 16.7853 38451.9 10111.7 30.3918 10081.3 9984.73 9415.63 629.803 150.049 28340.2 25840.4 2316.89 23523.5 23047.6 11436.9
internal_count=3860884 3529843 3218058 3194698 2059244 1932128 311785 328865 3718 1603263 1135454 632158 28054 27785 1737 295 604104 97581 264 97317 97038 90376 4101 650 506523 457659 45176 412483 404674 193532
cat_boundaries=0 1 2 3 4 5 6 7 8 9 10
cat_threshold=2 88 106 1 13 37 1 5 12 33
is_linear=0
shrinkage=0.08


Tree=65
num_leaves=31
num_cat=14
split_feature=47 38 2 32 31 18 46 40 26 17 40 46 38 17 40 45 26 41 6 18 17 43 42 35 25 26 33 38 17 18
split_gain=4706.54 1021.74 808.932 692.836 674.326 599.031 549.321 536.258 505.789 501.661 540.824 883.248 487.013 700.753 611.645 589.206 569.434 513.856 482.719 548.738 916.14 887.1 1062.2 858.472 531.239 927.708 509.13 726.613 458.691 1139.4
threshold=0 1 inf -10.105000019073485 1.0000000180025095e-35 3542.599975585938 2 3 1.0000000180025095e-35 10.500000000000002 4 5 6 5.5000000000000009 7 8 2.5000000000000004 9 444.56498718261724 3158.3549804687505 6.5000000000000009 10 11 12 8.5000000000000018 7.5000000000000009 1.0000000180025095e-35 13 7.5000000000000009 3542.599975585938
decision_type=1 1 8 8 10 2 1 1 8 2 1 1 1 2 1 9 8 9 2 2 2 9 9 1 8 10 2 1 2 2
left_child=9 5 3 -3 6 -2 8 -4 -5 10 11 -1 13 15 18 16 -10 -16 19 20 -14 -21 23 26 25 -22 27 -23 29 -25
right_child=1 2 7 4 -6 -7 -8 -9 12 -11 -12 -13 14 -15 17 -17 -18 -19 -20 21 24 22 -24 28 -26 -27 -28 -29 -30 -31
leaf_value=0.02152862847390127 0.0084844931664846707 0.023379043583685637 0.0093927050250891646 0.090439017023998508 0.019125270057622216 0.077031895838673661 0.013729952739133452 -0.056581459213475419 0.45122203020194279 0.020357499080791625 0.0075693873234345867 -0.039242216670700755 -0.0034971955065469006 -0.025764147593203973 0.0045892273566477898 -0.020027600979436976 -0.001486105689052269 -0.025160958312463188 0.0071630320424588955 -0.0024987791326175545 -0.090953611864790812 0.35210403131098339 -0.067257818625350033 0.95482164921436385 -0.025926703967201689 0.45467856298734888 0.65560597993499725 0.11271801407585517 -0.0050151520326965609 0.0018078368795385322
leaf_weight=32439.96421995014 24022.763481386006 5167.5771256573498 1043.6012367373332 335.52444982575253 6523.1473160986789 844.60547170042992 7925.0326903481036 3246.7210620343685 17.793073557317257 31494.382944294252 163180.13081492484 1606.4346389509737 90988.664946061559 20750.313370472752 4860.5088891834021 16730.363135732245 29273.42194329761 15794.894672913942 23033.283771198243 1918.9729189863428 40.002240133471787 127.08743593096733 206.02313116192818 11.550048038363455 14934.445410251152 39.770615541376173 16.081815337762237 289.65209513157606 268.41019758116454 26.336452553980052
leaf_count=45124 128165 57365 2801 2312 27318 2976 23312 21958 171 42127 239025 3616 963589 679665 32798 373199 559939 131959 281064 23978 601 530 3599 125 197174 311 140 4426 6489 665
internal_value=0.00254909 -0.0046359 -0.00621287 -0.00559578 -0.00623535 0.0108083 -0.00696224 -0.0406435 -0.00770877 0.0109817 0.00948451 0.0186558 -0.00785892 -0.0135569 -0.00536372 -0.00805588 -0.00121069 -0.0181615 -0.00335838 -0.00558473 -0.00651833 0.0289685 0.0919121 0.136585 -0.0248269 0.18107 0.209088 0.196874 0.0307614 0.292343
internal_weight=497157 268437 243569 239279 234111 24867.4 227588 4290.32 219663 228721 197227 34046.4 219328 66771.9 152556 46021.6 29291.2 20655.4 131900 108867 106003 2864.11 945.141 739.118 15014.2 79.7729 432.821 416.74 306.297 37.8865
internal_count=3856521 3526629 3395488 3370729 3313364 131141 3286046 24759 3262734 329892 287765 48740 3260422 1612974 1647448 933309 560110 164757 1482691 1201627 1161675 39952 15974 12375 198086 912 5096 4956 7279 790
cat_boundaries=0 1 2 3 4 5 6 7 8 9 10 11 12 13 14
cat_threshold=2 640 1 8 9 1 36 6 44 17 14 41 32 80
is_linear=0
shrinkage=0.08


Tree=66
num_leaves=31
num_cat=10
split_feature=47 32 38 36 3 19 6 45 18 45 12 19 13 2 2 32 46 3 32 38 36 22 7 5 19 45 27 22 2 38
split_gain=4120.27 713.849 608.245 557.388 595.895 541.519 607.269 694.441 565.924 873.687 955.151 776.918 764.383 650.516 492.747 603.75 777.748 927.778 624.457 515.946 469.372 1073.78 465.764 500.04 454.782 449.859 449.036 419.895 419.027 422.188
threshold=0 -8.0850000381469709 1 2 725.45501708984386 1326.2249755859377 482.02499389648443 3 455.77499389648443 4 444.40000915527349 267.27499389648443 212.50001525878909 1.0000000180025095e-35 inf -4.5150001049041739 5 117.70999908447267 -4.5150001049041739 6 7 2.5000000000000004 883.78002929687511 17.500000000000004 916.61499023437511 8 9.2500000000000018 1.0000000180025095e-35 2.5000000000000004 9
decision_type=1 10 1 9 10 2 2 9 2 9 2 2 2 8 8 10 1 10 8 1 9 2 2 2 2 9 8 2 8 1
left_child=14 28 -3 -4 5 6 8 -8 9 10 26 12 13 -12 15 16 -1 18 -18 -16 -7 -22 -11 24 -24 -10 27 -5 -2 -30
right_child=1 2 3 4 -6 20 7 -9 25 22 11 -13 -14 -15 19 -17 17 -19 -20 -21 21 -23 23 -25 -26 -27 -28 -29 29 -31
leaf_value=0.0063134679008741224 0.002905914787436425 -0.0002341956783914351 -0.027020955366586198 0.074182654989898664 0.032245021418620984 -0.025372936673973001 0.018550779223042446 -0.034042290546326959 -0.0070671622553589008 -0.018529704476690043 0.1361715881835065 0.023027152418903411 0.73630938074350583 0.94722564939644416 0.010589486467265851 0.01305952412879237 -0.14276474922202026 0.017910524587044032 -0.038703171767792692 0.046418216839280768 -0.022950891228244112 0.45514471377317145 0.5834385398536841 0.78298932926105058 0.0091698380723555083 -0.032044993450611757 -3.6489885584962834e-05 0.41643091436329777 0.015170963630036432 -0.033250306694605249
leaf_weight=83827.242483608425 84892.166162498761 54858.464259404689 11642.667442792095 122.13748064218089 2237.4899126598611 14243.403941035736 9706.7572434358299 1916.1405296707526 7880.9203637680039 24189.461398513522 67.989178474061191 104.93444658210501 23.296665641013533 6.9786874083802095 5510.6298205181956 128463.84991492797 427.81547427922487 1902.2814367935061 2687.4347576331347 4847.6473130080849 97.029669321142137 43.563823001459241 10.741118285339324 8.0474903546273691 49.494358089286834 11193.182652360294 38550.481524148956 28.248560157604516 1604.0348507817835 4059.5883573452011
leaf_count=120071 966437 369236 131639 1332 68780 369646 191511 45434 151312 407108 986 1986 241 85 10458 183365 1393 2457 5742 7588 1242 76 118 22 1108 235353 542316 108 8853 33697
internal_value=0.00245485 -0.00427676 -0.0072327 -0.0103756 -0.00861919 -0.00946469 -0.00724956 0.009867 -0.00966875 -0.00602177 0.00140967 0.174403 0.336053 0.211672 0.0103653 0.00955277 0.00448222 -0.0261121 -0.0529939 0.0274123 -0.0239189 0.116877 -0.0179333 0.190703 0.111573 -0.0217453 0.000501729 0.138471 0.0015003 -0.0195685
internal_weight=495204 267537 176981 122123 110480 108243 93858.8 11622.9 82235.9 63161.8 38904.1 203.199 98.2645 74.9679 227667 217309 88844.8 5017.53 3115.25 10358.3 14384 140.593 24257.7 68.283 60.2355 19074.1 38700.9 150.386 90555.8 5663.62
internal_count=3859700 3528626 2519639 2150403 2018764 1949984 1579020 236945 1342075 955410 547054 3298 1312 1071 331074 313028 129663 9592 7135 18046 370964 1318 408356 1248 1226 386665 543756 1440 1008987 42550
cat_boundaries=0 1 2 3 4 5 6 7 8 9 10
cat_threshold=2 659 27 13 44 1 643 192 1 210
is_linear=0
shrinkage=0.08


Tree=67
num_leaves=31
num_cat=18
split_feature=48 34 39 37 38 43 38 40 38 41 38 43 40 13 36 37 6 4 38 12 21 34 3 31 3 20 3 18 36 21
split_gain=412.625 413.303 833.133 581.862 593.739 510.593 333.486 375.627 597.171 331.524 504.69 322.747 297.537 336.782 353.771 480.127 294.335 288.782 422.591 524.768 352.692 288.675 315.936 282.37 370.344 290.967 422.118 280.917 584.879 349.945
threshold=0 1 2 3 4 5 6 7 8 9 10 11 12 6330.8552246093759 13 14 607.37500000000011 1.5000000000000002 15 220.00001525878909 1.0000000180025095e-35 16 1.0000000180025095e-35 1.0000000180025095e-35 35.23500061035157 1.0000000180025095e-35 47.885000228881843 4599.9350585937509 17 1.5000000000000002
decision_type=9 1 9 1 1 9 1 1 1 9 1 9 1 2 9 1 2 10 1 2 2 1 10 10 8 2 8 2 9 2
left_child=1 6 12 5 17 -4 7 8 -1 10 11 -7 13 14 -3 -16 -11 -5 20 -20 -19 -6 -23 25 -25 -8 -27 -9 29 -29
right_child=-2 2 3 4 21 9 23 27 -10 16 -12 -13 -14 -15 15 -17 -18 18 19 -21 -22 22 -24 24 -26 26 -28 28 -30 -31
leaf_value=0.074022611267746077 0.045101616283514744 0.022665116915405334 -0.0045734870399204378 -0.0022864660437953111 -0.049492017960982904 0.057213357617089296 0.0031107441249686625 0.0067902529451740424 0.00087820841306121859 0.0024501409628497972 -0.030885756563072256 -0.021532617158535682 0.0091141209463803542 0.30189052618350842 0.018640468739214031 0.17024461793792331 0.019309875907625024 0.078047400985943011 0.038600447171444119 -0.06478954366544383 0.40228091116352543 0.041866102052362082 -0.013944667628627616 -0.10673346801201902 0.024146283470644792 0.23174740729688342 -0.0073134988060188982 0.065004408016727369 -0.02705499746319525 0.32155222507058823
leaf_weight=1470.3235356174409 1392.6433883816935 4545.8884281637147 60767.836506335996 40144.322006929666 1432.2242822591215 2266.0472909621894 183415.30277117854 32572.348356926814 1391.5259637515992 68093.135887482669 690.59361878922209 389.46517374552786 13979.959311938379 29.360954326577485 293.8042800873518 252.51049150526524 7341.5539957643487 494.39273530989885 1020.5646685054526 453.93635531514883 22.446179011836648 660.01657167822123 39416.744426411577 142.135722566396 5221.890948055312 47.376943314447999 21191.423815214541 1120.4471363276243 561.32612483762205 35.094351947307587
leaf_count=2567 11464 22033 416800 294077 7674 3733 1558961 133526 4683 453555 2700 1215 83906 76 940 536 77350 2475 5811 4298 75 1008 485940 761 18770 79 255924 3758 2331 55
internal_value=0.00161746 0.00149373 -0.00085425 -0.00222665 -0.00750214 0.000935922 0.00379529 0.0107813 0.0385843 0.00518567 0.0297906 0.0456268 0.0151812 0.0316624 0.0301665 0.0905136 0.00409044 -0.00081121 0.0289251 0.00672544 0.0903801 -0.0142922 -0.0130223 0.00255905 0.0206782 0.00208427 -0.00678023 0.00845022 0.0399923 0.0721713
internal_weight=490857 489464 242295 223193 83644.6 139549 247169 37151.1 2861.85 78780.8 3346.11 2655.51 19101.5 5121.56 5092.2 546.315 75434.7 42135.7 1991.34 1474.5 516.839 41509 40076.8 210018 5364.03 204654 21238.8 34289.2 1716.87 1155.54
internal_count=3857081 3845617 1864202 1756711 801358 955353 1981415 146920 7250 538553 7648 4948 107491 23585 23509 1476 530905 306736 12659 10109 2550 494622 486948 1834495 19531 1814964 256003 139670 6144 3813
cat_boundaries=0 1 2 3 4 5 6 7 8 9 10 11 12 13 14 15 16 17 18
cat_threshold=1 28 1 54 326 11 514 1 512 16 657 4 4 170 12 64 1 128
is_linear=0
shrinkage=0.08


Tree=68
num_leaves=31
num_cat=12
split_feature=47 38 32 36 45 19 32 38 45 36 21 45 17 45 18 20 18 47 4 17 22 7 18 13 4 45 38 4 0 18
split_gain=3531.86 826.815 740.891 613.374 669.768 588.613 529.653 594.632 751.055 518.55 458.508 773.739 1152.08 584.662 666.502 1300.66 1344.23 535.8 683.799 508.273 482.454 474.866 809.116 652.235 469.37 455.077 934.401 590.606 448.097 477.285
threshold=0 1 -3.064999938011169 2 3 2726.244995117188 39.225000381469734 4 5 6 1.0000000180025095e-35 7 2.5000000000000004 8 1163.8999633789065 1.5000000000000002 496.55000305175787 9 1.5000000000000002 98.500000000000014 2.5000000000000004 817.72497558593761 42471.949218750007 1603.6251220703127 53.500000000000007 10 11 9.5000000000000018 1.5000000000000002 984.42501831054699
decision_type=1 1 10 9 9 2 8 1 9 9 2 9 2 9 2 2 2 1 10 2 2 2 2 2 10 9 1 8 2 2
left_child=6 5 25 -4 -5 9 7 8 -1 -2 13 12 -12 14 15 20 -17 18 -14 -13 -11 -16 -23 -24 -15 -3 -27 -28 29 -22
right_child=1 2 3 4 -6 -7 -8 -9 -10 10 11 19 17 24 21 16 -18 -19 -20 -21 28 22 23 -25 -26 26 27 -29 -30 -31
leaf_value=-0.14583794524043978 -0.058739674248006843 0.0058185583209621342 -0.016343806243450283 0.01874215239852825 -0.0051921954773765421 -0.045598695637612333 0.0038672993350291653 0.012709060007583928 -0.010204968549766611 -0.0015125231506106032 0.82414048118055927 -0.023188569704675931 -0.006549880461786165 -0.024548541390600368 -0.039105346960813164 0.77820211991788257 -0.085952340015200926 0.14704876779260828 0.30747185441504188 0.23531995482044082 0.19742187278260498 0.0039165715639645406 -0.089140489345090709 0.57430687492503918 0.12830939445785491 -0.072480343731882696 -0.023060471134264314 0.014065922777673909 -0.039239613460844897 0.76532875888395935
leaf_weight=280.26166697964072 1409.6834039054811 73864.952209427953 29290.724361337721 8210.8729391442612 83369.692322551273 3332.5444562444463 81358.692948400974 139527.64924024884 2669.4585343450308 28646.945747953374 13.208845663815735 1294.20049673412 496.69305110769346 17028.448405602016 5227.2148073697463 27.676704487763345 19.735336638987064 361.97470863070339 48.734705198090523 50.579785217065364 58.543765188194811 1170.3245093412697 14.102025039959697 28.957103343680501 129.54215765278786 1382.648104140535 5059.0530842551962 5988.2299497360364 42.883019590284675 11.299120132811366
leaf_count=941 24021 655530 251385 49445 936776 135643 122455 202076 4894 605307 116 39761 19885 484534 172289 79 632 3483 794 436 1060 40460 368 296 1723 9219 58340 36142 1397 127
internal_value=0.00160814 -0.00461287 -0.00222642 -0.00626892 -0.00304449 -0.0129316 0.00901712 0.0119578 -0.0235411 -0.0109927 -0.00974899 0.0254865 0.0815004 -0.011274 -0.00537244 -0.000172345 0.418496 0.0715881 0.0215084 -0.0133662 -0.000862545 -0.0286394 0.0164473 0.357025 -0.0233808 0.00343557 -0.0107214 -0.00293329 0.164316 0.289297
internal_weight=490416 266579 207166 120871 91580.6 59413.3 223836 142477 2949.72 56080.7 54671.1 2265.39 920.611 52405.7 35247.7 28807.1 47.412 907.402 545.428 1344.78 28759.7 6440.6 1213.38 43.0591 17158 86294.9 12429.9 11047.3 112.726 69.8429
internal_count=3859614 3529248 1996837 1237606 986221 1532411 330366 207911 5835 1396768 1372747 64475 24278 1308272 822015 608602 711 24162 20679 40197 607891 213413 41124 664 486257 759231 103701 94482 2584 1187
cat_boundaries=0 1 2 3 4 5 6 7 8 9 10 11 12
cat_threshold=2 40 90 8 128 32 89 3 44 4 13 129
is_linear=0
shrinkage=0.08


Tree=69
num_leaves=31
num_cat=22
split_feature=47 1 38 45 47 37 38 3 34 40 38 38 45 42 38 38 3 6 34 18 40 46 45 38 42 24 3 40 38 3
split_gain=2796.16 761.885 613.471 794.857 426.236 612.046 556.499 653.724 604.762 691.375 645.144 431.631 1113.88 410.596 790.529 707.412 613.762 472.332 436.285 434.501 400.122 571.874 399.685 510.586 393.985 388.982 585.174 388.519 661.586 610.683
threshold=0 1.0000000180025095e-35 1 2 3 4 5 128.4049987792969 6 7 8 9 10 11 12 13 9.4749999046325701 26.050000190734867 14 42471.949218750007 15 16 17 18 19 -1.0000000180025095e-35 265.66500854492193 20 21 24.564999580383304
decision_type=1 2 1 9 1 1 1 10 1 1 1 1 9 9 1 1 8 2 1 2 1 1 9 1 9 2 10 1 1 10
left_child=2 4 3 -1 5 13 7 -7 9 10 -8 12 -6 15 16 -2 18 -18 -15 -17 21 -13 23 -16 -10 -9 -27 28 -4 -29
right_child=1 -3 27 -5 11 6 8 25 24 -11 -12 20 -14 14 22 19 17 -19 -20 -21 -22 -23 -24 -25 -26 26 -28 29 -30 -31
leaf_value=0.020094693028139689 -0.029333683126721199 0.013468848654583525 0.063072157250581323 -0.070667907333025803 -0.13766376147131174 0.012905870333461829 0.096292863632891482 -0.013986316261564203 0.016873142907135312 0.023938394879248707 -0.040022298091269219 0.018850209445346659 -0.0051472903381281788 0.22904816622869853 0.0208204270402749 0.0064256444022051766 -0.014441424391212888 0.035623596726523848 0.0045615952982457518 0.24438208186282823 0.0052856498785345167 -0.03824422868668708 -0.039822236010372943 -0.043090416937789977 -0.018076340946367838 0.23236009121965809 -0.0093059435553152822 0.047861944248838773 -0.031734164675825273 -0.0079846669286930076
leaf_weight=8166.179457385093 4323.2520935526118 65472.832578237168 494.75101029872894 658.47462624870241 432.37705042213202 10035.864657796919 242.61659254133701 17870.247231210582 3223.0553587358445 19697.098280306906 1879.4573135972023 24254.837239671499 4964.042920332402 122.15410123020411 1868.0718323998153 15694.440401554108 3929.7300564814359 1740.0533218262717 106.83584472537041 49.264871633145958 138814.92474652641 1177.2718277368695 7907.888731604442 1384.3200941924006 5704.2752772942185 103.29870621860027 169.10058062151074 1264.5728219803423 7396.7866917671636 138710.06129948632
leaf_count=43104 48319 108281 1869 6748 1385 54851 331 226671 24885 112508 6900 35190 8564 226 10651 129999 26637 11415 543 475 208948 2674 74418 17040 34734 158 1277 8651 86257 2565563
internal_value=0.00157296 0.00573899 -0.00723197 0.0132499 0.00383418 -0.000424167 0.00464463 -0.00347619 0.0120859 0.0192614 -0.0240589 0.00624523 -0.0159999 -0.00846814 -0.0175903 -0.000708469 0.00609918 0.000923502 0.134515 0.0071657 0.00697666 0.0162009 -0.0301056 -0.00643073 -0.00545368 -0.0125401 0.0823382 -0.00845465 -0.0257181 -0.0074796
internal_weight=487858 331167 156691 8824.65 265694 96051 58925 28178.5 30746.5 21819.2 2122.07 169643 5396.42 37126 17059.1 20067 5898.77 5669.78 228.99 15743.7 164247 25432.1 11160.3 3252.39 8927.33 18142.6 272.399 147866 7891.54 139975
internal_count=3859272 1147080 2712192 49852 1038799 782038 462315 282957 179358 119739 7231 256761 9949 319723 140930 178793 38821 38052 769 130474 246812 37864 102109 27691 59619 228106 1435 2662340 88126 2574214
cat_boundaries=0 1 2 3 4 5 6 7 8 9 10 11 12 13 14 15 16 17 18 19 20 21 22
cat_threshold=4 129 13 1 20 101 23 1 8 128 32 26 897 388 76 9 1 40 22 9 1 512
is_linear=0
shrinkage=0.08


Tree=70
num_leaves=31
num_cat=18
split_feature=47 36 38 44 37 43 45 26 19 12 18 18 4 4 42 38 37 36 43 34 22 31 11 10 37 14 36 42 45 38
split_gain=2825.66 784.723 692.182 631.848 633.017 672.359 523.359 660.641 613.996 1237.94 1788.43 617.908 677.557 598.052 768.555 590.572 579.622 555.844 537.451 534.133 717.448 514.448 598.228 500.27 477.588 510.905 475.189 639.597 536.195 476.969
threshold=0 1 2 3 4 5 6 9.2500000000000018 1.0000000180025095e-35 180.00000762939456 418.42500305175787 9703.8247070312518 35.500000000000007 1.5000000000000002 7 8 9 10 11 12 1.0000000180025095e-35 1.0000000180025095e-35 42.500000000000007 1.0000000180025095e-35 13 3.5000000000000004 14 15 16 17
decision_type=1 9 1 9 1 9 9 10 2 2 2 2 10 10 9 1 1 9 9 1 2 8 2 2 1 2 9 9 9 1
left_child=-1 -2 3 4 5 24 7 17 9 -9 -11 12 -10 16 15 -15 -8 18 -5 20 -20 22 -6 26 -3 -26 -4 29 -29 -28
right_child=1 2 23 6 21 -7 13 8 11 10 -12 -13 -14 14 -16 -17 -18 -19 19 -21 -22 -23 -24 -25 25 -27 27 28 -30 -31
leaf_value=0.0084881175723654206 -0.021863043601591883 0.15809505781065727 -0.0096078488671368714 -0.078505960800284949 -0.019226971185523828 0.047587645671530898 -0.0088962924578847406 0.0092074028276215667 -0.067996264163582579 1.6233678177728843 0.13643486989950213 0.23790904096920773 0.59481995526871134 0.19207530400125741 0.0013412208483886121 -0.076402461604046276 -0.030577195860579866 -0.0069205267848832875 0.17136079101854851 0.057890475382695115 0.63900219250256285 0.02039626613713845 0.20149006791274951 0.015200824199437935 -0.038344398080777824 0.24424177904107694 0.047746196847608995 0.0159381570999944 -0.0021835426258537067 0.0078932828878285309
leaf_weight=221703.75157617126 14470.595407596789 83.150810295715928 34479.840979402885 96.18156102579087 7891.3634182177484 3448.3197139278054 13117.548565075733 25.430698218755424 153.59611423453316 9.8485055435448903 10.913686771877108 87.413352291099727 10.54837070032954 247.92400047928095 1695.4769630739465 64.14731527864933 19905.953865952091 18280.479238732252 72.482712156139314 233.11095182038844 29.558787230402231 3333.9168829414994 79.382034132257104 12744.416373379529 1312.7897389438003 42.264899266883731 3018.511180606205 11506.586915112101 112795.51714519458 5297.988276896067
leaf_count=330096 133749 170 273710 1939 75160 15413 321885 656 6720 91 387 1957 74 2041 30433 1619 647694 523102 651 2175 158 17689 539 129698 7918 188 25043 69944 1191384 44279
internal_value=0.00182644 -0.00375642 -0.0027077 -0.00944225 0.00441918 0.0284456 -0.013597 -0.00290203 0.115324 0.383412 0.841759 0.0660955 -0.0254019 -0.0193943 0.0229948 0.13623 -0.0219771 -0.00478484 0.0839427 0.131486 0.27944 -0.00598629 -0.0170288 -7.73559e-05 -0.017462 -0.029314 -0.00124261 0.000932942 -0.000504878 0.022398
internal_weight=486249 264545 250075 70231.8 16191.2 4886.53 54040.6 19009.6 297.751 46.1929 20.7622 251.558 164.144 35031.1 2007.55 312.071 33023.5 18711.8 431.334 335.152 102.041 11304.7 7970.75 179843 1438.21 1355.05 167098 132619 124302 8316.5
internal_count=3856562 3526466 3392717 1658659 117077 23689 1541582 537910 9885 1134 478 8751 6794 1003672 34093 3660 969579 528025 4923 2984 809 93388 75699 1734058 8276 8106 1604360 1330650 1261328 69322
cat_boundaries=0 1 2 3 4 5 6 7 8 9 10 11 12 13 14 15 16 17 18
cat_threshold=2 56 36 1 96 9 4 3 4 42 2 33 82 64 66 1 8 11
is_linear=0
shrinkage=0.08


Tree=71
num_leaves=31
num_cat=12
split_feature=47 32 38 38 40 11 1 36 37 3 3 45 12 12 13 37 6 19 36 4 37 22 12 45 38 19 4 19 1 15
split_gain=1976.61 940 596.27 540.784 588.325 457.739 498.479 421.416 410.063 538.482 1038.15 408.647 517.515 479.805 865.521 492.023 475.555 666.132 470.873 408.646 553.879 644.93 513.738 452.32 436.355 435.462 449.38 432.701 491.259 392.747
threshold=0 -8.0850000381469709 1 2 3 1.0000000180025095e-35 4.5000000000000009 4 5 157.64499664306643 136.84500122070315 6 168.00000762939456 159.9999923706055 407.25500488281256 7 444.56498718261724 2210.825073242188 8 1.5000000000000002 9 4.5000000000000009 9167.5654296875018 10 11 85.465000152587905 7.5000000000000009 916.61499023437511 3.5000000000000004 1.5000000000000002
decision_type=1 10 1 1 1 2 2 9 1 10 10 9 2 2 2 1 2 2 9 10 1 2 2 9 1 2 10 2 2 2
left_child=-1 3 5 4 -2 -3 -7 8 9 10 -4 16 13 -13 -15 -16 18 -18 -9 23 22 -22 27 -20 -25 -24 -27 28 -21 -10
right_child=1 2 7 -5 -6 6 -8 11 29 -11 -12 12 -14 14 15 -17 17 -19 19 20 21 -23 25 24 -26 26 -28 -29 -30 -31
leaf_value=0.0072714964738785507 -0.029581464484767044 -0.0081135835135664452 0.057497634183257054 -0.00060854604653266863 0.015774502486705297 0.0085505352975760816 0.13649815860460621 -0.023119556449746788 -0.039018257655377676 -0.02302132088969798 0.54942589621928717 -0.0098712843192882514 -0.031159739496153374 0.0077552272958257198 0.39606805618206964 -0.061645119895429652 0.012294314051489712 -0.020385832856018322 -0.0017350396638482835 0.025830479917140551 -0.025194159085917617 0.60886660241119461 0.63484583906577108 -0.0067602646183088548 -0.02646429687602235 0.2943339600508188 -0.092605315019410078 -0.038949112168402883 0.19615013011657229 0.19101465403349477
leaf_weight=219729.60384082422 1956.3768451046199 15723.540643692017 145.06064859777689 61719.20841305377 26774.578686782159 22382.17818235606 196.58930664509535 12143.930864640512 5164.3096929620951 316.59036171250045 33.865880597382784 15275.022374969907 10091.697024690919 216.29869821900502 60.793656686786562 22.917508791666478 16984.986562120263 5218.2296949904412 32409.576846312266 4754.1456232722849 2260.7372311172076 10.313543055206535 13.282103877514599 16312.078037692234 12889.946832274087 48.248572257347405 31.915758781135082 668.05262408778071 110.91146670840681 47.94306530803442
leaf_count=331075 13071 96397 1454 765511 231961 137923 497 129243 62685 4508 191 182768 246913 3560 413 460 321419 128500 569530 54990 24215 21 55 200158 340854 176 480 10689 1066 141
internal_value=0.00166618 -0.00299948 -0.00644598 0.00361282 0.0126769 0.0023658 0.00966455 -0.00894132 -0.0302015 0.0388891 0.150606 -0.00800217 -0.0170408 -0.00790347 0.0922881 0.31071 -0.00576697 0.00461378 -0.00859043 -0.00604785 0.011084 -0.0222169 0.0245211 -0.00824486 -0.0154638 0.210577 0.140282 0.0214232 0.0297134 -0.0368317
internal_weight=483713 263983 173533 90450.2 28731 38302.3 22578.8 135231 5707.77 495.517 178.927 129523 25666.7 15575 300.01 83.7112 103856 22203.2 81653.1 69509.2 7897.61 2271.05 5626.56 61611.6 29202 93.4464 80.1643 5533.11 4865.06 5212.25
internal_count=3860924 3529849 2519306 1010543 245032 234817 138420 2284489 68979 6153 1645 2215510 434114 187201 4433 873 1781396 449919 1331477 1202234 91692 24236 67456 1110542 541012 711 656 66745 56056 62826
cat_boundaries=0 1 2 3 4 5 6 7 8 9 10 11 12
cat_threshold=2 643 708 8 24 1 13 48 67 105 12 336
is_linear=0
shrinkage=0.08


Tree=72
num_leaves=31
num_cat=14
split_feature=47 37 17 38 44 40 38 3 45 45 3 4 38 36 2 41 26 16 37 3 45 12 26 4 37 17 32 17 19 19
split_gain=1885.92 850.149 873.333 1086.69 542.685 608.282 1134.23 555.647 601.342 566.348 487.255 603.242 442.353 435.246 480.517 545.852 453.343 442.305 534.123 995.927 765.913 791.525 568.664 560.54 432.33 473.876 425.411 731.43 1063.69 1314.43
threshold=0 1 5.5000000000000009 2 3 4 5 24.564999580383304 6 7 673.13500976562511 15.500000000000002 8 9 inf 10 2.5000000000000004 1.0000000180025095e-35 11 228.55500030517581 12 168.00000762939456 9.2500000000000018 8.5000000000000018 13 31.500000000000004 -6.4949998855590811 16.500000000000004 3349.049926757813 4874.2751464843759
decision_type=1 1 2 1 9 1 1 10 9 9 8 10 1 9 8 9 8 2 1 10 9 2 10 8 1 2 10 2 2 2
left_child=-1 10 4 24 -3 6 -6 9 -9 -7 -2 26 -11 14 16 -16 -10 -15 19 23 21 -20 -22 -19 -4 -26 -12 28 -28 -30
right_child=1 2 3 -5 5 7 -8 8 13 12 11 -13 -14 17 15 -17 -18 18 20 -21 22 -23 -24 -25 25 -27 27 -29 29 -31
leaf_value=0.006583195849047231 -0.028867086706554381 0.011096982751084179 -0.039808648345273583 0.0013962768976641577 0.029754417952505951 -0.02311279197574834 -0.059544848379641878 -0.041745819708751908 0.12171298328974932 -0.01459049731229157 -0.034269411146373586 0.52137783138404781 0.06527888996781657 -0.01083088356037157 0.01156330735737586 -0.058559548987229072 0.0023179329862115729 0.096565515933271853 -0.097633985225789019 -0.0083431108045732578 -0.016231518644932576 0.27269877346635374 0.43355445630718459 0.40947058542842557 -0.012520631494587264 -0.045470318927742184 0.10560690815608677 -0.057435516481362879 1.1820929016856454 -0.086177334640187453
leaf_weight=217887.33933877572 11181.90170572442 25909.973674787208 5560.7091437280178 28852.345482982695 1324.7401303648949 942.57834910228848 2877.1926380489022 2308.8217284637503 203.90764710213989 560.60395048186183 448.82731327833608 15.754690519999711 2147.3725160248578 32277.805443547666 1193.9847307596356 1745.3179196822457 110651.51549100457 64.06089086458087 51.459037220105529 167.74197404459119 1423.3791017625481 130.88544373773038 18.219992678612471 85.601294249296188 29345.258976928424 3087.3501797951758 300.1722697627265 177.3120063918177 13.289129399228843 8.6238225423730892
leaf_count=330677 364926 102598 86546 216032 7127 5398 31106 42828 1093 2296 22585 233 10946 261312 3339 11185 1488228 635 486 2052 10414 631 69 386 732748 94794 16666 12738 516 502
internal_value=0.00107866 -0.00348034 -0.00247916 -0.0103113 0.000364745 -0.00139326 -0.0313877 -0.00057263 -0.00132158 0.0302663 -0.0241425 0.0304106 0.0487515 -0.000688153 0.0016909 -0.0302346 0.00253755 -0.0085978 0.0284862 0.121678 0.00946416 0.159444 -0.0104741 0.275536 -0.0191974 -0.0156524 0.0222532 0.0730522 0.144887 0.682966
internal_weight=480964 263077 250931 66845.7 184085 158175 4201.93 153973 150323 3650.55 12145.9 963.979 2707.98 148014 113795 2939.3 110855 34219.2 1941.35 317.404 1623.94 182.344 1441.6 149.662 37993.3 32432.6 948.225 499.397 322.085 21.913
internal_count=3861092 3530415 3112249 1130120 1982129 1879531 38233 1841298 1822658 18640 418166 53240 13242 1779830 1503845 14524 1489321 275985 14673 3073 11600 1117 10483 1021 914088 827542 53007 30422 17684 1018
cat_boundaries=0 1 2 3 4 5 6 7 8 9 10 11 12 13 14
cat_threshold=2 16 300 1 1 546 2 4 33 129 16 3 32 6
is_linear=0
shrinkage=0.08


Tree=73
num_leaves=31
num_cat=16
split_feature=47 46 44 44 3 34 2 31 36 41 11 34 11 40 2 35 12 41 43 23 44 19 34 41 3 17 17 41 16 2
split_gain=1548.66 553.178 605.696 658.334 544.47 504.577 501.345 459.562 467.986 449.473 492.158 430.633 644.214 412.091 686.468 449.406 671.619 440.738 365.008 364.853 407.555 463.788 367.811 435.809 554.532 421.995 457.969 415.587 402.974 398.83
threshold=0 1 2 3 inf 4 inf 1.0000000180025095e-35 5 6 49.500000000000007 7 4.5000000000000009 8 inf 9 95.02500152587892 10 11 3.5000000000000004 12 12.025000095367433 13 14 102.64500045776369 95.500000000000014 31.500000000000004 15 2.5000000000000004 2.5000000000000004
decision_type=1 1 9 9 8 1 8 8 9 9 2 1 2 1 8 1 2 9 9 2 9 2 1 9 10 2 2 9 2 10
left_child=5 4 -3 -4 7 -1 -7 8 9 10 -2 12 -11 14 19 16 -16 -15 -13 22 21 -21 25 24 -24 26 28 -26 -10 -30
right_child=1 2 3 -5 -6 6 -8 -9 13 11 -12 18 -14 17 15 -17 -18 -19 -20 20 -22 -23 23 -25 27 -27 -28 -29 29 -31
leaf_value=0.00012274363694108066 -0.049981416237405644 0.033647494198427406 0.0098487181917313038 -0.055185264862766793 0.061248479017244901 0.0076788346740505123 0.030269860424194887 0.0022712672541926084 -0.009406831095442476 -0.015473388527547632 0.21594035810422768 0.19975761364666209 0.059527837721220361 0.024432267555415992 0.25811277985095593 -0.052518756632214787 -0.056227943438583068 -0.017721010944674868 -0.035865740725194321 -0.098719823096034165 -0.018444761963879057 0.039660245683576595 0.13250500741846535 0.004966542540629843 -0.0047360584182829634 0.11004640481222414 -0.058482341389091294 -0.072831724386133792 0.07276907511044603 0.48313526750080388
leaf_weight=62576.532536737621 3370.2792844199575 5417.2993588410318 5158.3432724066079 1234.6358180036768 822.06430255994201 147884.23995307647 6566.1715092277154 58034.843149687164 24333.27388748806 2182.9425448030233 45.139277145266533 33.091025687754154 1103.4418268669397 1702.0912929680198 77.365308191627264 2477.5757606355473 99.382154973223805 22262.826656133402 2879.7150712152943 174.24834530428052 14409.017564537004 1403.7654198948294 186.97724206186831 62710.111730166944 49875.741812021937 185.89662667131051 1233.6509664044715 570.39801091514528 161.95339842443354 16.722474816720933
leaf_count=100305 43642 13470 9714 13453 849 218428 12309 618600 663134 18336 202 80 7439 5181 157 19881 660 201358 30807 1657 250022 8711 978 742789 818271 2792 51147 4526 3772 87
internal_value=0.0011851 -0.00295285 0.0139665 -0.00271089 -0.00375102 0.00618365 0.00863869 -0.00396515 -0.00585517 -0.0230482 -0.0463313 -0.0101665 0.00967969 -0.00494477 -0.00346075 -0.0438015 0.0770073 -0.0147182 -0.0325146 -0.00277131 -0.0142177 0.02438 -0.00145741 0.00050942 -0.00501071 -0.0100505 -0.0109215 -0.0055214 -0.00852786 0.111176
internal_weight=479190 262163 11810.3 6392.98 250353 217027 154450 249530 191496 9614.61 3415.42 6199.19 3286.38 181881 157916 2654.32 176.747 23964.9 2912.81 155262 15987 1578.01 139275 113343 50633.1 25931.5 25745.6 50446.1 24511.9 178.676
internal_count=3862757 3531715 36637 23167 3495078 331042 230737 3494229 2875629 100506 43844 56662 25775 2775123 2568584 20698 817 206539 30887 2547886 260390 10368 2287496 1566564 823775 720932 718140 822797 666993 3859
cat_boundaries=0 1 2 3 4 5 6 7 8 9 10 11 12 13 14 15 16
cat_threshold=2 1 2 1 3 24 6 6 6 16 16 2 1 96 50 34
is_linear=0
shrinkage=0.08


Tree=74
num_leaves=31
num_cat=11
split_feature=33 34 35 37 41 42 34 13 3 37 32 5 3 18 13 18 3 44 17 3 42 41 32 3 17 17 17 43 27 26
split_gain=473.927 319.65 550.659 475.574 316.57 726.118 444.595 487.394 549.974 379.134 352.438 335.398 271.725 339.117 302.577 264.86 293.668 260.462 259.538 292.6 252.711 363.061 315.405 599.518 433.542 282.42 251.568 345.88 250.756 441.767
threshold=1.0000000180025095e-35 0 1 2 3 4 5 988.77499389648449 205.23500061035159 6 16.365000724792484 30.500000000000004 561.68499755859386 1090.0250244140627 1173.2749633789065 19691.625000000004 205.23500061035159 7 18.500000000000004 448.10499572753912 8 9 -15.234999656677244 375.99499511718756 10.500000000000002 144.00000000000003 4.5000000000000009 10 inf 9.2500000000000018
decision_type=2 1 1 1 9 9 1 2 8 1 10 2 8 2 2 2 10 9 2 10 9 9 8 10 2 2 2 9 8 10
left_child=1 -1 -3 20 6 9 7 -2 -9 10 28 15 13 14 -10 -7 -17 -8 19 -15 25 22 23 -22 -25 -4 27 -24 -6 -30
right_child=4 2 3 -5 5 11 17 8 12 -11 -12 -13 -14 18 -16 16 -18 -19 -20 -21 21 -23 26 24 -26 -27 -28 -29 29 -31
leaf_value=0.0027915716682856829 0.0052791348758420408 0.011655915337728362 -0.011711426032861497 -4.8908608836156749e-05 -0.095903475684772546 -0.0098362942371048607 0.063197919849926787 0.26677112625644123 0.78656748038729318 -0.081041614024675579 -0.021721297401175149 0.37439538090940688 -0.091620530498235736 0.052734458518939008 0.13915911919230264 0.42156518083537742 0.055537786081631915 -0.037710649491522592 -0.065781945255511676 0.33728327164690242 0.003164635587556028 -0.0067949073921323424 0.058070206302995538 0.096637227681841978 0.56643714493366137 0.12409189671754702 -0.016017390622826672 -0.000428279321418426 0.11251051028606351 0.4516538448741701
leaf_weight=252282.89723904524 710.18516830401495 18925.474839769304 46096.763417537324 139709.16913563153 35.391516988165677 1268.3351704953238 188.35985518805683 111.86730888299644 8.2530836202204245 76.377332852222025 138.84634103626013 15.400730348192154 62.134286695159972 75.534024969674647 10.495988932438193 18.40883395075798 58.955628769472241 1250.834038217552 61.447105017025024 33.335187642835081 75.380978401750326 10694.711183578242 1388.1673497045413 22.561288503929973 28.391651179175824 98.215347939170897 1010.9666539430618 1213.2827558615245 1034.8583256038837 25.179506223648787
leaf_count=2022373 9495 119133 525852 1024648 598 9666 428 226 58 2583 1335 92 1779 820 201 5 432 15379 992 250 365 85398 6765 113 178 328 14453 9205 7236 60
internal_value=0.00111432 0.000849838 -0.00138437 -0.00261678 0.0251707 0.0442694 0.00466622 0.0434212 0.119226 0.0866197 0.0975626 0.00315442 0.0535191 0.101218 0.424139 -0.00107077 0.142634 -0.0243348 0.0656692 0.139862 -0.00853308 0.000708853 0.0221343 0.146444 0.358416 -0.0114202 0.0178481 0.0310088 0.113573 0.120566
internal_weight=476730 471546 219263 200338 5184.2 2671.75 2512.45 1073.25 363.067 1310.65 1234.28 1361.1 251.2 189.065 18.7491 1345.7 77.3645 1439.19 170.316 108.869 60628.4 14433.5 3738.75 126.334 50.9529 46195 3612.42 2601.45 1095.43 1060.04
internal_count=3860446 3808811 1786438 1667305 51635 22007 29628 13821 4326 11812 9229 10195 4100 2321 259 10103 437 15807 2062 1070 642657 116477 31079 656 291 526180 30423 15970 7894 7296
cat_boundaries=0 1 2 3 4 5 6 7 8 9 10 11
cat_threshold=29 24 1 50 11 98 45 1 56 48 36
is_linear=0
shrinkage=0.08


Tree=75
num_leaves=31
num_cat=17
split_feature=47 0 37 36 38 41 41 1 41 37 38 7 32 16 1 42 22 39 42 38 19 13 17 38 1 36 42 19 41 18
split_gain=1622.93 766.937 759.457 621.353 602.974 653.101 629.608 582.668 509.152 894.576 647.904 862.437 721.916 904.106 602.094 496.256 432.965 1794.89 494.819 426.041 421.837 468.045 733.816 394.172 547.109 388.107 467.858 402.301 404.169 386.982
threshold=0 1.5000000000000002 1 2 3 4 5 1.0000000180025095e-35 6 7 8 1159.8650512695315 -3.564999938011169 1.0000000180025095e-35 2.5000000000000004 9 1.5000000000000002 10 11 12 1524.8250122070315 1263.049987792969 11.500000000000002 13 3.5000000000000004 14 15 442.84999084472662 16 4004.474975585938
decision_type=1 2 1 9 1 9 9 2 9 1 1 2 10 2 2 9 2 9 9 1 2 2 2 1 2 9 9 2 9 2
left_child=1 3 8 29 5 25 -6 -2 9 10 11 -3 13 -13 -11 20 18 -18 -12 -9 21 23 -23 -16 -25 26 27 28 -4 -1
right_child=7 2 4 -5 6 -7 -8 19 -10 14 16 12 -14 -15 15 -17 17 -19 -20 -21 -22 22 -24 24 -26 -27 -28 -29 -30 -31
leaf_value=-0.00038641337119573859 0.0025916016188837565 -0.04115657479181184 0.19729930946474294 -0.029811369499835916 -0.0089259730150596048 -0.027290656828744781 -0.039054851038243694 0.0012587393387888377 -4.1102317209145155e-05 -0.03332241182912031 -0.040026354824786649 -0.085415280868203325 0.026322905038695769 0.85303981873846779 0.16336012522694468 -0.012923260598556587 0.10220863217812808 1.4279643962978992 0.11852120276193664 0.015453540329043995 -0.088569113816156342 0.99698950947985665 -0.090644487177920841 -0.025491732766993326 0.15863802806091906 -0.076956806826893348 0.025766955146081121 -0.058023787280209058 -0.0099995052308918669 0.024315548005300561
leaf_weight=76905.065693017561 260117.81090593012 642.39218854298815 311.59710326045752 4431.8577666729689 6710.0994280995801 1499.702946504578 13228.45060476684 19490.585181748495 30139.912435669918 10599.99969290616 165.68646062724292 9.6892142407596129 37.959696966223419 20.409390836022794 206.72211677208543 2061.135746974498 36.833647958934307 7.9455061275511971 504.87974741589278 44336.787385675125 104.52690375875682 8.8774681650102156 7.1819443330168715 331.77776550874114 149.95689887367189 137.63608100265265 870.70190981589258 63.505587551742792 81.754027046263218 4285.0533333849162
leaf_count=1109324 1039330 12406 1472 48551 180885 10590 214915 36929 778290 212142 4076 245 701 171 1165 41576 561 133 8028 71985 2386 85 161 6900 1512 1038 4596 517 362 70095
internal_value=0.00106116 -0.00571284 -0.0120597 -0.000676714 -0.0239174 0.00974123 -0.0289249 0.00427227 -0.00602275 -0.0181176 0.0419598 -0.0122937 0.258332 0.550936 -0.0245031 0.00798246 0.0952687 0.337448 0.0805171 0.0111216 0.0606524 0.0836528 0.510588 0.0736938 0.0311779 0.0475734 0.060963 0.126053 0.158976 0.000917194
internal_weight=477506 153561 67939.3 85622 22903.4 2964.9 19938.6 323945 45035.9 14896 1425.8 710.45 68.0583 30.0986 13470.2 2870.18 715.345 44.7792 670.566 63827.4 809.043 704.516 16.0594 688.457 481.735 1465.19 1327.56 456.857 393.351 81190.1
internal_count=3861127 2712883 1484913 1227970 414375 18575 395800 1148244 1070538 292248 26321 13523 1117 416 265927 53785 12798 694 12104 108914 12209 9823 246 9577 8412 7985 6947 2351 1834 1179419
cat_boundaries=0 1 2 3 4 5 6 7 8 9 10 11 12 13 14 15 16 17
cat_threshold=4 105 226 641 50 21 3 72 368 33 1 8 385 66 201 34 34
is_linear=0
shrinkage=0.08


Tree=76
num_leaves=31
num_cat=15
split_feature=47 2 41 43 46 31 32 42 38 45 3 3 38 7 41 2 32 46 3 38 38 19 19 12 38 4 32 38 45 4
split_gain=1247.18 573.071 673.127 776.857 560.383 535.789 577.485 555.206 739.14 481.702 480.517 447.308 410.232 432.944 757.342 405.794 529.472 582.377 677.544 464.87 375.251 555.672 485.31 738.888 370.762 724.88 359.31 352.447 345.204 343.664
threshold=0 inf 1 2 3 1.0000000180025095e-35 2.9050000905990605 4 5 6 177.68499755859378 488.14500427246099 7 22.750001907348636 8 inf -4.7249999046325675 9 117.70999908447267 10 11 599.37500000000011 815.37500000000011 1029.4000244140627 12 1.0000000180025095e-35 4.9949998855590829 13 14 13.500000000000002
decision_type=1 8 9 9 1 10 10 9 1 9 10 10 1 2 9 8 10 1 10 1 1 2 2 2 1 8 10 1 9 8
left_child=15 4 3 -3 5 6 12 8 29 -7 20 -12 13 14 -2 16 17 -1 27 -17 21 -10 23 -23 25 -18 -13 -19 -6 -8
right_child=1 2 -4 -5 28 9 7 -9 10 -11 11 26 -14 -15 -16 19 24 18 -20 -21 -22 22 -24 -25 -26 -27 -28 -29 -30 -31
leaf_value=0.0016003008031248518 -0.02106959738026707 0.060564105501268409 -0.045429510825019274 -0.036321877087625958 -0.039415830975065042 -0.073476380602550892 0.0053066229464267404 -0.022906497635014282 0.017833618286687808 0.027398653404783611 -0.023069535789608474 0.049433975411261211 -0.0035460753746988337 0.014753494011393477 0.0080477387450582326 0.0055338449299072471 -0.034021295355544705 -0.015750775718751667 0.012343418323124591 0.041362090273993027 0.013068708883090314 0.11074678355691711 0.16388236460209943 0.97252846790448388 0.0094780387926382513 0.011107671036200277 -0.0053418864629397357 -0.070733263714954434 0.018681865613088853 0.042902731566806747
leaf_weight=78791.967261776328 8425.2248511519283 1008.1957413963974 4113.3722771662287 1094.8779389676638 688.28294196538627 312.5205444036983 4577.2565973419696 17053.664354435401 132.82037075981498 5248.3512706160545 14599.564488250762 870.94605545257218 145664.8701908465 18116.951745100319 17731.566365879029 5109.5099871717393 3804.6459605116397 1260.2771292943507 1811.8675530571491 4249.8447792707011 1717.7329872571863 11.991736359894277 73.766241552308202 13.576164999976752 112016.69110039435 5676.5477352105081 6386.5484000095166 1894.1105905920267 10797.934442761354 2357.5237882044166
leaf_count=118574 74770 1262 28037 4816 3006 2385 38343 251143 2129 17943 305857 34590 2213296 136195 112375 10382 7752 2209 2496 7441 17300 194 792 50 167061 9207 239127 4892 32796 13693
internal_value=0.00104435 -0.00267049 -0.0266692 0.0101913 -0.00208494 -0.00290015 -0.00347433 -0.0113344 -0.0049059 0.0216466 -0.0116009 -0.0150005 -0.00149645 0.00524664 -0.00133607 0.00556203 0.0048192 -7.44562e-05 -0.0266453 0.0218526 0.0264467 0.119712 0.267987 0.56834 0.0081928 -0.00699446 0.00123157 -0.0490402 0.0151825 0.0180616
internal_weight=475613 260998 6216.45 2103.07 254781 243295 237734 47795.4 30741.7 5560.87 23806.9 21857.1 189939 44273.7 26156.8 214615 205256 83758.2 4966.26 9359.35 1949.89 232.155 99.3341 25.5679 121498 9481.19 7257.49 3154.39 11486.2 6934.78
internal_count=3860113 3530099 34115 6078 3495984 3460182 3439854 903218 652075 20328 600039 579574 2536636 323340 187145 330014 312191 128171 9597 17823 20465 3165 1036 244 184020 16959 273717 7101 35802 52036
cat_boundaries=0 1 2 3 4 5 6 7 8 9 10 11 12 13 14 15
cat_threshold=2 16 4 1 25 531 32 704 38 1 643 4 641 649 32
is_linear=0
shrinkage=0.08


Tree=77
num_leaves=31
num_cat=15
split_feature=47 38 45 34 36 35 2 12 37 35 2 38 3 1 40 16 3 22 37 38 34 3 19 12 34 19 12 45 14 7
split_gain=1169.82 622.648 631.745 549.759 617.054 485.102 436.136 364.425 355.643 1103.58 560.709 461.346 431.565 425.205 488.536 638.643 417.09 426.627 400.172 745.937 822.089 509.117 676.09 1598.24 521.946 460.86 872.493 458.179 924.99 1273.94
threshold=0 1 2 3 4 5 2.5000000000000004 670.02499389648449 6 7 2.5000000000000004 8 393.00500488281256 3.5000000000000004 9 1.0000000180025095e-35 501.13999938964849 4.5000000000000009 10 11 12 655.26000976562511 3349.049926757813 757.80001831054699 13 469.76499938964849 220.00001525878909 14 1.0000000180025095e-35 90.000007629394545
decision_type=1 1 9 1 9 1 10 2 1 1 8 1 10 2 1 2 8 2 1 1 1 10 2 2 1 2 2 9 2 2
left_child=1 2 3 4 -1 7 -4 -2 10 12 13 -11 -10 -3 -15 -16 17 -13 19 20 -18 -22 24 -24 25 26 -23 28 -21 -30
right_child=5 8 6 -5 -6 -7 -8 -9 9 11 -12 16 -14 14 15 -17 18 -19 -20 27 21 22 23 -25 -26 -27 -28 -29 29 -31
leaf_value=0.045063257112695675 0.00059284669515854071 -0.0030142761092124804 -0.073793293563280293 -0.010815358921264546 -0.030942933948356132 0.0085726093665694017 0.3377629736506767 0.010308282922239311 0.004786653780404394 0.014320855988826476 -0.03314458912458694 -0.034450048763060813 -0.060904402183066662 -0.030106006229760052 0.067707854181873084 -0.0664868028889221 0.18055822228525972 0.18021067136809463 -0.025225260046195665 -0.01503994382299928 -0.040629856847084519 -0.084286093711744614 1.2513298994150184 -0.084613000698012572 -0.073436770380673547 -0.084310857724961052 0.9664873085630149 -0.032504952911598078 0.81527923241715483 0.054893014421567889
leaf_weight=5099.7431781180203 194813.27874734718 95007.18251614878 600.45663108304143 2356.8625017479062 784.80792961269617 98205.442202958744 16.944508951157331 28298.842061282136 18009.335707528982 1885.2016442380846 3881.1608868534677 15772.080845057033 663.63456152519211 652.76546620205045 1698.0306371832266 261.98872905783355 309.84735774062574 59.478210663422942 3532.7538009369746 130.44009946170263 326.02861027000472 8.0418279245495849 10.786197298206391 12.229112368077038 67.637346803210676 9.8123416695743781 13.627367907203732 1285.5465735956095 24.000769096659496 34.188412743154913
leaf_count=24858 786883 1857137 6562 13677 4667 233936 142 125771 258922 12136 67963 236206 11938 8774 21111 5409 4641 305 50797 5440 14883 298 64 446 2696 409 140 100770 607 1862
internal_value=0.00114907 -0.00462057 0.0159529 0.0218229 0.0348912 0.00388765 -0.061502 0.00182504 -0.00588997 -0.0120662 -0.00332396 -0.0236064 0.00245069 -0.0021387 0.0296993 0.0495179 -0.0269223 -0.0336436 -0.00851098 0.0179742 0.0819404 0.011306 0.150871 0.541481 0.0601716 0.281223 0.576526 -0.0152472 0.0980833 0.368523
internal_weight=473832 152515 8858.81 8241.41 5884.55 321318 617.401 223112 143656 42154.7 101501 23481.7 18673 97620 2612.78 1960.02 21596.5 15831.6 5764.94 2232.19 758.01 448.163 122.134 23.0153 99.1189 31.4815 21.6692 1474.18 188.629 58.1892
internal_count=3859450 2712860 49906 43202 29525 1146590 6704 912654 2662954 702560 1960394 431700 270860 1892431 35294 26520 419564 236511 183053 132256 23577 18936 4053 510 3543 847 438 108679 7909 2469
cat_boundaries=0 1 2 3 4 5 6 7 8 9 10 11 12 13 14 15
cat_threshold=4 129 13 102 208 32 105 32 512 4 16 256 12 64 2
is_linear=0
shrinkage=0.08


Tree=78
num_leaves=31
num_cat=13
split_feature=47 37 18 11 41 7 17 45 36 41 6 39 17 6 7 17 19 18 32 19 37 34 40 3 10 34 41 43 6 3
split_gain=1017.63 566.356 638.061 695.91 827.844 683.993 617.965 605.49 582.531 557.24 521.754 438.442 637.779 416.03 474.064 387.414 532.035 562.599 568.103 433.789 514.278 468.244 451.925 402.642 387.121 809.624 495.016 441.169 407.327 378.308
threshold=0 1 1399.299987792969 31.500000000000004 2 4571.6250000000009 33.500000000000007 3 4 5 627.79998779296886 6 23.500000000000004 482.02499389648443 484.22499084472662 5.5000000000000009 70.049999237060561 32.049999237060554 -5.2149999141693106 108.27500152587892 7 8 9 610.74499511718761 1.0000000180025095e-35 10 11 12 19472.326171875004 778.97000122070324
decision_type=1 1 2 2 9 2 2 9 9 9 2 9 2 2 2 2 2 2 8 2 1 1 1 8 2 1 9 9 2 8
left_child=-1 2 5 -4 7 13 8 -5 10 -10 15 12 -11 14 29 16 23 18 -18 20 -20 -22 -21 -3 27 26 28 -12 -26 -2
right_child=1 6 3 4 -6 -7 -8 -9 9 11 24 -13 -14 -15 -16 -17 17 -19 19 22 21 -23 -24 -25 25 -27 -28 -29 -30 -31
leaf_value=0.004780617898039863 -0.0073012987686423116 -0.0022032738069270082 -0.034804777864394641 0.27935299300709621 -0.009069215945554392 0.16932759223043573 -0.033150141346801408 -0.078991632954265673 -0.030302477609229005 0.037584902002392048 -0.0077190878690433012 -0.0049287550910596407 0.30526058798426309 0.016409225275540881 -0.049964059091520296 -0.0084659783244055726 0.26134782321947342 0.0085768729144035175 0.38847546858990634 0.35978665227905138 0.13000652413512614 -0.0044806616742547661 0.001766870616644587 0.029211179116678067 0.13114311205097434 0.004788031098574899 0.029030716551816802 0.019474660605177583 -0.091733085426473196 0.046029823672640212
leaf_weight=212942.53484383784 67485.161993941758 76322.815689780284 8018.074319827836 132.15981035400182 392.30412696837448 142.56040618778206 3547.8017556874547 38.773507142439485 7281.339631697163 493.16090325824916 6360.0181626197882 7794.0425145532936 64.408352021127939 4922.0580521877855 1654.6979261869565 26138.647565622348 81.520863607525826 29500.766922351904 26.871831499040127 13.120741318911314 396.2559056058526 287.61702779121697 957.57194143999368 2703.6993061299436 887.86338724568486 2245.8698561745696 765.36133384378627 9533.0732913105749 55.777153481263667 862.13792827865109
leaf_count=330471 750077 848027 151941 422 9097 853 91549 495 79755 3539 136120 64965 240 54291 31013 526568 619 454199 138 45 3704 4386 11205 48949 16716 40927 12152 178775 1205 8076
internal_value=0.000683308 -0.00268401 -0.00810049 -0.0287667 0.0571899 -0.00573909 -0.000101287 0.198195 0.000580755 -0.0141382 0.00205392 -2.60944e-05 0.0685058 -0.0060722 -0.00765293 0.000290942 0.00236632 0.0112003 0.0551003 0.0451009 0.0925877 0.0741957 0.0103309 -0.0011285 0.0141732 0.0365703 0.0778532 0.0085998 0.116732 -0.00662858
internal_weight=472048 259106 83647.9 8581.31 563.237 75066.6 175458 170.933 171910 15633 156277 8351.61 557.569 74924.1 70002 136429 110290 31263.7 1762.96 1681.44 710.745 683.873 970.693 79026.5 19848 3954.87 1709 15893.1 943.641 68347.3
internal_count=3860519 3530048 1006265 161955 10014 844310 2523783 917 2432234 148499 2283735 68744 3779 843457 789166 1897840 1371272 474296 20097 19478 8228 8090 11250 896976 385895 71000 30073 314895 17921 758153
cat_boundaries=0 1 2 3 4 5 6 7 8 9 10 11 12 13
cat_threshold=2 20 3 4 178 34 2 2 6 8 82 34 38
is_linear=0
shrinkage=0.08


Tree=79
num_leaves=31
num_cat=19
split_feature=47 38 45 41 37 40 34 38 47 41 24 37 38 4 42 18 3 35 38 2 3 7 35 42 38 45 3 11 6 6
split_gain=729.372 543.291 596.4 455.339 447.889 704.374 352.715 353.69 435.968 495.769 608.942 507.738 446.934 425.146 485.405 462.151 372.205 349.108 536.81 343.258 316.165 404.246 313.255 659.883 1080.95 902.903 714.226 509.946 939.304 1400.18
threshold=0 1 2 3 4 5 6 7 8 9 2.5000000000000004 10 11 10.500000000000002 12 601.02499389648449 157.64499664306643 13 14 1.0000000180025095e-35 448.10499572753912 196.00001525878909 15 16 17 18 251.86499786376956 9.5000000000000018 1581.799987792969 2554.234985351563
decision_type=1 1 9 9 1 1 1 1 1 9 2 1 1 8 9 2 8 1 1 8 8 2 1 9 1 9 8 2 2 2
left_child=1 2 3 4 5 -1 7 -2 9 10 12 17 16 15 -15 -13 -9 18 -11 -16 -6 -22 -3 24 26 27 -24 28 -26 -30
right_child=6 22 -4 -5 20 -7 -8 8 -10 11 -12 13 -14 14 19 -17 -18 -19 -20 -21 21 -23 23 -25 25 -27 -28 -29 29 -31
leaf_value=0.031946929370476849 0.01047133616226369 -0.0013243181721618383 -0.062114764631600358 0.041268996609113907 -0.057131025652061414 -0.076338816215610797 0.00077645255964293937 -0.053026865249554619 0.0067630525095468443 0.057192255664578931 0.20998702533708621 0.029704296944847729 -0.041000084719335798 -0.062032333220294625 0.0049321418474080128 -0.060594724881208047 -0.0013444291121019064 0.0061180626790560515 -0.040674053519664542 -0.098226221236516836 -0.057700594698727833 0.20579399102478443 0.24099784867924356 -0.011316713821450938 0.20359884839697193 -0.018666669665206723 0.052756113165115609 -0.032817232467539842 2.0871076246334228 0.26216286311576009
leaf_weight=3006.1393668167293 66251.310206179041 79939.372027133591 581.26228205859661 3854.6626769192517 964.01942167803645 431.35392133146524 169350.36157805193 1026.811845828779 55536.317514938302 2095.2721516415477 74.587103167548776 1925.1535106161609 4007.5941032413393 1715.105445840396 2026.4534928128123 446.95940488111228 6783.5221361666918 7467.707308428362 427.36197367310524 229.85459327697754 78.143026605248451 71.230556465685368 139.13030634634197 57920.945956086973 90.357254164526239 3148.6465845778584 1771.3464439846575 45.442879776004702 4.4255924648605269 6.8637706497684121
leaf_count=17583 236404 1216388 6700 14443 7433 3078 641791 9552 85229 3877 105 14476 39655 14614 11160 4860 42435 40244 1107 1702 568 290 570 1315690 2385 103110 22923 2582 153 190
internal_value=0.00110768 -0.00345276 0.015617 0.0210597 0.00388926 0.0181767 0.00327896 0.00610358 0.0026481 -0.00544725 -0.0178641 0.00360207 -0.0193173 -0.0140856 -0.030114 0.0126899 -0.00812863 0.014836 0.0405175 -0.0055522 -0.0399909 0.0679499 -0.0046514 -0.00886369 0.0183964 -0.00938368 0.0661187 0.17787 0.28956 0.977567
internal_weight=471418 152053 8986.81 8405.55 4550.89 3437.49 319364 150014 83762.7 28226.4 11892.5 16333.9 11817.9 6343.53 3971.41 2372.11 7810.33 9990.34 2522.63 2256.31 1113.39 149.374 143067 63127.2 5206.21 3295.74 1910.48 147.089 101.647 11.2894
internal_count=3861297 2714086 50095 43395 28952 20661 1147211 505420 269016 183787 91747 92040 91642 46812 27476 19336 51987 45228 4984 12862 8291 858 2663991 1447603 131913 108420 23493 5310 2728 343
cat_boundaries=0 1 2 3 4 5 6 7 8 9 10 11 12 13 14 15 16 17 18 19
cat_threshold=4 129 13 35 29 2 28 570 1 50 99 448 48 9 324 48 1 30 2
is_linear=0
shrinkage=0.08


Tree=80
num_leaves=31
num_cat=15
split_feature=47 2 43 40 1 38 42 45 19 43 17 49 36 4 40 38 36 11 41 3 19 4 3 6 3 38 11 15 38 3
split_gain=664.729 456.14 467.406 499.688 414.702 413.546 439.084 574.519 564.037 479.959 516.026 462.516 456.573 412.04 500.518 607.495 365.852 486.803 557.619 718.538 855.191 649.541 539.54 498.045 445.454 563.254 444.963 438.243 643.04 988.797
threshold=0 inf 1 2 4.5000000000000009 3 4 5 1775.0750122070315 6 8.5000000000000018 7 8 67.500000000000014 9 10 11 14.500000000000002 12 369.56500244140631 1031.174987792969 4.5000000000000009 460.75000000000006 1136.0150146484377 110.8050003051758 13 1.0000000180025095e-35 1.0000000180025095e-35 14 328.69000244140631
decision_type=1 8 9 1 2 1 9 9 2 9 2 9 9 10 1 1 9 2 9 8 2 10 10 2 10 1 2 2 1 10
left_child=-1 5 4 -4 -3 -2 9 8 -8 10 12 -9 -7 -13 15 -15 17 27 19 -19 21 22 -21 -24 25 -18 -27 -11 29 -29
right_child=1 2 3 -5 -6 6 7 11 -10 16 -12 13 -14 14 -16 -17 24 18 -20 20 -22 -23 23 -25 -26 26 -28 28 -30 -31
leaf_value=0.0040487157974581746 0.0088189030923000542 -0.059155495152773407 0.037139763695806606 -0.025567463277576571 0.21037316737053005 -0.072276930950323129 0.0025828119158221681 0.22801858098613498 -0.026335319596482491 0.005674752657261372 -0.03057872691569833 -0.0090489808039553518 0.0062756220301887974 -0.049026981494292826 -0.063952370984760504 0.1715838211477555 0.10263204434851023 -0.058638460241040961 0.014488912890103525 0.49232490043247562 0.066606028779349194 -0.099804178614630812 0.30543532620875541 0.0012676805825733006 -0.023783565154599968 0.058119323061036961 -0.10040004334667399 0.31826594785173767 0.022586574935318206 -0.03595423421893542
leaf_weight=211124.18073578738 22690.318667456508 2061.949680932099 1136.8499799082056 2789.4886701777577 37.193733470514417 491.6144328340888 69625.192119548563 52.868346093222499 4601.9675941527821 33654.472736365627 4820.720819926355 97491.386116818525 8459.0762053190265 111.00310754077509 144.20871901139617 272.16766298655421 433.08851186931133 215.26807564217597 2735.5283114472404 57.790559341199696 995.91226296499372 32.617102337069809 105.80019116215408 51.089245894458145 4120.0237306281924 217.40733436308801 236.72869425266981 136.30775735573843 696.41953069902956 80.059153756126761
leaf_count=330427 122046 14524 2471 16869 68 7138 971375 255 115230 348241 164903 1459880 196744 1352 1240 2140 1998 3256 33373 430 16531 400 1300 1005 34898 880 1754 1342 5489 1918
internal_value=0.000718143 -0.00200146 -0.0237546 -0.0073627 -0.054122 -0.00148241 -0.00249966 -0.0045203 0.000789827 0.00355071 -0.00947058 -0.00853903 0.0018874 -0.00866749 0.0618548 0.108052 0.00764898 0.0102784 0.0360197 0.075784 0.0996695 0.232822 0.283359 0.206387 -0.0126854 0.0387084 -0.0239844 0.00715822 0.0618537 0.178929
internal_weight=469679 258555 6025.48 3926.34 2099.14 252529 229839 172299 74227.2 57539.9 13771.4 98071.6 8950.69 98018.8 527.379 383.171 43768.5 38761.3 4194.01 1458.48 1243.21 247.297 214.68 156.889 5007.25 887.225 454.136 34567.3 912.786 216.367
internal_count=3859477 3529050 33932 19340 14592 3495118 3373072 2551472 1086605 821600 368785 1464867 203882 1464612 4732 3492 452815 413285 56295 22922 19666 3135 2735 2305 39530 4632 2634 356990 8749 3260
cat_boundaries=0 1 2 3 4 5 6 7 8 9 10 11 12 13 14 15
cat_threshold=2 40 8 640 17 12 35 2 105 2 35 232 32 258 37
is_linear=0
shrinkage=0.08


Tree=81
num_leaves=31
num_cat=15
split_feature=47 40 1 38 38 17 23 36 34 26 37 38 34 34 8 23 34 36 10 13 13 37 4 40 38 3 7 13 7 12
split_gain=632.965 433.44 415.035 413.427 392.855 513.529 534.175 472.31 557.866 676.719 1346.97 551.552 559.157 510.512 516.905 453.37 447.87 624.241 703.589 478.194 839.235 463.353 432.075 722.083 514.299 426.578 422.672 394.039 390.521 405.84
threshold=0 1 1.0000000180025095e-35 2 3 2.5000000000000004 10.500000000000002 4 5 8.2500000000000018 6 7 8 9 12.500000000000002 1.5000000000000002 10 11 1.0000000180025095e-35 660.02499389648449 679.54998779296886 12 37.500000000000007 13 14 778.97000122070324 30.00000095367432 1.0000000180025095e-35 1000.0000305175782 227.254997253418
decision_type=1 1 2 1 1 2 2 9 1 10 1 1 1 1 2 2 1 9 2 2 2 1 8 1 1 8 2 2 2 2
left_child=1 3 -2 -1 5 6 16 8 9 -6 28 12 -10 14 -9 -14 19 18 -18 -3 -21 27 26 24 -24 -13 -15 -19 29 -11
right_child=2 4 -4 -5 7 -7 -8 13 11 10 -12 25 15 22 -16 -17 17 21 -20 20 -22 -23 23 -25 -26 -27 -28 -29 -30 -31
leaf_value=0.046395306713093686 0.0012158321428963293 0.012963207503241559 0.008518575347264289 -0.027627238550640715 0.0090588344553013331 -0.019316802866051482 0.37612755004109316 -0.043425360457313503 -0.04946751922090669 0.062795088859554454 -0.07790533060939496 -0.0055630965404322554 0.02330015847709567 -0.032465831528934799 0.46007487171740985 0.11625222022389015 0.1043469950832851 0.029101145282076954 0.75796635899569553 1.049011839299933 0.11313847788102384 -0.025903003332504872 0.34558532976579892 0.0075187738096314993 0.070334163850437725 0.056826864470562656 0.00013185928583965784 -0.03430438498828875 -0.091851383483226301 0.22403121234238987
leaf_weight=511.18949714303017 255654.75429970212 5913.4606061726809 61858.751326217316 6920.8231098726392 28876.664031436201 18265.71081114281 24.177005332894623 3180.7117174798623 633.22158007696271 140.93457874748856 222.41098291520029 55562.558765898924 4847.0779302455485 4678.1880599688739 13.103172707371412 360.82571046054363 145.37706425413489 2276.1508256704547 11.364129153080283 6.3639870616607359 168.50510969944298 6391.8932850048877 57.459590006619692 3922.676025506109 174.44979591667652 710.33952377829701 5584.7622064342722 865.92591551225632 37.20829451456666 343.23196573322639
leaf_count=1933 1037774 159586 108705 87358 421497 779247 467 41193 4789 1413 3732 764767 25728 53303 72 1397 1910 46541 46 160 3979 185955 116 33136 859 5325 62165 22981 709 3371
internal_value=0.000611463 -0.00365534 0.00263857 -0.0224803 -0.00267804 -0.010178 0.000378399 -0.000340564 0.00196352 0.0109958 0.0863434 -0.00234479 0.0210329 -0.0123364 -0.0412306 0.0296833 -0.000197332 -0.0108767 0.142636 0.0167911 0.147198 -0.0135473 -0.0059116 0.0158512 0.149999 -0.00477469 -0.0147272 0.0115903 0.154932 0.177097
internal_weight=468360 150847 317514 7432.01 143415 34068.9 15803.2 109346 91734.5 29620.4 743.786 62114 5841.13 17611.4 3193.81 5207.9 15779 9690.71 156.741 6088.33 174.869 9533.97 14417.5 4154.59 231.909 56272.9 10263 3142.08 521.375 484.167
internal_count=3860214 2713735 1146479 89291 2624444 1200872 421625 1423572 1232728 430722 9225 802006 31914 190844 41265 27125 421158 257433 1956 163725 4139 255477 149579 34111 975 770092 115468 69522 5493 4784
cat_boundaries=0 1 2 3 4 5 6 7 8 9 10 11 12 13 14 15
cat_threshold=4 1 512 40 224 88 15 129 1 48 42 34 36 8 16
is_linear=0
shrinkage=0.08


Tree=82
num_leaves=31
num_cat=18
split_feature=44 46 45 37 33 1 41 13 18 34 37 1 37 4 44 46 34 21 10 11 18 34 45 41 37 37 34 34 7 7
split_gain=439.354 622.9 553.819 450.743 366.979 320.908 450.656 473.567 405.418 400.071 390.629 316.218 430.676 984.017 358.864 669.409 454.49 410.089 300.373 293.388 901.259 290.833 285.334 496.304 421.731 363.805 354.182 327.796 382.955 332.239
threshold=0 1 2 3 1.0000000180025095e-35 1.5000000000000002 4 4207.1250000000009 835.42498779296886 5 6 3.5000000000000004 7 14.500000000000002 8 9 10 3.5000000000000004 1.0000000180025095e-35 9.5000000000000018 1594.0250244140627 11 12 13 14 15 16 17 2499.5749511718755 817.72497558593761
decision_type=9 1 9 1 2 2 9 2 2 1 1 2 1 10 9 1 1 2 2 2 2 1 9 9 1 1 1 1 2 2
left_child=1 5 -3 -4 11 6 -1 -8 -7 18 -10 14 13 19 15 -2 -16 -18 -9 -13 -21 -12 25 -24 26 -6 -25 29 -29 -27
right_child=4 2 3 -5 22 8 7 9 10 -11 21 12 -14 -15 16 -17 17 -19 -20 20 -22 -23 23 24 -26 27 -28 28 -30 -31
leaf_value=-0.01384198502651432 -0.0010007012375690386 -0.059138412882501379 -0.034998758133751119 0.0073232813956926861 0.065199037270817967 0.038457967388546989 0.010945698395850183 0.21086288703508274 0.1639229730522406 -0.077478801932437932 0.17320630950830751 -0.021178862819585812 0.015508999401632518 0.87960513904771542 0.0027790273093942055 0.021559326855818434 -0.054003649829963703 0.35650201589654013 -0.065809671491668956 1.1654651161608103 -0.063381782586966598 -0.02913311434578264 0.095841480451086161 0.059087605847578377 -0.064614666280026573 0.063354725996576683 -0.029305192286531535 -0.033205563398508747 0.17697241216930781 0.40265146719117445
leaf_weight=5030.3529771845788 388944.50650771707 1315.4162786211818 2153.8867335766554 6290.4229224752635 1505.8314966484904 4967.0471633207053 34805.013666395098 179.21217451617122 66.959536600857973 52.097146251238883 37.456930024549365 41.332236363552511 5652.4986063060351 12.344910543411968 2012.5958521238063 8603.8830614257604 2046.9915628680028 15.694106347858904 29.206320530734956 5.952249642461541 10.6616617385298 1221.1302976105362 291.79741530586034 567.68125383136794 674.17708182777278 86.939359865617007 575.05581271322444 741.75492002116516 59.967718835454434 23.452679296955466
leaf_count=30334 3474868 4328 4273 10861 12081 17230 159189 561 147 755 254 492 47519 26 12108 18044 22490 8 301 59 218 6150 1590 5372 13537 1277 6381 8460 556 248
internal_value=0.000668236 0.00730686 -0.0110635 -0.00350041 -0.000236768 0.0111718 0.00853585 0.0117467 0.027968 0.119209 -0.0113398 -0.000488499 0.0181842 0.202322 -0.000754568 -0.000512449 -0.0243736 -0.0506348 0.164213 0.0929486 0.376876 -0.0217934 0.022416 0.000804954 -0.014899 0.04109 0.0147376 0.00101237 -0.0172691 0.124188
internal_weight=468021 56148.2 9759.73 8444.31 411873 46388.5 40095.9 35065.5 6292.59 260.516 1325.55 407346 5722.79 70.2911 401624 397548 4075.28 2062.69 208.418 57.9461 16.6139 1258.59 4526.66 2108.71 1816.91 2417.95 1142.74 912.115 801.723 110.392
internal_count=3859717 234383 19462 15134 3625334 214921 191140 160806 23781 1617 6551 3575832 48314 795 3527518 3492912 34606 22498 862 769 277 6404 49502 26880 25290 22622 11753 10541 9016 1525
cat_boundaries=0 1 2 3 4 5 6 7 8 9 10 11 12 13 14 15 16 17 18
cat_threshold=1 1 32 4 32 52 2 64 2 1 99 32 9 1 36 13 50 65
is_linear=0
shrinkage=0.08


Tree=83
num_leaves=31
num_cat=15
split_feature=47 44 37 3 45 3 18 19 43 19 11 3 6 45 38 40 38 3 44 34 6 3 17 18 19 17 38 38 47 41
split_gain=768.962 509.472 753.228 654.943 531.284 561.183 528.326 669.653 867.882 799.387 1718.95 641.132 819.237 516.506 482.327 476.802 721.371 498.123 475.777 469.669 442.913 651.094 592.671 848.9 1269.13 576.37 622.219 492.155 448.651 444.003
threshold=0 1 2 258.66000366210943 3 24.564999580383304 42471.949218750007 18.774999618530277 4 1.0000000180025095e-35 1.0000000180025095e-35 622.82498168945324 85.000030517578139 5 6 7 8 18.964999198913578 9 10 434.00494384765631 72.33499908447267 5.5000000000000009 2993.1750488281255 497.27499389648443 13.500000000000002 11 12 13 14
decision_type=1 9 1 10 9 8 2 2 9 2 2 10 2 9 1 1 1 10 9 1 2 10 2 2 2 2 1 1 1 9
left_child=-1 -2 3 -3 5 -4 7 8 11 -10 -11 12 13 -5 18 16 19 -17 -6 -16 22 25 -19 27 29 -22 28 -24 -27 -25
right_child=1 2 4 6 14 -7 -8 -9 9 10 -12 -13 -14 -15 15 17 -18 20 -20 -21 21 -23 23 24 -26 26 -28 -29 -30 -31
leaf_value=0.0036498193512457928 0.0059129384059015714 -0.067812921532053899 0.15700006284477311 0.24882363453934581 -0.0091543231621729736 -0.041837004686421854 0.15699211053450043 -0.045475022093172779 -0.013446392827272856 2.1073407881179196 0.19436090944760309 0.45935458741697799 0.96386716588428201 -0.05137936320043654 0.10563683630969362 0.051760822072239573 -0.049213551483628652 -0.00032989565205498523 -0.075397905897088627 -0.04289355473413177 0.032155780982071155 0.0052185745516235551 0.0018370485364240332 0.20128087263063874 0.0018065133593868534 0.34516199535840514 0.0091429024120965926 -0.028552741932183347 0.11508691779530715 0.037205461263289837
leaf_weight=209933.88733034953 36262.40680814255 2160.3987577888183 93.585119295865297 49.863645633682609 47315.552670434583 3100.0110914735124 114.86599057400599 2081.7245565513149 1049.183300155215 3.2928428887389591 34.53741610981524 43.637216985225677 6.8634548136033109 91.101567181292921 352.67465654015541 1163.284698901698 2628.8070776239038 110799.50855398178 704.22662269277498 214.06133727729321 1432.6286799199879 25497.611708959099 4507.0916570629925 298.73068327503279 2516.6346279648133 114.68421686068177 147.71514033339918 14076.114354191814 102.925821647048 186.7348099052906
leaf_count=329997 202257 114184 480 1012 1265206 73422 3002 167675 56430 175 2043 776 188 3020 879 2403 26718 1030709 14744 964 10117 282909 34142 2927 33451 379 1312 195856 253 2191
internal_value=5.73153e-05 -0.00287555 -0.00431833 -0.0331648 -0.0035614 -0.0358979 -0.01172 -0.0174873 0.0280845 -0.000415551 0.360872 0.180484 0.110374 0.0688181 -0.00307274 -0.0010082 -0.0315591 -0.000399312 -0.0101237 0.0497646 -0.000779328 0.00849957 -0.00269248 -0.0148199 0.0246519 0.0550288 0.144726 -0.0211965 0.225957 0.143082
internal_weight=467084 257150 220888 5635.47 215253 3193.6 3475.07 3360.2 1278.48 1087.01 37.8303 191.466 147.829 140.965 212059 164039 3195.54 160844 48019.8 566.736 159680 27295.6 132385 21585.3 3002.1 1797.95 365.325 18583.2 217.61 485.465
internal_count=3859821 3529824 3327567 348505 2979062 73902 234321 231319 63644 58648 2218 4996 4220 4032 2905160 1625210 28561 1596649 1279950 1843 1594246 294970 1299276 268567 38569 12061 1944 229998 632 5118
cat_boundaries=0 1 2 3 4 5 6 7 8 9 10 11 12 13 14 15
cat_threshold=2 1 16 2 4 1 36 1 512 2 77 208 657 4 6
is_linear=0
shrinkage=0.08


Tree=84
num_leaves=31
num_cat=16
split_feature=33 38 18 36 3 36 42 1 38 19 19 4 42 4 45 34 18 40 45 42 38 38 39 4 43 22 36 13 21 3
split_gain=372.694 355.111 427.603 639.764 416.457 448.32 410.738 344.784 515.913 333.767 549.212 366.056 327.582 309.986 295.44 285.587 268.342 261.032 258.921 231.442 378.701 377.642 465.954 613.907 413.681 338.235 318.106 281.477 258.852 393.332
threshold=1.0000000180025095e-35 0 1998.6499633789065 1 209.22499847412112 2 3 2.5000000000000004 4 2909.974975585938 4341.8500976562509 59.500000000000007 5 74.000000000000014 6 7 16216.955078125002 8 9 10 11 12 13 56.500000000000007 14 7.5000000000000009 15 106.26499938964845 1.0000000180025095e-35 102.64500045776369
decision_type=2 1 2 9 8 9 9 2 1 2 2 10 9 10 9 1 2 1 9 9 1 1 9 10 9 2 9 2 2 8
left_child=7 2 3 14 -4 6 -6 13 12 11 16 -8 18 19 -2 -5 -11 -3 -9 21 -21 22 23 24 -1 -23 -24 -26 -22 -30
right_child=1 17 4 15 5 -7 9 8 -10 10 -12 -13 -14 -15 -16 -17 -18 -19 -20 20 28 25 26 -25 27 -27 -28 -29 29 -31
leaf_value=-0.0082511958956631888 0.012618714522592814 0.052946079765927731 0.16945454771549309 0.025993605195523527 -0.043977422971471392 -0.065544199435146264 0.046454769721615004 -0.023576976255242854 0.0019981853339007577 0.41301428663050516 0.056159316445195104 0.36579369457510064 0.042748066064550658 0.28686365032879702 0.22861303437280214 -0.040681232477209478 0.11750549619155211 -0.01619031804448913 0.024633518132041489 0.0079740817348165904 -0.00076976428144294646 -0.0063728601952848041 -0.012476682991814203 0.43735605306405717 0.0067782479694897535 0.36751138986302445 0.0018619433401584307 0.066412964222558657 -0.053596898418202636 0.020805457812713674
leaf_weight=1398.5767369614914 72.647485507652164 423.40946547547355 252.21448155585676 1080.3037985954434 135.18300372827798 162.07295882422477 339.99192448705435 1077.291125779273 18018.025434059557 70.458115888293833 89.399860971607268 24.638094797730446 3961.2194213313051 24.034811973571777 119.08311541751027 650.04730107448995 27.28136957809329 1796.4207304746378 2065.6100465424825 42498.943828852149 211101.90570498467 90046.263839583145 11507.500667861663 23.38562086224556 750.05252905283123 15.48811133764684 70600.42194413254 1560.3255272032693 491.15529548935592 6133.9712837566622
leaf_count=11763 415 2294 884 7717 1608 1721 2647 12089 151954 287 612 44 44242 4 449 5691 80 27540 17172 271240 1875429 800330 64863 53 5016 85 465152 9147 3527 76778
internal_value=0.000334009 0.0215428 0.0393138 0.0166707 0.0791916 0.0523778 0.0799889 9.29356e-05 0.00920621 0.110603 0.199459 0.0680325 0.0274463 -0.000431985 0.151454 0.000855798 0.330531 -0.00282497 0.00808606 -0.000447817 0.00106736 -0.00268926 0.0011076 0.0287528 0.0261765 -0.00630786 -0.000148921 0.0468501 -0.000281087 0.0152896
internal_weight=466517 5243.15 3023.32 1922.08 1101.24 849.025 686.952 461274 25122.1 551.769 187.139 364.63 7104.12 436152 191.731 1730.35 97.7395 2219.83 3142.9 436128 260226 175902 85840.3 3732.34 3708.95 90061.8 82107.9 2310.38 217727 6625.13
internal_count=3860833 51989 22155 14272 7883 6999 5278 3808844 225457 3670 979 2691 73503 3583387 864 13408 367 29834 29261 3583383 2226974 1356409 555994 25979 25926 800415 530015 14163 1955734 80305
cat_boundaries=0 1 2 3 4 5 6 7 8 9 10 11 12 13 14 15 16
cat_threshold=454 40 176 18 688 19 9 106 4 6 48 521 322 2 37 113
is_linear=0
shrinkage=0.08


Tree=85
num_leaves=31
num_cat=11
split_feature=1 38 40 19 12 12 19 13 21 33 2 36 4 38 36 13 37 42 34 4 32 11 4 32 37 34 13 4 6 38
split_gain=292.406 454.144 340.919 318.721 289.113 568.65 304.747 351.017 872.724 288.342 329.323 246.69 233.192 231.706 501.364 284.921 279.258 304.615 266.098 263.607 250.837 240.727 227.446 297.4 222.479 219.828 215.354 214.668 210.337 354.13
threshold=2.5000000000000004 0 1 815.37500000000011 129.29999542236331 131.32499694824222 3108.7500000000005 2716.015014648438 1.0000000180025095e-35 1.0000000180025095e-35 2.5000000000000004 2 74.000000000000014 3 4 1534.924987792969 5 6 7 1.0000000180025095e-35 -65.584999084472642 10.500000000000002 59.500000000000007 15.295000076293947 8 9 2716.015014648438 4.5000000000000009 1078.299987792969 10
decision_type=2 1 1 2 2 2 2 2 2 2 8 9 10 1 9 2 1 9 1 10 8 2 10 8 1 1 2 8 2 1
left_child=9 2 3 -2 11 -6 7 -7 -9 12 13 -4 -1 14 25 -15 18 -18 19 -16 -19 27 23 -22 -23 -11 28 -17 -3 -30
right_child=1 26 4 -5 5 6 -8 8 -10 10 -12 -13 -14 15 16 21 17 20 -20 -21 22 24 -24 -25 -26 -27 -28 -29 29 -31
leaf_value=-6.7768896903986064e-05 0.058314257057155601 0.00080867697894942275 0.19155882444578481 0.26318261013251154 0.65042726135943685 0.03272185676205204 -0.030303119234009721 0.014601569426146077 0.76929117749450726 0.21221859416723601 -0.062546626630683097 -0.014532605013233143 0.2363448834948613 -0.0056974217234301832 0.13166687579269831 0.19608987382685605 -0.064074715053169709 0.21657585903767324 -0.0078557876606801906 -0.043955623328727045 -0.022176150636853565 0.064384642797191319 0.22236660403118649 0.075478105526210551 -0.081121337720967884 0.0228979971481151 -0.036959690605281918 -0.095918983234496727 -0.032541680574037828 0.044575920787652795
leaf_weight=436278.28485778323 1019.7518517780118 15105.676414770074 28.083341314457357 51.032668182626367 9.4077599085867387 3955.3549135455396 512.00758205284365 30.453751277178526 14.464445722755043 150.83996239304543 292.42307814140804 1627.7327012033202 26.704158782958984 1920.1236423749942 398.24572279397398 114.45931111136451 280.32990055344999 43.893502525985241 191.72413962800056 63.407500660046935 558.08823705418035 247.32096991455182 34.441528210416436 310.7091589900665 82.29141779569909 68.90110220015049 855.59692163486034 18.751858381554484 485.43445435725152 1689.4292164035141
leaf_count=3581919 4010 124834 90 132 167 46289 10596 487 92 274 2559 12949 4 23930 1456 1473 2958 231 1513 402 5357 2551 117 1871 2558 420 10125 221 5898 13331
internal_value=0.000641208 0.00899048 0.0259006 0.0674482 0.0186015 0.0291047 0.0278093 0.0352472 0.257625 0.000160704 0.0197108 -0.00996809 -5.32992e-05 0.0250758 0.0443676 0.00785083 0.0305164 0.0077882 0.0724534 0.105265 0.0295052 0.0642283 0.0207411 0.0127481 0.0275497 0.156437 0.00221669 0.154984 0.00415768 0.0274184
internal_weight=466465 25384.4 7248.29 1070.78 6177.5 4521.69 4512.28 4000.27 44.9182 441081 4775.95 1655.82 436305 4483.53 2100.58 2382.95 1880.84 1227.46 653.377 461.653 947.132 462.824 903.239 868.797 329.612 219.741 18136.1 133.211 17280.5 2174.86
internal_count=3858814 229000 74812 4142 70670 57631 57464 46868 579 3629814 47891 13039 3581923 45332 14599 30733 13905 10534 3371 1858 7576 6803 7345 7228 5109 694 154188 1694 144063 19229
cat_boundaries=0 1 2 3 4 5 6 7 8 9 10 11
cat_threshold=688 9 16 206 40 76 18 26 46 20 10
is_linear=0
shrinkage=0.08


Tree=86
num_leaves=31
num_cat=10
split_feature=47 36 41 45 22 37 13 19 34 4 34 12 21 3 3 3 14 45 13 4 43 17 18 3 17 1 3 14 43 3
split_gain=510.207 369.441 438.423 470.738 483.468 442.635 630.277 726.159 414.274 408.457 406.412 379.013 362.292 783.564 360.193 780.128 345.947 314.762 368.415 611.913 506.809 402.714 782.017 1629.26 519.418 487.3 386.38 384.643 636.045 599.094
threshold=0 1 2 3 2.5000000000000004 4 42.50000190734864 944.02499389648449 5 1.0000000180025095e-35 6 22.550000190734867 1.0000000180025095e-35 311.68499755859381 663.13000488281261 165.7600021362305 8.5000000000000018 7 3643.600219726563 44.500000000000007 8 16.500000000000004 23535.780273437504 285.84500122070318 95.500000000000014 2.5000000000000004 806.07000732421886 1.0000000180025095e-35 9 228.55500030517581
decision_type=1 9 9 9 2 1 2 2 1 10 1 2 2 10 10 10 2 9 2 10 9 2 2 10 2 2 8 2 9 8
left_child=1 16 3 12 -5 6 -4 8 14 -6 -7 -10 -3 -14 15 -8 17 18 21 20 -20 22 25 -24 -23 27 -25 -1 29 -29
right_child=-2 2 5 4 9 10 7 -9 11 -11 -12 -13 13 -15 -16 -17 -18 -19 19 -21 -22 24 23 26 -26 -27 -28 28 -30 -31
leaf_value=0.00032206333652754307 0.0022166827412272608 -0.020350027149520448 -0.067596984499135246 -0.071059150869557691 -0.089549696679707524 -0.045493268379088694 0.42689794415499022 -0.086978558791243984 0.37681040504485602 0.42815629502826758 0.010830191642366616 -0.090725456294898713 0.42842386859167036 -0.012039433554218952 0.71851762426021926 -0.088417973208821166 -0.083626685552958255 -0.0038023738297429271 -0.02702546320644144 0.50766819137564601 0.13382593068722562 -0.044766328061760341 1.1647946441938155 -0.089784788348433453 0.24149547630960982 0.052352042891153402 0.57287713462279766 0.31662964208635452 -0.021541963354288457 0.071937962225694915
leaf_weight=15272.685690729879 315805.0435292609 2505.9350947546773 110.55108922347426 1980.8724823649973 16.86386043485254 1228.0502931112424 74.431080188602209 55.137509630993009 15.167831316590307 23.132663518190384 2421.3722623046488 41.346853999421 36.948400374501944 86.042048498988152 14.895477773621677 25.156461609527469 335.33056179923005 121345.94373642118 242.87349238549359 20.017794499639422 248.09938487876207 1350.151914912276 11.475988698191939 25.455396204721183 41.823401367757469 1437.036927067209 7.230983563233166 71.143608679529279 511.00902228197083 641.15303052496165
leaf_count=198034 1146499 32670 1860 27154 291 14734 515 1025 21 93 23777 723 192 1189 56 398 9699 2318396 6126 64 3273 36646 94 792 294 11365 18 469 6795 17317
internal_value=0.000391146 -0.00344723 -0.0195017 -0.0361748 -0.0651765 -1.06075e-05 0.0863845 0.165482 0.246887 0.209874 -0.00819548 0.0295301 -0.0137185 0.120283 0.32336 0.296726 -0.00246628 -0.00227375 0.00705516 0.0741085 0.0564316 0.00528982 0.00849969 0.344731 -0.0361653 0.00767168 0.0568114 0.00377938 0.0469432 0.0950432
internal_weight=466002 150197 8635.9 4649.79 2020.87 3986.11 336.686 226.135 170.998 39.9965 3649.42 56.5147 2628.93 122.99 114.483 99.5875 141561 141226 19880.2 510.991 490.973 19369.2 17977.2 44.1624 1391.98 17933 32.6864 16496 1223.31 712.297
internal_count=3860579 2714080 104698 61589 27538 43109 4598 2738 1713 384 38511 744 34051 1381 969 913 2609382 2599683 281287 9463 9399 271824 234884 904 36940 233980 810 222615 24581 17786
cat_boundaries=0 1 2 3 4 5 6 7 8 9 10
cat_threshold=4 226 7 44 65 28 24 10 13 33
is_linear=0
shrinkage=0.08


Tree=87
num_leaves=31
num_cat=11
split_feature=47 32 37 23 18 32 40 38 4 18 4 3 18 38 16 37 11 18 4 12 1 37 3 18 18 38 18 43 39 38
split_gain=475.14 399.535 672.704 965.111 788.784 493.371 449.655 437.708 373.311 652.677 522.097 488.232 372.702 515.408 494.645 432.586 419.608 430.253 406.456 729.427 366.983 396.852 359.268 413.591 354.568 357.235 350.958 609.236 401.914 541.866
threshold=0 32.144998550415046 1 7.5000000000000009 1013.5499877929689 5.4849998950958261 2 3 5.5000000000000009 835.42498779296886 6.5000000000000009 251.86499786376956 455.77499389648443 4 1.0000000180025095e-35 5 26.500000000000004 4004.474975585938 1.5000000000000002 566.52499389648449 1.0000000180025095e-35 6 184.14499664306643 541.22500610351574 3542.599975585938 7 442.42500305175787 8 9 10
decision_type=1 10 1 2 2 10 1 1 8 2 8 10 2 1 2 1 2 2 8 2 2 1 8 2 2 1 2 9 9 1
left_child=1 5 3 8 -5 6 7 -1 9 -3 -10 -12 26 14 15 18 -16 -18 22 -20 21 -2 -14 -24 -7 -26 -8 28 -28 -30
right_child=20 2 -4 4 -6 24 12 -9 10 -11 11 -13 13 -15 16 -17 17 -19 19 -21 -22 -23 23 -25 25 -27 27 -29 29 -31
leaf_value=-0.0035438070535311443 0.024816385869031152 -0.052631133346334742 -0.0061636391571003035 0.19355280603065411 1.3569876669693954 -0.021063854738243119 0.0015242318078707005 -0.04300189352602337 0.44131388485217621 0.088370800582634537 0.21068859469080267 0.015392836697944268 -0.086161580170002555 -0.014074633611089073 0.023053688492147936 -0.024771511994760388 0.20960321114712116 0.02588464375490394 -0.032262350460188216 0.059544620002194917 0.0076205415082633557 0.00029948991410737427 0.11255377473704022 -0.012011318204788256 -0.025625100500658974 0.022803721230047664 0.46145151147723662 0.0031794677332000454 0.2234489813536458 -0.032581497626742666
leaf_weight=3966.9566686805338 4287.9772024583071 340.33305564988405 1831.3718902212568 8.4848857661709172 6.6545154899358741 15995.209621385438 81391.806537876371 3295.650630844757 31.600802907720208 549.0527107201051 145.92855959245935 186.79353461647406 365.12643221393228 25341.61613814719 2951.1382521297783 3655.3320857044309 164.78965569846332 161.57277802191675 783.63832557760179 1889.0462798010558 61004.106997442897 250597.99951298139 189.73431917838752 1690.8660540217534 1528.0907517147716 2653.5643712454475 25.973575504962355 474.84797254414298 129.16883861226961 88.027207744307816
leaf_count=50109 9831 7495 23136 191 43 371246 1257117 39003 206 13351 783 2506 4753 701129 26872 33276 881 1142 7831 13246 108491 1027930 2045 19156 85334 41570 126 9885 1255 1274
internal_value=0.000287036 -0.00342304 0.0249974 0.0694743 0.70494 -0.00402348 -0.00217136 -0.0214837 0.0623548 0.0344149 0.130562 0.101048 -0.000993829 -0.00763767 0.00613325 -0.00396669 0.0325728 0.118649 0.0115223 0.0326266 0.00204691 0.000712926 -0.0135431 0.00055609 -0.0156414 0.00509976 0.00201548 0.057701 0.157558 0.12847
internal_weight=465732 149842 3100.22 1268.85 15.1394 146742 126565 7262.61 1253.71 889.386 364.323 332.722 119303 37192.9 11851.2 8573.74 3277.5 326.362 4918.41 2672.68 315890 254886 2245.73 1880.6 20176.9 4181.66 82109.8 718.018 243.17 217.196
internal_count=3861213 2714961 47711 24575 234 2667250 2169100 89112 24341 20846 3495 3289 2079988 810331 109202 80307 28895 2023 47031 21077 1146252 1037761 25954 21201 498150 126904 1269657 12540 2655 2529
cat_boundaries=0 1 2 3 4 5 6 7 8 9 10 11
cat_threshold=4 27 1 816 721 35 2 40 8 2 864
is_linear=0
shrinkage=0.08


Tree=88
num_leaves=31
num_cat=8
split_feature=33 2 47 42 19 38 12 19 20 18 20 41 12 12 1 18 12 19 38 19 19 11 42 41 45 18 1 15 5 19
split_gain=347.836 423.642 364.271 352.339 691.264 615.216 559.539 555.672 498.666 474.443 518.387 663.1 1523.98 1299.57 584.887 476.035 504.262 562.015 464.991 454.591 556.285 448.561 595.359 613.097 468.383 439.918 438.812 427.593 578.004 419.62
threshold=1.0000000180025095e-35 2.5000000000000004 0 1 839.52499389648449 2 1069.1250000000002 3108.7500000000005 4.5000000000000009 2993.1750488281255 1.0000000180025095e-35 3 650.12500000000011 508.05004882812506 1.0000000180025095e-35 656.07498168945324 1.0000000180025095e-35 12.025000095367433 4 381.00999450683599 316.01000976562506 18.500000000000004 5 6 7 24.19999980926514 4.5000000000000009 1.0000000180025095e-35 3.5000000000000004 381.00999450683599
decision_type=2 8 1 9 2 1 2 2 2 2 2 9 2 2 2 2 2 2 1 2 2 2 9 9 9 2 2 2 2 2
left_child=2 -2 3 5 18 -1 9 8 21 15 11 12 13 -11 19 16 26 27 -5 20 -12 24 23 -23 -8 -19 -7 -18 -29 -26
right_child=1 -3 -4 4 -6 6 7 -9 -10 10 14 -13 -14 -15 -16 -17 17 25 -20 -21 -22 22 -24 -25 29 -27 -28 28 -30 -31
leaf_value=-0.009002360486502917 0.026263099020075432 -0.069940826773442766 0.0018603990787976082 0.0022598803468609711 -0.032624306340592241 -0.0075988372105961453 0.042469224541477502 -0.015099873900386805 -0.059966352941776442 0.51801593303184168 0.10381702011104663 0.026255863435172985 0.13677287507659908 2.0210482088838355 -0.057366309304636875 -0.018033888184954827 0.051662653764215596 0.1230398280542165 -0.012072802895271597 0.05691100952767511 0.54083334607220745 0.20283314849918782 0.01870441429361918 0.065201017668641434 0.057309854976378062 0.0074225949958724845 0.12918597911609775 0.52920088668680887 -0.086956318157894813 -0.015305126130895208
leaf_weight=28400.372635393403 5095.6049759930465 310.81946189817972 313017.73155935481 29916.874360407703 6279.2638202435337 15513.856405330356 3981.7073767455295 2166.5761808445677 378.4965333561413 7.9610969824716431 48.812474913429469 58.743610683828592 19.510143770836294 6.8490218315273523 248.47078078659251 7518.8326862393878 1567.9354431070387 213.3924010200426 28076.825464282651 327.96522458642721 30.159472581930459 315.63413508981466 843.41904875263572 669.40876442193985 651.42269893595949 16230.121397121344 151.56706759892404 27.269225643947721 15.161120426841078 2334.6346014617011
leaf_count=998829 49036 2871 1136170 391808 130565 180114 53058 34852 6672 160 743 765 258 62 4746 115980 23517 2379 431938 4660 116 2734 12467 7232 10379 220549 687 246 307 34509
internal_value=0.000558856 0.0207323 0.000321249 -0.00297859 -0.00740962 0.000506908 0.00557191 0.0213401 0.0299452 0.001314 0.0644371 0.24112 0.46558 1.2131 0.0393492 0.000168313 0.0042271 0.0133402 -0.00468078 0.0984025 0.270714 0.033814 0.0690801 0.110897 0.0245596 0.00892299 -0.00627541 0.058444 0.309037 0.00053439
internal_weight=464425 5406.42 459019 146001 64273 81728.3 53327.9 11341.3 9174.72 41986.6 748.472 93.0639 34.3203 14.8101 655.408 41238.1 33719.3 18053.9 57993.7 406.937 78.9719 8796.23 1828.46 985.043 6967.76 16443.5 15665.4 1610.37 42.4303 2986.06
internal_count=3858409 51907 3806502 2670332 954311 1716021 717192 161903 127051 555289 11510 1245 480 222 10265 543779 427799 246998 823746 5519 859 120379 22433 9966 97946 222928 180801 24070 553 44888
cat_boundaries=0 1 2 3 4 5 6 7 8
cat_threshold=4 25 552 36 906 16 32 44
is_linear=0
shrinkage=0.08


Tree=89
num_leaves=31
num_cat=9
split_feature=47 46 2 45 40 19 42 2 1 45 17 6 5 4 33 2 42 7 25 4 17 1 11 19 4 41 39 4 4 4
split_gain=346.257 396.023 644.652 393.031 366.691 334.602 430.401 387.479 368.043 343.647 316.526 312.886 284.173 279.288 276.733 389.11 279.632 272.758 262.905 235.918 341.792 615.806 320.615 464.148 664.154 626.942 954.817 1058.5 1547.46 658.142
threshold=0 1 inf 2 3 1422.7749633789065 4 1.0000000180025095e-35 4.5000000000000009 5 8.5000000000000018 1.0000000180025095e-35 41.500000000000007 7.5000000000000009 1.0000000180025095e-35 1.0000000180025095e-35 6 12.50000047683716 7.5000000000000009 1.5000000000000002 26.500000000000004 1.5000000000000002 5.5000000000000009 217.27500152587893 14.500000000000002 7 8 3.5000000000000004 2.5000000000000004 12.500000000000002
decision_type=1 1 8 9 1 2 9 8 2 9 2 2 2 8 2 8 9 2 8 10 2 2 2 2 10 9 9 10 10 10
left_child=1 2 4 13 -1 6 7 8 12 18 11 -6 19 -3 -7 16 -16 -11 -9 -2 22 -22 23 -21 25 26 -25 28 -28 -27
right_child=5 3 -4 -5 10 14 -8 9 -10 17 -12 -13 -14 -15 15 -17 -18 -19 -20 20 21 -23 -24 24 -26 29 27 -29 -30 -31
leaf_value=0.011379518039516423 0.0026098559908661338 -0.0091478614033608779 0.026973768294036124 0.0047505262697036697 0.0027972390960217448 -0.013074579291807864 -0.0044531250998354321 0.13399960795333257 0.063327757245403724 -0.062930569381785831 0.0083887569255116316 -0.0051189424407220505 0.1054752682705213 -0.047714930933814799 0.07962210807922751 -0.084588212977285512 -0.0025845269170946083 -0.0085445502717507241 -0.004358095543339823 0.0093176701171260555 -0.055977624283321835 0.28656756568116221 -0.015699962202578958 0.72930891819527999 0.0044174572488032146 0.032187549627466887 0.18018082822353332 0.0741879548316942 1.0538873359637035 0.23797433562860351
leaf_weight=26868.94766132161 95384.824837195454 2316.3772980198264 7277.6845748582855 4031.5722122043371 78279.406248744577 21016.827344702324 104577.30261151516 88.29186471644789 674.83991256961599 1197.6327952668071 32396.369410561398 53996.84525850974 176.54203931451775 2497.2536903694272 595.85385796427727 176.01367204566486 478.29168664640747 1163.5695471838117 19636.657110583503 6717.9611129872501 58.593959379941225 78.705039554275572 1987.0684287943877 20.287833795882761 1033.9951052921824 799.22864902811125 41.164698883425444 206.95580154657364 18.944638825953007 113.60130815487355
leaf_count=41080 1496251 4065 14410 6528 120433 475394 1190208 549 4381 15343 48858 88293 1992 5801 6728 2629 5856 16694 212206 58126 745 377 22322 141 10871 7131 317 1533 82 628
internal_value=0.000439073 0.0028669 0.00360378 -0.0136963 0.00271583 -0.00152849 -0.000636678 0.00244785 0.00443405 -0.00720167 0.00130144 -0.000434247 0.00406135 -0.0290955 -0.0108994 0.0256677 0.0437346 -0.0359775 -0.00373689 0.00389318 0.0149445 0.140382 0.0133701 0.0198226 0.0514101 0.0918958 0.193482 0.160022 0.455547 0.0571713
internal_weight=463908 207664 198819 8845.2 191542 256243 233976 129399 107313 22086.2 164673 132276 106638 4813.63 22267 1250.16 1074.15 2361.2 19724.9 106461 11076.5 137.299 10939.2 8952.14 2234.18 1200.18 287.353 267.065 60.1093 912.83
internal_count=3859972 329468 313074 16394 298664 3530504 3039897 1849689 1604897 244792 257584 208726 1600516 9866 490607 15213 12584 32037 212755 1598524 102273 1122 101151 78829 20703 9832 2073 1932 399 7759
cat_boundaries=0 1 2 3 4 5 6 7 8 9
cat_threshold=2 1 42 9 26 13 40 32 2
is_linear=0
shrinkage=0.08


Tree=90
num_leaves=31
num_cat=11
split_feature=22 36 34 34 35 42 38 13 18 4 43 4 3 7 38 3 21 16 3 41 4 5 18 11 38 18 6 1 32 41
split_gain=280.215 395.073 413.554 283.219 356.712 402.451 1022.03 1984.66 1126.87 385.855 365.284 319.687 308.769 482.645 285.716 651.396 635.238 383.667 578.778 400.157 393.452 349.294 742.307 278.632 600.531 439.907 371.384 393.497 282.788 276.435
threshold=1.0000000180025095e-35 0 1 2 3 4 5 299.01998901367193 7993.5500488281259 41.500000000000007 6 42.500000000000007 778.97000122070324 175.2749938964844 7 778.97000122070324 1.0000000180025095e-35 1.0000000180025095e-35 24.564999580383304 8 18.500000000000004 6.5000000000000009 1521.0999755859377 15.500000000000002 9 7993.5500488281259 1717.9000244140627 1.0000000180025095e-35 -8.9250001907348615 10
decision_type=2 9 1 1 1 9 1 2 2 10 9 10 10 2 1 10 2 2 8 9 10 2 2 2 1 2 2 2 8 9
left_child=-1 2 -2 4 5 6 7 -3 -9 12 -7 23 -8 -14 15 17 -17 19 -19 -5 -20 -21 -23 -12 25 26 27 28 -25 -22
right_child=1 3 -4 14 -6 10 9 8 -10 -11 11 -13 13 -15 -16 16 -18 18 20 21 29 22 -24 24 -26 -27 -28 -29 -30 -31
leaf_value=-0.00036827293029427282 0.16003103770104588 1.7106460959998464 -0.0039336052033472372 -0.0034895433496692917 0.005213591776516229 0.0024705513398568736 0.018728218935651349 -0.08366662545497551 1.2497338032131549 0.28267966971214809 0.02479559445811412 0.28054063921972888 0.30863474853112621 0.020619291054685011 -0.0048219274852206182 0.15562468558851725 0.93516153213137043 0.61209097761445419 -0.019598124132340192 0.097560953388821162 0.22326182885253709 0.84563224010476679 0.15609693261300697 0.44140718040485794 -0.021718252700633434 -0.046809712664210634 0.37823054018761171 0.25257863511464057 -0.0057501241338925391 0.014580823179656843
leaf_weight=400828.02789579751 208.0692546647042 7.99162420164794 187.76497966330498 253.38941906532273 30742.537184645422 4076.2637615301646 630.18027814221568 16.737996428273622 5.353765655308961 45.642539819702506 2306.1272935210727 34.883596900850534 65.914421335561201 85.589267380535603 21422.196927516023 23.13118511158973 9.4127164212986809 9.791619034484027 1331.5398361939006 283.18473324831575 66.009983705356717 13.011402619071303 43.057269155513495 10.022076989989726 203.68998684315011 56.280377447139472 58.146953069139272 114.99730939301662 93.463032385334373 103.79933984018862
leaf_count=3240162 732 100 946 3066 245552 33046 6172 319 92 91 23188 112 438 1275 276423 266 88 58 17750 2276 224 116 336 108 2083 1654 659 584 1752 863
internal_value=0.000408648 0.00539058 0.0840735 0.00487483 0.00909708 0.024355 0.0758279 0.473044 0.239473 0.0559073 0.0179086 0.039693 0.0433812 0.145926 -0.00203588 0.0257938 0.381091 0.0204202 -0.000974698 0.0749737 -0.00497304 0.129853 0.316112 0.0368771 0.0887995 0.152491 0.198552 0.150732 0.0375551 0.109708
internal_weight=463336 62508.2 395.834 62112.3 38553.8 7811.28 857.41 30.0834 22.0918 827.327 6953.87 2877.61 781.684 151.504 23558.5 2136.33 32.5439 2103.78 1511.14 592.643 1501.35 339.253 56.0687 2842.73 536.6 332.91 276.629 218.482 103.485 169.809
internal_count=3860531 620369 1678 618691 317225 71673 8487 511 411 7976 63186 30140 7885 1713 301466 25043 354 24689 18895 5794 18837 2728 452 30028 6840 4757 3103 2444 1860 1087
cat_boundaries=0 1 2 3 4 5 6 7 8 9 10 11
cat_threshold=32 24 22 17 1 8 14 4 34 229 1
is_linear=0
shrinkage=0.08


Tree=91
num_leaves=31
num_cat=13
split_feature=47 42 38 37 10 18 34 12 8 13 45 3 18 34 19 34 43 18 18 42 3 34 7 41 1 38 3 1 23 13
split_gain=374.713 416.714 613.265 526.36 859.589 721.211 567.884 507.903 911.932 1240.47 469.473 654.532 902.316 652.843 612.615 532.934 776.724 507.254 454.254 445.086 710.182 847.752 599.113 525.193 418.518 416.082 525.023 550.588 517.651 527.873
threshold=0 1 2 3 1.0000000180025095e-35 16216.955078125002 4 6235.2399902343759 1.5000000000000002 590.22497558593761 5 285.84500122070318 23535.780273437504 6 3608.6999511718755 7 8 160.05000305175784 285.28500366210943 9 513.95501708984386 10 145.61000061035159 11 1.5000000000000002 12 752.20999145507824 4.5000000000000009 -1.0000000180025095e-35 1474.900085449219
decision_type=1 9 1 1 2 2 1 2 2 2 9 8 2 1 2 1 9 2 2 9 8 1 2 9 2 1 10 2 2 2
left_child=1 2 3 4 5 19 -7 8 -6 -10 11 12 15 14 -13 -5 17 -17 -19 20 21 22 23 24 -1 26 27 -12 -28 -30
right_child=-2 -3 -4 10 7 6 -8 -9 9 -11 25 13 -14 -15 -16 16 -18 18 -20 -21 -22 -23 -24 -25 -26 -27 28 -29 29 -31
leaf_value=0.29039944915797028 0.0020419408790139826 -0.007651876355038785 -0.003534271528045006 0.09415419073024589 0.098668897317019347 -0.078588267816282725 0.22011472180301714 -0.090047728797244236 1.2211772482043664 0.15739635006011901 -0.039314079493009586 0.028927158865955475 0.58658563363534311 -0.045924088606927115 0.32335048230475055 -0.018973715007062509 -0.053958580205804116 0.67784616324485725 0.15029745338004213 0.0064582920296878052 -0.051717543312860721 0.010506110048750756 -0.031255257517577288 0.12181512866557852 0.62602839157613799 0.004530215705781597 0.60447738735482637 0.19356867669679875 -0.085384234288038721 0.318671196314252
leaf_weight=112.5131911393255 315330.00529047661 64742.080127169145 59247.286898829276 978.62341698072851 899.66335063613951 51.096609662286937 175.082950016018 85.956356892362237 11.035884388722481 19.257892112247646 3066.1137511814013 168.98443964775652 21.220107413828373 846.07042683521286 61.76012796536088 26.825030535459518 398.96534059382975 21.934498494490981 19.94438754953444 6910.0390989347361 267.31333460239694 393.89279027655721 73.359742099419236 219.85475603491068 30.149706156924367 9778.3880008365959 13.926478676497934 66.379540056921542 50.973496458493173 34.834713476710021
leaf_count=718 1147210 965790 1421039 5141 12703 937 1521 1673 97 215 72195 1561 20 10526 137 268 3841 57 196 117762 4247 4923 905 1352 169 82690 148 681 1242 374
internal_value=0.000480478 -0.00282865 0.000887335 0.011446 0.0265508 0.0180126 0.158891 0.0960087 0.113206 0.544927 0.00245308 0.0338109 0.0687013 -0.0134246 0.103256 0.0611029 -0.00986112 0.220533 0.426607 0.0140332 0.061128 0.0982183 0.173266 0.219432 0.337661 -0.00370045 -0.0285377 -0.0343791 0.152071 0.0786462
internal_weight=464124 148794 84051.4 24804.2 9249.22 8233.3 226.18 1015.91 929.957 30.2938 15554.9 2544.33 1467.51 1076.81 230.745 1446.29 467.669 68.7039 41.8789 8007.12 1097.08 829.77 435.877 362.518 142.663 13010.6 3232.23 3132.49 99.7347 85.8082
internal_count=3860338 2713128 1747338 326299 147222 132534 2458 14688 13015 312 179077 21747 9523 12224 1698 9503 4362 521 253 130076 12314 8067 3144 2239 887 157330 74640 72876 1764 1616
cat_boundaries=0 1 2 3 4 5 6 7 8 9 10 11 12 13
cat_threshold=4 25 197 11 20 40 17 6 8 1 13 3 4
is_linear=0
shrinkage=0.08


Tree=92
num_leaves=31
num_cat=14
split_feature=34 35 3 47 37 19 18 4 38 17 4 36 38 19 25 35 34 38 4 38 3 45 1 10 3 15 19 6 34 40
split_gain=323.84 641.069 315.228 313.643 591.89 659.938 513.326 876.659 611.184 436.926 734.975 435.603 445.693 390.601 390.471 389.264 614.252 372.482 363.979 358.724 794.873 506.404 451.688 407.66 387.579 485.913 382.498 392.686 499.635 413.407
threshold=0 1 102.64500045776369 2 3 3349.049926757813 418.42500305175787 6.5000000000000009 4 1.5000000000000002 62.500000000000007 5 6 5544.9250488281259 1.0000000180025095e-35 7 8 9 46.500000000000007 10 345.05000305175787 11 2.5000000000000004 1.0000000180025095e-35 382.22500610351568 1.0000000180025095e-35 3108.7500000000005 20.000001907348636 12 13
decision_type=1 1 10 1 1 2 2 8 1 2 10 9 1 2 8 1 1 1 10 1 8 9 2 2 8 2 2 2 1 1
left_child=3 -2 -3 -1 6 11 7 -5 -9 10 13 12 -6 -8 -13 16 -7 -18 -10 20 21 26 23 24 25 -22 27 -16 29 -29
right_child=1 2 -4 4 5 15 9 8 18 -11 -12 14 -14 -15 19 -17 17 -19 -20 -21 22 -23 -24 -25 -26 -27 -28 28 -30 -31
leaf_value=0.0049483016320907474 0.011967680739431297 0.0012717827878412583 -0.0063194705201289527 0.013422917614130656 -0.048313449785896696 -0.061518277939267493 0.026684645772927479 -0.031735673380739134 0.0013873902373845043 -0.023490071154143494 0.65509003788892417 0.1027056991866996 -0.0043850345157226897 0.47967257544790243 0.00093384141368210466 -0.043239749624527431 0.13133167191445327 0.0024927292642420926 -0.06690371990385155 0.0032131148152350899 0.10032214595730081 -0.0089422773245269056 -0.02920066885937353 -0.022311007407453926 0.050454266285260591 0.36749843561463208 0.31997833217480076 0.18172495854141332 0.015124683214348754 0.054420353341866685
leaf_weight=116862.78484906536 17656.404374653939 49877.067862925585 117440.74229079462 12882.86901648785 1759.6109456494451 391.24637639895082 385.44018532568589 7304.4337279363535 10451.746469026431 13540.919994404772 12.877147644758223 262.8167509608902 9016.9896492892876 12.580231242347507 1765.7094473838806 3052.6144713922404 283.41954816272482 292.83063488686457 524.56069515459239 87341.242797225481 781.72896554321051 5985.5745936892927 418.66933062672615 351.26575938984752 2071.7919485513121 46.136701665818691 28.789966136217117 274.34106646850705 919.26283044740558 456.17800391465425
leaf_count=183136 105270 240616 963750 211797 16153 18024 4492 111873 74062 235071 5 915 92409 39 12737 68699 3431 8218 4003 1432214 4123 39985 3292 2973 14583 136 67 1213 6494 3147
internal_value=6.66062e-05 -0.00252619 -0.00405629 0.00179505 -0.000499114 0.00253617 -0.00826849 -0.00256059 -0.0138245 -0.0210239 0.0602472 0.00368473 -0.0115958 0.0410022 0.00532057 -0.0293078 0.0149424 0.0670194 -0.00187455 0.00506628 0.0174066 0.00512661 0.0490104 0.0590828 0.0689428 0.115212 0.0295162 0.0271543 0.0552171 0.104037
internal_weight=462453 184974 167318 277478 160616 115500 45115.4 31163.6 18280.7 13951.8 410.898 111480 10776.6 398.02 100704 4020.11 967.497 576.25 10976.3 100441 13099.4 9429.86 3669.59 3250.92 2899.66 827.866 3444.28 3415.49 1649.78 730.519
internal_count=3862927 1309636 1204366 2553291 2370155 1728813 641342 401735 189938 239607 4536 1630441 108562 4531 1521879 98372 29673 11649 78065 1520964 88750 63643 25107 21815 18842 4259 23658 23591 10854 4360
cat_boundaries=0 1 2 3 4 5 6 7 8 9 10 11 12 13 14
cat_threshold=60 24 2 20 360 88 25 1 32 328 18 6 4 4
is_linear=0
shrinkage=0.08


Tree=93
num_leaves=31
num_cat=13
split_feature=47 42 12 38 38 37 18 18 45 0 3 34 37 34 36 41 11 43 3 3 3 18 19 19 3 12 19 12 3 37
split_gain=361.236 312.406 551.336 764.939 510.37 599.792 488.002 990.419 343.109 342.903 483.533 473.651 452.242 550.177 466.786 429.251 391.858 334.281 481.388 419.964 668.752 397.092 334.427 347.793 494.202 330.834 328.71 503.239 301.758 621.169
threshold=0 1 22.550000190734867 2 3 4 891.62500000000011 984.42501831054699 5 1.5000000000000002 265.66500854492193 6 7 8 9 10 1.0000000180025095e-35 11 806.07000732421886 592.01000976562511 501.13999938964849 496.55000305175787 3608.6999511718755 209.29999542236331 527.47000122070324 146.30000305175784 5544.9250488281259 1373.9749755859377 382.22500610351568 12
decision_type=1 9 2 1 1 1 2 2 9 2 8 1 1 1 9 9 2 9 10 8 10 2 2 2 10 2 2 2 8 1
left_child=1 2 3 -1 5 8 9 -8 17 12 11 -11 16 14 15 -14 -5 18 -4 20 21 -19 23 24 -22 -6 -7 -28 29 -17
right_child=-2 -3 4 6 25 26 7 -9 -10 10 -12 -13 13 -15 -16 28 -18 19 -20 -21 22 -23 -24 -25 -26 -27 27 -29 -30 -31
leaf_value=-0.049368664546081353 0.0016850809729868175 -0.0041979130533460361 -0.064037492141738345 -0.051626555213251199 -0.070074583988597075 -0.023017851165304099 1.0880899025617203 0.15515040566637531 -0.04008263700640663 0.27297621739688332 0.057001665156866332 -0.012869137401335242 -0.021606351109050733 0.0066803877370285834 -0.086736827237368835 0.46714462251018612 0.26056451044158013 0.21725385944910491 0.43982849857465967 0.015409700010637722 0.82177548084774243 0.035932511030299902 0.67957769622970265 0.1877144186514359 0.19762803070787491 -0.0051233236499899169 0.75796974040545739 0.063126002188560487 0.070380733822909283 0.14765539404071321
leaf_weight=529.02052039187402 314002.79667938221 136193.32401655708 115.83171125128865 469.36112133972347 542.32817936991341 732.3724163165316 8.1775596300140005 66.551427323138341 115.27641820674762 139.33391344454139 551.45359662361443 57.046061393804848 95.783415224403143 702.57632869295776 64.350355706177652 47.213905974291265 27.224191144108772 135.71139337681234 13.555272970348595 137.9255833690986 15.836823882535098 179.59020611736923 15.67084401194006 73.826265493407845 16.660625154152513 6732.2224190980196 8.5427019270136935 30.443917411845177 130.69992602523416 268.3715573977679
leaf_count=4923 1146541 2487846 3160 5234 11309 12116 36 974 1952 305 10017 707 828 8941 594 616 175 1361 97 2882 68 2414 140 692 218 152616 76 516 1812 1579
internal_value=0.000148545 -0.00310668 0.00925041 0.0379661 -0.000964991 0.039931 0.0555223 0.257242 0.0872411 0.0498362 0.0953896 0.203187 0.0309689 0.0553867 0.110792 0.135388 -0.0338301 0.108341 -0.0104427 0.134782 0.175514 0.113976 0.334562 0.283711 0.501791 -0.00995185 -0.0108282 0.215379 0.168818 0.214935
internal_weight=462219 148216 12023 3157.16 8865.79 1591.24 2628.14 74.729 819.885 2553.41 747.834 196.38 1805.58 1309 606.419 542.069 496.585 704.609 129.387 575.222 437.296 315.302 121.995 106.324 32.4974 7274.55 771.359 38.9866 446.285 315.585
internal_count=3860745 2714204 226358 36741 189617 25692 31818 1010 12984 30808 11029 1012 19779 14370 5429 4835 5409 11032 3257 7775 4893 3775 1118 978 286 163925 12708 592 4007 2195
cat_boundaries=0 1 2 3 4 5 6 7 8 9 10 11 12 13
cat_threshold=4 1 896 141 73 7 75 96 28 128 48 1 16
is_linear=0
shrinkage=0.08


Tree=94
num_leaves=31
num_cat=7
split_feature=44 47 23 2 32 18 43 1 4 26 19 34 32 19 2 18 12 12 12 4 18 19 17 31 19 2 17 36 34 42
split_gain=433.45 341.407 664.856 575.825 553.438 527.06 732.775 561.535 584.912 431.936 455.93 371.61 362.476 338.111 390.253 388.655 446.864 351.383 313.904 312.259 327.673 332.119 306.666 291.073 290.368 288.009 301.427 295.595 335.552 285.403
threshold=0 1 2.5000000000000004 inf 7.0050001144409189 1.0000000180025095e-35 2 2.5000000000000004 4.5000000000000009 7.5000000000000009 2580.1049804687505 3 -6.7950000762939444 24.550000190734867 1.0000000180025095e-35 147.12500000000003 129.29999542236331 30.024993896484379 318.02499389648443 69.500000000000014 16216.955078125002 1.0000000180025095e-35 23.500000000000004 inf 1.0000000180025095e-35 2.5000000000000004 37.500000000000007 4 5 6
decision_type=9 1 2 8 10 2 9 2 8 10 2 1 8 2 10 2 2 2 2 10 2 2 2 8 2 8 2 9 1 9
left_child=-1 3 4 23 25 6 29 9 13 19 24 -8 -5 14 -9 16 17 -15 -16 -7 21 -21 -17 -2 -11 26 -3 -27 -29 -4
right_child=1 2 5 12 -6 7 11 8 -10 10 -12 -13 -14 15 18 22 -18 -19 -20 20 -22 -23 -24 -25 -26 27 -28 28 -30 -31
leaf_value=0.0067718215918513552 0.0026337251093916502 0.0013604931742433534 -0.065076541786487058 0.061506940606551409 -0.013425151278874628 -0.021516839034337796 0.14273715864899958 0.13974783333719085 -0.022619888858848202 0.16494447872052806 0.26875631614401352 -0.041553599869865919 0.015360372711783093 0.3086700282702256 0.22122139636899138 0.0026608684526655412 0.77583583328056438 -0.092655425521816645 0.96556713500864877 0.24214829884473946 0.35070754056434872 -0.058942247648234421 0.22731804238613357 -0.0049934132943638115 -0.011885313715371533 -0.020716322903835006 -0.032564305557338573 0.032607144300624821 -0.053094150090484717 0.24039205708315325
leaf_weight=55561.367151216604 138503.94732931722 160412.11506613693 23.925603216513991 1349.0132058458403 21375.152995546814 23559.357275439193 79.833981348667294 182.83492210507393 641.51234740903601 76.49398450832814 58.748751051258296 307.59870356228203 5660.335465288721 35.567400679923594 7.7366002388298494 425.26056522829458 8.376465034671126 22.986355169676244 6.8245094818994403 34.631968760862947 26.87264649104327 72.594920110423118 42.800866063218564 41653.232369277626 266.44568033493124 7329.4251740935724 1693.9061369432602 1443.3664898006245 357.04513700259849 144.45421750191599
leaf_count=234455 218798 2309602 344 2604 444286 397205 432 1348 8033 1066 634 3077 11621 420 129 8855 120 561 83 110 70 936 334 65615 5714 85824 43789 9382 3120 1239
internal_value=0.00014495 -0.000762383 -0.00290933 0.00174555 -0.00128772 -0.0149109 0.062156 -0.0165928 0.0331533 -0.0194293 0.0628337 -0.000942857 0.0242417 0.0820062 0.171492 0.0489886 0.229307 0.151122 0.570082 -0.0208239 0.100907 0.0383035 0.0232042 0.000870293 0.0275572 0.000227376 0.001006 -0.0135976 0.0154121 0.195772
internal_weight=461364 405802 218636 187167 192611 26024.9 555.813 25469 1373.9 24095.1 401.688 387.433 7009.35 732.388 197.396 534.992 66.9302 58.5538 14.5611 23693.5 134.1 107.227 468.061 180157 342.94 171236 162106 9129.84 1800.41 168.38
internal_count=3859806 3625351 3326713 298638 2896003 430710 5092 425618 19883 405735 7414 3509 14225 11850 1560 10290 1101 981 212 398321 1116 1046 9189 284413 6780 2451717 2353391 98326 12502 1583
cat_boundaries=0 1 2 3 4 5 6 7
cat_threshold=1 2 5 33 146 54 18
is_linear=0
shrinkage=0.08


Tree=95
num_leaves=31
num_cat=18
split_feature=1 38 42 47 36 38 45 3 36 45 3 5 41 37 38 3 3 34 38 38 17 37 3 36 11 3 18 36 3 34
split_gain=243.908 344.073 457.801 234.776 503.604 454.39 318.659 313.988 429.838 389.438 292.781 434.217 652.609 963.422 640.373 664.533 629.357 463.976 524.642 458.431 612.438 565.401 692.407 477.577 512.777 672.177 653.908 462.683 768.38 440.182
threshold=2.5000000000000004 0 1 2 3 4 5 778.97000122070324 6 7 357.61499023437506 1.0000000180025095e-35 8 9 10 314.52499389648443 153.54499816894534 11 12 13 12.500000000000002 14 43.870000839233406 15 9.5000000000000018 307.99499511718756 79.02500152587892 16 311.68499755859381 17
decision_type=2 1 9 1 9 1 9 8 9 9 10 2 9 1 1 10 10 1 1 1 2 1 10 9 2 10 2 9 10 1
left_child=3 2 -2 4 -1 6 -6 10 -9 -10 11 12 13 14 15 16 -7 18 -16 23 21 22 -21 24 26 -26 -13 -24 -29 -23
right_child=1 -3 -4 -5 5 7 -8 8 9 -11 -12 19 -14 -15 17 -17 -18 -19 -20 20 -22 29 27 -25 25 -27 -28 28 -30 -31
leaf_value=-0.057663400849104658 -0.0043420146769793172 0.0018234946115035856 0.037132142611545897 0.0010178892172032837 -0.07417399205182261 0.20320724070359159 0.027395473077213697 -0.090424881985282243 -0.088299056774421542 0.043672306640674723 -0.010278515222237512 0.2097420025099643 -0.0094320227800758667 -0.012011604544479771 0.23126091414539232 0.20109776066420587 -0.0526853799334197 0.016047508837634693 -0.021936954180654011 0.68027913318773514 -0.027947346130048692 -0.016498007838161161 0.17238060006458777 0.011548964120105244 0.094976329839759302 0.38961843829350901 0.0099836573001554681 -0.075452832890745322 0.2304745410746257 0.0089548446054250538
leaf_weight=1060.1581316012889 2650.9020263694692 17781.291243715677 4768.3399095600471 300705.82222842681 198.50038001127541 93.6208860501647 4210.0419754423201 181.38793799607083 145.16195422923192 2091.4442021211144 34336.244436058681 118.57713930681348 46762.319480312057 2677.4419087257702 138.34650038369 354.92503418214619 179.35474611632526 1508.8795527061448 85.98292176797986 12.502927072346209 4613.1570520596579 5911.9419072698802 177.07023003324866 11940.257085071877 291.73315679468215 59.692865360528231 907.84216468781233 195.52117975242436 71.853050272911787 16358.528074905276
leaf_count=15621 26746 154582 48377 1127850 2504 240 20294 3079 3452 42092 977060 716 679737 53250 907 4224 2943 12972 749 84 95764 112289 1754 175738 1701 310 8307 3601 834 282353
internal_value=0.000217534 0.00786962 0.0223275 -0.000225373 -0.00300121 -0.00256301 0.0226647 -0.00342542 0.0251316 0.0347521 -0.00397027 -0.00162761 -0.0064847 0.0208465 0.0580003 0.1269 0.0350766 0.0324547 0.137418 0.00456052 -0.00137064 0.00402324 0.0911461 0.016725 0.0611735 0.145024 0.0330607 0.0766236 0.00651709 0.00219373
internal_weight=460589 25200.5 7419.24 435388 134682 133622 4408.54 129214 2417.99 2236.61 126796 92459.5 51800.9 5038.55 2361.11 627.901 272.976 1733.21 224.329 40658.7 27340.6 22727.4 456.947 13318.1 1377.85 351.426 1026.42 444.444 267.374 22270.5
internal_count=3860130 229705 75123 3630425 2502575 2486954 22798 2464156 48623 45544 2415533 1438473 755022 75285 22035 7407 3183 14628 1656 683451 496679 400915 6273 186772 11034 2011 9023 6189 4435 394642
cat_boundaries=0 1 2 3 4 5 6 7 8 9 10 11 12 13 14 15 16 17 18
cat_threshold=674 17 4 16 1 32 40 32 20 102 48 9 262 196 2 65 64 24
is_linear=0
shrinkage=0.08


Tree=96
num_leaves=31
num_cat=17
split_feature=5 3 3 27 42 38 32 41 42 34 38 46 34 35 43 45 43 23 21 45 27 34 35 34 19 17 4 3 21 37
split_gain=153.855 195.96 300.398 140.503 234.231 227.996 137.896 135.562 655.953 425.681 243.778 336.955 241.957 230.089 185.581 176.381 153.588 167.384 140.992 401.469 459.051 262.542 261.904 294.882 332.996 356.957 423.37 387.673 301.634 226.849
threshold=37.500000000000007 639.05499267578136 615.54000854492199 5.5000000000000009 0 1 -1.3749999999999998 2 3 4 5 6 7 8 9 10 11 4.5000000000000009 1.0000000180025095e-35 12 7.5000000000000009 13 14 15 1.0000000180025095e-35 5.5000000000000009 1.0000000180025095e-35 325.03500366210943 2.5000000000000004 16
decision_type=2 10 10 8 9 1 8 9 9 1 1 1 1 1 9 9 9 2 2 9 8 1 1 1 2 2 8 8 2 1
left_child=3 2 -2 4 -1 -6 -4 8 12 10 11 14 16 -12 -10 -11 17 -5 -9 21 -21 -20 29 24 25 26 27 -24 -27 -22
right_child=1 -3 6 7 5 -7 -8 18 9 15 13 -13 -14 -15 -16 -17 -18 -19 19 20 22 -23 23 -25 -26 28 -28 -29 -30 -31
leaf_value=-0.011994550217726748 0.028102737509536561 -0.067524733622481334 0.38434514697878203 0.016483255147468352 0.12384896452295541 -0.02458497713743615 0.12790955129221682 -0.00018140692706470119 0.060238842177301959 0.0079298618580790244 0.10545417135961502 -0.098795451730316342 -0.053216348889770809 -0.012663453252284348 -0.029017053495790566 -0.048088860646626673 -0.022142517450900952 0.18374164464351977 0.016413892825203905 0.38474421341697418 0.078429952300645853 -0.037121908490690969 0.4075684559290158 0.0066603188711070295 0.030269681229727986 -0.023020538091019702 0.0047938114763745859 0.12772654299075012 0.35753820999545233 -0.0068815685108076429
leaf_weight=322.25589654874057 1150.4966712533496 125.81740021565929 19.571079027140513 564.86435766704381 240.0061910348013 92.132996845059097 42.705981964478269 432939.9621858024 2793.0523329675198 3012.5016708951443 111.68935973197222 93.302737629041076 1068.3684818837792 786.41917991172522 156.0926055945456 398.32954364642501 1140.4277988579124 41.077476602047682 851.05056876828894 21.295660904608667 199.48390903882682 1855.5302874760237 64.224004678428173 4235.634752466809 3666.1514062676579 122.9996852981858 55.635102790780365 62.528748628683388 14.949725254438816 4177.0902787554078
leaf_count=2831 6084 2808 200 1496 697 381 394 3650215 4559 8938 259 298 5726 2795 594 1341 4495 53 9274 133 2645 25238 308 43705 33802 1315 369 266 32 47283
internal_value=0.000424663 0.0275072 0.0373661 0.000345696 0.0373884 0.0831593 0.208497 0.000292819 0.00942329 0.0219924 0.0398836 0.0507184 -0.0233656 0.00302523 0.0556206 0.00126633 -0.00490496 0.0273702 8.55395e-05 0.00762621 0.0136186 -0.0202898 0.0130021 0.0214031 0.0370114 0.115324 0.188768 0.269519 0.018221 -0.00282315
internal_weight=460426 1338.59 1212.77 459087 654.395 332.139 62.2771 458433 10166.1 7351.39 3940.56 3042.45 2814.74 898.109 2949.14 3410.83 1746.37 605.942 448267 15326.6 12620 2706.58 12598.7 8222.12 3986.49 320.337 182.388 126.753 137.949 4376.57
internal_count=3858534 9486 6678 3849048 3909 1078 594 3845139 30554 18784 8505 5451 11770 3054 5153 10279 6044 1549 3814585 164370 129858 34512 129725 79797 36092 2290 943 574 1347 49928
cat_boundaries=0 1 2 3 4 5 6 7 8 9 10 11 12 13 14 15 16 17
cat_threshold=41 110 16 56 120 657 1 51 8 4 7 4 40 34 8 77 8
is_linear=0
shrinkage=0.08


Tree=97
num_leaves=31
num_cat=11
split_feature=34 35 3 12 6 3 3 38 45 3 2 3 41 42 16 26 43 45 38 43 5 6 2 18 45 19 13 19 4 21
split_gain=192.036 661.973 321.089 545.899 336.532 354.389 438.438 301.835 1698.36 360.135 323.73 300.372 281.261 696.964 374.972 319.554 312.18 317.962 359.962 294.279 401.412 610.167 971.638 522.79 291.467 368.145 366.543 359.167 346.811 315.639
threshold=0 1 145.4049987792969 862.80001831054699 160.00000762939456 102.64500045776369 84.895000457763686 2 3 43.870000839233406 1.5000000000000002 125.11500167846681 4 5 1.0000000180025095e-35 5.5000000000000009 6 7 8 9 4.5000000000000009 332.02499389648443 1.0000000180025095e-35 4599.9350585937509 10 179.90999603271487 5019.1000976562509 166.02500152587893 13.500000000000002 1.0000000180025095e-35
decision_type=1 1 8 2 2 10 10 1 9 10 8 10 9 9 2 8 9 9 1 9 2 2 10 2 9 2 2 2 10 2
left_child=12 2 3 11 5 6 -5 8 -3 10 -9 -2 13 -1 15 -15 24 18 -18 20 -19 22 23 -22 25 27 -27 28 -17 -26
right_child=1 7 -4 4 -6 -7 -8 9 -10 -11 -12 -13 -14 14 -16 16 17 19 -20 -21 21 -23 -24 -25 29 26 -28 -29 -30 -31
leaf_value=-0.0026582860977129199 0.012642267253164117 -0.0057364774287287932 0.0067589564235931042 0.17418395127065872 0.084792241629414303 0.013571433106161991 0.64487265571484198 0.0048323502610441976 -0.10091386315995929 -0.0037117808790408297 0.042737813575655398 0.071181729978196023 0.00053315354034163512 0.12744781668194446 -0.013499144843770657 0.025301499053220433 -0.019797574799067446 -0.033425556574527511 0.04275864067998119 0.022675062430706175 0.028269542391472884 0.017580060120307019 1.3965565563455262 0.61675028602712489 -0.029802895680546757 -0.040731078429975344 0.1680372409173711 0.19010514820545926 0.26842867802498449 0.16360374242893869
leaf_weight=21325.561741697602 3355.1449049101211 13703.618651275523 12976.83469474921 27.647903350181878 361.50109910732135 23.358955007977784 23.372208705171943 18583.889848673251 1305.469207117334 131620.92066185037 1563.2774690026417 673.59734472632408 232642.62260872126 179.93617756152526 2203.7356913625263 1495.7497950247489 642.4631182430312 1399.2781732247677 6856.3637113715522 5699.0247177437413 31.787581751588732 257.65449945814908 4.8636419335380188 13.880170697811989 1714.6499760020524 738.25467988988385 58.056761721381918 97.041437261272222 38.516555459238589 55.760385651839897
leaf_count=276204 17629 48062 83357 159 1565 104 80 94487 8670 1048200 3721 2171 2014352 737 37464 19998 3480 26545 70696 38200 946 6539 150 110 31810 19999 508 402 189 1004
internal_value=0.000292749 -0.00170667 0.0131182 0.0316313 0.116678 0.271648 0.389805 -0.00325774 -0.0140766 -0.00218696 0.00777355 0.0224299 0.00162992 0.00758823 0.0177543 0.0213352 0.0203357 0.0257548 0.0373799 0.0139503 -0.0151331 0.0674306 0.321613 0.207131 0.00103103 0.0190011 -0.0255104 0.0408456 0.031405 -0.0235782
internal_weight=459674 184219 17441.5 4464.62 435.88 74.3791 51.0201 166777 15009.1 151768 20147.2 4028.74 275455 42812.6 21487 19283.3 19103.3 14905.3 7498.83 7406.49 1707.46 308.186 50.5314 45.6678 4198.03 2427.62 796.311 1631.31 1534.27 1770.41
internal_count=3857538 1308205 105065 21708 1908 343 239 1203140 56732 1146408 98208 19800 2549333 534981 258777 221313 220576 146666 74176 72490 34290 7745 1206 1056 73910 41096 20507 20589 20187 32814
cat_boundaries=0 1 2 3 4 5 6 7 8 9 10 11
cat_threshold=60 24 129 13 20 49 32 38 64 1 41
is_linear=0
shrinkage=0.08


Tree=98
num_leaves=31
num_cat=13
split_feature=47 3 3 34 3 12 38 13 16 32 3 45 3 3 32 42 32 3 19 25 34 36 37 38 19 2 38 42 36 36
split_gain=340.586 363.078 682.868 459.987 498.677 461.367 743.811 857.824 1290.36 1177.92 631.265 522.987 1010.09 1943.58 490.996 442.322 558.996 783.383 389.218 384.701 383.539 907.115 458.041 518.826 1219.65 645.251 373.612 371.638 339.619 333.273
threshold=0 488.14500427246099 357.61499023437506 1 577.56500244140636 30.024993896484379 2 63.00000190734864 1.0000000180025095e-35 4.9949998855590829 583.55001831054699 3 725.45501708984386 752.20999145507824 -4.9549999237060538 4 27.595000267028812 639.05499267578136 2726.244995117188 6.5000000000000009 5 6 7 8 1326.2249755859377 1.5000000000000002 9 10 11 12
decision_type=1 8 10 1 10 2 1 2 2 8 10 9 10 10 10 9 10 10 2 8 1 9 1 1 2 10 1 9 9 9
left_child=1 2 -1 5 19 6 7 11 9 -9 -11 12 15 14 -14 -3 -17 -18 20 -5 21 -4 26 24 -24 -26 -23 -28 -15 -8
right_child=-2 3 18 4 -6 -7 29 8 -10 10 -12 -13 13 28 -16 16 17 -19 -20 -21 -22 22 23 -25 25 -27 27 -29 -30 -31
leaf_value=-0.0019736012809626539 0.00170249342755454 -0.0082522286277404693 -0.073725825605373149 0.169546937736961 -0.016112779039477908 0.0096487156365969318 0.062945406672323831 1.3398504319491868 -0.015610840711448882 0.71149248568334433 -0.088513847483022823 0.016667323403604908 0.71002920415178272 0.39118620537660137 1.5509515036368828 0.11926839038324732 0.19201598511422538 1.5011784600953737 -0.057242821353521774 0.013771417823564372 -0.026885846562707344 -0.081400897965769145 0.021124167727810707 0.0037118889856424006 0.14107175193055971 0.44306768892519416 -0.066454979498253894 0.025363818651008608 0.0084665277961165283 -0.039276233971623643
leaf_weight=102548.20383170643 313445.98013797612 220.29597259592265 1080.7269674139097 103.93472447665408 8022.223218616331 8407.0196172620635 290.78266502078623 11.79662008397281 31.646963172126561 15.030357732437553 10.883458265103398 612.66159115103073 8.9967399467714149 16.837291619740427 8.7807460189796966 412.35150776943192 8.244580652099101 4.5339962621219447 1482.8150723366998 4265.4751409220044 9051.7253883713856 640.31367409229279 812.81067090295255 6821.4335107496008 140.20501980371773 66.878895485773683 419.86368411593139 811.62795316055417 45.238513763993979 625.98498457996175
leaf_count=1542605 1147340 4568 14361 606 310731 277827 3342 189 839 208 473 18947 209 54 85 9146 209 90 39374 114112 174711 10006 6338 157030 527 163 6176 9220 1163 8963
internal_value=0.000212478 -0.00296467 -0.00468241 0.00623786 -0.00426531 0.0183532 0.0499195 0.0861233 0.361062 0.677169 0.3755 0.0725145 0.117835 0.387868 1.12538 0.0862523 0.132305 0.656523 -0.0177065 0.0174768 -0.0147525 -0.00454833 0.00321658 0.0117099 0.0646482 0.238603 -0.0322366 -0.00622393 0.176656 -0.00652397
internal_weight=460445 146999 123877 23122.7 12391.6 10731.1 2324.07 1407.3 69.3574 37.7104 25.9138 1337.94 725.279 79.8533 17.7775 645.426 425.13 12.7786 21328.4 4369.41 19845.6 10793.9 9713.13 7841.33 1019.89 207.084 1871.81 1231.49 62.0758 916.768
internal_count=3859612 2712272 1960511 751761 425449 326312 48485 36180 1709 870 681 34471 15524 1511 294 14013 9445 299 417906 114718 378532 203821 189460 164058 7028 690 25402 15396 1217 12305
cat_boundaries=0 1 2 3 4 5 6 7 8 9 10 11 12 13
cat_threshold=4 42 109 12 49 84 80 68 642 518 11 64 83
is_linear=0
shrinkage=0.08


Tree=99
num_leaves=31
num_cat=13
split_feature=44 3 3 38 45 38 32 19 34 43 47 38 3 3 13 4 42 3 47 43 42 13 3 26 12 38 19 2 3 6
split_gain=348.599 674.537 605.189 440.491 361.563 1983.6 369.829 368.067 506.398 998.1 675.475 800.249 867.412 1814.39 1436.29 811.982 709.977 577.588 451.278 588.113 527.47 395.453 627.371 632.223 397.679 393.128 462.108 360.551 356.061 556.964
threshold=0 1.0000000180025095e-35 inf 1 2 3 -10.105000019073485 120.02500152587892 4 5 6 7 325.03500366210943 311.68499755859381 307.97500610351568 9.5000000000000018 8 72.33499908447267 9 10 11 250.00000762939456 197.51499938964847 9.2500000000000018 895.04998779296886 12 10071.114746093752 inf 125.11500167846681 220.00000762939456
decision_type=9 10 8 1 9 1 8 2 1 9 1 1 10 10 2 10 9 10 1 9 9 2 10 10 2 1 2 8 10 2
left_child=1 -1 4 -3 6 -6 -2 -7 9 -9 -11 12 13 16 -15 -13 -12 -18 -10 20 21 -20 23 24 -23 28 -27 -5 29 -22
right_child=2 3 -4 27 5 7 -8 8 18 10 11 15 -14 14 -16 -17 17 -19 19 -21 25 22 -24 -25 -26 26 -28 -29 -30 -31
leaf_value=-0.029201823634342969 0.016742477517735166 0.040070903814757489 0.036603148105726853 0.0074277132489059842 -0.081984590140680783 0.0011214854066733835 -0.00068605792152873343 -0.022889159023651972 -0.004892835414374931 -0.016084198792258978 0.33434025682753521 -0.0042217553441524398 -0.035904436386910467 1.6862700614001085 0.34559333008493198 0.25508828103011016 0.18544471728780479 -0.088435879810318904 -0.0498246554745354 -0.046790665182261791 -0.089309247258987728 0.20702658588980832 0.025955620202779969 0.66929437157754834 -0.04908296600719967 -0.077891762575819645 0.27608315744132067 -0.03565602279874687 -0.0076033103232179136 0.35922815096373889
leaf_weight=3315.9606523336843 7974.022516191937 2595.9616495352238 2727.0108824735507 48581.096869558096 2178.9544820468873 31196.373227489414 341691.56725027063 2051.1255135508254 6910.4272754983976 483.46784136258066 129.2435262221843 510.25628743274137 95.389949494972825 9.5019488036632556 11.074981598183511 91.078473657369614 145.35220704600215 74.559416068717837 234.96815214911476 5570.5309364749119 28.382406925782561 159.69753941055387 622.83334510680288 15.810797415673731 51.256700424477458 773.70436737849377 24.34634950524196 1275.7840213086456 248.9773037135601 47.153586033731699
leaf_count=7040 50919 4350 4115 219519 14303 269246 3001264 22257 11351 891 344 5648 2646 81 179 173 1181 1384 3523 206921 403 1099 9037 13 536 13857 70 4056 3370 125
internal_value=-0.000138165 0.00579084 -0.000956499 0.008003 -0.00121171 -0.00745788 -0.000288597 -0.00416041 -0.0131722 0.0136986 0.0619542 0.097913 0.17541 0.234673 0.964687 0.0344801 0.191651 0.0885604 -0.0197559 -0.0329871 0.00205408 0.0416482 0.0674365 0.181368 0.144798 -0.0362298 -0.0662626 0.00632398 0.0374007 0.190692
internal_weight=459826 55768.8 404057 52452.8 401330 51664.5 349666 49485.5 18289.1 3601.05 1549.92 1066.46 465.122 369.732 20.5769 601.335 349.155 219.912 14688.1 7777.66 2207.13 1084.57 849.598 226.765 210.954 1122.56 798.051 49856.9 324.513 75.536
internal_count=3859901 234965 3624936 227925 3620821 568638 3052183 554335 285089 34784 12527 11636 5815 3169 260 5821 2909 2565 250305 238954 32033 14208 10685 1648 1635 17825 13927 223575 3898 528
cat_boundaries=0 1 2 3 4 5 6 7 8 9 10 11 12 13
cat_threshold=1 512 13 129 4 41 2 28 16 2 10 25 768
is_linear=0
shrinkage=0.08


Tree=100
num_leaves=31
num_cat=15
split_feature=48 34 35 37 45 43 4 3 16 34 18 35 4 37 47 12 47 41 45 37 12 47 7 17 3 3 7 12 32 3
split_gain=373.012 214.762 460.74 503.189 382.16 349.589 476.978 423.483 694.116 403.709 337.559 444.472 337.286 431.911 483.89 411.787 478.332 507.309 398.423 388.883 378.704 379.437 378.132 558.66 441.712 405.657 366.297 662.93 346.104 327.804
threshold=0 1 2 3 4 5 74.000000000000014 752.20999145507824 1.0000000180025095e-35 6 1050.3750000000002 7 4.5000000000000009 8 9 335.01499938964849 10 11 12 13 566.52499389648449 14 457.07499694824224 2.5000000000000004 752.20999145507824 177.68499755859378 553.37496948242199 469.42500305175787 -5.2149999141693106 128.4049987792969
decision_type=9 1 1 1 9 9 8 10 2 1 2 1 8 1 1 2 1 9 9 1 2 1 2 2 10 8 2 2 8 8
left_child=1 12 -3 -4 10 6 9 -7 -9 -6 -5 -12 29 15 -15 16 17 -14 -19 28 21 -17 24 -24 -23 26 27 -25 -16 -1
right_child=-2 2 3 4 5 7 -8 8 -10 -11 11 -13 13 14 19 20 -18 18 -20 -21 -22 22 23 25 -26 -27 -28 -29 -30 -31
leaf_value=0.026988108370963909 0.040451117354096178 0.0080155322738729336 0.00056099427369253607 -0.0067376440679703196 -0.0098050509797646106 -0.0087244349691347409 -0.2418076719890529 -0.0068171195901221291 0.6313472826068296 -0.045406470884549625 0.016972645885450315 -0.013160020673064529 -0.050812549577788836 0.0037567884566355844 0.049215070874871376 0.0091806871068053492 -0.006807943188189499 0.064111475258459352 0.0039248747923419352 -0.018990839868830385 0.012162085914235612 0.053369658694481993 0.44858768926551884 -0.097095344538785627 0.3979163918442386 -0.095894577403585882 0.096638745648196814 0.60708778740649483 -0.0046031230206955492 0.0047552365016223152
leaf_weight=4462.2445797519758 1484.1024786245544 31807.953477523988 159096.59397382289 61315.778539442923 4126.1440256640781 11821.583070351742 67.024183090310544 29.001116798259318 17.484325619181618 4056.2044116295874 9435.0220445515588 4680.3078066064045 451.00948863103986 24803.583445786498 804.37351168971509 759.14920548908412 11124.131696614437 1734.4713761992753 1194.7360481247306 18053.496058824006 4295.6454619364813 1046.416358474642 39.72622499987483 12.414318989962338 24.368023824878037 43.357359340414405 88.997162604704499 27.530532663688064 15530.907947850414 86885.506358933635
leaf_count=27658 11325 280077 1211428 558193 50040 120181 611 476 111 52910 88016 113256 2715 40675 5177 1164 79950 5276 5482 165876 33704 11679 125 205 127 756 691 143 132717 858177
internal_value=0.000409006 0.000279207 -0.00106099 -0.00219502 -0.0067836 -0.0165788 -0.0292267 -0.00777026 0.233212 -0.0275211 -0.00416936 0.00698407 0.00251917 -0.00127224 -0.00475931 0.00862941 0.00120044 0.0275556 0.03966 -0.0109031 0.0256451 0.0540091 0.080538 0.178146 0.0612106 0.115792 0.186973 0.388237 -0.00195184 0.00584129
internal_weight=459319 457835 286453 254645 95548.5 20117.4 8249.37 11868.1 46.4854 8182.35 75431.1 14115.3 171382 80034.3 59192.4 20842 14504.3 3380.22 2929.21 34388.8 6337.6 2041.96 1282.81 212.026 1070.78 172.299 128.942 39.9449 16335.3 91347.8
internal_count=3858921 3847596 2475299 2195222 983794 224329 103561 120768 587 102950 759465 201272 1372297 486462 344445 142017 93423 13473 10758 303770 48594 14890 13726 1920 11806 1795 1039 348 137894 885835
cat_boundaries=0 1 2 3 4 5 6 7 8 9 10 11 12 13 14 15
cat_threshold=1 12 24 54 13 44 65 32 67 2 1 22 36 40 2
is_linear=0
shrinkage=0.08


Tree=101
num_leaves=31
num_cat=12
split_feature=25 45 1 37 38 3 3 21 3 45 13 37 3 38 42 3 3 47 14 42 38 43 3 3 11 13 19 31 45 32
split_gain=143.844 185.803 145.914 259.915 213.901 208.652 238.369 922.43 2691.57 362.628 326.897 226.522 469.638 245.652 277.136 363.805 398.736 234.787 219.321 214.822 439.79 206.148 404.443 486.41 313.355 376.298 205.803 200.231 199.006 287.87
threshold=1.0000000180025095e-35 0 3.5000000000000004 1 2 673.13500976562511 605.83001708984386 1.0000000180025095e-35 631.06500244140636 3 1.0000000180025095e-35 4 527.47000122070324 5 6 311.68499755859381 321.93499755859381 7 3.5000000000000004 8 9 10 460.75000000000006 513.95501708984386 6.5000000000000009 797.02502441406261 1.0000000180025095e-35 1.0000000180025095e-35 11 -2.5749999284744258
decision_type=8 9 2 1 1 8 10 2 10 9 2 1 10 1 9 10 10 1 2 9 1 9 10 10 2 2 2 8 9 10
left_child=1 -1 -2 5 -5 6 9 10 -9 11 -8 12 -4 19 15 -15 -17 21 -7 20 -13 22 -16 24 25 27 -21 -24 29 -6
right_child=2 -3 3 4 28 18 7 8 -10 -11 -12 13 -14 14 17 16 -18 -19 -20 26 -22 -23 23 -25 -26 -27 -28 -29 -30 -31
leaf_value=0.078047291016429043 0.00043477689099063939 -0.024677644076849723 -0.09925220704414045 -0.055739469636412499 -0.016917818702013754 -0.060483370415447824 0.16601526319265045 1.8475499338163035 -0.041461360918739969 -0.021018326527880455 -0.026892500400861878 0.32652813007344961 0.38013964124360428 0.016026825642054592 -0.09256584959254513 0.4234606636083415 0.10294043301511707 0.029632418091588654 0.17447677564727354 0.078736817007457285 -0.009684253943465752 -0.05399001035433118 -0.083857959450182332 -0.0890043488116741 -0.086066411964315984 0.78674802727223225 0.0066888944554052577 0.43051579365596904 -0.031720149991298449 0.065352465308848889
leaf_weight=322.96831143693998 453105.09954466484 168.49206753168255 20.08460876531899 503.36335635418072 546.03244966547936 289.92478368198499 98.635614965111017 7.3369598984718349 14.113687639590351 938.95347636146471 130.73764304677024 49.240762442350388 37.493418004363775 378.38020535930991 59.744891573674977 29.019230782985687 172.48916030395776 689.4321525413543 27.86968663521111 638.06994406878948 51.024891071021557 614.8019406599924 7.4880157737061408 24.909545370843261 8.3297270787879807 13.703550528734921 421.26219662465155 13.714058544486759 649.47472351090983 542.78171246219426
leaf_count=962 3805695 1176 322 4638 2936 2874 390 127 202 10318 2067 62 112 2755 1413 99 1151 874 148 1674 206 8970 216 688 284 34 2016 76 5429 3027
internal_value=0.000657791 0.0439151 0.000611584 0.0120916 -0.0103474 0.0226847 0.0272353 0.102978 0.604654 0.0226774 0.0560621 0.0353385 0.181409 0.0321248 0.0150338 0.061213 0.149099 -0.00395971 -0.039878 0.0613973 0.170069 -0.0351962 0.0550666 0.192582 0.354814 0.460024 0.0496173 0.248852 0.00304058 0.0238752
internal_weight=460575 491.46 460084 6978.41 2241.65 4736.76 4418.97 250.824 21.4506 4168.14 229.373 3229.19 57.578 3171.61 2012.01 579.889 201.508 1432.12 317.794 1159.6 100.266 742.692 127.89 68.1449 43.2354 34.9056 1059.33 21.2021 1738.29 1088.81
internal_count=3860941 2138 3858803 53108 16030 37078 34056 2786 329 31270 2457 20952 434 20518 16560 4005 1250 12555 3022 3958 268 11681 2711 1298 610 326 3690 292 11392 5963
cat_boundaries=0 1 2 3 4 5 6 7 8 9 10 11 12
cat_threshold=9 97 50 41 64 594 34 4 2 2 1 9
is_linear=0
shrinkage=0.08


Tree=102
num_leaves=31
num_cat=14
split_feature=44 3 3 46 35 34 19 18 12 3 12 42 34 32 3 18 37 18 40 45 42 32 45 34 7 3 45 12 3 43
split_gain=214.328 525.617 519.365 525.795 322.745 413.095 335.088 355.364 431.842 397.207 324.597 286.204 277.826 249.209 248.486 284.446 245.994 381.426 317.305 243.411 237.455 236.545 234.841 365.899 309.377 423.048 287.353 282.883 287.638 516.687
threshold=0 inf 9.4749999046325701 1 2 3 12.025000095367433 267.55000305175787 179.9999923706055 177.68499755859378 22.550000190734867 4 5 -3.564999938011169 501.13999938964849 1202.049987792969 6 267.55000305175787 7 8 9 -0.085000000894069658 10 11 249.6249923706055 197.51499938964847 12 120.00000381469728 622.82498168945324 13
decision_type=9 8 10 1 1 1 2 2 2 10 2 9 1 8 10 2 1 2 1 9 9 8 9 1 2 10 9 2 10 9
left_child=2 22 3 -1 5 20 7 8 21 -9 16 13 -5 -8 15 -12 17 -6 -18 -13 -4 -7 -2 24 -24 26 -26 28 -25 -30
right_child=1 -3 4 12 10 6 11 9 -10 -11 14 19 -14 -15 -16 -17 18 -19 -20 -21 -22 -23 23 27 25 -27 -28 -29 29 -31
leaf_value=0.0034366053402175314 -0.00044507243837972404 0.034451737946816365 0.02704793731715769 -0.017970501559471708 0.00065177006985833957 -0.025350108315021491 -0.045843178934283434 -0.076755227779692695 0.13662933121308615 0.042044397371659138 0.0014816835711097226 0.020740266402408208 -0.063807715951659183 0.042461453633911996 0.018704660213616272 -0.050436754781351019 -0.012080169153849454 0.17196058788885779 0.040056761719792347 -0.033843710005610254 -0.01437359436586718 0.0081917731868087588 0.00081129257909847016 -0.0050223468791406132 0.098959840983944378 0.0061526847894242467 -0.068786614974327878 -0.017190980636790098 0.16359617907642171 -0.015536228016819092
leaf_weight=4578.1891874624416 348621.63689380256 2665.5574065409601 970.40865937061608 2001.9150293376297 2756.9198160301894 1532.4322610776871 216.30956907384098 684.47660336457193 159.3559557273984 244.44988132826984 2780.560174362734 1517.7496800385416 1491.4188190326095 3758.8774194233119 3479.8748901411891 892.02136613521725 850.19481420889497 85.770108092576265 6194.7495492426679 784.99115952663124 9301.6396345514804 11037.286585337482 7749.1995902829804 24055.856587262126 674.37279662350193 1125.2921380894259 68.26604570960626 17571.365226662485 171.20140789286233 241.73481608368456
leaf_count=17982 3051987 4141 4846 3885 20310 5142 926 3751 264 715 11657 3749 3895 11680 29846 4489 2322 516 18953 3920 49111 36578 59628 195599 3615 12531 604 288879 2429 6340
internal_value=-0.000314258 -0.000955303 0.00435507 -0.0143992 0.00755893 0.00258882 0.00930277 0.00227566 0.00576164 -0.0454927 0.0163586 0.0246055 -0.037774 0.0375619 0.00338613 -0.0111286 0.0257591 0.00580012 0.0337566 0.00206702 -0.010438 0.00410253 -0.00119109 -0.00622446 0.00784784 0.0370813 0.0839463 -0.00944474 -0.00388593 0.0623168
internal_weight=458264 402944 55319.6 8071.52 47248.1 30208 19935.9 13658 12729.1 928.926 17040.1 6277.93 3493.33 3975.19 7152.46 3672.58 9887.63 2842.69 7044.94 2302.74 10272 12569.7 400279 51657.3 9617.13 1867.93 742.639 42040.2 24468.8 412.936
internal_count=3860290 3625753 234537 25762 208775 120682 66725 46450 41984 4466 88093 20275 7780 12606 45992 16146 42101 20826 21275 7669 53957 41720 3621612 569625 76378 16750 4219 493247 204368 8769
cat_boundaries=0 1 2 3 4 5 6 7 8 9 10 11 12 13 14
cat_threshold=1 1 32 96 26 74 18 4 10 1 13 4 32 9
is_linear=0
shrinkage=0.08


Tree=103
num_leaves=31
num_cat=9
split_feature=4 1 37 38 3 7 3 35 4 42 19 4 4 4 34 3 3 19 43 17 19 43 3 23 3 3 34 19 1 43
split_gain=190.02 187.257 168.491 285.608 361.667 302.311 301.679 207.839 269.791 542.139 325.908 298.095 263.917 251.402 213.295 321.279 1230.17 1155.43 334.03 606.876 340.073 256.496 426.71 1178.05 243.894 215.37 269.642 391.784 947.046 215.196
threshold=74.000000000000014 5.5000000000000009 0 1 160.95500183105472 1557.1250610351565 145.4049987792969 2 1.0000000180025095e-35 3 566.01000976562511 15.500000000000002 9.5000000000000018 2.5000000000000004 4 265.66500854492193 251.86499786376956 85.465000152587905 5 3.5000000000000004 3944.849975585938 6 686.17501831054699 1.5000000000000002 351.16500854492193 387.18501281738287 7 442.84999084472662 1.0000000180025095e-35 8
decision_type=10 2 1 1 8 2 10 1 10 9 2 10 10 10 1 8 10 2 9 2 2 9 10 2 8 10 1 2 2 9
left_child=1 2 3 4 6 -6 -1 8 14 10 11 12 13 -10 15 16 18 -18 19 -5 -20 22 24 -24 -16 26 27 28 -26 -27
right_child=-2 -3 -4 7 5 -7 -8 -9 9 -11 -12 -13 -14 -15 21 -17 17 -19 20 -21 -22 -23 23 -25 25 29 -28 -29 -30 -31
leaf_value=0.074102120980196515 0.20731901826316276 0.035416869553813006 -0.00065853134508066658 -0.025980845766890553 0.00012774863744138839 0.21538718332689563 0.2513026647792832 -0.014468121912246248 0.22923953456197685 0.012868550941198795 -0.042315353757731169 -0.0015866413008142522 0.28232672486443294 0.017904005158547079 -0.012414746191085737 -0.00027469512470015763 0.66438316294261057 -0.14338611212537794 0.013413215610994733 0.71155737551029807 0.22153577182937273 -0.013574102088919139 0.071023757928518991 0.80027920291885157 0.11083507003974864 0.064434313381498465 0.03068353827077298 0.0015155767212365128 0.75095827896997136 -0.018678161011164065
leaf_weight=344.59001199901104 28.212565898895264 937.16721260780469 443109.38507945184 13.502150945365431 703.28160016983747 44.390585672110319 74.843738526105881 2829.9552660451736 70.475474217906594 1176.0307943280786 62.800542823970318 61.611612865701318 118.59292356669903 73.696279237046838 1342.7591723008081 1141.7941054995172 39.099051110446453 15.958938292227684 732.09981338400394 15.153913249261675 53.950313443318009 4458.4286788282916 126.37652596272528 15.968403338454662 42.707844624295831 342.82551496475935 174.22184409108013 35.215407996438444 22.629726173356175 453.14505017921329
leaf_count=824 4 4386 3747984 135 3132 132 197 24277 161 7760 655 359 197 310 10486 9877 111 281 5295 94 154 34482 874 126 152 2677 1091 292 182 4201
internal_value=-0.000294056 -0.000306827 -0.000379974 0.00807718 0.0458704 0.0129081 0.105722 0.00475844 0.00990561 0.0405989 0.121362 0.156791 0.193927 0.121211 0.00460073 0.027493 0.0642614 0.430246 0.0395281 0.269869 0.0273497 -0.00200066 0.0181623 0.152832 0.0102949 0.0387738 0.0998398 0.197018 0.332542 0.0176933
internal_weight=458661 458633 457695 14586.1 1167.11 747.672 419.434 13419 10589 1563.21 387.177 324.376 262.765 144.172 9025.84 2011.56 869.764 55.058 814.706 28.6561 786.05 7014.28 2555.85 142.345 2413.5 1070.75 274.775 100.553 65.3376 795.971
internal_count=3860888 3860884 3856498 108514 4285 3264 1021 104229 79952 9442 1682 1027 668 471 70510 15947 6070 392 5678 229 5449 54563 20081 1000 19081 8595 1717 626 334 6878
cat_boundaries=0 1 2 3 4 5 6 7 8 9
cat_threshold=66 195 40 8 48 32 41 10 8
is_linear=0
shrinkage=0.08


Tree=104
num_leaves=31
num_cat=16
split_feature=31 40 32 37 48 38 32 44 3 3 38 35 11 38 45 45 38 32 34 6 37 38 45 34 0 18 18 3 5 6
split_gain=235.131 603.275 227.724 197.791 185.239 246.769 233.414 173.483 452.358 384.565 337.917 294.102 338.369 293.389 269.269 238.223 509.09 273.161 252.563 250.441 223.745 478.078 370.736 415.2 391.891 268.947 276.547 295.27 244.747 285.565
threshold=1.0000000180025095e-35 0 -0.96500000357627858 1 2 3 2.7350000143051152 4 9.4749999046325701 inf 5 6 9.5000000000000018 7 8 9 10 -1.4750000238418577 11 159.9999923706055 12 13 14 15 1.5000000000000002 3542.599975585938 4282.0300292968759 639.05499267578136 1.5000000000000002 509.49998474121099
decision_type=10 1 8 1 9 1 10 9 10 8 1 1 2 1 9 9 1 8 1 2 1 1 9 1 2 2 2 10 2 2
left_child=3 -2 -3 -1 7 -6 -7 8 10 -9 -5 15 20 -11 -12 17 -17 -10 -18 -19 -13 22 -22 24 -24 -23 27 -27 -26 -30
right_child=1 2 -4 4 5 6 -8 9 11 13 14 12 -14 -15 -16 16 18 19 -20 -21 21 25 23 -25 28 26 -28 -29 29 -31
leaf_value=0.0089802925686478016 -0.15488605388060173 -0.005098884942320631 0.021322874809828016 -0.045910889209486355 -0.020431657664600644 0.076304072270820533 -0.022052712421518579 -0.0014463021240665533 -0.018538150451962911 -0.004585475183726209 0.004016149529385166 0.033466629984013785 -0.020854961211103785 0.05313046244229222 -0.035724943654061397 -0.084166168652841766 0.015398679106058343 0.0082926850614199916 -0.0085426084409874932 0.037354351439732654 -0.0014115128512184342 -0.0048925631951571178 -0.0095102758601161748 -0.0045420517401022044 0.07746208993111682 0.0027869393484239091 0.022084923339769226 0.35079324415446195 0.20557249667897445 -0.018820421657769339
leaf_weight=14327.637575930683 127.26357073895633 2887.8033704841509 7534.9900457779877 1664.1523005459458 427.12512163259089 680.12994711101055 199.77506718877703 379538.19041431276 1842.2207980724052 923.81225485447794 4657.5935573829338 4843.8504816116765 1464.1873857881874 1448.7726999698207 1414.6641762610525 491.31123237218708 3837.7931328881532 8538.82381853275 10550.171533675864 2440.0883545782417 1125.7828351445496 5636.5516627142206 287.56497354991734 566.30223867855966 1138.2899881899357 24.740837113931775 129.6313304901123 42.249853994697332 202.50379867292941 44.223240515217185
leaf_count=107022 1039 12178 22715 4355 1949 6009 2667 3477992 8187 1782 17595 17176 13530 2120 3053 1976 16854 25293 54828 8675 3060 39908 906 3383 3383 128 1561 190 558 305
internal_value=1.31435e-05 0.0118182 0.0139889 -0.000264554 -0.000569835 0.0295019 0.0533665 -0.000660652 0.00372454 -0.00124559 -0.0140908 0.00691451 0.0157321 0.0308622 -0.00528591 0.00197227 -0.0049132 0.00996064 -0.00215034 0.0147517 0.0195584 0.0121843 0.0361564 0.054969 0.0750254 -0.00168134 0.090289 0.222268 0.0931189 0.165352
internal_weight=459038 10550.1 10422.8 448488 434161 1307.03 879.905 432853 50942.7 381911 7736.41 43206.3 15505.9 2372.58 6072.26 27700.4 14879.3 12821.1 14388 10978.9 14041.7 9197.84 3364.67 2238.88 1672.58 5833.17 196.622 66.9907 1385.02 246.727
internal_count=3860377 35932 34893 3824445 3717423 10625 8676 3706798 224904 3481894 25003 199901 84088 3902 20648 115813 73658 42155 71682 33968 70558 53382 11595 8535 5152 41787 1879 318 4246 863
cat_boundaries=0 1 2 3 4 5 6 7 8 9 10 11 12 13 14 15 16
cat_threshold=1 66 1 531 1 131 32 21 33 11 129 17 40 850 8 46
is_linear=0
shrinkage=0.08


Tree=105
num_leaves=31
num_cat=14
split_feature=44 3 38 32 3 38 44 31 38 24 20 38 9 3 19 37 26 45 1 37 19 17 45 37 17 38 45 41 17 27
split_gain=204.901 428.957 438.447 347.413 324.983 362.906 316.021 300.676 284.081 275.777 240.105 214.208 213.283 264.373 201.115 207.757 181.974 174.718 167.696 253.572 268.806 252.41 307.986 340.829 211.71 185.463 710.155 169.072 167.886 165.869
threshold=0 1.0000000180025095e-35 1 17.454999923706058 inf 2 3 1.0000000180025095e-35 4 8.5000000000000018 1.0000000180025095e-35 5 1.0000000180025095e-35 583.55001831054699 2017.0999755859377 6 1.0000000180025095e-35 7 1.5000000000000002 8 1244.6250000000002 15.500000000000002 9 10 4.5000000000000009 11 12 13 4.5000000000000009 5.5000000000000009
decision_type=9 10 1 10 8 1 9 10 1 2 2 1 2 10 2 1 8 9 2 1 2 2 9 1 2 1 9 9 2 10
left_child=1 -1 17 18 6 -6 7 16 -9 11 -5 -8 13 -13 -12 -16 29 -3 19 20 28 22 23 -20 -22 26 -21 -27 -4 -2
right_child=4 2 3 10 5 -7 9 8 -10 -11 14 12 -14 -15 15 -17 -18 -19 21 25 24 -23 -24 -25 -26 27 -28 -29 -30 -31
leaf_value=-0.022977926396918025 0.058433234355199162 0.12569417935889207 0.019166598493491737 0.019695903646085592 -0.02336884124062022 0.04587875069043662 -0.045832799179717186 0.042095842887178499 0.0035918484665395972 0.26726999472410606 0.11518382542628804 0.001638105203007878 0.099868097476375373 -0.060121069802635534 0.20838312998447614 -0.039167995179287221 -0.00069068908085673968 0.033428936591603751 -0.037052484958932277 -0.094871291419050791 0.22272331773253243 -0.041740100429232652 0.014553248617176622 0.12481108859226456 0.058222598024868261 0.073248640106669261 0.028183321479063772 9.6260000147553427e-05 -0.032693379537336184 -0.074294384609113515
leaf_weight=3350.6854791194201 532.0421240713913 132.69248046725988 3915.1171391550452 1046.1053937347606 647.69761986751109 1876.0338821737096 1686.7292222594842 2024.154589955695 3108.5502174929716 20.914306769147515 389.99220022466034 1762.4019783772528 110.39155388996005 592.81522218510509 16.031148862093687 120.37985352799296 392199.06493545044 2447.4195574149489 110.59706672281027 572.96388515643775 60.932311207056046 462.97399948444217 5909.487963642925 324.07204625196755 280.89527965150774 193.38196800649166 614.29059537313879 34984.224628360011 444.91159605234861 67.955762400524691
leaf_count=6943 2088 111 8363 4287 1387 2844 23944 5608 10273 77 1724 7978 319 3968 36 1214 3569131 4197 465 2674 55 2679 20729 700 609 248 906 176963 1319 680
internal_value=0.000202599 0.00476657 0.00655342 0.00487028 -0.000422023 0.028196 -0.000601638 -0.000371965 0.0188655 -0.0225017 0.041871 -0.0239612 -0.00877727 -0.0139069 0.0859389 0.00232925 -0.00062334 0.038641 0.00365594 0.00172825 0.0191897 0.0152855 0.0194471 0.0837195 0.0875456 -0.000534599 -0.0314987 0.000519103 0.0138746 0.0434005
internal_weight=460006 55377.2 52026.5 49446.4 404629 2523.73 402105 397932 5132.7 4173.25 1572.51 4152.34 2465.61 2355.22 526.403 136.411 392799 2580.11 47873.8 41066.7 4701.86 6807.13 6344.16 434.669 341.828 36364.9 1187.25 35177.6 4360.03 599.998
internal_count=3862519 234222 227279 222971 3628297 4231 3624066 3587780 15881 36286 7261 36209 12265 11946 2974 1250 3571899 4308 215710 191137 10346 24573 21894 1165 664 180791 3580 177211 9682 2768
cat_boundaries=0 1 2 3 4 5 6 7 8 9 10 11 12 13 14
cat_threshold=1 512 1 2 393 556 8 2 70 2 44 129 32 16
is_linear=0
shrinkage=0.08


Tree=106
num_leaves=31
num_cat=21
split_feature=1 47 35 40 37 34 45 38 45 1 41 6 11 36 39 1 38 41 34 42 38 34 43 37 7 7 36 6 1 45
split_gain=234.446 206.596 378.791 533.356 463.967 498.44 632.756 610.772 524.968 642.978 636.171 473.94 2323.46 445.259 471.508 1055.25 488.44 601.496 412.077 559.567 632.414 622.396 577.505 584.292 785.97 646.559 502.974 497.344 554.185 770.424
threshold=5.5000000000000009 0 1 2 3 4 5 6 7 1.0000000180025095e-35 8 26996.174804687504 18.500000000000004 9 10 1.5000000000000002 11 12 13 14 15 16 17 18 318.97500610351568 588.02499389648449 19 225.00000762939456 1.5000000000000002 20
decision_type=2 1 1 1 1 1 9 1 9 2 9 2 2 9 9 2 1 9 1 9 1 1 9 1 2 2 9 2 2 9
left_child=1 2 3 -1 5 6 11 8 9 -7 -11 13 -13 14 15 -4 17 -16 -5 -20 -21 22 23 24 -22 -26 27 28 29 -25
right_child=-2 -3 4 18 -6 7 -8 -9 -10 10 -12 12 -14 -15 16 -17 -18 -19 19 20 21 -23 -24 26 25 -27 -28 -29 -30 -31
leaf_value=-0.027171188757270929 0.039450985487357246 0.0011344469864631131 -0.084543086166888631 -0.012027146808056511 -0.012553834337563666 0.18133640690686526 0.0014929054817094279 0.0019889327533601587 -0.049787811887695162 0.41739115400791515 -0.035795024225499711 2.6432659756893631 -0.085200899341930009 -0.085074420582610333 0.32901183937027212 0.73261119546400599 0.037785177115458916 0.076392994733557068 -0.0013934895539221065 -0.013708328256755883 0.061209739988509607 0.0078732159187432944 0.017799610626628819 0.095522737563368737 0.27843379716806727 0.07784905187372565 -0.074367032676377828 -0.064080028622293908 0.23869960595376949 -0.076984633019641965
leaf_weight=4073.114067832008 964.69916748581454 311889.16991185676 19.918313290923834 10814.311769728083 39105.781078895088 143.37454086728394 4137.9983741187025 13773.634163502138 2842.0425644940697 10.834691273979843 407.8576724533923 2.6437828540801993 8.1705907536670548 137.89324998110533 77.830884635448456 20.547796620056033 1851.059243215248 265.3764854259789 39648.676458574831 4659.508675025776 2165.0134350694716 14379.475898712641 5765.4682793589309 544.53407190926373 213.41572948265821 198.51207887381315 301.34077951125801 228.66509172879159 107.31259138975292 228.96164448233321
leaf_count=48491 4305 1146734 682 226805 947275 4698 110038 227498 104974 138 13170 87 358 1741 424 293 45884 1852 550990 35959 24382 254323 80760 8756 1724 2096 3966 5054 1238 5617
internal_value=5.44198e-05 -2.85583e-05 -0.00251074 0.00102556 -0.00720163 0.00163155 0.0204437 -0.00551813 -0.0358099 0.034503 -0.0149537 0.0532014 0.581826 0.0510162 0.0595279 0.33039 0.054804 0.141374 0.0024779 0.00477126 0.013258 0.0184682 0.0340646 0.0574771 0.0801704 0.18177 0.0157539 0.040677 0.0683346 0.0446987
internal_weight=458987 458022 146133 83328.3 62805 23699.2 6521.44 17177.7 3404.11 562.067 418.692 2383.44 10.8144 2372.63 2234.73 40.4661 2194.27 343.207 79255.2 68440.9 28792.2 24132.7 9753.22 3987.76 2576.94 411.928 1410.81 1109.47 880.808 773.496
internal_count=3860312 3856007 2709273 1250161 1459112 511837 161359 350478 122980 18006 13308 51321 445 50876 49135 975 48160 2276 1201670 974865 423875 387916 133593 52833 28202 3820 24631 20665 15611 14373
cat_boundaries=0 1 2 3 4 5 6 7 8 9 10 11 12 13 14 15 16 17 18 19 20 21
cat_threshold=4 48 1 104 99 1 33 34 1 138 2 144 32 65 50 514 12 40 15 128 41
is_linear=0
shrinkage=0.08


Tree=107
num_leaves=31
num_cat=9
split_feature=47 38 42 36 11 34 4 35 3 18 3 36 18 16 20 7 3 45 17 11 17 34 11 6 6 18 3 4 11 3
split_gain=354.003 321.334 558.178 522.244 519.325 415.094 396.179 354.668 450.464 746.765 765.393 1009.66 969.021 905.327 1104.98 723.1 865.439 661.846 532.246 833.46 654.021 527.567 805.85 946.838 1322.88 719.012 522.94 463.576 449.187 756.269
threshold=0 1 2 3 1.0000000180025095e-35 4 2.5000000000000004 5 513.95501708984386 1399.299987792969 663.13000488281261 6 1163.8999633789065 1.0000000180025095e-35 1.0000000180025095e-35 588.02499389648449 540.17501831054699 7 19.500000000000004 8.5000000000000018 9.5000000000000018 8 17.500000000000004 356.72499084472662 317.00003051757818 835.42498779296886 527.47000122070324 34.500000000000007 7.5000000000000009 77.049999237060561
decision_type=1 1 9 9 2 1 10 1 8 2 10 9 2 2 2 2 10 9 2 2 2 1 2 2 2 2 8 10 2 8
left_child=1 3 4 -1 5 -3 -7 28 -9 10 11 17 21 14 -14 16 -16 -10 19 -15 -21 22 -13 24 25 -24 -19 -22 -4 -30
right_child=-2 2 7 -5 -6 6 -8 8 9 -11 -12 12 13 18 15 -17 -18 26 -20 20 27 -23 23 -25 -26 -27 -28 -29 29 -31
leaf_value=0.0055056340767855065 0.0012513861366452589 -0.01179445792882694 -0.0061768434246835362 -0.018929818186695823 0.0017563057146877672 0.081967089290600356 -0.026641456790173216 -0.018517558359058005 0.27466363901112689 -0.027335065885511847 -0.033729508170622161 0.039099368511425307 -0.023962848416929465 0.087455851329395512 0.79148455166674214 1.3731874180673587 -0.08383997616152275 0.31781839836129516 -0.084801491549567273 1.2629970579515106 0.37836770882265863 -0.0099257794136273364 -0.08361187671304629 0.082261764674511823 2.6175205926493965 1.5046523671094181 -0.030195536716311644 1.0362268308571374 0.090997061808723315 0.0061038532647995462
leaf_weight=39340.944634352345 312791.1778516937 602.88336009415798 44612.23000670271 6516.2770104161464 6975.326469962718 1452.0901232222095 252.30116889160126 30074.295964102726 167.96536490228027 3872.5378195473459 1495.2725497197825 1910.9266050104052 156.32718269131146 26.536141757853329 13.623419709969314 4.9493414640892288 15.40149010112509 35.162303661927581 13.912572764093055 8.8970235679298622 34.411515687359497 2688.3832015756052 4.5867502274923044 14.536663593025876 2.6700034460518509 3.0287567309569567 129.06291464623064 8.5609311051666719 777.05301179969683 4948.7913331871387
leaf_count=538299 1147704 13873 724662 86588 169565 14186 1727 585127 1154 206019 45770 80530 9183 851 97 196 937 229 804 93 1030 122946 292 941 88 156 1667 19 9152 96337
internal_value=-0.000267398 -0.00351771 -0.00605368 0.00203 0.0126255 0.04554 0.0655054 -0.00795986 -0.0135148 0.000657085 0.0167541 0.0311629 0.021783 0.165632 0.0659049 0.479417 0.327011 0.164115 0.371207 0.452122 0.638684 0.0130383 0.0447511 0.497874 1.08527 0.548055 0.0417741 0.509426 -0.00346878 0.0176247
internal_weight=458950 146159 100302 45857.2 9282.6 2307.27 1704.39 91019.1 40681 10606.8 6734.21 5238.94 4906.75 282.62 190.301 33.9743 29.0249 332.191 92.3182 78.4056 51.8695 4624.13 1935.75 24.8222 10.2855 7.61551 164.225 42.9724 50338.1 5725.84
internal_count=3860222 2712518 2087631 624887 199351 29786 15913 1888280 1058129 473002 266983 221213 218163 13210 10413 1230 1034 3050 2797 1993 1142 204953 82007 1477 536 448 1896 1049 830151 105489
cat_boundaries=0 1 2 3 4 5 6 7 8 9
cat_threshold=4 897 1 208 96 48 56 1 40
is_linear=0
shrinkage=0.08


Tree=108
num_leaves=31
num_cat=13
split_feature=6 19 38 47 12 35 33 34 25 35 20 4 38 34 12 32 32 47 38 12 11 11 12 11 5 38 16 42 47 38
split_gain=192.881 300.561 222.998 274.984 228.671 263.852 174.866 231.5 165.141 159.482 280.15 271.155 237.909 223.882 488.044 639.194 528.707 318.985 291.172 387.099 893.706 1655.82 335.765 480.761 228.947 217.987 217.2 217.043 235.495 417.734
threshold=627.79998779296886 3944.849975585938 0 1 895.04998779296886 2 1.5000000000000002 3 1.0000000180025095e-35 4 1.0000000180025095e-35 74.000000000000014 5 6 1373.9749755859377 10.545000076293947 12.555000305175783 7 8 12462.429687500002 27.500000000000004 24.500000000000004 24011.339843750004 14.500000000000002 7.5000000000000009 9 2.5000000000000004 10 11 12
decision_type=2 2 1 1 2 1 2 1 10 1 2 8 1 1 2 10 10 1 1 2 2 2 2 2 2 1 2 9 1 1
left_child=-1 6 4 -4 5 -3 8 -8 9 27 25 13 -13 14 15 -12 -17 18 19 24 21 22 -21 -24 26 -11 -16 -2 29 -29
right_child=1 2 3 -5 -6 -7 7 -9 -10 10 11 12 -14 -15 17 16 -18 -19 -20 20 -22 -23 23 -25 -26 -27 -28 28 -30 -31
leaf_value=-0.00033147767634037986 0.019699559495797762 -0.032461242461590642 0.00062283811488654224 -0.047535836125567804 0.0003521759912467278 0.22585996366772446 0.13976981988467793 -0.044130241241693825 -0.018906103889964637 0.022208317249179117 0.020827405011617034 -0.29388142246505483 -0.045748932955878861 -0.0090335019146114033 0.10025002384747919 0.93300418616386682 0.26976791944413431 -0.0084526832329132606 -0.056060710264000821 0.018007611634182037 -0.08512735658467746 1.274830854426849 1.0280544898814477 0.14718683205317154 -0.055113090550320182 0.0027505494836007872 0.5494870889556307 0.028780001447761289 0.011285586142060197 -0.037601689019288377
leaf_weight=401529.82272375235 11604.940711895935 45.242948515340686 1310.8504952928051 1801.8961799966637 2218.4042385183275 52.077401900663972 125.80505238985643 63.117717690765858 1612.8384139861446 5963.6936100251041 70.992489761207253 26.622187113855034 118.29596160212532 10375.965488688322 87.666610761079937 9.4155752432998252 42.029962292406708 1205.7758857640438 75.026905113831162 23.137351560406387 29.388373249210417 12.372195120900868 6.4757766979746547 10.229201641865073 69.940097000449896 9644.9389322942588 7.4752639178186646 887.88320481125265 7047.5091746274848 1872.3301601358689
leaf_count=3220856 85862 343 2119 63564 18537 122 462 665 26023 44904 1627 334 576 153533 1603 54 543 38051 1010 591 877 100 69 213 1947 127477 6 4700 44466 19497
internal_value=0.00028397 0.00466381 -0.013232 -0.0271678 0.00559345 0.125642 0.00656888 0.0833925 0.0062832 0.00710907 0.00310562 -0.00599128 -0.114768 -0.00468046 0.0226124 0.17643 0.391154 0.010431 0.081207 0.12035 0.267765 0.466387 0.215341 0.48866 0.0547699 0.0102009 0.135546 0.0122957 0.00352399 -0.0162805
internal_weight=457952 56422.3 5428.47 3112.75 2315.72 97.3204 50993.9 188.923 50804.9 49192.1 27779.4 12170.8 144.918 12025.9 1649.93 122.438 51.4455 1527.49 321.712 246.685 81.6029 52.2145 39.8423 16.705 165.082 15608.6 95.1419 21412.7 9807.72 2760.21
internal_count=3860731 639875 84685 65683 19002 465 555190 1127 554063 528040 373515 201134 910 200224 46691 2224 597 44467 6416 5406 1850 973 873 282 3556 172381 1609 154525 68663 24197
cat_boundaries=0 1 2 3 4 5 6 7 8 9 10 11 12 13
cat_threshold=832 2 40 48 32 288 64 1 32 84 40 1 897
is_linear=0
shrinkage=0.08


Tree=109
num_leaves=31
num_cat=13
split_feature=44 3 46 3 38 6 34 41 34 38 43 34 3 3 6 36 3 5 45 6 16 32 7 33 33 7 39 13 37 2
split_gain=219.655 440.88 465.556 314.835 281.802 279.332 321.95 233.661 571.944 332.618 301.884 290.594 264.694 246.669 245.684 235.184 421.11 222.871 278.684 382.012 359.695 288.308 299.596 261.328 227.38 276.843 218.157 212.878 246.25 967.156
threshold=0 9.4749999046325701 1 inf 2 482.02499389648443 3 4 5 6 7 8 205.23500061035159 187.58499908447268 251.05002593994143 9 177.68499755859378 3.5000000000000004 10 1368.1750488281252 1.0000000180025095e-35 3.3950001001358037 109.17499923706056 1.0000000180025095e-35 1.5000000000000002 1681.0501708984377 11 956.32501220703136 12 2.5000000000000004
decision_type=9 10 1 8 1 2 1 9 1 1 9 1 10 10 2 9 10 2 9 2 2 8 2 2 2 2 9 2 1 10
left_child=1 2 -1 5 -3 7 17 8 9 10 -2 13 14 15 -10 -11 -17 18 19 23 21 22 -21 -7 27 -26 -13 -19 29 -29
right_child=3 4 -4 -5 -6 6 -8 -9 12 11 -12 26 -14 -15 -16 16 -18 24 -20 20 -22 -23 -24 -25 25 -27 -28 28 -30 -31
leaf_value=0.0042740756737251308 0.061214802258050711 0.036227236765875193 -0.034516605273984868 0.027861786749047154 0.0063966326352471493 0.0032927635438486855 0.0060074173165913869 -0.0020242067392346515 0.00086696843338260766 0.23972958974698771 -0.035778640520873463 0.17014075391872271 -0.035896385142930018 -0.048300459929941385 0.087813232576475359 -0.071199466369165479 0.21187841958489578 -0.00671352844728214 -0.017001686103239839 0.43524029363308964 0.58940561688369897 0.023510755966274381 0.11967882180864126 0.32465602697475054 0.0018230769963376728 0.49057707049943722 -0.070070455757885022 0.0022623852526852417 -0.047436644153240747 0.75295466130510635
leaf_weight=4580.7954750591889 2228.9151609558612 2113.2382270153612 3487.8378754425794 2475.6507291682065 45247.136897679418 415.25958389393054 57804.397854121169 327255.15977856563 3898.7600386179984 48.888309521600604 223.17258012387902 25.837438382208347 1300.3212947053835 103.07074014656246 219.71821668744087 84.354994501918554 55.934027979150414 3123.5453781164251 712.62251443322748 29.643399291206151 11.364276198670266 88.144484034739435 54.946076658554375 16.851953340694308 18.569665984949101 12.34982548560947 381.13477029977366 268.09590127319098 2138.328076274367 11.453023407608269
leaf_count=17906 3714 3531 7749 4185 204899 5681 620445 2843007 12170 25 899 35 5983 557 545 386 53 52678 13038 232 152 1124 550 111 199 64 1745 3771 55482 108
internal_value=6.99533e-05 0.00479176 -0.012494 -0.000579479 0.00773669 -0.000755272 0.00405775 -0.00168263 0.0113499 0.0383974 0.0522776 -0.0103299 -0.00442134 0.0495755 0.0055055 0.105522 0.0388929 -0.0122636 0.0171587 0.0560305 0.153442 0.12476 0.230264 0.0158256 -0.0193019 0.197041 -0.0535055 -0.0205091 -0.0383309 0.0318777
internal_weight=458435 55429 8068.63 403006 47360.4 400531 64705.6 335825 8570.11 3151.31 2452.09 699.22 5418.8 292.248 4118.48 189.177 140.289 6901.17 1328.83 616.21 184.098 172.734 84.5895 432.112 5572.34 30.9195 406.972 5541.42 2417.88 279.549
internal_count=3861024 234085 25655 3626939 208430 3622754 753635 2869119 26112 7414 4613 2801 18698 1021 12715 464 439 133190 20888 7850 2058 1906 782 5792 112302 263 1780 112039 59361 3879
cat_boundaries=0 1 2 3 4 5 6 7 8 9 10 11 12 13
cat_threshold=1 1 512 32 16 56 657 4 8 34 4 2 10
is_linear=0
shrinkage=0.08


Tree=110
num_leaves=31
num_cat=9
split_feature=35 4 38 37 18 10 18 36 43 34 19 3 6 32 19 6 3 3 34 32 32 6 32 32 42 4 4 19 4 34
split_gain=173.963 378.496 319.903 320.13 390.416 323.17 299.956 268.052 469.567 463.65 474.378 568.178 480.551 363.584 309.624 584.42 490.38 270.872 265.931 287.838 415.434 333.722 325.705 288.92 249.144 292.767 371.679 786.212 855.675 250.549
threshold=0 6.5000000000000009 1 2 7993.5500488281259 1.0000000180025095e-35 3542.599975585938 3 4 5 839.52499389648449 622.82498168945324 782.49993896484386 -65.584999084472642 1471.049987792969 1136.0150146484377 335.62500000000006 345.05000305175787 6 3.5849999189376835 -0.65500000119209278 102.02499389648439 0.37500000000000006 2.7350000143051152 7 13.500000000000002 15.500000000000002 60.774999618530281 14.500000000000002 8
decision_type=1 10 1 1 2 2 2 9 9 1 2 10 2 8 2 2 10 10 1 8 10 2 10 8 9 10 10 2 10 1
left_child=1 2 -1 4 5 -4 -2 8 9 14 11 13 -13 -11 15 16 -7 -15 19 20 -10 -22 -23 -24 25 -3 27 28 -27 -26
right_child=6 24 3 -5 -6 7 -8 -9 18 10 -12 12 -14 17 -16 -17 -18 -19 -20 -21 21 22 23 -25 29 26 -28 -29 -30 -31
leaf_value=0.015499649743092887 -0.0010362960281769659 -0.051330471049989973 0.0094957669479434521 -0.0020303592024392796 -0.029686223008805669 0.4488537016369063 0.0079827360439525073 -0.0017843977048450105 0.062813581904555119 0.50290178672331287 -0.024872552655103936 0.20557256001657009 0.75810526001191558 0.21678304998103151 0.13969270977971088 0.81308997360654345 -0.056920161571996981 -0.046223883378535911 -0.0098537260942790535 0.0036850786840777702 0.64239866362294895 0.45232514085753062 -0.086205933352739697 0.32986365233997933 0.021298278276479628 0.14717517191177654 0.012217983149160411 -0.00013623675412951941 0.83957156105226294 -0.03093445785204163
leaf_weight=15581.07426915504 350012.11123155197 427.76971409469843 20024.259982836666 36705.25792687526 1492.077436801279 33.395553758367896 25306.706197425723 616.40525775775313 181.56232205079868 11.959485109895468 157.46858156612143 25.70573606248945 16.566352632828057 37.134918428957462 56.876436525955796 16.143043576739728 19.393439329694957 77.084692601580173 517.89155586389825 205.97977201663889 13.587080930825321 22.973704420495778 26.533708134200428 17.878390660509464 675.96281321416609 30.501895061694086 1697.4795646227431 80.962174367159605 18.262175057083368 4306.6044404632412
leaf_count=58981 2637738 3404 228990 580023 31038 53 248881 3897 2597 22 2733 216 83 345 310 134 333 1114 6604 4312 106 195 464 164 4974 197 12858 514 79 28260
internal_value=0.000305168 0.00361703 0.00528522 0.00264183 0.00991527 0.012596 -0.000428156 0.0428121 0.0615116 0.128615 0.0727206 0.168268 0.422109 0.083227 0.257398 0.391858 0.263044 0.0392846 0.029799 0.0729206 0.130019 0.280711 0.207783 0.0812857 -0.0138623 0.00820876 0.0221925 0.15271 0.406478 -0.0238198
internal_weight=458414 83094.8 75857.2 60276.1 23570.9 22078.8 375319 2054.54 1438.13 451.728 325.92 168.451 42.2721 126.179 125.808 68.932 52.789 114.22 986.407 468.515 262.535 80.9729 67.3858 44.4121 7237.54 2254.98 1827.21 129.726 48.7641 4982.57
internal_count=3859619 973000 922714 863733 283710 252672 2886619 23682 19785 5343 4513 1780 299 1481 830 520 386 1459 14442 7838 3526 929 823 628 50286 17052 13648 790 276 33234
cat_boundaries=0 1 2 3 4 5 6 7 8 9
cat_threshold=17 643 42 160 4 66 48 9 96
is_linear=0
shrinkage=0.08


Tree=111
num_leaves=31
num_cat=14
split_feature=47 2 4 38 43 32 2 38 45 38 17 46 32 3 3 43 7 23 18 42 43 39 1 3 32 36 4 43 3 45
split_gain=235.264 330.831 334.191 317.844 352.436 293.219 424.074 516.606 495.787 333.706 290.273 256.365 556.352 341.756 306.54 253.767 290.412 285.853 384.616 452.506 376.357 722.899 827.863 340.96 278.22 282.705 317.733 314.279 381.252 276.97
threshold=0 inf 4.5000000000000009 1 2 -8.9250001907348615 inf 3 4 5 42.500000000000007 6 -8.9250001907348615 117.70999908447267 197.51499938964847 7 133.00000762939456 2.5000000000000004 51.049999237060554 8 9 10 1.5000000000000002 281.37500000000006 -8.9250001907348615 11 1.5000000000000002 12 192.27500152587893 13
decision_type=1 8 10 1 9 10 8 1 9 1 2 1 8 10 10 9 2 2 2 9 9 9 2 10 8 9 10 9 8 9
left_child=5 15 3 4 -3 6 11 8 -8 -7 -6 -1 14 -14 -13 16 29 -17 19 -19 21 22 -21 -23 -20 26 -26 28 -28 -2
right_child=1 2 -4 -5 10 9 7 -9 -10 -11 -12 12 13 -15 -16 17 -18 18 24 20 -22 23 -24 -25 25 -27 27 -29 -30 -31
leaf_value=-0.0024062069940947017 0.0052185964150755978 0.033069336384617322 -0.081600727037051221 -0.049138639680470143 -0.021396031756442814 -0.0042660850326283915 -0.15470640511443193 0.039054256333693076 -0.00036992280584535855 0.0062011210972815166 0.24101829944094433 -0.12836690183211155 -0.026914211861351262 0.022395107296083624 -0.011690765852694534 0.00035921302740059583 -0.026632186977304528 -0.048056950324794574 0.028335793782448798 1.2937727109132837 0.030488647489054901 -0.091632951585506536 0.27787874582215383 0.16483251346971925 -0.013835509602820378 -0.037988690268303628 0.54436733779438695 0.005124994536829245 0.073769641653474258 -0.019528827155341381
leaf_weight=68419.792321067303 7754.906706065638 1180.357796515571 524.38206964312121 1282.0857584094629 2798.987468355801 24063.336862677708 131.4616974722594 3366.0087698567659 2295.4346869755536 102534.96451380104 27.240664279088378 439.93794214725494 2730.4910870306194 1341.5609202831984 214.31848515570164 202344.73025451554 5145.6016371236183 402.1009761095047 1093.6219365729485 6.9571417518891421 1273.4270538804121 45.666937646456063 19.589002907741815 121.29343702550977 18109.743855613517 2562.07031683065 11.421556562185286 2622.2530455575325 311.63052715361118 4605.6840821527876
leaf_count=106779 170594 3043 3688 13541 13667 43325 521 6809 5429 158362 46 1379 5723 1709 356 2631302 185931 5220 9798 71 13546 839 315 2054 298846 28562 108 26707 3458 118386
internal_value=-0.000183415 -0.00182051 -0.0206843 -0.0146443 -0.00347494 0.0018257 -0.00200086 0.018835 -0.00933066 0.00421171 -0.0188002 -0.00365099 -0.021671 -0.010669 -0.0901466 -0.00137554 -0.0106562 -0.000665336 -0.00846521 0.0265262 0.0469776 0.148658 0.544121 0.0946842 -0.0111118 -0.0129385 -0.00986757 0.0144965 0.0876932 -0.00401413
internal_weight=457781 252244 5813.05 5288.67 4006.59 205537 78939 5792.91 2426.9 126598 2826.23 73146.1 4726.31 4072.05 654.256 246431 17506.2 228925 26579.8 1869.03 1466.93 193.507 26.5461 166.96 24710.7 23617.1 21055 2945.31 323.052 12360.6
internal_count=3860114 3529722 33985 30297 16756 330392 128705 12759 5950 201687 13713 115946 9167 7432 1735 3495737 474911 3020826 389524 22045 16825 3279 386 2893 367479 357681 329119 30273 3566 288980
cat_boundaries=0 1 2 3 4 5 6 7 8 9 10 11 12 13 14
cat_threshold=2 661 5 641 32 643 1 32 3 1 1 240 1 44
is_linear=0
shrinkage=0.08


Tree=112
num_leaves=31
num_cat=18
split_feature=44 38 46 38 45 46 45 38 38 44 46 31 32 38 19 32 11 15 36 37 38 45 1 19 34 6 19 19 19 43
split_gain=166.753 267.452 239.019 231.524 1054.05 250.835 226.121 1725.04 309.545 285.916 519.553 534.946 359.803 298.262 296.696 278.338 278.071 243.863 451.66 251.571 283.854 431.805 451.724 534.971 403.996 359.524 431.632 318.807 285.196 269.115
threshold=0 1 2 3 4 5 6 7 8 9 10 1.0000000180025095e-35 -10.105000019073485 11 1932.7949829101565 -65.584999084472642 1.0000000180025095e-35 1.0000000180025095e-35 12 13 14 15 3.5000000000000004 469.76499938964849 16 200.00000762939456 1932.7949829101565 1849.0150146484377 3108.7500000000005 17
decision_type=9 1 1 1 9 1 9 1 1 9 1 10 8 1 2 8 2 2 9 1 1 9 2 2 1 2 2 2 2 9
left_child=1 2 -1 4 5 -3 9 -8 -9 10 11 12 -2 14 -11 16 -12 -14 -19 20 21 24 -23 -24 25 -20 -27 29 -28 -26
right_child=6 3 -4 -5 -6 -7 7 8 -10 13 15 -13 17 -15 -16 -17 -18 18 19 -21 -22 22 23 -25 27 26 28 -29 -30 -31
leaf_value=0.039631846109708747 0.017853578264033349 0.056459453723064996 -0.02275328182651765 0.0042323126438581458 -0.091662559036299454 -0.0066967320831007151 -0.074002816259135198 0.0065013585099640758 -0.0067869527893347414 0.005615361499609047 -0.16926807273605032 0.027488699603741625 -0.0010543637567897565 -0.036185940572833281 0.19525556273096212 0.023485669156822472 -0.0069751021439666983 0.13898657673098849 0.23893945898020238 -0.011635085033317356 0.0032489803496239234 0.0012409341645112728 0.59442097638289004 -0.052037821194197406 0.10254384961329467 0.034926479640431891 0.32786655980656437 -0.075881350523997304 -0.019223594111940405 0.0056286355596521613
leaf_weight=2254.3014297056943 6845.8917735337745 623.10026526171714 476.05581401102245 49823.108571505174 868.95887409616262 1136.6700775250793 2230.0651758881286 17054.343048894312 32748.825904440833 830.66874187625945 91.520540449768305 4493.9546679621562 317638.1670203337 2583.0663333227858 56.383474197238684 7897.9514319170266 258.16096081770957 166.00117795169353 139.91998137999326 2581.184791166801 3785.0928583014756 1523.0151316467673 18.003869373351336 15.034024639520792 383.54625918762758 255.34252148447558 63.268111692741513 136.35495637916028 19.921574887353927 357.95564348995686
leaf_count=3860 47253 700 885 222988 3680 1853 14356 110664 444077 2426 362 13577 2850903 28444 119 16558 541 499 991 24117 35801 21443 56 347 4489 2082 279 3353 375 3028
internal_value=0.000160465 0.00428435 0.0286497 0.00300999 -0.0200853 0.0155771 -0.000405373 -0.00532562 -0.00223618 0.000325952 0.00055468 7.11964e-05 -0.000297784 -0.0225234 0.0174724 0.0203933 -0.0494513 -0.000677694 0.0119903 0.00955815 0.0177311 0.0364776 0.00754093 0.300247 0.0693776 0.128387 0.0864873 0.036132 0.244748 0.0572174
internal_weight=457356 55182.2 2730.36 52451.8 2628.73 1759.77 402174 52033.2 49803.2 350140 346670 338423 333929 3470.12 887.052 8247.63 349.682 327083 9444.64 9278.64 6697.45 2912.36 1556.05 33.0379 1356.31 478.452 338.532 877.857 83.1897 741.502
internal_count=3860106 233966 4745 229221 6233 2553 3626140 569097 554741 3057043 3026054 3008593 2995016 30989 2545 17461 903 2947763 96860 96361 72244 36443 21846 403 14597 3727 2736 10870 654 7517
cat_boundaries=0 1 2 3 4 5 6 7 8 9 10 11 12 13 14 15 16 17 18
cat_threshold=1 512 1 129 10 1 13 129 538 2 1 131 33 41 179 1 67 5
is_linear=0
shrinkage=0.08


Tree=113
num_leaves=31
num_cat=13
split_feature=1 7 3 47 42 33 45 41 13 43 34 3 3 22 34 18 5 15 19 42 13 42 42 34 34 41 18 32 26 3
split_gain=165.976 208.399 190.458 227.211 231.009 161.304 452.994 490.698 411.739 478.908 344.539 455.441 779.574 343.124 300.101 295.014 291.429 279.726 230.169 217.44 204.01 197.041 186.198 318.337 206.501 198.404 197.509 186.089 176.09 186.556
threshold=2.5000000000000004 43.004999160766609 121.52499771118165 0 1 1.0000000180025095e-35 2 3 2060.734985351563 4 5 399.47500610351568 438.80000305175787 1.5000000000000002 6 510.33999633789068 2.5000000000000004 1.0000000180025095e-35 296.02499389648443 7 2504.6750488281255 8 9 10 11 12 2993.1750488281255 2.7350000143051152 8.2500000000000018 114.59499740600587
decision_type=2 2 10 1 9 2 9 9 2 9 1 10 10 2 1 2 2 2 2 9 2 9 9 1 1 9 2 8 8 8
left_child=5 2 3 -2 -5 -1 8 14 9 22 11 15 -13 20 21 -11 18 -9 -17 -19 27 -8 23 -7 26 -26 28 -10 -24 -30
right_child=1 -3 -4 4 -6 6 7 17 13 10 -12 12 -14 -15 -16 16 -18 19 -20 -21 -22 -23 24 -25 25 -27 -28 -29 29 -31
leaf_value=-0.00042005022746560109 0.040777360239555728 -0.0009269851056307502 0.020707562858111515 -0.034238893766816846 0.0078317593253231441 0.096244265716552979 0.1908008763127933 -0.040541207949707267 0.10845138155138308 0.027736923697563302 0.016184695194312721 0.65599716189633772 0.044583611662912331 -0.10060346950106314 -0.035448369243844965 0.37989379231208525 0.076473016981958145 0.13945192688142602 0.10040133865069137 -0.013199624524889483 0.10383186241391182 0.025570857899180767 0.29331154395891279 -0.048294888904214801 0.010206921502687134 -0.074915149911905288 -0.095083725345259856 0.34952390545122425 0.29048974440597691 0.022839468153124702
leaf_weight=427247.42611817876 720.14336102362722 12332.448264399311 8353.4088528808206 1357.6300399261527 2141.5461382507347 242.05580807477236 131.99336894601583 1636.8333725060802 35.665514002088457 220.15028879325837 430.04644473153166 25.728595447726548 27.732466062065214 43.289829994086176 103.299850134179 51.768021881580353 105.1266936887987 93.693833677098155 29.663017693907022 143.54163880646229 265.68004297441803 88.841658005490899 20.918445800431073 153.26296417787671 273.301040424034 489.36982388282195 56.76829252904281 48.17199625633657 18.455839768052101 171.93951429566368
leaf_count=3583027 791 139369 64463 13189 11657 1522 202 22736 260 980 2988 182 490 745 708 125 436 310 166 1827 1704 573 106 1593 1762 5080 1142 227 32 1969
internal_value=0.000111568 0.00646197 0.0137097 -0.000144621 -0.00856652 -0.000254407 0.0141671 -0.0128258 0.0359841 0.0232735 0.0689019 0.116776 0.338832 0.111852 0.0766266 0.0904585 0.164474 -0.0286219 0.278083 0.0524104 0.138166 0.128316 -0.00565324 0.0403982 -0.0235336 -0.0446746 0.0360545 0.246969 0.0729903 0.048784
internal_weight=457060 24905.2 12572.7 4219.32 3499.18 432155 4907.3 2198.2 2709.09 2316.29 890.216 460.169 53.4611 392.807 324.135 406.708 186.558 1874.07 81.431 237.235 349.518 220.835 1426.07 395.319 1030.75 762.671 268.082 83.8375 211.314 190.395
internal_count=3860361 229469 90100 25637 24846 3630892 47865 26356 21509 18573 5367 2379 672 2936 1483 1707 727 24873 291 2137 2191 775 13206 3115 10091 6842 3249 487 2107 2001
cat_boundaries=0 1 2 3 4 5 6 7 8 9 10 11 12 13
cat_threshold=1 41 9 1 13 74 13 32 10 16 42 97 20
is_linear=0
shrinkage=0.08


Tree=114
num_leaves=31
num_cat=18
split_feature=1 38 22 47 14 40 3 38 37 34 38 34 44 37 7 34 38 37 2 6 3 32 37 23 38 1 3 34 34 37
split_gain=192.91 183.008 152.757 142.865 277.025 276.488 310.911 300.684 537.299 489.248 276.764 309.385 247.509 227.011 216.514 214.27 449.379 206.932 247.533 184.125 183.905 183.101 347.6 322.336 313.424 389.051 231.359 192.791 181.391 232.586
threshold=5.5000000000000009 0 1.0000000180025095e-35 1 8.5000000000000018 2 24.564999580383304 3 4 5 6 7 8 9 90.000007629394545 10 11 12 1.5000000000000002 159.9999923706055 9.7550001144409197 -1.3749999999999998 13 3.5000000000000004 14 1.0000000180025095e-35 18.185000419616703 15 16 17
decision_type=2 1 2 1 2 1 8 1 1 1 1 1 9 1 2 1 1 1 8 2 10 10 1 2 1 2 10 1 1 1
left_child=3 2 -2 4 5 10 7 8 9 13 11 -1 21 -7 -11 16 19 18 20 -9 -5 22 24 -24 25 -12 27 -26 29 -23
right_child=1 -3 -4 17 -6 6 -8 15 -10 14 12 -13 -14 -15 -16 -17 -18 -19 -20 -21 -22 28 23 -25 26 -27 -28 -29 -30 -31
leaf_value=0.082853664087057466 0.085844199801982365 0.0017270983586336022 -0.094341338707873881 -0.019471184105119804 -0.075539434889612289 0.34412804933673619 -0.00097026087742307975 0.18743329456015137 -0.068460202919771687 -0.072975919409507595 0.28060757755223842 -0.011368813825383033 -0.052608006368593689 0.11648241735725884 0.20587113509873117 -0.0049712519899042761 -0.040455071630254864 0.00081649975387061095 0.030674728969016084 0.48773990429027875 0.0072596257337046582 0.15837830541801134 -0.028084968815070388 0.45971506212795843 0.04568730198712357 -0.098160575555564372 0.096280152561283486 -0.072644662572598537 -0.048247583189133761 -0.01351954013228554
leaf_weight=340.88519717752934 432.21205285936594 493.09814481996 32.367183193564415 1762.9857004694641 323.16549858613871 80.439976118505001 136915.69298786647 60.400895539671183 88.148198839277029 68.805018557235599 77.135967381298542 611.07828732579947 1420.6901053469628 96.847508575767279 24.050345160067081 737.92068029940128 78.725525081157684 282364.20696745953 2757.3374898170587 16.673614993691444 25082.676264140988 42.037552669644356 920.22365146502852 8.752175107598303 170.27660231292248 22.394289843738079 197.12421191856265 163.25016053766012 1300.0981783308089 1613.8821293376386
leaf_count=1612 1156 2902 280 6221 10213 378 2600643 445 1033 674 314 3860 32683 690 126 5519 862 1007119 10339 79 123347 302 10752 79 1292 167 876 1495 13797 21504
internal_value=0.000593703 0.0364614 0.0717464 0.000518597 -0.00155267 -0.00138783 -0.000607321 0.0390777 0.0998659 0.155274 -0.0170191 0.0228815 -0.0234458 0.232631 -0.000678989 0.01344 0.0956823 0.00148382 0.00784601 0.223412 0.00550418 -0.0143219 0.00786037 -0.0232391 0.0532295 0.177546 0.0270596 -0.0130405 -0.026022 -0.0082312
internal_weight=458304 957.677 464.579 457346 145379 145056 138168 1252.01 358.291 270.143 6887.83 951.963 5935.87 177.287 92.8554 893.721 155.8 311967 29603 77.0745 26845.7 4515.17 1559.16 928.976 630.181 99.5303 530.651 333.527 2956.02 1655.92
internal_count=3860759 4338 1436 3856421 2709395 2699182 2610449 9806 2901 1868 88733 5472 83261 1068 800 6905 1386 1147026 139907 524 129568 50578 14975 10831 4144 481 3663 2787 35603 21806
cat_boundaries=0 1 2 3 4 5 6 7 8 9 10 11 12 13 14 15 16 17 18
cat_threshold=784 4 1 258 44 10 514 36 1 32 48 80 82 40 56 11 113 4
is_linear=0
shrinkage=0.08


Tree=115
num_leaves=31
num_cat=14
split_feature=19 38 21 5 38 7 6 41 22 38 5 4 7 5 1 31 40 2 44 44 34 23 3 34 37 13 37 41 34 34
split_gain=234.465 360.478 351.489 158.352 160.912 261.305 234.771 181.41 276.48 179.54 166.07 205.111 155.78 140.969 193.262 133.948 478.008 192.712 171.655 477.184 223.438 188.1 132.701 234.287 155.248 143.691 387.239 197.359 321.039 265.443
threshold=3349.049926757813 0 2.5000000000000004 19.500000000000004 1 1225.4250488281252 7491.1748046875009 2 1.5000000000000002 3 48.500000000000007 27.500000000000004 1100.9749755859377 23.500000000000004 2.5000000000000004 1.0000000180025095e-35 4 inf 5 6 7 -1.0000000180025095e-35 90.990001678466811 8 9 5019.1000976562509 10 11 12 13
decision_type=2 1 2 2 1 2 2 9 2 1 2 10 2 2 2 10 1 8 9 9 1 2 10 1 1 2 1 9 1 1
left_child=3 12 22 15 10 7 13 8 9 -6 -5 -12 -2 -7 -15 -1 -17 18 -18 -20 21 -21 23 24 -3 -24 27 28 -27 -29
right_child=1 2 -4 4 5 6 -8 -9 -10 -11 11 -13 -14 14 -16 16 17 -19 19 20 -22 -23 25 -25 -26 26 -28 29 -30 -31
leaf_value=0.00030100782983331979 -0.014598375269448358 -0.044510450188778812 0.1584108389709874 -0.0022442522821702784 0.17429227421181229 0.16826165234444226 -0.032624683489359083 -0.022199369000246612 0.24434969558675776 -0.018800316812786565 0.035387339121518223 0.26985108479754344 -0.048320682151001416 0.023945598137139097 0.20479328471440447 -0.1404861179395743 0.023900597084100368 -0.050316690671314619 0.018804477247512469 0.050652270596108738 -0.067445689475873358 -0.036323345179367805 -0.015510457346812041 -0.03008898237939037 0.10603960530210334 0.14234430954336985 -0.017807787626595684 0.074759930595282728 -0.0027639318928695182 -0.022747912654022279
leaf_weight=432451.99042372033 1665.6739173319656 51.113756066188216 87.344588246196508 2468.3876569133718 29.050579685717821 175.18569523841143 83.249408273026347 408.3287848494947 45.801177464425564 142.11926216818392 545.31914120842703 24.972634246572852 1850.9314320541453 148.78625065647066 50.706600125879049 124.22042111307383 4993.5620697843842 312.38007759489119 3417.2687437627465 256.9563598819077 716.41666669119149 418.03621260076761 4049.2897937453818 202.54250529780984 249.59866501018405 254.74521934473887 1538.2578665828332 294.09562006173655 163.34897829918191 427.0444730236195
leaf_count=3620251 41425 361 248 32345 78 443 424 1859 153 684 3191 39 52502 453 123 1056 14593 1063 5843 723 7945 2907 47025 1907 1292 1147 16232 1233 1551 3469
internal_value=0.00037849 -0.0112502 -0.00110961 0.000660455 0.0162682 0.0425889 0.0888965 0.00935742 0.066695 0.023055 0.00672311 0.0456543 -0.0322561 0.115897 0.069913 0.000515131 0.00955892 0.0115292 0.0135118 0.00272367 -0.0367704 -0.00316653 -0.00303828 0.0365865 0.0798408 -0.00600275 0.00837617 0.0435056 0.0869104 0.0174964
internal_weight=457647 10834 7317.38 446813 4121.91 1083.23 457.928 625.3 216.971 171.17 3038.68 570.292 3516.61 374.679 199.493 442691 10238.8 10114.6 9802.24 4808.68 1391.41 674.993 7230.04 503.255 300.712 6726.78 2677.49 1139.23 418.094 721.14
internal_count=3862565 168392 74465 3694173 39792 4217 1443 2774 915 762 35575 3230 93927 1019 576 3654381 34130 33074 32011 17418 11575 3630 74217 3560 1653 70657 23632 7400 2698 4702
cat_boundaries=0 1 2 3 4 5 6 7 8 9 10 11 12 13 14
cat_threshold=177 300 32 513 1 2 1 10 82 4 22 5 12 82
is_linear=0
shrinkage=0.08


Tree=116
num_leaves=31
num_cat=12
split_feature=34 1 36 42 33 6 6 3 2 42 45 4 3 3 4 19 36 18 4 0 43 42 41 45 45 6 6 4 6 42
split_gain=195.456 378.685 225.176 245.061 223.634 220.462 388.804 293.95 324.944 536.476 297.941 545.235 349.383 276.432 449.415 389.117 265.329 224.574 215.641 353.874 340.805 335.631 362.158 323.429 280.655 273.18 249.88 225.621 213.588 217.244
threshold=0 1.5000000000000002 1 2 1.0000000180025095e-35 44.049999237060554 33.030029296875007 160.95500183105472 1.5000000000000002 3 4 74.000000000000014 351.16500854492193 599.76000976562511 74.000000000000014 30.024999618530277 5 1013.5499877929689 59.500000000000007 1.5000000000000002 6 7 8 9 10 373.02539062500006 974.27490234375011 69.500000000000014 302.55004882812506 11
decision_type=1 2 9 9 2 2 2 10 8 9 9 8 10 10 8 2 9 2 10 2 9 9 9 9 9 2 2 10 2 9
left_child=-1 4 -3 -4 5 6 13 8 17 -10 11 -9 -13 -2 15 -15 -8 -7 19 20 21 22 -6 25 -23 -22 -27 -20 29 -12
right_child=1 2 3 -5 18 7 16 10 9 -11 28 12 -14 14 -16 -17 -18 -19 27 -21 23 24 -24 -25 -26 26 -28 -29 -30 -31
leaf_value=0.0016523359195939203 -0.0017807273231275321 -0.021430609334972341 0.030117131027630646 0.0023946078628022645 0.22165045593449265 -0.0054108051031672389 0.040881428713467345 -0.020363391390600581 0.056526536800812474 -0.0097979867135649188 0.019540367888676875 -0.1111271676086068 -0.4191228036573334 0.041239111716840568 -0.34065924677586912 -0.019017770826597231 -0.035875704433097635 0.015327682039080396 0.23066297897266169 -0.034762802119892681 -0.0027527111428608327 0.083338339860977162 -0.0793552072096841 -0.040940623912035665 -0.053037971825836944 0.19400627920970137 0.0039836537337033804 0.010669096777770892 -0.0014099971915682316 -0.014837888989361604
leaf_weight=228906.34553711419 128251.44357791357 1013.1367776221596 4821.5901155248284 3549.435963180149 154.96116055571474 22926.304646219127 2153.0487613517325 8946.0320833940059 1624.2266882159747 1494.4058444346301 1247.4738926370628 94.252182458527386 31.432952111819759 2373.6896346525755 21.791596051771194 964.59841890400276 326.78734353277832 3912.0782419603784 63.492996298708022 604.55821395805106 229.46717337239534 306.6776854749769 29.838605436962098 459.35361704509705 132.88830468337983 124.4080090909265 68.772622748510912 56.284136698581278 22825.676044664346 18919.785551597364
leaf_count=1989073 815999 5418 32930 25892 710 153894 17664 164756 7071 6727 7733 872 433 35481 225 26425 1657 25417 110 11396 1810 1880 305 5397 1261 403 526 267 297286 221576
internal_value=1.513e-06 -0.00165785 0.014078 0.0183793 -0.00233424 -0.00259436 -0.000595967 -0.00586138 0.000452326 0.0248946 -0.00949417 -0.0226631 -0.188155 -0.00118728 0.021464 0.0238279 0.0307867 -0.00238787 0.0228662 0.0169412 0.0376919 0.0823109 0.17147 0.00511503 0.0418468 0.0549598 0.126358 0.127286 -0.00670863 -0.012709
internal_weight=456634 227728 9384.16 8371.03 218344 216113 134091 82021.7 29957 3118.63 52064.7 9071.72 125.685 131612 3360.08 3338.29 2479.84 26838.4 2230.7 2110.93 1506.37 624.366 184.8 882.001 439.566 422.648 193.181 119.777 42992.9 20167.3
internal_count=3860594 1871521 64240 58822 1807281 1783216 897451 885765 193109 13798 692656 166061 1305 878130 62131 61906 19321 179311 24065 23688 12292 4156 1015 8136 3141 2739 929 377 526595 229309
cat_boundaries=0 1 2 3 4 5 6 7 8 9 10 11 12
cat_threshold=28 43 49 49 34 184 40 3 5 1 44 2
is_linear=0
shrinkage=0.08


Tree=117
num_leaves=31
num_cat=7
split_feature=4 18 40 4 38 41 4 6 7 7 38 18 17 18 3 23 1 5 1 23 3 22 17 1 34 25 38 38 3 17
split_gain=131.755 116.887 341.137 372.752 463.926 316.166 249.303 242.928 421.517 220.951 283.632 213.459 246.254 211.966 210.928 197.692 196.127 416.488 232.511 253.369 327.247 228.01 239.805 178.116 203.902 173.394 166.857 162.854 183.36 233.155
threshold=74.000000000000014 3542.599975585938 0 64.500000000000014 1 2 68.500000000000014 332.02499389648443 336.94998168945318 48.000007629394538 3 29539.875976562504 90.500000000000014 5396.9750976562509 293.87500000000006 6.5000000000000009 1.0000000180025095e-35 48.500000000000007 2.5000000000000004 6.5000000000000009 639.05499267578136 2.5000000000000004 28.500000000000004 1.0000000180025095e-35 4 9.2500000000000018 5 6 610.74499511718761 17.500000000000004
decision_type=10 2 1 8 1 9 10 2 2 2 1 2 2 2 8 2 2 2 2 2 10 2 2 2 1 8 1 1 8 2
left_child=1 -1 7 9 6 -6 14 8 13 16 -11 12 -12 -3 -5 -7 21 18 -18 -20 -21 -4 -23 24 -13 -14 -9 28 -26 -30
right_child=-2 2 3 4 5 15 -8 26 -10 10 11 23 25 -15 -16 -17 17 -19 19 20 -22 22 -24 -25 27 -27 -28 -29 29 -31
leaf_value=-0.00030563914609391802 0.19708031456260991 -0.012692534976208415 0.019583330613698824 -0.089634617955802687 0.18907660782819327 -0.05512686752365225 -0.074004021814702198 -0.026277954744474308 0.40032610011433334 0.012857327052437995 -0.01081798735020666 0.10000916087898204 0.37541721598045541 0.12687073703169877 -0.5052475169073134 0.12742449932466565 -0.028158697887102006 0.42168834485057644 0.017500372694798889 -0.005050661396486902 0.43137301204473644 0.32949272068387764 0.046659481750294558 -0.037898675315039987 0.013501453833830892 0.073243051557124503 0.048601960362256953 -0.035719383731812993 0.29961590818645184 0.06199151583048701
leaf_weight=423716.19358828967 21.722893238067627 107.74912835843861 7000.7371340994723 10.504109242931007 30.065158868208528 621.90847586467862 23.941552138421685 278.13965725991875 28.292435745708644 7494.17735529528 12919.979848490329 209.42532442649826 15.173970575910062 196.95792936719954 30.528762968024239 40.434734326787293 1382.4005051075947 14.353260673582552 487.98914224677719 21.52185935806483 22.483567388728261 30.965166889131069 50.434314122889191 311.8833218391519 961.54716939572245 61.055051197996363 570.0983508778736 293.42831998527981 29.574102846439928 248.31471611745656
leaf_count=3433147 3 740 74230 122 52 3321 299 2143 106 54692 237941 978 37 471 442 98 17686 49 4881 213 30 236 362 4945 9318 961 2521 3524 394 8265
internal_value=6.33564e-05 5.39957e-05 0.00460355 0.00305118 -0.0524094 -0.0306889 -0.241921 0.0466481 0.104945 0.00438329 0.000151113 -0.00618025 -0.00997212 0.077519 -0.398854 -0.0433283 0.0149719 -0.00764428 -0.0108632 0.0340795 0.21793 0.0211312 0.154252 0.0177798 0.0277467 0.133393 0.0243118 0.0171099 0.0298027 0.0872805
internal_weight=457232 457210 33494.1 32312.8 757.383 692.408 64.9744 1181.24 332.999 31555.4 22544.6 15050.4 12996.2 304.707 41.0329 662.343 9010.88 1928.75 1914.4 531.995 44.0054 7082.14 81.3995 2054.17 1742.29 76.229 848.238 1532.86 1239.44 277.889
internal_count=3862207 3862204 429057 423076 4334 3471 863 5981 1317 418742 321055 266363 238939 1211 564 3419 97687 22859 22810 5124 243 74828 598 27424 22479 998 4664 21501 17977 8659
cat_boundaries=0 1 2 3 4 5 6 7
cat_threshold=4 32 1 582 14 106 48
is_linear=0
shrinkage=0.08


Tree=118
num_leaves=31
num_cat=17
split_feature=33 45 34 38 36 34 38 37 4 42 38 18 5 47 19 19 32 4 42 1 39 32 13 13 34 35 37 41 4 47
split_gain=200.464 291.794 373.904 348.889 518.912 282.607 209.597 197.424 486.447 262.522 198.818 334.734 195.073 189.274 251.791 278.892 188.032 181.023 196.461 170.632 445.454 204.095 164.255 241.173 163.279 327.592 294.012 289.461 529.609 968.585
threshold=1.0000000180025095e-35 0 1 2 3 4 5 6 19.500000000000004 7 8 510.33999633789068 10.500000000000002 9 1168.1550292968752 80.454998016357436 -3.4250000715255733 2.5000000000000004 10 1.5000000000000002 11 -6.2149999141693106 2333.224975585938 2716.015014648438 12 13 14 15 inf 16
decision_type=2 9 1 1 9 1 1 1 8 9 1 2 2 1 2 2 10 10 9 2 9 10 2 2 1 1 1 9 8 1
left_child=24 2 7 4 5 -3 17 12 -9 10 11 -10 16 -6 15 -15 -2 18 -4 20 21 -20 -8 -24 -1 -26 -27 28 -28 -30
right_child=1 3 6 -5 13 -7 22 8 9 -11 -12 -13 -14 14 -16 -17 -18 -19 19 -21 -22 -23 23 -25 25 26 27 -29 29 -31
leaf_value=0.0016351571438399234 0.11994278126358708 0.17279808569159447 -0.045050721112808924 -0.028134937925361682 -0.071094099834439109 -0.075366226851092621 -0.06418548188591576 -0.040994993810022556 0.12464893809386653 -0.02610042478641398 0.066244589762148462 0.4455035415402851 -0.02603059514059234 -0.070168798645758215 -0.08545287349574214 0.10028068460779604 0.05371089082649938 -0.069912549934526461 0.64474873562156776 -0.029946586349146535 0.075270436680761624 0.21508655035272778 0.26334857708370901 -0.032047217773021622 0.018701155141012785 -0.006432456697876357 -0.0031739072585417402 0.0034178415054324745 0.18321602818125282 -0.27598985616960747
leaf_weight=226451.02118965168 497.76093875570223 196.72624636627734 100.99173753429204 1523.0044605481671 184.39586271345615 32.666239619255066 422.4101055841893 392.94866313249804 50.623419833369553 94.458422129973769 154.05805317498744 35.334414660930634 114.98086444567889 81.089238309301436 100.455316927284 253.4894917178899 611.16647111484781 96.602695183828473 12.974600659683349 68.175814381800592 229.27514628274366 15.562094150111077 25.55938778584823 57.444681732449681 5059.4733843794093 64062.747662841226 77502.4665236047 78783.436583066708 40.091657342389226 110.20216076401994
leaf_count=1962204 2282 405 915 22424 1167 324 4463 5370 179 634 485 122 1178 882 1345 1675 4126 715 68 823 1193 156 114 659 23246 685430 551419 585095 107 653
internal_value=0.000299964 0.0156917 0.032295 -0.00528509 0.0355636 0.135787 -0.00678342 0.0528317 0.0190995 0.0902709 0.131671 0.229807 0.072563 -0.00311947 0.0256209 0.0589702 0.0834402 0.028439 0.0513568 0.0801475 0.11237 0.410438 -0.0431158 0.0589138 0.000117714 -0.00140574 -0.00186794 1.589e-06 -0.0034644 -0.153494
internal_weight=457362 5352.15 2980.33 2371.83 848.822 229.392 1029 1951.33 727.423 334.474 240.016 85.9578 1223.91 619.43 435.034 334.579 1108.93 523.582 426.979 325.988 257.812 28.5367 505.414 83.0041 452009 225558 220499 156436 77652.8 150.294
internal_count=3859858 51704 23482 28222 5798 729 9106 14376 6790 1420 786 301 7586 5069 3902 2557 6408 3870 3155 2240 1417 224 5236 773 3808154 1845950 1822704 1137274 552179 760
cat_boundaries=0 1 2 3 4 5 6 7 8 9 10 11 12 13 14 15 16 17
cat_threshold=9 106 70 42 52 157 13 24 56 1 18 1 28 16 1 35 1
is_linear=0
shrinkage=0.08


Tree=119
num_leaves=31
num_cat=16
split_feature=44 3 46 32 3 3 32 3 41 36 47 42 47 34 34 41 17 32 3 47 46 40 45 2 2 47 32 1 3 43
split_gain=147.196 362.67 495.543 326.074 323.623 257.374 323.64 310.454 292.62 251.057 364.243 242.61 337.259 207.965 195.375 289.558 199.177 188.701 351.523 712.953 528.339 494.88 301.667 278.46 255.242 211.815 397.807 285.854 281.229 372.819
threshold=0 9.4749999046325701 1 -65.584999084472642 inf 501.13999938964849 -2.3349999189376827 570.42501831054699 2 3 4 5 6 7 8 9 23.500000000000004 -4.2850000858306876 128.4049987792969 10 11 12 13 inf inf 14 3.0349999666213994 3.5000000000000004 145.4049987792969 15
decision_type=9 10 1 10 8 10 8 10 9 9 1 9 1 1 1 9 2 8 10 1 1 1 9 8 8 1 10 2 10 9
left_child=1 2 -1 -4 17 6 -3 8 11 -9 -11 12 -7 -10 16 -16 -8 18 19 20 24 -21 -20 -22 -2 -19 28 -28 29 -27
right_child=4 5 3 -5 -6 7 14 9 13 10 -12 -13 -14 -15 15 -17 -18 25 22 21 23 -23 -24 -25 -26 26 27 -29 -30 -31
leaf_value=0.005759513158288947 -0.012099758491297651 -0.019259406857903685 -0.028988220893701726 -0.14521520562836476 0.028739886684244462 0.19023713814089643 0.012972134863773466 0.020752246329305564 -0.074548536590307232 0.048431322708443157 -0.096299273655023762 0.032867022605128117 -0.0099724098318120426 0.044564669541431304 -0.017727157774034101 0.0061532589039409967 -0.07246105634502073 0.00097682133401209782 -0.026923760291370735 0.15305875744002762 -0.15263016947763 0.043742249884639185 0.0049045761058268437 0.014027444518647758 0.067269548543935132 0.14854601286416519 -0.010474372175293629 0.035742530213631309 0.0021745083221790416 -0.0049127644057924717
leaf_weight=4514.5198127366602 737.39748109132051 3346.401753471233 3326.3114183600992 162.00787926092744 2422.9680457171053 265.3543100822717 19647.006375346333 3645.7293284535408 114.72031020093709 179.02526798471808 294.13089494500309 224.39732379931957 67.558263771235943 374.22864369675517 4178.5100919120014 14487.304659015499 176.21501442790031 170135.67577295471 2044.3229271143209 339.44329796358943 214.00650371797383 1233.9929672959261 26378.224103173183 91.640176421031356 399.96690310258418 91.485520835965872 43329.882624791935 873.76054577715695 83876.191340339836 69972.576165410224
leaf_count=17677 1346 15023 7163 621 4113 717 60206 29651 966 171 2370 936 260 1993 20692 74654 903 271257 33257 973 716 6432 337264 203 863 701 865729 12631 1301394 788453
internal_value=0.000121796 0.00400336 -0.0117394 -0.0343861 -0.000409109 0.00668389 0.00460376 0.023532 0.062447 0.013647 -0.0406787 0.101374 0.145246 0.0156836 0.00667853 0.000800784 0.0122065 -0.000585801 0.00536335 0.03133 -0.00928275 0.0685763 0.00260754 -0.102662 0.0158113 -0.00109366 -0.00287148 -0.00956082 -0.000950649 -0.00469189
internal_weight=457145 55003.4 8002.84 3488.32 402142 47000.6 41835.4 5165.14 1046.26 4118.89 473.156 557.31 332.913 488.949 38489 18665.8 19823.2 399719 31439 3016.45 1443.01 1573.44 28422.5 305.647 1137.36 368280 198144 44203.6 153940 70064.1
internal_count=3859335 234003 25461 7784 3625332 208542 171478 37064 4872 32192 2541 1913 977 2959 156455 95346 61109 3621219 381054 10533 3128 7405 370521 919 2209 3240165 2968908 878360 2090548 789154
cat_boundaries=0 1 2 3 4 5 6 7 8 9 10 11 12 13 14 15 16
cat_threshold=1 1 6 145 2 9 4 36 15 34 2 1 2 32 2 1
is_linear=0
shrinkage=0.08


Tree=120
num_leaves=31
num_cat=8
split_feature=33 2 43 17 14 32 42 39 40 18 43 19 7 22 7 18 19 2 21 22 45 7 41 17 19 7 19 19 39 18
split_gain=136.208 173.3 131.973 132.456 125.273 120.518 129.466 138.415 119.512 106.06 246.682 209.029 201.245 193.986 304.581 190.824 276.722 238.619 185.507 175.803 169.814 158.156 475.443 157.999 240.148 179.009 157.813 230.804 343.706 1006.5
threshold=1.0000000180025095e-35 2.5000000000000004 0 1.0000000180025095e-35 6.5000000000000009 39.225000381469734 1 2 3 3542.599975585938 4 7870.8000488281259 18.749969482421879 2.5000000000000004 1.0000000180025095e-35 7993.5500488281259 771.47500610351574 1.0000000180025095e-35 1.5000000000000002 6.5000000000000009 5 58.524999618530281 6 18.500000000000004 1640.7750244140627 42.00000190734864 890.27499389648449 6531.0000000000009 7 4599.9350585937509
decision_type=2 8 9 2 2 10 9 9 1 2 9 2 2 2 2 2 2 10 2 2 9 2 9 2 2 2 2 2 9 2
left_child=9 4 3 -3 5 8 7 -7 -2 11 26 -1 13 20 -15 16 -14 19 -19 21 -12 22 23 25 -25 -18 -11 -28 29 -29
right_child=1 2 -4 -5 -6 6 -8 -9 -10 10 12 -13 15 14 -16 -17 17 18 -20 -21 -22 -23 -24 24 -26 -27 27 28 -30 -31
leaf_value=-0.00035627552557269764 -0.089758843248796669 0.13628194637155969 -0.075930688764171847 -0.095264687944990462 -0.10300082943738936 -0.12176038811651103 -0.07402674656355239 0.09225303642179658 0.021947469080106047 0.007929457959344563 -0.0060446258848935331 -0.038932064432101232 -0.014740694232973368 0.061439047594614431 0.4138219256011349 -0.0037484746386687211 -0.095888284255946449 -0.020621829869659943 0.15261618454359704 0.21434698418122383 0.025786517192403435 0.024930360771268863 -0.015495097364114705 0.22580282940534502 0.6878521640198112 0.27730497624166894 -0.020917867744919078 0.78886686584034027 0.0045041630781440202 0.063765958430670858
leaf_weight=417950.75522964448 52.804093007929623 44.371076192706823 219.42469403729774 24.565480966120958 55.792816220084205 25.663701049052179 171.77953106816858 78.50566199189052 4659.6161117082229 2986.9276523776352 1367.536527573131 900.931828772882 1729.829030080582 77.414384821662679 19.69138458231464 9136.8696510270238 11.193397828144951 975.83071331551764 41.231235064333305 32.533374560065567 4983.8176804117393 4666.6830363294575 106.46669734478928 17.172251789597798 12.39591180696152 31.029125695349649 5072.9141113057267 14.078627279493956 678.36674053315073 94.412118438631296
leaf_count=3385747 494 94 2260 497 889 273 1544 429 45525 26657 15418 10314 25769 503 61 129648 318 13100 194 133 51118 73929 1508 92 188 232 63967 160 8420 1139
internal_value=5.04988e-05 0.0127613 -0.0475571 0.0469586 0.0162095 0.0175428 -0.0338432 0.0360654 0.0205519 -9.9821e-05 0.00433519 -0.00043925 0.00866586 0.0206796 0.132896 0.00404905 0.0133934 0.0216498 -0.0135988 0.0289999 0.0189639 0.0277553 0.101711 0.243736 0.419509 0.17837 -0.00702834 -0.0146648 0.0256488 0.157861
internal_weight=456241 5332.52 288.361 68.9366 5044.16 4988.37 275.949 104.169 4712.42 450908 32056.4 418852 23209.7 6448.46 97.1058 16761.2 7624.36 5894.54 1017.06 4877.47 6351.35 4844.94 178.257 71.7907 29.5682 42.2225 8846.7 5859.77 786.857 108.491
internal_count=3860620 52005 2851 591 49154 48265 2246 702 46019 3808615 412554 3396061 312211 67100 564 245111 115463 89694 13294 76400 66536 76267 2338 830 280 550 100343 73686 9719 1299
cat_boundaries=0 1 2 3 4 5 6 7 8
cat_threshold=3 10 1 1 6 34 4 2
is_linear=0
shrinkage=0.08


Tree=121
num_leaves=31
num_cat=6
split_feature=4 1 18 3 4 2 47 47 3 38 38 5 32 2 15 11 4 4 34 19 19 4 18 3 19 45 3 18 18 19
split_gain=109.989 102.536 96.7313 326.194 322.978 324.91 294.87 286.44 507.504 496.785 478.348 341.537 334.478 325.171 281.332 533.159 281.291 379.409 262.693 418.03 774.135 260.608 253.045 457.447 522.991 708.746 961.816 672.048 514.007 658.014
threshold=74.000000000000014 8.5000000000000018 258.10000610351568 551.10000610351574 74.000000000000014 1.5000000000000002 0 1 37.284999847412116 2 3 3.5000000000000004 -2.0449999570846553 inf 1.0000000180025095e-35 3.5000000000000004 60.500000000000007 56.500000000000007 4 1063.0999755859377 2017.0999755859377 36.500000000000007 455.77499389648443 169.81000518798831 1.0000000180025095e-35 5 251.86499786376956 442.42500305175787 430.02499389648443 102.09999847412111
decision_type=10 2 2 10 8 10 1 1 8 1 1 2 8 8 2 2 10 10 1 2 2 10 2 8 2 9 8 2 2 2
left_child=1 2 3 -1 5 -5 -6 13 9 18 22 -12 -11 -4 -14 -16 17 21 19 -9 -21 -13 23 -10 25 26 27 -25 -26 -30
right_child=-2 -3 7 4 6 -7 -8 8 10 12 11 16 14 -15 15 -17 -18 -19 -20 20 -22 -23 -24 24 28 -27 -28 -29 29 -31
leaf_value=0.00043223912415263924 0.17781157497559791 0.067671125461296625 0.0013980193536225543 0.018329645594490695 -0.36904996197487577 -0.03012550926171496 -0.0016663490856319789 0.089937572467270605 -0.021218556302319756 0.084137239975154085 -0.0035999023620921929 0.01194642129454755 -0.057180935463716047 0.030824598671541237 0.40627078528817179 -0.017540366914423781 -0.10209339199758503 0.17560302378289991 -0.00085060675061128944 -0.095971588590184925 1.301709764515997 -0.047355597632862394 -0.010967704096549499 0.243186286421086 -0.0025752860436226484 0.0020053182705144432 0.058258489656450578 0.78142464148882596 0.26300258575239271 0.038802424768551537
leaf_weight=265915.50912147551 22.294126510620117 143.74230798520148 73127.008537843823 11401.868927890901 26.88151877373457 960.23830397473648 29.13749907258898 156.78257011482492 3680.671052865684 120.05611629597843 22941.05930623319 20336.621519793756 2796.0706290584058 2484.989373636432 23.944034041836858 91.953773408662528 141.02924385480583 89.531149221584201 431.83280743472278 4.9531663712114078 5.1974402782507241 485.59778765775263 42387.27533702529 143.30327887926251 6384.3512021719944 534.63819239102304 316.85294547909871 16.562679970636964 94.393021683674306 745.18801962002181
leaf_count=1750807 3 353 116839 162801 160 11033 253 1369 63663 459 187767 145488 34157 5103 60 1145 1303 279 4897 159 115 3696 1171512 1471 156504 11167 8438 79 1916 17813
internal_value=0.000123349 0.000114662 9.33606e-05 0.00102407 0.0136973 0.0145658 -0.177961 -0.00136574 -0.00413337 -0.0335053 -0.00304846 0.00315182 -0.0465696 0.00236512 -0.0521184 0.0700174 0.0105106 0.01127 0.032878 0.115246 0.619687 0.0105634 -0.00807072 0.00222761 0.0127066 0.0665872 0.136118 0.29895 0.00516328 0.064009
internal_weight=456040 456017 455873 278334 12418.1 12362.1 56.019 177540 101928 3630.79 98297.1 43993.8 3032.02 75612 2911.97 115.898 21052.8 20911.8 598.766 166.933 10.1506 20822.2 54303.2 11916 8235.29 1011.36 476.719 159.866 7223.93 839.581
internal_count=3860809 3860806 3860453 1925054 174247 173834 413 1935399 1813457 42361 1771096 338533 35821 121942 35362 1205 150766 149463 6540 1643 274 149184 1432563 261051 197388 21155 9988 1550 176233 19729
cat_boundaries=0 1 2 3 4 5 6
cat_threshold=2 2 544 300 68 36
is_linear=0
shrinkage=0.08


Tree=122
num_leaves=31
num_cat=7
split_feature=47 3 4 34 6 38 34 4 1 38 3 1 3 25 27 20 11 13 3 0 38 3 32 3 36 5 13 7 22 3
split_gain=203.776 285.649 355.104 368.809 344.018 298.215 464.854 414.412 427.78 337.579 304.693 290.441 260.549 250.349 425.365 241.386 260.277 321.631 238.135 320.009 374.436 464.079 309.909 288.16 555.526 366.648 361.238 345.613 473.232 441.732
threshold=0 806.07000732421886 12.500000000000002 1 19472.326171875004 2 3 14.500000000000002 2.5000000000000004 4 265.66500854492193 4.5000000000000009 399.47500610351568 7.5000000000000009 8.5000000000000018 4.5000000000000009 40.500000000000007 1.0000000180025095e-35 18.964999198913578 1.5000000000000002 5 438.80000305175787 5.2249999046325692 314.52499389648443 6 26.500000000000004 106.26499938964845 646.82504272460949 1.5000000000000002 251.86499786376956
decision_type=1 8 10 1 2 1 1 10 2 1 10 2 10 10 10 2 2 2 10 2 1 10 10 10 9 2 2 2 2 10
left_child=1 5 3 -3 -4 6 -1 11 -9 10 -10 13 -12 14 -8 16 18 -18 -7 23 -21 -22 -23 27 -25 26 -26 28 -20 -29
right_child=-2 2 4 -5 -6 15 7 8 9 -11 12 -13 -14 -15 -16 -17 17 -19 19 20 21 22 -24 24 25 -27 -28 29 -30 -31
leaf_value=-0.023987953892597353 0.0011180192530714664 0.060264632579828795 -0.052481592804021648 -0.028902936036447176 0.23143161861837283 -0.020091355158078326 0.015937266465181385 -0.047502936553570317 0.38175758286010636 -0.083595828591131183 -0.095331927410691408 0.10502890782547723 0.18128624580818514 -0.086617544575785618 0.28560810110667495 -0.036222947732264289 0.36339692380873845 0.041893288330564944 -0.0028160530048649927 -0.0019367344547317662 -0.026125156208744633 0.0047513924191361148 -0.02445835544285704 0.017065932565976071 0.00017479370754376258 0.34247758563180003 -0.077803074157233948 0.042599788548582145 -0.06537609825085608 -0.032585727318888334
leaf_weight=2601.7257481245324 310811.54474431463 1422.9179597457405 452.93220666237175 371.45123956294265 29.067188562359661 5707.2159155905247 12453.409625416622 1157.8484791358933 30.095724329352379 52.014231879264116 32.325428277254105 236.27637984603643 66.881673205643892 151.78206526860595 37.547482080757618 1497.3206986114383 20.882865753956139 429.37912543362472 48800.160346430261 29389.442894726526 12424.390724985162 8017.6629817154026 3273.8969163998263 11496.457045627059 771.04148427955806 16.360018840059638 750.11055562831461 2146.9706779334228 786.32531363191083 651.99029121408239
leaf_count=19417 1147629 12136 4826 9155 140 77549 77815 9012 47 396 262 425 240 1249 19 49357 154 11296 784584 614546 233832 335766 161105 224960 10915 54 11954 29460 13964 17773
internal_value=-3.80669e-05 -0.00251146 0.0256047 0.0419809 -0.0353601 -0.00295904 0.00704479 0.0127362 -0.0296102 0.0846485 0.147394 0.0171493 0.0911536 0.0155069 0.0167479 -0.00429278 -0.00390967 0.0568044 -0.00412972 -0.00336113 -0.00797484 -0.0154501 -0.00371774 0.000384128 0.0110285 -0.034005 -0.0382777 -0.00226429 -0.00380811 0.0250861
internal_weight=456087 145276 2276.37 1794.37 481.999 143000 16819.9 14218.2 1339.17 181.317 129.303 12879 99.2071 12642.7 12491 126180 124682 450.262 124232 118525 53105.4 23716 11291.6 65419.4 13034 1537.51 1521.15 52385.4 49586.5 2798.96
internal_count=3860037 2712408 26257 21291 4966 2686151 108882 89465 9957 945 549 79508 502 79083 77834 2577269 2527912 11450 2516462 2438913 1345249 730703 496871 1093664 247883 22923 22869 845781 798548 47233
cat_boundaries=0 1 2 3 4 5 6 7
cat_threshold=4 46 641 17 512 270 162
is_linear=0
shrinkage=0.08


Tree=123
num_leaves=31
num_cat=8
split_feature=48 49 17 1 20 4 4 37 47 11 13 15 13 18 4 4 1 18 41 17 43 42 47 11 23 18 2 11 18 13
split_gain=143.748 159.356 135.003 134.443 201.169 174.773 262.944 260.378 307.762 278.241 293.886 647.601 372.463 348.757 265.815 295.969 265.462 254.064 237.132 320.34 324.457 322.014 520.051 600.894 656.001 730.158 816.294 499.551 441.159 433.496
threshold=0 1 22.500000000000004 2.5000000000000004 3.5000000000000004 35.500000000000007 17.500000000000004 2 3 27.500000000000004 63.00000190734864 1.0000000180025095e-35 40.024999618530281 242.02500152587893 5.5000000000000009 6.5000000000000009 4.5000000000000009 285.28500366210943 4 10.500000000000002 5 6 7 6.5000000000000009 1.5000000000000002 332.02499389648443 2.5000000000000004 2.5000000000000004 2441.3750000000005 1263.049987792969
decision_type=9 9 2 2 2 10 10 1 1 2 2 2 2 2 10 10 2 2 9 2 9 9 1 2 2 2 8 2 2 2
left_child=1 -1 -2 -3 5 6 7 8 9 10 11 12 14 -14 -5 -16 -17 -15 19 21 -21 -9 23 27 25 26 -25 29 -26 -23
right_child=2 3 -4 4 -6 -7 -8 18 -10 -11 -12 -13 13 17 15 16 -18 -19 -20 20 -22 22 -24 24 28 -27 -28 -29 -30 -31
leaf_value=-0.13171548045521073 0.031900852538335196 0.00011218585238613711 -0.062869134740749927 -0.050444924116432296 -0.052951423138235885 -0.061924078600044494 0.038249191542721557 0.0043981147717405342 0.0074505965666829387 0.10314919235207429 -0.057000404541795932 0.35123413660492658 -0.091571327868913241 0.38501776370787538 0.25520899431529021 -0.053259057228749525 0.21941152488605664 0.085688168922077562 0.0020561627471457795 0.033200498416810741 -0.029498616085635199 0.077760602884154303 0.010934916860838287 0.25400579632103765 0.55546955440701917 0.072605412968280436 1.238930756257514 -0.011393756916744921 -0.088700126022542514 0.42927682460528255
leaf_weight=58.400340476771817 1385.7849153424613 429608.14844656241 103.37827036087401 738.10255549289286 362.96644069254398 232.89849316701293 1679.2546757720411 1772.1649382945616 3267.6043455358595 97.86177019495517 1502.7723362166435 32.225681770592928 31.677570732310414 34.244693394750357 38.443206198513508 108.58970604278147 28.941228568553925 38.607693340629339 9278.369194998173 872.28442448494025 1306.8552266699262 1119.7741712904535 1469.5544889327139 20.933667862787846 40.909944493323565 201.11307014431804 7.2507753595709792 495.13616475928575 8.1615980765782279 22.912410052958876
leaf_count=888 9822 3617697 1540 9110 5949 1766 8334 16273 5266 948 21090 107 434 59 127 1162 83 339 82234 12563 24603 17372 2461 377 532 4888 22 12334 241 161
internal_value=0.000507191 0.000425881 0.0253219 0.000442864 0.00616895 0.00704673 0.00771012 0.00543437 -0.00896657 -0.0292325 -0.0343058 -0.00185071 -0.0130213 0.130032 -0.0293803 0.0589729 0.00412019 0.22639 0.0105636 0.0213046 -0.0043839 0.0321989 0.0465997 0.0741947 0.18286 0.126048 0.507389 0.0557256 0.448331 0.084809
internal_weight=455965 454476 1489.16 454418 24809.6 24446.6 24213.7 22534.5 5919.07 2651.47 2553.6 1050.83 1018.61 104.53 914.077 175.974 137.531 72.8524 16615.4 7337.05 2179.14 5157.91 3385.75 1916.19 278.369 229.298 28.1844 1637.82 49.0715 1142.69
internal_count=3858782 3847420 11362 3846532 228835 222886 221120 212786 38725 33459 32511 11421 11314 832 10482 1372 1245 398 174061 91827 37166 54661 38388 35927 6060 5287 399 29867 773 17533
cat_boundaries=0 1 2 3 4 5 6 7 8
cat_threshold=1 8 6 4 6 40 19 4
is_linear=0
shrinkage=0.08


Tree=124
num_leaves=31
num_cat=8
split_feature=4 38 35 47 47 37 1 36 3 3 3 4 3 17 18 18 38 12 12 18 32 38 17 4 24 4 7 3 18 3
split_gain=171.42 451.347 352.914 407.456 310.354 400.57 844.02 718.061 462.685 462.515 483.277 399.647 429.134 366.195 422.664 393.193 285.913 276.328 522.485 358.851 273.54 370.741 247.114 245.212 245.078 243.153 330.231 239.562 235.78 300.056
threshold=19.500000000000004 0 1 2 3 4 2.5000000000000004 5 202.59500122070315 276.08499145507818 416.62500000000006 46.500000000000007 128.4049987792969 5.5000000000000009 601.02499389648449 619.02499389648449 6 650.12500000000011 129.29999542236331 138.05000305175784 -2.1750000715255733 7 2.5000000000000004 20.500000000000004 4.5000000000000009 23.500000000000004 264.22500610351568 215.12500000000003 304.27499389648443 187.58499908447268
decision_type=10 1 1 1 1 1 2 9 10 8 8 10 10 2 2 2 1 2 2 2 8 1 2 10 2 10 2 10 2 10
left_child=-1 2 3 -2 -4 6 16 25 -9 11 17 13 -13 14 22 -16 -6 18 20 -20 21 -11 28 -21 -25 -8 -27 -17 29 -7
right_child=1 -3 4 -5 5 9 7 8 -10 10 -12 12 -14 -15 15 27 -18 -19 19 23 -22 -23 -24 24 -26 26 -28 -29 -30 -31
leaf_value=-0.00039045410063096866 -0.07701756606076042 -0.0042465455292704582 0.0061831140715267506 0.010925258559860053 0.013170250083784637 0.088648829138475646 0.4135055693305465 0.42367041299586705 -0.072569003246001101 0.23275106227349754 0.028425238067952989 0.23404410953380894 -0.098567117923965067 -0.083249450034062561 0.49091639049413249 -0.094968863844187346 -0.047926494585374659 0.037142845008281522 0.52287389923124072 0.3283069458153024 0.040164370353474539 -0.013128640135749853 -0.099258724378322241 0.13167224986178785 0.39432718235984504 -0.016802001545969062 0.32947933320411049 0.22542825233611161 0.25768454762877452 -0.01387632878269051
leaf_weight=431007.76133755693 509.57924125622958 12394.582626093645 4337.2845400366932 996.62521364167333 1491.2358566224575 391.82822024822235 56.425298720598221 13.726471886038778 97.006600422784686 114.82224660553038 996.15832872129977 27.308685310184956 273.022082939744 142.96589570119977 24.625769104808569 22.59318633377552 718.43231960572302 334.15261777210981 19.203898506239057 54.823031863197684 457.78050726465881 64.263780508190393 77.849700709804893 371.10250662826002 24.21979895606637 29.10536951944232 44.68624884262681 44.065726857632399 33.560290563851595 342.28714480623603
leaf_count=3720149 7360 83507 7035 2004 9062 2022 103 18 1004 461 6743 27 2540 1307 23 224 7345 2057 43 128 3004 405 777 2182 41 240 72 175 141 2842
internal_value=-2.0406e-05 0.00648812 0.0174635 -0.0187034 0.0226132 0.0340198 0.00861678 0.150829 -0.0101395 0.0501767 0.0712678 0.0133047 -0.0683232 0.0360089 0.0542088 0.21775 -0.00685151 0.100898 0.120156 0.184201 0.0729572 0.156782 0.0365526 0.169752 0.147764 0.267916 0.192897 0.116834 0.0503251 0.0408457
internal_weight=455513 24505.3 12110.7 1506.2 10604.5 6267.25 2450.62 240.95 110.733 3816.63 2436.53 1380.11 300.331 1079.78 936.81 91.2847 2209.67 1440.37 1106.22 469.349 636.867 179.086 845.525 450.145 395.322 130.217 73.7916 66.6589 767.676 734.115
internal_count=3863041 142892 59385 9364 50021 42986 17844 1437 1022 25142 15064 10078 2567 7511 6204 422 16407 8321 6264 2394 3870 866 5782 2351 2223 415 312 399 5005 4864
cat_boundaries=0 1 2 3 4 5 6 7 8
cat_threshold=534 1 4 2 6 72 514 20
is_linear=0
shrinkage=0.08


Tree=125
num_leaves=31
num_cat=15
split_feature=33 47 35 20 38 3 36 34 37 3 3 42 11 13 4 35 34 38 42 4 3 3 38 3 37 45 38 4 20 3
split_gain=136.934 131.964 302.658 445.535 456.934 573.075 419.349 512.425 411.457 491.358 674.6 420.966 452.039 616.748 404.876 492.237 541.61 558.252 562.065 547.006 574.828 532.129 593.827 509.994 459.527 448.085 622.791 434.073 465.181 428.929
threshold=2.5000000000000004 0 1 1.0000000180025095e-35 2 806.07000732421886 3 4 5 351.16500854492193 270.70500183105474 6 1.5000000000000002 281.22494506835943 1.0000000180025095e-35 7 8 9 10 31.500000000000004 197.51499938964847 285.84500122070318 11 177.68499755859378 12 13 14 3.5000000000000004 1.5000000000000002 197.51499938964847
decision_type=2 1 1 2 1 10 9 1 1 10 10 9 2 2 10 1 1 1 9 10 10 10 1 8 1 9 1 10 2 8
left_child=1 2 3 -1 -5 -6 14 8 9 10 -8 12 -10 -14 -4 16 19 -18 23 21 24 -16 -23 -19 -21 26 -17 29 -29 -25
right_child=-2 -3 6 4 5 -7 7 -9 11 -11 -12 -13 13 -15 15 25 17 18 -20 20 -22 22 -24 27 -26 -27 -28 28 -30 -31
leaf_value=-0.0046740436808643954 0.092524861063320127 0.00063847108976742726 -0.00053447859772113573 -0.0058462779180438141 -0.059967203604361273 0.077516225208082046 -0.085859254489023873 -0.024304084261813404 -0.090496246725684543 0.016034718394752671 0.578848710373563 -0.019029573542892725 0.64931661796199736 0.087158297235324658 0.054924496121940412 0.19022895221657363 0.042741649845748395 0.14399794470541344 -0.024921764133334277 0.16689244010639262 -0.011674439453597788 0.21627363609160141 -0.00084099528157821775 0.36732702849847471 -0.057815914094057418 -0.029036593471741649 -0.096033067274317541 -0.021848316441285185 0.12175422743614409 0.051122991991085054
leaf_weight=34890.498884947738 101.74903427925892 310058.32157197758 84938.690601440147 2942.825641728472 2794.0210957387462 208.521120082587 13.392859783954917 6718.2386125382036 22.350039187818766 37.767333079827949 36.138893097639084 311.0959168439731 22.828971145674586 27.579669982194901 866.25758574903011 133.44915912393481 2385.883683539927 232.75289383344352 3011.71968155168 227.223797371611 991.81912991590798 319.9118098448962 116.49375221505761 41.481004968285561 75.948073875159025 2092.6419326345203 68.561538766371086 965.16493888990954 169.76371540967375 81.201352774165571
leaf_count=628981 391 1146757 1722576 44697 105178 3382 416 76689 360 1077 465 4045 144 438 6889 660 20030 1269 31781 1411 10907 1208 1048 183 819 35987 954 10453 656 825
internal_value=-0.000271845 -0.000292606 -0.00228708 -0.00812147 -0.0283664 -0.0502519 6.61668e-06 -0.0186203 0.061246 0.209402 0.399119 0.02309 0.18372 0.341748 0.00139299 0.0152917 0.0233213 0.0115373 -0.00505755 0.0544038 0.0177938 0.0912159 0.163254 0.0349825 0.114198 -0.0179246 0.0931259 0.0150846 -0.00036811 0.158037
internal_weight=454904 454803 144744 40835.9 5945.37 3002.54 103908 7189.39 471.154 87.2991 49.5318 383.855 72.7587 50.4086 96719 11780.3 9485.62 6887.97 4502.08 2597.65 1294.99 1302.66 436.406 1490.36 303.172 2294.65 202.011 1257.61 1134.93 122.682
internal_count=3860676 3860285 2713528 782238 153257 108560 1931290 83634 6945 1958 881 4987 942 582 1847656 125080 87479 65197 45167 22282 13137 9145 2256 13386 2230 37601 1614 12117 11109 1008
cat_boundaries=0 1 2 3 4 5 6 7 8 9 10 11 12 13 14 15
cat_threshold=4 8 450 232 64 24 32 48 18 157 9 94 13 8 332
is_linear=0
shrinkage=0.08


Tree=126
num_leaves=31
num_cat=8
split_feature=22 38 18 41 13 39 41 18 3 3 11 3 3 3 18 11 18 43 34 3 3 0 12 3 34 42 3 19 26 17
split_gain=139.186 198.268 412.302 261.922 263.941 197.555 193.932 203.29 318.021 568.129 190.394 633.241 575.189 555.636 603.212 824.98 392.04 266.448 617.56 342.382 353.28 339.818 220.102 342.039 199.266 358.572 497.894 186.697 199.46 187.903
threshold=1.0000000180025095e-35 0 23535.780273437504 1 234.79999542236331 2 3 12282.300292968752 663.13000488281261 686.17501831054699 4.5000000000000009 285.84500122070318 165.7600021362305 181.6549987792969 1739.299987792969 10.500000000000002 138.05000305175784 4 5 335.62500000000006 382.22500610351568 1.5000000000000002 1309.9000244140627 62.07500076293946 6 7 474.59500122070318 2909.974975585938 5.5000000000000009 1.5000000000000002
decision_type=2 1 2 9 2 9 9 2 10 10 2 10 10 10 2 2 2 9 1 10 10 2 2 8 1 9 8 2 10 2
left_child=1 2 5 -4 -5 6 7 -1 -9 -10 17 12 -12 14 15 -14 -15 18 19 -8 -21 -22 -19 -24 25 26 -20 28 -3 -29
right_child=-2 27 3 4 -6 -7 10 8 9 -11 11 -13 13 16 -16 -17 -18 22 24 20 21 -23 23 -25 -26 -27 -28 29 -30 -31
leaf_value=-0.018464823436394169 0.0033259715357557579 0.00036929106702621043 -0.0043891068082260636 0.3450518426380198 0.10531751389338062 -0.0082010625483681793 -0.12289993804540426 -0.035963409013557428 0.63628874846370975 -0.0026580011117480012 0.035494501875830461 -0.0032704883920702359 0.19068117900028081 0.51650566507135787 0.090246359665137832 0.78107108324468033 0.065233757848873891 -0.010978998104597151 0.56057617745229482 0.72027267919150362 0.64074079022689945 0.13341277280572103 0.35628677632670958 0.02990719204197706 0.0016544934995291031 0.033970925367153612 0.064645557346553167 0.069880473774535198 -0.019176132431393635 -0.018368975994062321
leaf_weight=2794.1288025015965 60680.44386001653 329256.94595927856 119.75757646281272 38.59631943050772 123.24552702205256 43604.687020137906 11.613481134176252 42.516230427660048 16.307402290403843 19.623941422440112 649.06231412291527 1614.0704366685823 30.742924008518457 13.129910927265881 43.164130074903369 29.860596677288413 199.8989568464458 4721.7287192707881 23.635811587795615 13.034944161772726 10.97886500507593 36.682024533860385 25.682330032810569 102.82995877973735 1373.202013336122 428.13217018265277 28.673867393285036 159.58031497243792 3375.7928781586234 4770.2785846036859
leaf_count=28119 619428 2630532 1014 163 720 357732 129 472 83 183 6387 22653 173 39 119 62 1630 40687 88 80 29 413 46 858 14764 4692 133 1051 45474 82330
internal_value=-0.000240464 -0.000790185 -0.00519308 0.0913643 0.153034 -0.005681 0.00330494 -0.0148472 0.112113 0.287327 0.00888448 0.0273891 0.0786251 0.166992 0.318796 0.481578 0.0930476 0.00185225 0.0269456 0.241648 0.351213 0.250278 -0.00815067 0.095132 0.0173185 0.061143 0.242391 -5.81107e-05 0.00017093 -0.0155123
internal_weight=454358 393678 56115 281.599 161.842 55833.4 12228.7 2872.58 78.4476 35.9313 9356.12 2579.93 965.859 316.797 103.768 60.6035 213.029 6776.19 1925.95 72.3093 60.6958 47.6609 4850.24 128.512 1853.64 480.442 52.3097 337563 332633 4929.86
internal_count=3860283 3240855 481468 1897 883 479571 121839 28857 738 266 92982 31063 8410 2023 354 235 1669 61919 20328 651 522 442 41591 904 19677 4913 221 2759387 2676006 83381
cat_boundaries=0 1 2 3 4 5 6 7 8
cat_threshold=132 6 1 21 5 16 9 3
is_linear=0
shrinkage=0.08


Tree=127
num_leaves=31
num_cat=13
split_feature=44 3 3 32 3 19 19 12 43 3 18 19 0 18 47 45 34 41 45 47 12 1 47 18 34 46 3 45 43 16
split_gain=202.441 283.107 268.476 307.72 293.089 292.359 675.192 487.692 306.731 592.801 299.435 355.622 293.152 435.54 331.97 271.998 279.044 258.286 267.466 236.292 234.625 231.556 254.013 218.578 231.395 209.145 208.375 196.922 278.071 275.144
threshold=0 448.10499572753912 244.59000396728518 -4.7249999046325675 197.51499938964847 90.010002136230483 108.27500152587892 235.02500152587893 1 134.57500457763675 342.02499389648443 430.05000305175787 1.5000000000000002 285.28500366210943 2 3 4 5 6 7 260.02500915527349 1.0000000180025095e-35 8 3332.2099609375005 9 10 inf 11 12 2.5000000000000004
decision_type=9 10 8 8 10 2 2 2 9 10 2 2 2 2 1 9 1 9 9 1 2 2 1 2 1 1 8 9 9 2
left_child=1 2 3 -1 5 12 7 -7 9 10 11 -8 13 20 -15 -14 21 18 -6 -18 -5 22 -17 24 -10 -21 -2 -4 -29 -30
right_child=26 -3 27 4 17 6 8 -9 23 -11 -12 -13 15 14 -16 16 19 -19 -20 25 -22 -23 -24 -25 -26 -27 -28 28 29 -31
leaf_value=-0.038919594448185844 -0.0010883772808922946 0.020474072872017232 0.0016801539917371919 -0.00023105304230320954 0.1774626926428276 0.064656743518578919 0.11665860660691273 0.29410512837656444 0.027828381665750874 0.021592649981863946 0.0033809091121723097 0.33892543329397279 -0.027036767133805963 0.007835026478567101 -0.078063256376070159 0.24126541161552439 0.054995126122309806 0.021861285489659207 0.039599615801782222 0.0093859021695541049 0.15776300016811534 0.046159725607951264 0.035236592079172679 0.0711139245271383 -0.017577618735249372 -0.1297732585161373 0.02315908500271046 -0.030086583413408113 0.00061031162469715305 0.2617074185360812
leaf_weight=946.70987969264388 397640.40333242272 6098.9410971011966 7935.3420661408454 18781.79260000959 143.63651757314801 158.33347218669951 107.68334817327559 94.773570409044623 1096.2002365095541 837.17396162822843 57.660950381308794 80.518059305846691 769.01206281594932 441.78923529759049 826.88665355555713 89.563183300197124 788.72377829253674 2121.6988599589095 266.59586144983768 3558.6914908820763 60.348498158156872 748.81302559748292 66.909992679953575 288.38206467311829 2038.6529626734555 70.489035654813051 2281.2722083255649 4061.0264140442014 2644.5205370504409 26.085436150431633
leaf_count=2865 3622022 39819 20892 70233 217 524 328 161 4444 2279 283 145 2552 713 5740 175 1061 6733 392 23766 115 2595 88 662 10131 414 4135 23476 13626 60
internal_value=-0.000323187 0.00421793 0.002199 0.0060591 0.00733042 0.00519042 0.0234307 0.150572 0.0162895 0.0531762 0.162883 0.211751 0.00187735 -0.00277994 -0.048151 0.0172514 0.0236558 0.0334999 0.0909445 0.0152736 0.000274978 0.0639485 0.153165 0.00445099 -0.00166728 0.00668303 -0.000950063 -0.0068653 -0.0169162 0.00314882
internal_weight=455129 55207 49108 34441 33494.3 30962.4 4759.38 253.107 4506.27 1083.04 245.862 188.201 26203 20110.8 1268.68 6092.2 5323.19 2531.93 410.232 4417.9 18842.1 905.286 156.473 3423.24 3134.85 3629.18 399922 14667 6731.63 2670.61
internal_count=3860646 234489 194670 136616 133751 126409 18957 685 18272 3035 756 473 107452 76801 6453 30651 28099 7342 609 25241 70348 2858 263 15237 14575 24180 3626157 58054 37162 13686
cat_boundaries=0 1 2 3 4 5 6 7 8 9 10 11 12 13
cat_threshold=1 8 2 8 6 21 32 1 4 67 1 8 44
is_linear=0
shrinkage=0.08


Tree=128
num_leaves=31
num_cat=11
split_feature=44 3 34 35 19 18 18 34 2 24 18 18 19 18 42 34 42 34 21 41 4 41 6 13 3 47 18 18 19 19
split_gain=157.175 298.386 247.294 235.778 282.197 313.671 312.04 305.344 362.29 365.955 302.357 600.241 946.641 280.749 264.478 254.281 399.588 246.601 243.113 289.403 232.917 226.291 406.907 250.293 213.457 211.972 211.561 207.495 445.493 188.358
threshold=0 9.4749999046325701 1 2 36.125000000000007 372.55000305175787 891.62500000000011 3 2.5000000000000004 4.5000000000000009 159.94999694824222 170.05000305175784 505.02499389648443 40.875000000000007 4 5 6 7 1.0000000180025095e-35 8 32.500000000000007 9 295.72500610351568 442.00497436523443 inf 10 199.02500152587893 1013.5499877929689 217.27500152587893 45.049999237060554
decision_type=9 10 1 1 2 2 2 1 10 2 2 2 2 2 9 1 9 1 2 9 8 9 2 2 8 1 2 2 2 2
left_child=1 2 -1 4 14 7 -7 8 9 -6 13 12 -12 -9 20 16 18 -15 -5 -20 -3 22 -13 25 -2 -23 -16 28 -8 -27
right_child=24 3 -4 15 5 6 27 10 -10 -11 11 21 -14 17 26 -17 -18 -19 19 -21 -22 23 -24 -25 -26 29 -28 -29 -30 -31
leaf_value=-0.043755399938957926 -0.00035703456456911075 -0.023241085441472641 -0.0040567270381619428 0.0036453867112601953 -0.024356957071822238 -0.028559041745363098 0.38102635915218258 0.067630698873213213 0.23396605651435065 0.19959013466655326 0.081552651902825901 -0.024250087579749842 0.41107986738397922 0.019247612097090465 0.0071732145158590263 0.0065762630523410514 0.048684802712818546 -0.063027171101663212 0.17550550892402247 -0.010925785417736375 0.0083033531250543899 0.0065587931792218754 0.15334632019589203 -0.041482759522752016 0.024187682194132806 0.21517828451337528 -0.03005341996354367 0.0080790178262572787 0.046553014230833169 0.082939339013566205
leaf_weight=1163.2900047730654 398152.76313308597 5477.259225545451 7018.8927636928856 3387.9826370179653 1091.4901008512825 1649.1033900938928 28.407312400639057 406.68278546072543 38.74835417792201 48.787390939891338 217.11296068504453 531.02489502541721 75.089871719479561 621.33999614603817 12145.946431086399 10448.251987547614 2921.0568988677114 360.62246390804648 107.86580162867904 103.23382242862135 2062.0835822243243 219.0879228413105 97.768633354455233 129.12604298256338 2280.6271216999739 75.870484443381429 1062.496501667425 2641.5154702626169 247.80865553207695 754.21691219881177
leaf_count=3876 3620947 21667 21913 18242 6900 9345 57 1356 151 54 605 2552 137 1442 45459 58344 10407 2299 431 653 5987 364 232 698 4131 147 5456 12333 973 2729
internal_value=0.000334128 0.00433882 -0.00975926 0.00679575 0.00252694 0.0141619 -0.000743576 0.0287476 -0.00654493 -0.0147753 0.0405799 0.0598531 0.166234 0.0117357 -0.00264999 0.0143284 0.0267218 -0.0114134 0.00881095 0.0921315 -0.014594 0.0426516 0.00331102 0.063082 -0.000217243 0.0765524 0.00417552 0.0149777 0.0809518 0.0950261
internal_weight=455566 55132.2 8182.18 46950 29981.6 9233.8 4566.83 4666.97 1179.03 1140.28 3487.94 2099.3 292.203 1388.65 20747.8 16968.4 6520.14 981.962 3599.08 211.1 7539.34 1807.09 628.794 1178.3 400433 1049.18 13208.4 2917.73 276.216 830.087
internal_count=3859887 234809 25789 209020 120943 42374 22708 19666 7105 6954 12561 7464 742 5097 78569 88077 29733 3741 19326 1084 27654 6722 2784 3938 3625078 3240 50915 13363 1030 2876
cat_boundaries=0 1 2 3 4 5 6 7 8 9 10 11
cat_threshold=1 4 32 48 26 70 56 7 4 34 2
is_linear=0
shrinkage=0.08


Tree=129
num_leaves=31
num_cat=17
split_feature=41 34 3 17 13 35 36 39 37 33 3 42 23 44 1 3 36 18 35 37 36 23 18 42 17 42 34 6 41 42
split_gain=159.35 526.153 385.977 315.393 148.116 124.727 239.333 230.693 119.252 118.838 117.511 188.519 128.374 161.071 125.753 134.731 112.987 143.055 109.51 104.148 179.238 385.348 351.403 241.733 282.146 235.415 496.771 393.985 192.135 191.459
threshold=0 1 405.31500244140631 4.5000000000000009 560.00003051757824 2 3 4 5 2.5000000000000004 153.54499816894534 6 3.5000000000000004 7 4.5000000000000009 610.74499511718761 8 258.10000610351568 9 10 11 3.5000000000000004 51.049999237060554 12 3.5000000000000004 13 14 220.00000762939456 15 16
decision_type=9 1 8 2 2 1 9 9 1 2 8 9 2 9 2 10 9 2 1 1 9 2 2 9 2 9 1 2 9 9
left_child=1 2 3 4 5 6 -1 -8 10 19 11 -3 14 -14 15 18 -5 -18 -12 20 21 25 -23 24 -24 26 27 -2 -29 -22
right_child=9 8 -4 16 -6 -7 7 -9 -10 -11 12 -13 13 -15 -16 -17 17 -19 -20 -21 29 22 23 -25 -26 -27 -28 28 -30 -31
leaf_value=0.20593710909758678 -0.0060801183596744636 -0.033091956343051586 -0.046036904602408467 0.03102939900068102 0.1744837689481937 0.038397906340542319 -0.088734868787587656 0.12993420097600555 -0.035890048600397642 0.086909798741069813 -0.01498937633143157 0.019661318704091577 0.14232213581409386 -0.014418648495342025 0.13784906308114026 0.090167087717810665 0.038498083624381209 -0.064370253772185498 -0.058547407203354898 0.00022039908602993174 -0.0046369630158536856 0.31910727710246833 0.055226918420175367 -0.01972862036820899 0.42191687577840681 -0.0056627681481154681 -0.037969187549712874 0.35293905400955899 0.089408696188279596 0.0027135160917848341
leaf_weight=79.772629817947745 54.941437454894185 543.71514761075377 408.05329710256774 223.20307164359838 55.010559385642409 3557.7826022626832 57.85189991351217 66.22180007211864 821.0574986115098 99.460753913037479 956.75017382763326 1998.2632704041898 68.755259975790977 107.6660636253655 29.766648836433887 59.431784396991134 116.03925796318799 340.11325384303927 617.24558860063553 319766.80646995793 93910.0435116351 47.274076061323285 30.31920746807009 90.655951703898609 24.107303129509091 1278.2326992508024 145.13217245973647 54.961066853255033 59.54937581717968 29894.021218948299
leaf_count=51 311 2173 2276 507 96 7861 246 100 3509 380 3154 5584 23 419 21 81 229 1619 2921 2500957 1076246 86 155 676 87 8138 980 206 177 241914
internal_value=-0.000301324 0.0096269 0.0284037 0.035223 0.0441625 0.0422567 0.102684 0.0258887 -0.00809273 -0.000526784 -0.00281399 0.00832485 -0.0182209 0.0466667 -0.0251038 -0.0280734 -0.0149991 -0.0373824 -0.0325379 -0.000546323 -0.00249832 0.0226005 0.129683 0.0679607 0.183864 0.00981052 0.0706175 0.160553 0.254524 -0.00286202
internal_weight=455562 10106.7 4904.05 4496 3816.64 3761.63 203.846 124.074 5202.65 445456 4381.59 2541.98 1839.62 176.421 1663.19 1633.43 679.356 456.153 1574 445356 125589 1785.17 192.357 145.082 54.4265 1592.82 314.584 169.452 114.51 123804
internal_count=3861183 30870 12985 10709 8354 8258 397 346 17885 3830313 14376 7757 6619 442 6177 6156 2355 1848 6075 3829933 1328976 10816 1004 918 242 9812 1674 694 383 1318160
cat_boundaries=0 1 2 3 4 5 6 7 8 9 10 11 12 13 14 15 16 17
cat_threshold=16 120 8 40 1 36 40 1 66 48 1 24 32 16 20 34 56
is_linear=0
shrinkage=0.08


Tree=130
num_leaves=31
num_cat=12
split_feature=48 38 34 23 12 3 26 42 38 47 32 42 38 34 38 9 3 36 7 13 7 3 36 20 3 3 11 3 32 3
split_gain=105.074 208.029 113.46 111.687 123.016 121.363 109.973 184.333 133.659 117.764 343.351 315.238 456.511 446.169 796.042 618.769 503.318 441.951 370.836 345.917 620.407 483.33 339.204 404.636 334.195 726.067 1501.85 306.296 291.933 300.889
threshold=0 1 2 -1.0000000180025095e-35 2397.8200683593755 205.23500061035159 1.0000000180025095e-35 3 4 5 -1.1349999904632566 6 7 8 9 1.0000000180025095e-35 345.05000305175787 10 2499.5749511718755 24.024999618530277 1.0000000180025095e-35 551.10000610351574 11 1.0000000180025095e-35 663.13000488281261 647.79498291015636 1.5000000000000002 615.54000854492199 22.185000419616703 307.99499511718756
decision_type=9 1 1 2 2 10 8 9 1 1 10 9 1 1 1 2 8 9 2 2 2 10 9 2 10 10 2 10 10 10
left_child=6 2 -2 5 -5 -4 7 -1 -9 10 -8 13 17 14 15 -11 22 -13 -15 20 -18 -22 23 -16 25 27 -27 -23 -24 -30
right_child=1 -3 3 4 -6 -7 9 8 -10 11 -12 12 -14 18 16 -17 19 -19 -20 -21 21 24 28 -25 -26 26 -28 -29 29 -31
leaf_value=-0.040523690308177755 0.084702543035231434 -0.011426418503261052 -0.017507916940349005 -0.038320545958932126 0.05656041107175553 0.15223679158945205 -0.001289152817541982 0.08959820044275732 -0.015554971417882328 0.060911337279090233 0.0053458181909423778 -0.022867633160734934 -0.0077409428120879262 0.0033842902975572283 -0.088442977801140035 0.51357902912714626 0.025504140257453758 0.0067705747002636306 -0.03385362015054523 -0.011571934071716994 -0.08644871857258607 0.44133578617214392 -0.030403587322363573 0.37691633121664764 -0.085989462657744348 2.1742446385300775 -0.082387994043052248 -0.086687939208892395 -0.10333918848893035 0.33294400110518907
leaf_weight=145.6707521751523 328.5444412319921 674.84461749857292 42.197227448225021 211.40648400504142 149.15792394429445 74.640043376013637 118113.72968512354 301.40645180828869 105.86118309875019 616.24610723182559 86451.030994177796 3605.5628427802585 75564.146719335462 125410.64161761117 19.679762296378613 19.952044711448252 1355.0332259864081 29441.922192428727 1735.2373971632915 2434.4301285229158 19.236827748361975 31.737858008826151 8440.9230619953014 30.477864538319409 8.4760765349492413 4.2574991127476087 3.3907211842015386 9.0317866313271207 15.784615354612468 28.175863918848336
leaf_count=1473 1341 6900 194 1878 741 281 193194 588 716 5810 137180 38971 991138 1768234 313 121 42204 296879 40571 127164 576 846 201243 79 348 101 221 485 210 274
internal_value=0.000205806 0.0214815 0.0485755 0.0224853 0.000929714 0.0909314 0.000136399 0.0357922 0.062548 9.29114e-05 0.00151485 -0.00107624 -0.00431119 0.00143036 -0.0126587 0.0739453 -0.0171579 0.00353103 0.00287586 0.00677713 0.0379891 0.260207 -0.0280183 0.162025 0.377417 0.458541 1.1738 0.324362 -0.0292982 0.176291
internal_weight=455393 1480.79 805.946 477.402 360.564 116.837 453912 552.938 407.268 453359 204565 248794 108612 140183 13036.8 636.198 12400.6 33047.5 127146 3865.59 1431.16 76.1308 8535.04 50.1576 56.8939 48.4179 7.64822 40.7696 8484.88 43.9605
internal_count=3860274 11335 4435 3094 2619 475 3848939 2777 1304 3846162 330374 3515788 1326988 2188800 379995 5931 374064 335850 1808805 171945 44781 2577 202119 392 2001 1653 322 1331 201727 484
cat_boundaries=0 1 2 3 4 5 6 7 8 9 10 11 12
cat_threshold=1 468 34 11 590 2 26 896 64 64 96 32
is_linear=0
shrinkage=0.08


Tree=131
num_leaves=31
num_cat=4
split_feature=6 19 36 47 12 42 4 4 4 3 32 4 4 3 37 3 13 3 4 6 12 13 18 16 12 2 32 3 21 5
split_gain=133.583 183.772 236.27 243.871 388.398 304.385 402.065 394.694 388.422 246.349 239.94 235.738 230.437 223.503 296.259 260.933 251.915 248.369 395.161 403.591 236.839 210.234 198.546 453.948 195.568 320.886 211.409 189.249 442.085 967.45
threshold=482.02499389648443 3108.7500000000005 0 1 12462.429687500002 2 44.500000000000007 21.500000000000004 17.500000000000004 382.22500610351568 -65.584999084472642 25.500000000000004 28.500000000000004 244.59000396728518 3 56.010000228881843 797.02502441406261 357.61499023437506 2.5000000000000004 574.04998779296886 3509.5500488281255 2504.6750488281255 10901.750000000002 1.0000000180025095e-35 929.52499389648449 1.0000000180025095e-35 -65.584999084472642 725.45501708984386 1.0000000180025095e-35 15.500000000000002
decision_type=2 2 9 1 2 9 10 10 10 10 8 10 10 10 1 10 2 10 8 2 2 2 2 2 2 10 10 10 2 2
left_child=-1 2 21 4 5 6 9 8 22 13 -11 -12 -13 15 17 16 -4 18 24 -20 -17 -2 -7 -24 26 -26 -15 -23 -29 -30
right_child=1 -3 3 -5 -6 7 -8 -9 -10 10 11 12 -14 14 -16 20 -18 -19 19 -21 -22 27 23 -25 25 -27 -28 28 29 -31
leaf_value=-0.00068406863605832593 0.00092346961652297623 -0.008250751612632631 -0.095157526797175915 0.0054998528282811645 -0.08079329025536261 0.041215993910082183 0.28100436643164961 -0.080496642242447361 0.20575525955732096 0.30381145570028506 -0.076333986317701441 0.2144290397390117 -0.093863821894976246 0.28832060946022547 -0.021470755420828946 -0.069613788272310406 0.29390522455020485 -0.042710358112288363 0.24660334987715504 -0.098280130963122658 0.080848610244616398 0.025395816133310701 -0.030327383037503153 0.34795599708806729 0.17659360854121267 0.49519870212684447 -0.090559230496222679 0.081230895090577293 1.5232190467512103 -0.055022413712238087
leaf_weight=384673.24252409441 45784.33360771765 8049.5827730027377 16.283518148586154 9179.2789878710173 206.55393330473453 3460.4491613688879 31.90758228674531 158.50606263801455 97.778292877599597 12.088425064459443 467.88075919612311 37.636407144367695 26.402005486190319 18.918931309133768 176.15321007650346 333.0533746778965 30.792685244232416 50.8887136913836 34.623688891530037 58.250025365501642 83.800847005099058 1263.2315403285902 38.797160174930468 42.589979573152959 45.00909548252821 36.7505012024194 18.783260866999626 71.39305772993248 4.4803883193526399 5.5836479212157428
leaf_count=3073838 559834 129421 171 22743 3323 33786 177 1552 406 61 6807 92 285 91 1629 3474 148 707 89 493 276 17633 646 222 401 129 262 1387 118 109
internal_value=-9.96782e-05 0.00311902 0.00460014 0.013465 0.0268222 0.0310342 0.000101014 0.0429681 0.0484631 -0.0060911 -0.0486215 -0.0566309 0.0873249 0.0195224 0.0604128 -0.0192039 0.15933 0.111779 0.154069 0.0302938 -0.0393661 0.00183877 0.0441208 0.167629 0.250296 0.319805 0.0995624 0.0330169 0.151205 0.647592
internal_weight=454515 69841.8 61792.2 14663.2 5483.9 5277.34 1479.22 3798.12 3639.61 1447.32 544.008 531.919 64.0384 903.308 439.377 463.93 47.0762 263.224 212.336 92.8737 416.854 47129 3541.84 81.3871 119.462 81.7596 37.7022 1344.69 81.4571 10.064
internal_count=3860310 786472 657051 77970 55227 51904 15292 36612 35060 15115 7245 7184 377 7870 3801 4069 319 2172 1465 582 3750 579081 34654 868 883 530 353 19247 1614 227
cat_boundaries=0 1 2 3 4
cat_threshold=144 4 33 6
is_linear=0
shrinkage=0.08


Tree=132
num_leaves=31
num_cat=17
split_feature=47 37 38 36 38 40 41 37 25 41 36 13 34 47 34 17 32 17 6 1 34 21 34 38 43 13 12 32 6 13
split_gain=190.143 310.964 548.286 402.444 329.827 377.138 434.186 716.422 444.855 360.359 519.312 470.769 334.917 324.265 535.118 495.693 370.276 355.191 373.399 343.457 995.079 365.834 343.301 496.59 582.206 385.783 512.824 875.557 426.428 385.643
threshold=0 1 2 3 4 5 6 7 9.2500000000000018 8 9 1474.900085449219 10 11 12 1.0000000180025095e-35 -2.7949999570846553 4.5000000000000009 469.75006103515631 1.0000000180025095e-35 13 1.5000000000000002 14 15 16 250.00000762939456 294.02499389648443 -3.064999938011169 281.75001525878912 481.97500610351568
decision_type=1 1 1 9 1 1 9 1 10 9 9 2 1 1 1 2 10 2 2 2 1 2 1 1 9 2 2 8 2 2
left_child=-1 2 3 -2 5 13 -7 8 -8 10 -6 -12 -13 15 16 -3 -15 22 19 -19 -21 -22 23 24 25 -17 27 -27 -29 -26
right_child=1 4 -4 -5 9 6 7 -9 -10 -11 11 12 -14 14 -16 17 -18 18 -20 20 21 -23 -24 -25 29 26 -28 28 -30 -31
leaf_value=0.0014900190016438539 -0.015551687702764749 -0.01219827364557347 -0.011259669381032537 0.0068421802113176203 -0.0047007473102031582 0.020685229028887826 0.0030864627444211956 -0.0438625211831047 0.25203667492309551 0.003452434442120113 -0.047065086607870628 0.094819491091912594 -0.051739252624299417 0.035956830772675981 -0.0060164993976677865 0.046456144545709475 0.011696021166673426 -0.028828037382362448 0.012992275778929266 0.072745347186033038 -0.027801913197910585 0.22760086200256219 0.0091306891810280285 0.072239326153812372 -0.023004707885316087 0.92264278825137336 0.062811882476725325 0.095613065523798696 0.70331640029159548 0.09994965572431079
leaf_weight=204311.91384344827 6440.3945890348405 10936.183161798865 48435.430459850351 25200.408112376928 59858.474007084849 2190.5616610106081 3421.1724137710407 3796.2101683579385 46.563427654094994 37243.075706593459 3109.738757181447 268.28182663023472 149.68369884695858 6846.7974939886481 6104.4363705962896 363.46099791210145 9773.3015661146492 4044.6676306673326 6580.5536776967347 984.52698732027784 2182.1771667636931 36.493481383658946 8862.157705873251 1570.8523188140243 1497.5040232408792 14.298682100139557 75.216659056022763 39.24449404142797 9.104369539767502 183.23578262794763
leaf_count=330310 47339 141898 791542 167526 1392295 15028 25196 28864 191 368293 38120 2369 2360 28392 36323 6749 54843 71674 92478 14536 36891 339 124184 12568 25336 175 1152 747 27 2550
internal_value=-0.000320817 -0.00179916 -0.00590988 0.0022805 0.000135346 0.00437099 -0.0104745 -0.0198867 0.00641078 -0.00279263 -0.00646194 -0.0362482 0.0433639 0.00670756 0.014245 0.00212708 0.0216774 0.00805158 -0.000804069 -0.0133302 0.00623891 -0.0234951 0.017759 0.0380083 0.0131485 0.0879237 0.203625 0.37269 0.210047 -0.00954333
internal_weight=454576 250264 80076.2 31640.8 170188 69558.7 9454.51 7263.95 3467.74 100629 63386.2 3527.7 417.966 60104.2 22724.5 37379.7 16620.1 26443.5 13828.4 7247.87 3203.2 2218.67 12615.1 3752.92 2182.07 501.325 137.864 62.6475 48.3489 1680.74
internal_count=3860295 3529985 1006407 214865 2523578 720141 69279 54251 25387 1803437 1435144 42849 4729 650862 119558 531304 83235 389406 215918 123440 51766 37230 173488 49304 36736 8850 2101 949 774 27886
cat_boundaries=0 1 2 3 4 5 6 7 8 9 10 11 12 13 14 15 16 17
cat_threshold=2 20 705 42 402 6 5 11 38 163 14 4 23 114 68 256 33
is_linear=0
shrinkage=0.08


Tree=133
num_leaves=31
num_cat=18
split_feature=48 38 37 5 32 3 3 44 44 38 3 31 3 45 42 34 37 32 3 37 42 41 38 38 45 38 2 38 17 13
split_gain=121.303 129.747 183.199 182.206 168.518 147.739 134.625 119.739 240.991 270.369 230.365 218.979 236.79 215.015 200.38 181.45 191.2 177.259 335.125 184.361 174.997 188.155 228.753 220.011 456.161 199.87 187.149 174.377 172.08 227.945
threshold=0 1 2 1.0000000180025095e-35 20.435000419616703 438.80000305175787 325.03500366210943 3 4 5 9.4749999046325701 1.0000000180025095e-35 725.45501708984386 6 7 8 9 -2.5749999284744258 501.13999938964849 10 11 12 13 14 15 16 2.5000000000000004 17 21.500000000000004 2957.6748046875005
decision_type=9 1 1 2 8 10 10 9 9 1 10 10 10 9 9 1 1 8 10 1 9 9 1 1 9 1 8 1 2 2
left_child=7 -2 3 5 -4 -3 -6 10 11 14 15 -9 13 27 -10 -1 -17 18 -12 -20 -19 22 -22 24 -23 26 -26 -13 29 -25
right_child=1 2 4 -5 6 -7 -8 8 9 -11 17 12 -14 -15 -16 16 -18 20 19 -21 21 23 -24 28 25 -27 -28 -29 -30 -31
leaf_value=0.0056340996641206179 -0.021735909030462745 0.10130609374022102 -0.040511133977460104 0.036791358632697856 0.082874667050092679 0.29516055692367243 -0.022035477400756478 -0.00096438800073861896 -0.034906228553222909 -0.034537834186595194 -0.024648456649828624 0.030833037251661942 0.11499428802596548 -0.073953009259759575 0.031647538343920915 0.024462648692143013 -0.024512242644937558 -0.00076735047213049191 0.21323257016962383 0.020082147420355946 0.032849957154229295 0.040921399064352382 -0.015736584008212286 0.015274308664422948 -0.025693113013473094 -0.080358598813117979 0.11944874359454181 0.00052460750727121501 -0.035795930054979691 0.095349704575324171
leaf_weight=3161.3523931242526 336.6251411922276 154.49587707687169 293.40492917352822 400.21205968456343 204.61388602294028 30.055546414107084 126.79450858547352 387610.24772941211 422.35485997702926 2742.9777251370251 3001.8746258066967 2438.2844426883385 148.97585229482502 167.6285774554126 870.41775615140796 570.60264230519533 4406.4217343702912 13404.699971057475 22.890914408490062 1144.3273816807196 764.45035049319267 695.85082062613219 3111.1607144791633 22157.016015138477 895.05459214001894 465.62510991375893 60.713409338146448 2423.02118439693 416.59048751555383 229.87626923341304
leaf_count=9849 1947 664 3290 3155 724 168 1348 3559948 2136 30824 13785 7056 394 1264 3081 1902 13976 47347 58 9393 2205 863 18873 105620 2997 1989 93 7167 3565 1123
internal_value=-0.000386331 0.0219828 0.034048 0.0659875 0.00358714 0.132877 0.0427368 -0.000462965 -0.000945905 -0.0203954 0.00305286 -0.000746069 0.015597 0.0126524 0.00980307 -0.00936128 -0.0188596 0.00523165 -0.0105051 0.025869 0.00678631 0.0102992 -0.00609318 0.01285 -0.0117903 -0.0377011 -0.0163027 0.0157585 0.0151419 0.0160966
internal_weight=452879 1546.2 1209.58 584.763 624.813 184.551 331.408 451332 396824 4035.75 54508.5 392788 5177.91 5028.93 1292.77 8138.38 4977.02 46370.1 4169.09 1167.22 42201 28796.3 3875.61 24920.7 2117.24 1421.39 955.768 4861.31 22803.5 22386.9
internal_count=3856804 11296 9349 3987 5362 832 2072 3845508 3611870 36041 233638 3575829 15881 15487 5217 25727 15878 207911 23236 9451 184675 137328 21078 116250 5942 5079 3090 14223 110308 106743
cat_boundaries=0 1 2 3 4 5 6 7 8 9 10 11 12 13 14 15 16 17 18
cat_threshold=1 521 40 1 2 67 13 33 104 8 64 50 32 527 131 10 2 781
is_linear=0
shrinkage=0.08


Tree=134
num_leaves=31
num_cat=9
split_feature=9 21 45 3 41 3 13 37 18 4 37 42 4 4 13 38 18 0 34 20 38 32 22 3 20 17 1 12 38 17
split_gain=104.63 99.6273 302.022 223.16 306.331 234.875 249.687 224.201 252.719 213.932 213.807 388.155 403.353 729.73 254.495 243.981 224.662 221.116 386.171 270.332 223.934 334.497 289.755 230.305 211.554 346.881 189.214 187.917 222.252 327.53
threshold=2.5000000000000004 1.0000000180025095e-35 0 102.64500045776369 1 177.68499755859378 2716.015014648438 2 234.55000305175784 6.5000000000000009 3 4 34.500000000000007 39.500000000000007 234.79999542236331 5 40.875000000000007 1.5000000000000002 6 7.5000000000000009 7 11.925000190734865 4.5000000000000009 513.95501708984386 1.5000000000000002 8.5000000000000018 3.5000000000000004 1781.6250000000002 8 3.5000000000000004
decision_type=2 2 9 8 9 10 2 1 2 8 1 9 10 10 2 1 2 2 1 2 1 10 2 10 2 2 2 2 1 2
left_child=1 -1 -3 27 9 6 7 8 -6 -5 11 12 14 -14 -7 -16 -13 18 19 20 21 23 -22 24 -12 -26 -18 28 29 -4
right_child=-2 2 3 4 5 10 -8 -9 -10 -11 17 16 13 -15 15 -17 26 -19 -20 -21 22 -23 -24 -25 25 -27 -28 -29 -30 -31
leaf_value=-6.0523281754461935e-05 -0.19659428177606666 -0.017534107209435504 0.27204809009449404 0.0080513810895319823 -0.045751654883328351 -0.059497982910185584 -0.11555497659746281 0.020429355915108333 0.09445009393279731 -0.037863423609133362 0.042093510969660158 0.20747973844918885 0.52464822536322975 0.022527119942258932 0.0047359433265337465 0.11119593911229156 -0.0058604843206234722 -0.015761000888525677 -0.030549926377582391 -0.2239496378129508 0.0063743339781962604 0.48848709078869734 0.30225791309697436 0.38835664185158203 0.44157903671150445 0.046589760226353326 0.2159026168814179 0.071377209632974004 -0.034755963022130361 0.0074911720459194418
leaf_weight=438439.45710198948 17.297461000271142 2778.8621979193995 36.963795079383999 4606.2195664523169 90.213790228590369 96.422903781523928 54.638686160091311 654.60394190764055 936.00191506743431 756.0595500691561 125.48984863515943 34.297107710503042 34.764775237068534 39.650351306423545 208.17482151323929 456.20113844121806 1031.6070590727031 1568.8788185699377 331.1058092918247 17.688858889974654 211.72102506458759 17.959076467901468 23.536917584016919 19.668684286996722 26.266092427074909 31.051485758274794 25.225936399772763 146.02119548246264 1374.8361870390363 157.83326761284843
leaf_count=3691012 257 35822 87 58513 529 1331 548 3623 4775 5227 1002 180 61 151 1651 4207 16876 17015 2199 245 1119 203 19 28 25 371 181 518 11460 1239
internal_value=0.000157528 0.000165018 0.00638743 0.0114614 0.0155192 0.0278603 0.0527479 0.0582189 0.0813325 0.00157464 0.0178799 0.0375889 0.0784044 0.257105 0.0619559 0.0795829 0.00591809 0.00171745 0.0358246 0.0811805 0.0948063 0.150753 0.0345098 0.128242 0.100256 0.227596 -0.000567139 -0.0154288 -0.0235042 0.0548752
internal_weight=454349 454331 15892 13113.1 11397.4 6035.17 1735.46 1680.82 1026.22 5362.28 4299.71 1926.34 835.214 74.4151 760.799 664.376 1091.13 2373.37 804.488 473.382 455.693 220.435 235.258 202.476 182.807 57.3176 1056.83 1715.65 1569.63 194.797
internal_count=3860474 3860217 169205 133383 120079 56339 9475 8927 5304 63740 46864 24638 7401 212 7189 5858 17237 22226 5211 3012 2767 1629 1138 1426 1398 396 17057 13304 12786 1326
cat_boundaries=0 1 2 3 4 5 6 7 8 9
cat_threshold=40 22 35 9 17 840 88 416 136
is_linear=0
shrinkage=0.08


Tree=135
num_leaves=31
num_cat=13
split_feature=26 38 36 4 34 2 3 1 3 42 21 38 47 38 37 2 19 32 45 34 3 7 3 18 3 2 34 42 47 3
split_gain=156.423 191.081 118.157 198.286 289.153 221.571 260.527 270.854 279.434 259.027 208.204 207.741 198.581 208.036 287.954 501.146 386.469 352.048 273.175 394.507 366.599 373.945 203.322 464.462 166.944 160.702 380.978 266.623 253.793 615.786
threshold=1.0000000180025095e-35 0 1 14.500000000000002 2 1.0000000180025095e-35 169.81000518798831 2.5000000000000004 583.55001831054699 3 2.5000000000000004 4 5 6 7 1.0000000180025095e-35 690.52499389648449 -4.2850000858306876 8 9 369.56500244140631 536.27499389648449 382.22500610351568 189.77500152587893 57.664999008178718 1.0000000180025095e-35 10 11 12 293.87500000000006
decision_type=8 1 9 10 1 8 8 2 8 9 2 1 1 1 1 10 2 10 9 1 10 2 10 2 10 8 1 9 1 10
left_child=1 -1 3 4 12 6 9 8 -8 -5 25 -9 -2 14 15 18 17 -17 19 20 21 -14 -22 -24 -21 -6 27 -27 -29 -30
right_child=2 -3 -4 5 10 -7 7 11 -10 -11 -12 -13 13 -15 -16 16 -18 -19 -20 24 22 -23 23 -25 -26 26 -28 28 29 -31
leaf_value=-0.02787372656911366 -0.011209997721082041 0.065866219155997011 0.00048350128948894318 0.23989117082927661 -0.0083385052138928856 -0.019656388902159497 0.025587523592058986 0.16820402998394762 -0.075220599895516313 -0.0051301080510184885 0.15978198415589473 -0.031900497227078987 -0.092528093360120661 -0.088019261534989485 -0.074194429200052397 0.056503867946645497 -0.091405821951884042 0.5318894894531806 -0.068248601565476699 0.10451029123207201 0.49510309765097582 0.34803417074099663 0.43741529539122537 -0.089011684234041391 -0.092751357954023853 -0.034517876297688391 -0.011617463936031847 0.014677105428672534 0.096727468661316734 -0.087613736185553931
leaf_weight=193.01254414324649 2028.0618239082396 468.59909817622975 427872.72752821259 62.163180768489838 14294.224971842952 800.6690832618624 1384.8854037667625 119.76035137474537 201.60029175877571 53.398707170039415 49.811779778450727 47.035651095211506 49.432242235168815 557.9930856123101 473.56025914568454 15.795078666880725 17.305130127817392 27.033369895070791 290.96167554706335 35.559276198968291 20.368254274129868 16.428073663264513 22.666884800419211 20.36213012970984 120.51707459241152 323.80110136978328 2806.289202304557 987.16038912255317 861.74915544781834 134.01050119707361
leaf_count=1872 3710 1118 3709289 30 81789 4323 5639 199 1162 186 67 253 629 8379 9044 146 247 174 3703 314 40 89 67 334 1535 1560 15933 1585 5134 1561
internal_value=0.00022298 0.0390936 0.000166296 -0.00508791 -0.00747027 0.0155556 0.0306415 0.0229729 0.0127775 0.146987 -0.00356353 0.119947 -0.0279512 -0.0484741 -0.0275535 0.00776242 0.227651 0.356568 -0.0150471 0.0401871 0.138811 0.0173649 0.28687 0.1883 -0.04493 -0.00398462 0.00818736 0.0321921 0.0432041 0.0719186
internal_weight=454357 661.612 453695 25822.6 23153.1 2669.51 1868.84 1753.28 1586.49 115.562 19457 166.796 3696.04 1667.98 1109.99 636.429 60.1336 42.8284 576.296 285.334 129.258 65.8603 63.3973 43.029 156.076 19407.2 5113.01 2306.72 1982.92 995.76
internal_count=3860111 2990 3857121 147832 136040 11792 7469 7253 6801 216 107629 452 28411 24701 16322 7278 567 320 6711 3008 1159 718 441 401 1849 107562 25773 9840 8280 6695
cat_boundaries=0 1 2 3 4 5 6 7 8 9 10 11 12 13
cat_threshold=304 24 80 3 18 2 340 33 33 64 34 16 2
is_linear=0
shrinkage=0.08


Tree=136
num_leaves=31
num_cat=14
split_feature=47 35 40 34 38 34 43 38 45 38 13 14 49 43 20 3 32 10 42 12 32 7 3 3 6 6 3 32 12 38
split_gain=181.281 258.693 349.534 373.625 396.287 307.781 535.404 626.816 525.791 487.965 715.355 454.427 429.681 412.462 912.007 588.479 482.419 617.41 382.812 445.088 497.878 950.301 351.754 395.009 351.171 863.851 736.66 574.909 511.841 342.62
threshold=0 1 2 3 4 5 6 7 8 9 273.27499389648443 1.0000000180025095e-35 10 11 1.0000000180025095e-35 228.55500030517581 -5.2149999141693106 2.5000000000000004 12 4100.1501464843759 17.454999923706058 407.29998779296881 72.33499908447267 276.08499145507818 220.00000762939456 146.00000762939456 460.75000000000006 -0.5649999976158141 151.79999542236331 13
decision_type=1 1 1 1 1 1 9 1 9 1 2 2 9 9 2 10 8 2 9 2 8 2 8 8 2 2 10 8 2 1
left_child=1 2 3 -1 -5 6 12 8 9 10 -8 -10 -3 14 15 -7 17 -17 -13 20 21 -20 -9 -24 25 -11 -27 -28 -29 -15
right_child=-2 5 -4 4 -6 13 7 22 11 24 -12 18 -14 29 -16 16 -18 -19 19 -21 -22 -23 23 -25 -26 26 27 28 -30 -31
leaf_value=-0.0040085513923965423 0.0015469863661439665 1.17446751466129 0.0022082435655867601 0.042024890293049844 -0.075191175698269525 0.13297181146335038 0.2353035835469415 -0.059648480945332601 0.021347066191149941 0.093348279617793184 0.89389623156979559 0.0083829995679209988 -0.028153698719402449 -0.024796679430583706 -0.044872248280141629 0.064578869436884748 0.0066913533340079443 1.021111054262029 0.32351593967955006 0.16159046639350824 0.10555253535961737 1.4699662304184236 0.031044989745297173 -0.0079716628648865175 -0.085627475900058189 0.15570875546201096 1.9479312706275087 1.3590017874789553 -0.081650419425291748 -0.0076932706065924649
leaf_weight=2486.3154694577679 311245.72527166898 1.9028195652645081 78321.404343423899 216.6692759571597 1134.3685016166419 297.57528058998287 37.372474579606205 528.84719464555383 1628.7191852587275 232.2654434083961 14.709770286455749 75.981754460837692 2510.0358297819039 9757.93856325245 1594.7735922284191 962.19452047604136 4594.0274987353478 4.338182969717308 11.542861282825472 59.51640349929221 10.84945832565427 7.7235764237120739 2819.5019960170612 4040.5741549679078 55.575770591269247 9.8719639871269482 3.5488274372182786 3.3287048647180182 3.0015139274764806 32390.021707637934
leaf_count=31678 1147181 18 1202575 3039 13410 956 679 7265 31053 4826 164 4241 156141 314711 87995 37882 168378 61 154 925 160 187 32157 61120 3726 249 141 19 258 548447
internal_value=0.000461608 -0.00188739 0.00105207 -0.0224901 -0.0562223 -0.00580356 0.00565924 0.0143108 0.0521873 0.139567 0.353449 0.0339956 -0.0271347 -0.00859003 0.00875202 0.0233652 0.0174996 0.0688722 0.160439 0.259456 0.539014 0.783108 0.00321349 0.00806424 0.0933632 0.13654 0.644456 1.13285 0.675907 -0.0116579
internal_weight=455060 143814 82158.8 3837.35 1351.04 61655.7 12054.9 9542.93 2154.01 359.674 52.0822 1794.33 2511.94 49600.9 7452.91 5858.14 5560.56 966.533 165.614 89.6323 30.1159 19.2664 7388.92 6860.08 307.592 252.016 19.751 9.87905 6.33022 42148
internal_count=3859796 2712615 1250702 48127 16449 1461913 303483 147324 46782 10062 843 36720 156159 1158430 295272 207277 206321 37943 5667 1426 501 341 100542 93277 9219 5493 667 418 277 863158
cat_boundaries=0 1 2 3 4 5 6 7 8 9 10 11 12 13 14
cat_threshold=4 48 1 57 48 66 35 553 32 9 2 3 42 48
is_linear=0
shrinkage=0.08


Tree=137
num_leaves=31
num_cat=20
split_feature=11 14 13 43 7 45 12 25 14 34 38 39 22 35 34 39 40 43 19 45 41 36 45 36 43 41 38 38 36 5
split_gain=192.423 123.479 190.736 169.71 274.035 158.121 397.738 125.207 115.682 111.793 278.225 273.032 261.478 245.271 423.439 925.485 615.081 221.095 213.439 196.86 227.441 215.566 185.519 214.849 226.437 182.478 357.614 241.153 222.82 222.374
threshold=40.500000000000007 3.5000000000000004 988.77499389648449 0 1681.0501708984377 1 4471.4499511718759 9.2500000000000018 7.5000000000000009 2 3 4 1.5000000000000002 5 6 7 8 9 3349.049926757813 10 11 12 13 14 15 16 17 18 19 1.5000000000000002
decision_type=2 2 2 9 2 9 2 8 2 1 1 9 2 1 1 9 1 9 2 9 9 9 9 9 9 9 1 1 9 2
left_child=8 3 -3 4 -2 6 -5 -4 9 11 12 18 17 14 15 16 -12 -11 22 20 21 -19 23 24 -1 27 28 -16 -27 -30
right_child=1 2 7 5 -6 -7 -8 -9 -10 10 13 -13 -14 -15 25 -17 -18 19 -20 -21 -22 -23 -24 -25 -26 26 -28 -29 29 -31
leaf_value=-0.010962039439837508 0.14138700847267355 0.029153520459890305 0.10242273639261251 0.43415773089310045 -0.062383745274117719 0.016281005872680075 -0.031972269943189018 -0.039378477284533982 -0.029569301066568136 -0.042548724703891073 -0.051015069949645747 0.0034042802351555747 0.066713534626979751 -0.0010500977623294308 -0.029739947167438181 -0.03191525957992819 0.45729647051855887 0.096985671481537625 -0.023663824522791581 -0.018249891336959631 -0.011747174378972497 0.013464209233884529 -0.0022352048086658415 -0.060386580998555761 0.074384493600437057 0.040103389165784001 0.022502666935449507 0.0063585552593163168 8.92685852491971e-05 -0.045463269905747845
leaf_weight=299.328730994137 207.19780988222919 890.69566582422704 42.926977885654196 22.074818214168772 53.05296176020056 982.66760428412817 24.964929664507508 556.33072709839325 831.0256834954489 1469.2567229452543 25.305263410089538 156939.84865439904 266.48430304171052 192316.04285538272 1656.7559450571425 92.484940670663491 51.884233711287379 212.3988755568862 2958.4316450145561 7314.5852245574351 3074.7635240391828 1899.1790068754926 64689.502365503926 132.59634709730744 595.84834673348814 510.3589456025511 8130.9764234730974 4085.5700676669367 1854.7841244377196 1088.2987174589653
leaf_count=3692 853 6192 352 140 612 12031 392 8198 10392 21251 454 1316225 1741 1631330 13510 1275 86 527 44727 45947 20797 8957 603855 876 4706 1823 45568 27336 13882 12888
internal_value=0.000380637 0.0213636 0.00567545 0.0394841 0.0961531 0.0239946 0.154029 -0.0292207 0.000251155 0.000306267 -0.000959521 0.00156324 -0.011778 -0.000224914 0.00884071 0.131052 0.343289 -0.0132837 -0.00264374 -0.00980224 0.00212416 0.022283 -0.00169746 0.0318605 0.0460405 0.00756904 0.0133469 -0.00409005 -0.00821261 -0.0166985
internal_weight=453276 2779.91 1489.95 1289.96 260.251 1029.71 47.0397 599.258 450496 449665 224049 225616 14236.7 209812 17496.4 169.674 77.1895 13970.2 68675.7 12500.9 5186.34 2111.58 65717.3 1027.77 895.177 17326.7 11584.4 5742.33 3453.44 2943.08
internal_count=3860615 28770 14742 14028 1465 12563 532 8550 3831845 3821453 1847372 1974081 99220 1748152 116822 1815 540 97479 657856 76228 30281 9484 613129 9274 8398 115007 74161 40846 28593 26770
cat_boundaries=0 1 2 3 4 5 6 7 8 9 10 11 12 13 14 15 16 17 18 19 20
cat_threshold=8 2 28 136 1 24 64 1 2 1 1 49 9 2 136 38 21 38 768 75
is_linear=0
shrinkage=0.08


Tree=138
num_leaves=31
num_cat=13
split_feature=12 11 1 45 47 38 6 19 4 47 38 45 17 43 0 11 1 42 45 11 37 19 12 4 12 38 45 38 11 1
split_gain=112.754 268.169 221.862 276.838 421.627 351.585 344.931 305.764 309.88 180.743 271.424 375.332 239.336 316.21 349.434 370.685 301.083 277.747 358.39 266.6 341.992 397.985 566.489 298.048 618.334 262.082 255.346 254.779 244.514 521.103
threshold=862.80001831054699 1.5000000000000002 1.5000000000000002 0 1 2 1136.0150146484377 18.774999618530277 5.5000000000000009 3 4 5 5.5000000000000009 6 1.5000000000000002 27.500000000000004 3.5000000000000004 7 8 6.5000000000000009 9 166.02500152587893 670.02499389648449 25.500000000000004 690.02499389648449 10 11 12 10.500000000000002 3.5000000000000004
decision_type=2 2 2 9 1 1 2 2 8 1 1 9 2 9 2 2 2 9 9 2 1 2 2 10 2 1 9 1 2 2
left_child=9 2 -2 4 5 6 7 8 -4 10 11 -1 -12 14 15 16 -14 25 19 -19 21 22 -21 28 -25 26 -15 -22 -23 -30
right_child=1 -3 3 -5 -6 -7 -8 -9 -10 -11 12 -13 13 17 -16 -17 -18 18 -20 20 27 23 -24 24 -26 -27 -28 -29 29 -31
leaf_value=0.014709618453757912 0.016428959894174387 0.0020743848717376667 0.82978810845446005 0.015925892187285903 0.0037586388690017433 -0.026121391320565152 0.15139071948719846 0.15214987444040368 0.39059026500076133 0.00053944920005444144 -0.0025931600258140819 -0.062004999831874803 -0.011207405445047194 0.084805522847013343 -0.053401284666328687 0.55432423139987519 0.46515778327855517 -0.0068109139673476525 -0.026349895274662864 0.073226318521255773 0.045362933109080621 0.056910219011080419 0.46804598386968393 -0.010436494460671375 0.54091440711138927 -0.035739897959678343 -0.0093775249701595308 -0.011841952522358977 -0.034490288226604132 0.38048958475922912
leaf_weight=7837.2014990802854 1264.6473731875885 69919.273020859109 15.705157820135353 238.39171747816727 84.834272786974907 35.156116365455091 50.28243545582518 17.926863795146346 29.77134289033711 265421.01279688091 89397.931357430527 420.99962498433888 1889.115032244008 215.95852647791617 2251.1680732581299 7.5037812106311312 8.5298732705414277 3634.8617319122422 2427.1895643244497 71.099694415926933 683.40330419316888 973.25352784013376 34.564899948425591 30.133450807072222 22.919754053466022 3185.5458889822476 991.91057023080066 1762.176651731832 415.91721930680797 20.31223685387522
leaf_count=40801 9416 850223 171 1569 134 364 312 122 184 973875 1519427 6542 34579 3831 69346 132 94 97441 66989 1436 7144 21612 463 457 155 41737 40430 59912 11353 253
internal_value=-6.61621e-05 0.0028457 0.0338986 0.080699 0.140102 0.227225 0.282977 0.431963 0.542266 -0.000612799 -0.00324288 0.0107285 -0.00431156 -0.0125618 -0.0319851 -0.00684714 -0.00906615 -0.00695547 0.000369963 0.00887247 0.0230974 0.0521094 0.202379 0.041609 0.227755 -0.0237183 0.00801982 0.00426326 0.0346024 -0.0151675
internal_weight=453359 71656 1736.72 472.068 233.676 148.842 113.686 63.4034 45.4765 381703 116282 8258.2 108023 18625.6 4156.32 1905.15 1897.64 14469.2 10075.8 7648.64 4013.78 1568.2 105.665 1462.54 53.0532 4393.41 1207.87 2445.58 1409.48 436.229
internal_count=3860504 862495 12272 2856 1287 1153 789 477 355 2998009 2024134 47343 1976791 457364 104151 34805 34673 353213 267215 200226 102785 35729 1899 33830 612 85998 44261 67056 33218 11606
cat_boundaries=0 1 2 3 4 5 6 7 8 9 10 11 12 13
cat_threshold=9 4 422 4 129 13 4 18 5 40 44 8 66
is_linear=0
shrinkage=0.08


Tree=139
num_leaves=31
num_cat=13
split_feature=36 41 8 34 38 22 36 37 38 23 18 19 19 36 38 6 14 26 3 43 15 11 3 1 9 32 34 37 38 3
split_gain=126.228 266.293 267.592 236.197 187.031 176.539 458.285 185.369 210.78 306.172 211.999 282.072 225.858 162.638 551.445 338.586 158.38 167.875 376.173 156.31 168.582 154.992 159.117 150.583 137.648 130.96 173.504 127.868 211.314 357.231
threshold=0 1 7.5000000000000009 2 3 2.5000000000000004 4 5 6 1.0000000180025095e-35 638.10000610351574 633.79000854492199 114.01499938964845 7 8 197.79999542236331 1.0000000180025095e-35 9.2500000000000018 460.75000000000006 9 1.0000000180025095e-35 2.5000000000000004 47.885000228881843 2.5000000000000004 1.5000000000000002 -6.7950000762939444 10 11 12 192.27500152587893
decision_type=9 9 2 1 1 2 9 1 1 2 2 2 2 9 1 2 2 10 10 9 2 2 8 2 2 10 1 1 1 8
left_child=24 2 3 13 -5 7 -7 8 9 -3 11 12 -11 14 15 -2 17 -15 -19 -16 -21 -10 -23 -24 27 -9 -27 28 29 -1
right_child=1 5 -4 4 -6 6 -8 25 21 10 -12 -13 -14 16 19 -17 -18 18 -20 20 -22 22 23 -25 -26 26 -28 -29 -30 -31
leaf_value=0.12253371582737005 0.13771378012208213 0.0035467066742712813 0.23675195360164786 -0.035165118785759196 0.0012897388885575612 -0.016691312932730365 0.20958565929539738 -0.0060201284738263484 -0.049707840176108145 0.1568330205314713 -0.015579749748910431 0.29129782781083907 -0.016228837061446625 0.01223364223580941 0.10433399596684265 0.49021172779084177 -0.028942905191652085 -0.021846071287151811 0.35195471048856847 -0.020794943484025372 0.2029424201430711 0.24073769919610968 -0.02019841938979262 0.12217297391151984 -0.063468960952172609 -0.0066497894908902743 -0.028830498741535007 6.9345114183678918e-05 0.006160270476207195 -0.0053546272930295423
leaf_weight=273.6116804741323 42.771459314972162 560.0012741740793 31.739757869392633 1371.1959900953807 2595.2487912327051 186.27457796083763 73.057880506850779 6784.3687560004182 423.90086979139596 125.70651104673743 78.384138699620962 57.278753908351064 78.340118337422609 5571.0824002474546 98.232653775252402 29.445766761898994 615.7500985735096 40.702207568101585 29.87814150378108 325.3979237601161 23.082164756953716 20.403496686369181 227.58644544612616 60.101745896041393 216.74919994571246 3637.8448267844506 6028.7949338359758 412774.05289709364 10786.551207717042 285.80246417596936
leaf_count=645 186 2746 146 8410 11779 1357 86 32316 3526 352 509 77 476 28977 261 83 4375 226 105 1597 36 115 1908 202 2554 19875 46347 3604456 85378 1282
internal_value=-8.25153e-05 -0.00517708 0.0048031 0.00412227 -0.0113694 -0.0110391 0.0544924 -0.011985 0.0136933 0.0394562 0.0998133 0.134425 0.090389 0.0131874 0.055839 0.24721 0.00956688 0.0137869 0.136392 0.020166 -0.00580864 -0.0180775 0.0248556 0.00954479 0.000267172 -0.0145314 -0.0205199 0.000299751 0.00867438 0.0561916
internal_weight=453453 29116.6 10774.5 10742.8 3966.44 18342 259.332 18082.7 1631.7 899.711 339.71 261.325 204.047 6776.34 518.93 72.2172 6257.41 5641.66 70.5803 446.713 348.48 731.993 308.092 287.688 424337 16451 9666.64 424120 11346 559.414
internal_count=3860388 166073 56181 56035 20189 109892 1443 108449 9911 4160 1414 905 828 35846 2163 269 33683 29308 331 1894 1633 5751 2225 2110 3694315 98538 66222 3691761 87305 1927
cat_boundaries=0 1 2 3 4 5 6 7 8 9 10 11 12 13
cat_threshold=195 49 60 298 24 1 323 32 12 3 67 66 193
is_linear=0
shrinkage=0.08


Tree=140
num_leaves=31
num_cat=10
split_feature=47 20 41 42 34 18 38 43 18 12 18 12 11 9 32 19 19 18 18 19 38 11 11 12 38 11 42 19 39 23
split_gain=152.283 208.184 209.089 344.709 411.377 407.148 650.891 449.415 421.282 3513.35 333.222 1051.16 2561.45 647.945 367.621 330.998 1005.94 319.722 899.807 884.388 980.868 618.104 794.231 839.672 514.298 544.149 457.578 558.34 526.24 369.659
threshold=0 8.5000000000000018 1 2 3 482.22500610351568 4 5 430.02499389648443 151.79999542236331 258.10000610351568 253.00001525878909 1.5000000000000002 1.0000000180025095e-35 -6.2149999141693106 615.87500000000011 671.84500122070324 1050.3750000000002 1202.049987792969 1524.8250122070315 6 3.5000000000000004 4.5000000000000009 999.02499389648449 7 13.500000000000002 8 1096.3250122070315 9 4.5000000000000009
decision_type=1 2 9 9 1 2 1 9 2 2 2 2 2 2 8 2 2 2 2 2 1 2 2 2 1 2 9 2 9 2
left_child=1 2 3 -1 -5 6 7 8 10 -10 11 14 -13 -12 -6 -16 -17 -7 19 -19 21 -21 -23 -24 29 -26 27 28 -27 -20
right_child=-2 -3 -4 4 5 17 -8 -9 9 -11 13 12 -14 -15 15 16 -18 18 24 20 -22 22 23 -25 25 26 -28 -29 -30 -31
leaf_value=-0.0076806638262000449 0.00093760660215537321 -0.054522656772933664 -0.0043061900477131725 -0.00436144281681903 0.22347304721956632 -0.024363142810230585 0.0089215770817758621 0.020643900990233312 1.7040909709110861 0.063651650118016836 -0.04965859864334364 2.6167324916725421 -0.083059905525623035 0.45185563925851363 0.059732793227787503 0.75049074688841189 -0.086592711316519147 0.048815170233666293 -0.042378425538490347 0.14307360276154529 -0.05112365053222287 1.673177075682498 -0.085226726889258184 0.67209895858728386 -0.0065305745216941227 0.45458998525794836 -0.0076986531301934617 0.050286322055738152 0.13861111661579115 0.14212461780361507
leaf_weight=15859.329102105461 309591.07743591955 485.33834610611666 92225.610750965308 13522.744969320484 97.925589496502653 2439.4237666176632 7989.6960411542095 2201.9625908264425 9.4102332580368948 74.559541317168623 257.38259940315038 3.553616139572112 6.1266005821526051 17.615807490888983 1843.4440783243626 17.132309364154935 19.813761243596673 394.40443797013722 1727.8258361293701 27.58801030437462 45.251985520590097 4.1037119701504698 11.682196938665582 47.332754612900317 2449.8530528342817 39.608666578307748 510.02293056435883 729.94865973270498 227.37364292610437 72.410953934537247
leaf_count=357288 1145469 16764 1402586 460921 2209 70704 102655 55875 178 2840 11544 40 298 298 42660 153 818 8819 106752 325 1038 144 784 932 39980 182 10797 9590 1897 2759
internal_value=-6.05717e-05 -0.0022162 -0.00203851 0.00209121 0.00654696 0.0134824 0.0227237 0.0468429 0.0712314 0.247491 0.065006 0.0764235 0.908036 -0.0175327 0.0723543 0.0644845 0.301572 0.000220159 0.00975813 0.109469 0.28542 0.413379 0.597017 0.522184 0.000572354 0.0166951 0.0545638 0.0856351 0.185489 -0.034764
internal_weight=452950 143358 142873 50647.5 34788.2 21265.5 12538.6 4548.93 2346.96 83.9698 2262.99 1988 9.68022 274.998 1978.32 1880.39 36.9461 8726.83 6287.41 530.363 135.959 90.7067 63.1187 59.015 5757.04 3956.81 1506.95 996.931 266.982 1800.24
internal_count=3857299 2711830 2695066 1292480 935192 474271 219568 116913 61038 3018 58020 46178 338 11842 45840 43631 971 254703 183999 12042 3223 2185 1860 1716 171957 62446 22466 11669 2079 109511
cat_boundaries=0 1 2 3 4 5 6 7 8 9 10
cat_threshold=4 52 35 80 37 9 38 41 16 2
is_linear=0
shrinkage=0.08


Tree=141
num_leaves=31
num_cat=15
split_feature=36 47 45 42 37 3 41 12 4 34 17 3 4 4 3 37 19 19 12 3 4 38 15 41 38 43 42 34 37 23
split_gain=119.456 367.626 341.569 498.514 467.694 357.374 364.811 370.664 466.802 354.857 323.278 294.651 279.973 397.214 379.97 356.8 554.632 1114.39 359.416 355.934 613.8 322.48 313.407 310.011 406.441 404.242 499.491 437.929 367.419 365.225
threshold=0 1 2 3 4 513.95501708984386 5 227.254997253418 9.5000000000000018 6 5.5000000000000009 157.64499664306643 18.500000000000004 26.500000000000004 488.14500427246099 7 36.125000000000007 50.004999160766609 400.62504577636724 121.52499771118165 3.5000000000000004 8 1.0000000180025095e-35 9 10 11 12 13 14 1.5000000000000002
decision_type=9 1 9 9 1 8 9 2 10 1 2 8 8 8 10 1 2 2 2 8 10 1 2 9 1 9 9 1 1 2
left_child=1 -1 3 5 -5 6 -3 8 -8 11 -9 -6 19 14 -14 16 -15 -18 -19 20 -4 -17 -23 25 -25 27 -27 -21 29 -26
right_child=-2 2 12 4 9 -7 7 10 -10 -11 -12 -13 13 15 -16 21 17 18 -20 23 -22 22 -24 24 28 26 -28 -29 -30 -31
leaf_value=0.0036963115840983798 0.00061406356656426347 -0.056788105884583953 -0.04288284242005453 0.25188639978578975 0.2138466544914252 -0.092369386160566849 -0.06812345955203826 0.27232568059561318 0.3402419347798834 -0.065401006050677085 0.10743299161874996 -0.090347057791520177 0.0037300666150410682 -0.095392052216274406 0.17298402493075812 -0.079527366007242431 0.6809317734761211 0.14283371411157275 -0.098101907024784815 0.060308787996156882 0.24710078008637135 -0.014414888715479621 0.11473595363947095 -0.076652249856754798 -0.010136530359197357 0.19379421913138722 -0.065045237022746033 -0.086157285103400177 -0.036629734571323735 0.1648780011180227
leaf_weight=14185.314021009952 427968.97091827827 76.827473532408476 113.64435807615519 27.436200691387057 59.916853064671159 67.804543695878237 92.605507046915591 134.69598709139973 22.211907517164946 522.40494479052722 174.90428443718702 30.883482584729791 192.793612241745 91.7636993303895 151.67153459601104 473.18724558549002 21.840701704844832 151.57819476909935 53.651046207174659 705.02612440474331 79.32203658670187 2952.2835614141077 125.35867902263999 1625.6160039664246 209.43387951888144 42.081919061020017 671.09214950259775 151.44919037073851 2628.3774178405292 120.05758254416287
leaf_count=23271 3712788 990 913 225 285 1242 1104 435 91 6450 1065 493 1503 1211 517 7768 53 889 663 5191 186 20757 525 23795 2133 221 10913 1971 32340 595
internal_value=0.000294424 -0.00497434 -0.0154286 0.024727 -0.0236188 0.078623 0.103322 0.130567 0.0108765 -0.0397895 0.179172 0.0994321 -0.0200329 -0.00406696 0.0782543 -0.0113949 0.068441 0.137663 0.0798483 -0.0306667 0.0763197 -0.0187036 -0.00912466 -0.0340219 -0.0444858 -0.00316291 -0.0473034 0.033714 -0.0266087 0.0520541
internal_weight=453924 25955.2 11769.9 1209.69 640.641 569.05 501.245 424.418 114.817 613.205 309.6 90.8003 10560.2 4214.13 344.465 3869.66 318.834 227.07 205.229 6346.1 192.966 3550.83 3077.64 6153.13 4583.48 1569.65 713.174 856.475 2957.87 329.491
internal_count=3860583 147795 124524 12380 7453 4927 3685 2695 1195 7228 1500 778 112144 33886 2020 31866 2816 1605 1552 78258 1099 29050 21282 77159 58863 18296 11134 7162 35068 2728
cat_boundaries=0 1 2 3 4 5 6 7 8 9 10 11 12 13 14 15
cat_threshold=24 2 32 24 2 2 16 65 296 32 120 8 2 46 1
is_linear=0
shrinkage=0.08


Tree=142
num_leaves=31
num_cat=8
split_feature=22 41 37 4 38 3 7 45 11 18 42 3 4 18 45 7 12 1 18 12 3 4 38 4 4 38 4 11 12 12
split_gain=149.618 204.081 361.858 537.273 479.761 1065.22 1232.5 468.957 420.901 1081.52 298.125 728.422 365.938 389.628 270.818 418.994 464.665 516.3 371.552 291.135 238.216 229.265 364.244 441.812 494.447 332.006 314.915 456.656 255.379 474.946
threshold=1.0000000180025095e-35 0 1 74.000000000000014 2 131.59500122070315 58.524999618530281 3 4.5000000000000009 718.57498168945324 4 140.83500671386722 74.000000000000014 2838.5749511718755 5 646.82504272460949 2878.930053710938 2.5000000000000004 3764.329956054688 168.00000762939456 136.84500122070315 18.500000000000004 6 45.500000000000007 41.500000000000007 7 19.500000000000004 19.500000000000004 370.84999084472662 400.62504577636724
decision_type=2 9 1 8 1 8 2 9 2 2 9 8 8 2 9 2 2 2 2 2 8 10 1 10 10 1 10 2 2 2
left_child=-1 2 4 21 5 6 -2 8 9 20 12 -12 13 -6 15 -15 18 -18 -17 -16 -7 25 23 24 26 -4 27 -23 -24 -30
right_child=1 -3 3 -5 10 7 -8 -9 -10 -11 11 -13 -14 14 19 16 17 -19 -20 -21 -22 22 28 -25 -26 -27 -28 -29 29 -31
leaf_value=-0.00059732225016750071 1.154293322746317 -0.0021429796499836148 -0.0073526089190522172 -0.27790288347072423 -0.017601014802040627 0.35706064426621981 0.10120301868592371 -0.048489293053597171 0.067957969518501832 0.77613627548099684 0.45585132154410701 0.040270335466244991 0.43722024754194688 -0.017985038023825041 0.42218748489067859 0.69643351417193233 -0.0063690603770154468 0.31588101418916892 0.21240029546737804 -0.0079833961390174644 0.0054719326890803142 -0.017993945869162833 -0.04911448206807506 -0.025656634946384482 0.20080101374250611 0.0099518923044722447 0.045700919439484226 0.49683204890752181 0.21460782007836454 0.006278664226957993
leaf_weight=392631.01437783352 13.200613664463164 23511.242438907502 12435.940891968086 43.072290503594559 1829.516863706056 17.969770112540573 15.42265589814633 121.33070780709386 139.93841971037909 21.953532995656133 27.450951629318297 1618.2021727771498 12.350291395559905 93.374276602407917 10.404190979897974 18.239328648895025 81.421355508267879 52.232238021679223 22.883674351731315 312.66448510647751 39.32082245638594 20.198571440763772 499.56226939568296 362.9841815251857 171.42774603329599 16499.714600588544 1041.4532370949164 24.283631382510066 74.28189111687243 1225.4305965631502
leaf_count=3242702 77 247017 131514 311 16396 113 136 2091 1260 131 79 15929 25 1041 49 101 704 150 134 2995 330 175 3633 2425 649 177991 6505 36 205 7924
internal_value=-2.72741e-05 0.00368094 0.00739571 0.00445346 0.028769 0.115026 0.586872 0.0787405 0.144777 0.298702 0.0207003 0.0469175 0.00284848 0.000644133 0.0571034 0.114557 0.191923 0.119567 0.427084 0.0056937 0.115751 0.00483072 0.0244198 0.0517722 0.0745367 0.00251568 0.0546044 0.263059 -0.000497548 0.0181852
internal_weight=452988 60357.5 36846.2 32398.3 4447.88 369.137 28.6233 340.513 219.183 79.2441 4078.74 1645.65 2433.09 2420.74 591.22 268.151 174.777 133.654 41.123 323.069 57.2906 32355.3 3419.62 1620.35 1257.36 28935.7 1085.94 44.4822 1799.27 1299.71
internal_count=3862828 620126 373109 331368 41741 4138 213 3925 1834 574 37603 16008 21595 21570 5174 2130 1089 854 235 3044 443 331057 21552 9790 7365 309505 6716 211 11762 8129
cat_boundaries=0 1 2 3 4 5 6 7 8
cat_threshold=35 26 9 33 50 33 405 284
is_linear=0
shrinkage=0.08


Tree=143
num_leaves=31
num_cat=16
split_feature=41 16 47 38 19 12 38 34 7 13 38 12 47 25 12 45 42 47 38 34 12 0 17 2 38 37 47 37 12 19
split_gain=147.161 332.192 281.767 385.475 345.153 507.871 382.064 476.432 407.569 323.663 485.702 425.822 470.974 475.125 454.184 334.78 397.591 802.82 819.824 1127.19 954.944 802.089 528.471 427.744 401.629 797.728 1368.07 362.476 358.785 533.012
threshold=0 1.0000000180025095e-35 1 2 534.82998657226574 6235.2399902343759 3 4 249.6249923706055 430.00001525878912 5 712.27499389648449 6 9.2500000000000018 214.25000762939456 7 8 9 10 11 1114.924987792969 1.5000000000000002 3.5000000000000004 1.0000000180025095e-35 12 13 14 15 110.77500152587892 18.774999618530277
decision_type=9 2 1 1 2 2 1 1 2 2 1 2 1 10 2 9 9 1 1 1 2 2 2 8 1 1 1 1 2 2
left_child=1 2 -1 -4 5 9 -7 8 -8 15 11 12 13 -11 -14 -5 17 18 19 21 -21 22 23 28 25 26 -18 -23 -17 -30
right_child=-2 -3 3 4 -6 6 7 -9 -10 10 -12 -13 14 -15 -16 16 24 -19 -20 20 -22 27 -24 -25 -26 -27 -28 -29 29 -31
leaf_value=0.00078359405294954989 0.0014359649522738373 0.0073038177848366694 -0.013170504211724995 0.0014524690248755709 -0.014664901377013014 -0.013063421643838266 0.21608610113183183 -0.0807544581702173 -0.048504499485509889 0.0026737706223069787 0.00050695714514312196 -0.001470294009177339 -0.09930240117897636 0.34337000242717919 0.31405434294752815 0.33880976302944538 0.87421599321273369 -0.06081086764907892 -0.051901341428489296 -0.032293649296659455 0.68368283656858064 0.22546544630049059 -0.086293712538033918 -0.087559184713197138 -0.047180550156343218 -0.0059899005509499491 0.026136952574723944 -0.077434407382826129 0.96473413606472269 0.32615602568982788
leaf_weight=75799.884938059375 266182.99254761246 23958.585874955053 30311.097228933475 39179.834917827509 11095.354218091816 196.0371133342851 241.98960940353572 55.908541175536811 44.039850105531514 139.53677038289607 789.78654080163687 163.00500574428588 19.548693280667067 32.252281784079969 131.11615571565926 137.27437889017165 19.989720401354134 532.89493013266474 262.84189927624539 265.11323240119964 12.483705364167689 29.530316403135657 18.441616678610444 12.562575569376348 2916.3118608603254 533.63057717122138 31.133120542392135 62.024097721092403 15.99263511225581 17.540609939023852
leaf_count=119982 2000283 258371 667658 518151 199854 3348 1143 739 479 2814 12689 2255 230 32 717 1051 181 5405 4740 4186 128 141 482 254 42472 10360 153 1570 114 321
internal_value=0.000227629 -0.00149212 -0.00278456 -0.00588383 -0.00200333 0.00105952 0.0783317 0.127386 0.169424 0.000142312 0.0398745 0.101813 0.157182 0.0666373 0.260421 -0.00100799 -0.0207722 0.0157699 0.0649028 0.117524 -9.24163e-05 0.225153 0.321924 0.362979 -0.0350413 0.0252756 0.299218 0.0364327 0.396115 0.630706
internal_weight=453209 187026 163067 87267.3 56956.2 45860.8 537.975 341.938 286.029 45322.8 1275.25 485.459 322.454 171.789 150.665 44047.6 4867.77 1366.7 833.805 570.963 277.597 293.366 201.812 183.37 3501.07 584.753 51.1228 91.5544 170.808 33.5332
internal_count=3860303 1860020 1601649 1481667 814009 614155 5709 2361 1622 608446 18737 6048 3793 2846 947 589709 71558 18392 12987 8247 4314 3933 2222 1740 53166 10694 334 1711 1486 435
cat_boundaries=0 1 2 3 4 5 6 7 8 9 10 11 12 13 14 15 16
cat_threshold=34 2 97 264 60 148 4 13 33 4 262 100 8 4 4 24
is_linear=0
shrinkage=0.08


Tree=144
num_leaves=31
num_cat=10
split_feature=22 36 18 19 35 34 4 36 37 19 3 20 26 4 18 41 37 4 22 18 19 3 19 4 20 22 18 45 37 41
split_gain=174.378 199.947 221.81 225.481 179.46 339.559 330.942 335.49 322.696 626.82 1628.64 568.797 380.619 256.714 297.161 294.748 447.975 315.615 988.241 290.294 263.362 254.058 253.819 299.9 337.565 249.544 242.627 273.662 248.76 268.257
threshold=1.0000000180025095e-35 0 762.52499389648449 972.19000244140636 1 2 9.5000000000000018 3 4 152.04000091552737 90.990001678466811 6.5000000000000009 9.2500000000000018 25.500000000000004 4004.474975585938 5 6 24.500000000000004 1.5000000000000002 29539.875976562504 5544.9250488281259 285.84500122070318 4874.2751464843759 1.5000000000000002 2.5000000000000004 1.5000000000000002 4599.9350585937509 7 8 9
decision_type=2 9 2 2 1 1 10 9 1 2 10 2 10 10 2 9 1 10 2 2 2 10 2 8 2 2 2 9 1 9
left_child=-1 2 -2 -4 5 22 26 -8 9 10 -7 -10 -12 14 15 17 21 -9 -19 -16 -15 -17 -3 24 -24 -22 -6 -28 29 -29
right_child=1 4 3 -5 6 8 7 13 11 -11 12 -13 -14 20 19 16 -18 18 -20 -21 25 -23 23 -25 -26 -27 27 28 -30 -31
leaf_value=-0.00059409916612669926 -0.01229918363449904 0.022123919550064371 0.22256645188595447 0.057120732218591201 -0.0031809403354180112 1.0612120024532867 -0.048439866864543324 0.070505860947837257 -0.02958231326649206 0.011895468342878513 0.042985861229931512 0.079685736641384522 0.44425372644458339 -0.0021594453137974931 -0.056748716671549106 0.032944831180941769 0.15275965303408898 -0.12155357921994886 0.75851161764548947 0.13534164339285754 -0.010073185368048954 -0.074209994622933012 0.16377152993666538 -0.024774261694346281 -0.053827116046862467 0.17632641719068562 -0.031033214797553828 0.076513775612323059 0.0065801913129621059 0.019238590558071613
leaf_weight=391433.76662846294 161.49562314525247 4867.90061320737 76.32957979477942 170.44841271825135 37281.376203794964 12.528411058709024 399.58180247992277 1446.0890272487886 2751.7849128711387 1545.8011923773447 101.93486048700288 342.8870071452111 17.765371382236481 1915.1718484936282 291.15894063934684 295.38551286514848 108.4508908954449 16.203727472573519 16.462606380693614 60.878713523037732 79.98267207480967 272.01181682292372 263.04093168093823 114.86414152896032 55.202796457218938 108.07912248000503 825.60303932661191 787.0285581224598 4621.9882795060985 1593.1174585719127
leaf_count=3239897 850 50906 158 681 344811 78 2422 8049 71490 28209 1299 5823 81 11983 2478 1252 315 221 56 260 450 2176 2978 815 1248 421 10572 4957 50607 14428
internal_value=2.41436e-05 0.00401752 0.0591438 0.108294 0.00363318 0.0133716 0.00167351 0.0211814 -0.0021167 0.0260407 0.193373 -0.0174192 0.10254 0.0272621 0.0446142 0.0557481 0.0111394 0.0755498 0.321966 -0.0235301 0.00671148 -0.0181064 0.027294 0.0860329 0.126027 0.0970507 -0.000492506 0.0123118 0.0174419 0.0384183
internal_weight=452034 60600.6 408.274 246.778 60192.3 10073.7 50118.6 5009.46 4772.7 1678.03 132.229 3094.67 119.7 4609.87 2506.64 2154.6 675.848 1478.76 32.6663 352.038 2103.23 567.397 5301.01 433.108 318.244 188.062 45109.1 7827.74 7002.13 2380.15
internal_count=3859971 620074 1689 839 618385 162927 455458 30083 106980 29667 1458 77313 1380 27661 14807 12069 3743 8326 277 2738 12854 3428 55947 5041 4226 871 425375 80564 69992 19385
cat_boundaries=0 1 2 3 4 5 6 7 8 9 10
cat_threshold=32 1 22 3 96 34 37 32 30 3
is_linear=0
shrinkage=0.08


Tree=145
num_leaves=31
num_cat=19
split_feature=45 38 43 18 42 47 37 42 41 36 18 22 4 38 43 41 4 12 18 47 43 4 12 36 38 4 41 37 4 42
split_gain=131.178 273.615 277.402 298.487 455.061 250.982 269.993 421.698 526.438 423.122 412.161 347.295 338.718 393.626 335.073 336.02 332.965 331.91 327 306.127 471.376 434.635 337.277 305.524 283.479 561.92 356.308 516.185 541.286 374.908
threshold=0 1 2 8802.7705078125018 3 4 5 6 7 8 1129.7750244140627 1.0000000180025095e-35 19.500000000000004 9 10 11 18.500000000000004 19178.649414062504 23535.780273437504 12 13 11.500000000000002 294.02499389648443 14 15 30.500000000000004 16 17 46.500000000000007 18
decision_type=9 1 9 2 9 1 1 9 9 9 2 2 8 1 9 9 10 2 2 1 9 10 2 9 1 10 9 1 10 9
left_child=-1 2 3 -2 -5 -3 7 8 9 11 12 -7 19 -14 -9 -16 -8 -12 -19 20 -10 -21 -22 -24 26 -26 27 28 -18 -28
right_child=1 5 -4 4 -6 6 16 14 10 -11 17 -13 13 -15 15 -17 24 18 -20 21 22 -23 23 -25 25 -27 29 -29 -30 -31
leaf_value=0.0011580678123880805 -0.023402685452599964 9.7624160134314133e-05 0.0043353658513654312 0.16712415605943509 -0.048532514646620707 0.0050464614433374877 -0.0043884380164596328 0.05257414688781651 -0.057300677607204364 -0.042826720526038614 -0.050446973710609251 0.19423197336492318 0.036335870794137179 -0.053691657985835563 -0.05053307400538385 -0.014897640563374124 0.14458647259921201 0.35201802938496923 -0.089831993693060705 -0.0098949443739055516 0.17075173367582186 0.31341639568228602 0.14777374744260716 -0.078003190871152803 0.045272648330613396 -0.034530275268297654 0.10113036132291579 0.062931759224892039 0.66612485505676544 -0.015336906843686427
leaf_weight=196535.9855398041 3651.0777894603088 86670.412717380095 59277.520591225009 124.43635634798557 114.02077850978822 203.65128720551729 70422.147007251042 435.58204266242683 94.675271077780053 1565.114151594229 564.42060032812878 89.34734321013093 1582.8158935252577 377.53242982691154 1821.5942144774599 23327.812643678626 29.862644511274993 26.903031860711053 17.820046125096269 330.12739542126656 433.81947816815227 28.944275639951229 59.856820212677121 76.255827856250107 1003.4941724305972 1291.4282216805732 217.82139830850065 741.40999783668667 22.207090089097619 784.59617827693
leaf_count=1645278 23076 140030 285915 360 888 1338 1234767 3108 1756 17071 11180 387 10023 5543 31516 391393 206 203 617 4188 6095 80 266 3162 10126 16813 1108 3831 74 9806
internal_value=-0.000395608 -0.00159124 0.00297634 -0.0176935 0.0689789 -0.00309231 -0.00571198 -0.0119802 0.00821555 -0.0262699 0.0260722 0.0606664 0.0383865 0.0189094 -0.0162848 -0.0174978 -0.00309911 -0.0338242 0.175962 0.0756851 0.107841 0.0161667 0.13393 0.0264103 0.0190887 0.000363338 0.0427771 0.082638 0.307886 0.0107199
internal_weight=451923 255387 63167.1 3889.53 238.457 192220 105549 31036.3 5451.28 1858.11 3593.17 292.999 2984.03 1960.35 25585 25149.4 74513 609.144 44.7231 1023.68 664.607 359.072 569.932 136.113 4090.82 2294.92 1795.9 793.48 52.0697 1002.42
internal_count=3860204 2214926 310239 24324 1248 1904687 1764657 487926 61909 18796 43113 1725 31113 15566 426017 422909 1276731 12000 820 15547 11279 4268 9523 3428 41964 26939 15025 4111 280 10914
cat_boundaries=0 1 2 3 4 5 6 7 8 9 10 11 12 13 14 15 16 17 18 19
cat_threshold=12 577 35 40 2 20 16 3 64 274 2 32 4 4 74 14 5 72 3
is_linear=0
shrinkage=0.08


Tree=146
num_leaves=31
num_cat=10
split_feature=6 33 25 17 35 43 42 41 42 18 18 12 18 22 2 22 6 20 36 43 0 43 19 4 6 4 4 35 4 43
split_gain=102.597 162.431 156.226 152.061 308.128 215.925 205.936 207.001 185.789 262.839 217.427 223.389 163.588 203.288 162.082 213.462 161.511 256.44 187.071 180.551 203.294 160.295 212.888 240.879 171.174 150.952 319.964 224.025 241.041 186.345
threshold=469.75006103515631 1.5000000000000002 1.0000000180025095e-35 5.5000000000000009 0 1 2 3 4 740.03500366210949 2097.150024414063 895.04998779296886 2838.5749511718755 3.5000000000000004 1.0000000180025095e-35 2.5000000000000004 160.00000762939456 1.0000000180025095e-35 5 6 1.5000000000000002 7 6531.0000000000009 74.000000000000014 135.00000762939456 11.500000000000002 3.5000000000000004 8 58.500000000000007 9
decision_type=2 2 10 2 1 9 9 9 9 2 2 2 2 2 8 2 2 2 9 9 2 9 2 8 2 10 10 1 10 9
left_child=3 2 25 -1 5 8 21 -8 9 -5 11 -11 -9 16 -7 -16 18 19 -14 -18 -21 -6 -23 -24 -25 26 -2 28 29 -27
right_child=1 -3 -4 4 6 14 7 12 -10 10 -12 -13 13 -15 15 -17 17 -19 -20 20 -22 22 23 24 -26 27 -28 -29 -30 -31
leaf_value=0.00063645340129274744 0.0037517774507057878 0.062579423949418983 -0.017604227085408795 -0.064598168927271965 -0.0041696945318889988 0.018176196859199571 0.011478623291778962 -0.0073382303724415874 -0.0049251495487830609 0.17003210436466745 0.022475093596413455 0.42520405227141572 0.020153854613197048 0.11794294955251924 -0.062234293950211295 0.25001848804354976 -0.055132634271985233 -0.020862770399818969 -0.024524662093730179 -0.044054039474340341 0.12643504460802424 -0.025224101879364413 -0.042272819903704816 0.18265146009823763 -0.016886046765328323 0.075050629030641455 -0.024758652873139546 -0.015573621613161349 -0.04096689695007634 0.022784498241762718
leaf_weight=322129.45113320206 59896.791487812239 294.20511978119612 2276.3767460860545 30.288430016487837 5489.8771237817127 3223.271079858765 5747.5083287255839 30973.810807752772 93.829035924514756 63.996839564759284 33.947199440561235 33.425239619333297 3918.0538033089833 102.26310557278339 262.47233759751543 14.801752677187322 71.276004331652075 2304.9008065388771 700.34411968220957 57.891761939041317 197.36842401465401 6593.4859241569648 97.392714465851896 92.93670902447775 39.087290363851935 490.17946869553998 2629.8727093655616 1149.2325763518456 340.62780151888728 3840.1640207739547
leaf_count=2353564 706776 1629 37629 455 61568 25407 36369 398237 880 278 315 115 53537 1263 2457 76 1994 44549 5730 555 2050 67332 1436 207 277 3282 19106 9111 2078 21666
internal_value=0.000465478 0.00326012 0.00301301 -5.2973e-05 -0.00374563 0.0184124 -0.00522397 -0.00266682 0.0880989 0.139233 0.196827 0.257581 -0.00479057 0.005936 0.0130899 -0.0455653 0.00435607 -0.0114628 0.0133692 0.0548881 0.0844602 -0.0143677 -0.0225551 0.0531693 0.123576 0.00369969 0.00255263 0.0160226 0.0237789 0.0289268
internal_weight=453189 70917.4 70623.2 382272 60142.2 3756.03 56386.2 44073.4 255.487 161.658 131.369 97.4221 38325.9 7352.1 3500.55 277.274 7249.83 2631.44 4618.4 326.536 255.26 12312.8 6822.9 229.417 132.024 68346.9 62526.7 5820.2 4670.97 4330.34
internal_count=3859928 801277 799648 3058651 705087 29983 675104 544284 2043 1163 708 393 507915 109678 27940 2533 108415 49148 59267 4599 2605 130820 69252 1920 484 762019 725882 36137 27026 24948
cat_boundaries=0 1 2 3 4 5 6 7 8 9 10
cat_threshold=16 32 16 1 8 144 9 11 40 33
is_linear=0
shrinkage=0.08


Tree=147
num_leaves=31
num_cat=4
split_feature=10 41 38 6 18 47 22 7 18 4 13 7 3 3 3 2 4 45 2 3 18 6 18 3 19 17 6 3 3 7
split_gain=101.455 223.088 155.527 251.394 186.065 168.308 274.523 214.755 354.268 473.153 279.537 232.301 318.173 221.285 343.108 218.287 270.662 291.848 244.79 216.537 194.301 426.399 277.803 205.921 187.297 194.642 208.928 222.191 204.886 183.34
threshold=1.0000000180025095e-35 0 1 1.0000000180025095e-35 12282.300292968752 2 2.5000000000000004 219.00000762939456 2322.8750000000005 1.0000000180025095e-35 1020.0499877929689 2000.0250244140627 501.13999938964849 405.31500244140631 235.51999664306643 1.5000000000000002 21.500000000000004 3 2.5000000000000004 399.47500610351568 718.57498168945324 393.02499389648443 601.02499389648449 35.23500061035157 1640.7750244140627 12.500000000000002 126.82519531250001 448.10499572753912 501.13999938964849 196.00001525878909
decision_type=2 9 1 2 2 1 2 2 2 10 2 2 10 10 10 8 10 9 10 10 2 2 2 8 2 2 2 10 10 2
left_child=-1 -2 4 -4 5 -3 7 20 15 10 -10 12 13 14 -12 16 24 -18 -17 -13 21 22 23 -7 25 -9 -27 -28 -29 -25
right_child=1 2 3 -5 -6 6 -8 8 9 -11 11 19 -14 -15 -16 18 17 -19 -20 -21 -22 -23 -24 29 -26 26 27 28 -30 -31
leaf_value=-0.00013467245416601807 -0.0093485526676690758 0.0041740697184208583 -0.02336152422247403 0.0072226965731903084 -0.072647244654375498 0.25246108463886435 -0.042260278643652581 -0.015367617438258931 -0.043005512774568669 -0.08976277459216625 0.21566362163602687 -0.10147104855815028 -0.098755240275371275 0.32628985767502855 -0.056928215802777501 0.096213831063415092 0.17622889859517543 -0.047982678772265662 -0.0971869005278055 0.14288124880099043 -0.049429323937419993 0.32248042986855219 0.2838600227502211 0.029277754016013766 -0.08043080107445999 0.32889947500987005 0.008790171534633939 0.3464048077096662 0.02072186849441578 0.14375270909221788
leaf_weight=419873.7919226134 6006.9475009950111 2346.5442299298011 1902.8764209668152 17901.798115380167 139.08529921155423 33.325357556343079 296.65009930357337 1048.5217825109139 58.663932600989938 82.429672678932548 147.04426707327366 41.170804187655449 23.738411536440253 72.018266685307026 36.984843814745545 301.2528121471405 96.022957075387239 56.314624080434442 48.648713322356343 53.20428011752665 75.088415568694472 45.658332198858261 36.950603768229485 533.38586137257516 209.01863834355026 17.121656760573387 235.8307037204504 26.579577084630728 23.111918896436691 107.6034710612148
leaf_count=3554378 81660 3808 14392 179526 1059 113 2774 7718 507 794 322 419 320 231 365 1509 369 536 530 289 777 165 120 3267 2020 96 1600 123 204 445
internal_value=0.000196273 0.00453814 0.0077475 0.00428194 0.0188071 0.0209397 0.0315542 0.0379763 0.0265697 0.0859059 0.119361 0.144818 0.181429 0.207405 0.16088 0.0117458 -1.86572e-05 0.101763 0.0693243 0.0362834 0.0733152 0.0854917 0.0702787 0.058575 -0.00995671 0.00094528 0.057462 0.0411849 0.194927 0.0484948
internal_weight=451877 32003.6 25996.6 19804.7 6191.97 6052.88 3706.34 3409.69 2577.68 515.254 432.825 374.161 279.786 256.047 184.029 2062.42 1712.52 152.338 349.902 94.3751 832.012 756.924 711.265 674.315 1560.18 1351.17 302.644 285.522 49.6915 640.989
internal_count=3860436 306058 224398 193918 30480 29421 25613 22839 17952 3247 2453 1946 1238 918 687 14705 12666 905 2039 708 4887 4110 3945 3825 11761 9741 2023 1927 327 3712
cat_boundaries=0 1 2 3 4
cat_threshold=20 193 2 12
is_linear=0
shrinkage=0.08


Tree=148
num_leaves=31
num_cat=8
split_feature=37 2 47 19 19 2 41 12 19 3 3 19 4 34 39 19 44 17 38 17 3 19 11 34 3 3 32 12 3 4
split_gain=119.485 708.068 337.88 317.486 332.974 570.05 309.618 501.461 398.967 1141.29 312.178 346.315 462.196 362.261 436.623 296.677 348.349 417.225 358.294 342.007 329.346 332.216 1023.21 397.469 314.665 300.521 278.519 313.018 323.106 512.672
threshold=0 1.0000000180025095e-35 1 2726.244995117188 2580.1049804687505 1.5000000000000002 2 3268.895141601563 359.00500488281256 448.10499572753912 293.87500000000006 194.17499542236331 46.500000000000007 3 4 4874.2751464843759 5 1.0000000180025095e-35 6 9.5000000000000018 165.7600021362305 267.27499389648443 6.5000000000000009 7 114.59499740600587 298.54499816894537 81.750000000000014 189.17499542236331 335.62500000000006 1.5000000000000002
decision_type=1 8 1 2 2 8 9 2 2 10 10 2 10 1 9 2 9 2 1 2 8 2 2 1 10 10 8 2 10 10
left_child=1 2 -1 4 -3 -6 10 15 9 -9 -4 12 26 -13 -15 16 17 -8 -18 25 21 22 23 -19 -23 -17 -12 28 29 -28
right_child=-2 3 6 -5 5 -7 7 8 -10 -11 11 13 -14 14 -16 19 18 20 -20 -21 -22 24 -24 -25 -26 -27 27 -29 -30 -31
leaf_value=0.0069777080756298626 -0.00028354270042305437 0.035544627741345917 -0.042637698563742971 -0.049672828106717193 0.59903290359179207 -0.074520636237557641 -0.0221058854303855 -0.087203560026070548 0.063788948129817766 1.2179329586290055 0.0005940655082818996 0.010521219127457251 0.31294071597234036 0.12074802104664509 -0.053078184007114587 0.58752569952996203 0.054399094696705917 -0.038312182965473257 -0.047935976267400142 -0.035358716479716834 -0.070958252442211822 -0.09107453688383331 0.80966359195621784 0.15169294897501787 0.090147722272942432 0.13358207898008961 0.075743369952933112 0.12932769963825713 0.007217101423353388 0.66875313079666387
leaf_weight=20908.057501727715 410597.01570014266 4707.5265337768942 888.75192028237507 284.72470489901025 17.685160083230585 14.747717522317542 2386.5984410904348 10.245171366725119 225.54031077504624 7.3747445747721931 1836.1285152309574 2228.7020061190706 35.371219912543893 99.327475691447034 1341.8698511292459 14.151716513792051 226.49581937491894 101.01156126335263 3698.0929220521357 42.10367115936242 123.26962368190289 119.26199981849641 13.391637372784315 223.90407578647137 126.2165624415502 27.414904958102852 439.58794935792685 243.76316721644253 1047.0088611522224 9.5326461382210237
leaf_count=31320 3310579 43885 18219 5555 102 350 31572 357 3541 40 59808 75988 208 2982 77227 214 1039 1643 142051 1294 1268 2147 65 2495 1247 158 10012 6842 28422 63
internal_value=0.000129736 0.00422287 0.000340227 0.032376 0.0373046 0.292758 -0.00860439 -0.0205083 0.0924309 0.459056 0.00211998 0.007586 0.0251738 -0.0097214 -0.0408149 -0.024404 -0.0261893 -0.00611485 -0.0420135 0.125348 0.0478614 0.0729508 0.124358 0.0961127 0.00210366 0.288131 0.0223274 0.0452629 0.0315663 0.0883301
internal_weight=452045 41447.9 36423.2 5024.68 4739.96 32.4329 15515.1 7345.07 243.16 17.6199 8170.04 7281.29 3611.39 3669.9 1441.2 7101.91 7018.24 3093.65 3924.59 83.6703 707.055 583.786 338.307 324.916 245.479 41.5666 3576.02 1739.89 1496.13 449.121
internal_count=3860693 550114 500222 49892 44337 452 468902 189131 3938 397 279771 261552 105355 156197 80209 185193 183527 40437 143090 1666 8865 7597 4203 4138 3394 372 105147 45339 38497 10075
cat_boundaries=0 1 2 3 4 5 6 7 8
cat_threshold=82 2 37 78 1 1 195 72
is_linear=0
shrinkage=0.08


Tree=149
num_leaves=31
num_cat=14
split_feature=7 18 18 16 37 11 11 13 36 34 4 37 13 11 34 41 37 2 37 42 35 4 4 41 45 39 43 18 23 21
split_gain=89.5427 153.6 230.488 159.674 264.235 236.729 336.853 159.059 156.921 137.843 132.187 128.6 124.578 151.489 122.556 400.875 234 399.236 344.157 382.995 412.865 418.17 317.283 264.981 377.227 282.002 435.795 549.677 472.484 268.037
threshold=1375.049987792969 1248.674987792969 1050.3750000000002 1.0000000180025095e-35 0 8.5000000000000018 15.500000000000002 3643.600219726563 1 2 1.0000000180025095e-35 3 2957.6748046875005 10.500000000000002 4 5 6 1.5000000000000002 7 8 9 10.500000000000002 1.5000000000000002 10 11 12 13 482.22500610351568 1.0000000180025095e-35 1.5000000000000002
decision_type=2 2 2 2 1 2 2 2 9 1 10 1 2 2 1 9 1 8 1 9 1 8 10 9 9 9 9 2 2 2
left_child=14 2 7 11 8 -6 12 -2 -5 10 -9 -4 13 -7 15 -1 17 23 19 20 21 22 -19 24 29 26 27 28 -26 -17
right_child=1 -3 3 4 5 6 -8 9 -10 -11 -12 -13 -14 -15 -16 16 -18 18 -20 -21 -22 -23 -24 -25 25 -27 -28 -29 -30 -31
leaf_value=0.028407456829182526 -0.013814076542414001 -0.011488593004295999 0.043949558082483756 0.14727777099812156 -0.03157166127209924 0.26474393940555235 -0.017583236653318467 0.091957812297142213 -0.010015070218864998 -0.018242678676914953 -0.068125838110972919 -0.047349583691148028 0.13513548198948047 0.51397585686526659 -0.00084458834031133744 0.029785949103200707 -0.0012723050538958058 0.1118269888283529 -0.023644400794756663 -0.029525861900575816 -0.021498862086174953 -0.036624833101337712 0.31868865617493108 0.0044311179063079879 0.16877189416439034 -0.0074160027060125875 0.018968701968103355 -0.020581645943400603 0.58241353133095475 0.17903754363903607
leaf_weight=3568.4946158619132 1935.6299181309296 9871.9823967573466 265.51011177268811 41.95241268305108 29.229901714017615 45.68445902899839 28.647687027230859 262.4117057477124 185.75661354907788 180.72937223711051 37.76303581148386 144.64887267374434 23.022090965416282 23.708262213505805 278630.86923015316 5978.8112037198152 91796.650277429726 339.61258573038504 5002.8434060746804 534.36686450964771 272.04851739271544 108.45770909823477 55.160821566358209 47296.949274216313 47.802595292218029 4105.6278990320861 1005.3266204674728 49.707255389541388 28.040196178480983 78.013075659051538
leaf_count=8695 21858 146482 2816 113 384 111 343 1357 1853 1768 285 2430 142 188 2009125 59674 1058014 2082 47624 5192 2269 571 113 430692 237 46715 8484 586 85 271
internal_value=-2.50811e-05 -0.00654859 0.00866898 0.0462363 0.0837447 0.161983 0.222096 -0.00358372 0.0239407 0.0375933 0.0695033 0.0116686 0.296395 0.349895 0.000169282 0.00193186 0.00132716 0.0050034 -0.0141113 0.0223152 0.0579679 0.10051 0.140731 0.00706367 0.018069 0.00232302 0.0377009 0.17245 0.321701 0.0316561
internal_weight=451975 13076.7 3204.69 788.16 378.001 150.292 121.062 2416.53 227.709 480.904 300.175 410.159 92.4148 69.3927 438899 160268 156699 64902.8 6312.49 1309.65 775.28 503.231 394.773 58590.3 11293.3 5236.5 1130.88 125.55 75.8428 6056.82
internal_count=3860559 180130 33648 8380 3134 1168 784 25268 1966 3410 1642 5246 441 299 3680429 1671304 1662609 604595 57851 10227 5035 2766 2195 546744 116052 56107 9392 908 322 59945
cat_boundaries=0 1 2 3 4 5 6 7 8 9 10 11 12 13 14
cat_threshold=60 9 22 52 56 16 42 10 50 33 5 38 1 32
is_linear=0
shrinkage=0.08


end of trees

feature_importances:
MONTHLY_PREMIUM=411
TENURE_BAND=353
POLICY_OWNER_AGE_BAND=253
CHANNEL_ACQUISITION=244
LHC_LOADING_RATE=212
PAYMENT_FREQUENCY_DESC=210
MARKETING_OPTIN=187
PREMIUM_CHANGE_3M=176
TOTAL_BENEFIT_PAID_ROLL12M=165
TOTAL_OUT_OF_POCKET_ROLL12M=162
EXTRAS_TIER=148
HOSPITAL_TIER=142
STATE_CODE=136
INCOME_TIER=128
HOSPITAL_EXCESS_AMT=122
PAYMENT_METHOD_DESC=121
ACTIVE_CHILD_COUNT=104
TOTAL_BENEFIT_PAID_ROLL6M=104
SCALE=103
ARREARS_FLAG=96
TOTAL_CLAIM_COUNT_ROLL12M=82
TOTAL_OUT_OF_POCKET_ROLL6M=79
TOTAL_BENEFIT_PAID_ROLL3M=76
TOTAL_CLAIM_COUNT_ROLL6M=75
ARREARS_FLAG_LAG2M=72
PRODUCT_HOLDINGS=68
TOTAL_OUT_OF_POCKET_ROLL3M=60
NEGATIVE_SENTIMENT_CALLS_LAST_6M=46
NO_BENEFIT_PAID_FLAG_ROLL12M=40
YOUNGEST_DEPENDANT_AGE_BAND=37
REVERSAL_FLAG_ROLL12M=30
TOTAL_CLAIM_COUNT_ROLL3M=29
ACTIVE_ADULT_COUNT=25
MONTHS_SINCE_LAST_CLAIM=25
LAST_NPS_RATING=24
LAST_SERVICE_RATING=24
HOSPITAL_CLAIM_COUNT_ROLL12M=23
NO_BENEFIT_PAID_FLAG_ROLL6M=22
LAST_OVERALL_EXPERIENCE_RATING=17
HOSPITAL_CLAIM_COUNT_ROLL6M=14
NO_BENEFIT_PAID_FLAG_ROLL3M=11
REVERSAL_FLAG_ROLL6M=11
MONTHS_SINCE_LAST_SURVEY=11
CALL_NEGATIVE_SENTIMENT=9
REVERSAL_FLAG_ROLL3M=6
HOSPITAL_CLAIM_COUNT_ROLL3M=4
RESOLUTION_TIME=3

parameters:
[boosting: gbdt]
[objective: binary]
[metric: auc,average_precision]
[tree_learner: serial]
[device_type: cpu]
[data_sample_strategy: bagging]
[data: ]
[valid: ]
[num_iterations: 150]
[learning_rate: 0.08]
[num_leaves: 31]
[num_threads: 4]
[seed: 42]
[deterministic: 1]
[force_col_wise: 1]
[force_row_wise: 0]
[histogram_pool_size: -1]
[max_depth: -1]
[min_data_in_leaf: 100]
[min_sum_hessian_in_leaf: 0.001]
[bagging_fraction: 0.6]
[pos_bagging_fraction: 1]
[neg_bagging_fraction: 1]
[bagging_freq: 1]
[bagging_seed: 400]
[bagging_by_query: 0]
[feature_fraction: 0.7]
[feature_fraction_bynode: 1]
[feature_fraction_seed: 30056]
[extra_trees: 0]
[extra_seed: 12879]
[early_stopping_round: 0]
[early_stopping_min_delta: 0]
[first_metric_only: 0]
[max_delta_step: 0]
[lambda_l1: 0]
[lambda_l2: 0]
[linear_lambda: 0]
[min_gain_to_split: 0]
[drop_rate: 0.1]
[max_drop: 50]
[skip_drop: 0.5]
[xgboost_dart_mode: 0]
[uniform_drop: 0]
[drop_seed: 17869]
[top_rate: 0.2]
[other_rate: 0.1]
[min_data_per_group: 100]
[max_cat_threshold: 32]
[cat_l2: 10]
[cat_smooth: 10]
[max_cat_to_onehot: 4]
[top_k: 20]
[monotone_constraints: ]
[monotone_constraints_method: basic]
[monotone_penalty: 0]
[feature_contri: ]
[forcedsplits_filename: ]
[refit_decay_rate: 0.9]
[cegb_tradeoff: 1]
[cegb_penalty_split: 0]
[cegb_penalty_feature_lazy: ]
[cegb_penalty_feature_coupled: ]
[path_smooth: 0]
[interaction_constraints: ]
[verbosity: -1]
[saved_feature_importance_type: 0]
[use_quantized_grad: 0]
[num_grad_quant_bins: 4]
[quant_train_renew_leaf: 0]
[stochastic_rounding: 1]
[linear_tree: 0]
[max_bin: 127]
[max_bin_by_feature: ]
[min_data_in_bin: 3]
[bin_construct_sample_cnt: 200000]
[data_random_seed: 175]
[is_enable_sparse: 1]
[enable_bundle: 1]
[use_missing: 1]
[zero_as_missing: 0]
[feature_pre_filter: 1]
[pre_partition: 0]
[two_round: 0]
[header: 0]
[label_column: ]
[weight_column: ]
[group_column: ]
[ignore_column: ]
[categorical_feature: 34,35,36,37,38,39,40,41,42,43,44,45,46,47,48,49]
[forcedbins_filename: ]
[precise_float_parser: 0]
[parser_config_file: ]
[objective_seed: 16083]
[num_class: 1]
[is_unbalance: 0]
[scale_pos_weight: 30.0268]
[sigmoid: 1]
[boost_from_average: 1]
[reg_sqrt: 0]
[alpha: 0.9]
[fair_c: 1]
[poisson_max_delta_step: 0.7]
[tweedie_variance_power: 1.5]
[lambdarank_truncation_level: 30]
[lambdarank_norm: 1]
[label_gain: ]
[lambdarank_position_bias_regularization: 0]
[eval_at: ]
[multi_error_top_k: 1]
[auc_mu_weights: ]
[num_machines: 1]
[local_listen_port: 12400]
[time_out: 120]
[machine_list_filename: ]
[machines: ]
[gpu_platform_id: -1]
[gpu_device_id: -1]
[gpu_device_id_list: ]
[gpu_use_dp: 0]
[num_gpu: 1]

end of parameters

pandas_categorical:null
