tree
version=v4
num_class=1
num_tree_per_iteration=1
label_index=0
max_feature_idx=49
objective=binary sigmoid:1
feature_names=ACTIVE_ADULT_COUNT ACTIVE_CHILD_COUNT INCOME_TIER MONTHLY_PREMIUM LHC_LOADING_RATE TOTAL_CLAIM_COUNT_ROLL3M TOTAL_BENEFIT_PAID_ROLL3M TOTAL_OUT_OF_POCKET_ROLL3M HOSPITAL_CLAIM_COUNT_ROLL3M REVERSAL_FLAG_ROLL3M NO_BENEFIT_PAID_FLAG_ROLL3M TOTAL_CLAIM_COUNT_ROLL6M TOTAL_BENEFIT_PAID_ROLL6M TOTAL_OUT_OF_POCKET_ROLL6M HOSPITAL_CLAIM_COUNT_ROLL6M REVERSAL_FLAG_ROLL6M NO_BENEFIT_PAID_FLAG_ROLL6M TOTAL_CLAIM_COUNT_ROLL12M TOTAL_BENEFIT_PAID_ROLL12M TOTAL_OUT_OF_POCKET_ROLL12M HOSPITAL_CLAIM_COUNT_ROLL12M REVERSAL_FLAG_ROLL12M NO_BENEFIT_PAID_FLAG_ROLL12M MONTHS_SINCE_LAST_CLAIM MONTHS_SINCE_LAST_SURVEY LAST_OVERALL_EXPERIENCE_RATING LAST_NPS_RATING LAST_SERVICE_RATING RECENT_LOW_RATING_FLAG HAS_EVER_SURVEYED HAD_COMPLAINT_FLAG ARREARS_FLAG_LAG2M PREMIUM_CHANGE_3M NEGATIVE_SENTIMENT_CALLS_LAST_6M POLICY_OWNER_AGE_BAND SCALE STATE_CODE CHANNEL_ACQUISITION TENURE_BAND YOUNGEST_DEPENDANT_AGE_BAND PRODUCT_HOLDINGS HOSPITAL_TIER EXTRAS_TIER HOSPITAL_EXCESS_AMT PAYMENT_METHOD_DESC PAYMENT_FREQUENCY_DESC ARREARS_FLAG MARKETING_OPTIN CALL_NEGATIVE_SENTIMENT RESOLUTION_TIME
feature_infos=[0:4] [0:13] [0:3] [0.30000001192092896:1823.1800537109375] [0:70] [0:215] [-100.1500244140625:269147.6875] [-675:68399.1015625] [0:40] [0:3] [0:3] [0:458] [-0.00390625:269356.1875] [-675:68399.1015625] [0:80] [0:6] [0:6] [0:537] [0:533601.5625] [-1294:77964.6015625] [0:147] [0:9] [0:11] [-1:12] [-1:13] [0:10] [0:10] [0:10] [0:1] [0:1] [0:1] [0:1] [-706.27001953125:922.5999755859375] [0:5] -1:2:1:4:3:6:5:0 -1:5:3:0:4 -1:7:6:1:3:4:0:5 -1:0:5:2:4:3:1:6 -1:5:8:2:6:3:1:4:9:0:7 -1:0:1 -1:1:2:3:0 -1:1:5:2:0:4 -1:3:5:4:1:0 -1:3:0:2:5:1 -1:1:0 -1:0:2:5:3:1 -1:0:1 -1:2:0:1 -1:0 -1:3:1:0
tree_sizes=3338 3241 3251 3310 3295 3319 3262 3326 3342 3351 3331 3360 3339 3331 3377 3378 3420 3390 3427 3356 3379 3335 3292 3305 3318 3291 3389 3375 3305 3365 3329 3365 3345 3302 3349 3342 3375 3381 3345 3334 3411 3334 3351 3394 3392 3372 3394 3391 3404 3317 3424 3276 3408 3365 3400 3388 3416 3362 3393 3341 3335 3372 3395 3383 3417 3320 3438 3344 3458 3392 3308 3413 3405 3344 3338 3384 3429 3408 3444 3424 3429 3383 3352 3374 3356 3347 3490 3374 3435 3454 3322 3401 3340 3363 3450 3387 3386 3345 3375 3372 3359 3393 3344 3389 3363 3436 3270 3353 3281 3329 3336 3412 3307 3372 3376 3386 3414 3416 3351 3357 3401 3406 3385 3338 3395 3364 3438 3377 3401 3389 3394 3374 3331 3354 3328 3395 3361 3363 3352 3417 3329 3397 3400 3375 3416 3377 3417 3368 3361 3334

Tree=0
num_leaves=31
num_cat=14
split_feature=2 36 3 40 37 18 35 6 3 37 44 32 37 44 33 41 0 37 3 37 31 3 41 33 0 7 5 44 45 0
split_gain=4.19317e+06 2.95362e+06 2.64803e+06 913122 490258 292408 191706 190854 223310 188893 157888 152842 152322 126747 89746.1 84253.6 80822.7 74287.3 70617.9 63569 60558 59356 56601.2 52053.9 48144.3 43935.5 43663.9 42667.8 38411.5 36571.4
threshold=inf 0 476.33499145507818 1 2 1.0000000180025095e-35 3 9042.6748046875018 262.83999633789068 4 5 -6.3250000476837149 6 7 1.0000000180025095e-35 8 1.5000000000000002 9 18.605000495910648 10 1.0000000180025095e-35 320.17500305175787 11 1.0000000180025095e-35 1.5000000000000002 1.0000000180025095e-35 26.500000000000004 12 13 1.5000000000000002
decision_type=8 9 10 1 1 2 1 2 10 1 9 10 1 9 2 9 2 1 10 1 10 10 9 2 2 2 2 9 9 2
left_child=1 2 3 15 13 10 28 8 12 -3 -6 -2 -7 -5 17 -1 -8 -11 -14 -18 -20 -13 -12 25 -15 -10 -9 29 -4 -17
right_child=11 9 6 4 5 7 16 26 23 14 22 21 18 24 -16 27 19 -19 20 -21 -22 -23 -24 -25 -26 -27 -28 -29 -30 -31
leaf_value=-0.64773760980660855 -0.33116555768847045 -2.2094147280698744 -3.1672256079270009 -0.8173849405520941 -1.4095237348990426 -2.9692604977798043 -2.0938927959523195 -1.8410160993639226 -2.4395533212335323 -1.2787421115960811 -2.2874700061987538 -0.86661351544550325 -0.65158670615403702 -1.80454698920794 -3.0244345010327094 -1.5684197671744777 -2.2119576491918411 -1.5461415125609936 -2.2469671431429958 -2.9506765025599915 -1.1395685278708338 -1.9118981333261611 -2.0123451980051481 -3.6495559360734666 -2.1119743573092906 -2.6775422798459161 -0.94352849972258968 -1.3936806295974042 -3.4521351046731166 -1.9700852629112704
leaf_weight=817.59302404150367 8315.1302033290267 2240.7655006535351 8734.4824914783239 747.26129015535116 2073.8112321868539 1962.3821361251175 947.43901301547885 1082.089008025825 7127.8233225420117 16946.356978960335 10347.349369712174 2233.3808294311166 182.47508967295289 13035.598591666669 221.12309406325221 4715.3364773355424 855.15999013930559 16048.148846115917 22751.243225701153 7600.0896427556872 320.49309942498803 411.77937570214272 11773.257622312754 309.54026067629457 4347.4567104764283 16358.047207240015 510.65640253946185 5584.4361381456256 4787.4825838394463 2095.4446169510484
leaf_count=5464 27319 58598 331326 6895 34141 69608 23521 23520 207062 251596 281174 21951 1314 277529 8004 86784 22270 290716 607377 268147 4219 9307 280331 13569 108890 522771 5499 90855 198272 48851
internal_value=-2.01478 -2.11571 -2.29385 -2.12533 -2.21457 -2.30593 -3.07345 -2.4151 -2.44311 -1.46834 -2.07698 -0.499662 -2.27723 -1.83866 -1.41884 -1.50065 -2.79564 -1.40736 -2.21986 -2.87308 -2.23158 -1.02934 -2.13955 -2.6189 -1.88143 -2.60531 -1.55327 -1.5594 -3.26777 -1.692
internal_weight=175484 164523 129067 106142 92929.5 74799.2 22924.7 50604.7 49012 35456.4 24194.4 10960.3 25216.6 18130.3 33215.6 13212.8 9402.69 32994.5 23254.2 8455.25 23071.7 2645.16 22120.6 23795.4 17383.1 23485.9 1592.75 12395.2 13522 6810.78
internal_count=4186880 4128303 3519389 2675853 2443899 2050585 843536 1454939 1425920 608914 595646 58577 682518 393314 550316 231954 313938 542312 612910 290417 611596 31258 561505 743402 386419 729833 29019 226490 529598 135635
cat_boundaries=0 1 2 3 4 5 6 7 8 9 10 11 12 13 14
cat_threshold=128 9 4 1 80 1 16 1 16 4 4 34 2 5
is_linear=0
shrinkage=1


Tree=1
num_leaves=31
num_cat=18
split_feature=47 2 36 3 40 37 35 18 6 3 46 37 3 35 37 47 35 31 7 37 45 45 35 5 31 43 4 3 37 38
split_gain=7.98582e+06 1.49907e+06 1.00702e+06 949848 515099 256133 202428 157093 217878 211645 85650.9 83548.6 78336.7 72635 88880 54936.5 102170 44211.6 40597.9 39378.9 38058.1 36665.5 25741.5 21102.8 16630.8 14946.4 12352.5 12119 12050 13129.9
threshold=0 inf 1 476.33499145507818 2 3 4 1.0000000180025095e-35 9042.6748046875018 262.83999633789068 5 6 19.115000724792484 7 8 9 10 1.0000000180025095e-35 1.0000000180025095e-35 11 12 13 14 26.500000000000004 1.0000000180025095e-35 15 inf 129.52500152587893 16 17
decision_type=1 8 9 10 1 1 1 2 2 10 1 1 10 1 1 1 1 10 2 1 9 9 1 2 10 9 8 10 1 1
left_child=1 2 3 4 5 21 -5 20 9 12 15 -4 -9 14 -8 24 -17 -14 -11 -13 -7 -1 -23 -10 -2 26 -6 -22 -18 -30
right_child=10 -3 11 6 25 7 13 8 23 18 -12 19 17 -15 -16 16 28 -19 -20 -21 27 22 -24 -25 -26 -27 -28 -29 29 -31
leaf_value=0.33592895269547163 -0.042241742684748049 0.20210796018870436 0.73655461908764497 1.8536101430652538 0.3854930736025961 0.52731613195548011 0.74627703593954675 0.20850326290117704 0.54250969957497641 0.91303506217003472 0.2411819915012228 0.33847374205476949 0.78426677251978238 0.68851252837829247 1.4737300714972619 0.31973308946950896 -0.021950162949844487 0.33062587060279891 1.1270772834544298 0.41950664174077856 0.61766020004081357 0.67541285919959582 0.51777356804549857 0.26881842717991733 0.14995603845498126 0.41584604100023648 0.22134881257931061 0.71154702777488132 0.0061319094946702662 0.090705823500947066
leaf_weight=6140.5659729167819 262257.47021055222 108967.95108599961 4148.6167158484459 3629.5828119534999 6730.4688865765929 16963.396942280233 1581.7382957190275 1666.9710872843862 3299.6656828224659 9251.3782322406769 8188.0934976954013 92890.601823508739 38762.793294817209 1973.2021076083183 3953.2587619945407 7126.3342895321548 49132.987042790279 1425.5312478989363 14655.565911445767 66627.545968711376 14511.988604880869 8357.3642972707748 38367.238337859511 3975.0990062952042 2913.3578243236989 45528.083626672626 5201.9897303432226 22351.467280268669 37462.186914058402 17109.774258075282
leaf_count=3452 2896493 19552 4617 12669 3538 15600 1552 931 2308 12351 38908 45077 45792 1835 8199 29665 347087 590 26388 39539 14282 7442 28437 1253 16958 25957 1257 26865 391015 112733
internal_value=0.26192 0.46598 0.535771 0.637328 0.603449 0.670133 1.35938 0.731913 0.808395 0.854351 -0.0147866 0.38162 0.745885 1.11651 1.26757 -0.0203607 0.0269388 0.768176 1.04425 0.372344 0.628273 0.521763 0.546108 0.392958 -0.0401301 0.394686 0.313671 0.674404 0.00678728 0.0326599
internal_weight=905152 520962 411994 248327 237190 179729 11137.8 126864 73037 65762.2 384190 163667 41855.3 7508.2 5535 376002 110831 40188.3 23906.9 159518 53826.9 52865.2 46724.6 7274.76 265171 57460.5 11932.5 36863.5 103705 54572
internal_count=4182342 349483 329931 240698 216443 185691 24255 146360 89613 86052 3832859 89233 47313 11586 9751 3793951 880500 46382 38739 84616 56747 39331 35879 3561 2913451 30752 4795 41147 850835 503748
cat_boundaries=0 1 2 3 4 5 6 7 8 9 10 11 12 13 14 15 16 17 18
cat_threshold=2 128 6 4 1 1 80 8 4 4 24 4 42 8 9 38 20 300
is_linear=0
shrinkage=0.08


Tree=2
num_leaves=31
num_cat=20
split_feature=38 34 36 2 38 3 3 38 34 2 44 40 37 37 7 32 38 4 44 37 41 38 40 37 41 38 3 2 2 44
split_gain=80227.5 52998.8 35502.5 43129.6 14859.1 12189 12085 10970.9 9532.89 8191.17 7320.54 7157.6 7375.39 4974.91 4676.29 3766.37 3698.93 3678.86 3653.88 3611.18 3375.91 3137.01 3088.2 2969.79 2847.83 3477.64 2606.34 2590.38 2566.67 2542.19
threshold=0 1 2 inf 3 309.23500061035162 562.41000366210949 4 5 2.5000000000000004 6 7 8 9 8.1000032424926776 1.5950000286102297 10 1.0000000180025095e-35 11 12 13 14 15 16 17 18 502.68000793457037 inf 1.0000000180025095e-35 19
decision_type=1 1 9 8 1 10 10 1 1 8 9 1 1 1 2 8 1 8 9 1 9 1 1 1 9 1 10 8 8 9
left_child=1 6 3 4 19 11 8 -3 -1 14 26 12 20 21 29 -12 28 -14 -8 -2 -6 -4 -21 -7 -13 -26 -9 -23 -15 -10
right_child=2 7 13 -5 5 23 18 10 9 -11 15 24 17 16 -16 -17 -18 -19 -20 22 -22 27 -24 -25 25 -27 -28 -29 -30 -31
leaf_value=0.17323259664289026 0.18308680479716347 0.15469759796667856 0.18119893001529494 0.15629738052822326 0.20826825976198104 0.25445367559305276 0.28602996200483605 0.15137040478734989 0.19886978078380074 0.16598580726453332 0.12292571649175185 0.16637550557143005 0.2450192777640402 0.20689391544864688 0.19564885753466371 0.087617036546486685 0.17264155181603028 0.27905433776486482 0.11294390783598995 0.22463752627173209 0.2443920069086174 0.21957511471956712 0.18379745594809946 0.29942695026312738 0.26661239077554549 0.20679098392115539 0.27545294221660593 0.17405495761357706 0.18018562653248191 0.24060933706009821
leaf_weight=63928.408698195592 23179.010634770617 75146.105216471478 27921.296073131263 51009.53991881758 33524.942039743066 15596.898592108861 827.28997998312116 17375.942915156484 11244.224819488823 20520.745177565143 34607.894625386223 8199.617156997323 38587.847181303427 49181.394107542932 30401.78996149078 43811.631442110986 116499.27418648079 42947.039228059351 13820.557543197647 86244.012621123344 35925.116886675358 60843.588527139276 14504.398759882897 29382.939801584929 8212.1961000785232 30764.557918488979 1155.4458260964602 9212.2312242165208 43304.412418272346 55110.477175110951
leaf_count=342828 85292 435199 89376 30598 101186 48148 12705 52957 24310 9828 316285 4360 157224 65138 183260 467619 226885 131280 204962 464469 88797 116724 35872 123113 9300 67032 15862 3237 44227 224827
internal_value=0.194577 0.164126 0.210025 0.22522 0.234804 0.246349 0.192605 0.131708 0.198265 0.211877 0.113874 0.237825 0.246405 0.189323 0.221632 0.103199 0.182265 0.262914 0.12272 0.212117 0.226987 0.204356 0.218777 0.283955 0.210271 0.21946 0.159107 0.213559 0.194367 0.233536
internal_weight=1.09299e+06 367951 725040 418078 367069 243141 195853 172097 181206 117277 96950.9 198161 150985 306962 96756.5 78419.5 208985 81534.9 14647.8 123927 69450.1 97977.1 100748 44979.8 47176.4 38976.8 18531.4 70055.8 92485.8 66354.7
internal_count=4182900 2290642 1892258 1346671 1316073 730440 1002720 1287922 785053 442225 852723 559179 478487 545587 432397 783904 336250 288504 217667 585633 189983 209337 500341 171261 80692 76332 68819 119961 109365 249137
cat_boundaries=0 1 2 3 4 5 6 7 8 9 10 11 12 13 14 15 16 17 18 19 20
cat_threshold=44 71 128 256 12 4 1 6 6 113 643 1 4 3 256 6 4 16 512 1
is_linear=0
shrinkage=0.08


Tree=3
num_leaves=31
num_cat=14
split_feature=47 2 46 37 47 1 40 44 3 32 3 44 44 18 34 37 44 5 37 3 18 32 37 1 3 3 37 3 0 0
split_gain=3.69202e+06 206873 52577.8 46429.8 41409.3 56022.9 30142.7 12445.1 12273.5 11488.8 12095.3 11082.9 10089.1 8573.96 7642.11 6821.08 6583.3 6187.23 6947.71 5576.48 8049.2 5319.73 5301.4 5179.84 4814.16 3718.97 3534.94 3502.17 3480.01 3330.51
threshold=0 inf 1 2 3 1.0000000180025095e-35 4 5 35.385000228881843 -6.3250000476837149 320.17500305175787 6 7 1.0000000180025095e-35 8 9 10 26.500000000000004 11 248.70999908447268 1.0000000180025095e-35 23.935000419616703 12 1.5000000000000002 inf 462.81500244140631 13 19.115000724792484 1.5000000000000002 1.5000000000000002
decision_type=1 8 1 1 1 2 1 9 8 10 10 9 9 2 1 1 9 2 1 10 2 8 1 2 8 8 1 10 2 2
left_child=1 3 4 16 7 11 12 8 -2 -3 -11 22 13 -5 25 -7 -1 18 19 20 -14 -20 -6 -17 -9 -10 -13 -15 -28 -24
right_child=2 9 -4 6 5 15 -8 24 14 10 -12 26 17 27 -16 23 -18 -19 21 -21 -22 -23 29 -25 -26 -27 28 -29 -30 -31
leaf_value=0.19393485346219386 -0.05408606913896459 0.15229644100827344 0.15248224299745339 0.2168993522182564 0.010547068673108203 -0.081071681559041375 0.25205463843765907 -0.052957342587507068 0.10425512879418763 0.20004241144145432 0.4277409217075237 -0.040985011937952925 0.33808671482511243 0.09155126115173863 0.0066382075006011145 0.12239167548102295 0.25626197636601999 0.22487941362762456 0.3159525204055334 0.32756406126232895 0.49890479723721409 0.29173500977249961 -0.03409810710825649 0.23671616834402251 0.2735394285971961 0.28571785854397624 0.067781009842046061 0.32002323536197813 0.2363864568524654 0.028367161511722951
leaf_weight=11378.154395714402 10925.880118183792 92230.624225258827 10209.590601235628 13962.956641316414 29959.043491983786 619.50847877562046 77586.599399417639 271029.07216897607 4682.2936786282808 20159.159493073821 1612.4824879765511 1751.8660171069205 4488.8796016424894 447.26832068711519 7097.513615841046 4163.2361412458122 231901.83358469605 5211.7038607746363 210961.61592391133 15637.801810115576 3580.8207365050912 80089.655885726213 69813.267216894776 6490.9117471091449 289.33853533491492 854.76719652116299 9181.8110776413232 10741.461642578244 856.54778301902115 5926.5110973455012
leaf_count=4654 57306 13926 38928 6148 229771 6247 30849 2759139 20232 4850 791 13927 2841 658 69976 18877 97365 1766 110872 9618 3037 57132 486071 16244 411 6596 38016 5039 4410 67487
internal_value=0.16016 0.264216 -0.026915 0.281262 -0.0312384 0.00661167 0.29732 -0.0477661 0.00800573 0.164635 0.216907 -0.00973434 0.307489 0.258711 0.0617003 0.176962 0.253337 0.311333 0.312764 0.355286 0.409448 0.309278 -0.0179406 0.191862 -0.0526092 0.132029 0.0638341 0.31089 0.0820859 -0.0292064
internal_weight=1.21384e+06 779991 433851 665989 423642 128763 422709 294879 23560.5 114002 21771.6 117489 345122 25151.7 12634.6 11273.7 243280 319970 314759 23707.5 8069.7 291051 105699 10654.1 271318 5537.06 11790.2 11188.7 10038.4 75739.8
internal_count=4183184 349546 3833638 329979 3794710 881050 227960 2913660 154110 19567 5641 839682 197111 11845 96804 41368 102019 185266 183500 15496 5878 168004 783329 35121 2759550 26828 56353 5697 42426 553558
cat_boundaries=0 1 2 3 4 5 6 7 8 9 10 11 12 13 14
cat_threshold=2 1 6 4 6 1 2 1 15 16 1 16 106 16
is_linear=0
shrinkage=0.08


Tree=4
num_leaves=31
num_cat=23
split_feature=47 46 32 47 35 36 38 40 31 46 38 31 38 36 37 37 40 32 36 38 4 1 37 6 45 35 38 45 43 45
split_gain=2.62588e+06 48212.7 41558.1 35935.3 48810.2 32447 13123.2 12534.7 10461.6 9840.6 8476.46 8195.06 6826.62 5869.33 4903.76 4874 4806.11 5199.57 4631.38 4602.36 4537.35 4181.7 3378.3 3279.37 3164.46 3156.99 3089.32 2733.45 2580.5 2554.39
threshold=0 1 -10.114999771118162 2 3 4 5 6 1.0000000180025095e-35 7 8 1.0000000180025095e-35 9 10 11 12 13 -16.980000495910641 14 15 1.0000000180025095e-35 1.5000000000000002 16 9042.6748046875018 17 18 19 20 21 22
decision_type=1 1 10 1 1 9 1 1 10 1 1 10 1 9 1 1 1 8 9 1 8 2 1 2 9 1 1 9 9 9
left_child=2 3 9 8 11 7 25 19 10 13 29 12 14 16 -5 -14 17 -1 -12 23 -17 -8 -7 -4 -3 -6 -26 -10 -18 -2
right_child=1 24 5 4 6 22 21 -9 27 -11 18 -13 15 -15 -16 20 28 -19 -20 -21 -22 -23 -24 -25 26 -27 -28 -29 -30 -31
leaf_value=0.17551030280768321 -0.024670435188110046 0.17381875442246386 0.26082483756966574 -0.0082774461065859319 0.24949650177286295 0.23162608709850946 0.033100276288458692 0.21225189221608223 0.17810774371605692 0.14732587463239255 -0.011659762442596979 0.16209547413783867 -0.052507778086801349 0.18250575910207534 0.065164854214697407 -0.030570607494728889 0.15553885858482228 0.21979892952673757 -0.048937714812190183 0.23811637285700449 0.021283920168866727 0.13621774763276581 0.19837461866805914 0.21253611980899201 0.0045378533950449331 0.15006251335189308 0.13538018210318947 0.034379102314914894 0.19869114003411928 -0.058807004192833683
leaf_weight=19567.128968052566 15292.767586005852 6490.3714293576777 189785.28402439505 15981.705512132496 3865.4004530087113 23382.130999818444 8142.6692739464343 65535.849413797259 1397.0383075159043 25876.129840031266 54448.749666931108 1641.6506855487823 33761.645352935418 94810.059011653066 9139.6722118332982 31567.870892340317 15201.997032046318 127591.31028687954 35079.626607459038 117123.42425386608 16415.535413017496 3642.964539796114 153491.21149133146 9448.888912320137 1804.9678458571434 4673.7785770576447 3235.999109774828 2168.3748680371791 23421.574271708727 176676.79924638011
leaf_count=4081 191997 14338 88265 79566 5378 8769 92303 20693 3589 13056 441448 4574 234123 33310 43194 281739 3134 67553 185851 48128 106101 12920 50037 3181 14224 19653 10600 13386 9058 2077138
internal_value=0.138192 -0.0245412 0.218206 -0.0290365 0.00602761 0.23119 0.119771 0.244335 -0.0448835 0.194532 -0.0466083 -0.0152875 -0.0180138 0.198885 0.0184577 -0.0292207 0.207223 0.213895 -0.0262701 0.250975 -0.0128281 0.064919 0.202783 0.258522 0.136807 0.195312 0.0886325 0.0912924 0.181751 -0.056089
internal_weight=1.29066e+06 425428 865235 413896 128833 558767 20324.8 381893 285063 306468 281498 108508 106866 280592 25121.4 81745.1 185782 147158 89528.4 316358 47983.4 11785.6 176873 199234 11531.3 8539.18 5040.97 3565.41 38623.6 191970
internal_count=4181387 3832122 349265 3792960 879551 219073 130254 160267 2913409 130192 2896434 749297 744723 117136 122760 621963 83826 71634 627299 139574 387840 105223 58806 91446 39162 25031 24824 16975 12192 2269135
cat_boundaries=0 1 2 3 4 5 6 7 8 9 10 11 12 13 14 15 16 17 18 19 20 21 22 23
cat_threshold=2 1 4 32 128 598 6 1 300 643 128 20 20 6 160 300 82 12 8 44 10 38 8
is_linear=0
shrinkage=0.08


Tree=5
num_leaves=31
num_cat=18
split_feature=47 2 44 38 45 36 47 1 44 37 47 1 3 37 31 0 36 41 38 46 3 32 37 33 34 37 0 47 3 3
split_gain=2.01542e+06 52985.1 37623 27455.5 27402.4 20205.3 13434.8 20709 13260 8539.76 7587.99 15487.4 5473.44 5048.09 4585.86 4541.35 4236.09 3989.14 3973.02 3754.74 3723.72 3533.94 3417.71 3314.06 3253.11 3169.08 3128.04 4604.24 3037.74 2813.07
threshold=0 inf 1 2 3 4 5 1.0000000180025095e-35 6 7 8 1.5000000000000002 1.0000000180025095e-35 9 1.0000000180025095e-35 1.5000000000000002 10 11 12 13 476.33499145507818 -6.3250000476837149 14 1.0000000180025095e-35 15 16 1.5000000000000002 17 320.17500305175787 805.30999755859386
decision_type=1 8 9 1 9 9 1 2 9 1 1 2 10 1 8 2 9 9 1 1 10 10 1 2 1 1 2 1 10 8
left_child=1 5 4 10 14 8 16 9 12 15 -4 22 -1 -6 24 -8 19 -10 -9 29 -16 -3 -12 -18 -2 -7 -15 -28 -23 -5
right_child=2 21 3 6 13 25 7 18 17 -11 11 -13 -14 26 20 -17 23 -19 -20 -21 -22 28 -24 -25 -26 -27 27 -29 -30 -31
leaf_value=0.041958408101071952 0.014741161269662812 0.13010960747326475 -0.057675320571087985 -0.015347068651882628 -0.047125012784292056 0.22033798918755454 -0.023713244520990481 0.063073648521676295 0.16544568428733375 0.051176211801402999 -0.06405998301983179 0.14648244581411357 0.17547601783486855 0.002652191431500779 0.16301041517148221 0.10332110706994969 -0.048071676302877855 0.21019723664819631 0.1969340701123132 0.11933715488268916 0.37642757856293019 0.15573346684380013 -0.021034625289106684 0.248672820416283 0.1234037076799915 0.17502678097304236 0.026723691081964453 0.19395118388506075 0.25494639210610404 0.19304408736793854
leaf_weight=2023.9161816760898 2443.3228730838746 90079.74942946434 168816.06530766375 50861.588257627562 9840.8318360522389 10618.017298460007 31452.45106940344 2074.9762669056654 13554.206691130996 18622.06064004451 17015.522555917501 3211.7582515627146 67504.050358593464 11703.627227244899 6282.7401827163994 1910.4321772791445 34840.987934134901 470387.83751864731 4711.0804422013462 1395.7684769034386 570.77161291614175 21467.856687784195 38740.242899188772 242.54251283034682 6450.6054615136236 243578.21331217885 3392.0026169847697 1528.5548588521779 2175.2578071057796 417.98019280657172
leaf_count=3553 22315 14024 2156774 428454 70655 4649 169433 6289 3574 101701 156340 12051 22153 58081 11464 7149 186747 211422 6668 4765 3247 4868 371732 3396 25535 84853 25792 2930 784 2524
internal_value=0.122443 0.18846 -0.0235928 -0.0316669 0.048004 0.195659 -0.004651 0.0249496 0.204254 0.007792 -0.0490435 -0.0243403 0.171589 -0.00174007 0.131521 -0.0164341 -0.0244747 0.208952 0.156387 -0.0101228 0.180784 0.137335 -0.0341803 -0.0460071 0.0937075 0.176928 0.0251381 0.0786724 0.164861 -0.0136485
internal_weight=1.33792e+06 921389 416526 374313 42212.5 807666 146530 58771 553470 51984.9 227784 58967.5 69528 26465 15747.4 33362.9 87758.9 483942 6786.06 52675.3 6853.51 113723 55755.8 35083.5 8893.93 254196 16624.2 4920.56 23643.1 51279.6
internal_count=4183922 349880 3834042 3614023 220019 330204 917126 291240 240702 278283 2696897 540123 25706 157458 62561 176582 625886 214996 12957 435743 14711 19676 528072 190143 47850 89502 86803 28722 5652 430978
cat_boundaries=0 1 2 3 4 5 6 7 8 9 10 11 12 13 14 15 16 17 18
cat_threshold=2 1 300 12 128 4 1 4 4 24 128 16 129 1 20 96 80 4
is_linear=0
shrinkage=0.08


Tree=6
num_leaves=31
num_cat=24
split_feature=47 47 1 2 46 36 44 44 45 44 46 37 37 45 2 34 37 45 44 37 41 43 1 36 42 43 32 39 2 46
split_gain=1.60634e+06 33868.1 28518 28336.7 16912 10854.4 10420.7 9668.41 10663.5 6873.83 5456.29 4426.91 4156.64 3472.53 3315.27 3315.14 3257.2 3035.24 3184.8 2635.58 2576.61 2505.72 2416.85 2692.53 2213.83 2374.12 2206.2 2161 2328.22 2128.73
threshold=0 1 1.0000000180025095e-35 inf 2 3 4 5 6 7 8 9 10 11 2.5000000000000004 12 13 14 15 16 17 18 1.5000000000000002 19 20 21 -6.3250000476837149 22 2.5000000000000004 23
decision_type=1 1 2 8 1 9 9 9 9 9 1 1 1 9 8 1 1 9 9 1 9 9 2 9 9 9 10 9 10 1
left_child=3 4 6 5 7 9 10 8 27 29 11 20 -4 -8 22 -10 -9 -6 -19 -15 -3 -13 -14 -24 25 -18 -5 28 -2 -1
right_child=1 2 12 26 17 -7 13 16 15 -11 -12 21 14 19 -16 -17 24 18 -20 -21 -22 -23 23 -25 -26 -27 -28 -29 -30 -31
leaf_value=0.15947674590060201 0.019830103529137246 -0.0063175634679944305 -0.082058615533132664 0.12313074273136305 0.12549919392311973 0.1583711273173245 0.11214098937119195 -0.073870389963570635 0.12220722962940665 0.18132585941762946 0.14257621009145641 -0.036947086127172034 0.089368685195924627 0.049065081656607251 -0.019682466641162903 0.025216562341261368 -0.056751357928675472 0.098760271496238325 -0.060304361232282576 -0.070454736383981295 0.041517575923578048 -0.0066817824507292437 0.18644967918865044 0.076186554713177632 -0.048234914658556109 -0.018797116926824748 0.15066702854348615 -0.049329075570611856 0.44546539013084235 0.11336895077928924
leaf_weight=64829.960950769484 2170.0584737006575 18852.405537158251 641.96406421996653 87330.702481672168 4168.2535675019026 261098.41959381104 5348.9136842209846 25599.683970090002 4631.4490349143744 512630.44638136029 1452.3004610165954 42184.3589749448 4535.9327179249376 7766.575476642698 934.68379554338753 4422.6440518163145 14618.795254727826 1669.7575103826821 1556.5747198984027 1384.0510045010597 11655.773912645876 29951.282960506156 6456.9475213102996 1876.3896313086152 165007.90510799922 37953.799355782568 23668.29245211184 12101.077100031078 85.488973937928677 7111.4021063297987
leaf_count=19570 11779 164651 6242 14066 10319 89559 17266 344453 16170 215456 3577 346980 17559 31805 3038 40699 242885 6466 13204 11863 65346 205866 11928 3154 1797279 374619 5639 85003 243 6221
internal_value=0.110371 -0.0227413 0.0103752 0.167006 -0.038822 0.171994 -0.00255174 -0.0421322 0.00697008 0.178073 -0.0114022 -0.0135808 0.1165 0.0609878 0.125703 0.0749104 -0.0468592 0.080519 0.02195 0.0309303 0.0119657 -0.0243834 0.13636 0.161937 -0.0436758 -0.0293598 0.129002 -0.0359041 0.0359624 0.154919
internal_weight=1.3637e+06 407027 133042 956669 273985 845670 118596 266591 23410.7 584572 104096 102644 14445.9 14499.5 13804 9054.09 243180 7394.59 3226.33 9150.63 30508.2 72135.6 12869.3 8333.34 217580 52572.6 110999 14356.6 2255.55 71941.4
internal_count=4182905 3832394 889275 350511 2943119 330806 847354 2913130 153894 241247 786420 782843 41921 60934 35679 56869 2759236 29989 19670 43668 229997 552846 32641 15082 2414783 617504 19705 97025 12022 25791
cat_boundaries=0 1 2 3 4 5 6 7 8 9 10 11 12 13 14 15 16 17 18 19 20 21 22 23 24
cat_threshold=2 4 1 128 2 1 32 1 1 106 16 12 15 18 12 2 45 38 41 128 17 35 1 1
is_linear=0
shrinkage=0.08


Tree=7
num_leaves=31
num_cat=19
split_feature=34 43 31 44 27 32 46 44 42 37 37 32 43 35 34 13 31 46 43 7 36 34 32 9 35 34 37 31 18 42
split_gain=8962.5 8475.88 2262.37 2210.75 2198.92 1682.36 1656.95 1640.78 1543.84 1525.09 1511.31 1306.67 1279.9 1541.25 2468.37 1518.44 1124.77 874.201 872.666 860.077 842.176 771.326 736.368 700.932 672.342 664.458 677.703 657.191 651.69 640.99
threshold=0 1 1.0000000180025095e-35 2 1.0000000180025095e-35 -2.6850000619888301 3 4 5 6 7 -10.114999771118162 8 9 10 106.00000762939455 1.0000000180025095e-35 11 12 50.00000190734864 13 14 18.105000495910648 1.0000000180025095e-35 15 16 17 1.0000000180025095e-35 139.22499847412112 18
decision_type=1 9 10 9 8 8 1 9 9 1 1 8 9 1 1 2 10 1 9 2 9 1 8 2 1 1 1 10 2 9
left_child=2 3 6 16 -5 -3 11 -8 17 22 -6 -1 13 14 15 -13 21 27 23 -12 24 -2 28 -17 -15 -21 -27 -7 -10 -14
right_child=1 5 -4 4 10 8 7 -9 9 -11 19 12 29 20 -16 18 -18 -19 -20 25 -22 -23 -24 -25 -26 26 -28 -29 -30 -31
leaf_value=0.12158044782747189 0.13598557506194811 0.11027287506439332 0.13286570686742916 0.40974190358631618 0.048111490489705248 0.087198304636733504 0.13943591692247848 0.10231140277106721 0.10527242867401332 0.084954046756240603 0.081222075308436961 0.088254320704502329 0.10387690388101772 0.1213164900049781 0.10202555740012231 0.10411856393066826 0.18802125970417677 0.12309780677868874 0.027712242475965189 0.071726544449284668 0.094550803508118592 0.082606957535401246 0.110162820817824 0.50692699207943503 0.1030797902666305 0.092880479057153575 0.040709591876629724 0.13227735098025584 0.091160484048496748 0.11082477481708912
leaf_weight=26580.852635705844 2592.8512841798365 55923.157227613032 18799.387312605977 120.62617118470371 19768.17559745349 137588.64247916266 17214.022354528308 13669.537022214383 45728.129248933867 34900.094342844561 39805.322060579434 6392.8705347832292 191994.09851381555 14201.707829760388 21123.666351618245 719.70628028362989 1025.062806405127 4660.4940229617059 7406.342310834676 25732.805489670485 80185.867512118071 5841.9831635002047 64517.456247482449 28.752210061997175 309242.88843075 1898.1208321675658 10339.635613551363 2101.3821440376341 38640.852882964537 168468.46565010771
leaf_count=32777 7208 168825 20111 253 168572 549976 13179 13237 88517 104189 234835 60529 525316 33039 53178 2946 1232 5936 117923 193878 133273 31424 117809 149 922543 10356 112347 2937 134227 321930
internal_value=0.100554 0.0918876 0.105412 0.0719576 0.0683876 0.0974446 0.104811 0.123004 0.0952613 0.100163 0.0679655 0.104131 0.103551 0.100612 0.0845093 0.0590226 0.108891 0.0890074 0.0361791 0.0729961 0.102032 0.0992746 0.103722 0.118016 0.103884 0.064392 0.0488707 0.0878764 0.0988092 0.107127
internal_weight=1.36721e+06 491185 876028 107125 97664.7 384060 857229 30883.6 328137 183787 97544.1 826345 799764 439302 35671.3 14547.7 9459.9 144351 8154.8 77775.9 403630 8434.83 148886 748.458 323445 37970.6 12237.8 139690 84369 360463
internal_count=4182651 1932521 2250130 760105 720241 1172416 2230019 26416 1003591 444742 719988 2203603 2170826 1323580 234725 181547 39864 558849 121018 551416 1088855 38632 340553 3095 955582 316581 122703 552913 222744 847246
cat_boundaries=0 1 2 3 4 5 6 7 8 9 10 11 12 13 14 15 16 17 18 19
cat_threshold=71 33 1 1 2 40 37 20 41 1 64 1 8 162 8 16 24 74 40
is_linear=0
shrinkage=0.08


Tree=8
num_leaves=31
num_cat=16
split_feature=47 47 35 44 45 32 44 46 36 46 4 3 45 44 31 3 46 36 4 31 3 39 4 3 36 3 3 27 4 44
split_gain=1.32699e+06 25794.5 31754.8 13194 13867.3 8006.68 7070.45 4292.82 4026.07 3949.91 3933.41 3658.44 3560.78 3243.32 3061.7 2959.04 2987.92 2865.43 2792.99 2628.43 2582.51 2314.58 2039.92 1815.08 1697.96 1640.48 1610.38 1550.6 1478.23 1436.11
threshold=0 1 2 3 4 -10.114999771118162 5 6 7 8 2.5000000000000004 1.0000000180025095e-35 9 10 1.0000000180025095e-35 18.605000495910648 11 12 1.0000000180025095e-35 1.0000000180025095e-35 inf 13 1.5000000000000002 425.96499633789068 14 450.30499267578131 126.15500259399415 inf 69.500000000000014 15
decision_type=1 1 1 9 9 10 9 1 9 1 8 10 9 9 10 10 1 9 8 8 8 9 8 10 9 8 10 8 10 9
left_child=5 3 6 4 19 15 7 11 29 20 21 -3 -8 -11 18 16 -1 28 27 -2 22 -4 -5 -21 -20 -6 -24 -13 -12 -7
right_child=1 2 10 9 25 8 12 -9 -10 13 17 14 -14 -15 -16 -17 -18 -19 24 23 -22 -23 26 -25 -26 -27 -28 -29 -30 -31
leaf_value=0.12382595291091948 0.04258017920560201 0.25462791419426745 0.094566924228160473 -0.053647358500845399 -0.047833809786127182 0.13912438325948506 0.090673270325283842 0.10661947241071454 0.13763878381694369 0.069858804663234339 0.13321477016075098 0.21899462134189443 0.0068945312628431107 -0.081287371744148768 0.107399644775816 0.1350505789724481 0.073240757350220578 0.041906656996230404 -0.048342081757235394 0.091454996449671297 0.18681231672202001 0.024630513129392739 -0.0477764236388541 0.20752782468791625 -0.0042577377492930522 0.053456514988173512 -0.026699670571321974 -0.039892809194814395 0.61920256013867714 0.15319223711146304
leaf_weight=33621.937303714454 7872.5624057371169 296.3410697132349 4906.5862523764372 157188.48529079556 14238.858121378347 52495.875386804342 4970.8799187727273 1585.6804429069161 192041.85897891223 3257.2270677946508 9604.1965408418328 148.43591014668345 9346.6320867687464 1260.118486944586 1075.1403574086726 283700.11210379004 9608.8647949025035 2742.1986651606858 6737.5938254222274 4078.9001535046846 299.97699227929115 7912.9099062401801 54427.951327938586 1093.3262452743948 32678.347565228119 1102.5674317721277 40437.872404683381 59520.864493040368 40.22407378256321 402734.85016439855
leaf_count=8618 48169 277 11572 1956349 84209 14815 13236 3310 59018 10720 24305 844 41219 11974 3174 114005 7745 6514 32083 8748 437 89353 468463 4521 198460 15587 333091 465039 219 145755
internal_value=0.0907496 -0.0268759 0.00104105 -0.0407304 0.011026 0.142284 -0.0165952 -0.0239834 0.147439 -0.0464498 0.0824299 -0.026045 0.0360497 0.0276964 -0.0268754 0.13208 0.112582 0.114613 -0.0283324 0.0716325 -0.0477771 0.0513983 -0.0480563 0.115991 -0.0118067 -0.0405278 -0.0387922 -0.0392488 0.135102 0.151567
internal_weight=1.40103e+06 426824 141566 285258 28386.2 974203 116360 102042 647273 256872 25206.1 100457 14317.5 4517.35 100160 326931 43230.8 12386.6 99085.2 13044.8 252354 12819.5 252054 5172.23 39415.9 15341.4 94865.8 59669.3 9644.42 455231
internal_count=4181829 3831873 889605 2942268 161234 349956 757642 703187 219588 2781034 131963 699877 54455 22694 699600 130368 16363 31038 696426 61438 2758340 100925 2757903 13269 230543 99796 801554 465883 24524 160570
cat_boundaries=0 1 2 3 4 5 6 7 8 9 10 11 12 13 14 15 16
cat_threshold=2 4 32 1 14 2 1 128 1 8 2 1 128 1 73 1
is_linear=0
shrinkage=0.08


Tree=9
num_leaves=31
num_cat=20
split_feature=47 44 47 35 45 3 37 37 37 4 33 3 36 4 37 35 35 47 42 3 36 43 36 27 37 1 3 3 44 36
split_gain=1.11841e+06 22794.7 18174.2 17694.2 12245 4313.04 4168.54 3953.37 3643.92 3843.43 3487.66 3447.79 3150.37 2855.93 2648.1 2571.82 2302.82 3214.51 2147.07 1750.18 1619.21 1915.51 1608.15 1592.04 1581.93 1522.92 1521.14 1466.66 1317.92 1280.56
threshold=0 1 2 3 4 1.0000000180025095e-35 5 6 7 1.0000000180025095e-35 1.0000000180025095e-35 1.0000000180025095e-35 8 22.500000000000004 9 10 11 12 13 341.24499511718756 14 15 16 inf 17 1.0000000180025095e-35 779.44500732421886 189.37500000000003 18 19
decision_type=1 9 1 1 9 10 1 1 1 8 2 10 9 8 1 1 1 1 9 8 9 9 9 8 1 2 8 10 9 9
left_child=11 4 10 5 -2 -4 -5 16 24 23 14 28 25 15 -3 -8 -6 -18 20 -9 21 -16 -15 -10 -7 -13 -23 -25 -1 -12
right_child=1 2 3 6 7 8 13 19 9 -11 29 12 -14 22 18 -17 17 -19 -20 -21 -22 26 -24 27 -26 -27 -28 -29 -30 -31
leaf_value=0.079224355821118489 0.078184741040258687 -0.07027201300345863 0.23208660303565387 -0.068331877379122163 -0.0041924320261179718 -0.033330224728829932 0.088717982951149868 -0.059757612634453346 0.22106891911040702 0.020895424592608285 0.018645137281489886 0.13308784785065242 0.12501869683408579 -0.0077362179464441228 -0.052911300640365755 0.01498942352118313 0.01602898833563448 0.14074365641622677 -0.048517726417052258 0.039779058258385833 -0.058816379456426163 -0.02125305420077284 0.11817742988834452 -0.003920470595633105 -0.081114680868923317 0.14239409818009016 0.086325660027949211 -0.037923689241199245 0.11606901120294148 0.16104256905093067
leaf_weight=9526.171440705657 18383.3846619986 25048.345669299364 428.91533175110817 1539.8793728370219 11651.702172962949 42133.817850969732 5052.6380584873259 8582.5986151378602 169.10610927268863 19117.064623644575 2410.2623417302966 506091.96058721095 287931.9722840488 723.27898617088795 13996.253517247736 7569.4288471210748 4041.2755922414362 1966.2364116422832 144391.45091749541 1302.087751833722 12008.274309083819 48823.932936780155 6955.0593844354153 13097.927206210792 4961.4458529930562 144722.51294212043 855.93953264318407 21354.137978322804 17866.046251699328 477.7999144718051
leaf_count=6351 62681 344518 305 22175 55587 238907 12662 54879 760 111028 36085 194613 93375 2031 240851 70346 27469 2933 1599560 16309 69308 477819 16808 92682 63564 51173 8490 199583 3521 6440
internal_value=0.0839696 -0.025522 -0.0321016 -0.00697318 0.0276442 -0.0210591 0.0583192 -0.00611376 -0.022138 -0.00789485 -0.0445743 0.131233 0.132049 0.0679552 -0.0456041 0.0445853 0.0165611 0.0567532 -0.0427913 -0.0465987 -0.0318614 -0.0267697 0.106461 -0.0237945 -0.0383804 0.135155 -0.0193957 -0.0249964 0.103256 0.0428255
internal_weight=1.38318e+06 417042 371115 123103 45927.3 101262 21840.3 27543.9 100833 53738.2 248012 966139 938746 20300.4 245124 12622.1 17659.2 6007.51 220076 9884.69 75684.4 63676.1 7678.34 34621.2 47095.3 650814 49679.9 34452.1 27392.2 2888.06
internal_count=4182813 3833780 3613922 830851 219858 706829 124022 157177 706524 404053 2783071 349033 339161 101847 2740546 83008 85989 30402 2396028 71188 796468 727160 18839 293025 302471 245786 486309 292265 9872 42525
cat_boundaries=0 1 2 3 4 5 6 7 8 9 10 11 12 13 14 15 16 17 18 19 20
cat_threshold=2 1 4 32 12 16 101 20 128 18 8 32 4 19 192 33 58 4 1 129
is_linear=0
shrinkage=0.08


Tree=10
num_leaves=31
num_cat=18
split_feature=47 38 47 35 45 37 32 31 31 36 2 38 40 34 3 37 38 34 38 33 5 36 3 3 45 41 5 38 1 2
split_gain=957609 18977 10753.9 17264.4 7407.24 4655.52 4453.11 3940.87 3900.01 3408.01 3115.13 2916.21 3785.37 2730.73 2714.68 2279.36 2247.23 2118.86 1906.18 1895.48 1845.39 1826.54 2573.92 1778.86 1751.81 1751.39 1751.19 1725.14 1709.59 1705.8
threshold=0 1 2 3 4 5 -10.114999771118162 1.0000000180025095e-35 1.0000000180025095e-35 6 inf 7 8 9 476.33499145507818 10 11 12 13 1.0000000180025095e-35 5.5000000000000009 14 515.66497802734386 150.98500061035159 15 16 4.5000000000000009 17 1.5000000000000002 inf
decision_type=1 1 1 1 9 1 10 10 10 9 8 1 1 1 8 1 1 1 1 2 2 9 10 10 9 9 2 1 2 8
left_child=6 8 4 15 7 -5 29 16 9 10 14 21 -13 25 17 -4 -3 -2 20 -11 -6 22 -7 26 -19 -12 -21 -8 -17 -1
right_child=1 2 3 5 18 11 27 -9 -10 19 13 12 -14 -15 -16 28 -18 24 -20 23 -22 -23 -24 -25 -26 -27 -28 -29 -30 -31
leaf_value=0.11767708417848362 0.053218949981990268 -0.038906390558883883 -0.072181634263418656 -0.044066515250681983 -0.039083684708946569 0.017377778485186818 0.13013782267344468 0.11802749768413565 0.11083201248601313 -0.0175281527979077 0.14185918649469539 0.096064186406684848 -0.029605980567965009 -0.072760622993930033 0.11432128606355352 0.054116811722604165 0.016448905843448911 0.082916082518740206 -0.050855451307122122 0.26642577417837493 0.0056269424394758995 -0.040512849193434564 0.21881911571233648 0.040194634059190361 0.0069092106489138418 -0.067732094736499507 1.031773770513613 0.12169186812828732 0.12742649195517491 0.10363487360442129
leaf_weight=246007.3371341303 11072.752653472126 8186.7969469614327 507.48521341383457 35812.894811837003 40879.129072062671 21904.073342684656 333666.57767102122 1755.2562460005283 2473.2254702039063 24842.49996817112 730.63699551671743 1604.8365141451359 30911.006539316848 3702.4410668388009 2213.1570264771581 3141.5290676951408 10974.18008063361 2077.3311390168965 159913.1350137163 76.596827916800976 6906.2078794818372 3562.9648907333612 413.62094952911139 181.49373163282871 27724.134980071336 384.43602032959461 25.504362020641565 304583.86967860162 5784.5008285194635 71444.179008826613
leaf_count=116595 63076 126287 4359 265023 313981 134523 119402 3285 5141 112659 551 3712 300095 13408 15647 10023 83288 7759 2104261 417 53252 17907 4024 1844 180472 1382 53 99175 7254 13636
internal_value=0.078467 -0.0241739 -0.0324005 -0.0110259 -0.0420921 -0.0213598 0.12226 0.00329436 0.01203 0.00868566 0.021199 -0.00742927 -0.0233758 -0.0398067 0.0280249 0.0921008 -0.00721414 0.0233523 -0.0466606 -0.0151744 -0.032615 0.0126069 0.0211017 0.190473 0.0122334 0.0696401 0.457606 0.126111 0.101511 0.114517
internal_weight=1.36346e+06 407762 332258 103643 228615 94209.4 955702 20916.2 75504.2 73031 47904.9 58396.5 32515.8 4817.51 43087.4 9433.52 19161 40874.2 207698 25126.1 47785.3 25880.7 22317.7 283.595 29801.5 1115.07 102.101 638250 8926.03 317452
internal_count=4182491 3833683 3431274 746920 2684354 725284 348808 212860 402409 397268 282295 460261 303807 15341 266954 21636 209575 251307 2471494 114973 367233 156454 138547 2314 188231 1933 470 218577 17277 130231
cat_boundaries=0 1 2 3 4 5 6 7 8 9 10 11 12 13 14 15 16 17 18
cat_threshold=2 643 4 24 8 20 129 336 1 112 16 32 100 80 178 8 16 300
is_linear=0
shrinkage=0.08


Tree=11
num_leaves=31
num_cat=19
split_feature=47 47 1 46 44 38 3 44 38 38 37 37 36 2 3 45 37 5 2 38 38 3 46 25 36 31 12 6 37 37
split_gain=826961 19330.5 14181.9 11607.3 6693.23 6442.37 6321.13 5922.21 6738.65 4159.6 3829.12 2933.23 2841.39 2222.96 2053.77 2004.7 1839.72 1694.76 1669.24 1641.63 1588.76 1555.2 4067.45 1552.22 1530.22 1455.95 1466.07 1444.92 1434.25 1417.79
threshold=0 1 1.0000000180025095e-35 2 3 4 25.809999465942386 5 6 7 8 9 10 inf 1.0000000180025095e-35 11 12 3.5000000000000004 2.5000000000000004 13 14 1.0000000180025095e-35 15 2.5000000000000004 16 1.0000000180025095e-35 1.0000000180025095e-35 20.050000190734867 17 18
decision_type=1 1 2 1 9 1 8 9 1 1 1 1 9 8 10 9 1 2 8 1 1 10 1 10 9 8 2 2 1 1
left_child=13 3 7 4 6 29 -2 8 10 -4 17 23 -7 21 -13 -9 -17 -3 -11 25 28 22 -1 -10 -23 -8 -27 -12 -16 -6
right_child=1 2 9 -5 5 12 19 15 11 18 27 14 -14 -15 20 16 -18 -19 -20 -21 -22 24 -24 -25 -26 26 -28 -29 -30 -31
leaf_value=0.12045573217860621 -0.04959775135194977 -0.012448811128727328 0.11351164293105498 0.058941268420095644 -0.048363963692250621 -0.012923438566860495 -0.0035728762732883642 0.077061026391273824 -0.0064526413179962928 0.042158549257035043 0.036730599380792643 0.24116672656517207 -0.043321839248801466 0.10266074033693584 0.0015694797348707391 -0.0694588742615425 0.029985642556259302 0.065579031968714951 -0.10229181518358486 0.073019082161894511 -0.054794029488458115 0.11837673759494312 -0.0057851313995701641 0.24801870504713763 0.11079054668875001 0.013778593378385801 0.12751511563888004 0.10083689772068713 -0.037371647360615032 -0.066512783824953667
leaf_weight=5024.8063249886036 9555.520064547658 15332.224067084491 7698.7242579031736 8048.0352673567832 109142.03824295476 49642.798750136048 7234.2334820386022 5390.3131931722164 26130.532535493374 8516.4022908881307 6495.3225922770798 168.50088809430599 32626.939190126956 90948.83373169601 8367.8480597306043 1361.0089611150324 9072.3312665205449 2015.7248699776828 544.73938418366015 4672.0322287436575 22288.030588239431 593179.85716144741 2420.1740210950375 154.31688246876001 247938.07189832628 1673.2193618901074 1280.344886098057 3442.9720762260258 21927.821355007589 37143.856403157115
leaf_count=1332 56455 75931 10127 29670 1657065 431270 67370 14898 205167 29567 26459 83 188857 19616 61603 12058 33965 7981 2472 15127 251238 236208 4539 735 88261 7750 7303 15262 142352 481750
internal_value=0.0735352 -0.0228106 0.00129932 -0.0356412 -0.0386503 -0.0429034 0.00116387 -0.00816935 -0.014965 0.0703076 0.0193095 -0.0267967 -0.0249828 0.114547 -0.0376759 0.0374923 0.0169592 -0.00338051 0.0334376 0.0338058 -0.0385766 0.115821 0.079418 -0.00495677 0.116143 0.0157358 0.0630824 0.05888 -0.0266189 -0.0529764
internal_weight=1.33944e+06 399926 138907 261019 252971 228556 24415.4 122147 106323 16759.9 27286.2 79037.1 82269.7 939512 52752.2 15823.7 10433.3 17347.9 9061.14 14859.8 52583.7 848563 7444.98 26284.8 841118 10187.8 2953.56 9938.29 30295.7 146286
internal_count=4182471 3832515 889898 2942617 2912947 2758942 154005 847732 786811 42166 125633 661178 620127 349956 455276 60921 46023 83912 32039 97550 455193 330340 5871 205902 324469 82423 15053 41721 203955 2138815
cat_boundaries=0 1 2 3 4 5 6 7 8 9 10 11 12 13 14 15 16 17 18 19
cat_threshold=2 4 1 1 300 2 643 602 4 106 128 8 80 296 336 1 128 1 105
is_linear=0
shrinkage=0.08


Tree=12
num_leaves=31
num_cat=21
split_feature=47 44 47 35 45 37 37 32 42 47 37 41 3 34 35 43 43 3 34 24 22 41 32 21 37 37 3 41 34 31
split_gain=721467 17339.6 12380.3 12737.3 9114.4 3251.93 3119.71 3103.71 2869.01 2691.91 2588.96 3146 2545.16 2725.71 2333.85 1782.28 1734.75 1702.3 1641.23 1619.09 1596.62 1556.62 1353.04 1335.09 1307.91 1264.19 1262.14 1221.15 1773.57 1198.82
threshold=0 1 2 3 4 5 6 -16.980000495910641 7 8 9 10 476.33499145507818 11 12 13 14 541.04000854492199 15 -1.0000000180025095e-35 7.5000000000000009 16 -7.9249999523162833 3.5000000000000004 17 18 inf 19 20 1.0000000180025095e-35
decision_type=1 9 1 1 9 1 1 10 9 1 1 9 10 1 1 9 9 8 1 2 2 9 8 2 1 1 8 9 1 10
left_child=7 4 5 10 12 20 -5 -1 16 21 17 18 13 -2 -11 -8 -7 22 -12 -20 -3 -6 -4 -18 -14 -24 27 28 -10 -15
right_child=1 2 3 6 9 8 15 -9 26 14 11 -13 24 29 -16 -17 23 -19 19 -21 -22 -23 25 -25 -26 -27 -28 -29 -30 -31
leaf_value=0.10122621430721759 0.00114133918748692 -0.068937961343741916 0.081969246751102148 -0.069849688727539508 0.034085333638668822 -0.044662027728305728 -0.00075282773374697829 0.1111570865234927 0.11492491707538446 0.0027778198478045691 -0.0064317133542677683 0.017083554786594572 0.2020872041792989 0.057825698955520491 0.099152187830527205 0.064354195041018386 -0.011098344159609459 0.16001363758979595 -0.045597600272113938 0.17363250080315773 0.90318618796740557 -0.042178396279166364 -0.032399011129500929 0.85780490847411028 0.088579115155290114 -0.078280088997936079 0.15824570390774315 -0.042586911046502432 -0.027311306183616404 0.1156728936043509
leaf_weight=297824.87809658051 5026.1378642115742 21687.438236907125 621.16812947764993 1365.8788636196405 1985.689737604931 13007.986880451441 3173.0018332768232 622180.37474176288 750.67845267057419 7589.2487402465194 17549.270887719467 20173.390142887831 1083.5777636691928 10792.106730179861 2031.7002925928682 18001.673424270004 38206.789734499529 287.57075130194426 14904.608805317432 218.76491371914744 10.818169919773934 12249.174093414098 39063.003096256405 11.320752073079346 1766.2405020669103 4268.7455950509757 202.53277074545622 149584.92922801524 2129.4415756203234 2911.3463244438171
leaf_count=129104 27824 347426 2531 22118 18793 245383 40273 221217 1671 31598 140877 112577 6168 30960 3847 61691 381046 395 150170 805 85 81004 236376 104 16737 63246 310 1796200 10157 2752
internal_value=0.0692651 -0.021821 -0.0279355 -0.00713109 0.0246375 -0.0389677 0.0470332 0.107942 -0.0358281 -0.00944867 -0.0197092 -0.00775241 0.0622948 0.0516067 0.0232356 0.0546022 -0.0194342 -0.0339869 -0.0230877 -0.0423983 -0.0684218 -0.0315457 -0.0352639 -0.0108381 0.132758 -0.0369444 -0.0413273 -0.0415951 0.0100307 0.0700644
internal_weight=1.31066e+06 390654 345219 119627 45435.2 225592 22540.6 920005 203894 23855.8 97086.5 52846 21579.4 18729.6 9620.95 21174.7 51226.1 44240.5 32672.6 15123.4 21698.3 14234.9 43952.9 38218.1 2849.82 43331.7 152668 152465 2880.12 13703.5
internal_count=4183445 3833124 3613441 831059 219683 2782382 124082 350321 2434871 135242 706977 404429 84441 61536 35445 101964 626533 302548 291852 150975 347511 99797 302153 381150 22905 299622 1808338 1808028 11828 33712
cat_boundaries=0 1 2 3 4 5 6 7 8 9 10 11 12 13 14 15 16 17 18 19 20 21
cat_threshold=2 1 4 32 14 18 16 17 4 20 38 96 32 35 35 22 5 104 4 16 48
is_linear=0
shrinkage=0.08


Tree=13
num_leaves=31
num_cat=21
split_feature=38 34 38 41 32 4 44 35 38 37 46 35 38 34 27 27 42 32 38 34 40 37 20 31 32 42 38 40 38 32
split_gain=13503.4 3751.31 2131.59 2098.04 1661.14 1641.74 1538.09 1519.98 1358.71 1297.3 1185.99 1279.27 2048.01 1179.59 929.308 887.908 867.634 772.297 757.825 813.991 685.213 674.565 671.767 636.769 609.257 607.464 664.912 914.051 1537.14 606.653
threshold=0 1 2 3 -10.114999771118162 1.0000000180025095e-35 4 5 6 7 8 9 10 11 2.5000000000000004 1.0000000180025095e-35 12 -16.980000495910641 13 14 15 16 22.500000000000004 1.0000000180025095e-35 -10.114999771118162 17 18 19 20 -4.8949999809265128
decision_type=1 1 1 9 8 8 9 1 1 1 1 1 1 1 8 8 9 8 1 1 1 1 2 10 8 9 1 1 1 8
left_child=1 2 24 18 -3 7 22 13 -7 -6 11 -11 -13 14 -5 -8 -14 -17 -2 -20 -12 -19 -4 29 -1 -10 -27 28 -28 -15
right_child=3 4 6 5 9 8 15 -9 25 10 20 12 16 23 -16 17 -18 21 19 -21 -22 -23 -24 -25 -26 26 27 -29 -30 -31
leaf_value=0.094094530474350402 0.074718759132225185 0.085157109355250504 0.058773481168374574 0.40600614002730406 0.049295150695483458 0.070235100443401935 0.28415539182268101 0.076759236385158955 0.08746049635084896 0.064305129697618896 -0.0054991284451062798 0.062975252347872976 0.030240259276433996 0.088281295088550704 0.072439982703383587 0.079861689579653852 0.051557675780283072 0.044392403381081531 0.10266702853471348 0.083162392102658189 0.091624286300055355 0.029330485837519571 0.40784160159026528 0.098760706864878769 0.05669642103792092 0.087990628285897349 0.067917081168522603 0.076431435652248844 -0.0084803765805227891 0.055620531480688844
leaf_weight=2894.9864406622946 29486.733787326142 17939.853090662509 22758.210407577455 53.511588960886002 59764.422408191487 137386.14574940503 92.176015330478549 70020.227417655289 62190.714673189446 272259.58620125242 493.38916095346212 72641.728832054883 22615.607924928889 3776.863110922277 49180.494167329744 2466.6894413139671 26924.405267618597 28969.809043610469 22830.68441314064 37010.073885219172 10852.367140952498 56315.537076557055 35.338850935921073 2368.0334541685879 75386.357770433649 25691.596201138571 6663.5998496636748 54684.113247772679 2259.5848663784564 100235.05332080647
leaf_count=5369 59500 34764 67169 58 192690 281139 208 146637 90988 932159 992 312738 263443 4291 97564 8565 207933 215113 8903 42291 16240 501973 35 2147 307929 32759 9315 87252 5281 246338
internal_value=0.0653316 0.0575288 0.0479559 0.0740185 0.0612682 0.0720443 0.0407936 0.0669325 0.0760396 0.060349 0.0619742 0.0612422 0.0544074 0.0625018 0.0727877 0.0359924 0.0418341 0.0357317 0.0853799 0.0906198 0.0874766 0.0344554 0.0593147 0.057735 0.0580721 0.0812937 0.0769896 0.072533 0.0485834 0.0568065
internal_weight=1.27625e+06 672410 188919 603837 483491 514510 110638 225634 288876 465552 405787 394441 122182 155614 49234 87844.2 49540 87752 89327.5 59840.8 11345.8 85285.3 22793.5 106380 78281.3 151490 89298.9 63607.3 8923.18 104012
internal_count=4181783 3067320 1106361 1114463 1960959 1003769 793063 497035 506734 1926195 1733505 1716273 784114 350398 97622 725859 471376 725651 110694 51194 17232 717086 67204 252776 313298 225595 134607 101848 14596 250629
cat_boundaries=0 1 2 3 4 5 6 7 8 9 10 11 12 13 14 15 16 17 18 19 20 21
cat_threshold=300 48 264 20 1 32 80 4 1 48 260 77 8 80 112 1 98 25 512 1 2
is_linear=0
shrinkage=0.08


Tree=14
num_leaves=31
num_cat=16
split_feature=38 38 34 3 4 38 43 27 3 45 43 3 42 34 4 44 3 36 13 1 13 13 12 33 45 13 45 46 46 44
split_gain=12914.6 3862.96 3147.48 1828.23 1764.06 1750.68 1475.06 1390.18 1248.46 1205.43 1072.15 873.583 833.158 830.978 727.696 745.375 929.757 724.129 698.908 694.374 711.846 690.267 869.911 637.394 620.739 604.189 581.982 1013.57 727.28 541.538
threshold=0 1 2 570.76501464843761 1.5000000000000002 3 4 1.0000000180025095e-35 1.0000000180025095e-35 5 6 291.83499145507818 7 8 1.5000000000000002 9 337.09500122070318 10 2232.849731445313 1.0000000180025095e-35 37.950002670288093 290.77499389648443 861.07501220703136 1.0000000180025095e-35 11 659.67498779296886 12 13 14 15
decision_type=1 1 1 10 8 1 9 8 10 9 9 8 9 1 10 9 10 9 2 2 2 2 2 2 9 2 9 1 1 9
left_child=2 4 3 8 11 7 -6 -4 -1 23 -7 13 -9 -2 15 16 -14 26 29 20 -5 22 -10 -3 -17 -25 27 -11 -28 -12
right_child=1 9 5 19 6 10 -8 12 21 17 18 -13 14 -15 -16 24 -18 -19 -20 -21 -22 -23 -24 25 -26 -27 28 -29 -30 -31
leaf_value=0.094977831797146584 0.078640818401363874 0.075508276672640623 0.37272966506151323 0.050381890616627012 0.093195255243211469 0.018573995085052541 0.074968757654989504 0.06269581510486559 0.059493938308651184 0.063750941256967703 0.053593091830182592 0.076467405025465673 0.054553084985927633 0.058155156084389627 0.0666310311835554 0.050923653322345955 0.11675262542547293 0.055837519539382638 0.012262331041799926 0.085939027353955727 0.0047542532343009614 0.047764484652833165 0.080301152067382059 0.11651955337968424 0.038342122875290728 0.38448064013726274 0.057253467828033318 0.092322216634663085 -0.0087763366280827603 0.038640141233916576
leaf_weight=6685.7658748179674 15613.944335335866 36544.405857272446 85.257433220744133 3317.5828237943351 35323.479385009035 17372.014741741121 155358.40872256272 26376.698629394174 93875.092438384891 297150.60490940697 19657.10804791376 36858.026111094281 17042.702632410452 72515.265229122713 11257.226808814332 39668.992776790634 1690.6430811677128 120913.67116351053 5425.3469420988113 1152.9536655452102 6428.8738262318075 25690.892747942358 14900.780824610963 162.0127236712724 70030.835066048428 80.666378090158105 65428.747587988153 8164.8482497297227 1085.2910463213921 73311.161463206634
leaf_count=1577 23228 70503 181 39782 27455 183048 223339 113487 290008 893577 55518 64963 36035 151980 47869 202165 4151 247339 61893 7003 121741 124279 32474 480 371035 240 176800 8689 2415 599010
internal_value=0.0607319 0.0664934 0.0495081 0.0587948 0.0735098 0.0444973 0.078354 0.0497671 0.0612363 0.0623093 0.0369302 0.0661254 0.0496043 0.0618001 0.0471245 0.0454184 0.0601665 0.0612599 0.0401689 0.0272303 0.0202854 0.0595587 0.0623442 0.0763457 0.0428999 0.20559 0.0630216 0.0645129 0.0561676 0.0418018
internal_weight=1.27917e+06 845199 433970 152052 315669 281918 190682 166152 141153 529530 115766 124987 166067 88129.2 139690 128433 18733.3 492743 98393.6 10899.4 9746.46 134467 108776 36787.1 109700 242.679 371829 305315 66514 92968.3
internal_count=4182264 1891008 2291256 616864 490965 1674392 250794 774923 448338 1400043 899469 240171 774742 175208 661255 613386 40186 1328820 716421 168526 161523 446761 322482 71223 573200 720 1081481 902266 179215 654528
cat_boundaries=0 1 2 3 4 5 6 7 8 9 10 11 12 13 14 15 16
cat_threshold=44 643 67 12 5 8 32 3 100 1 162 4 5 1 1 1
is_linear=0
shrinkage=0.08


Tree=15
num_leaves=31
num_cat=16
split_feature=2 31 43 19 45 32 4 4 45 33 35 12 27 37 4 43 43 2 45 46 43 46 32 37 42 45 4 27 42 37
split_gain=4995.37 3417.98 3285.38 1585.52 1450.05 1410.66 1215.08 1104.48 1027.53 849.251 809.371 1080.15 765.501 738.494 692.74 679.092 609.324 609.31 551.801 1470.39 1053 887.922 771.6 662.629 608.615 594.597 482.426 521.224 441.216 438.532
threshold=inf 1.0000000180025095e-35 0 1023.5499877929689 1 -1.8250000476837156 43.500000000000007 1.5000000000000002 2 1.0000000180025095e-35 3 5215.2753906250009 1.0000000180025095e-35 4 1.5000000000000002 5 6 1.0000000180025095e-35 7 8 9 10 -10.114999771118162 11 12 13 1.0000000180025095e-35 1.0000000180025095e-35 14 15
decision_type=8 10 9 2 9 10 8 10 9 2 1 2 8 1 10 9 9 10 9 1 9 1 8 1 9 9 10 8 9 1
left_child=1 2 3 10 28 9 -7 13 12 16 11 -1 -5 -4 -14 -8 -2 -9 19 20 -15 22 -20 -22 -24 -23 27 -12 -3 -19
right_child=5 4 7 8 -6 6 15 17 -10 -11 26 -13 14 18 -16 -17 -18 29 21 -21 23 25 24 -25 -26 -27 -28 -29 -30 -31
leaf_value=0.048925167459367147 0.032351150022206204 0.058364827101387524 0.058541243747268032 0.32155776327964908 0.087644041210631657 0.025221034143857912 0.099306868745561216 0.065937369372596408 0.010304994276561322 -0.070358262105200325 0.45928158289157395 0.07217800125309741 0.034852211426285494 0.037671422842359858 0.082535020234190098 0.057362995332120241 0.081315768608109518 0.047519034053664332 0.079475628368765538 -0.038730273604679247 0.060852762659524141 0.05079226673175441 0.048620822697913554 0.044704329487217878 0.055209789645028449 0.086619504977486578 0.066154959103667435 0.036320850910416043 -0.064912481911366865 0.063834818905430316
leaf_weight=137641.48880716972 1714.1475908458233 276.72034717537463 222396.17809508555 61.108333280310035 23329.610938446596 6039.4082652330399 3441.5882712379098 95426.281545303762 11180.637546278536 240.9980360865593 18.655003927648067 14094.609741806984 28395.526695234701 35820.332497164607 2093.7445697337389 9382.7430775761604 65636.960324272513 25059.714349564165 7289.577664129436 1241.0242676958442 42622.041363310069 4628.2307521887124 130192.26651711762 26885.222994878888 302503.58566886373 8905.2476068586111 3828.8200890887529 42484.952977774665 523.14132850989699 18860.800005845726
leaf_count=570968 2039 919 685233 140 34696 13807 1396 226358 125406 763 135 31966 236663 140571 7114 10574 29889 53785 18728 3425 90581 5671 412001 72019 913545 9679 18208 416615 2089 48962
internal_value=0.0555866 0.054233 0.0536139 0.0452602 0.0840344 0.0741516 0.0548079 0.0557859 0.0310901 0.07955 0.048248 0.0510817 0.0386809 0.054618 0.0381267 0.0687414 0.0800865 0.0623485 0.0530582 0.0478363 0.0488608 0.0542841 0.0536645 0.0546139 0.0532297 0.0744687 0.0389482 0.0365065 -0.0220694 0.0545509
internal_weight=1.27222e+06 1.18576e+06 1.16163e+06 239800 24129.5 86455.8 18863.7 921831 41731 67592.1 198069 151736 30550.4 782484 30489.3 12824.3 67351.1 139347 560088 106569 105328 453519 439985 69507.3 432696 13533.5 46332.4 42503.6 799.862 43920.5
internal_count=4183945 4125477 4087773 1407215 37704 58468 25777 2680558 369323 32691 1037892 602934 243917 2351453 243777 11970 31928 329105 1666220 306596 303171 1359624 1344274 162600 1325546 15350 434958 416750 3008 102747
cat_boundaries=0 1 2 3 4 5 6 7 8 9 10 11 12 13 14 15 16
cat_threshold=33 32 5 48 96 4 2 34 1 12 1 7 32 8 9 12
is_linear=0
shrinkage=0.08


Tree=16
num_leaves=31
num_cat=13
split_feature=47 47 35 45 31 32 32 31 31 3 3 32 43 42 33 33 43 25 26 33 2 2 34 35 20 34 45 43 42 26
split_gain=695842 12474.4 13634.5 4770.86 2716.42 2552.45 2187.38 1995.54 1945.38 1889.03 1695.54 1573.62 1501.85 1401.89 1417.35 1396.45 1438.79 1790.66 1136.56 1032.51 1018.23 1016.63 987.762 919.917 981.434 917.134 908.176 888.428 1061.81 1064.77
threshold=0 1 2 3 1.0000000180025095e-35 inf -7.9249999523162833 1.0000000180025095e-35 1.0000000180025095e-35 515.66497802734386 inf -77.97499847412108 4 5 1.0000000180025095e-35 1.0000000180025095e-35 6 9.2500000000000018 9.2500000000000018 1.0000000180025095e-35 1.0000000180025095e-35 1.5000000000000002 7 8 1.0000000180025095e-35 9 10 11 12 9.7500000000000018
decision_type=1 1 1 9 10 8 10 10 8 8 8 10 9 9 2 2 9 10 8 2 8 8 1 1 2 1 9 9 9 10
left_child=5 3 4 8 6 -1 9 10 15 11 13 26 18 22 -15 -2 17 -17 -4 27 -16 23 -5 -14 -25 -21 -3 -8 29 -29
right_child=1 2 12 7 -6 -7 19 -9 -10 -11 -12 -13 21 14 20 16 -18 -19 -20 25 -22 -23 -24 24 -26 -27 -28 28 -30 -31
leaf_value=0.096198049392957966 -0.025019704895989273 0.023857421941234924 0.31966967962114068 -0.055231201718478271 0.057269905121666458 0.086455751788292706 -0.050855395736661944 0.011859776416477424 0.028277897076187879 0.10899754745833251 0.11379419086287229 0.072978343557189379 0.071309922843080187 -0.050533233706392691 0.046347695791861848 0.24191802389043535 -0.018886066166890786 1.0992373855132445 -0.0076284927325073418 0.14732500365230811 -0.1045767712816042 -0.0022953778691172455 -0.030487390856888341 0.044372683785989971 -0.034282503067278612 -0.019612025540132132 -0.020595139578319693 -0.016977822687192282 -0.037358204018704481 0.26387430105206017
leaf_weight=597457.14055788517 17650.418624922633 3262.8161360342056 68.863115753978491 13220.300992961973 2520.9829868804663 241757.7837375626 16938.669477541 3856.4827763810754 6734.1343552060425 836.90183793753386 423.56624067574739 1319.4705967586488 8682.7314414232969 186180.95563098602 1561.6848250366747 113.98383770138025 160.19911376014352 18.063088370487094 4867.7249869052321 367.0229481253773 350.25647620297968 2524.2127015013248 47896.471564108506 10712.691693037748 1121.5772169232368 478.01395747996867 29297.731633145362 21851.806708358228 44903.924575679004 86.735998600721359
leaf_count=229484 182122 14418 405 207356 5810 119815 159932 22218 37904 954 513 5104 13852 1991184 21568 894 1964 89 59542 2279 3966 8162 474837 41093 8833 4345 172267 133781 258686 112
internal_value=0.0510557 -0.0319541 -0.0133456 -0.041978 -0.0249076 0.0933915 -0.0266456 -0.0452462 -0.00838364 -0.00973597 -0.0461302 -0.0126689 0.0370113 -0.0464021 -0.0498268 -0.0221479 0.151297 0.333906 -0.00305664 -0.0335826 0.0186992 0.0455935 -0.0358479 0.0515075 0.0368871 0.0544047 -0.0161397 -0.0344701 -0.0303057 -0.0158602
internal_weight=1.26722e+06 428008 149842 278167 121864 839215 119343 253490 24676.8 34716.9 249633 33880 27977.8 249210 188093 17942.7 292.246 132.047 4936.59 84626.2 1911.94 23041.2 61116.8 20517 11834.3 845.037 32560.5 83781.1 66842.5 21938.5
internal_count=4183489 3834190 889575 2944615 757688 349299 751878 2721642 222973 192743 2699424 191789 131887 2698911 2016718 185069 2947 983 59947 559135 25534 71940 682193 63778 49926 6624 186685 552511 392579 133893
cat_boundaries=0 1 2 3 4 5 6 7 8 9 10 11 12 13
cat_threshold=2 4 32 8 35 17 40 96 8 34 8 35 24
is_linear=0
shrinkage=0.08


Tree=17
num_leaves=31
num_cat=10
split_feature=38 2 38 41 32 32 43 13 31 37 1 4 17 3 3 44 38 4 6 27 13 7 46 1 37 32 2 41 3 2
split_gain=11349.4 4017.19 3858.16 2588.47 2113.49 1797.23 1683.63 1515.56 1003.27 962.655 869.869 709.241 672.122 668.539 639.704 1618.78 1046.05 735.26 666.851 618.321 562.896 663.681 663.429 608.497 537.62 530.575 527.394 525.314 514.651 485.683
threshold=0 inf 1 2 -10.114999771118162 -3.3249999284744258 3 1376.5100097656252 1.0000000180025095e-35 4 1.0000000180025095e-35 5.5000000000000009 80.500000000000014 303.05499267578131 529.28500366210949 5 6 inf 800.15014648437511 1.0000000180025095e-35 90.82498931884767 68.014953613281264 7 1.0000000180025095e-35 8 -2.945000052452087 inf 9 728.21499633789074 1.0000000180025095e-35
decision_type=1 8 1 9 8 10 9 2 10 1 2 8 2 10 10 9 1 8 2 8 2 2 1 2 1 8 8 9 10 8
left_child=1 7 3 10 -4 13 -5 12 9 -6 11 25 14 -3 18 20 -17 28 24 -20 21 -16 -22 -23 -1 -2 -8 -26 -18 -11
right_child=2 5 4 6 8 -7 26 -9 -10 29 -12 -13 -14 -15 15 16 17 -19 19 -21 22 23 -24 -25 27 -27 -28 -29 -30 -31
leaf_value=0.026833208987865575 0.070606631100620196 0.087973171095664049 0.078180811561337091 0.083273607836099259 0.04352760219403385 0.0067361510088773729 0.066332906274152545 0.019065926285182049 0.076375847294220992 0.049759961077815953 0.065368250734919781 0.061466905772079576 0.085624596767833655 0.043242635204696234 0.10504734179345755 0.042484730721166881 0.018879642543815096 -0.19330364660018659 0.39770930750449829 0.049935133486143521 0.027950468905809656 0.50891819002645855 0.1560505757872109 -0.10230810655930311 0.059201802048236302 0.046093552348985573 0.049559771149304412 0.038058473838950169 -0.015947095232836814 0.05788512579662549
leaf_weight=27249.412784943357 6060.7268197815865 15278.101482816041 16615.603161057457 41287.77312194556 157284.4377577845 2312.5133821591735 80623.086481604725 29852.641775250435 8527.3687452711165 271358.96914920956 37467.867360725999 33007.30464027077 1871.1879487112164 2486.4762554690242 1534.3476232998073 11810.572113087401 21063.867222072557 109.58198591507971 32.756163019686937 28795.481984786689 1495.1543006673455 47.426180861890316 312.89575335755944 13.360584709793327 7798.690894536674 83606.005159838125 14094.804203905165 267797.52448902652 3117.5270992498845 56967.954398704693
leaf_count=103088 10459 4292 23303 36155 362379 7316 125740 278044 11454 853749 65689 53499 4176 3206 8351 91441 323656 738 48 124633 14134 343 510 114 27342 185371 14460 1244111 55912 148886
internal_value=0.0487687 0.0381502 0.0543338 0.0616064 0.0501158 0.0730764 0.0697384 0.0364107 0.0491731 0.0486954 0.0546961 0.0514411 0.0377987 0.0817123 0.0375576 0.0279344 0.0229623 0.0134472 0.0387038 0.0503303 0.0806792 0.115318 0.0501191 0.374574 0.037597 0.0477504 0.0638302 0.0386589 0.0143897 0.0511682
internal_weight=1.22988e+06 422980 806902 296148 510754 20077.1 136006 402902 494139 485611 160142 122674 373050 17764.6 371179 39504.7 36101.5 24291 331674 28828.2 3403.18 1595.13 1808.05 60.7868 302846 89666.7 94717.9 275596 24181.4 328327
internal_count=4182599 2291455 1891144 491373 1399771 14814 176355 2276641 1376468 1365014 315018 249329 1998597 7498 1994421 495199 471747 380306 1499222 124681 23452 8808 14644 457 1374541 195830 140200 1271453 379568 1002635
cat_boundaries=0 1 2 3 4 5 6 7 8 9 10
cat_threshold=44 643 35 13 4 1 12 1 4 1
is_linear=0
shrinkage=0.08


Tree=18
num_leaves=31
num_cat=15
split_feature=47 38 47 39 45 31 32 41 42 3 31 38 3 1 24 38 42 4 1 47 38 3 45 4 32 32 32 38 34 11
split_gain=622438 9256.17 4638.38 7540.21 3441.77 3000.19 2622.1 2501.62 1817.46 1809.29 1966.59 1730.2 1603.53 1362.99 1325.75 1241.22 1266.03 1212.18 1165.74 1150.57 1489.47 1461.1 1392.65 1116.42 1246.5 1082.98 1003.23 894.885 838.699 819.497
threshold=0 1 2 3 4 1.0000000180025095e-35 inf 5 6 25.809999465942386 1.0000000180025095e-35 7 150.98500061035159 1.5000000000000002 -1.0000000180025095e-35 8 9 11.500000000000002 3.5000000000000004 10 11 51.764999389648445 12 4.5000000000000009 -10.114999771118162 -0.50499999523162831 -1.424999952316284 13 14 8.5000000000000018
decision_type=1 1 1 9 9 10 8 9 9 10 10 1 10 2 2 1 9 8 2 1 1 8 9 10 10 10 10 1 1 2
left_child=6 5 4 13 11 7 -1 8 12 25 14 -3 -2 -4 15 16 -11 -14 19 20 22 29 -9 24 -13 -5 27 -6 -23 -21
right_child=1 2 3 9 26 -7 -8 18 -10 10 -12 23 17 -15 -16 -17 -18 -19 -20 21 -22 28 -24 -25 -26 -27 -28 -29 -30 -31
leaf_value=0.089952760016713734 0.066580486013886303 -0.042673184722176252 0.0011477480829227794 0.046888039400004619 -0.036875049040132904 0.059204779320954554 0.079787817657953161 0.041867767494630143 -0.03580980302513271 -0.010436151090497931 0.052130326033488314 0.036257279882695517 -0.022659804546190467 0.08326040087966223 0.093322304833545255 -0.046218118178734877 -0.039521503599241031 0.020635440518303984 0.084586221900833924 -0.018909740907773052 -0.025001119207339721 0.050988607371606424 -0.099235631227456711 0.088893855101269792 -0.020770835202457073 -0.016194181704361231 -0.05501345458284871 -0.05326806360206874 0.0087368684214270027 0.11179973389100609
leaf_weight=567756.73137800395 1671.785543076694 8855.2833077944815 1821.0950976014137 2712.5738740749657 53680.775040378794 3540.2760379351676 227487.14553458989 4011.7372122108936 41197.560643706471 17366.235862845555 1647.3641295339912 3550.5888113006949 21219.827619653195 4467.761191226542 503.13509276881814 43501.05224186182 21414.624645683914 5141.5374895557761 998.58402560278773 8390.6867845654488 18713.235315486789 5737.0776527300477 494.59963236376643 910.38572344742715 7934.9507450014353 4866.6514427401125 103150.11297832429 35718.115687096491 6336.9338359199464 318.63993951678276
leaf_count=229521 6267 127254 5177 7126 518927 7213 119721 14897 228713 103858 4597 18815 131410 6077 2409 408886 126160 27125 3107 32074 110661 15381 2959 4132 57578 19888 1223621 595563 22371 808
internal_value=0.0451204 -0.0324381 -0.0396491 -0.0252673 -0.0462634 -0.0133241 0.087045 -0.0155731 -0.0251162 -0.0310598 -0.0344209 -0.0156841 -0.00939377 0.0594826 -0.0361432 -0.0369349 -0.026503 -0.0142155 -0.000886052 -0.00282593 -0.0150647 0.0108474 0.0261953 0.00361495 -0.00314142 0.00638269 -0.049635 -0.0434347 0.0288626 -0.0141276
internal_weight=1.22512e+06 429873 312101 98300.5 213800 117772 795244 114232 69230.7 92011.6 84432.4 21251.2 28033.2 6288.86 82785 82281.9 38780.9 26361.4 45001.5 44002.9 23219.6 20783.3 4506.34 12395.9 11485.5 7579.23 192549 89398.9 12074 8709.33
internal_count=4182296 3833054 3230068 684178 2545890 602986 349242 595773 393515 672924 645910 207779 164802 11254 641313 638904 230018 158535 202258 199151 128517 70634 17856 80525 76393 27014 2338111 1114490 37752 32882
cat_boundaries=0 1 2 3 4 5 6 7 8 9 10 11 12 13 14 15
cat_threshold=2 659 4 1 8 35 25 32 320 24 4 129 13 324 53
is_linear=0
shrinkage=0.08


Tree=19
num_leaves=31
num_cat=18
split_feature=38 2 34 41 32 34 32 31 12 38 44 17 40 2 38 44 17 27 36 45 38 41 45 33 46 44 36 4 46 33
split_gain=8637.17 4078.97 2484.08 2276.75 2272.77 1389.13 1284.23 1115.79 1084.36 1077.44 1008.75 1353.41 1040.77 952.415 879.222 928.263 943.315 844.26 743.39 796.04 2320.33 673.818 669.485 619.096 606.35 1151.38 581.498 579.616 579.366 564.235
threshold=0 inf 1 2 -1.924999952316284 3 -10.114999771118162 1.0000000180025095e-35 630.98999023437511 4 5 1.0000000180025095e-35 6 1.0000000180025095e-35 7 8 72.500000000000014 1.0000000180025095e-35 9 10 11 12 13 1.0000000180025095e-35 14 15 16 1.0000000180025095e-35 17 1.0000000180025095e-35
decision_type=1 8 1 9 10 1 8 10 2 1 9 2 1 8 1 9 2 8 9 9 1 9 9 2 1 9 9 8 1 2
left_child=1 2 14 5 -3 -2 -5 8 9 13 11 -4 -13 27 -1 16 -16 -17 -11 20 -20 -19 -9 -24 26 -26 -12 -8 -22 -10
right_child=3 4 10 6 -6 -7 7 22 29 18 24 12 -14 -15 15 17 -18 21 19 -21 28 -23 23 -25 25 -27 -28 -29 -30 -31
leaf_value=0.036050197234052818 0.085534306460135351 0.076879039933093182 0.038431785380516399 0.07214515603703206 -0.0011619726291558748 0.053564892269757927 0.049282002450221407 -0.054981258298421778 0.055264125664342391 0.036976352782598289 0.037834756067484883 0.071800906035160206 -0.0057486098658354251 0.041478162620638949 0.036891477273311088 0.24655145840933471 0.40839256255567935 0.0076634179101422034 -0.05330788088944987 0.048049077108454998 0.041059298866552442 0.023446032263336455 0.072781297456243205 0.19875460974725795 0.079734324698886805 -0.018458475441411812 0.027439075330091219 0.06522955575760421 -0.037937544822354521 0.12040593942493789
leaf_weight=51132.806031685323 18014.396181181073 22011.691669665277 26857.645176399499 14750.392044747248 2678.9762058407068 17164.04625967145 23515.694392096251 253.64754414558411 81988.720525614917 80011.781573880464 348169.65622566827 16914.617793433368 1192.1003268845379 28390.732088387012 24396.974516725168 105.32057227194309 43.822396894916892 22312.398854855448 1792.3344056066126 193575.57847804017 36042.830229084939 77769.856595810503 11089.086800649762 255.42943307384849 4615.7907723411918 915.90636283904314 38515.486238755286 38410.26104137674 604.133082292974 859.90770022012293
leaf_count=202046 8776 11061 53695 17748 8771 20617 48308 919 184136 152081 1709717 55774 3736 48137 77305 253 173 260184 6522 474473 81267 561285 11068 370 7064 5316 111367 54634 1508 5175
internal_value=0.0428594 0.0365305 0.0352469 0.050239 0.0684115 0.0699556 0.0488818 0.048192 0.0476058 0.0458897 0.0384775 0.0498279 0.0667317 0.0536052 0.0272076 0.023577 0.0375576 0.0201688 0.0436533 0.0459541 0.0353945 0.0199306 0.0727141 0.0755511 0.0371772 0.0634761 0.036801 0.0591736 0.0397462 0.0559402
internal_weight=1.18435e+06 637633 612942 546719 24690.7 35178.4 511541 496790 485192 402343 437181 44964.4 18106.7 90316.7 175761 124628 24440.8 100188 312027 232015 38439.3 100082 11598.2 11344.5 392217 5531.7 386685 61926 36647 82848.6
internal_count=4183486 3067747 3047915 1115739 19832 29393 1086346 1068598 1056241 866930 1946669 113205 59510 151079 1101246 899200 77478 821722 715851 563770 89297 821469 12357 11438 1833464 12380 1821084 102942 82775 189311
cat_boundaries=0 1 2 3 4 5 6 7 8 9 10 11 12 13 14 15 16 17 18
cat_threshold=300 48 16 112 513 1 6 256 1 120 32 128 4 32 1 2 131 1
is_linear=0
shrinkage=0.08


Tree=20
num_leaves=31
num_cat=12
split_feature=47 46 47 39 31 37 31 4 37 31 3 45 2 3 3 27 34 3 37 46 3 2 3 33 33 2 4 19 45 34
split_gain=560775 11101.4 7766.35 6427.98 2912.55 2735.75 2316.83 1851.52 1803.88 1628.04 1543.08 1472.68 1470.97 1376.21 1257.38 1235.42 1219.98 1185.15 1153.93 1090.92 2778.13 3203.56 875.488 825.328 817.679 816.038 791.803 790.802 777.425 686.81
threshold=0 1 2 3 1.0000000180025095e-35 4 1.0000000180025095e-35 13.500000000000002 5 inf inf 6 inf 411.33499145507818 1.0000000180025095e-35 5.5000000000000009 7 296.05499267578131 8 9 35.385000228881843 inf 9.4849996566772479 1.0000000180025095e-35 1.0000000180025095e-35 1.0000000180025095e-35 45.500000000000007 5773.6499023437509 10 11
decision_type=1 1 1 9 10 1 10 8 1 8 8 9 8 8 10 8 1 8 1 1 10 8 10 2 2 10 8 2 9 1
left_child=9 2 6 12 5 14 8 13 -2 19 11 -10 -4 16 -5 -13 -7 29 22 -1 21 -21 -16 -17 -3 -19 -27 -24 -6 -9
right_child=1 24 3 4 28 7 -8 17 10 -11 -12 15 -14 -15 18 23 -18 25 -20 20 -22 -23 27 -25 -26 26 -28 -29 -30 -31
leaf_value=0.083803123974789354 -0.062976073217429845 0.034009930087778452 0.042983261611826001 0.12935588206401186 -0.11892635042352892 -0.061787488677356076 0.016119960272888825 -0.03317210579480008 -0.020161281905732742 0.073583268819884279 0.11201208206785497 0.097084663118767289 -0.1235986470591403 0.010088522347219788 0.049120530539722797 -0.045087164794196173 -0.025709778802396617 0.03231275474525875 -0.07029728825502235 -0.060820858725494323 0.081959740385083815 0.068086671238283519 -0.039094076933192598 2.4539579764503949e-05 0.13086248877605983 0.20879677889022272 -0.10720594343372743 0.081518171732568256 0.069593530998984007 8.9197654814030357e-05
leaf_weight=589646.56561218202 30285.163946803659 12894.119315475225 10755.064077407122 277.18282802402973 140.76759293675423 7222.3066895790398 4086.9126448910683 4872.7117412630469 17576.055605264381 139084.40585912764 414.54261864721775 394.92600888945162 350.30608021467924 5684.1870631985366 746.27864951640368 213648.31742237695 35699.012779701501 1955.6987399887294 7676.5317697767168 2138.705390766263 15288.641054786742 2916.2254729494452 47227.685812842101 2627.4621841553599 583.10888047143817 325.9110241830349 60.106790274381638 350.49036907404661 2415.3078818246722 21338.883426498622
leaf_count=258098 403493 37737 18395 174 699 66918 17047 23757 169835 78936 416 3228 1128 59238 2587 2283916 256517 8640 97400 4788 6382 1451 247183 35385 1194 853 390 1127 4488 91803
internal_value=0.039605 -0.0332588 -0.0355731 -0.0207928 -0.0255718 -0.0271922 -0.0436545 -0.0174016 -0.0445765 0.0813938 -0.0421974 -0.0424721 0.0377286 -0.0269021 -0.040605 -0.0442789 -0.0318009 -0.0012351 -0.0414535 0.0831747 0.0649606 0.0135468 -0.0368494 -0.0445391 0.0382004 0.053294 0.159592 -0.0382056 0.0590184 -0.00610667
internal_weight=1.17868e+06 429609 416132 147098 135993 133437 269033 77158.8 264946 749075 234661 234247 11105.4 48605.5 56278.2 216671 42921.3 28553.3 56001 609990 20343.6 5054.93 48324.5 216276 13477.2 2341.72 386.018 47578.2 2556.08 26211.6
internal_count=4183203 3833548 3794617 881297 861774 856587 2913320 508116 2896273 349655 2492780 2492364 19523 382673 348471 2322529 323435 125443 348297 270719 12621 6239 250897 2319301 38931 9883 1243 248310 5187 115560
cat_boundaries=0 1 2 3 4 5 6 7 8 9 10 11 12
cat_threshold=2 1 4 1 20 18 8 64 4 1 32 33
is_linear=0
shrinkage=0.08


Tree=21
num_leaves=31
num_cat=22
split_feature=47 44 38 36 45 46 33 37 32 47 1 47 35 37 34 37 38 38 35 38 12 46 44 6 38 34 27 4 34 4
split_gain=494818 10700.3 9603.38 5709.95 5010.72 2651.84 2471.8 2436.95 2282.3 1929.76 2511.27 1886.63 3152.56 1712.34 1690.66 1575.66 1705.66 1332 1321.19 1251.17 1201.68 1073.78 1353.73 1052.36 1114.47 1072.52 1011.98 948.402 1039.18 918.737
threshold=0 1 2 3 4 5 1.0000000180025095e-35 6 inf 7 1.5000000000000002 8 9 10 11 12 13 14 15 16 1069.465026855469 17 18 437.32502746582037 19 20 2.5000000000000004 56.500000000000007 21 1.5000000000000002
decision_type=1 9 1 9 9 1 2 1 8 1 2 1 1 1 1 1 1 1 1 1 2 1 9 2 1 1 8 8 1 10
left_child=8 4 7 5 14 11 -5 9 -1 29 19 23 13 20 -2 -6 -17 -14 -18 -11 27 -10 -23 24 25 -4 -26 28 -13 -3
right_child=1 2 3 6 15 -7 -8 -9 21 10 -12 12 17 -15 -16 16 18 -19 -20 -21 -22 22 -24 -25 26 -27 -28 -29 -30 -31
leaf_value=0.080925978889411485 0.053935403674536302 -0.049467708345543628 0.031659481532534436 -0.042452638290825087 -0.043802460384571348 0.060654712798603037 0.10371860445346148 -0.061550155457965883 0.072448106466552559 -0.012045450890081549 0.041120176134695215 0.027809374712365532 -0.0017041533297637212 -0.027521452880113834 0.0062281668620834318 0.029335660071295927 0.036480715597578206 0.067661067592600266 -0.033674339953320531 -0.042184859096808511 0.081639046514207017 0.024075207983846183 0.076884291376825092 0.0047934482532146477 0.38201073120483148 -0.020684526041612902 -0.033999592156950413 0.027927848899218163 -0.029568257833760436 -0.019659685427655033
leaf_weight=511855.40329828858 12008.579468954355 104391.09402412176 3543.2822220548987 59070.841628484428 9556.6523956861347 3343.7050097808242 749.80428359284997 54819.269088916481 196072.32714018226 12638.301327383146 3133.357737839222 2833.3898047581315 2607.9933475218713 17239.207261111587 7884.8728864789009 6458.6228452324867 2068.2350661531091 5554.4705242700875 9965.1128853447735 29341.672922806814 1318.9899777062237 6778.7239836975932 5735.0216769054532 8221.7940210364759 37.463902123272419 8486.2888724803925 34554.206986891106 5743.4097712226212 6979.8107073828578 7065.5697644148022
leaf_count=229044 23213 1576296 18698 281249 70545 6792 4679 651680 109818 81163 7698 12951 6904 97526 39170 36038 7338 11221 43072 285212 5674 7527 2744 71746 126 54484 285793 20831 39352 94145
internal_value=0.0378284 -0.031231 -0.0358192 -0.0210468 0.00433911 -0.00939298 -0.0406137 -0.047017 0.0780516 -0.0419249 -0.0279675 -0.0118056 0.000893904 -0.00979477 0.035039 -0.017441 -0.00380114 0.0455232 -0.0215961 -0.0331241 0.00831943 0.070998 0.0482775 -0.0215953 -0.0262491 -0.00525323 -0.0335393 0.00210826 -0.0130033 -0.0475781
internal_weight=1.14006e+06 419616 371674 160285 47942.1 100464 59820.6 211389 720441 156570 45113.3 97120.3 42277.3 34114.8 19893.5 28048.6 18492 8162.46 12033.3 41980 16875.6 208586 12513.7 54843 46621.2 12029.6 34591.7 15556.6 9813.2 111457
internal_count=4182729 3833596 3614220 918026 219376 632098 285928 2696194 349133 2044514 374073 625306 194459 176334 62383 156993 86448 18125 50410 366375 78808 120089 10271 430847 359101 73182 285919 73134 52303 1670441
cat_boundaries=0 1 2 3 4 5 6 7 8 9 10 11 12 13 14 15 16 17 18 19 20 21 22
cat_threshold=2 1 300 128 12 1 105 4 4 32 105 15 24 552 129 8 256 1 1 641 100 69
is_linear=0
shrinkage=0.08


Tree=22
num_leaves=31
num_cat=23
split_feature=47 46 38 47 35 41 32 31 40 38 43 41 45 32 40 47 35 37 38 27 4 37 32 27 46 45 40 42 37 45
split_gain=433028 9760 7578.03 3161.15 3805.68 2663.68 2187.79 1734.05 1629.93 1415.23 1954.38 1572.02 1409.74 1451.29 1362.39 1343.06 3093.3 1341.97 1387.89 1339.77 1326.24 1247.4 1178.76 1135.39 1094.11 1228.17 1076.86 1041.13 987.419 961.857
threshold=0 1 2 3 4 5 inf 1.0000000180025095e-35 6 7 8 9 10 -6.0650000572204581 11 12 13 14 15 1.0000000180025095e-35 inf 16 -4.444999933242797 inf 17 18 19 20 21 22
decision_type=1 1 1 1 1 9 8 10 1 1 9 9 9 8 1 1 1 1 1 8 8 1 10 8 1 9 1 9 1 9
left_child=6 2 3 7 17 8 -1 19 12 10 11 -7 -4 -14 -6 -11 27 -5 -19 -2 -15 22 -21 -20 -8 -26 -25 -17 -16 -12
right_child=1 -3 5 4 14 9 24 -9 -10 15 29 -13 13 20 28 16 -18 18 23 21 -22 -23 -24 26 25 -27 -28 -29 -30 -31
leaf_value=0.07765951126222144 0.2114571796305128 0.037006236002181531 0.021437782488425566 -0.055683973404066313 0.086730087293408059 0.11410501097200598 0.069249299881757195 0.020561800592443537 -0.050194622520349744 -0.024606565224905969 0.022328095841839812 -0.027382472524421952 0.031419132896206806 -0.02702555862509301 -0.038373499131524047 0.0081455794494645333 0.074208530197108907 -0.011743203726672145 0.13368073543152062 -0.032401475868108591 0.25133759728368288 -0.059866953099692637 -0.049457321758267149 0.037651073989617721 0.071814830884187247 0.020574728029581098 -0.046847512840377581 -0.030631548170152692 0.014634904318874049 -0.017756614910625027
leaf_weight=491634.44676860422 127.46055185236037 13871.74081845209 4520.8502521105111 15667.453768759966 1352.1360871866345 1932.3062492385507 189330.49452841282 2410.3548582941294 15578.4513624385 27039.535564249381 7768.8904370702803 678.9406266361475 2862.3766322694719 75076.759361270815 2903.2003233078867 9082.8149865120649 3233.3052845820785 18359.340868793428 234.90507418289781 39022.868873553351 109.70176693797112 41961.67167184595 77313.353396322578 1005.8860013484955 5601.7078208848834 6476.6495879143476 21690.614842342213 8639.7213937602937 9855.3075574785471 7539.6008880585432
leaf_count=229619 646 39099 19428 144627 1478 1766 109987 11758 81104 181100 29779 3511 15509 489951 30062 39441 4171 121881 684 602433 158 542123 1124631 2762 2910 7477 203208 38070 72424 31148
internal_value=0.0362338 -0.0289525 -0.0312632 -0.0405721 -0.0265227 -0.0181015 0.0747826 -0.0467826 -0.0264554 -0.00566041 0.0135191 0.0773533 -0.021971 -0.0244878 0.0106742 -0.0128227 0.00237608 -0.0357334 -0.0281516 -0.0478072 -0.0266194 -0.048016 -0.0437325 -0.0412777 0.06776 0.0444154 -0.0431067 -0.0107649 0.00255223 0.00258723
internal_weight=1.10288e+06 409840 395968 231905 71068.8 164063 693043 160836 98148.1 65915.1 17919.7 2611.25 82569.7 78048.8 14110.6 47995.4 20955.8 56958.2 41290.7 158425 75186.5 158298 116336 22931.4 201409 12078.4 22696.5 17722.5 12758.5 15308.5
internal_count=4182945 3832952 3793853 2858717 577126 935136 349993 2281591 606150 328986 66204 5277 525046 505618 103964 262782 81682 473162 328535 2269833 490109 2269187 1727064 206654 120374 10387 205970 77511 102486 60927
cat_boundaries=0 1 2 3 4 5 6 7 8 9 10 11 12 13 14 15 16 17 18 19 20 21 22 23
cat_threshold=2 1 300 4 32 35 2 641 4 16 8 1 4 32 20 264 105 1 5 1 26 20 11
is_linear=0
shrinkage=0.08


Tree=23
num_leaves=31
num_cat=19
split_feature=38 32 3 41 38 43 38 32 46 41 45 38 44 3 36 3 13 18 36 37 48 6 13 46 1 43 1 37 45 45
split_gain=5913.27 2047.22 2071.5 1847.27 1359.94 1240.21 1205.9 1024.45 937.761 927.99 732.382 1597.06 808.373 1241.67 708.168 665.131 649.824 610.858 580.889 541.123 535.175 866.048 828.186 491.084 485.544 486.244 472.803 463.367 380.807 366.171
threshold=0 -16.980000495910641 inf 1 2 3 4 -2.945000052452087 5 6 7 8 9 1.0000000180025095e-35 10 78.599998474121108 1376.5100097656252 7858.1250000000009 11 12 13 1202.0000610351565 2232.849731445313 14 6.5000000000000009 15 1.0000000180025095e-35 16 17 18
decision_type=1 8 8 9 1 9 1 8 1 9 9 1 9 10 9 10 2 2 9 1 9 2 2 1 2 9 2 1 9 9
left_child=1 -1 6 7 5 9 18 -2 -4 -5 12 -12 15 -14 16 -9 27 -6 -3 -20 28 22 -22 26 25 -7 -15 -8 -18 -29
right_child=3 2 8 4 17 24 14 10 -10 -11 11 -13 13 23 -16 -17 20 -19 19 -21 21 -23 -24 -25 -26 -27 -28 29 -30 -31
leaf_value=0.058374468037032702 0.04947873655712947 0.034461048130542793 0.085490103676483839 0.082813362613492258 0.040822865784898577 0.027369967121141241 0.023168479730335607 0.015206901511570611 0.02716692450622538 0.033113747286957061 -0.040379038228456336 0.028306913460783373 0.086887938875771675 0.031848719716606272 0.0090760922243056531 0.07163052121061797 0.016482315681398643 0.0683275549104959 0.031505028231812608 0.011576209185881415 0.76145105720187234 0.034289335528041219 -0.088456391829969214 0.06000235785239303 0.20076857612166843 0.051827113136747816 0.040974177600209521 0.039336723832432474 -0.010718783012855806 0.027921870892397914
leaf_weight=14594.08922878094 34249.538909211755 162382.9469913505 5771.6000351309776 14219.469948291779 134713.12735234015 5946.6143748685718 146993.91810180992 1664.5420478954911 2541.2158074975014 2948.3466787785292 2355.5531348399818 26049.875740060583 2945.589359536767 155282.54913794994 17858.4278245233 6797.2111236378551 20541.037945073098 5373.9682275913656 20942.293752234429 15005.61826325953 25.18698697257787 74.878024116158485 10.354329445399342 4751.6271027326584 135.40074769407511 46717.036529533565 47438.010125506669 20746.034086240456 3918.2596394224092 142539.27451286651
leaf_count=35767 76616 654462 1955 6082 304279 8803 922260 2031 2815 5511 8853 74028 1354 417988 68300 5305 208105 9174 68620 43999 244 935 250 4787 138 71849 118635 109257 57435 892170
internal_value=0.0343123 0.0287945 0.0280232 0.0407531 0.0464376 0.0555654 0.0274252 0.0365104 0.0676608 0.0743024 0.0347158 0.0225988 0.0362856 0.0353123 0.0246152 0.0605312 0.0254436 0.041875 0.0324197 0.0231917 0.0129205 0.188647 0.513846 0.03458 0.0494602 0.0490805 0.0339841 0.0264361 0.0121272 0.0293745
internal_weight=1.06553e+06 573945 559351 491588 210054 69966.9 551038 281534 8312.82 17167.8 247285 28405.4 218880 210418 352707 8461.75 334849 140087 198331 35947.9 24569.7 110.419 35.5413 207472 52799.1 52663.7 202721 310279 24459.3 163285
internal_count=4182007 3066574 3030807 1115433 405836 92383 3026037 709597 4770 11593 632981 82881 550100 542764 2258956 7336 2190656 313453 767081 112619 266969 1429 494 541410 80790 80652 536623 1923687 265540 1001427
cat_boundaries=0 1 2 3 4 5 6 7 8 9 10 11 12 13 14 15 16 17 18 19
cat_threshold=300 35 641 5 256 1 16 13 129 1 161 146 83 1 1 34 5 13 8
is_linear=0
shrinkage=0.08


Tree=24
num_leaves=31
num_cat=20
split_feature=2 34 41 32 44 37 18 40 4 40 34 32 45 36 46 27 43 31 4 18 41 43 41 36 46 45 34 35 36 18
split_gain=3830.04 1709.97 2383.09 1621.07 1512.11 1282.98 1204.84 1303.58 1111.44 1013.87 837.129 1115.15 789.832 750.138 716.216 706.216 675.423 613.316 566.274 554.606 509.534 546.711 476.005 403.811 373.098 942.025 491.802 433.944 359.603 349
threshold=inf 0 1 -3.6450001001358028 2 3 1.0000000180025095e-35 4 1.5000000000000002 5 6 -4.194999933242797 7 8 9 1.0000000180025095e-35 10 1.0000000180025095e-35 1.5000000000000002 42.05999946594239 11 12 13 14 15 16 17 18 19 11770.379882812502
decision_type=8 1 9 10 9 1 2 1 8 1 1 8 9 9 1 8 9 10 10 2 9 9 9 9 1 9 1 1 9 2
left_child=1 2 -1 10 6 18 23 -8 12 -5 -2 -12 19 -11 17 -7 -9 22 -4 -6 21 -17 -10 24 26 -26 -3 -28 -24 -14
right_child=3 4 5 9 8 15 7 16 14 13 11 -13 29 -15 -16 20 -18 -19 -20 -21 -22 -23 28 -25 25 -27 27 -29 -30 -31
leaf_value=0.058580704020901334 0.072236276775969901 0.062792203070626107 0.028809996538745733 0.055552642933020445 0.029628285047360543 0.20159100326607185 -0.0094716543345920341 0.28366535122462 0.046728996646888635 0.0010124676790039049 0.073788768563822119 0.035994355597165163 0.029976729887914475 0.047118825314806143 0.060076901279642603 0.028182068919563361 0.06223762967840403 0.065898154443828086 0.051662116416357019 0.013574747396398136 0.020208774497541684 5.5935915316817768e-05 0.027367862616586344 0.071495076401479687 0.028023208793036575 -0.069546223887211531 0.027381742550208487 0.04913061563425869 0.035039973733464146 0.042124970938234148
leaf_weight=12655.871656903066 20185.264738917351 4205.7541749700904 68985.075127081946 6681.156724087894 23775.279206763953 134.16463686898351 1703.1684333086014 80.13670277222991 19038.086835198104 7139.6061047911644 7772.0974622964859 13990.385237112641 355779.75634562783 3296.0448763072491 7451.42368414253 5919.2769013885409 23277.805382980034 4036.8619545102119 7716.156880935654 32737.201114505529 111322.38731823117 17420.994167415425 48870.615090388805 1949.644739665091 4344.9867532104254 731.62848299741745 21243.488117545843 8193.0944804698229 205342.56134861521 15807.324740560725
leaf_count=23811 10675 4207 360497 6495 84959 245 4774 219 42292 18586 4180 14448 1510400 4107 8326 38394 63654 5789 24984 215068 596674 213979 107142 1915 5152 2050 43024 17356 675196 73404
internal_value=0.0321906 0.0310245 0.0248616 0.0519876 0.0327981 0.0228412 0.0444089 0.0582065 0.0317279 0.0312399 0.0604538 0.0494693 0.0291517 0.0156061 0.0356013 0.0181372 0.0631184 0.0349435 0.0311049 0.020325 0.0179557 0.00719796 0.0344862 0.0359065 0.0340872 0.01388 0.0371466 0.0334497 0.0335662 0.0304927
internal_weight=1.06179e+06 1.00272e+06 224154 59064.6 778569 211498 65729.7 25061.1 712839 17116.8 41947.7 21762.5 428100 10435.7 284740 134797 23357.9 277288 76701.2 56512.5 134663 23340.3 273251 40668.6 38719 5076.62 33642.3 29436.6 254213 371587
internal_count=4182002 4123511 1258584 58491 2864927 1234773 142351 68647 2722576 29188 29303 18628 1883831 22693 838745 849292 63873 830419 385481 300027 849047 252373 824630 73704 71789 7202 64587 60380 782338 1583804
cat_boundaries=0 1 2 3 4 5 6 7 8 9 10 11 12 13 14 15 16 17 18 19 20
cat_threshold=48 17 1 98 1 9 112 34 128 1 2 4 12 20 232 1 13 1 32 105
is_linear=0
shrinkage=0.08


Tree=25
num_leaves=31
num_cat=25
split_feature=47 44 38 45 47 35 36 32 2 43 38 41 47 38 39 37 6 37 39 38 4 37 37 46 44 36 38 37 46 33
split_gain=395864 9605.06 7052.1 4664.48 3481.25 5790.95 2524.72 2458.17 2207.12 2336.42 1676.7 1579.84 1578.98 1646.11 1544.99 1488.65 1414.72 1362.21 1242.39 1263.31 1143.38 1209.98 1091.73 1088.42 1819.1 1063.87 1064.1 1016.61 993.752 905.51
threshold=0 1 2 3 4 5 6 inf inf 7 8 9 10 11 12 13 32.599998474121101 14 15 16 11.500000000000002 17 18 19 20 21 22 23 24 1.0000000180025095e-35
decision_type=1 9 1 9 1 1 9 8 8 9 1 9 1 1 9 1 2 1 9 1 8 1 1 1 9 9 1 1 1 2
left_child=7 3 6 10 23 22 8 -1 16 11 14 -10 18 15 -2 -14 28 -7 19 -5 -18 -22 -6 27 -25 26 -19 -4 -3 -8
right_child=1 2 4 12 5 17 29 -9 9 -11 -12 -13 13 -15 -16 -17 20 25 -20 -21 21 -23 -24 24 -26 -27 -28 -29 -30 -31
leaf_value=0.072164276848317513 0.067529934302097264 -0.012958642647579769 -0.065482532568636009 0.067205820607604883 -0.078813964866832759 -0.047151106634164601 -0.036708944264066214 0.061215255659555011 0.083797587262840173 -0.094052112023557052 0.062792846590559406 -0.1293655249102221 -0.060301814401085181 -0.045181691294470458 0.0038626190792104297 0.039574225555188386 0.00049527207602377804 -0.010273936035967801 -0.049299940716294177 -0.045432485124836969 0.068268366617775494 0.0054540129739918388 0.05206262467798211 0.032100683856208151 -0.088011067315239805 -0.06150976745415377 -0.033570445934247579 -0.046413630978136194 0.060771635259092127 0.076092765153666045
leaf_weight=455010.87916588783 2941.5152405574918 28650.996288824826 20155.253036685288 1295.3850743696094 429.34527420252562 33155.960675050505 25670.883635550737 184423.00936609507 960.86295318603516 3207.4297249019146 6358.7031811773777 279.60038065165281 1128.2097218185663 3227.4563809670508 14288.586212562397 5970.4877776317298 10089.992777233943 22728.188518445939 12181.529355799779 1235.9899084940553 4513.0146753266454 3483.6701024882495 6154.5977645888925 2607.6106061600149 1168.6483921930194 5093.7871543392539 28088.537584083155 169561.03068509046 1219.7553489208221 463.67791960388422
leaf_count=229666 7688 155223 344323 4594 3443 249118 111420 119890 757 12055 8161 1271 8631 10333 68596 16594 66735 128359 87590 7756 21056 16361 10748 8551 11036 25369 278975 2164451 1891 2231
internal_value=0.0294793 -0.0312324 -0.0356515 0.00218139 -0.0414256 -0.028942 -0.0143871 0.0690064 -0.00425515 -0.0581656 0.0277023 0.0351003 -0.0218637 0.00210759 0.0147233 0.0236382 0.000743975 -0.0342923 -0.0387026 0.0122941 0.018402 0.0409962 0.0434215 -0.0475989 -0.0050706 -0.0266597 -0.023155 -0.0484454 -0.00994791 -0.0346943
internal_weight=1.05574e+06 416311 367683 48627.9 289143 95650.4 78539.9 639434 52405.3 4447.89 23588.8 1240.46 25039.1 10326.2 17230.1 7098.7 47957.4 89066.5 14712.9 2531.37 18086.7 7996.68 6583.94 193493 3776.26 55910.5 50816.7 189716 29870.8 26134.6
internal_count=4182872 3833316 3613373 219943 3224373 696012 389000 349556 275349 14083 84445 2028 135498 35558 76284 25225 261266 681821 99940 12350 104152 37417 14191 2528361 19587 432703 407334 2508774 157114 113651
cat_boundaries=0 1 2 3 4 5 6 7 8 9 10 11 12 13 14 15 16 17 18 19 20 21 22 23 24 25
cat_threshold=2 1 643 14 4 8 161 4 300 16 4 812 1 80 20 1 850 41 16 1 2 146 336 18 1
is_linear=0
shrinkage=0.08


Tree=26
num_leaves=31
num_cat=17
split_feature=47 44 38 3 47 35 37 37 32 38 47 35 31 38 45 38 19 12 37 38 4 18 4 3 3 25 4 37 38 1
split_gain=349326 7282.13 6971.14 3389.19 2808.24 3217.99 2319.66 2319.11 2176.5 2008.92 1955.33 2578.62 1908.72 1783.12 1456.42 1252.73 1296.72 1170.79 1407.12 1163 1159.09 1149.75 1114.67 1037.14 1037.11 947.95 909.209 890.862 1304.82 866.101
threshold=0 1 2 18.605000495910648 3 4 5 6 inf 7 8 9 1.0000000180025095e-35 10 11 12 37.024999618530281 379.82498168945318 13 14 56.500000000000007 801.82498168945324 1.5000000000000002 1.0000000180025095e-35 296.05499267578131 2.5000000000000004 10.500000000000002 15 16 3.5000000000000004
decision_type=1 9 1 8 1 1 1 1 8 1 1 1 8 1 9 1 2 2 1 1 8 2 10 10 8 10 8 1 1 2
left_child=8 3 7 27 13 6 23 -3 -1 -7 22 -12 15 14 -4 -5 -17 -15 26 24 -21 -22 -9 -6 -8 -13 -19 -2 -29 -24
right_child=1 2 4 12 5 9 19 10 -10 -11 11 25 -14 17 -16 16 -18 18 -20 20 21 -23 29 -25 -26 -27 -28 28 -30 -31
leaf_value=0.069255932275234841 -0.075180612017979861 -0.070783525520784457 0.0098118015477595376 0.060048752953677703 0.12882355917781044 -0.02048390105082451 0.016665224194179994 -0.048388214241632525 0.058767286396870774 0.049841721782116447 0.034571626417125245 -0.033866979382983338 0.038668089386885367 -0.04104332275674584 -0.094073975301858806 -0.025176739540797115 0.013693635838385359 -0.019260351281412402 -0.040042093755287195 -0.026228096688140849 0.0059797134509655204 0.11598840740974736 -0.024686080243173428 -0.031168881177231836 0.099983552746149965 0.088249985753278248 0.022208888268360014 0.11059003360358484 -0.031217600862729376 0.1027851901186014
leaf_weight=435001.37853167951 2934.9756362587214 17956.39564058464 9753.6499678343534 1982.8752142190933 261.32692191004753 3731.4905636571348 6063.5953616574407 115107.31841283664 178608.27514310926 8543.5705983191729 3886.4991579279304 52175.033231060952 11755.689130699262 53319.007183669135 937.49610188789666 11246.85873901844 10735.990489333868 8855.8039669264108 12629.327460015193 9513.263701505959 4789.8558452799916 696.44258563220501 9209.2845508959144 33586.331990513951 1135.1360243484378 410.02762530744076 5476.024028904736 426.97739665210247 8595.9562607705593 354.25575327500701
leaf_count=229532 20833 377073 46460 3613 117 10135 22683 1747328 119593 15697 8679 443390 33117 377676 6553 50827 75387 78992 77849 50110 17161 1866 114754 170174 3143 1858 37633 832 34986 4338
internal_value=0.0281114 -0.0294483 -0.0333558 -7.63814e-05 -0.0208774 -0.00862175 -0.0167463 -0.0433361 0.0662029 0.0284642 -0.0406116 -0.0282641 0.0122642 -0.030084 0.000622762 -0.000687432 -0.0061904 -0.0341691 -0.0205872 0.00335247 -0.00933362 0.0199445 -0.0462078 -0.0299248 0.029762 -0.0329085 -0.00341306 -0.036941 -0.0243921 -0.0199642
internal_weight=1.01968e+06 406070 358391 47679.3 159292 68321 56046 199099 613610 12275.1 181142 56471.6 35721.4 90971.3 10691.1 23965.7 21982.8 80280.2 26961.2 22198.3 14999.6 5486.3 124671 33847.7 7198.73 52585.1 14331.8 11957.9 9022.93 9563.54
internal_count=4182389 3833264 3613669 219595 916249 291086 265254 2697420 349125 25832 2320347 453927 162944 625163 53013 129827 126214 572150 194474 94963 69137 19027 1866420 170291 25826 445248 116625 56651 35818 119092
cat_boundaries=0 1 2 3 4 5 6 7 8 9 10 11 12 13 14 15 16 17
cat_threshold=2 1 300 4 32 4 16 129 4 8 129 13 515 97 514 80 32
is_linear=0
shrinkage=0.08


Tree=27
num_leaves=31
num_cat=17
split_feature=47 47 35 38 38 32 37 36 38 38 2 37 27 40 4 36 33 32 40 2 1 3 37 3 36 31 37 15 37 3
split_gain=314218 5978.74 6377.2 2414.53 2315.12 2186.95 1975.97 1877.79 1717.32 1712.76 1662.16 1500.73 1248.59 1089.39 1325.56 1070.89 1028.97 1028.95 1020.23 1260.4 960.908 883.395 882.361 1130.92 868.423 865.306 844.211 841.215 827.231 901.167
threshold=0 1 2 3 4 inf 5 6 7 8 1.5000000000000002 9 2.5000000000000004 10 1.5000000000000002 11 1.0000000180025095e-35 -7.9249999523162833 12 inf 2.5000000000000004 515.66497802734386 13 36.704999923706062 14 1.0000000180025095e-35 15 1.0000000180025095e-35 16 44.465000152587898
decision_type=1 1 1 1 1 8 1 9 1 1 8 1 8 1 10 9 2 10 1 8 2 8 1 8 9 10 1 2 1 10
left_child=5 4 9 -4 15 -1 8 10 22 21 20 18 -10 14 16 -2 -14 -13 19 -11 26 28 23 -6 27 -8 -5 -18 29 -3
right_child=1 2 3 7 6 -7 25 -9 12 11 -12 17 13 -15 -16 -17 24 -19 -20 -21 -22 -23 -24 -25 -26 -27 -28 -29 -30 -31
leaf_value=0.066788665685457313 -0.0027342612551716191 0.01335188423790205 0.051432663762175361 0.03889625864174092 0.097897345358208473 0.056109351295914121 -0.050733707768442549 -0.0503290461063143 0.17768877141153006 0.01075679465404456 -0.074640356818106213 -0.005755325497515386 -0.030252720496993363 -0.049593418787580293 -0.0014766372209046828 -0.048909028537859528 0.13627067323117814 -0.035004251549343217 -0.030196243163601866 -0.11312103819003673 0.07491538551441114 0.088720163219456319 -0.056645720763646851 -0.035859128164485762 0.021435129608889627 0.014104808625908896 -0.0044828427818510647 0.64032885589865973 -0.041976722539737825 -0.029967571095519573
leaf_weight=419784.03287963197 17935.481507964432 3828.216249525547 9546.2405764982104 4953.97253575176 415.98673728853464 173426.10728695989 68739.435098883696 3549.0748612619936 187.82878771051764 20831.739952499047 1232.3156215976924 11402.328511344269 89153.042568217963 14112.336118469015 12519.439137129113 3907.6782357916236 76.248588472604752 23691.021077990532 5792.7339481003582 539.26339231431484 1915.1769624017179 373.41587484627962 25431.017242493108 14728.492411364801 1118.217538844794 1343.0334568377584 6812.0177809596062 29.344765152782202 35685.368545876816 15587.440114561468
leaf_count=229829 97614 16387 16425 29683 3026 120200 727611 14066 601 104872 7650 53353 1038263 93869 130561 19792 533 132990 19202 1877 2743 623 523103 285372 13700 6041 61453 56 305360 122403
internal_value=0.0268435 -0.028396 -0.0155203 0.0187864 -0.0359112 0.0636665 -0.0382958 0.0018876 -0.0333232 -0.0236815 0.0143394 -0.0145671 -0.028405 -0.0287382 -0.0258706 -0.0110134 -0.0292526 -0.0254936 -0.000446757 0.00762736 0.0223646 -0.0339059 -0.0475182 -0.0321639 0.043605 -0.0494841 0.0138108 0.252443 -0.0347431 -0.0214152
internal_weight=988648 395438 145740 28008.8 249698 593210 227854 18462.6 157772 117732 14913.5 62257.1 117196 117009 102896 21843.2 90376.9 35093.3 27163.7 21371 13681.2 55474.4 40575.5 15144.5 1223.81 70082.5 11766 105.593 55101 19415.7
internal_count=4179258 3829229 889087 132020 2940142 350029 2822736 115595 2089084 757067 101529 312294 1277583 1276982 1183113 117406 1052552 186343 125951 106749 93879 444773 811501 288398 14289 733652 91136 589 444150 138790
cat_boundaries=0 1 2 3 4 5 6 7 8 9 10 11 12 13 14 15 16 17
cat_threshold=2 4 32 594 641 105 128 32 108 99 6 192 6 32 34 104 106
is_linear=0
shrinkage=0.08


Tree=28
num_leaves=31
num_cat=22
split_feature=47 44 47 35 45 32 37 46 36 45 21 37 37 42 36 43 37 32 46 44 35 47 46 44 2 31 32 33 2 36
split_gain=271964 7390.35 4353.7 4627.47 2850.27 2062.42 1616.33 1504.8 1464.25 1545.79 1999.01 1426.01 1371.25 1364.83 1266.72 1235.73 1183.92 1170.89 1130.3 1772.95 1054.04 1092.9 1041.26 1392.24 1867.37 1178.74 1033.79 967.263 962.564 942.296
threshold=0 1 2 3 4 inf 5 6 7 8 3.5000000000000004 9 10 11 12 13 14 -7.9249999523162833 15 16 17 18 19 20 inf 1.0000000180025095e-35 2.2749999761581425 1.0000000180025095e-35 2.5000000000000004 21
decision_type=1 9 1 1 9 8 1 1 9 9 2 1 1 9 9 9 1 10 1 9 1 1 1 9 8 8 8 2 8 9
left_child=5 4 6 7 26 -1 -3 11 9 13 -11 -4 15 -8 -5 -6 -16 -13 -15 -20 -14 -22 -7 24 25 -24 -2 -10 -18 -19
right_child=1 2 3 14 12 22 8 -9 27 10 -12 17 20 18 16 -17 28 29 19 -21 21 -23 23 -25 -26 -27 -28 -29 -30 -31
leaf_value=0.064061009390012039 0.0030674407769615965 -0.060052782209412556 -0.0771437756812626 -0.064241068418827249 0.29443232704804656 0.055088156852896503 0.0019071661508104222 0.042874679416288614 -0.049255329727826175 -0.05239436473117827 0.87732865580977659 -0.011429870412671754 -0.017660795178018818 -0.031486992054294942 -0.060974782761132648 -0.052911073613375326 0.025297946391958575 -0.026649137600399175 0.049820723187836265 -0.088078281879344814 -0.001109798405175896 0.071932779462075588 -0.10518528907320857 0.061548321125540116 0.048578652429454396 -0.00032824398649481529 0.038052378681517764 0.054543165327765826 -0.046261579018614787 -0.051558505854412802
leaf_weight=400655.03823007643 8919.7350997086614 17800.935034749098 3520.9967114171013 1284.9837083667517 56.711791150271893 157087.55957949907 9076.2714949082583 2001.8847660720348 42808.96518073976 20425.765010803007 14.811643527820705 27588.922394679859 12448.527865404263 121316.11258956697 1172.9228844279423 5766.9093648158014 20993.664179179817 56427.223954740912 2458.1719798147678 787.96912446990609 3895.8785778321326 1975.9429467320442 1172.2206342667341 4543.6325796917081 2774.2245116382837 1654.5974567532539 13721.313581278548 582.38601856119931 1276.1536832414567 11776.665345586836
leaf_count=229257 38511 347331 63176 5055 172 109651 143445 4547 268468 325839 51 163557 57624 1674597 21200 50383 93482 414192 7055 7336 24953 2417 3201 2746 2036 2308 45656 5004 4835 60425
internal_value=0.0256718 -0.0259436 -0.0300308 -0.0182228 0.00387417 0.0609463 -0.0369445 -0.0257941 -0.0348566 -0.0311942 -0.0516954 -0.0271809 -0.0152454 -0.0280548 0.0128039 -0.0490296 0.0170526 -0.0253337 -0.030238 0.0163471 -0.00448524 0.0234301 0.053484 0.0286434 0.00195046 -0.0438102 0.0242589 -0.0478511 0.0211878 -0.0309617
internal_weight=955987 388100 341315 126043 46785 567887 215271 101316 197470 154079 20440.6 99313.8 24144 133639 24727.7 5823.62 23442.7 95792.8 124562 3246.14 18320.3 5871.82 167232 10144.7 5601.04 2826.82 22641 43391.4 22269.8 68203.9
internal_count=4178510 3829311 3609595 830469 219716 349199 2779126 705897 2431795 2158323 325890 701350 135549 1832433 124572 50555 119517 638174 1688988 14391 84994 27370 119942 10291 7545 5509 84167 273472 98317 474617
cat_boundaries=0 1 2 3 4 5 6 7 8 9 10 11 12 13 14 15 16 17 18 19 20 21 22
cat_threshold=2 1 4 32 14 18 1 160 13 16 16 1 57 2 16 1 2 32 4 1 1 131
is_linear=0
shrinkage=0.08


Tree=29
num_leaves=31
num_cat=20
split_feature=47 44 38 36 19 32 33 37 34 12 33 45 47 18 42 42 35 35 47 35 36 32 18 6 37 37 13 45 38 34
split_gain=242375 5171.55 5858.92 3436.15 2440.03 1949.92 1804.26 1677.87 1610.19 1582.49 1568.67 1519.84 1572.79 1396.62 1583.5 1296.96 1211.54 1036.88 987.379 1483.78 880.339 865.052 933.732 1652.72 843.506 819.547 745.137 716.162 803.661 730.21
threshold=0 1 2 3 30.774999618530277 inf 1.0000000180025095e-35 4 5 630.98999023437511 1.0000000180025095e-35 6 7 316.30000305175787 8 9 10 11 12 13 14 -77.97499847412108 243.02500152587893 149.400016784668 15 16 430.02499389648443 17 18 19
decision_type=1 9 1 9 2 8 2 1 1 2 2 9 1 2 9 9 1 1 1 1 9 10 2 2 1 1 2 9 1 1
left_child=5 4 6 9 7 -1 11 -2 -6 18 15 12 25 14 -10 26 20 -14 27 -20 -9 22 23 -8 -11 -3 -5 -4 -29 -30
right_child=1 2 3 10 8 -7 21 16 13 24 -12 -13 17 -15 -16 -17 -18 -19 19 -21 -22 -23 -24 -25 -26 -27 -28 28 29 -31
leaf_value=0.061440992054277173 -0.048252735808205535 -0.018953114267505806 -0.049227184140689037 -0.022261025584765216 0.051600144008568577 0.050975007507932109 0.15645923520163327 -0.017681420224306427 0.23112813847239871 -0.010267787049977136 0.075016068902056407 -0.056804613891190917 -0.029918647390315734 -0.025389903190364011 0.025731057477309114 -0.039843313385454514 0.025663771671904131 -0.00097144544054100519 -0.01013243132586044 0.031300968363620785 0.077111852899445166 0.0077673172232795296 0.022883822876464094 0.77451693667487065 0.028394549017048333 -0.043593147901631851 0.026169144233861012 0.0096412303347880486 0.011727005456688254 -0.026172913451982645
leaf_weight=385092.02219882235 6649.3042406570166 9554.4239987432957 4883.1993580013514 6618.7625352963805 7860.5601099468768 161797.22290217504 170.04099245648831 16687.819025944918 259.18235292471945 5455.4003257583827 854.83411969989538 26074.793099278584 38082.747903278098 4890.5151124130934 2317.3477928973734 45293.277448624372 6814.7031937278807 10009.793793836609 30373.91250885278 6752.8867729455233 641.95343118160963 2074.3105295840651 234.91325190290809 33.075991208665073 10664.538905195892 95702.876341974363 2934.7424140051007 6208.9039575532079 3675.0716447550803 28261.41298324801
leaf_count=230085 46775 147503 41924 33204 24704 119992 1622 60186 1288 34397 4839 438399 356964 46181 16889 235390 22099 75127 159283 14310 983 34890 3440 380 79395 1636611 12964 32184 31356 239155
internal_value=0.0242431 -0.0248307 -0.028299 -0.0167007 0.000279767 0.0583446 -0.0379844 -0.0127022 0.0263611 -0.00754889 -0.0325147 -0.0389292 -0.0358837 -0.000276709 0.0473896 -0.0341966 -0.00289057 -0.0239001 -0.0121493 -0.00259053 -0.0141275 0.0293391 0.131493 0.257105 0.0153215 -0.0413625 -0.00737603 -0.0203969 -0.0166889 -0.0218093
internal_weight=926925 380035 333914 151977 46121.4 546889 181937 30793.8 15327.6 96275.3 55701.6 179425 153350 7467.05 2576.53 54846.8 24144.5 48092.5 80155.4 37126.8 17329.8 2512.34 438.03 203.117 16119.9 105257 9553.5 43028.6 38145.4 31936.5
internal_count=4182519 3832442 3613337 918401 219105 350077 2694936 130043 89062 632004 286397 2654604 2216205 64358 18177 281558 83268 432091 518212 173593 61169 40332 5442 2002 113792 1784114 46168 344619 302695 270511
cat_boundaries=0 1 2 3 4 5 6 7 8 9 10 11 12 13 14 15 16 17 18 19 20
cat_threshold=2 1 300 128 16 14 13 4 1 8 32 32 4 32 201 6 72 32 129 80
is_linear=0
shrinkage=0.08


Tree=30
num_leaves=31
num_cat=19
split_feature=47 46 38 32 41 2 32 40 3 47 1 32 45 34 1 2 46 3 26 47 35 38 47 41 45 40 38 43 1 38
split_gain=217724 6068.99 4426.45 2116.55 1998.76 1802.57 1751.98 1577.31 1315.2 1203.31 1403.99 1181.11 1144.91 1103.24 1086.88 1019.41 1277.51 4723.09 920.048 937.221 1144.41 1198.62 871.622 910.422 850.109 784.617 1391.93 845.625 778.191 744.525
threshold=0 1 2 inf 3 inf -1.8250000476837156 4 1.0000000180025095e-35 5 1.5000000000000002 -7.9249999523162833 6 7 3.5000000000000004 inf 8 18.605000495910648 1.0000000180025095e-35 9 10 11 12 13 14 15 16 17 4.5000000000000009 18
decision_type=1 1 1 8 9 8 10 1 10 1 2 8 9 1 2 8 1 10 8 1 1 1 1 9 9 1 1 9 2 1
left_child=3 2 6 -1 5 7 13 8 -4 -8 -11 28 -6 -2 25 16 -5 24 -13 -20 21 -21 -15 -24 -18 26 -14 -27 -10 -22
right_child=1 -3 4 15 12 -7 9 -9 11 10 -12 18 14 22 -16 -17 17 -19 19 20 29 -23 23 -25 -26 27 -28 -29 -30 -31
leaf_value=0.059180099788628544 -0.038458591569433161 0.028272415353849327 0.12707241297880958 0.047337144706474009 0.032619642524718356 -0.088072437844024395 -0.046363424531085294 -0.046532585097559157 0.03958297801765253 -0.033189252791006714 0.026247516818135731 0.16406318673666231 0.038755517101212 -0.025630490505883945 0.061603441057653495 0.065700321389953617 0.019132800540253899 0.058880517114196652 -0.027518157665856063 -0.041962623888720955 0.013760943939491932 0.051041090704616092 -0.016708413130461359 0.022083487266757587 -0.11519951545196123 -0.059753223564524491 -0.050118833967916422 -0.0040180170652970304 0.49659208568622198 -0.021772887769590292
leaf_weight=370245.99347991496 28712.643254812807 13641.723877090961 403.49084579944611 130304.12063840777 4792.2736461535096 2679.8941537886858 75066.463589106686 13635.450492082164 1814.2385686635971 35580.200432923622 2739.3354256842285 174.66067991778255 1375.6881597712636 43043.183806719258 1400.2710263244808 18433.760189607739 372.87638125568628 4133.5062325373292 42302.320560075343 1183.5806333124638 4553.923608109355 3467.5987185239792 12500.37852718588 5598.274419432506 1633.5371439680457 1798.8183046914637 6135.281307592988 47471.410879423842 24.163641329854727 21917.389180313796
leaf_count=229438 497170 39022 267 101489 18006 11128 1227177 79159 9328 329132 7116 362 3785 662675 4997 10351 424 2608 348899 4160 21215 7128 106629 26648 4699 12642 29372 259042 53 124437
internal_value=0.0227239 -0.0240998 -0.0260934 0.0558952 -0.0159132 -0.0234198 -0.0338614 -0.0214861 -0.0169746 -0.0404752 -0.0289403 -0.0177473 -0.0049258 -0.0255194 -0.0080234 0.0480424 0.0456568 0.00999586 -0.0193294 -0.0197656 -0.00922818 0.0273353 -0.0194335 -0.00470633 -0.0907137 -0.00974187 -0.033811 -0.00606458 0.0455898 -0.015657
internal_weight=897136 372013 358371 525124 155130 92156.7 203240 89476.8 75841.4 113386 38319.5 75437.9 62973.7 89854.5 58181.5 154878 136444 6139.92 73599.5 73424.8 31122.5 4651.18 61141.8 18098.7 2006.41 56781.2 7510.97 49270.2 1838.4 26471.3
internal_count=4178558 3829549 3790527 349009 933980 606136 2856547 595008 515849 1563425 336248 515582 327844 1293122 309838 119571 109220 7731 506201 505839 156940 11288 795952 133277 5123 304841 33157 271684 9381 145652
cat_boundaries=0 1 2 3 4 5 6 7 8 9 10 11 12 13 14 15 16 17 18 19
cat_threshold=2 1 300 35 2 4 10 96 1 4 9 129 4 38 5 1 512 33 640
is_linear=0
shrinkage=0.08


Tree=31
num_leaves=31
num_cat=16
split_feature=47 44 47 35 3 37 37 34 3 31 36 4 42 24 37 22 3 37 11 4 33 22 47 1 34 13 42 3 36 35
split_gain=190276 5858.91 3591.06 2824.47 2069.54 1816.87 1647.76 1515.95 1450.93 1366.66 1353.13 1664.86 1262.75 1233.26 1388.61 1205.37 1420.18 1163.16 1091.99 1046.01 1033.94 1025.21 890.799 865.425 858.599 854.394 991.263 851.769 844.292 840.085
threshold=0 1 2 3 40.755001068115241 4 5 6 529.28500366210949 inf 7 1.5000000000000002 8 6.5000000000000009 9 4.5000000000000009 425.96499633789068 10 43.500000000000007 30.500000000000004 1.0000000180025095e-35 1.0000000180025095e-35 11 4.5000000000000009 12 1.0000000180025095e-35 13 805.30999755859386 14 15
decision_type=1 9 1 1 8 1 1 1 8 8 9 10 9 2 1 2 10 1 2 8 2 2 1 2 1 2 9 8 9 1
left_child=9 4 5 8 6 15 22 12 17 -1 11 27 -6 18 21 -3 -17 -4 23 -5 -19 -15 -2 24 -13 26 -25 -7 -21 -24
right_child=1 2 3 19 7 10 -8 -9 -10 -11 -12 13 -14 14 -16 16 -18 20 -20 28 -22 -23 29 25 -26 -27 -28 -29 -30 -31
leaf_value=0.055446606781255701 -0.026442890302908657 -0.060415767665605538 -0.06987591194425842 -0.0030457298248069919 0.067279862608396843 -0.030577279484500917 -0.06222381937655496 0.03039448002061532 0.089374560893877644 0.044909080709825376 -0.043490400799681653 0.020206797927493386 -0.020426166511871836 0.20371290878268408 -0.077288797983940935 0.63922022635109321 -0.089872968900833752 -0.021625607117384548 0.25614809113365122 0.040023656238238524 0.05651046296249685 0.80459361185150702 0.07659205410322846 0.49089878284937627 -0.0199978079090611 0.0074730039199815898 -0.072116373066937425 0.069692539101987999 -0.045141810968165823 0.0030311793037564555
leaf_weight=408011.91829539463 6038.5474068187177 15652.000608623959 3178.3339824033901 16023.943633947521 1198.3933692779392 124267.86139991879 4022.8327798694372 19292.638458261266 749.89899698644876 97615.861954059452 40385.38929753378 4648.1573122786358 8047.8552136085927 36.656706295907497 56.560104418545961 34.337152980268002 34.057967380620539 91700.329528920352 101.32986701000482 7620.8987245000899 1096.8182495553046 36.038481369614601 1181.6603422909975 58.870117906481028 12585.795078323223 108.98050866648555 31.732698429375887 544.57808198221028 818.98855994641781 5999.1064480245113
leaf_count=270830 33150 346699 63649 103214 8766 1956732 33413 63033 1097 78698 273507 51427 62749 428 725 142 695 634485 619 18301 7871 226 689 194 140159 1322 343 9402 2840 17319
internal_value=0.0216225 -0.0223487 -0.0261809 -0.0153287 0.00441831 -0.0328037 -0.0174647 0.0176392 -0.0214695 0.0534122 -0.0305542 -0.0268846 -0.00899831 -0.00389909 0.242307 -0.0589139 0.276162 -0.0223378 -0.00571395 0.00895609 -0.0206998 0.440942 -0.00379387 -0.00723598 -0.00915413 0.158395 0.33993 -0.0301398 0.0317533 0.0152472
internal_weight=871180 365553 319772 121189 45781 198582 17242.1 28538.9 96725.4 505628 182862 142477 9246.25 17664.1 129.255 15720.4 68.3951 95975.5 17534.9 24463.8 92797.1 72.6952 13219.3 17433.5 17234 199.583 90.6028 124812 8439.89 7180.77
internal_count=4182724 3833196 3614077 831457 219119 2782620 84571 134548 707102 349528 2435084 2161577 71515 195443 1379 347536 837 706005 194064 124355 642356 654 51158 193445 191586 1859 537 1966134 21141 18008
cat_boundaries=0 1 2 3 4 5 6 7 8 9 10 11 12 13 14 15 16
cat_threshold=2 1 4 32 18 45 96 160 1 1 16 4 82 17 192 9
is_linear=0
shrinkage=0.08


Tree=32
num_leaves=31
num_cat=15
split_feature=38 2 41 43 32 32 38 31 45 6 36 1 3 2 46 3 36 3 34 6 4 19 27 36 42 15 34 45 38 38
split_gain=2257.68 1741.14 1478.76 1461.71 1260.5 1204.56 1152.96 906.021 819.979 771.142 732.362 755.321 694.277 663.204 695.963 854.126 511.38 521.768 541.84 1696.74 500.166 487.797 423.186 420.091 417.65 409.425 400.205 455.994 2188.93 620.276
threshold=0 inf 1 2 -4.6649999618530265 -10.114999771118162 3 1.0000000180025095e-35 4 437.32502746582037 5 2.5000000000000004 299.79499816894537 inf 6 93.854999542236342 7 805.30999755859386 8 1.0000000180025095e-35 3.5000000000000004 1953.4500122070315 5.5000000000000009 9 10 1.0000000180025095e-35 11 12 13 14
decision_type=1 8 9 9 10 8 1 10 9 2 9 2 10 8 1 10 9 10 1 2 10 2 8 9 9 2 1 9 1 1
left_child=1 16 3 6 12 13 -2 9 -9 10 11 26 -3 14 -4 -16 17 21 19 -19 -21 22 24 -5 -1 -24 -7 -28 -29 -30
right_child=2 4 5 23 -6 7 -8 8 -10 -11 -12 -13 -14 -15 15 -17 -18 18 -20 20 -22 -23 25 -25 -26 -27 27 28 29 -31
leaf_value=0.01991529398101971 0.074450354441055314 0.070565184375783574 0.041713302618024466 0.0079521553828652142 -0.014396277947596793 0.025555619580081252 0.015712951459123142 -0.075129784465634175 0.0488691599283506 0.029115378975252862 0.014400484239922516 0.039725194664305692 0.0081306015121306602 0.071595697822165405 -0.13432763405080395 0.021984759867846922 -0.00078848148376863827 0.84071860817109523 0.040124238845393234 0.060321318815288613 0.43087730192940898 0.0025072219110039919 0.014667508554988174 0.041103239355626785 0.19072652136525098 0.034711940044492948 0.021121380211359116 -0.064212507647862987 0.04296484342589775 0.012133675275813001
leaf_weight=213.60098739154637 9926.2077164053917 7025.3326081894338 8311.9066079473123 6215.8565985783935 1739.4693274050951 99072.623583949171 2751.3815868608654 345.45001020282507 10601.635779354721 75615.97929185722 101225.49318235554 15009.606076351367 1360.6602389104664 4437.9385525323451 329.11475053429604 698.66010418906808 14558.704859925434 22.577370993793011 1126.3266916302964 175.5190301630646 26.882949119433761 20530.080423924141 241373.76915138494 4041.8497292250395 164.80662058293819 6702.8925141058862 174190.4029729832 2290.2808717582375 4825.3313272353262 30931.906210480258
leaf_count=1532 6038 4083 25462 14364 7774 344738 5739 1474 16403 295023 295294 53222 2807 2644 1053 1092 69256 184 16623 810 163 272886 1854052 6101 364 57764 685492 9337 9281 116641
internal_value=0.0206287 0.0149792 0.0236539 0.0435469 0.0475796 0.0227888 0.0617252 0.0221636 0.0449322 0.0216683 0.0203512 0.022196 0.0604349 0.0461332 0.0340341 -0.0280697 0.013821 0.0146073 0.0641944 0.17513 0.109538 0.0143587 0.015338 0.021042 0.0998747 0.0152091 0.0213515 0.0193869 0.0114427 0.0163051
internal_weight=845842 295021 550822 22935.3 10125.5 527886 12677.6 514109 10947.1 503162 427546 326320 8385.99 13777.6 9339.68 1027.77 284895 270336 1351.31 224.979 202.402 268985 248455 10257.7 378.408 248077 311311 212238 38047.5 35757.2
internal_count=4177696 2288298 1889398 32242 14664 1857156 11777 1826905 17877 1809028 1514005 1218711 6890 30251 27607 2145 2273634 2204378 17780 1157 973 2186598 1913712 20465 1896 1911816 1165489 820751 135259 125922
cat_boundaries=0 1 2 3 4 5 6 7 8 9 10 11 12 13 14 15
cat_threshold=44 16 4 641 32 130 1 161 4 128 41 69 13 129 512
is_linear=0
shrinkage=0.08


Tree=33
num_leaves=31
num_cat=19
split_feature=47 46 38 47 35 32 37 36 41 2 36 18 35 43 2 36 38 32 17 2 46 40 47 34 2 17 20 47 6 41
split_gain=166009 4637.61 4021.61 2639.78 3221.02 1809.45 1808.21 1423.21 1340.55 1517.17 1258.58 1274.62 1166.66 1104.33 1466.87 1085.17 1588.51 1229.59 1013.05 987.69 1309.64 948.279 842.204 821.859 1212.39 1057.38 952.341 1184.33 849.597 771.605
threshold=0 1 2 3 4 inf 5 6 7 inf 8 3221.474975585938 9 10 2.5000000000000004 11 12 -2.5549999475479122 26.500000000000004 inf 13 14 15 16 2.5000000000000004 30.500000000000004 1.5000000000000002 17 1070.674987792969 18
decision_type=1 1 1 1 1 8 1 9 9 8 9 2 1 9 8 9 1 10 2 8 1 1 1 1 10 2 2 1 2 9
left_child=5 2 8 15 -5 -1 7 12 9 10 11 -2 -6 22 -15 16 -4 -18 -16 20 -7 -22 -10 26 -25 -26 27 28 -13 -19
right_child=1 -3 3 4 6 19 -8 -9 13 -11 -12 23 -14 14 18 -17 17 29 -20 -21 21 -23 -24 24 25 -27 -28 -29 -30 -31
leaf_value=0.053543485657734709 -0.0060143602877385099 0.024720431930183619 -0.043034306722495946 0.035487426924172699 0.043309264219301528 0.042261022729547182 -0.029652737863028744 -0.052027329349842999 0.0051495757446930312 -0.080189625825764208 -0.031066759385914522 0.59239220859654473 -0.0060888728746462256 0.0055398696778886257 -0.062681304073196401 -0.045922042085959458 -0.013202912393361599 -0.012324067880901847 0.19151736956208054 0.061605885119650115 -0.11946820303081994 0.011749930920388863 0.064023993670825688 0.0081840890793630668 0.027696407957464555 0.6969914679728636 0.037921870461069658 0.063386462762272847 0.15571345012377028 -0.03578409803573103
leaf_weight=337212.63286446035 25978.420487528667 13530.499279748648 43085.800523664802 6953.7042186614126 3451.1142012737691 122882.03646156937 57072.727626576088 3843.2683293074369 2959.9340441897511 2216.5948592573404 14794.781261138618 83.720954149961472 26383.873258220032 22314.590410768986 2910.377617418766 35214.878500398248 37497.382247473113 10962.963559384458 103.92025103420019 15977.463059406728 367.17900574207306 5374.2930056154728 3276.3086255900562 875.9599250741303 28.840092767030001 31.724797438830137 180.91573889181018 89.266867872327566 43.242913164198399 50319.978748926893
leaf_count=229644 166827 38898 1031550 14722 27330 101859 494058 20653 15901 9140 78217 281 182720 100583 10129 292404 514726 153751 156 10260 1126 6567 7266 5847 195 58 950 208 323 665930
internal_value=0.0195225 -0.0212374 -0.0230106 -0.0275126 -0.0169574 0.0503331 -0.0209776 -0.0062718 -0.00670499 -0.0156767 -0.0122843 -0.00209778 -0.000362226 0.00589391 -0.00153534 -0.0333379 -0.0302089 -0.0246109 -0.0539176 0.0428464 0.0405161 0.00317065 0.0360224 0.074177 0.031779 0.378283 0.169099 0.286673 0.443663 -0.0315952
internal_weight=846018 364205 350674 274786 97704.7 481814 90751 33678.3 75888.6 44323.5 42106.9 27312.1 29835 31565.1 25328.9 177081 141866 98780.3 3014.3 144601 128624 5741.47 6236.24 1333.67 936.525 60.5649 397.146 216.231 126.964 61282.9
internal_count=4182279 3832823 3793925 3397844 739483 349456 724761 230703 396081 262046 252906 174689 210050 134035 110868 2658361 2365957 1334407 10285 119812 109552 7693 23167 7862 6100 253 1762 812 604 819681
cat_boundaries=0 1 2 3 4 5 6 7 8 9 10 11 12 13 14 15 16 17 18 19
cat_threshold=2 1 643 4 8 106 147 35 129 1 12 160 32 1 1 4 80 4 5
is_linear=0
shrinkage=0.08


Tree=34
num_leaves=31
num_cat=14
split_feature=47 44 37 3 47 35 32 3 36 41 3 33 46 3 2 37 2 44 46 24 36 3 1 2 37 36 26 3 18 13
split_gain=147976 4414.76 3392.47 2554.46 2513.86 2471.08 1733.65 1481.74 1878.31 1355.17 1240.46 1141.66 1002.05 1885.38 2687.22 983.845 969.548 966.932 964.669 961.745 948.391 1376.88 1027.17 888.231 816.865 790.157 779.596 759.794 1368.03 2027.01
threshold=0 1 2 18.605000495910648 3 4 inf 476.33499145507818 5 6 529.28500366210949 1.0000000180025095e-35 7 35.385000228881843 inf 8 inf 9 10 -1.0000000180025095e-35 11 805.30999755859386 3.5000000000000004 1.5000000000000002 12 13 9.2500000000000018 462.81500244140631 1396.8499755859377 780.64996337890636
decision_type=1 9 1 8 1 1 8 10 9 9 8 2 1 10 8 1 8 9 1 2 9 8 2 8 1 9 8 10 2 2
left_child=6 3 -3 -2 11 10 -1 15 -9 26 18 20 16 14 17 -5 -8 -14 19 24 21 22 -4 -13 -6 -11 -7 -24 29 -29
right_child=1 2 4 7 5 9 12 8 -10 25 -12 23 13 -15 -16 -17 -18 -19 -20 -21 -22 -23 27 -25 -26 -27 -28 28 -30 -31
leaf_value=0.051165121070300759 -0.031408504827096805 -0.063210520048022995 -0.027200200582580009 -0.019250206399200168 -0.026807760161102721 0.18154082634552851 0.040084575419906295 0.074722839525152393 -0.07134553482153061 -0.029888783169299833 0.085524789365742371 0.039158122089803585 0.017990884391829526 0.052876295511392925 0.03612297283745828 0.01503774903393908 0.063971004311687216 -0.11535417551354572 0.03643550815531061 0.09980388009576098 -0.03895762374179338 0.06890189709442042 -0.00081773871909156053 -0.090191434663863687 -0.0105586834860218 0.029121297920644402 -0.022340777937839378 0.12469198938131788 -0.026280222903253016 0.66647626319888831
leaf_weight=323506.72841100767 10597.038755431771 13474.026328110136 131909.43756271712 7030.1436887159944 59483.900404661894 122.14366670325398 119617.56834619865 4120.0363728329539 646.20698193833232 1607.4837072081864 723.73575622960925 2517.4825233221054 439.70698906481266 4191.9071749709547 2408.2237458080053 22389.635703813285 11963.10913291201 1669.3445497453213 1923.318458173424 421.00338633731008 44468.238401733339 982.04851431027055 2238.7268960867077 392.77182444743812 29745.336950751022 14508.450243340805 6939.7516932915896 285.68156183883548 299.64332879334688 52.284526616334915
leaf_count=229243 56697 376773 2067071 46760 431701 179 101912 36488 3201 4389 1024 35584 500 2944 2218 76172 7621 4812 4125 1218 329102 13327 27679 4362 204490 60235 36714 5117 7289 919
internal_value=0.0181456 -0.0205804 -0.0239509 0.0029089 -0.0221766 -0.0129335 0.0479442 0.0135467 0.054926 0.0104187 -0.0187968 -0.0280057 0.0405168 0.0142366 -0.0216199 0.00684288 0.0422563 -0.0875536 -0.0196234 -0.020826 -0.0288083 -0.0254794 -0.0261689 0.0217009 -0.0213952 0.0232205 -0.0187878 0.0211252 0.0981697 0.208508
internal_weight=820675 356879 312095 44783.1 298621 115475 463797 34186 4766.24 23177.8 92297.3 183146 140290 8709.18 4517.28 29419.8 131581 2109.05 91573.6 89650.2 180236 135768 134786 2910.25 89229.2 16115.9 7061.9 2876.34 637.609 337.966
internal_count=4179866 3830616 3611298 219318 3234525 744075 349250 162621 39689 101517 642558 2490450 120007 10474 7530 122932 109533 5312 641534 637409 2450504 2121402 2108075 39946 636191 64624 36893 41004 13325 6036
cat_boundaries=0 1 2 3 4 5 6 7 8 9 10 11 12 13 14
cat_threshold=2 1 16 4 32 145 6 1 24 2 1 128 5 58
is_linear=0
shrinkage=0.08


Tree=35
num_leaves=31
num_cat=19
split_feature=47 44 38 36 37 33 32 2 34 3 36 17 40 45 3 17 3 34 36 42 33 42 41 47 2 46 3 41 38 41
split_gain=127217 4268.2 4679.23 2399.25 1933.12 1550.61 1544.8 1515.57 1551.38 1466.22 1431.08 1412.15 1371.57 1319.23 1312.77 1189.61 1111.14 1043.06 1084.98 1290.94 1422.45 983.211 987.026 970.823 951.092 1181.33 3117.04 940.908 934.432 929.489
threshold=0 1 2 3 4 1.0000000180025095e-35 inf inf 5 476.33499145507818 6 5.5000000000000009 7 8 490.33499145507818 4.5000000000000009 476.33499145507818 9 10 11 1.0000000180025095e-35 12 13 14 inf 15 9.9749999046325701 16 17 18
decision_type=1 9 1 9 1 2 8 8 1 10 9 2 1 9 8 2 10 1 9 9 2 9 9 1 8 1 10 9 1 9
left_child=6 9 4 7 -3 21 -1 12 29 13 15 14 27 -2 17 -11 28 18 19 20 -6 -5 -23 -15 25 -8 -27 -4 -14 -9
right_child=1 2 3 5 11 -7 24 8 -10 10 -12 -13 16 23 -16 -17 -18 -19 -20 -21 -22 22 -24 -25 -26 26 -28 -29 -30 -31
leaf_value=0.04886975023487173 0.016631810246555041 -0.061164311340912887 -0.0071523067802103622 -0.016748705495961878 0.060780982620445567 0.078803346849054712 0.038065787030316239 0.079394861200256808 -0.073663468652943098 0.10294265547806208 -0.067507098050873307 -0.039051343586849308 -0.0043574448480583772 -0.027321147562868648 0.0064278473930256723 0.019487410281031903 0.15251941242528105 -0.036564303977573695 -0.047487078485855198 -0.016245114270802975 0.83296363057201273 0.033386751611556964 -0.042851801575467023 0.0053863797723750807 0.058044222394641763 -0.07861289851997684 0.04604783093779137 0.010528604029423587 -0.052805372336974792 -0.07803267932714246
leaf_weight=311643.78122096881 16612.781862100586 12700.600536379963 35819.312147986144 27279.815818354487 1088.651958188042 900.78694129735231 116094.50035941601 808.71223712712526 3577.5012754052877 2205.1633802000433 623.3291909173131 53623.880628466606 4478.0127880871296 13092.093479506671 8894.3673926750198 2167.7503539863974 213.10022081807256 34863.971460306086 7222.8433751892298 44222.349623788148 15.48495148681104 1138.4586377441883 22241.343846529722 10438.946350634098 14467.307909283787 2030.7681199163198 3489.4874684177339 41652.031023239717 5930.6874647885561 331.38845290988684
leaf_count=229363 47576 376863 271996 146672 12390 4752 101444 676 14482 14126 3177 1005617 20401 94157 228164 22521 1720 478838 58268 536778 104 3421 130933 38139 10352 4972 2698 285131 36110 1456
internal_value=0.0174697 -0.0185052 -0.0218824 -0.0113971 -0.0311878 -0.0252325 0.0457645 -0.00370908 -0.0478857 0.00446386 0.0453331 -0.0286446 -0.00134373 -0.00062266 -0.0228531 0.0614316 -0.0282882 -0.0258325 -0.0187019 -0.0141055 0.0709677 -0.0270874 -0.0391267 -0.0128058 0.0386532 0.0363465 0.000188173 0.00235387 -0.0320171 0.0333554
internal_weight=799869 352143 307003 144371 162632 51560.4 447726 92810.7 4717.6 45140.1 4996.24 149932 88093.1 40143.8 96307.7 4372.91 10621.8 87413.3 52549.3 45326.5 1104.14 50659.6 23379.8 23531 136082 121615 5520.26 77471.3 10408.7 1140.1
internal_count=4183297 3834468 3614772 917750 2697022 285778 348829 631972 16614 219696 39824 2320159 615358 179872 1314542 36647 58231 1086378 607540 549272 12494 281026 134354 132296 119466 109114 7670 557127 56511 2132
cat_boundaries=0 1 2 3 4 5 6 7 8 9 10 11 12 13 14 15 16 17 18 19
cat_threshold=2 1 300 128 16 112 145 6 12 15 145 1 26 16 4 1 19 514 16
is_linear=0
shrinkage=0.08


Tree=36
num_leaves=31
num_cat=16
split_feature=47 46 31 38 33 44 32 38 40 5 47 35 45 39 4 32 32 38 41 45 7 19 19 10 32 32 7 44 45 46
split_gain=112606 3167.56 3502.97 2636.35 2050.13 2009.58 1745.4 1538.82 1435.92 1346.2 1201.24 1479.16 1179.08 1144 1068.47 929.306 922.926 841.116 799.59 1072.15 991.368 769.392 985.341 750.698 728.954 716.973 687.418 686.766 1716.15 671.036
threshold=0 1 1.0000000180025095e-35 2 1.0000000180025095e-35 3 inf 4 5 1.0000000180025095e-35 6 7 8 9 56.500000000000007 -16.980000495910641 2.5149999856948857 10 11 12 172.00000762939456 18.755000114440922 220.92499542236331 1.0000000180025095e-35 4.1449999809265146 -1.7150000333786009 250.00000762939456 13 14 15
decision_type=1 1 10 1 2 9 8 1 1 2 1 1 9 9 10 8 8 1 9 9 2 2 2 2 10 10 2 9 9 1
left_child=6 2 3 9 5 13 -1 -7 10 -2 23 17 -4 -5 18 -13 21 -12 20 -20 -6 -15 -23 25 -22 -9 -16 -3 -29 -8
right_child=1 27 12 4 14 7 29 8 -10 -11 11 15 -14 16 26 -17 -18 -19 19 -21 24 22 -24 -25 -26 -27 -28 28 -30 -31
leaf_value=0.046920977901309259 -0.015704492654845432 0.040388922209690002 -0.092307479753930582 0.032078398996018914 0.011016161935625809 -0.040602673247189303 0.037385047685772464 -0.021572225283264884 -0.047446876383473897 0.0066660277517112763 0.070000733309277544 0.071675878607553672 0.047140146383256781 -0.037057651655457248 0.15088360468595302 -0.017912160677904704 0.0045371909164958349 0.0022542818263513384 0.042065179080062028 -0.085309488746359352 0.41917795373528627 0.05389086397658354 -0.023817185475096887 -0.0054211274308013082 -0.092216777601017666 -0.035896716589564108 0.75209624417344378 0.029973341288177999 -0.054130048923712717 0.014167624605936686
leaf_weight=301696.74626720697 43109.093768486753 6097.2167596817017 405.643659921363 4333.3835691101849 120.43213801272213 46494.102432872169 123224.95042872429 40597.552510692738 15490.854716421105 28663.180353129283 1945.385472767055 751.64110787585378 6203.5208645705134 10641.54479742609 28.701261941343546 52517.462334539741 11921.4782190267 2944.4994212277234 2539.111558095552 497.83824413549155 104.58814719133079 1555.155062533915 3179.2839516084641 9154.1143302889541 21.5072166249156 49787.712419115007 21.133872693404555 5007.2907347455621 2238.8093486372381 8517.7657166421413
leaf_count=229250 230586 14661 2672 17611 1072 1174202 109678 570863 127651 161289 1531 3164 19847 64175 185 410263 70945 8427 35482 9199 550 9491 28727 128364 279 717083 126 8443 15764 10439
internal_value=0.0163904 -0.0176166 -0.0191479 -0.0203154 -0.0241321 -0.0249597 0.0435663 -0.0276742 -0.0241997 -0.00676959 -0.0219133 -0.0127803 0.0385131 -0.00610687 0.0381948 -0.0166449 -0.0121687 0.0292943 0.0326148 0.0209736 0.168342 -0.0251212 0.00170813 -0.0272517 0.331953 -0.0294627 0.405843 0.0206033 0.00395479 0.0358839
internal_weight=779812 346372 333029 326420 254647 251314 433439 219683 173189 71772.3 157698 58159 6609.16 31630.8 3333.31 53269.1 27297.5 4889.88 3283.48 3036.95 246.528 15376 4734.44 99539.4 126.095 90385.3 49.8351 13343.3 7246.1 131743
internal_count=4182019 3832652 3793784 3771265 3379390 3332497 349367 3141548 1967346 391875 1839695 423385 22519 190949 46893 413427 173338 9958 46582 44681 1901 102393 38218 1416310 829 1287946 311 38868 24207 120117
cat_boundaries=0 1 2 3 4 5 6 7 8 9 10 11 12 13 14 15 16
cat_threshold=2 1 643 1 32 6 4 8 32 1 80 1 13 2 12 1
is_linear=0
shrinkage=0.08


Tree=37
num_leaves=31
num_cat=13
split_feature=47 44 47 35 45 45 36 4 2 31 42 46 3 3 3 46 3 31 18 34 21 11 43 24 20 17 34 22 18 16
split_gain=99897.9 2956.21 2548.14 2183.56 1734.13 1369.23 1250.38 1284.12 1244.26 1300.4 1025.77 1015.76 3906.25 917.736 895.909 872.673 852.713 815.857 1147.84 779.867 716.58 709.212 1066.54 1580.72 3096.43 1282.95 849.98 1102.08 1040.52 1013.48
threshold=0 1 2 3 4 5 6 1.5000000000000002 inf inf 7 8 35.385000228881843 1.0000000180025095e-35 18.605000495910648 9 25.809999465942386 1.0000000180025095e-35 24.925001144409183 10 2.5000000000000004 24.500000000000004 11 6.5000000000000009 5.5000000000000009 48.500000000000007 12 1.0000000180025095e-35 11770.379882812502 1.0000000180025095e-35
decision_type=1 9 1 1 9 9 9 10 8 8 9 1 10 10 8 1 10 8 2 1 2 2 9 2 2 2 1 2 2 2
left_child=8 4 5 13 17 6 7 10 9 11 16 -1 14 -4 -13 19 -3 18 -2 -15 -8 -12 -23 25 -25 26 27 -24 29 -29
right_child=1 2 3 -5 -6 -7 20 -9 -10 -11 21 12 -14 15 -16 -17 -18 -19 -20 -21 -22 22 23 24 -26 -27 -28 28 -30 -31
leaf_value=0.043430989410467281 -0.025528579642274014 0.032961345227004835 0.099222158288471821 0.011002418153109397 -0.013544348306105732 -0.043839851530569275 -0.040372129021479637 -0.00049983544692640822 0.058193849795157036 0.031043911116710801 -0.014269233888957468 -0.21838718852717798 0.044351788934173755 -0.041870538898971875 -0.062859473722878076 0.035356126855375265 -0.029231359029981318 0.037425535593726467 0.022610195167275613 -0.015367681105544489 0.32723308570876619 -0.037767373080073392 -0.012282032117598578 -0.086506505731139466 2.329187735145148 -0.075325459016066937 0.044615657572331983 0.90289712406684663 -0.094996632316040747 0.32552125834376744
leaf_weight=309008.80544810742 4813.2592655979097 1436.8963971436024 440.65354432165623 24346.662292525172 21843.658101929352 22745.635199862532 23576.635313708335 18857.343084242195 26944.492283839732 76269.930735211819 34818.339640992694 277.44330142065883 6680.7702737078071 7786.6327999643981 1627.88226743415 2030.0750792585313 78059.913163330406 8613.899803891778 9286.0342094618827 81338.579652735963 33.986525055021048 657.29716716893017 86.557330494746566 7.9696866795420629 5.9173057079315186 241.82235355395824 341.57624582294375 21.609261326491833 33.664791694842279 195.36867684498429
leaf_count=246999 16191 10204 304 124109 135304 425316 198143 200299 19575 72953 519003 1124 5307 92624 3705 4575 1394204 18522 49779 609330 143 21245 1020 186 51 4599 5587 151 450 1333
internal_value=0.0154706 -0.0166689 -0.0195511 -0.0102905 0.00254663 -0.0254792 -0.022838 -0.019859 0.041562 0.0404242 -0.0230103 0.0426768 0.0155351 -0.0159497 -0.0855066 -0.0165082 -0.0281037 0.0180196 0.00617644 -0.0176896 -0.0398261 -0.0118787 0.0403371 0.0946652 0.942831 0.0828992 0.139269 0.227092 0.318819 0.383023
internal_weight=762429 341620 297063 115943 44556.9 181121 158375 134764 420809 393865 115907 317595 8586.1 91595.9 1905.33 91155.3 79496.8 22713.2 14099.3 89125.2 23610.6 36410.1 1591.78 934.486 13.887 920.599 678.776 337.2 250.643 216.978
internal_count=4182335 3832672 3612876 830942 219796 2781934 2356618 2158332 349663 330088 1958033 257135 10136 706833 4829 706529 1404408 84492 65970 701954 198286 553625 34622 13377 237 13140 8541 2954 1934 1484
cat_boundaries=0 1 2 3 4 5 6 7 8 9 10 11 12 13
cat_threshold=2 1 4 32 14 13 224 42 1 1 64 35 70
is_linear=0
shrinkage=0.08


Tree=38
num_leaves=31
num_cat=19
split_feature=47 37 46 31 47 1 42 36 37 31 45 27 41 45 1 18 7 17 42 36 34 45 37 34 46 40 19 10 34 22
split_gain=88490.1 2774.76 2507.35 2113.48 1744.25 1327.52 1038.63 1038.57 1086.22 1006.26 990.276 926.608 883.473 935.947 1159.94 863.135 819.021 879.112 731.436 726.034 752.126 724.503 722.344 716.417 687.68 1021.69 685.101 699.752 657.452 650.258
threshold=0 1 2 1.0000000180025095e-35 3 1.5000000000000002 4 5 6 inf 7 7.5000000000000009 8 9 1.5000000000000002 424.02499389648443 8.1000032424926776 32.500000000000007 10 11 12 13 14 15 16 17 3770.0500488281255 1.0000000180025095e-35 18 7.5000000000000009
decision_type=1 1 1 10 1 2 9 9 1 8 9 8 9 9 2 2 2 2 9 9 1 9 1 1 1 1 2 2 1 2
left_child=9 29 3 4 6 7 12 18 21 24 -5 -8 -3 14 -14 -16 28 -18 22 -13 -21 -9 23 -6 -1 -26 27 -22 -10 -2
right_child=1 2 -4 10 5 -7 11 8 16 -11 -12 19 13 -15 15 -17 17 -19 -20 20 26 -23 -24 -25 25 -27 -28 -29 -30 -31
leaf_value=0.042297374824489524 -0.045327850501427409 -0.016615938990221745 0.02093145574376758 -0.10816665415308148 -0.092357540137267519 0.021498342940582376 0.085472844261338901 -0.071395043879291797 0.023550253886657348 0.031704910971189125 0.038691381973790663 -0.043292521926567115 0.022977630869737177 0.021931045613395421 0.887958220838451 0.21276139255435633 0.022167952702963137 -0.091616723097915784 -0.048345963242898866 -0.039671321533378226 -0.020853278011177864 -0.013389506339565954 -0.019257850596607406 0.14776542220171129 -0.075035306281067804 0.028073697949533915 -0.052920683692693336 0.0012016404723974093 -0.012728589863167033 0.5788247038458606
leaf_weight=314859.47511954978 19654.221246743109 7225.4308938961476 12627.153116922826 300.62001880817115 100.5543312728405 8536.3573029451072 502.08729721605778 1403.4534314982593 3850.1738967224956 82260.242446199059 5765.0911498796195 10948.787688024342 52.94947165530175 4826.8339353380725 25.283154223114252 23.268757756799459 13102.185493161902 449.47484842687845 7497.4573311656713 13980.719346175902 127355.63433279563 57247.959756423719 7886.4340133965015 310.88330596312881 644.37621551379561 10481.087612848729 3981.7730552777648 9924.3614024315029 18619.386851172894 10.688594111241398
leaf_count=258055 452453 147867 34680 2092 665 15717 4715 13766 20093 78861 18366 92190 438 48799 54 169 99271 5168 41715 298150 1726869 428099 38892 1103 1625 10896 81232 148732 111222 54
internal_value=0.0145814 -0.0158116 -0.0139986 -0.0154503 -0.0164024 -0.00889732 -0.0213962 -0.0112461 -0.00807453 0.0396115 0.0312985 -0.0230417 0.00118969 0.0272753 0.256658 0.564367 0.00286006 0.018394 -0.0302315 -0.0233709 -0.0219617 -0.0147894 -0.0138259 0.088281 0.0416067 0.0220595 -0.0202063 -0.0192589 -0.00650737 -0.0449657
internal_weight=744454 336209 316544 303917 297851 119004 178847 110468 94672.6 408245 6065.71 166693 12153.8 4928.34 101.501 48.5519 36021.2 13551.7 15795.3 166191 155242 58651.4 8297.87 411.438 325985 11125.5 141262 137280 22469.6 19664.9
internal_count=4182008 3832571 3380064 3345384 3324926 775711 2549215 759994 677619 349437 20458 2351888 197327 49460 661 223 235754 104439 82375 2347173 2254983 441865 40660 1768 270576 12521 1956833 1875601 131315 452507
cat_boundaries=0 1 2 3 4 5 6 7 8 9 10 11 12 13 14 15 16 17 18 19
cat_threshold=2 16 1 4 1 104 5 32 52 2 26 25 64 2 2 36 1 1 16
is_linear=0
shrinkage=0.08


Tree=39
num_leaves=31
num_cat=18
split_feature=47 44 38 6 45 31 36 34 27 34 31 36 46 44 41 4 41 31 34 4 16 43 42 43 4 4 7 19 41 34
split_gain=74784.2 3703.79 3863.85 1444.45 1399.4 1300.51 1258.86 1312.71 1152.54 1094.62 1194.86 1072.35 939.329 1344.28 926.229 884.882 872.226 813.862 754.333 1106.68 740.978 964.912 743.516 736.948 706.454 1313.05 1056.08 1369.2 701.348 808.975
threshold=0 1 2 426.02499389648443 3 1.0000000180025095e-35 4 5 7.5000000000000009 6 inf 7 8 9 10 22.500000000000004 11 inf 12 21.500000000000004 1.0000000180025095e-35 13 14 15 45.500000000000007 41.500000000000007 779.57537841796886 1443.0150146484377 16 17
decision_type=1 9 1 2 9 8 9 1 8 1 8 9 1 9 9 10 9 8 1 10 2 9 9 9 10 10 2 2 9 1
left_child=12 5 3 6 8 28 -3 -8 -4 10 11 -10 17 14 -14 -11 -13 -1 19 -6 -17 -22 24 -9 25 26 -23 -28 29 -2
right_child=1 2 4 -5 18 -7 7 23 9 15 -12 16 13 -15 -16 20 -18 -19 -20 -21 21 22 -24 -25 -26 -27 27 -29 -30 -31
leaf_value=0.040087593084088657 -0.012803523914709019 -0.02266426213185422 0.1097363247075535 0.01981199732560348 -0.015121874245210198 0.028368299812650252 0.014421936494769456 -0.060126199118350383 -0.051389106505042137 -0.028041695255229322 0.011627512743236344 -0.028279944969514591 0.019856290983218654 0.040217735200217146 -0.038726263162853894 -0.0025697006421343911 -0.0057180398766264297 0.03084993898762178 -0.04731779682646043 0.54673568276914108 -0.054557912213324004 -0.030157598075385494 -0.016412986908948927 -0.008163184950213084 0.093099235342751413 0.67655979464815563 1.306252670704299 0.20458042361573703 -0.0078466601950695596 0.042964005732281811
leaf_weight=303429.46389277652 2749.4229569341987 26353.344995867461 429.4624693011865 13694.195246011019 4890.4255461413413 13304.954497987404 20881.089718023315 1833.9372944571078 5526.1171991284937 98564.506933668628 10379.802265553735 17499.296234836802 3614.1680725179613 7906.4995692744851 3291.4914452880621 3198.7113261688501 29392.114974276163 76409.912856839597 21738.207265118137 22.539591435343027 172.15841401275247 56.245203707367182 97.464158145710826 33446.239673716947 96.839136268943548 55.897645212709904 10.267863677814601 24.323940521106124 24462.013531373814 4204.48697129637
leaf_count=257380 28672 148251 4243 79913 62196 41495 120681 12673 46675 1697634 121712 251735 4163 6886 6319 35689 372310 73902 432165 166 2074 792 1121 222516 1038 261 71 276 132037 17196
internal_value=0.0138984 -0.0140166 -0.0173388 -0.00424953 -0.0238909 0.00740496 -0.00824332 -0.00147208 -0.021148 -0.0214898 -0.0131687 -0.0180814 0.0374586 0.0176942 -0.00809364 -0.026595 -0.0141421 0.0382293 -0.0409099 -0.0125187 0.0117472 0.100983 0.175942 -0.0108806 0.250523 0.37149 0.183762 0.531589 -0.00147322 0.020928
internal_weight=727736 333084 288363 96208.8 192154 44720.9 82514.6 56161.3 165503 165074 62797.3 52417.5 394652 14812.2 6905.66 102276 46891.4 379839 26651.2 4912.97 3711.91 513.196 341.038 35280.2 243.574 146.735 90.837 34.5918 31415.9 6953.91
internal_count=4182242 3833592 3614192 584034 3030158 219400 504121 355870 2535631 2531388 792432 670720 348650 17368 10482 1738956 624045 331282 494527 62362 41322 5633 3559 235189 2438 1400 1139 347 177905 45868
cat_boundaries=0 1 2 3 4 5 6 7 8 9 10 11 12 13 14 15 16 17 18
cat_threshold=2 1 659 13 90 116 11 10 1 1 38 18 5 4 25 35 21 96
is_linear=0
shrinkage=0.08


Tree=40
num_leaves=31
num_cat=15
split_feature=47 44 38 36 37 12 47 2 32 46 3 32 6 4 3 36 45 38 32 38 3 37 37 18 33 17 38 37 18 7
split_gain=68626.1 2857.87 3403.62 2396.69 1501.9 1402.2 1410.37 1325.88 1876.81 1613.14 2484.7 1396.51 1211.12 1149.54 1069.24 1111.25 1065.87 1043.92 1032.88 1016.12 1010.52 940.04 906.758 880.261 856.686 811.146 800.135 775.693 1428.5 1549.58
threshold=0 1 2 3 4 1.0000000180025095e-35 5 inf -10.114999771118162 6 56.534999847412116 -10.114999771118162 448.59999084472662 1.5000000000000002 450.30499267578131 7 8 9 23.935000419616703 10 78.599998474121108 11 12 15267.750000000002 1.0000000180025095e-35 9.5000000000000018 13 14 269.77499389648443 1200.3499755859377
decision_type=1 9 1 9 1 2 1 8 10 1 10 8 2 10 10 9 9 1 10 1 10 1 1 2 2 2 1 1 2 2
left_child=7 14 13 4 5 6 18 8 9 -1 11 -11 17 21 22 -16 -15 -5 23 -6 25 24 26 -4 -3 -14 -2 28 -7 -30
right_child=1 2 3 12 19 27 -8 -9 -10 10 -12 -13 20 16 15 -17 -18 -19 -20 -21 -22 -23 -24 -25 -26 -27 -28 -29 29 -31
leaf_value=0.028050120256188332 0.014113963674335905 -0.023509397071942644 -0.026776949469956079 -0.014736727857656215 -0.042040278578276427 0.089765552311324034 0.0085523234178009819 0.053622788409901409 0.038212795770479521 -0.28410912982777164 0.032074563993781918 -0.055820296933693836 -0.0013834153102680888 0.033836442938521387 0.049402850576197158 -0.067524520164008756 -0.047084630734322279 -0.038152418021999715 0.0991809234038038 -0.010820267952356312 -0.0075375531514193473 -0.038486609179523817 0.0070618661719352004 0.34370286319040183 0.061938375297983961 0.15239314274755505 -0.0357368959306784 0.0070078495787262596 -0.011213486352820618 0.1524630768967124
leaf_weight=108639.52101030946 2921.2441055998206 34472.165682895109 20583.948084632866 19878.98480058834 8190.211114034988 2167.0782103585079 15112.24781518057 24181.385240234435 245934.00570653379 184.00041308626533 3299.0248149186373 2523.5915444903076 408.25252735614777 3294.240733624436 5001.0227738264948 572.97400325164199 1511.8498320216313 31655.764108901843 430.38523869030178 35956.652405114844 11333.900041181594 53649.756670508534 28729.369478259236 41.127210637554526 767.65315099619329 474.90861878916621 6968.2084456924349 40023.560162109323 3208.4699606914073 418.47032078169286
leaf_count=107461 14516 666937 224845 103456 116094 19796 71436 19859 213084 887 3108 5535 2226 47998 38402 2957 25116 257856 3473 235431 79552 1271719 104836 278 12920 1637 58693 432598 35675 3450
internal_value=0.0125731 -0.0143262 -0.0172751 -0.0111165 -0.00472575 0.00168049 -0.0100949 0.0354883 0.0342721 0.0258188 -0.0145388 -0.0713342 -0.0237579 -0.0297517 0.00459666 0.0373509 0.00835357 -0.0291303 -0.0234787 -0.0166205 -0.00111498 -0.0318154 -0.000130881 -0.0260382 -0.0216419 0.081308 -0.0210121 0.0109762 0.03831 0.00767124
internal_weight=712534 327772 283580 189884 126132 81985.3 36167.7 384762 360580 114646 6006.62 2707.59 63751.8 93695.7 44192.8 5574 4806.09 51534.7 21055.5 44146.9 12217.1 88889.6 38618.8 20625.1 35239.8 883.161 9889.45 45817.6 5794.02 3626.94
internal_count=4181831 3831897 3612493 1587803 1143076 791551 300032 349934 330075 116991 9530 6422 444727 2024690 219404 41359 73114 361312 228596 351525 83415 1951576 178045 225123 679857 3863 73209 491519 58921 39125
cat_boundaries=0 1 2 3 4 5 6 7 8 9 10 11 12 13 14 15
cat_threshold=2 1 44 128 105 4 1 137 41 643 256 42 24 340 72
is_linear=0
shrinkage=0.08


Tree=41
num_leaves=31
num_cat=16
split_feature=47 2 37 47 34 2 36 35 1 19 40 34 3 4 42 4 34 4 13 40 42 3 6 36 12 3 45 42 4 34
split_gain=57067.6 2209.24 2106.1 1932.83 1365.06 1285.31 1231.33 1154.85 1126.2 1064.84 981.241 978.17 987.772 930.066 918.999 953.152 855.813 847.599 836.367 745.285 722.66 823.493 697.839 680.179 674.612 870.515 673.429 701.788 671.235 671.52
threshold=0 inf 1 2 3 inf 4 5 2.5000000000000004 1493.2750244140627 6 7 93.854999542236342 inf 8 1.5000000000000002 9 31.500000000000004 699.02499389648449 10 11 129.52500152587893 1364.7099609375002 12 16058.974609375002 341.24499511718756 13 14 30.500000000000004 15
decision_type=1 8 1 1 1 8 9 1 2 2 1 1 10 8 9 8 1 8 2 1 9 10 2 9 2 10 9 9 10 1
left_child=5 2 3 8 -5 16 7 -6 14 17 13 12 -4 -3 15 -2 -1 28 -17 -9 21 23 -19 -14 -23 -26 27 -21 29 -10
right_child=1 10 11 4 6 -7 -8 19 9 -11 -12 -13 20 -15 -16 18 -18 22 -20 26 -22 24 -24 -25 25 -27 -28 -29 -30 -31
leaf_value=0.036473421505017325 -0.013124607622805652 -0.085635430765802337 0.0094122676973469165 -0.01502222485771736 0.038987284759621849 0.052040332956423539 -0.03056378533172421 0.026356844711254608 0.10867339769603024 -0.038720451982773386 -0.06558046413525126 -0.025703285220077841 0.075986396614996274 0.031495748044272534 -0.019371355415296537 0.0039815503326408978 0.028553877838637207 -0.013313501241236328 0.057446283909526184 0.07217934401406717 -0.034423831484834758 -0.014420591792676548 0.20559825969460249 -0.08361593236014446 0.35352725437165788 -0.10217752454228103 -0.0018887394463348312 -0.0058947440192259372 0.44478672036054467 0.029874890887167906
leaf_weight=169937.30856375024 26240.685292595066 614.67255843803287 11778.426131159067 18318.063757856376 9360.0989104658365 22680.370329339057 4381.3391471505165 10567.482853487134 809.22960261907429 2121.611950520426 6970.5625488068908 70575.471479179338 1129.1528561711311 1474.8990700170398 80245.870733101852 10493.975256971084 181048.44929647073 3299.5387409757823 2279.3175280625001 1674.5143755134195 10806.379786182195 16369.108764446341 95.904788434505463 194.01542533934116 70.806901052594185 43.193765418604016 28927.861288292333 1314.7391794286668 26.568949554115534 4694.9192556105554
leaf_count=151228 484179 2777 68866 194415 32725 19450 21210 50375 13955 47248 33208 871039 6647 3034 1349388 108033 178690 33418 22778 7237 76662 116763 850 1303 159 382 201367 6554 127 78686
internal_value=0.0122619 -0.0122608 -0.0111435 -0.00633411 0.0039397 0.0335829 0.0101182 0.0135615 -0.0122119 0.0122237 -0.0512104 -0.0200195 -0.0100842 -0.0029457 -0.0144755 -0.0043993 0.0323901 0.0243323 0.013522 0.00795186 -0.0181134 -0.00819095 -0.00713031 0.0525263 -0.01307 0.180865 0.00185178 0.0379355 0.043648 0.0417117
internal_weight=698545 324878 315818 204852 74544.1 373666 56226 51844.7 130308 11047.8 9060.13 110967 40391.1 2089.57 119260 39014 350986 8926.16 12773.3 42484.6 28612.7 17806.3 3395.44 1323.17 16483.1 114.001 31917.1 2989.25 5530.72 5504.15
internal_count=4182753 3833385 3794366 2652545 513883 349368 319468 298258 2138662 174284 39019 1141821 270782 5811 1964378 614990 329918 127036 130811 265533 201916 125254 34268 7950 117304 541 215158 13791 92768 92641
cat_boundaries=0 1 2 3 4 5 6 7 8 9 10 11 12 13 14 15 16
cat_threshold=2 105 4 96 178 9 8 3 19 28 4 56 145 8 25 18
is_linear=0
shrinkage=0.08


Tree=42
num_leaves=31
num_cat=14
split_feature=32 41 43 35 2 31 40 25 34 49 4 4 46 21 33 34 4 17 13 46 46 33 8 17 40 19 22 44 44 44
split_gain=1223.89 1048.17 1585.44 769.507 731.206 599.277 749.792 405.056 398.762 447.828 489.428 397.383 396.137 384.531 375.345 360.758 358.881 387.131 356.031 377.015 354.432 494.652 346.336 465.598 333.265 339.574 313.574 309.902 459.62 305.286
threshold=-10.114999771118162 0 1 2 1.0000000180025095e-35 1.0000000180025095e-35 3 7.5000000000000009 4 5 inf 1.5000000000000002 6 1.0000000180025095e-35 1.5000000000000002 7 1.0000000180025095e-35 18.500000000000004 54.00000190734864 8 9 1.0000000180025095e-35 4.5000000000000009 18.500000000000004 10 3260.9499511718755 1.5000000000000002 11 12 13
decision_type=8 9 9 1 8 10 1 8 1 9 8 8 1 2 2 1 10 2 2 1 1 2 2 2 1 2 2 9 9 9
left_child=4 2 -2 15 18 7 -7 22 -9 10 -10 12 13 -11 -13 -3 -15 -18 19 -1 -8 27 -5 -24 25 -20 -16 -22 -29 -14
right_child=1 3 -4 5 -6 6 20 8 9 11 -12 14 29 16 26 -17 17 -19 24 -21 21 -23 23 -25 -26 -27 -28 28 -30 -31
leaf_value=0.0093134882753690817 0.052423838837404715 0.037542902142524572 0.0038767100941541357 0.038340301785920496 0.050818604635176262 -0.14366784390169737 0.037372484698431234 0.012960468908120604 0.10174819781105925 0.0049000531165189478 0.61012161389210418 0.010685841805920492 0.040987218559423805 0.019292549653323259 0.080217942554300911 0.017601807190015747 0.41513213360412143 0.02027816136277381 0.072885772591324699 -0.060286291646153255 0.046270399294610826 0.11849181874504761 0.51941220420850243 0.052158489354938407 0.020019719291766304 -0.19126468625150086 0.37606521213693789 0.020281941110712274 -0.050332260300078313 0.0091323404533340154
leaf_weight=2780.5626990040764 9400.3762299790978 7441.3948151888326 7952.4166006650776 2145.7408169126138 7605.2834911388345 153.19130488857627 9051.4669923186302 135543.75683105923 62.636344726197422 255490.92045925837 15.027885215356944 192727.35542306956 3584.1859695184976 10558.533958291635 107.48761456087232 26793.436460750178 30.559213798493147 33.108889952301979 1226.0538917155936 606.81094178371131 662.33903016522527 234.64528204873204 22.679246656596661 34.276011899113655 5536.4132579467259 31.95858890004456 29.146470932289958 1159.1656578611583 1201.2747301589698 4160.5427852123976
leaf_count=14552 11983 24819 20670 13225 16754 995 21894 743766 474 2072976 60 916098 6888 110683 449 141184 174 127 3890 1554 829 410 45 193 38367 322 29 1506 8255 9917
internal_value=0.0113396 0.0107886 0.0301908 0.010271 0.0320509 0.00962283 0.0269881 0.00926503 0.0091398 0.00802995 0.200118 0.00799816 0.00603919 0.00552012 0.0107798 0.021946 0.0204344 0.209799 0.0180323 -0.00315455 0.029205 0.00659954 0.0435085 0.238216 0.0285951 0.0656534 0.143327 -0.00208618 -0.015655 0.0238745
internal_weight=686383 668596 17352.8 651243 17787.1 617008 12462.1 604546 602343 466800 77.6642 466722 273858 266113 192864 34234.8 10622.2 63.6681 10181.8 3387.37 12308.9 3257.42 2202.7 56.9553 6794.43 1258.01 136.634 3022.78 2360.44 7744.73
internal_count=4183088 4107649 32653 4074996 75439 3908993 33889 3875104 3861641 3117875 534 3117341 2200765 2183960 916576 166003 110984 301 58685 16106 32894 11000 13463 238 42579 4212 478 10590 9761 16805
cat_boundaries=0 1 2 3 4 5 6 7 8 9 10 11 12 13 14
cat_threshold=16 4 16 1 4 2 1 99 1 1 4 2 1 2
is_linear=0
shrinkage=0.08


Tree=43
num_leaves=31
num_cat=12
split_feature=47 32 4 32 7 46 3 47 43 35 46 3 3 18 43 45 25 1 32 3 40 48 40 41 4 25 3 17 16 3
split_gain=52958.4 2512.22 1214.04 1210.65 1166.34 1147.08 1446.03 819.779 1154.29 1025.6 752.284 1374.81 963.6 658.893 963.27 631.352 623.882 622.173 602.932 1137.12 632.624 581.441 566.807 674.14 553.662 896.796 660.509 549.055 594.988 641.795
threshold=0 -4.194999933242797 1.0000000180025095e-35 inf 18.750015258789066 1 inf 2 3 4 5 35.854999542236335 1.0000000180025095e-35 10495.600585937502 6 7 1.0000000180025095e-35 1.0000000180025095e-35 -16.980000495910641 126.15500259399415 8 9 10 11 6.5000000000000009 7.5000000000000009 255.35500335693362 16.500000000000004 2.5000000000000004 217.80500030517581
decision_type=1 10 8 8 2 1 8 1 9 1 1 10 10 2 9 9 8 2 8 10 1 9 1 9 10 10 10 2 2 10
left_child=3 5 15 17 7 6 18 8 13 -9 12 -12 -5 24 -15 27 -17 -1 19 20 -2 22 23 -20 -4 -26 -27 28 -3 -30
right_child=1 2 4 10 -6 -7 -8 9 -10 -11 11 -13 -14 14 -16 16 -18 -19 21 -21 -22 -23 -24 -25 25 26 -28 -29 29 -31
leaf_value=0.032081546292286038 0.20932396753585827 -0.014772212986517432 0.037619871887549707 0.061457166282103196 -0.00093673632462697696 0.02989114486479158 0.0908811590326081 -0.015330341829824798 -0.032263355208033972 0.026991639079867905 -0.031965290366167791 0.037780072871344106 0.024514246312310452 0.39670392952773059 -0.076820312978408814 0.13960163790353741 -0.030146862315890359 0.041286512844586433 0.02619947295780958 -0.0014819563810770659 0.059021624186368485 0.069011064755978915 -0.006555725731326071 -0.039624148596732744 -0.035145191575978937 0.42197583711033732 -0.091795879457049076 -0.037254873945205158 0.4107325811233718 0.030989034619005054
leaf_weight=185157.74084636942 218.93934801034629 44471.535447941627 1992.5572506794706 4728.7211846970022 37867.89864047803 6167.8600925765932 985.26250242441893 21538.448449809104 30292.230624681339 4406.5658577624708 3995.5588553100824 3304.9673210866749 101745.26842261851 56.918456183746457 47.312760974280536 138.89319800725207 59616.584329354111 62979.093991681933 1175.5978075154126 3522.4450370436534 983.47159416228533 627.00046366360039 93121.181845261715 6368.2872573826462 1728.0103820320219 48.480479903519154 23.914397126063704 7822.4371972335503 42.793767564930022 85.17919041402638
leaf_count=176794 512 592622 13245 3447 347613 16430 907 125870 337573 9943 7490 2971 106246 237 578 704 924883 52800 2491 34213 5149 5052 1182397 50437 19913 110 350 159691 361 1248
internal_value=0.0102632 -0.0132653 -0.0184396 0.0312847 -0.0119347 -0.00365556 -0.00558927 -0.0188603 -0.0269971 -0.00813778 0.0244516 -0.000391382 0.026155 0.0139831 0.212451 -0.0241226 -0.0297473 0.0344178 -0.00648581 0.021448 0.0886209 -0.00778881 -0.00826716 -0.0293455 0.00856609 -0.0235885 0.25226 -0.017702 -0.0142765 0.157974
internal_weight=685261 323350 210180 361911 98002.3 113170 107002 60134.4 34189.4 25945 113775 7300.53 106474 3897.19 104.231 112177 59755.5 248137 106017 4724.86 1202.41 101292 100665 7543.89 3792.96 1800.41 72.3949 52421.9 44599.5 127.973
internal_count=4182277 3832529 2534941 349748 855432 1297588 1281158 507819 372006 135813 120154 10461 109693 34433 815 1679509 925587 229594 1280251 39874 5661 1240377 1235325 52928 33618 20373 460 753922 594231 1609
cat_boundaries=0 1 2 3 4 5 6 7 8 9 10 11 12
cat_threshold=2 1 4 7 32 1 1 12 2 1 8 16
is_linear=0
shrinkage=0.08


Tree=44
num_leaves=31
num_cat=16
split_feature=38 2 32 4 37 45 38 34 38 34 2 38 42 48 3 21 26 13 32 16 11 45 3 3 37 38 45 40 5 38
split_gain=1420.08 1272.2 1441.6 1163.19 845.443 780.216 4590.01 723.62 697.84 645.203 653.715 698.249 581.012 518.872 495.909 464.396 448.558 417.757 533.332 471.667 784.533 536.77 407.595 389.353 477.254 687.462 640.535 489.992 453.437 431.997
threshold=0 inf -4.0150001049041739 1.5000000000000002 1 2 3 4 5 6 2.5000000000000004 7 8 9 283.66500854492193 1.0000000180025095e-35 1.0000000180025095e-35 495.12500000000006 81.680000305175795 2.5000000000000004 6.5000000000000009 10 211.18499755859378 450.30499267578131 11 12 13 14 7.5000000000000009 15
decision_type=1 8 10 8 1 9 1 1 1 1 8 1 9 9 10 2 8 2 8 2 2 9 10 8 1 1 9 1 2 1
left_child=3 4 14 16 13 9 8 12 22 -5 11 15 -6 -2 -3 -11 -1 18 -9 21 -21 -19 -7 24 29 -26 -27 -28 -25 -18
right_child=1 2 -4 5 7 6 -8 17 -10 10 -12 -13 -14 -15 -16 -17 23 19 -20 20 -22 -23 -24 28 25 26 27 -29 -30 -31
leaf_value=0.15514305632621531 0.010997898620329308 0.056684031776921544 -0.014874321951480692 0.039599374337687204 0.01259931644592643 0.052298870760043518 -0.089458743868460505 0.0057922849068877472 0.0083877664103042399 0.03649494046630504 0.00040340885707402499 0.018758630538496832 0.0034957077307336808 0.092467553181579343 0.01379064267602036 0.13103575834905165 0.027166093547487238 -0.036895061240979327 -0.0071227698339006674 0.53049353261614574 0.045353150773261623 -0.005652636098824145 -0.018878235811351333 0.033348270381606156 0.0056107958511171412 -0.11527416558926902 0.028069122566524655 -0.027256236903561239 -0.031466984682876301 0.0066255368932228676
leaf_weight=132.82416635379195 195012.16457556188 7784.7452922835946 3150.9499157592654 16112.794860022143 82954.864646505099 5412.4549086689949 2676.9162225686014 69680.558148870245 7143.006576679647 16403.493393629789 8086.2772080749273 38012.465125005692 97768.744635942392 501.60727029293776 2216.1257696859539 339.40949105843902 9270.0368317700922 4318.8580728601664 28972.328580926172 22.328570162411779 478.5697425105609 18891.037068169098 569.04110627435148 6099.2510122600943 21039.643704688177 442.95436967536807 1254.9079380780458 5432.704090109095 779.01233835332096 22377.164934489876
leaf_count=160 1342626 7405 13933 35157 552920 9898 11938 604366 21371 34805 18633 116567 556368 4865 4916 466 26395 81838 244909 208 6578 270375 1971 17079 86525 2683 2770 21892 3900 78783
internal_value=0.00981741 0.00775246 0.0323122 0.0163558 0.00710479 0.0220571 0.00581557 0.00445846 0.0253013 0.0253036 0.0216324 0.0247714 0.00767487 0.0112063 0.0471791 0.0383885 0.00827448 -0.000292203 0.0019994 -0.00982693 0.0669793 -0.0114845 0.0454516 0.00798199 0.00590928 -0.00166611 -0.0231154 -0.0168482 0.0260075 0.0126489
internal_weight=673337 511753 13151.8 161584 498601 94755.9 15801.4 303087 13124.5 78954.4 62841.6 54755.4 180724 195514 10000.9 16742.9 66828.5 122364 98652.9 23710.8 500.898 23209.9 5981.5 66695.7 59817.4 28170.2 7130.57 6687.61 6878.26 31647.2
internal_count=4182300 3691307 26254 490993 3665053 250806 45178 2317562 33240 205628 170471 151838 1109288 1347491 12321 35271 240187 1208274 849275 358999 6786 352213 11869 240027 219048 113870 27345 24662 20979 105178
cat_boundaries=0 1 2 3 4 5 6 7 8 9 10 11 12 13 14 15 16
cat_threshold=643 106 13 514 15 512 112 129 25 1 34 86 514 32 8 129
is_linear=0
shrinkage=0.08


Tree=45
num_leaves=31
num_cat=15
split_feature=47 38 44 37 32 2 34 47 2 32 46 3 32 35 32 12 17 36 0 34 36 5 37 32 3 2 47 3 38 37
split_gain=43969.5 3067.15 2339.31 2050.13 1606.89 1566.14 1504.39 1269.93 1116.68 1632.88 1329.34 2111.74 1101.71 1067.08 1020.2 980.772 872.018 810.149 799.966 1007.66 734.904 780.527 776.445 679.195 673.086 671.208 665.646 632.148 630.674 689.607
threshold=0 1 2 3 -1.8250000476837156 inf 4 5 inf -4.6649999618530265 6 60.504999160766609 -4.6649999618530265 7 3.0649999380111699 1.0000000180025095e-35 26.500000000000004 8 1.5000000000000002 9 10 32.500000000000007 11 -16.980000495910641 674.06500244140636 1.0000000180025095e-35 12 inf 13 14
decision_type=1 1 9 1 10 8 1 1 8 10 1 10 8 1 8 2 2 9 2 1 9 2 1 8 8 8 1 8 1 1
left_child=8 5 14 -4 7 15 -7 18 9 10 -1 12 -12 -9 26 -2 -8 -16 19 -5 21 -6 -22 -13 -15 -20 -3 -21 29 -27
right_child=1 2 3 4 20 6 16 13 -10 -11 11 23 -14 24 17 -17 -18 -19 25 27 22 -23 -24 -25 -26 28 -28 -29 -30 -31
leaf_value=0.022298387089927135 -0.0037885011413895621 -0.021700694727212901 -0.0550249448404002 -0.045387803295514416 -0.052928698901085557 0.031837099023278588 -0.067137254279232644 0.047908364802255569 0.047083728664588459 0.03201491237162403 -0.20957575288485042 -0.072660289373648407 -0.04833606807688294 -0.0038036362144808549 -0.053019528578067715 0.015222747861988408 0.14012336103803716 0.020386935985323203 -0.020046578602257205 -0.0017749889647345266 -0.02840328118508971 0.33549778530108887 -0.014382745302504822 0.040600986643970015 0.072221497451900291 0.31238718240089952 0.0079320395530058114 0.15820280661955469 -0.061323876257673882 -0.0035207460473271764
leaf_weight=113670.95624146238 35893.039077972993 12527.063592510298 10004.600484850351 3735.9379941141233 6288.4526863023639 1499.0897297151387 4301.6000251807272 3076.2473912462592 20305.495224557817 209561.31440838054 302.19240050762892 382.06035758554935 2645.2552570924163 26839.56498464942 1013.078785404563 33647.743829686195 133.96477882564068 16443.086711185053 24456.120051148348 23132.149705965072 62274.459224474616 33.284571815282106 42686.496121133678 2996.3193423487246 766.5963446740061 36.823410808108747 7918.1071658916771 159.16864991188049 4903.7699476713315 799.4792498415336
leaf_count=120681 192612 92093 377673 70673 55973 2766 17791 5188 19704 199366 1188 853 5588 231754 4614 188411 268 78667 540861 318108 902247 154 620491 2517 5512 569 30927 91 80591 15252
internal_value=0.00923279 -0.0120721 -0.0163831 -0.019697 -0.017919 0.00204343 -0.0374042 -0.0098353 0.0288756 0.0277537 0.020312 -0.0153815 -0.0648675 0.00329615 0.00190351 0.00541021 -0.0607405 0.0161081 -0.0168762 -0.00687818 -0.0243061 -0.0508032 -0.0227032 0.0277923 -0.00169188 -0.025825 -0.0102244 -0.000681437 -0.0504444 0.0139159
internal_weight=672434 322570 247094 209193 199189 75475.4 5934.65 87905.9 349864 329558 119997 6325.83 2947.45 30682.4 37901.3 69540.8 4435.56 17456.2 57223.4 27027.3 111283 6321.74 104961 3378.38 27606.2 30196.2 20445.2 23291.3 5740.07 836.303
internal_count=4183183 3833286 3431438 3225137 2847464 401848 20825 1268599 349897 330193 130827 10146 6776 242454 206301 381023 18059 83281 1026145 388872 1578865 56127 1522738 3370 237266 637273 123020 318199 96412 15821
cat_boundaries=0 1 2 3 4 5 6 7 8 9 10 11 12 13 14 15
cat_threshold=2 643 1 16 112 4 1 8 89 64 25 5 4 4 66
is_linear=0
shrinkage=0.08


Tree=46
num_leaves=31
num_cat=16
split_feature=47 38 42 44 2 2 32 33 47 38 3 47 32 45 27 34 40 19 25 34 11 44 33 34 42 38 38 13 19 32
split_gain=39008.4 2539.26 1844.35 1842.86 1226.34 1150.26 1603.12 1117.02 1067.18 1041.04 1000.57 898.77 852.059 809.29 774.572 769.867 1095.71 2250.27 765.253 689.204 681.143 675.084 693.223 701.263 673.087 642.798 635.966 619.692 612.898 748.771
threshold=0 1 2 3 inf inf -10.114999771118162 1.0000000180025095e-35 4 5 25.809999465942386 6 0.13499999791383746 7 7.5000000000000009 8 9 559.92501831054699 8.5000000000000018 10 9.5000000000000018 11 1.0000000180025095e-35 12 13 14 15 1.0000000180025095e-35 1349.5150146484377 -4.194999933242797
decision_type=1 1 9 9 8 8 10 2 1 1 10 1 10 9 8 1 1 2 10 1 2 9 2 1 9 1 1 2 2 8
left_child=5 3 4 8 7 6 26 9 10 19 -2 -11 -4 14 -5 16 17 -15 -13 -3 -12 22 28 -24 -10 27 -1 -14 29 -16
right_child=1 2 12 13 -6 -7 -8 -9 24 11 20 18 25 15 21 -17 -18 -19 -20 -21 -22 -23 23 -25 -26 -27 -28 -29 -30 -31
leaf_value=0.031030217225135753 -0.046438645440294274 0.065209045225659165 -0.008205674940572668 0.10047119444483739 -0.05564002662561409 0.045871034678726857 0.029796236669029783 0.060443726052683208 -0.022431232222124363 -0.0074500769804323975 0.0055364202102897286 0.0086855727184465686 -0.024497525059082037 -0.018317036032826327 0.0066741281047264667 -0.053226164202796786 -0.024493093776184645 0.43332192890354221 0.17960132853839533 0.013139582963592409 -0.057232813901588166 -0.082530825910815606 -0.048742846743230171 0.07364941570434963 0.033296815226874707 -0.030348353808098669 0.014761166533405463 0.0077593785161659346 -0.04247975990336568 -0.024006155858136972
leaf_weight=18799.631474122405 4403.9352604560554 2435.9007770996541 68735.225072090514 320.58629133086652 2344.0728554241359 19568.824058249593 217557.91676057316 2113.4598361579701 1757.8344065714628 51698.316055752337 9963.3699983330444 32003.554899106734 8315.9121840596199 201.66311592143029 5595.6232259706594 11393.309647994582 1892.6848635422066 108.6410021437332 168.53953073918819 4910.2690608184785 1244.649621845223 1246.3374402038753 439.17541660554707 903.46328692603856 6494.4920312743634 26150.798999371938 84986.859893113375 7037.1122631803155 10111.531214746647 56463.243724555708
leaf_count=18159 40516 8147 504704 3262 10357 19684 213468 14173 7484 582089 62375 175095 46242 2632 148580 331380 34585 646 222 22749 13920 21847 9460 14696 26468 252153 98332 40436 307295 1150779
internal_value=0.00823378 -0.011899 -0.00661666 -0.0215615 0.00151069 0.0270402 0.0258935 0.00294625 -0.0018296 0.00161405 -0.0141293 -0.000916988 -0.0136697 -0.0268741 -0.0236107 -0.044845 -0.00145504 0.135442 0.00958095 0.0304704 -0.0014341 -0.0241459 -0.0231561 0.0338006 0.0214393 -0.0227221 0.0177125 -0.00970614 -0.0242157 -0.0212398
internal_weight=659367 318454 205913 112541 95674.1 340913 321344 93330 23864.3 91216.6 15612 83870.4 110239 88676.3 75080 13596.3 2202.99 310.304 32172.1 7346.17 11208 74759.4 73513 1342.64 8252.33 41503.8 103786 15353 72170.4 62058.9
internal_count=4181935 3832292 1656367 2175925 812832 349643 329959 802475 150763 788302 116811 757406 843535 2025162 1655919 369243 37863 3278 175317 30896 76295 1652657 1630810 24156 33952 338831 116491 86678 1606654 1299359
cat_boundaries=0 1 2 3 4 5 6 7 8 9 10 11 12 13 14 15 16
cat_threshold=2 44 25 1 4 129 4 13 4 4 36 2 40 34 643 513
is_linear=0
shrinkage=0.08


Tree=47
num_leaves=31
num_cat=12
split_feature=1 41 43 38 38 36 42 19 38 42 17 17 38 34 1 38 18 1 4 18 17 19 21 4 4 18 12 38 9 17
split_gain=708.704 706.375 1357.63 906.476 622.001 549.825 634.195 518.716 509.306 545.929 444.264 810.218 423.147 417.864 861.835 465.789 479.568 809.637 512.052 458.75 458.946 1053.27 456.343 452.702 428.342 375.684 829.214 937.073 562.863 945.672
threshold=2.5000000000000004 0 1 2 3 4 5 1396.0050048828127 6 7 101.50000000000001 103.50000000000001 8 9 1.0000000180025095e-35 10 4623.9150390625009 1.5000000000000002 43.500000000000007 15267.750000000002 24.500000000000004 327.26499938964849 3.5000000000000004 68.500000000000014 44.500000000000007 2058.6999511718755 63.000007629394538 11 1.0000000180025095e-35 11.500000000000002
decision_type=2 9 9 1 1 9 9 2 1 9 2 2 1 1 2 1 2 2 8 2 2 2 2 10 8 2 2 1 2 2
left_child=1 2 3 -1 7 8 25 10 -6 -10 -3 -12 -2 15 -15 16 18 -18 -8 20 21 -19 -17 -16 -20 -7 27 -27 -28 -30
right_child=12 4 -4 -5 5 6 13 -9 9 -11 11 -13 -14 14 23 22 17 19 24 -21 -22 -23 -24 -25 -26 26 28 -29 29 -31
leaf_value=0.061207885821709357 0.056903762640313639 0.0035302265853787221 -0.0010909601304265786 0.0012782972355083434 0.027093536439830382 0.017608699232844492 0.009317762121692259 -0.012840876122890019 -0.0069917041368343525 0.0064063966447813628 0.51794890121650139 0.059389877004009543 0.016987059088468343 0.0037583490492181337 0.022107837736364887 0.0096155701819108791 0.037644415613908085 0.44912875793356888 0.13425140960968748 -0.060594675136216275 0.35188057446148863 -0.080629858307745675 0.29963017079208004 0.35935675565253866 0.028672305191816461 0.44070482729530308 0.029780873907889985 0.024965190361060659 0.44966349120344185 0.07674024356685151
leaf_weight=6330.0739816464484 1782.0615647546947 110325.59885937441 7331.301823456306 2178.700447242707 5092.4337235726416 16233.92186791636 17160.477872554213 13441.742300063837 32482.324621567503 48532.861345842481 26.953601572196931 289.78250452270731 34735.581827833317 142743.82556074485 17406.232912130654 176236.92386409268 1170.0714265927672 38.432644926011562 251.21991038694978 38.083221517503262 112.89141334220767 64.047557394951582 34.731015771627426 25.511010751128197 11683.116384387016 60.696582492440939 4053.9795568073168 83.189880494959652 53.252298383973539 238.10698840022087
leaf_count=6194 4586 1084437 20268 5778 11151 82883 64440 269307 134216 196013 82 1085 250721 726030 90156 1169322 3206 45 632 207 243 424 203 47 32956 146 25807 326 119 1269
internal_value=0.00812793 0.00748368 0.0241545 0.0458822 0.00704149 0.00836206 0.00964652 0.00199882 0.00257846 0.00103435 0.00380185 0.0984123 0.0189552 0.00887703 0.00580866 0.0112533 0.02038 0.0657244 0.0181684 0.195355 0.240614 0.118043 0.00967216 0.0226014 0.0308948 0.0232618 0.0437563 0.232703 0.0374997 0.1449
internal_weight=650238 613720 15840.1 8508.77 597880 473796 387689 124084 86107.6 81015.2 110642 316.736 36517.6 366966 160176 206790 30518.3 1423.53 29094.8 253.455 215.372 102.48 176272 17431.7 11934.3 20723.1 4489.23 143.886 4345.34 291.359
internal_count=4182299 3926992 32240 11972 3894752 2539841 2198461 1354911 341380 330229 1085604 1167 255307 2087911 816233 1271678 102153 4125 98028 919 712 469 1169525 90203 33588 110550 27667 472 27195 1388
cat_boundaries=0 1 2 3 4 5 6 7 8 9 10 11 12
cat_threshold=16 4 645 160 88 1 1 35 512 92 514 10
is_linear=0
shrinkage=0.08


Tree=48
num_leaves=31
num_cat=10
split_feature=47 47 35 44 42 32 34 3 32 33 32 34 13 3 42 43 22 21 32 3 3 32 7 18 19 43 1 4 4 18
split_gain=33623.4 1742.35 1310.19 1209.05 1095.4 1085.18 1056.42 964.582 934.991 804.758 825.317 809.937 782.402 777.142 735.966 701.712 1376.57 1311.58 1163.24 680.771 652.713 636.185 629.944 726.386 907.044 1513.56 776.85 956.562 751.531 1220.48
threshold=0 1 2 3 4 inf 5 19.115000724792484 26.865000724792484 1.0000000180025095e-35 -7.9249999523162833 6 4240.1750488281259 73.155002593994155 7 8 3.5000000000000004 1.0000000180025095e-35 -6.6649999618530265 268.88999938964849 425.96499633789068 -77.97499847412108 360.52499389648443 1875.9500122070315 489.87500000000006 9 3.5000000000000004 1.0000000180025095e-35 1.5000000000000002 3403.7399902343755
decision_type=1 1 1 9 9 8 1 8 10 2 10 1 2 10 9 9 2 2 8 8 10 10 2 2 2 9 2 10 8 2
left_child=5 3 9 7 6 -1 15 -2 -4 10 21 12 20 -8 22 16 17 19 -19 -5 -11 -3 23 -15 25 -25 -26 -28 29 -27
right_child=1 2 8 4 -6 -7 13 -9 -10 11 -12 -13 -14 14 -16 -17 -18 18 -20 -21 -22 -23 -24 24 26 28 27 -29 -30 -31
leaf_value=0.028141797842144212 -0.02629387956563066 -0.00066993941905255983 0.015374106565558808 0.1333011646476501 -0.022853483998254792 0.018312962285879423 0.056068550590381586 0.0088407129548785761 -0.050608281782614672 0.070864239282379296 -0.014056403391272294 -0.0051397839596498884 0.42929140240367758 0.015467975772377246 -0.011404509252030131 -0.041477386786071539 0.76198591273749816 1.0449192019474194 0.19967678321042429 -0.071044859476690952 0.40752872785272082 0.056569119916805174 -0.020531561605390124 -0.028742157494368412 0.022807251466987439 0.68798760818319282 0.040865516808070095 0.75774516183133989 0.12402444219262344 0.19834833404792523
leaf_weight=226384.32435803302 6749.2422987185419 29129.330844137818 24873.680217952468 142.72852164227515 118621.12326590391 105345.3223733902 1393.0338039062917 19305.507200520486 1454.8487087059766 594.8499167333357 68646.745027842931 795.94133506482467 47.214533956721425 5385.4700349215418 26997.561346750241 7375.7976341703907 16.788834962062538 12.606367792002855 60.096596556715667 387.92870338540524 39.290321810171008 1298.1165346186608 2335.2278765044175 124.30139544745907 797.20468712132424 69.072681910358369 27.387910585384816 21.082180792465806 64.904757419601083 61.66885740077123
leaf_count=229653 54598 186550 123861 1308 2062015 120134 8161 106115 7465 2986 556940 5771 117 68319 359617 214763 126 84 568 6828 43 5014 42383 2768 12896 903 559 141 483 883
internal_value=0.00721901 -0.0114197 -0.00416088 -0.0162684 -0.0188132 0.0250205 -0.00822033 -0.000260579 0.0117236 -0.00832044 -0.00919521 0.0502891 0.11345 -0.00255659 -0.00483316 -0.0345884 0.0467047 0.0275757 0.346238 -0.0160828 0.0917234 0.00177203 0.0151271 0.0278612 0.085121 0.199854 0.0417137 0.352674 0.329706 0.457032
internal_weight=648558 316829 126880 189949 163894 331730 45272.9 26054.7 26328.5 100551 99074.2 1477.3 681.355 37276.9 35883.9 7995.95 620.149 603.36 72.703 530.657 634.14 30427.4 8886.32 6551.09 1165.62 319.948 845.675 48.4701 195.646 130.742
internal_count=4182052 3832265 888747 2943518 2782805 349787 720790 160713 131326 757421 748504 8917 3146 497113 488952 223677 8914 8788 652 8136 3029 191564 129335 86952 18633 5037 13596 700 2269 1786
cat_boundaries=0 1 2 3 4 5 6 7 8 9 10
cat_threshold=2 4 32 1 17 96 35 1 8 36
is_linear=0
shrinkage=0.08


Tree=49
num_leaves=31
num_cat=21
split_feature=32 31 45 41 34 38 33 36 45 34 7 32 35 5 34 39 34 32 37 38 37 45 36 34 38 36 38 34 4 11
split_gain=888.007 856.204 777.816 678.768 1058.24 979.848 633.326 698.662 913.072 867.32 578.497 533.413 505.723 493.736 488.016 1248.13 630.734 803.739 537.414 851.927 513.581 476.754 468.284 652.702 466.27 453.953 464.66 437.163 461.703 428.768
threshold=-16.980000495910641 1.0000000180025095e-35 0 1 2 3 1.0000000180025095e-35 4 5 6 1717.900085449219 -16.980000495910641 7 7.5000000000000009 8 9 10 2.9450000524520878 11 12 13 14 15 16 17 18 19 20 67.500000000000014 3.5000000000000004
decision_type=8 10 9 9 1 1 2 9 9 1 2 10 1 2 1 9 1 8 1 1 1 9 9 1 1 9 1 1 10 2
left_child=21 3 -3 4 5 -2 14 -8 10 12 27 13 -10 -12 18 16 17 -16 19 -5 -17 -1 -7 -24 -22 26 -20 29 -29 -9
right_child=1 2 -4 6 -6 22 7 8 9 -11 11 -13 -14 -15 15 20 -18 -19 25 -21 24 -23 23 -25 -26 -27 -28 28 -30 -31
leaf_value=0.00082716847686881254 0.058422804665895639 -0.069329743137526267 0.030267048324928485 0.020821061273586298 0.00059933837955168635 -0.026173440987745079 0.10668994599330604 0.14034563914160056 0.12754345469225123 -0.048430455617735783 0.80127932354320153 0.1304237733817169 -0.067760745280965068 0.15265579991343339 0.49070285543355535 0.0062464914069001141 0.019288030796050119 -0.068076096986466161 0.023508532985172331 -0.00090886565260991567 -0.0055823069419185427 0.036345039062148844 0.28436332176464169 0.0023552178897671351 0.0024240526417689395 -0.00079814696619277012 0.010657826939523541 0.011768645099260065 0.52009351891526712 0.019134256421899372
leaf_weight=3222.7813815423287 6059.4671542514116 513.61529638338834 12927.494243186899 14045.843449573964 7150.493420323357 1509.8621036931872 713.94772337004542 467.48621077183634 329.00614379346371 1489.2586706224829 15.990385185927154 163.48274049768224 109.01058428827673 14.163695768453179 43.544593539088964 127967.28249338549 27441.202757884748 26.50094504468143 21691.716803396121 64691.364476741292 68827.051535690669 9787.3786586089991 68.964453347027302 167.88933595642447 143794.94196789339 17811.722926819697 106478.6160348542 1385.1682410049252 11.530813047662376 311.04472826141864
leaf_count=14415 7404 2981 34177 36519 18813 5445 4640 2232 1297 23892 69 1536 916 152 251 986149 152066 367 82971 319333 726373 35449 75 420 716154 79933 911449 14014 52 3321
internal_value=0.00688866 0.00645888 0.0264322 0.00602078 0.0228495 0.0432038 0.00559928 0.0339233 0.0215322 -0.0193241 0.0547138 0.187449 0.0785099 0.496614 0.00536 0.00356625 0.019957 0.244403 0.00829772 0.00296966 0.00224238 0.0275754 -0.0096239 0.0926604 -0.000167796 0.0111711 0.0128344 0.0431494 0.0158518 0.0907526
internal_weight=639238 626228 13441.1 612787 14956.7 7806.18 597830 5010.09 4296.14 1927.28 2368.87 193.637 438.017 30.1541 592820 368101 27511.2 70.0455 224719 78737.2 340589 13010.2 1746.72 236.854 212622 145982 128170 2175.23 1396.7 778.531
internal_count=4182865 4133001 37158 4095843 32157 13344 4063686 52121 47481 26105 21376 1757 2213 221 4011565 2581360 152684 618 1430205 355852 2428676 49864 5940 495 1442527 1074353 994420 19619 14066 5553
cat_boundaries=0 1 2 3 4 5 6 7 8 9 10 11 12 13 14 15 16 17 18 19 20 21
cat_threshold=32 16 120 657 58 9 3 32 12 1 64 6 641 50 42 216 8 164 130 530 66
is_linear=0
shrinkage=0.08


Tree=50
num_leaves=31
num_cat=15
split_feature=47 44 37 32 39 3 32 4 5 31 42 36 45 22 37 45 32 32 3 47 40 17 3 36 44 46 46 3 3 4
split_gain=28895.2 2014.32 2477.82 1544.3 1361.72 1285.62 990.018 902.251 1106.39 813.977 794.497 782.789 818.125 725.12 723.91 717.558 636.664 1165.17 627.012 599.22 835.282 596.732 590.539 580.012 549.152 962.326 542.75 1312.46 987.623 529.543
threshold=0 1 2 -1.8250000476837156 3 18.605000495910648 inf 1.5000000000000002 1.0000000180025095e-35 1.0000000180025095e-35 4 5 6 7.5000000000000009 7 8 -10.114999771118162 -77.97499847412108 663.64498901367199 9 10 51.500000000000007 315.94500732421881 11 12 13 14 35.385000228881843 1.0000000180025095e-35 39.500000000000007
decision_type=1 9 1 10 9 10 8 8 2 10 9 9 9 2 1 9 8 10 10 1 1 2 10 9 9 1 1 10 10 10
left_child=6 4 13 5 -2 15 -1 -5 10 19 23 12 16 -3 22 -4 17 -7 -19 20 -6 29 -10 -9 25 -18 28 -28 -8 -12
right_child=1 2 3 7 9 11 26 8 14 -11 21 -13 -14 -15 -16 -17 24 18 -20 -21 -22 -23 -24 -25 -26 -27 27 -29 -30 -31
leaf_value=0.026033879865674635 0.036979417660959885 -0.055420834890913609 0.085784820081544991 -0.024040667959944383 -0.0022681986401429312 -0.023741680779352188 0.056538396618779019 0.0035648265362120601 -0.0081300356309343264 0.039723258570452849 -0.031852002934905838 -0.018020189099341232 -0.02579210937254409 0.41424548007172213 0.0085327932200769604 0.0030287434176917483 -0.002643285366185872 0.08278908594301429 -0.037342084967146402 0.0069135423623595139 -0.038121548234340538 0.56301604111604786 -0.05415452925433803 -0.069866409067496929 -0.057911030506856351 0.056120314642699232 -0.03633127459830951 0.034153854974606657 0.016358374449247089 0.02350303642545383
leaf_weight=218931.71206449904 7073.4770678076893 9249.1806546142325 1493.4431454986334 73424.083039409947 12201.09911496006 1503.7096936283633 4089.4701141230762 9042.9887499623001 11248.7257155478 2846.0043503958732 23525.668038321659 29783.683915281668 9038.7529302858748 21.086287127807736 20364.747168876231 1223.1595007814467 71908.66297915671 2035.7053556041792 322.05400964710861 15250.810214016587 6303.9199239592999 10.892265362665055 2120.5895822132006 735.09917952120304 1108.6664132606238 1828.9129347726703 3831.2148722875863 3026.1658833231777 91860.263428052887 1160.5942988181487
leaf_count=228733 21786 376780 2248 1156431 83527 13270 3507 67950 79405 4794 231327 206577 167489 62 215702 7221 1012095 15535 8003 55892 53141 44 18255 5330 13235 4073 7459 2905 105762 9466
internal_value=0.00613259 -0.0110979 -0.0136661 -0.0122254 0.00484643 -0.00555856 0.0229929 -0.0178864 -0.0112617 -0.00136343 -0.0213404 -0.00681618 -0.00301082 -0.054294 -0.000961597 0.0488505 -0.000391685 0.0312854 0.06638 -0.00482751 -0.0145038 -0.0289766 -0.0154187 -0.00202134 -0.00202602 -0.00118577 0.0165169 -0.00522615 0.0180709 -0.0292496
internal_weight=636565 314826 271150 261880 43675.3 120247 321739 141633 68209.3 36601.8 34475.2 117530 87746.5 9270.27 33734.1 2716.6 78707.7 3861.47 2357.76 33755.8 18505 24697.2 13369.3 9778.09 74846.2 73737.6 102807 6857.38 95949.7 24686.3
internal_count=4178004 3829638 3610498 3233656 219140 1449746 348366 1783910 627479 197354 314117 1440277 1233700 376842 313362 9469 1066211 36808 23538 192560 136668 240837 97660 73280 1029403 1016168 119633 10364 109269 240793
cat_boundaries=0 1 2 3 4 5 6 7 8 9 10 11 12 13 14 15
cat_threshold=2 1 16 1 19 128 13 6 13 4 6 194 2 1 1
is_linear=0
shrinkage=0.08


Tree=51
num_leaves=31
num_cat=20
split_feature=32 41 34 38 44 3 19 46 44 2 19 38 3 46 2 34 37 38 38 45 38 45 2 38 32 38 32 45 42 34
split_gain=723.02 621.951 841.61 746.037 600.498 1977.69 864.11 817.194 1512.5 625.281 622.433 599.763 542.031 748.44 558.151 656.551 513.897 746.274 727.137 512.379 740.903 504.206 482.396 464.39 452.014 451.282 591.502 446.244 439.926 463.982
threshold=-10.114999771118162 0 1 2 3 inf 72.040000915527358 4 5 inf 100.00500106811525 6 1.0000000180025095e-35 7 inf 8 9 10 11 12 13 14 inf 15 2.2749999761581425 16 -4.0150001049041739 17 18 19
decision_type=8 9 1 1 9 8 2 1 9 8 2 1 10 1 8 1 1 1 1 9 1 9 8 1 10 1 10 9 9 1
left_child=22 2 3 -2 6 7 12 9 21 11 23 28 13 -3 15 -15 18 -18 -14 -20 -21 -9 27 -8 -12 -11 -27 -1 29 -6
right_child=1 4 -4 -5 5 -7 10 8 -10 25 24 -13 16 14 -16 -17 17 -19 19 20 -22 -23 -24 -25 -26 26 -28 -29 -30 -31
leaf_value=0.021167940677823491 0.062918987811758101 0.066925382672724631 0.0079517071398528365 -0.021575743709755592 0.035306815021808623 0.056334967694491138 0.13117505101785568 -0.053594115266783933 -0.03915399540514998 -0.04947380654236111 0.012433403309682659 0.0051264641733177671 0.041803995027867691 -0.035133592288585168 0.008353031271925054 -0.14143066920221969 0.033198543411753011 -0.00450512750504502 0.029914042310183124 -0.076512235342160256 0.0044571335422750472 0.040159140325791175 0.046537964191602409 0.03154535716451129 0.038654144232671127 0.021899433370352366 -0.025247441361638999 -0.019960465117319068 -0.00187935254197661 0.0041055132833092804
leaf_weight=9983.8345067063347 3978.0571617372334 468.95274780876935 10070.84276756132 803.13775419536978 4059.3923603501171 4512.1697012055665 593.95467258337885 375.02501378208399 2029.7392662819475 2183.947441669181 11364.610059792176 319850.42730350979 5736.7659792229533 1210.1665839515626 904.15812123939395 542.34238135069609 3911.8903319984674 23432.013386897743 4818.4173443801701 772.05586776137352 9613.1988492961973 9584.5610042270273 3925.4397036377341 637.17808273248374 6681.4371412629262 2675.7153199743479 4685.0245479606092 2025.0603169645183 164540.23764109612 12216.070615521166
leaf_count=53246 4315 377 25966 2342 35987 4156 2357 1461 14499 6331 52647 1654395 12964 2414 1209 1851 8008 97352 6595 2540 28337 16296 5301 1544 29317 5593 20850 16889 1970406 96867
internal_value=0.00536811 0.00493026 0.0210967 0.0487103 0.00452791 0.00359882 0.0114516 0.00314314 0.023788 0.00265801 0.0258962 0.0030447 0.00603526 -0.0262507 -0.0426981 -0.0690364 0.00812524 0.000899023 0.0175524 0.00838013 -0.00163007 0.0366154 0.0221917 0.080933 0.0221415 -0.0176256 -0.008098 0.0142335 -0.000638053 0.0119046
internal_weight=628186 612251 14852 4781.19 597399 526712 70687.1 522200 11989.3 510211 19277.2 500666 51410 3125.62 2656.67 1752.51 48284.3 27343.9 20940.4 15203.7 10385.3 9959.59 15934.3 1231.13 18046 9544.69 7360.74 12008.9 180816 16275.5
internal_count=4182412 4106976 32623 6657 4074353 3826841 247512 3822685 32256 3790429 85865 3757655 161647 5851 5474 4265 155796 105360 50436 37472 30877 17757 75436 3901 81964 32774 26443 70135 2103260 132854
cat_boundaries=0 1 2 3 4 5 6 7 8 9 10 11 12 13 14 15 16 17 18 19 20
cat_threshold=16 48 657 1 1 2 172 1 26 102 594 552 8 129 34 40 1 13 2 104
is_linear=0
shrinkage=0.08


Tree=52
num_leaves=31
num_cat=14
split_feature=47 32 2 34 36 38 45 3 2 32 11 33 43 3 37 43 3 19 32 2 38 37 19 18 32 45 40 38 34 20
split_gain=23209.3 1574.34 1750.86 1254.78 1175.75 1429.52 1086.44 1008.28 967.827 1295.66 898.25 849.551 817.28 804.449 766.95 1153.09 1167.02 1143.16 752.713 741.076 735.797 732.609 882.798 879.911 722.035 662.378 643.981 615.165 668.458 1137.79
threshold=0 -4.194999933242797 inf 1 2 3 4 194.37000274658206 inf -8.8749999999999982 1.0000000180025095e-35 1.0000000180025095e-35 5 35.385000228881843 6 7 805.30999755859386 6717.4001464843759 -4.194999933242797 1.0000000180025095e-35 8 9 18.755000114440922 32.024999618530281 -1.7150000333786009 10 11 12 13 1.0000000180025095e-35
decision_type=1 10 8 1 9 1 9 10 8 10 2 2 9 10 1 9 10 2 8 8 1 1 2 2 10 9 1 1 1 2
left_child=8 2 3 13 7 14 -7 11 9 -1 -8 12 -3 18 19 16 -16 -18 -2 -6 -10 22 -14 -24 -13 -15 -4 -27 29 -29
right_child=1 4 26 -5 5 6 10 -9 20 -11 -12 24 21 25 15 -17 17 -19 -20 -21 -22 -23 23 -25 -26 27 -28 28 -30 -31
leaf_value=0.012554031377782618 0.14543998467718786 0.084516977388137488 -0.014400104543766685 -0.012272833607805516 -0.0021432774220232062 0.025012592211736559 -0.01704327433444364 -0.038154327500018639 0.023186346339794339 0.023750771624586081 -0.0002541155335855745 0.32351876419753972 -0.056093563373809954 0.028266084901709791 -0.0076841601177465094 -0.033865607418818826 0.16169165339416122 0.96291676261988135 0.026348512103468804 -0.050248462053654359 0.056571248054975563 -0.022601122884294927 0.38930461616601064 0.05335951642126896 0.042860724229235536 0.012148663932162563 -0.077188030081673811 0.040606366419842492 -0.0064068740397102263 0.3927549278511821
leaf_weight=99121.568088980392 359.67979465797544 503.09191264398396 1781.2832121998072 35850.754961466882 19247.068950902671 7416.4573864741251 33729.005954220891 21095.843432696536 8638.1923271138221 198806.9103760086 51588.88625964243 82.302840748801827 526.37547483667731 6189.7786625251174 13191.908881496172 31897.032061350532 70.006384504958987 13.612804248929022 6103.2997771371156 2293.8117969734594 8359.5202415287495 18185.379406167194 52.029016144573689 1218.1856434494257 204.26856628991663 20097.85017247498 2580.3078671842813 549.02312891371548 38426.870483451523 65.752881646156311
leaf_count=117973 617 2221 4428 632855 347627 39807 277091 182535 11465 212109 517630 200 5257 34942 271217 705032 943 91 25971 46028 8066 127018 298 10261 1241 108991 10239 4193 476118 139
internal_value=0.00574772 -0.0096681 -0.00206544 -5.20516e-05 -0.0138979 -0.0107628 -0.00433673 -0.0258291 0.0210849 0.0200256 -0.00689062 -0.0133239 -0.0152375 0.00605148 -0.0196933 -0.0256181 -0.00579136 0.292127 0.0329762 -0.00726246 0.0396521 -0.0177824 0.0308485 0.0671201 0.123465 0.00338876 -0.0517553 0.00078009 -0.00507383 0.0770174
internal_weight=628246 313320 112005 107643 201315 159448 92734.3 41867.5 314926 297928 85317.9 20771.6 20485.1 71792.3 66713.4 45172.6 13275.5 83.6192 6462.98 21540.9 16997.7 19982 1796.59 1270.21 286.571 65329.3 4361.59 59139.5 39041.6 614.776
internal_count=4182603 3832990 1298493 1283826 2534497 2205466 834528 329031 349613 330082 794721 146496 145055 650971 1370938 977283 272251 1034 26588 393655 19531 142834 15816 10559 1441 624383 14667 589441 480450 4332
cat_boundaries=0 1 2 3 4 5 6 7 8 9 10 11 12 13 14
cat_threshold=2 15 90 44 8 3 98 12 643 67 8 12 643 1
is_linear=0
shrinkage=0.08


Tree=53
num_leaves=31
num_cat=12
split_feature=47 2 46 38 42 19 2 32 46 3 3 32 3 32 34 12 45 19 3 38 13 3 44 45 6 45 34 3 3 19
split_gain=22633.1 1983.86 1839.6 1834.45 1626.7 1256.26 916.249 953.745 1075.15 1399.35 894.787 856.162 814.368 786.787 796.867 897.796 914.772 834.598 1669.63 738.528 716.043 696.765 675.714 1196.55 653.924 758.781 1175.55 806.559 662.198 608.991
threshold=0 inf 1 2 3 1152.525085449219 inf -7.9249999523162833 4 35.385000228881843 154.72499847412112 -16.980000495910641 137.754997253418 -8.8749999999999982 5 16058.974609375002 6 1085.5999755859377 611.40499877929699 7 1032.1050415039065 337.09500122070318 8 9 448.59999084472662 10 11 141.97499847412112 119.50500106811525 3260.9499511718755
decision_type=1 8 1 1 9 2 8 10 1 10 10 8 10 8 1 2 9 2 10 1 2 10 9 9 2 9 1 8 8 2
left_child=6 2 3 5 10 13 7 8 -1 -10 24 12 -11 -2 -15 -16 17 21 -19 -8 -12 -17 -4 -24 25 26 -5 -27 -26 -22
right_child=1 -3 22 4 -6 -7 19 -9 9 11 20 -13 -14 14 15 16 -18 18 -20 -21 29 -23 23 -25 28 27 -28 -29 -30 -31
leaf_value=0.014809749743056853 0.028177917005391892 -0.048819550022458864 0.03977339884809919 0.024618169684185256 -0.011989963046201106 -0.033579721235743633 0.021909540280169625 0.02239689520847616 -0.065053241512653417 -0.25784790006893987 -0.0050676633913527107 0.031612287624730097 -0.016409020474555936 -0.029437827329269601 -0.012423711715746273 0.23975766046999686 -0.02396269013891647 -0.092781242444121434 1.4162951427720163 0.055903416323122623 0.041026949426984552 0.03675604578084278 0.023145957363753272 -0.052839643390204784 0.09025929454648797 0.015859668202557856 -0.055388037930062729 0.07549460388546296 0.016345133734065938 -0.015341994838650536
leaf_weight=94478.664846373722 2837.7509436309338 8369.8715724758804 6040.9755771327764 2453.4221522919834 70383.391369946301 23430.568151175044 8434.5295949969441 194129.75073899142 2547.3973800428212 129.88535721972585 35796.966475203633 2677.4937647543848 286.91724186018109 19235.350555898156 110658.55910033919 192.75877994578332 366.47414869256318 9.2768564363941568 9.4945017001591605 8019.3885306380689 4266.489392451942 246.70262772589922 4986.2949163187295 1795.7029501404613 1565.2166099175811 10098.821840584278 2240.0217436440289 1695.1311096847057 1537.9559238553047 1721.5781875159591
leaf_count=109394 46597 38983 14314 14608 486263 595882 11421 210961 5983 585 271931 2566 447 415347 1776164 1591 6950 157 103 8057 29156 4349 8826 14837 6243 56040 16182 7687 7709 13638
internal_value=0.00489505 -0.0104009 -0.00933463 -0.0106514 -0.00368995 -0.0164928 0.0201533 0.019126 0.0127839 -0.0211414 0.00582861 0.0150092 -0.091647 -0.0134963 -0.014401 -0.0118029 0.0713565 0.144948 0.670505 0.0385249 -0.000784453 0.125798 0.0203152 0.00298309 0.0199367 0.0135957 -0.0136027 0.0244102 0.0536269 0.0248208
internal_weight=620643 309939 301569 288746 131759 156987 310704 294250 100120 5641.69 61375.6 3094.3 416.803 133556 130719 111483 824.707 458.233 18.7714 16453.9 41785 439.461 12823 6782 19590.6 16487.4 4693.44 11794 3103.17 5988.07
internal_count=4182971 3833557 3794574 3756597 909457 2847140 349414 329936 118975 9581 423194 3598 1032 2251258 2204661 1789314 13150 6200 260 19478 314725 5940 37977 23663 108469 94517 30790 63727 13952 42794
cat_boundaries=0 1 2 3 4 5 6 7 8 9 10 11 12
cat_threshold=2 1 300 25 1 64 9 643 2 14 4 3
is_linear=0
shrinkage=0.08


Tree=54
num_leaves=31
num_cat=10
split_feature=48 41 4 37 18 45 37 32 31 18 2 34 3 18 40 18 7 23 4 44 32 1 1 39 16 34 21 27 7 6
split_gain=589.456 580.431 2268.54 1288.19 798.592 638.737 561.888 490.741 430.166 407.336 383.45 376.103 445.657 1088.99 368.166 513.813 512.746 441.735 1337.58 523.324 610.801 332.541 332.229 330.231 324.641 416.305 501.447 483.956 469.062 753.767
threshold=0 1 inf 2 666.82498168945324 3 4 -4.8949999809265128 1.0000000180025095e-35 71.049999237060561 1.5000000000000002 5 687.95001220703136 448.67500305175787 6 475.34999084472662 2926.4001464843755 6.5000000000000009 41.500000000000007 7 0.13499999791383746 4.5000000000000009 5.5000000000000009 8 1.0000000180025095e-35 9 2.5000000000000004 9.2500000000000018 683.02499389648449 4067.0495605468755
decision_type=9 9 8 1 2 9 1 8 10 2 10 1 10 2 1 2 2 2 10 9 8 2 2 9 2 1 2 8 2 2
left_child=1 2 5 -4 9 7 -3 21 24 -5 -6 14 -13 -14 15 16 17 -7 19 20 -19 -1 -8 -17 -9 27 -27 28 29 -26
right_child=-2 6 3 4 10 11 22 8 -10 -11 -12 12 13 -15 -16 23 -18 18 -20 -21 -22 -23 -24 -25 25 26 -28 -29 -30 -31
leaf_value=0.015442714158138023 0.052929996817596019 0.011561166617830751 0.083121371180157194 -0.39052840511414866 -0.53780988084601411 0.0074238073173700471 0.0044120273464044665 0.00061149147300156416 0.028264718051820969 -0.13236614773604263 -0.028142513556403102 -0.023424436637559817 0.58364252912405223 -0.015975022043724779 -0.030466946269115416 0.036817035290042648 0.35943619386640069 0.5266158754936846 0.69409882826700697 0.0034189268956829528 0.072779469575263628 0.13606006862929268 0.061607113940207889 -0.018990295688017834 0.20250590937240634 -0.0007511684827586 0.3044843657277671 0.019301907364147716 -0.049332007457753686 0.94419923872733524
leaf_weight=16922.817236797884 1612.5828471565619 103043.77267096424 89.503340665251017 50.074835743755102 75.711128260008991 12384.916639246047 253789.58499847399 173802.87925999472 4021.8481593187898 178.72207519039512 10.794407729059456 9561.9797304770909 26.719182444736362 70.614300850778818 2762.7224040143192 740.56530712265521 26.934170367661864 29.334048746153712 22.460206990130246 270.21580943511799 53.767020555213094 147.56231481954455 651.64846932841465 8110.5882475301623 58.614430618938059 12543.087867884897 34.540543519891798 12336.775333876256 34.085387569852173 10.312179334461687
leaf_count=145623 12467 576150 207 464 861 103054 1581898 1319387 10386 754 43 92388 247 1029 15059 8663 104 122 49 2615 286 676 2415 103125 579 99639 133 103332 451 100
internal_value=0.00462601 0.0044987 0.00157749 -0.187654 -0.258942 0.00187917 0.00657714 0.00345808 0.00236193 -0.188868 -0.474212 -0.00831363 -0.0216683 0.148627 -0.00302049 0.000496179 0.0107525 0.0100165 0.0954671 0.0574124 0.23298 0.0164854 0.00455833 -0.014321 0.00183795 0.0103585 8.69968e-05 0.0207271 0.193424 0.313471
internal_weight=613476 611863 254378 404.806 315.302 253973 357485 219913 202842 228.797 86.5055 34060.8 9659.31 97.3335 24401.5 21638.8 12787.6 12760.7 375.777 353.317 83.1011 17070.4 254441 8851.15 198820 25017.4 12577.6 12439.8 103.012 68.9266
internal_count=4182306 4169839 2009376 2329 2122 2007047 2160463 1680306 1534007 1218 904 326741 93664 1276 233077 218018 106230 106126 3072 3023 408 146299 1584313 111788 1523621 204234 99772 104462 1130 679
cat_boundaries=0 1 2 3 4 5 6 7 8 9 10
cat_threshold=1 34 6 13 98 92 2 1 2 114
is_linear=0
shrinkage=0.08


Tree=55
num_leaves=31
num_cat=11
split_feature=47 47 35 37 2 44 37 41 1 0 41 4 22 2 40 42 19 18 22 2 6 4 3 39 11 18 11 20 16 6
split_gain=19277.4 1545.64 1653.52 908.417 818.823 817.559 1188.4 1085.97 775.183 753.453 751.902 745.198 685.083 655.557 652.603 621.505 719.577 704.424 644.393 677.803 642.794 678.809 904.372 1243.48 1050.06 1142.55 803.112 777.174 755.69 728.022
threshold=0 1 2 3 inf 4 5 6 4.5000000000000009 1.5000000000000002 7 8.5000000000000018 4.5000000000000009 inf 8 9 2878.2500000000005 24.925001144409183 1.0000000180025095e-35 1.5000000000000002 44.225097656250007 17.500000000000004 411.33499145507818 10 12.500000000000002 129.82499694824222 19.500000000000004 2.5000000000000004 1.0000000180025095e-35 404.00001525878912
decision_type=1 1 1 1 8 9 1 9 2 2 9 8 2 8 1 9 2 2 2 8 2 10 8 9 2 2 2 2 2 2
left_child=4 5 13 14 -1 7 12 -2 9 -8 11 -10 -7 -3 -4 17 20 -11 -19 -20 -17 -22 23 24 25 -23 -24 28 -25 -30
right_child=1 2 3 -5 -6 6 8 -9 10 15 -12 -13 -14 -15 -16 16 -18 18 19 -21 21 22 26 27 -26 -27 -28 -29 29 -31
leaf_value=0.017806461171994449 0.026498792246413445 0.019680983544307994 0.015771261095297195 -0.014849386502717362 0.03643911564939465 -0.045014356886585609 -0.0099997839972193123 -0.010776607085867593 0.033672572208827231 0.094607846705283813 0.015483208443573664 0.31563051551370269 0.20190050725647857 -0.052757390515688084 -0.0048072788573927513 -0.031547361861812215 -0.05560688311168821 -0.028474152734614934 0.059258372274111015 -0.090177335552680205 -0.017206518940128642 0.7749536195774388 -0.026697076229732431 -0.027282697800486134 0.59139902072604511 0.054415675198987164 0.15816579187631674 0.60317826014265385 0.33130939010470123 -0.089598200837533629
leaf_weight=289330.50732859783 6756.9791553141549 21573.642707761843 13049.752315863967 49109.698918165639 15925.411918289959 9856.5879964483902 82486.685482406523 19169.497006610036 113.80858349520713 517.83616732154042 798.18304280936718 126.8616095893085 72.445115095470101 830.33715455979109 40280.023880062625 23062.197951463982 4209.5988319101743 2615.1038407115266 1299.4640600546263 228.39937447337434 30661.048125871457 16.467901349067688 1340.7487082807347 388.78396021667868 52.434639987535775 97.316535517573357 169.40691343322396 15.454007945954798 84.56737910490483 38.170359205454588
leaf_count=330053 42192 120338 69306 374225 19690 346571 1097775 119133 1820 8327 9369 347 793 2342 323625 385508 116857 66128 32627 5030 682422 53 19250 4699 236 1105 1512 108 596 509
internal_value=0.00451937 -0.00956605 -0.00269401 -0.00699968 0.0187785 -0.0142242 -0.0163816 -0.0010558 -0.0145845 -0.0150712 0.054278 0.175025 -0.0431693 0.0169887 0.000230286 -0.021527 -0.023706 0.00662331 -0.00435803 0.0369193 -0.021309 -0.0141244 0.0287653 0.104415 0.295196 0.158698 -0.00595945 0.0442381 0.0273515 0.200411
internal_weight=614277 309022 124843 102439 305256 184178 158252 25926.5 148323 147284 1038.85 240.67 9929.03 22404 53329.8 64797 60136.2 4660.8 4142.97 1527.86 55926.6 32864.4 2203.35 693.195 166.219 113.784 1510.16 526.976 511.522 122.738
internal_count=4182546 3832803 889836 767156 349743 2942967 2781642 161325 2434278 2422742 11536 2167 347364 122680 392931 1324967 1212855 112112 103785 37657 1095998 710490 28068 7306 1394 1158 20762 5912 5804 1105
cat_boundaries=0 1 2 3 4 5 6 7 8 9 10 11
cat_threshold=2 4 9 99 1 18 21 21 4 1 2
is_linear=0
shrinkage=0.08


Tree=56
num_leaves=31
num_cat=11
split_feature=47 31 38 17 3 15 8 36 40 2 3 3 13 2 32 46 3 36 3 12 42 34 34 4 5 38 1 6 3 34
split_gain=15818.5 1520.96 1423.89 1740.23 1353.72 1112.56 1663.68 960.048 899.233 1133.69 774.349 1068.15 877.497 772.259 1035.27 1068.21 1077.86 728.123 691.995 918.313 745.587 937.633 675.214 915.715 930.516 667.678 636.638 710.478 631.452 630.28
threshold=0 1.0000000180025095e-35 1 5.5000000000000009 476.33499145507818 1.0000000180025095e-35 1.5000000000000002 2 3 inf 248.70999908447268 326.52499389648443 132.42500305175784 inf -10.114999771118162 4 119.50500106811525 5 119.50500106811525 803.09994506835949 6 7 8 43.500000000000007 1.0000000180025095e-35 9 4.5000000000000009 74.549999237060561 44.465000152587898 10
decision_type=1 10 1 2 8 2 2 9 1 8 10 10 2 8 10 1 10 9 10 2 9 1 1 10 2 1 2 2 10 1
left_child=13 2 3 4 5 22 10 8 9 28 -7 12 -12 14 15 -1 -17 26 19 -9 21 -21 23 24 -2 -15 -6 -28 -4 -30
right_child=1 -3 7 -5 17 6 -8 18 -10 -11 11 -13 -14 25 -16 16 -18 -19 -20 20 -22 -23 -24 -25 -26 -27 27 -29 29 -31
leaf_value=0.011596249381342351 -0.014262263473496899 0.024190270741124752 0.027998555834964745 -0.027059878696710785 0.023758907203921275 -0.0052714976375094766 1.2540474329830578 -0.0033079821358225998 -0.016693763603741498 -0.043636281593010411 0.47110022939981344 -0.014904594011468762 -0.0046296116458736476 0.015816923354501796 0.019735701945679422 -0.052597639048477501 0.02061599225715105 -0.033379158283945935 -0.019034963411811906 0.21052035409770317 0.016435246898748146 -0.095412928928153631 -0.020197685648203793 0.39157585010009871 0.0082080788730428608 0.049331167194313699 0.44901724376053248 -0.098376087080826499 0.013093520501126546 -0.0025266183519370477
leaf_weight=89632.306161776185 36486.100605241954 8801.6111186742783 7689.0928425192833 50168.377070539631 9579.9551720535383 250.42056707385927 7.9993944335728875 10046.265940118581 15532.273267604411 3030.1782954707742 95.53462024172768 87.206058803014457 33.521406288258731 6816.8924235478044 189042.3131342791 3393.2574625536799 2073.2521271891892 1555.5827173888683 33626.126809302717 351.56452026218176 591.02506372146308 75.695976614952087 42644.343502415344 36.916395451873541 17428.711154692806 8692.7405562698841 45.966527292504907 22.653932565823197 27838.384470183402 40684.943192834035
leaf_count=107499 443023 33436 41592 1187727 292070 3581 68 55951 79347 13232 749 1502 536 10021 212774 7320 2277 19552 219473 532 2619 491 664421 223 248085 9795 451 462 204045 319876
internal_value=0.0041869 -0.00858487 -0.0095532 -0.0147419 -0.00903585 -0.0120749 0.110101 -0.00365709 0.00090111 0.00435154 0.0904926 0.201383 0.347533 0.0172596 0.0163107 0.00950236 -0.0248303 0.0172938 -0.0133216 0.00402956 0.0764208 0.155377 -0.0126753 -0.00672444 -0.00699841 0.0346428 0.0254717 0.268304 0.00626009 0.00382078
internal_weight=606361 306710 297909 158443 108275 97070.8 474.682 139466 94774.9 79242.6 466.683 216.262 129.056 299651 284141 95098.8 5466.51 11204.2 44690.7 11064.6 1018.29 427.26 96596.1 53951.7 53914.8 15509.6 9648.58 68.6205 76212.4 68523.3
internal_count=4182730 3833044 3799608 2862450 1674723 1362188 6436 937158 658092 578745 6368 2787 1285 349686 329870 117096 9597 312535 279066 59593 3642 1023 1355752 691331 691108 19816 292983 913 565513 523921
cat_boundaries=0 1 2 3 4 5 6 7 8 9 10 11
cat_threshold=2 300 129 6 1 131 8 6 15 641 85
is_linear=0
shrinkage=0.08


Tree=57
num_leaves=31
num_cat=18
split_feature=47 2 33 36 47 35 38 38 43 4 43 38 34 45 37 35 32 7 37 43 45 38 18 13 7 5 34 13 12 13
split_gain=13795.8 1377.75 1404.19 1426.38 1474.18 1368.79 1460.65 1000.34 969.021 831.108 927.193 790.604 1280.08 1024.59 863.194 786.615 785.688 697.969 929.149 784.357 691.312 804.611 1136.01 1444.53 1147.08 970.906 1092.2 1266.5 1217.83 1651.4
threshold=0 inf 1.0000000180025095e-35 1 2 3 4 5 6 inf 7 8 9 10 11 12 -4.194999933242797 18.750015258789066 13 14 15 16 4307.9550781250009 828.72500610351574 913.09997558593761 9.5000000000000018 17 759.02496337890636 2819.174926757813 90.82498931884767
decision_type=1 8 2 9 1 1 1 1 9 8 9 1 1 9 1 1 10 2 1 9 9 1 2 2 2 2 1 2 2 2
left_child=-1 2 3 8 11 7 16 -6 -2 -3 -11 12 13 -5 20 -16 -7 19 -19 -10 21 -13 24 25 -23 26 27 28 29 -24
right_child=1 9 -4 4 5 6 -8 -9 17 10 -12 14 -14 -15 15 -17 -18 18 -20 -21 -22 22 23 -25 -26 -27 -28 -29 -30 -31
leaf_value=0.016325950974499008 -0.040481084275725075 -0.066898706180536019 0.032725302739592982 0.075631572805682556 -0.0082878729160506641 0.025734139796610492 -0.01225763368725663 0.033804864191562582 0.10402692947550371 0.047018580518564085 -0.03764918952622389 -0.013438778851050605 -0.039646723965183289 -0.0027706441473147755 -0.0097354821481482716 -0.032793070632322022 0.0012452767431584987 0.055878358085528185 -0.0082745241164410427 -0.028018936900121503 -0.01414574760409747 -0.00076759091522060055 0.057809368332899347 -0.0033581111078971738 0.075614820442109321 -0.044629563415693976 0.089309227649389408 0.79651613465553828 0.10450397277365162 0.65956199328815646
leaf_weight=295487.50249514543 12135.517888812348 3915.3216436039656 5578.0053035453893 2412.5206506848335 5020.5048783766106 12252.255369862542 44513.721001047641 12886.013947642408 284.25062011554837 1103.8940297886729 3223.5067720133811 19804.713374214247 1765.7825428508222 1913.7317564692348 17701.785580806434 20422.611904464662 26563.460227639414 1616.1367114633322 12953.463185679168 15152.484390215948 55017.675842656754 25234.987274874933 47.159509429708123 1034.959586889483 1324.3503357535228 172.66686981078237 566.95186267327517 28.284792570397258 180.75169694516808 76.589123789221048
leaf_count=349157 128031 24237 55351 12237 22854 66550 407581 83466 1445 1431 13283 519213 13151 12338 243244 379809 186809 12525 85225 112715 1062944 342022 661 17864 19747 2414 5666 275 2671 1137
internal_value=0.00400745 -0.00793062 -0.00703422 -0.00779613 -0.00549116 0.00194477 -0.00236833 0.0220052 -0.0214057 -0.0401924 -0.0160293 -0.010588 0.0176146 0.0410237 -0.0118017 -0.0220924 0.00897292 -0.0136801 -0.00112568 -0.0255382 -0.00800893 -0.00104183 0.00752444 0.0640638 0.00304113 0.129132 0.162478 0.27615 0.236883 0.430239
internal_weight=600392 304904 296661 291083 248941 101236 83329.4 17906.5 42141.9 8242.72 4327.4 147706 6092.03 4326.25 141613 38124.4 38815.7 30006.3 14569.6 15436.7 103489 48471.4 28666.7 2107.36 26559.3 1072.4 899.737 332.785 304.5 123.749
internal_count=4186053 3836896 3797945 3742594 3402653 767260 660940 106320 339941 38951 14714 2635393 37726 24575 2597667 623053 253359 211910 97750 114160 1974614 911670 392457 30688 361769 12824 10410 4744 4469 1798
cat_boundaries=0 1 2 3 4 5 6 7 8 9 10 11 12 13 14 15 16 17 18
cat_threshold=2 120 4 9 906 385 37 12 129 38 1 105 32 11 2 14 552 112
is_linear=0
shrinkage=0.08


Tree=58
num_leaves=31
num_cat=12
split_feature=47 37 36 47 42 6 35 34 5 13 17 35 4 3 10 4 40 18 34 42 11 34 5 3 3 18 18 18 20 18
split_gain=11569.1 1232.84 1403.84 1320.46 1051.61 915.271 909.154 907.651 785.735 774.46 753.189 769.887 721.965 906.133 710.592 708.728 640.448 680.434 623.938 712.379 1013 824.534 640.361 632.949 1068.18 631.077 856.638 624.649 622.115 618.178
threshold=0 1 2 3 4 9042.6748046875018 5 6 31.500000000000004 362.52499389648443 30.500000000000004 7 19.500000000000004 86.83499908447267 1.0000000180025095e-35 69.500000000000014 8 1396.8499755859377 9 10 7.5000000000000009 11 4.5000000000000009 211.18499755859378 57.954999923706062 84.099998474121108 160.05000305175784 5353.6748046875009 1.5000000000000002 2163.974975585938
decision_type=1 1 9 1 9 2 1 1 2 2 2 1 8 8 2 10 1 2 1 9 2 1 2 10 8 2 2 2 2 2
left_child=-1 -2 12 4 7 6 8 9 15 29 11 -5 -3 -14 -8 18 17 -13 -6 23 27 22 -22 24 25 -20 -27 -21 -29 -4
right_child=1 2 3 10 5 -7 14 -9 -10 -11 -12 16 13 -15 -16 -17 -18 -19 19 20 21 -23 -24 -25 -26 26 -28 28 -30 -31
leaf_value=0.014949221455707193 -0.014637518282822152 -0.033340302023209721 0.06515258945336723 0.025567848207255436 0.24328787436555835 -0.062132765102251984 -0.012229207740234879 -0.00097907731938348674 0.81444520894784744 0.0045894951750739075 -0.050543950141553405 0.01515200208295495 -0.036834746908923063 0.027433147743188894 0.014530283275186785 0.53174370715953101 -0.00088111812533836443 0.09992569745423753 -0.051630528795349795 -0.027586528964696388 -0.092645087524618225 0.0425012883924566 0.41487243830888459 0.070708855894842756 -0.058968249434256839 0.47765161975852666 0.092894800863279267 0.40009562459997861 -0.091467558776462246 0.19224096169782073
leaf_weight=290861.14823428728 100440.82391661964 14458.894995074719 1796.7604328850284 13270.546598652378 66.92287316173315 2048.5699460953474 87092.232309996616 5345.1379534080625 7.928974797949194 1345.356135151349 1422.0582874631509 13096.637977641076 2438.0961084514856 3310.5200858749449 6850.605575625319 17.123716153204441 41242.321600555442 635.35678968206048 77.92698622867465 3699.3943375209346 20.01161065325141 724.67198640760034 77.652870280668139 1983.9701379230246 700.71708014793694 56.347217656672001 108.0514206700027 43.444897034205496 26.545538946986198 283.61826157197356
leaf_count=349329 1095301 136168 20695 69269 358 42473 1608355 127141 51 22911 16940 70597 19526 20559 142792 6 334887 2514 737 44652 260 9755 549 32045 9827 188 831 265 406 2949
internal_value=0.0035555 -0.00739302 -0.00379432 -0.00157307 -0.00693793 -0.0091896 -0.00812252 0.019647 0.0184572 0.0517389 0.00708025 0.008281 -0.0237939 0.000175926 -0.0102767 0.0176514 0.00410264 0.0190605 0.0164909 0.0141298 -0.00554419 0.0748922 0.282006 0.044907 -0.00889855 0.135885 0.224769 -0.0231071 0.213659 0.0824786
internal_weight=593549 302688 202247 182040 112373 103602 101554 8770.87 7610.71 3425.73 69666.9 68244.9 20207.5 5748.62 93942.8 7602.78 54974.3 13732 7585.66 7518.73 4591.72 822.336 97.6645 2927.01 943.043 242.326 164.399 3769.38 69.9904 2080.38
internal_count=4182336 3833007 2737706 2561453 2067246 1893550 1851077 173696 99930 46555 494207 477267 176253 40085 1751147 99879 407998 73111 99873 99515 55887 10564 809 43628 11583 1756 1019 45323 671 23644
cat_boundaries=0 1 2 3 4 5 6 7 8 9 10 11 12
cat_threshold=2 20 89 4 1 16 13 9 4 65 10 2
is_linear=0
shrinkage=0.08


Tree=59
num_leaves=31
num_cat=16
split_feature=37 42 38 45 38 25 38 45 38 34 2 22 34 18 45 2 18 18 42 25 45 41 37 42 13 19 19 22 18 12
split_gain=526.929 574.969 630.087 434.808 1118.54 780.666 696.483 519.408 2306.44 398.398 525.761 371.848 361.399 579.464 458.978 377.67 356.57 1503.27 818.836 451.92 460.345 345.847 383.811 349.781 352.809 525.974 320.241 790.903 311.633 441.757
threshold=0 1 2 3 4 7.5000000000000009 5 6 7 8 1.0000000180025095e-35 1.0000000180025095e-35 9 9435.9799804687518 10 inf 24.925001144409183 1.0000000180025095e-35 11 9.2500000000000018 12 13 14 15 1433.6250000000002 1953.4500122070315 1023.5499877929689 3.5000000000000004 411.02499389648443 523.52499389648449
decision_type=1 9 1 9 1 8 1 9 1 1 8 2 1 2 9 8 2 2 9 10 9 9 1 9 2 2 2 2 2 2
left_child=-1 -2 12 4 -4 11 9 -8 -9 10 16 -6 13 14 -3 -14 17 -5 -19 21 -21 -18 23 -23 -25 -26 27 -11 -24 -30
right_child=1 2 3 6 5 -7 7 8 -10 26 -12 -13 15 -15 -16 -17 19 18 -20 20 -22 22 28 24 25 -27 -28 -29 29 -31
leaf_value=0.0065703999629553944 -0.003966159741595649 0.069759200712789737 0.025819225208810581 0.035868236707756559 0.084588041152075702 0.004125271563428401 0.00034698753587142725 -0.0060871235948231342 -0.11899894762530173 0.0044477793251261341 -0.004530891152033029 0.29721571327333524 -0.0015081030635518469 0.28747981522861432 -0.021493548777668785 0.024027849985791546 -0.0071724615717327599 0.53847858310881724 -0.056857034729125004 0.33972552588227395 -0.085362448886607226 -0.028233880360616082 0.012358125715783139 0.02031603931267131 0.33358244590091529 0.012901077387267318 -0.032336105650457796 0.44248962362044908 0.17093964702069284 0.05207954940484702
leaf_weight=183996.15381698962 96921.643050686456 775.54476627707481 22803.412596174981 6484.0189938042313 207.81407852564007 55578.953942229971 25470.691642597318 8684.5430344468914 1326.6325670778751 18299.430352544412 4670.8389234039932 70.495042755268514 149301.11190765025 57.757201515138149 636.86442819796503 3801.0723813287914 3223.4441736480221 48.167773608118296 25.095667580142617 41.54676765948534 24.057924503460526 970.34235667064786 568.64115772023797 756.41466181445867 61.27265377342701 70.279195317998528 1591.1755118705332 26.417916809208691 283.48560357280076 680.51578474976122
leaf_count=1254005 633451 2918 122321 28433 496 285551 136966 50910 8295 95113 25026 147 1463581 57 2977 10805 26482 115 223 130 269 4629 3761 3460 102 365 14059 67 1799 4679
internal_value=0.0030226 0.00140444 0.00310259 0.0067604 0.0108914 0.00479367 0.00232683 -0.0057236 -0.0211535 0.00987805 0.0185348 0.138446 -0.000493784 0.0388467 0.0289545 -0.000874064 0.0266876 0.0399399 0.400291 0.0136788 0.222613 0.0116065 0.0293923 0.00483573 0.0408852 0.162264 0.00208908 0.00507925 0.0589425 0.0870329
internal_weight=587458 403462 306540 151968 78660.7 55857.3 73307 35481.9 10011.2 37825.1 17908.1 278.309 154572 1470.17 1412.41 153102 13237.3 6557.28 73.2634 6680 65.6047 6614.4 3390.95 1858.31 887.967 131.552 19917 18325.8 1532.64 964.001
internal_count=4181192 2927187 2293736 813398 408515 286194 404883 196171 59205 208712 99473 643 1480338 5952 5895 1474386 74447 28771 338 45676 399 45277 18795 8556 3927 467 109239 95180 10239 6478
cat_boundaries=0 1 2 3 4 5 6 7 8 9 10 11 12 13 14 15 16
cat_threshold=98 32 352 9 137 532 6 10 13 1 1 8 32 50 4 18
is_linear=0
shrinkage=0.08


Tree=60
num_leaves=31
num_cat=16
split_feature=47 2 34 42 41 34 41 41 3 34 2 37 35 37 3 19 15 13 19 37 18 45 6 18 37 4 41 45 21 3
split_gain=10740.3 1342.36 1350.27 2084.08 1160.58 1039.67 984.017 976.902 775.17 760.889 810.31 706.375 814.634 677.945 677.711 1657.99 1015.91 1347 1618.5 846.195 815.369 1013.11 1119.57 1492.94 790.78 639.584 626.891 624.072 843.463 795.888
threshold=0 inf 1 2 3 4 5 6 377.19500732421881 7 inf 8 9 10 600.50000000000011 173.00500488281253 1.0000000180025095e-35 101.20000457763673 1802.4500122070315 11 1508.424987792969 12 318.02499389648443 647.22500610351574 13 34.500000000000007 14 15 3.5000000000000004 36.704999923706062
decision_type=1 8 1 9 9 1 9 9 10 1 8 1 1 1 8 2 2 2 2 1 2 9 2 2 1 10 9 9 2 10
left_child=9 2 14 6 5 -3 11 8 -5 -1 -11 -4 -13 -9 19 24 -17 18 -18 -2 21 22 -19 -24 -16 -23 -21 28 -8 -29
right_child=1 4 3 7 -6 -7 27 13 -10 10 -12 12 -14 -15 15 16 17 20 -20 26 -22 25 23 -25 -26 -27 -28 29 -30 -31
leaf_value=0.0075360344073098938 -0.006174604912484523 0.078409227019482247 0.035299670113174524 -0.01732590012182935 -0.059816034371570598 -0.03064250473989346 0.022270494347088856 -0.044327721663386714 -0.051693626090361024 0.015503126896964746 0.038669910768104943 -0.061889151526220654 -0.0077838954493294511 -0.00466776026026401 0.093404718201547388 -0.033961514158140811 -0.082617246208240763 -0.084070945998004701 2.0058791157058442 0.030456077683318292 0.0090152106688858192 -0.085174312477657235 2.4577342533151629 0.7723962873233674 -0.0066720195708986716 0.4550276113389578 -0.031128460439421277 0.091049602034175475 0.4954344997903648 0.0041140753311637709
leaf_weight=82146.477683831006 15490.925843303092 829.98211982287467 2246.5481456741691 38384.838174922857 5609.9049312677234 1666.1840726733208 14980.796017799992 2852.6988770957105 4716.3390882210806 195634.88472785242 10164.784666424617 1885.8350570742041 29621.212974701542 76119.54412109172 1540.6718523139134 4195.4154552002437 4.4229787806980294 6.5761714340187636 5.1282636518590152 1090.4751149686053 287.30407789768651 51.300623189192265 4.2161300093866911 16.642938091885298 755.83930675685406 19.305747223086655 30610.199468196835 680.80745251476765 24.150273270905018 67060.332971609663
leaf_count=106428 224178 707 28602 460822 32025 6326 153342 53646 68110 230012 13344 29689 397177 632471 60667 189748 249 344 37 5716 11818 2412 127 381 19073 25 622593 855 18 832055
internal_value=0.00300495 -0.007568 -0.0066785 -0.00409064 -0.0396814 0.00578568 0.00356323 -0.0113947 -0.0210817 0.0140483 0.0166466 -0.00794709 -0.0110409 -0.00610582 -0.0180911 0.00534912 -0.022415 0.100256 1.03874 -0.0215156 0.0769944 0.276203 0.605424 1.11304 0.0608446 0.0547742 -0.0290011 0.00825889 0.0230167 0.00498705
internal_weight=588704 300758 292652 238573 8106.07 2496.17 116500 122073 43101.2 287946 205800 33753.6 31507 78972.2 54078.4 6886.82 4590.31 394.897 9.55124 47191.6 385.346 98.0416 27.4352 20.8591 2296.51 70.6064 31700.7 82746.1 15004.9 67741.1
internal_count=4182997 3833213 3794155 2656787 39058 7033 1441738 1215049 528932 349784 243356 455468 426866 686117 1137368 284881 205141 15393 286 852487 15107 3289 852 508 79740 2437 628309 986270 153360 832910
cat_boundaries=0 1 2 3 4 5 6 7 8 9 10 11 12 13 14 15 16
cat_threshold=2 96 25 16 48 18 34 3 8 1 16 98 1 27 17 40
is_linear=0
shrinkage=0.08


Tree=61
num_leaves=31
num_cat=17
split_feature=47 33 44 37 46 44 1 31 19 46 44 45 34 27 45 42 17 19 22 34 42 34 43 19 5 12 45 26 19 43
split_gain=9275.21 1238.91 1117.81 1639.45 882.504 1110.38 817.474 766.805 718.182 625.135 1150.12 609.353 567.276 1050.92 527.956 518.515 634.402 622.399 635.707 512.705 519.576 497.801 496.616 838.382 3358.66 864.447 622.183 496.576 470.396 518.242
threshold=0 1.0000000180025095e-35 1 2 3 4 1.0000000180025095e-35 1.0000000180025095e-35 3260.9499511718755 5 6 7 8 9.2500000000000018 9 10 12.500000000000002 4509.0500488281259 2.5000000000000004 11 12 13 14 1.0000000180025095e-35 1.0000000180025095e-35 180.00000762939456 15 1.0000000180025095e-35 12.400000095367433 16
decision_type=1 2 9 1 1 9 2 10 2 1 9 9 1 10 9 9 2 2 2 1 9 1 9 2 2 2 9 8 2 9
left_child=6 2 15 22 7 -6 9 8 11 19 14 12 13 -5 -11 16 17 18 -2 -1 -21 28 23 24 26 -26 -4 -13 -17 -30
right_child=1 -3 3 4 5 -7 -8 -9 -10 10 -12 27 -14 -15 -16 21 -18 -19 -20 20 -22 -23 -24 -25 25 -27 -28 -29 29 -31
leaf_value=0.0054051413018723357 0.042862768913425574 0.028911328877597873 0.23652312779956217 -0.0017208122308299794 0.032887967780679345 -0.052255798738663761 0.020316857209690131 0.026490003295916255 -0.035372888053402593 -0.10605310674698043 0.018565624881185377 0.091912306124285137 -0.061999515963017567 0.71005461070170517 -0.028530147685613766 0.0011901365445914872 -0.049535362262153104 0.29267650469265721 0.44361818257357871 0.0093434730374206357 0.019130303621058747 -0.0074257316963936473 -0.052479548410467029 -0.054971787399878611 2.3506607589108404 0.92341222571158266 -0.024912057232795132 -0.0092139366144365631 0.1994126526145126 0.024269986435758839
leaf_weight=66572.940629810095 2192.432689871639 5891.4396265288815 81.049919410608709 1062.7436755825765 5924.3757208436728 1174.6322229579091 69476.475786762312 3663.7132526962087 7142.0330292293802 674.31580470502377 4043.0519181676209 311.2036509308964 2607.0337404706515 13.443772353231905 3333.4123665094376 12201.789099082351 445.49821330048144 68.302930714562535 25.628636132925749 74003.054376140237 65523.394475501031 19309.461915267631 7086.6013432093896 367.84646290168166 4.4031113875098509 7.0878998516127467 162.65036194305867 222510.17940141959 100.30061182379723 7038.9219628237188
leaf_count=87810 9682 56700 1569 16537 13786 10930 78776 15932 157971 2032 4950 1808 56794 97 6157 46347 4073 161 28 93448 76448 133733 351225 15617 94 159 4530 2912274 133 22753
internal_value=0.00240936 -0.00741181 -0.00814092 -0.0101411 -0.00899377 0.0187997 0.0127765 -0.00982558 -0.010395 0.0103301 -0.0115393 -0.00960744 -0.0418436 0.00710469 -0.0419095 0.00404518 0.0376627 0.0548179 0.0474933 0.0111844 0.0139405 0.00165888 -0.0464423 0.0219709 0.133741 1.4703 0.0707194 -0.00907229 0.0107278 0.0270439
internal_weight=583019 299393 293501 252119 244409 7099.01 283627 237310 233647 214150 8050.78 226505 3683.22 1076.19 4007.73 41382.3 2731.86 2286.36 2218.06 206099 139526 38650.5 7709.64 623.038 255.191 11.491 243.7 222821 19341 7139.22
internal_count=4182554 3832933 3776233 3559323 3186129 24716 349621 3161413 3145481 270845 13139 2987510 73428 16634 8189 216910 13944 9871 9710 257706 169896 202966 373194 21969 6352 253 6099 2914082 69233 22886
cat_boundaries=0 1 2 3 4 5 6 7 8 9 10 11 12 13 14 15 16 17
cat_threshold=2 1 16 1 2 1 1 2 20 32 1 3 25 14 4 1 2
is_linear=0
shrinkage=0.08


Tree=62
num_leaves=31
num_cat=14
split_feature=47 38 44 37 41 2 2 37 18 6 35 1 4 42 43 17 37 41 26 21 18 14 38 12 19 37 17 18 7 34
split_gain=7519.98 1481.52 1378.4 1227.49 796.724 767.989 746.717 1937.35 1331.71 1039.73 725.903 746.856 701.38 669.841 1087.24 951.256 793.293 773.495 1239.34 754.207 725.407 1484.53 678.151 669.23 778.417 668.652 754.377 695.833 945.143 661.156
threshold=0 1 2 3 4 inf 1.5000000000000002 5 475.34999084472662 117.54998779296876 6 6.5000000000000009 inf 7 8 1.5000000000000002 9 10 9.7500000000000018 2.5000000000000004 288.02499389648443 1.5000000000000002 11 249.00000762939456 189.05000305175784 12 19.500000000000004 916.69998168945324 334.42500305175787 13
decision_type=1 1 9 1 9 8 8 1 2 2 1 2 8 9 9 2 1 9 10 2 2 2 1 2 2 1 2 2 2 1
left_child=-1 4 -3 -4 5 12 13 8 9 -8 -6 -12 25 14 17 29 -17 18 19 -5 21 23 -22 -16 -25 27 -27 -2 -29 -15
right_child=1 2 3 6 10 -7 7 -9 -10 -11 11 -13 -14 15 20 16 -18 -19 -20 -21 22 -23 -24 24 -26 26 -28 28 -30 -31
leaf_value=0.012244502954788803 0.0069997334359032286 0.0049897293501680135 -0.043710810350447327 0.026158816189727131 0.038765681225716143 -0.056353597782682271 0.081882182892817262 -0.032012344303084105 -0.025453663832141288 0.31328016611886478 0.0068322609202977735 0.23307043552987505 0.24211096214889227 0.0017649571509629973 -0.0027339228021872183 -0.0064493523487962204 -0.033739334667024397 -0.002723018180040059 0.30116228715672683 0.30896130185927256 0.017449753984108776 0.96862540492351668 -0.018468302154356877 0.085414119874928487 -0.021091336829876125 -0.0097069250936196016 0.058062925222328698 0.11440845783875006 -0.0097021220687004486 -0.020136101117534805
leaf_weight=281514.27296824381 7136.4898486807942 36569.857605936006 7486.5204011891037 7826.2249687737785 5871.0987945795059 1685.717559710145 322.27275492437184 17286.883440915029 380.64707814995199 202.276875580661 25997.92689544335 93.723314873874187 75.671816378831863 23871.46915578749 31413.00062539475 9981.5168273593299 21616.928989269305 8447.4231284856796 108.02344543673098 60.822741381824017 3674.0760147087276 10.130491946823893 39227.534982771846 1195.4373923302628 694.23969643097371 29395.245481343009 1090.2115680836141 983.07282494753599 653.91110126301646 13983.533404991031
leaf_count=349575 50949 206819 377404 86512 22135 9177 3508 236506 6098 1576 115295 135 37 276786 507395 148984 318116 102256 700 108 27802 45 926033 16223 13269 188562 6005 5051 4894 174390
internal_value=0.0028734 -0.00599888 -0.00921938 -0.0119869 0.00390205 -0.00347623 -0.0106667 -0.0260358 0.0874882 0.171114 0.0133693 0.007642 -0.00121101 -0.00894262 -0.00448864 -0.0148818 -0.0251315 0.0141632 0.0319859 0.0283397 -0.00851391 0.000342112 -0.0153925 4.75659e-05 0.0462856 -0.00168001 -0.00728097 0.0177699 0.0648311 -0.00633009
internal_weight=578856 297342 224359 187789 72983.1 41020.3 180302 18192.1 905.197 524.55 31962.7 26091.7 39334.6 162110 92656.9 69453.4 31598.4 16442.5 7995.07 7887.05 76214.4 33312.8 42901.6 33302.7 1889.68 39258.9 30485.5 8773.47 1636.98 37855
internal_count=4182345 3832770 3430530 3223711 402240 264675 2846307 247688 11182 5084 137565 115430 255498 2598619 1680343 918276 467100 189576 87320 86620 1490767 536932 953835 536887 29492 255461 194567 60894 9945 451176
cat_boundaries=0 1 2 3 4 5 6 7 8 9 10 11 12 13 14
cat_threshold=2 643 1 16 35 66 17 25 8 96 6 16 73 90
is_linear=0
shrinkage=0.08


Tree=63
num_leaves=31
num_cat=10
split_feature=47 36 37 47 17 33 2 37 22 4 32 39 11 16 37 1 4 1 4 42 17 37 1 24 2 32 42 4 8 32
split_gain=6664.04 1239.49 996.761 1408.07 877.489 836.471 738.057 691.447 908.342 670.211 647.768 625.135 717.801 1014.64 987.207 603.908 574.736 789.06 751.087 635.641 570.812 567.608 562.237 555.837 1069.49 1003.36 637.737 627.779 547.347 542.3
threshold=0 1 2 3 31.500000000000004 1.0000000180025095e-35 inf 4 1.0000000180025095e-35 1.5000000000000002 inf 5 11.500000000000002 1.0000000180025095e-35 6 1.0000000180025095e-35 10.500000000000002 1.5000000000000002 7.5000000000000009 7 19.500000000000004 8 1.5000000000000002 6.5000000000000009 2.5000000000000004 39.129999160766609 9 35.500000000000007 12.500000000000002 -77.97499847412108
decision_type=1 9 1 1 2 2 8 1 2 10 8 9 2 2 1 2 10 2 10 9 2 1 2 2 10 10 9 10 2 8
left_child=10 5 -3 9 6 7 22 8 29 -4 -1 12 16 14 -14 -10 17 -11 -19 -20 -17 -18 -5 26 25 -25 27 -13 -9 -2
right_child=1 2 3 4 -6 -7 -8 28 15 11 -12 23 13 -15 -16 20 21 18 19 -21 -22 -23 -24 24 -26 -27 -28 -29 -30 -31
leaf_value=0.013939781957299634 0.3868828111268755 -0.01170119905761237 -0.0090621861636471044 0.007589386334494872 -0.057151018917677814 0.082276710036344347 -0.041582557288096761 -0.035667782967207497 0.04188891792618965 -0.094987865194343796 0.0057144846880292019 0.03084442567101868 0.38792228961126973 -0.024479097261597676 -0.02561332471534291 0.34490754973306842 0.28731111816908822 0.10441008452350431 0.59034924467323346 -0.065697834903373012 -0.10232531675565834 -0.022275754467495489 0.032662398090112343 0.0028087285880954833 0.7629252562276756 0.75588287030206003 -0.016684085575210693 -0.034264186275880668 0.34200007131709009 -0.016355141287040319
leaf_weight=187531.77254415676 21.752472691237926 89008.691029206384 103435.06830487074 62856.489846148528 1325.4905925579369 436.39755588956177 1831.3183899819851 14987.148627656512 155.83162131905556 60.146213343366981 91017.001229697838 5500.1744239749387 133.35431001894176 106.72307340148836 56.586884515359998 113.4829841889441 30.156380917876959 87.243279233574867 38.066784892231226 17.170186405070126 21.76779517903924 666.83604869712144 6297.262307530269 108.624969933182 16.769800001755357 12.640638246200977 5796.7957320380956 1145.1090179216117 24.599985605105758 1139.5526052974164
leaf_count=229817 58 1029795 1972997 479954 16225 2684 6246 131394 1341 1022 119993 65128 842 1569 969 466 235 710 99 303 244 10085 10895 1106 27 48 71656 16859 107 9744
internal_value=0.00237468 -0.00599546 -0.00471825 -0.00143828 0.00734086 -0.0270258 0.00854511 -0.0299394 0.0227159 -0.00685446 0.0112521 0.00972143 0.0649844 0.172897 0.283797 0.149241 0.0293985 0.147992 0.250563 0.481402 0.272928 -0.00507848 0.00987258 0.00446629 0.164118 0.0813086 0.00269508 0.0195955 -0.0350256 -0.00880207
internal_weight=573980 295431 278531 189522 72310.6 16900.5 70985.1 16464.1 1452.39 117211 278549 13776.4 1196.28 296.664 189.941 291.082 899.619 202.626 142.48 55.237 135.251 696.992 69153.8 12580.1 138.035 121.266 12442.1 6645.28 15011.7 1161.31
internal_count=4182618 3832808 3686770 2656975 513320 146038 497095 143354 11853 2143655 349810 170658 15834 3380 1811 2051 12454 2134 1112 402 710 10320 490849 154824 1181 1154 153643 81987 131501 9802
cat_boundaries=0 1 2 3 4 5 6 7 8 9 10
cat_threshold=2 56 20 4 1 2 40 18 64 25
is_linear=0
shrinkage=0.08


Tree=64
num_leaves=31
num_cat=10
split_feature=47 32 31 37 45 11 44 32 45 3 36 18 1 43 4 22 3 18 3 37 34 3 18 18 21 37 4 3 13 12
split_gain=5460.45 1063.79 951.481 801.135 1017.4 836.299 708.12 683.989 612.273 591.553 564.647 546.647 545.68 605.827 1438.11 1113.48 943.473 607.669 811.325 567.588 679.757 657.568 1179.11 531.525 513.617 505.895 757.595 879.599 850.122 1305.98
threshold=0 -3.0949999094009395 1.0000000180025095e-35 1 2 100.50000000000001 3 81.680000305175795 4 inf 5 4044.3249511718755 2.5000000000000004 6 10.500000000000002 1.0000000180025095e-35 502.68000793457037 549.17501831054699 552.10998535156261 7 8 687.95001220703136 1.0000000180025095e-35 7858.1250000000009 2.5000000000000004 9 62.500000000000007 337.09500122070318 1.0000000180025095e-35 105.00000762939455
decision_type=1 10 10 1 9 2 9 8 9 8 9 2 2 9 10 2 10 2 10 1 1 10 2 2 2 1 10 10 2 2
left_child=7 9 3 4 5 -3 8 -1 -5 12 24 -4 13 14 19 23 -17 -18 -19 20 21 -2 -23 -16 -10 -12 27 -27 29 -28
right_child=1 2 11 6 -6 -7 -8 -9 10 -11 25 -13 -14 -15 15 16 17 18 -20 -21 -22 22 -24 -25 -26 26 28 -29 -30 -31
leaf_value=0.013052557605377449 0.060867498882642236 0.0099927472137536517 0.014325320612450263 -0.054077961498115792 -0.051853979493827231 0.85274367511770555 0.0048058485060075038 0.0046053397239133841 -0.032777884936040717 0.047279941961448815 -0.0028832368525763641 0.096653505224361252 0.019584528697992324 0.0015935354587047455 0.025771851016333475 0.067289070944637985 0.70833455957832359 0.56292494861159381 -0.096301092354645915 -0.02084239753002589 -0.0074149408732132049 1.0066293632698395 0.15730396168423366 0.25472353033155293 0.25561624531941407 -0.0099397961096897944 0.094634612501446433 -0.031550617487033174 -0.032011828562846387 0.53534856989449875
leaf_weight=182902.62003172003 669.3892511818558 2083.9026087722741 5280.9145372277126 2090.105403063586 5969.472030748846 7.5633854279294601 20211.3146479344 92310.359440369532 7882.8157666139305 1703.6792292706668 49358.029478652403 572.08250649599358 8272.123268018011 81588.268529626075 794.07232665177435 74.34362667798996 35.785565815865993 27.242710726335645 21.282557541038841 21429.471011138987 1801.7796872179024 13.05612528696656 52.638422633521259 70.671336901374161 39.721846930682659 69203.697281473316 264.06927936524153 14596.06862559868 245.71500279847533 51.411099928431213
leaf_count=226643 8086 49603 18811 45194 221271 24 103834 123013 73576 1899 705637 2474 103002 786415 9342 724 203 83 405 519939 31495 77 516 437 65 803975 1958 340999 2929 250
internal_value=0.00211798 -0.00545501 -0.00934788 -0.0104273 -0.0350375 0.0129783 -0.00921449 0.0102192 -0.0111867 0.000485364 -0.0105492 0.0223722 -0.000208783 -0.00174505 -0.0126407 0.080226 0.275043 0.458236 0.273797 -0.0166115 0.0191344 0.0834362 0.326099 0.044483 -0.0312924 -0.00931794 -0.013082 -0.0137039 0.0795573 0.166454
internal_weight=569624 294411 177857 172004 8060.94 2091.47 163943 275213 143732 116554 141642 5853 114850 106578 24989.7 1023.4 158.654 84.3108 48.5253 23966.3 2536.86 735.084 65.6945 864.744 7922.54 133719 84361 83799.8 561.195 315.48
internal_count=4182879 3833223 2370600 2349315 270898 49627 2078417 349656 1974583 1462623 1929389 21285 1460724 1357722 571307 11194 1415 691 488 560113 40174 8679 593 9779 73641 1855748 1150111 1144974 5137 2208
cat_boundaries=0 1 2 3 4 5 6 7 8 9 10
cat_threshold=2 16 10 2 2 24 35 74 10 104
is_linear=0
shrinkage=0.08


Tree=65
num_leaves=31
num_cat=19
split_feature=47 32 2 34 38 32 35 41 38 6 44 41 40 38 2 32 46 32 45 38 41 34 5 40 45 38 23 10 34 17
split_gain=4845.57 1044.08 902.45 814.478 783.208 725.864 946.195 704.119 881.955 658.618 604.527 716.284 602.395 669.231 586.258 825.713 972.166 794.76 959.66 772.211 565.782 953.569 835.729 634.774 717.826 658.574 860.755 917.889 801.43 534.539
threshold=0 -1.924999952316284 inf 1 2 -3.3249999284744258 3 4 5 1.0000000180025095e-35 6 7 8 9 inf -4.194999933242797 10 -16.980000495910641 11 12 13 14 26.500000000000004 15 16 17 7.5000000000000009 1.0000000180025095e-35 18 29.500000000000004
decision_type=1 10 8 1 1 8 1 9 1 2 9 9 1 1 8 10 1 8 9 1 9 1 2 1 9 1 2 2 1 2
left_child=14 2 3 12 10 6 -5 8 -7 -6 11 -3 13 -2 15 16 -1 -18 -19 -16 21 23 -23 24 -12 26 27 28 -25 -8
right_child=1 4 -4 5 9 7 29 -9 -10 -11 20 -13 -14 -15 19 -17 17 18 -20 -21 -22 22 -24 25 -26 -27 -28 -29 -30 -31
leaf_value=0.0049909970042095143 0.011052753474849117 0.030643317723488994 -0.035229487602083671 0.1234674690096067 -0.011198625414527605 -0.045727683015758143 0.0092384757777127756 -0.017043696708601366 0.084705218215854028 0.0027390144802682597 0.38045114820876413 -0.010920421657561826 0.0075924195565073814 -0.041699201861549552 0.0076618730706708915 0.012345828943457411 -0.11981014737813482 -0.05079472395194351 0.019195391040161158 0.046394948660177827 -0.021457758077733421 -0.013040003927132926 0.80575675792256563 0.53640388715936904 -0.069059030508476366 0.0062492300570951443 0.87594429905440252 0.50703777043812859 -0.02715268939091053 -0.057818621382965125
leaf_weight=95629.97520269081 2768.8002070980147 3423.1605846341699 4499.2011051438749 434.23172244569287 45035.321995389182 500.24636414740235 10708.568709958345 29203.526790655684 953.99818168533966 41874.689164938405 82.720323529094458 11676.956771055236 79496.881418544333 3452.1625395184383 6983.2155150286853 158118.32434794679 558.80148109234869 2769.5544447470456 2279.0903910398483 6250.1733518261462 54249.74846992502 2669.9481057487428 8.0018956977874023 8.6081726867705584 32.895863614976406 469.90423565823585 11.141417909413574 35.932814111933112 120.47725623752922 818.98505066242069
leaf_count=123567 18304 26187 17643 4469 373388 3657 254754 515401 4032 380880 590 78763 812307 26600 11430 195650 1582 5997 2585 8101 1244447 33938 50 44 371 5977 64 228 1875 26043
internal_value=0.00189791 -0.00525289 -1.25548e-05 0.00122207 -0.00961176 -0.00781516 0.0088972 -0.0143384 0.0398317 -0.00448272 -0.015733 -0.00148496 0.00571569 -0.0182405 0.00957197 0.00873393 0.00309265 -0.0292819 -0.0192619 0.0259965 -0.0194651 0.01199 -0.010554 0.0903606 0.257238 0.0570314 0.18488 0.149426 0.0498793 0.00447047
internal_weight=565125 292536 132837 128337 159700 42619.6 11961.8 30657.8 1454.24 86910 72789.5 15100.1 85717.8 6220.96 272589 259356 101237 5607.45 5048.64 13233.4 57689.4 3439.63 2677.95 761.68 115.616 646.064 176.16 165.018 129.085 11527.6
internal_count=4178924 3830012 1683210 1665567 2146802 808356 285266 523090 7689 754268 1392534 104950 857211 44904 348912 329381 133731 10164 8582 19531 1287584 43137 33988 9149 961 8188 2211 2147 1919 280797
cat_boundaries=0 1 2 3 4 5 6 7 8 9 10 11 12 13 14 15 16 17 18 19
cat_threshold=2 15 292 16 17 322 1 21 8 770 1 42 643 1 88 8 36 4 64
is_linear=0
shrinkage=0.08


Tree=66
num_leaves=31
num_cat=12
split_feature=47 36 38 44 32 45 36 12 43 5 32 17 32 38 3 34 3 40 34 19 22 12 11 19 12 34 3 13 1 21
split_gain=3947.08 1118.44 1198.21 1004.53 882.194 859.3 868.858 772.554 828.869 787.081 743.051 680.563 661.632 653.096 672.581 617.059 609.975 754.806 736.086 771.999 746.806 1466.2 971.14 731.15 637.872 606.478 672.491 917.568 599.539 594.313
threshold=0 1 2 3 -10.114999771118162 4 5 4293.8000488281259 6 19.500000000000004 3.0649999380111699 10.500000000000002 -2.5549999475479122 7 329.83499145507818 8 490.33499145507818 9 10 1604.6499633789065 2.5000000000000004 400.02499389648443 9.5000000000000018 608.52499389648449 20471.568359375004 11 320.17500305175787 467.47500610351568 1.0000000180025095e-35 2.5000000000000004
decision_type=1 9 1 9 8 9 9 2 9 2 8 2 10 1 10 1 8 1 1 2 2 2 2 2 2 1 10 2 2 2
left_child=28 -2 3 10 -4 6 7 9 -9 12 -3 -10 -6 14 25 -7 18 -18 19 24 -20 22 -22 -24 29 26 -8 -28 -1 -5
right_child=1 2 4 16 5 15 13 8 11 -11 -12 -13 -14 -15 -16 -17 17 -19 20 -21 21 -23 23 -25 -26 -27 27 -29 -30 -31
leaf_value=0.0071138501854430963 -0.02448624035555029 -0.0096099439114388646 0.037091408055295975 -0.0049259820403660341 0.017183574547077946 0.0048854402193556764 0.042347480986816323 0.02227520700151113 0.22608851971835228 0.14508808314538116 0.019435612683938581 0.067195326458388424 0.00096974717294751381 -0.023396853729276842 -0.038338541043039499 -0.0099052256726743018 0.15007628598246811 -0.0014577645423880842 -0.026928916088207199 -0.051651889247453328 0.10156309348536262 -0.01822430299388432 0.88306074039337701 0.29157324685039071 0.18724564093788804 -0.0021506265240857935 -0.10152180342733061 0.49017120002156833 0.015888110533852348 0.60046222758733492
leaf_weight=206414.24265401065 16348.198051583022 11459.702314672992 4216.9933506124653 24323.548837253358 27161.088687021285 25551.213269661646 2494.5015903934836 1660.7503967033699 272.91701473575085 267.42722449731082 11093.767865148373 468.96891848556697 39579.081987706944 10143.897450187244 1607.7104603685439 61474.409197101835 203.83127314131707 13009.564215597464 34031.37769299373 2365.9299393822439 57.044547283090651 251.35829435149208 25.752129532396793 27.828508604317904 111.34891011938453 3429.3646941073239 25.574197582900524 48.743205741047859 65704.481204140931 10.382754264399408
leaf_count=271424 146105 88634 21795 470056 212275 233464 12418 13563 1825 1771 61445 5318 364121 80361 11110 558109 4138 648401 801741 66511 1224 6347 57 283 955 19524 223 107 78801 104
internal_value=0.00230209 -0.00416255 -0.00295499 -0.0101122 0.000935712 6.04446e-05 0.00567475 0.00971387 0.0542871 0.00811709 0.0046772 0.123976 0.00756825 -0.0101167 0.00760226 -0.00556254 -0.0145958 0.000992292 -0.0179611 -0.00801373 -0.0257056 0.0885884 0.331284 0.575856 -0.00379351 0.0199286 0.049221 0.286557 0.00923244 -0.00466768
internal_weight=563841 291722 275374 96971.4 178403 174186 87160 69410.2 2402.64 67007.6 22553.5 741.886 66740.2 17749.8 7605.89 87025.6 74418 13213.4 61204.6 26811.2 34393.4 361.983 110.625 53.5806 24445.3 5998.18 2568.82 74.3174 272119 24333.9
internal_count=4182210 3831985 3685880 2149896 1535984 1514189 722616 598873 20706 578167 150079 7143 576396 123743 43382 791573 1999817 652539 1347278 537626 809652 7911 1564 340 471115 32272 12748 330 350225 470160
cat_boundaries=0 1 2 3 4 5 6 7 8 9 10 11 12
cat_threshold=2 56 44 1 9 128 14 705 68 12 12 116
is_linear=0
shrinkage=0.08


Tree=67
num_leaves=31
num_cat=17
split_feature=48 34 39 37 4 34 40 43 41 38 38 37 38 12 41 26 34 13 18 39 3 4 3 13 15 34 39 17 7 3
split_gain=503.139 414.857 1347.52 634.891 595.047 558.608 521.819 471.617 547.26 567.707 456.566 520.405 452.817 404.311 396.128 377.822 375.366 370.597 356.737 357.507 371.091 356.324 369.098 460.021 723.933 328.005 613.55 1582.52 317.406 304.79
threshold=0 1 2 3 69.500000000000014 4 5 6 7 8 9 10 11 649.00003051757824 12 1.0000000180025095e-35 13 18.75000095367432 108.02500152587892 14 728.21499633789074 18.500000000000004 656.05499267578136 8413.7949218750018 1.0000000180025095e-35 15 16 1.5000000000000002 85.00000381469728 inf
decision_type=9 1 9 1 10 1 1 9 9 1 1 1 1 2 9 8 1 2 2 9 10 10 10 2 2 1 9 2 2 8
left_child=1 10 5 4 29 6 -3 -5 9 16 15 14 -6 28 21 -1 -9 18 19 -14 -21 22 -12 -24 -25 26 27 -15 -10 -4
right_child=-2 2 3 7 12 -7 -8 8 13 -11 11 -13 17 25 -16 -17 -18 -19 -20 20 -22 -23 23 24 -26 -27 -28 -29 -30 -31
leaf_value=0.12383540299826951 0.046496988708362913 -0.10631601582650037 -0.0089038887805691531 -0.004243956503609485 -0.066736627062726206 0.017391573555371249 0.30861313151807301 0.063741437117753277 0.0031779612053494323 -0.014450014865959997 0.013697701909287492 0.0042964005614228879 0.32457957382494829 1.4083870005234542 -0.0087723990792934123 0.0084976505952679433 -0.0044788838715038781 -0.00099927753879183517 0.20531815796480327 0.03354095042170633 0.31536201804051944 -0.02625607903867758 -0.031243452073174673 0.023648560731102799 0.72882126610986209 -0.001911571484117161 0.023766304004347868 -0.15287241936492638 -0.010684534035324692 0.028703742533503589
leaf_weight=182.18467579782009 1594.6081979312003 24.494646773673594 90528.990818588529 70023.565217276337 176.93807638064027 21886.307232502848 70.948276283219457 2528.0340111199766 60214.525395342382 1217.948515186552 14205.409879681421 140396.32868740102 33.150804996490479 7.1742266640067127 42643.903906895546 80066.753608050756 654.81208252906799 313.69039236195385 167.87986948154867 438.35870081372559 32.092082923278213 2023.763886061497 1756.2566220490262 32.392152673564851 13.079368790611623 4455.5733280116692 8949.5258915810846 9.8734108675271255 12821.837305032415 1400.5426681749523
leaf_count=374 12257 547 845831 457162 1691 115963 131 2832 342864 4097 115934 1205327 4 8 299807 483114 1542 2121 414 1822 50 10304 31645 347 68 60181 75248 238 105031 1982
internal_value=0.00162382 0.00149542 -0.000708469 -0.00235315 -0.00761099 0.0182936 0.202141 0.000689631 0.0044919 0.0319798 0.00365719 0.00162092 0.0492753 0.00308921 -0.00456959 0.0087584 0.0497363 0.0700773 0.104325 0.0706584 0.0527655 0.0053696 0.00937135 -0.024739 0.226484 0.0158511 0.0246522 0.504159 0.000744342 -0.00833094
internal_weight=558871 557276 275956 253975 93091.6 21981.8 95.4429 160883 90859.3 4400.79 281320 201071 1162.11 86458.5 60674.8 80248.9 3182.85 985.172 671.481 503.602 470.451 18030.9 16007.1 1801.73 45.4715 13422.1 8966.57 17.0476 73036.4 91929.5
internal_count=4178936 4166679 2019759 1903118 853915 116641 678 1049203 592041 8471 2146920 1663432 6102 583570 458105 483488 4374 4411 2290 1876 1872 158298 147994 32060 415 135675 75494 246 447895 847813
cat_boundaries=0 1 2 3 4 5 6 7 8 9 10 11 12 13 14 15 16 17
cat_threshold=1 28 1 9 64 2 11 16 641 523 20 672 21 96 2 66 2
is_linear=0
shrinkage=0.08


Tree=68
num_leaves=31
num_cat=11
split_feature=47 36 38 32 19 6 6 4 18 46 5 32 44 44 40 4 36 38 18 43 18 11 43 19 7 19 17 19 5 12
split_gain=3769.3 838.632 893.067 916.925 907.156 784.474 755.576 600.755 596.883 660.884 837.565 771.626 722.126 572.771 569.331 827.445 555.62 782.671 688.387 1001.55 697.943 998.037 618.959 806.722 595.606 551.624 930.689 594.313 549.711 532.401
threshold=0 1 2 -16.980000495910641 608.52499389648449 488.90000915527349 516.00003051757824 6.5000000000000009 709.77502441406261 3 1.0000000180025095e-35 -3.2150000333786006 4 5 6 66.500000000000014 7 8 4044.3249511718755 9 288.02499389648443 1.0000000180025095e-35 10 212.504997253418 1265.570007324219 725.07501220703136 3.5000000000000004 703.52499389648449 31.500000000000004 379.82498168945318
decision_type=1 9 1 8 2 2 2 8 2 1 2 8 9 9 1 8 9 1 2 9 2 2 9 2 2 2 2 2 2 2
left_child=8 7 4 -4 -3 16 -7 -2 9 10 -1 -11 -13 -6 28 -16 18 -18 20 24 21 -5 23 -23 25 27 -27 29 -8 -20
right_child=1 2 3 5 13 6 14 -9 -10 11 -12 12 -14 -15 15 -17 17 -19 19 -21 -22 22 -24 -25 -26 26 -28 -29 -30 -31
leaf_value=0.010735723655627643 -0.037235902682129757 -0.0056400467392839614 0.040079895524287264 -0.0035636227087602278 0.0059894437855818397 0.069113290524392926 0.028144335313283541 -0.0049142317079192985 0.015031334402103965 -0.076924258299300802 -0.00050923898058627902 0.023340689870119839 -0.026073444503224113 -0.028965166621512328 0.0059827203848450347 -0.067347785648787739 0.00072851280042112181 -0.022863827711864747 0.23710197728641938 -0.034075041310815284 -0.012629470800740583 0.053148907720448196 0.008313179818186309 -0.017623044566978371 0.46593995632856461 0.47215502667365222 0.027962364235183557 0.65948062701758803 0.22113207503939034 0.054987905291616165
leaf_weight=133570.26691246964 8520.5856957314536 72989.746398248477 3495.9228703062981 59746.237621009815 3530.7451306805015 1395.423148395028 5168.205323250033 6478.7752778157592 64242.388271804899 1126.9612136092037 62101.274117019027 3172.1710422635078 4692.772392520681 19966.605214454466 16920.587986673694 1045.6628501564264 16568.350398439914 19700.960013945587 181.62875788565725 694.67911555944011 27564.509943646379 4749.4262677184306 18665.487127441913 1316.5651807505637 25.589879777282476 31.208875862881541 923.34825898893178 14.24890241678804 96.220183085650206 236.53304789075628
leaf_count=169622 88367 1412275 15739 461152 31772 11165 33171 47309 78480 2819 86422 3683 8681 710369 176284 6460 99546 180348 1315 8708 299546 46017 170770 17188 159 139 11350 107 277 2482
internal_value=0.00148123 -0.00484466 -0.00383937 -0.000487916 -0.0100402 -0.00129815 0.0119379 -0.0232595 0.00830399 0.00619232 0.00716685 -0.0150143 -0.00614322 -0.0237128 0.00850346 0.00171382 -0.00346511 -0.0120893 -0.000723785 0.0445767 -0.00157584 0.00203089 0.0155461 0.0377263 0.082911 0.0764418 0.0424851 0.151402 0.0316116 0.134089
internal_weight=558933 290027 275028 178541 96487.1 175045 24626.1 14999.4 268906 204663 195672 8991.9 7864.94 23497.4 23230.7 17966.3 150419 36269.3 114149 2107.24 112042 84477.7 24731.5 6065.99 1412.56 1386.97 954.557 432.411 5264.43 418.162
internal_count=4181722 3832015 3696339 1541923 2154416 1526184 227357 135676 349707 271227 256044 15183 12364 742141 216192 182744 1298827 279894 1018933 24260 994673 695127 233975 63205 15552 15393 11489 3904 33448 3797
cat_boundaries=0 1 2 3 4 5 6 7 8 9 10 11
cat_threshold=2 24 44 1 2 1 4 128 147 41 36
is_linear=0
shrinkage=0.08


Tree=69
num_leaves=31
num_cat=15
split_feature=47 38 42 19 37 38 37 28 38 19 6 3 44 32 46 3 3 32 38 37 1 38 42 34 8 3 6 13 3 38
split_gain=2975.18 960.414 1205.27 751.422 717.173 675.447 926.007 635.753 631.214 632.954 625.271 601.072 561.134 555.218 776.783 1240.26 675.226 617.754 583.69 604.358 530.972 550.046 1072.18 937.048 685.351 567.283 729.401 977.843 1272.66 614.176
threshold=0 1 2 683.36499023437511 3 4 5 1.0000000180025095e-35 6 575.27499389648449 20259.000000000004 515.66497802734386 7 -1.424999952316284 8 60.504999160766609 inf -1.6150000095367429 9 10 4.5000000000000009 11 12 13 12.500000000000002 182.4049987792969 1584.1246337890627 250.00000762939456 162.28499603271487 14
decision_type=1 1 9 2 1 1 1 2 1 2 2 8 9 10 1 10 8 8 1 1 2 1 9 1 2 10 2 2 10 1
left_child=13 -2 4 7 10 6 -6 8 9 -4 12 -7 -3 14 16 17 -1 -16 19 -15 21 22 -14 -24 -25 26 29 28 -28 -23
right_child=1 2 3 -5 5 11 -8 -9 -10 -11 -12 -13 20 18 15 -17 -18 -19 -20 -21 -22 25 23 24 -26 -27 27 -29 -30 -31
leaf_value=0.004796892251964586 -0.014777027512771936 0.030505324154286622 -0.00066809172857455409 -0.023817220306327748 0.16850424678834366 -0.020737662050203269 0.003971072046409437 0.15399886989005926 -0.011249381523966855 0.052271758110960076 -0.084933972924308918 0.016206737559041812 0.048156635176891983 -0.10465642666359699 -0.12758276159346235 0.014265703376304104 0.044232075049151227 -0.03699029643939452 0.013181450090635611 -0.0024056949706297978 0.07836936456852113 0.082602184518083779 0.0062983635472310066 -0.039784375617075284 0.42140849028960281 0.0035848703552069099 0.16684511716381686 0.072145357782820552 0.92253703138644039 0.015327199974984088
leaf_weight=129468.31287918054 45435.532291617012 7037.0813223905861 52953.427369807381 15772.038521767128 211.40618610009551 17525.458125175908 19693.002794858767 160.38025954831392 57360.991098763421 1485.9546027565375 456.24357329402119 3358.567143431399 1871.8250775989145 372.96074930392206 548.97350842878222 3749.8342220615596 2839.7763026505709 3933.3847222235054 114716.75576945953 10935.56197043322 656.41853244323283 904.70373301953077 5845.8705209465697 6253.1965495888144 20.690102954395115 33911.089474865701 43.506606377661228 304.15410611778498 21.218971647322178 17801.669657995924
leaf_count=172641 1309110 21858 447653 198301 826 173453 152187 602 594890 12815 5441 53526 22482 1018 1716 4835 3398 8013 141245 16433 4942 3021 83245 120494 33 464788 252 2175 69 160535
internal_value=0.00152097 -0.00410031 -0.00210863 -0.00746845 0.00379771 -0.00474174 0.00580233 -0.00516604 -0.00539437 0.00077679 0.00843397 -0.0147892 0.00900558 0.00761714 0.00415975 -0.019684 0.0056433 -0.0480855 0.0114727 -0.00586746 0.00676862 0.0060669 -0.00803879 -0.0167504 -0.0382026 0.00979131 0.02083 0.132231 0.414583 0.0186332
internal_weight=555650 289084 243649 127733 115916 40788.4 19904.4 111961 111800 54439.4 75127.7 20884 74671.4 266566 140540 8232.19 132308 4482.36 126025 11308.5 67634.3 66977.9 13991.6 12119.8 6273.89 52986.3 19075.3 368.88 64.7256 18706.4
internal_count=4181997 3832698 2523588 1254261 1269327 379992 153013 1055960 1055358 460468 889335 226979 883894 349299 190603 14564 176039 9729 158696 17451 862036 857094 226254 203772 120527 630840 166052 2496 321 163556
cat_boundaries=0 1 2 3 4 5 6 7 8 9 10 11 12 13 14 15
cat_threshold=2 32 25 105 217 2 898 1 1 640 8 24 1 6 128
is_linear=0
shrinkage=0.08


Tree=70
num_leaves=31
num_cat=22
split_feature=47 35 36 38 45 37 34 11 45 35 43 12 18 18 41 10 38 42 4 37 26 37 35 19 42 38 36 41 38 43
split_gain=3395.09 771.387 738.285 908.028 795.361 711.462 916.927 720.91 741.212 1293.8 1165.34 1226.31 4403.6 782.89 655.776 613.262 590.392 757.19 711.04 751.379 634.697 577.843 984.038 716.553 757.121 898.558 1137.79 607.148 575.375 653.079
threshold=0 1 2 3 4 5 6 2.5000000000000004 7 8 9 151.81000518798831 219.65000152587893 24.925001144409183 10 1.0000000180025095e-35 11 12 46.500000000000007 13 2.5000000000000004 14 15 2878.2500000000005 16 17 18 19 20 21
decision_type=1 1 9 1 9 1 1 2 9 1 9 2 2 2 9 2 1 9 10 1 8 1 1 2 9 1 9 9 1 9
left_child=2 -2 3 5 21 6 -1 8 9 10 11 -8 -13 14 -12 16 -5 -18 20 -20 -19 22 23 24 25 26 -4 -24 29 -26
right_child=1 -3 4 15 -6 -7 7 -9 -10 -11 13 12 -14 -15 -16 -17 17 18 19 -21 -22 -23 27 -25 28 -27 -28 -29 -30 -31
leaf_value=0.58051970086979565 0.003123999887183287 0.010869195972083539 0.24559201112091877 0.010244290282921427 -0.038444944287397489 -0.027094673048429826 0.46553382090999956 -0.022841745110873713 0.0032015935494595403 0.032701427138817525 -0.066665585455494294 2.991218869489904 -0.086000288567471175 -0.084430528999718424 0.35581072073777359 0.016824611591486863 0.020552437791771117 0.10739028149602106 0.31810198238544812 0.034668210461989542 -0.010115030662813341 -0.02348808422161662 -0.052123785017182123 -0.092700582409263071 0.32450792041093907 0.010296559469124418 0.018759637941535325 0.018624008724297886 -0.086241801506684354 0.029371624754481674
leaf_weight=7.3808384388685226 264261.0392270782 119528.30985705322 444.50321231782436 14780.797981033102 9981.1599422683939 20073.592579730786 32.456079463940114 4671.8815761795267 3210.1574111925438 845.68500102683902 33.594588113948703 5.8088847249746305 6.1034324252977967 63.228945317678154 87.810339845251292 9259.4930036254227 5992.6498867841437 295.19379590358585 53.292489526793361 1325.919405721128 86737.252236037515 6440.5366617077962 1498.1758918166161 186.7552488502115 43.798744298517704 341.70577745512128 220.62326590716839 1594.0604235511273 248.04933531209826 510.38571602851152
leaf_count=25 986391 251405 2271 93057 100511 765561 1195 182248 79565 13795 1415 132 372 3267 1222 133299 69957 1617 375 14988 1351250 76044 17661 2145 242 3186 2083 15322 3105 4708
internal_value=0.00137624 0.00553655 -0.00807203 -0.00605114 -0.0219153 -0.0187269 2.0632e-05 -0.00110461 0.0225934 0.0797461 0.24484 0.587844 1.41457 0.136447 0.262722 -0.00294226 -0.00461887 -0.00694633 -0.00881234 0.0481778 -0.00971648 -0.00758348 0.0125554 0.0562093 0.0718924 0.117591 0.171744 -0.0157105 0.0129126 0.0580354
internal_weight=552781 383789 168992 147482 21509.8 29037.7 8964.11 8956.73 4284.84 1074.69 229.002 44.3684 11.9123 184.634 121.405 118445 109185 94404.3 88411.7 1379.21 87032.4 11528.6 5088.06 1995.82 1809.07 1006.83 665.126 3092.24 802.234 554.184
internal_count=4178414 1237796 2940618 2713340 227278 1048797 283236 283211 100963 21398 7603 1699 504 5904 2637 1664543 1531244 1438187 1368230 15363 1352867 126767 50723 17740 15595 7540 4354 32983 8055 4950
cat_boundaries=0 1 2 3 4 5 6 7 8 9 10 11 12 13 14 15 16 17 18 19 20 21 22
cat_threshold=4 32 224 32 36 32 2 34 1 4 34 641 1 74 97 24 24 244 3 37 818 3
is_linear=0
shrinkage=0.08


Tree=71
num_leaves=31
num_cat=14
split_feature=47 38 45 37 0 6 45 40 38 45 3 11 36 19 4 45 12 4 45 11 38 16 36 1 32 1 38 3 3 17
split_gain=2715.47 740.68 800.077 619.46 1052.59 780.157 761.963 735 718.456 914.526 1442.29 868.649 853.24 781.233 715.189 932.344 694.557 674.203 657.512 788.557 642.044 862.574 1042.58 827.09 793.324 638.316 674.218 858.075 735.108 637.41
threshold=0 1 2 3 1.5000000000000002 9042.6748046875018 4 5 6 7 18.605000495910648 1.0000000180025095e-35 8 204.51999664306643 43.500000000000007 9 11192.629882812502 48.500000000000007 10 43.500000000000007 11 1.0000000180025095e-35 12 2.5000000000000004 -10.114999771118162 3.5000000000000004 13 450.30499267578131 552.10998535156261 5.5000000000000009
decision_type=1 1 9 1 2 2 9 1 1 9 10 2 9 2 10 9 2 10 9 2 1 2 9 2 8 2 1 10 10 2
left_child=1 2 -1 5 8 6 20 14 9 10 -5 -12 -13 -10 18 17 -11 -16 19 -6 24 29 -23 -24 -3 -8 -27 -28 -29 -22
right_child=-2 3 -4 4 7 -7 25 -9 13 16 11 12 -14 -15 15 -17 -18 -19 -20 -21 21 22 23 -25 -26 26 27 28 -30 -31
leaf_value=-0.077817867351735487 0.0051915230382191492 0.096763046362817143 0.020294070904157219 -0.064662114992601091 -0.045085098365917418 -0.051687837441444881 -0.012026821808842769 -0.046214944940909296 -0.0021220490993231708 0.00082798255583065516 0.21117211750813325 0.28786983863277366 -0.0071866334848227692 -0.041089538347921971 0.30927429563727149 -0.082658698400704916 0.19511419331704669 -0.025560824899202309 -0.0058896008907728913 0.17718082588638837 -0.0026256135411249913 0.4152609110800678 0.036180742432612906 -0.079735224528906398 0.0098689444564141644 0.11456600591220691 -0.033709443305219397 0.21458395774171315 -0.0014796959339993122 -0.03119553610495852
leaf_weight=555.57011535950005 383655.24769341387 691.93892709538341 9063.8380055297166 317.70249806344509 5516.1687432741746 2249.3965358615387 55340.150031202473 8817.6233888282441 10523.634386383463 6990.4263877510093 451.39999075606465 67.51551628112793 333.96766425063834 4792.1301869014278 138.07412461191416 108.24842732399702 119.7794946487993 53.359941171482205 8833.586499402998 104.08433145470917 16201.052325298544 34.104151792824268 3700.070078382967 440.89802570920438 23855.301674182527 493.51797565445304 989.23790234792978 198.24831442907453 204.97792996512726 7227.378367619589
leaf_count=6207 1239885 5509 47993 4803 118976 50894 1088060 136348 147297 76191 4399 305 4204 82728 317 1677 633 614 183147 1244 297737 129 86898 11755 340233 2122 14726 2690 4697 220881
internal_value=0.00147417 -0.00699417 0.0145527 -0.00829982 -0.0159864 -0.00505072 -0.00409206 -0.0279471 -0.00404539 0.0149299 0.0801485 0.135031 0.0494228 -0.0143052 -0.0169862 0.105327 0.00409519 0.205223 -0.0195339 -0.0408961 0.0029028 -0.00546721 0.0280309 0.0237815 0.0123133 -0.0104652 0.035301 0.00633952 0.104749 -0.0114391
internal_weight=552069 168413 9619.41 158794 47167.7 111626 109377 23571.1 23596.6 8280.79 1170.59 852.883 401.483 15315.8 14753.5 299.682 7110.21 191.434 14453.8 5620.25 52150.7 27603.5 4175.07 4140.97 24547.2 57226.1 1885.98 1392.46 403.226 23428.4
internal_count=4183299 2943414 54200 2889214 762883 2126331 2075437 442323 320560 90535 13711 8908 4509 230025 305975 2608 76824 931 303367 120220 963142 617400 98782 98653 345742 1112295 24235 22113 7387 518618
cat_boundaries=0 1 2 3 4 5 6 7 8 9 10 11 12 13 14
cat_threshold=4 129 32 105 14 2 88 32 8 12 4 774 32 530
is_linear=0
shrinkage=0.08


Tree=72
num_leaves=31
num_cat=12
split_feature=47 44 41 38 40 3 37 36 17 42 19 37 42 3 2 21 19 7 17 18 18 10 7 12 12 7 32 32 45 41
split_gain=1679.45 766.304 1014.17 806.116 894.212 813.324 793.32 942.123 744.253 651.442 743.234 595.456 885.284 720.067 579.033 600.193 576.725 600.863 844.463 843.909 565.83 768.628 565.457 1589.85 2397.05 1044.65 1046.04 840.587 815.641 529.304
threshold=0 1 2 3 4 25.809999465942386 5 6 21.500000000000004 7 196.70000457763675 8 9 51.764999389648445 1.0000000180025095e-35 1.5000000000000002 1396.0050048828127 1265.570007324219 2.5000000000000004 15267.750000000002 116.77500152587892 1.0000000180025095e-35 116.00000762939455 832.04998779296886 861.07501220703136 132.00000762939456 -0.98500001430511464 -6.0650000572204581 10 11
decision_type=1 9 9 1 1 10 1 9 2 9 2 1 9 10 8 2 2 2 2 2 2 2 2 2 2 2 8 8 9 9
left_child=1 2 6 -3 -5 20 7 8 -1 10 22 12 -12 -14 -15 -16 17 -11 -19 -20 21 -6 -7 27 -25 26 -26 28 -24 -27
right_child=-2 3 -4 4 5 9 -8 -9 -10 16 11 -13 13 14 15 -17 -18 18 19 -21 -22 -23 23 24 25 29 -28 -29 -30 -31
leaf_value=0.076604578078354191 0.0044627190522835728 0.0040928145033996425 -0.0020184047981624494 -0.064150887630405384 0.095161871696131245 0.00077733032682379135 0.00030153176017217571 -0.07850033643675261 -0.077749150322372187 -0.015689680522083711 0.0084024014289021346 -0.030209253489990578 0.68320686642677597 -0.014855032137089497 -0.069387858951469705 0.23143033013425063 -0.049616533285966942 0.82463768756742684 0.010402161365604463 0.93149667844530304 -0.014588232133066816 0.70530347849439357 0.4054727388380055 1.2947027255324648 0.68995318542533468 0.25141522626946805 0.1052050612901218 0.0081543183106682939 -0.07000555254746739 -0.050775700107768031
leaf_weight=3530.8602505763993 381599.37712862995 30658.775952843018 18026.712119001895 1947.599107766524 618.48910061642528 28067.290106698871 2641.9889232423156 298.61559836566448 211.924276066944 39396.956780558918 12619.27449430991 9531.9519391071517 9.2863390576094371 11724.12795213447 1853.3170345961116 43.443588215857744 3388.5667581043672 11.775525605306028 68.364182153716683 7.0196774881333104 387.45779077336192 13.502499394118784 56.936596875078976 12.942082026973365 41.294433131814003 45.68510110443458 37.231567062437534 1989.6042431546375 37.388472679071128 106.2088890010491
leaf_count=23754 1239767 249594 118965 35248 5108 622076 12830 2368 2985 708601 305905 246900 81 417337 54220 432 78575 139 1195 63 3934 45 851 169 453 1785 1088 45255 1075 2922
internal_value=0.00153218 -0.00514878 0.00785796 -0.00740145 -0.0105469 -0.00959263 0.0344484 0.0567154 0.0676839 -0.0102584 -0.00527863 -0.0130934 -0.00686401 -0.020994 -0.0214895 -0.0624979 -0.0179395 -0.0152255 0.194592 0.0961737 0.0615309 0.108198 0.00391941 0.0418131 0.235303 0.175799 0.412706 0.0192172 0.252568 0.0533233
internal_weight=548984 167385 24710.1 142674 112016 110068 6683.39 4041.4 3742.78 109049 66176 35781.4 26249.4 13630.2 13620.9 1896.76 42872.7 39484.1 87.1594 75.3839 1019.45 631.992 30394.6 2327.29 243.362 230.42 78.526 2083.93 94.3251 151.894
internal_count=4183720 2943953 160902 2783051 2533457 2498209 41937 29107 26739 2489122 1700549 1024875 777975 472070 471989 54652 788573 709998 1397 1258 9087 5153 675674 53598 6417 6248 1541 47181 1926 4707
cat_boundaries=0 1 2 3 4 5 6 7 8 9 10 11 12
cat_threshold=4 1 21 657 1 112 131 25 41 17 3 32
is_linear=0
shrinkage=0.08


Tree=73
num_leaves=31
num_cat=17
split_feature=47 2 44 41 34 23 2 3 41 35 46 44 31 34 40 17 26 36 41 40 34 41 0 43 11 2 26 5 34 3
split_gain=1739.77 950.112 684.845 648.398 795.019 630.13 626.128 621.05 556.421 594.798 519.125 1101.13 659.958 490.699 487.333 541.655 481.092 468.437 446.54 616.568 508.648 753.397 818.715 540.607 639.618 644.194 537.676 529.694 500.518 503.83
threshold=0 inf 1 2 3 6.5000000000000009 inf inf 4 5 6 7 1.0000000180025095e-35 8 9 29.500000000000004 2.5000000000000004 10 11 12 13 14 2.5000000000000004 15 51.500000000000007 1.0000000180025095e-35 9.7500000000000018 1.0000000180025095e-35 16 154.72499847412112
decision_type=1 8 9 9 1 2 8 8 9 1 1 9 10 1 1 2 8 9 9 1 1 9 2 9 2 10 10 2 1 10
left_child=6 2 8 4 -3 7 13 10 9 17 12 -12 16 -1 15 -6 -4 -2 28 20 21 23 -23 24 25 -20 27 -27 29 -18
right_child=1 3 5 -5 14 -7 -8 -9 -10 -11 11 -13 -14 -15 -16 -17 18 -19 19 -21 -22 22 -24 -25 -26 26 -28 -29 -30 -31
leaf_value=0.0086395925924178298 0.079792032610350005 0.068555472828988787 0.069242140256747811 -0.046728622365564042 -0.00071058228708352695 -0.031112761654970088 0.023207061121392949 0.066901642422284524 0.0017869694316742977 0.014550956040258285 0.03258123508174806 -0.050929720202539962 0.029596734308743607 0.001529200216405488 -0.077361250537041681 0.33253264169222091 0.08557982076924564 -0.061443011235530913 0.019656690741641891 -0.022869371819670602 -0.0033176225002416043 -0.025947668549952136 0.76479427505081821 -0.0067478668807862694 0.42389615535560771 0.28568387879409407 0.65966661043716668 -0.031439350430862038 0.00033865204469523243 0.011879513934392084
leaf_weight=118093.28102893848 1557.9423932563514 793.14524858444929 557.87011828483082 5253.043947590515 814.10895078256726 5410.5073953573592 12558.795069262385 799.28081912174821 30788.036573641934 8214.1217293115333 5713.1349400952458 1227.6244439808652 3595.3724331469275 131066.49504588731 717.43571090884507 32.460909314453602 889.39739477261901 161.62796119600534 1618.0574111607857 13989.931786106201 139140.90737563069 17638.537590493914 8.3839653679169697 12367.283426008653 27.399408532772213 75.298291249200702 14.280638338997958 61.031557145994157 33197.179661827162 1785.2143367128447
leaf_count=151629 17372 700 4528 32185 2602 85708 19572 748 160480 37446 13980 13599 16650 178972 3615 40 4869 1298 26332 153204 2032725 512069 102 419841 121 484 68 1025 279584 13685
internal_value=0.00106315 -0.00324483 -0.00248367 -0.0311338 0.00380224 -0.00412323 0.00577819 -0.00349572 0.00710353 0.0235559 -0.00373835 0.0178105 -0.00440318 0.00489969 -0.0292626 0.0119264 -0.00495539 0.0662384 -0.00514284 -0.00672704 -0.00540476 -0.0145302 -0.0255575 -0.000782238 0.0401056 0.0343868 0.192637 0.143716 0.0030257 0.0362518
internal_weight=548167 286449 278838 7610.19 2357.15 238117 261719 232706 40721.7 9933.69 231907 6940.76 224966 249160 1564.01 846.57 221371 1719.57 220813 184941 170951 31810.3 17646.9 14163.4 1796.07 1768.67 150.61 136.33 35871.8 2674.61
internal_count=4185233 3835060 3795918 39142 6957 3579322 350173 3493614 216596 56116 3492866 27579 3465287 330601 6257 2642 3448637 18670 3444109 3145971 2992767 960042 512171 447871 28030 27909 1577 1509 298138 18554
cat_boundaries=0 1 2 3 4 5 6 7 8 9 10 11 12 13 14 15 16 17
cat_threshold=2 1 16 48 21 1 1 2 28 8 136 17 6 96 32 8 48
is_linear=0
shrinkage=0.08


Tree=74
num_leaves=31
num_cat=13
split_feature=45 3 3 46 44 32 46 41 34 16 41 34 17 6 19 3 35 42 7 3 45 3 19 32 19 13 34 17 34 32
split_gain=364.257 876.309 586.04 489.049 399.757 461.896 381.675 372.862 672.151 438.235 485.074 434.089 413.824 410.52 369.857 355.217 354.046 444.614 728.326 672.343 697.69 679.045 722.133 713.857 646.108 1124.38 549.681 1234.46 515.586 474.828
threshold=0 35.854999542236335 inf 1 2 2.2749999761581425 3 4 5 1.0000000180025095e-35 6 7 3.5000000000000004 9042.6748046875018 1023.5499877929689 18.605000495910648 8 9 1504.299987792969 78.599998474121108 10 462.81500244140631 2878.2500000000005 6.8250000476837167 159.02500152587893 138.04999542236331 11 3.5000000000000004 12 10.515000343322756
decision_type=9 10 8 1 9 8 1 9 1 2 9 1 2 2 2 10 1 9 2 10 9 10 2 8 2 2 1 2 1 10
left_child=1 6 7 -4 5 -3 15 8 12 -9 -11 -12 -2 16 -6 -1 17 18 24 28 21 -21 23 -23 25 26 27 -13 -20 -24
right_child=2 4 3 -5 14 -7 -8 9 -10 10 11 13 -14 -15 -16 -17 -18 -19 19 20 -22 22 29 -25 -26 -27 -28 -29 -30 -31
leaf_value=0.066478487148566606 0.04828714064741764 0.0036089495774645941 0.045013464936425836 -0.011859545081160543 0.0072689849118404842 0.027335629786590251 -0.044765912363626738 -0.0015200945667753999 -0.0013508318779852815 -0.010917168679006216 -0.052074826568096803 1.0071083777768302 -0.017396548761447125 -0.029212972368526161 -0.019980824400609748 -0.019225557829233398 0.0081045937713041909 0.01351800021948228 0.55100349690329753 0.063854820251583858 -0.008723975834320748 1.2453110500128759 0.11737303642686389 0.30538671751289309 0.02357447563291987 0.42342194856696391 -0.025392432900691674 -0.0035012036414655331 -0.050062444508487736 0.55799372315477314
leaf_weight=429.88308225013316 3842.5401883991435 8642.6029164269567 3278.4045276008546 1372.8705468755215 22414.705035794526 13381.392838696018 2830.5811134204268 422328.42989710998 7332.0287357494235 8882.14539405494 710.52606184314936 12.769470849074422 730.5938167674467 1601.480253156973 3716.2934610513039 1105.3106202110648 32921.738134813961 6427.1825278720353 30.324546795338392 81.498536583036184 168.14195993030444 10.831565596163271 48.281751422211528 9.8961271429434436 2483.5865764124319 72.709862883202732 145.06008278205991 19.622530691791326 17.803906361106783 23.161319138947874
leaf_count=588 6525 28086 3938 2529 192558 31383 5934 3334561 22313 122323 3606 135 2430 14780 61021 5999 249376 69933 79 577 1578 116 341 101 19857 239 1203 155 292 149
internal_value=0.000639921 0.00697251 -3.54633e-05 0.0282268 0.0100853 0.0180249 -0.0273458 -0.000304895 0.0136731 -0.000654775 0.0061547 0.00954088 0.0377112 0.0105458 0.00339358 0.00477319 0.0120474 0.025603 0.0503461 0.152789 0.113371 0.219447 0.380833 0.796558 0.0359179 0.158462 0.0498962 0.301744 0.432739 0.260219
internal_weight=545072 52520.8 492552 4651.28 48155 22024 4365.77 487900 11905.2 475995 53666.8 44784.6 4573.13 44074.1 26131 1535.19 42472.6 9550.87 3123.69 389.94 341.811 173.669 92.1708 20.7277 2733.75 250.162 177.452 32.392 48.1285 71.4431
internal_count=4182705 325569 3857136 6467 313048 59469 12521 3850669 31268 3819401 484840 362517 8955 358911 253579 6587 344131 94755 24822 3233 2862 1284 707 217 21589 1732 1493 290 371 490
cat_boundaries=0 1 2 3 4 5 6 7 8 9 10 11 12 13
cat_threshold=8 1 1 1 16 56 4 1 17 33 4 32 6
is_linear=0
shrinkage=0.08


Tree=75
num_leaves=31
num_cat=12
split_feature=47 38 1 1 2 36 41 42 32 35 42 38 13 37 19 19 18 6 44 0 1 18 19 22 7 17 19 38 17 37
split_gain=2224.73 889.516 1127.13 706.072 695.438 616.492 681.756 622.202 712.883 593.809 583.699 904.236 968.601 1198.65 1252.47 1921.25 735.271 2311.68 623.648 728.892 804.071 1283.88 1688.92 1613.95 1567.27 1921.1 1180.15 677.755 982.734 936.745
threshold=0 1 2.5000000000000004 1.0000000180025095e-35 inf 2 3 4 9.3450002670288104 5 6 7 4240.1750488281259 8 77.784999847412124 72.040000915527358 11770.379882812502 1364.7099609375002 9 1.5000000000000002 3.5000000000000004 1163.3250122070315 784.72500610351574 1.0000000180025095e-35 463.52999877929693 9.5000000000000018 1265.3750000000002 10 18.500000000000004 11
decision_type=1 1 2 2 8 9 9 9 10 1 9 1 2 1 2 2 2 2 9 2 2 2 2 2 2 2 2 1 2 1
left_child=1 2 -1 -2 5 6 10 -7 9 -9 11 12 13 14 15 -3 -14 -18 -12 -20 27 22 -22 24 25 -24 -27 28 -21 -30
right_child=3 4 -4 -5 -6 7 -8 8 -10 -11 18 -13 16 -15 -16 -17 17 -19 19 20 21 -23 23 -25 -26 26 -28 -29 29 -31
leaf_value=0.0034840719938716209 0.0019857702660084271 0.2145744044707362 0.078460258235956426 0.01055430897093629 -0.059255434075461723 -0.033540357094654603 -0.013995749634675902 -0.038782318884604712 -0.050380442417106978 0.0031965421827907081 0.014672855408815615 0.0069958877920776067 0.26211319347154083 -0.029819782383380147 0.044754164591085964 1.1687775000715315 2.382487688941441 -0.08479143694181257 0.0012123677746505941 -0.010479613307339724 0.064681187959088032 -0.057773873256471618 0.41365381529137152 -0.085075533459595454 0.21796526679322867 0.92059443088035353 2.1423754218526376 -0.026712438172344588 0.19341305466058537 0.016665291832624558
leaf_weight=17393.293916696683 301382.68650726601 268.59392569493502 1385.4557747971267 77343.239178780001 1774.6069026263431 11660.439342570491 44314.59260972403 2567.5875488659367 2409.8879291955382 13199.18442610465 9849.3023632839322 6127.8597044430207 66.093439187388867 512.19244731357321 419.84871256258339 14.219578875228761 4.3458511400967819 5.5139719140715897 29473.969676117646 3143.0162647664547 469.08422701712698 391.84172754362226 21.386140058748424 29.533416334073991 35.244709918741137 10.663792288862171 9.6281253532506508 19222.49207357713 315.40241214632988 488.08070918451995
leaf_count=112112 1118346 3911 6049 120895 15808 135615 633135 34609 33258 137759 62682 170203 775 11746 9494 87 48 186 637664 45097 9242 12531 250 829 633 161 90 861656 2685 5750
internal_value=0.000353803 -0.0073812 0.00901086 0.00373563 -0.00947798 -0.00886955 -0.0062131 -0.0191169 -0.00985075 -0.0036622 -0.00134594 0.0198718 0.0804743 0.0637699 0.130557 0.262551 0.358251 1.0027 -0.00382912 -0.00722903 -0.0175372 0.0539216 0.129967 0.417638 0.610647 0.942715 1.50031 -0.0205208 0.00968031 0.0886611
internal_weight=544309 165583 18778.7 378726 146805 145030 115193 29837.1 18176.7 15766.8 70878.3 7418.67 1290.81 1214.85 702.662 282.814 75.9533 9.85982 63459.6 53610.3 24136.4 967.382 575.54 106.456 76.9228 41.6781 20.2919 23169 3946.5 803.483
internal_count=4183306 2944065 118161 1239241 2825904 2810096 2468855 341241 205626 172368 1835720 196450 26247 25238 13492 3998 1009 234 1639270 1576588 938924 23736 11205 1963 1134 501 251 915188 53532 8435
cat_boundaries=0 1 2 3 4 5 6 7 8 9 10 11 12
cat_threshold=4 641 128 38 35 1 1 12 73 1 66 32
is_linear=0
shrinkage=0.08


Tree=76
num_leaves=31
num_cat=11
split_feature=47 38 2 32 4 2 38 32 19 6 45 12 19 19 7 44 38 2 34 46 45 32 32 11 4 2 34 4 45 3
split_gain=1377.55 739.271 721.736 637.062 629.993 625.805 754.562 742.287 577.168 796.189 701.63 698.733 943.698 751.034 704.223 662.663 591.126 548.806 543.593 531.227 863.119 664.776 518.739 511.962 511.304 520.82 510.367 499.052 547.996 607.627
threshold=0 1 inf -4.194999933242797 6.5000000000000009 inf 2 -2.1450001001358028 3260.9499511718755 617.62496948242199 3 13199.600097656252 3053.4250488281255 881.77499389648449 12.500007629394533 4 5 2.5000000000000004 6 7 8 -16.980000495910641 26.865000724792484 22.500000000000004 1.5000000000000002 1.0000000180025095e-35 9 34.500000000000007 10 126.15500259399415
decision_type=1 1 8 10 10 8 1 10 2 2 9 2 2 2 2 9 1 10 1 1 9 8 10 2 10 10 1 10 9 10
left_child=5 4 3 -3 17 7 -7 19 9 11 -11 13 -13 14 -5 18 23 26 -16 -1 21 -21 -20 -15 -17 27 -2 28 29 -26
right_child=1 2 -4 8 -6 6 -8 -9 -10 10 -12 12 -14 16 15 24 -18 -19 22 20 -22 -23 -24 -25 25 -27 -28 -29 -30 -31
leaf_value=0.00074446068956474782 0.057900297051363687 0.0015311470529726613 -0.034212025059361238 -0.010474978996948383 -0.020294778077522148 0.00048650805076956783 0.040342165979866298 0.0082722848582484701 -0.031049937719553722 0.016456666820834125 -0.026670409420710188 0.067172653792154591 0.76994498826597424 -0.0010778682800625082 0.068975175186963625 -0.0043986785258003751 -0.03253374807637173 -0.07393457771586269 -0.0003921625196663045 -0.097032973838899236 -0.10146553485394692 -0.0023023362600505309 0.21690145029532304 0.16687225286168772 0.49376030578026808 -0.016958237434642962 0.012752329812445822 -0.031311901772017633 0.041119877696503854 0.11976330712137974
leaf_weight=110730.07528712787 1727.595951821655 91603.620679909363 5092.2797538200393 79886.198412792291 3888.9529984071851 5490.1411039428785 6819.4588645510375 130133.23588286899 6059.702346424805 15511.307287501404 2850.4209061055444 515.7399554902222 12.525791194289921 3354.3277067076415 1641.2857089675963 31176.149037723197 12680.578015551204 440.59437710419297 1991.1086721988395 527.15813451260328 782.68176067061722 4710.8574363701046 72.886799780651927 120.32692835852504 30.44282828643918 1364.7564722136594 21028.431978601031 498.59461932443082 2318.3030788875185 320.53431835630909
leaf_count=150239 6316 1241165 28157 1031897 22407 9807 9750 169429 152378 265926 65613 10529 193 25196 5016 508718 292743 3412 15364 1354 2394 6908 236 576 88 13646 109712 6178 24534 2466
internal_value=0.000777338 -0.00306949 -0.00439383 -0.00379148 0.00949955 0.0049951 0.0225995 0.00411734 -0.0068311 -0.00588025 0.00975618 -0.00799162 0.0838362 -0.00834975 -0.00615766 0.00259287 -0.0245375 0.0144987 0.0347952 -0.000513859 -0.0236563 -0.0118136 0.00724612 0.00472463 -0.000748567 0.0243575 0.0162109 0.0421567 0.05588 0.147986
internal_weight=543380 284187 257101 252009 27085.6 259194 12309.6 246884 160405 154345 18361.7 135984 528.266 135455 119300 39414.1 16155.2 23196.6 3705.28 116751 6020.7 5238.02 2064 3474.65 35708.8 4532.63 22756 3167.87 2669.28 350.977
internal_count=4182347 3832466 3690619 3662462 141847 349881 19557 330324 2421297 2268919 331539 1937380 10722 1926658 1608143 576246 318515 119440 20616 160895 10656 8262 15600 25772 555630 46912 116028 33266 27088 2554
cat_boundaries=0 1 2 3 4 5 6 7 8 9 10 11
cat_threshold=2 640 641 13 1 19 13 1 13 96 40
is_linear=0
shrinkage=0.08


Tree=77
num_leaves=31
num_cat=11
split_feature=47 37 3 16 19 7 3 6 6 6 3 2 37 3 4 6 40 3 35 40 6 12 38 3 47 24 38 34 45 26
split_gain=1279.97 683.263 753.902 759.528 641.366 804.355 1268.92 1568.79 1098.66 1712.4 645.47 566.815 690.337 948.938 693.519 660.609 641.755 615.675 625.465 540.884 659.03 595.054 625.922 762.602 568.997 950.279 671.219 691.105 534.282 605.616
threshold=0 1 502.68000793457037 2.5000000000000004 181.02500152587893 124.77499389648439 578.07000732421886 171.00000762939456 50.000007629394538 39.000003814697273 541.04000854492199 2.5000000000000004 2 728.21499633789074 9.5000000000000018 1716.2000122070315 3 805.30999755859386 4 5 9042.6748046875018 3409.749877929688 6 333.49499511718756 7 -1.0000000180025095e-35 8 9 10 9.2500000000000018
decision_type=1 1 8 2 2 2 10 2 2 2 10 8 1 10 10 2 1 8 1 1 2 2 1 10 1 2 1 1 9 8
left_child=-1 2 3 -2 5 -4 7 -7 9 -8 -6 17 13 14 -13 -15 -14 19 -19 28 21 24 23 -23 -21 26 -26 -28 -3 -30
right_child=1 11 4 -5 10 6 8 -9 -10 -11 -12 12 16 15 -16 -17 -18 18 -20 20 -22 22 -24 -25 25 -27 27 -29 29 -31
leaf_value=0.0045246142494365996 -0.033071708682323196 -0.0477115780086051 0.045121724634868174 0.29290666372214458 0.16288308307374297 -0.10200147718987132 -0.094101594167785768 1.7562269213629305 0.052090661454396447 2.7929670350599425 -0.026475632877550961 -0.036267306711391382 0.013096847113754596 0.23547778301227604 0.29285225241748997 0.88366817821314914 -0.028108244261744512 -0.033125929366268417 0.049427385724567348 -0.0047530844197744213 -0.034755362671911136 0.09801185538248311 0.0058404384772971253 0.013156026926050364 -0.0049386200728373129 0.10979866401136244 0.017286631129988423 -0.00093973688633137216 0.14242019676505879 -0.011249642337185275
leaf_weight=257548.4112118315 10043.818986358121 2789.530709433835 1030.0912480468396 45.954576316755265 123.25705165765248 4.649096826091407 2.7933250344358376 7.7627193899825215 50.791583563201129 2.4841157253831625 1764.3793154342566 171.17118406761438 3033.3436348587275 32.12333202175796 53.87250036559999 14.652933383360503 11892.666524448898 741.61483854334801 2741.2971950061619 127447.03646210697 3638.5116701528896 1242.2544466815889 6419.2068351772614 1491.8029667022638 40457.970741794445 534.59280101023614 28317.736581033096 25128.664804962464 166.07887655636296 14020.240721467417
leaf_count=349499 289582 26941 43002 541 2451 166 130 112 2841 85 113051 2205 14064 233 193 84 124559 11387 12686 2158546 62533 10933 166800 22305 351818 1585 145479 158238 677 109104
internal_value=0.000442489 -0.00326713 -0.0211205 -0.031587 0.0141727 0.0627718 0.328265 1.06019 0.166241 1.26485 -0.0141111 -0.0024027 -0.0174119 0.10674 0.0425196 0.438527 -0.0197312 -0.00150873 0.0318962 -0.00197106 -0.00097314 -0.000441164 0.0195484 0.0515229 -0.00126577 0.00344041 0.00283492 0.00871865 -0.0157566 -0.00944398
internal_weight=540959 283410 13076 10089.8 2986.21 1098.57 68.4808 12.4118 56.069 5.27744 1887.64 270334 15197.8 271.82 225.044 46.7763 14926 255137 3482.91 251654 234678 231039 9153.26 2734.06 221886 94439 93904.4 53446.4 16975.9 14186.3
internal_count=4181830 3832331 451961 290123 161838 46336 3334 278 3056 215 115502 3380370 141338 2715 2398 317 138623 3239032 24073 3214959 3078237 3015704 200038 33238 2815666 657120 655535 303717 136722 109781
cat_boundaries=0 1 2 3 4 5 6 7 8 9 10 11
cat_threshold=2 16 2 8 1 8 708 4 101 29 32
is_linear=0
shrinkage=0.08


Tree=78
num_leaves=31
num_cat=6
split_feature=47 6 0 3 32 36 43 41 10 0 37 3 32 19 7 18 20 3 6 34 12 7 18 17 11 8 3 32 22 19
split_gain=635.285 621.432 568.556 640.222 573.483 557.699 631.085 506.18 823.34 765.634 793.998 687.223 644.28 903.613 864.511 635.616 673.354 841.976 635.383 836.402 1276.11 1824.34 784.411 676.31 2425.9 1678.44 632.049 600.686 891.591 586.116
threshold=0 7637.9504394531259 1.5000000000000002 35.385000228881843 26.865000724792484 1 2 3 1.0000000180025095e-35 1.5000000000000002 4 377.19500732421881 -5.7249999046325675 196.70000457763675 124.77499389648439 15267.750000000002 2.5000000000000004 273.98500061035162 874.00006103515636 5 5835.2504882812509 136.37500000000003 884.47500610351574 21.500000000000004 18.500000000000004 4.5000000000000009 56.534999847412116 2.6250000000000004 1.0000000180025095e-35 395.02499389648443
decision_type=1 2 2 8 8 9 9 9 2 2 1 8 8 2 2 2 2 10 2 1 2 2 2 2 2 2 10 10 2 2
left_child=1 5 -2 -4 -5 7 -7 -1 9 11 -11 15 13 14 -10 -9 17 -17 -14 20 22 -22 -20 24 25 -23 -18 -19 29 -29
right_child=2 -3 3 4 -6 6 -8 8 12 10 -12 -13 18 -15 -16 16 26 27 19 -21 21 23 -24 -25 -26 -27 -28 28 -30 -31
leaf_value=0.0074212078267685199 0.0011373566228428627 -0.038008546316235868 0.031314625747372662 0.010805330106263436 -0.0021562276505017151 0.10388595722867178 -0.016027453678074042 -0.0017084576045021413 0.15640710440979444 -0.0073375639961056919 -0.033643340267566262 0.048946469872063893 0.00074755156966230284 0.070952659532748111 0.85028738455625774 -0.095389555743909171 0.60418394861253077 0.17878474788095319 0.92368600147140201 0.01332485286440427 1.8024957060963573 -0.086506793194381149 0.075313128739348784 0.13179305343572781 1.8937302880689582 1.7195809081307718 -0.045966226395018898 0.69731361382169099 1.1705624207751815 0.07576849377179469
leaf_weight=38483.870333794039 271705.89966307255 3164.5826951425988 7077.5569792846218 64190.663793225307 33118.232009906787 275.06179730035365 20616.514626832679 52990.938405896537 29.011001084931195 28642.262445251923 9874.4282009112649 1820.2126468196511 5364.4779048806522 612.46676217322238 19.029411947354674 37.604142776224762 10.241856725886462 64.328532684128731 7.0605266951024523 1147.7119111330248 5.6808695788495234 19.550974975340075 576.47139517706819 48.362095084739849 7.2256796550936988 3.9601648598909369 145.84097312949598 18.208472912199795 11.383354295976458 20.804113226942718
leaf_count=751425 995031 79289 8783 160634 74501 1763 228143 810333 473 728402 174678 18316 97353 10908 164 607 3 763 33 23716 120 566 11240 1360 90 43 3475 155 168 398
internal_value=0.00125345 -0.00290121 0.00306533 0.00808363 0.00639398 -0.00221052 -0.0143997 -0.00039002 -0.00335276 -0.00543835 -0.0140922 0.000608796 0.0215487 0.0971589 0.431262 -0.00104197 0.113473 0.233129 0.0145936 0.0554946 0.125832 0.417736 0.0855781 0.318283 0.61171 0.217707 -0.00330462 0.34081 0.547628 0.365864
internal_weight=540110 164017 376092 104386 97308.9 160853 20891.6 139961 101477 93636.3 38516.7 55119.6 7841.01 660.507 48.0404 53299.3 308.411 152.329 7180.5 1816.02 668.312 84.7798 583.532 79.0989 30.7368 23.5111 156.083 114.724 50.3959 39.0126
internal_count=4182933 2943984 1238949 243918 235135 2864695 229906 2634789 1883364 1737298 903080 834218 146066 11545 637 815902 5569 2091 134521 37168 13452 2179 11273 2059 699 609 3478 1484 721 553
cat_boundaries=0 1 2 3 4 5 6
cat_threshold=4 192 2 21 105 82
is_linear=0
shrinkage=0.08


Tree=79
num_leaves=31
num_cat=11
split_feature=47 37 2 38 45 3 38 3 18 47 32 3 34 37 19 32 3 11 5 18 6 14 32 34 2 38 32 46 3 32
split_gain=1042.53 671.578 1101.45 850.167 688.569 658.342 795.741 832.443 730.413 708.561 856.964 1087.08 795.12 686.853 873.385 608.901 606.253 805.017 598.285 594.557 881.109 1283.58 506.069 534.726 495.47 667.121 535.311 574.735 711.137 932.045
threshold=0 1 2.5000000000000004 2 3 476.33499145507818 4 9.9749999046325701 154.26499938964847 5 26.865000724792484 224.58499908447268 6 7 382.67500305175787 -2.6850000619888301 78.599998474121108 8.5000000000000018 23.500000000000004 45096.093750000007 6316.9499511718759 1.5000000000000002 2.7949999570846562 8 inf 9 -4.6649999618530265 10 122.60499954223634 -4.6649999618530265
decision_type=1 1 8 1 9 8 1 10 2 1 10 8 1 1 2 8 10 2 2 2 2 2 10 1 8 1 10 1 10 8
left_child=24 2 5 4 19 6 7 -2 -7 10 15 13 -11 14 -12 -9 17 -5 -8 -3 21 -21 23 -19 26 -26 27 -1 29 -29
right_child=1 3 -4 16 -6 8 18 9 -10 12 11 -13 -14 -15 -16 -17 -18 22 -20 20 -22 -23 -24 -25 25 -27 -28 28 -30 -31
leaf_value=0.00023830484844860255 -0.031755754030220899 0.0064491506076632486 -0.027669061295025141 0.0065834035155979331 -0.023410773275944999 0.037821473531484184 -0.0050777877601426271 0.027057584199696921 0.0055725651543504489 0.027188570476369436 0.44565745232114473 0.015532482929048423 -0.0063330411380782574 0.0044068088143007708 -0.097859553608944355 -0.003955687624931095 -0.0070562307009626778 0.089912731855100569 -0.086537748711437476 -0.098415197778475808 0.065381956879339342 1.7412979522491556 0.23153998147837065 -0.072983170296820443 0.0028756586213910564 0.040825541061357919 0.0063722005760654364 -0.15334826124848372 0.011206575704949425 -0.032024975053812264
leaf_weight=88726.312528351322 3527.678226031363 5038.7858617848251 8792.7316750278696 13480.049481455237 28422.194235374453 6011.9338448611088 86104.787107113749 4623.6587306689471 17812.856008705683 18233.464986125007 117.77383707463741 363.69647249486297 6025.1230302378535 65.88149705901742 22.543540887534618 32750.189770701341 48952.581136058085 671.04004513472319 580.92460741102695 4.1556380041874963 21.279303193558007 5.835519298678264 126.7802681773901 153.1306110881269 6554.643472250551 5414.4799691410735 150358.4864451075 468.37766097299755 2031.3978995364159 3007.0539474766701
leaf_count=120403 20114 69843 99959 76818 662734 114295 1290169 55640 540086 88160 556 3978 35887 590 251 418423 344955 2231 7559 110 357 145 290 1077 11543 8146 199577 1546 2507 5966
internal_value=0.000497171 -0.00286093 -3.53874e-05 -0.00825686 -0.0185653 0.00134327 -0.000589867 0.00604789 0.0137102 0.00819282 0.0013657 0.0987272 0.0188714 0.245467 0.334497 -0.00011892 -0.00280775 0.0116019 -0.00562304 0.00859037 0.356365 0.976103 0.0827415 0.0598521 0.00418705 0.0200796 0.00340935 -0.00131819 -0.0263964 -0.0483755
internal_weight=538470 281909 185033 96875.8 33492.3 176241 152416 65730 23824.8 62202.3 37943.7 569.895 24258.6 206.199 140.317 37373.8 63383.6 14431 86685.7 5070.06 31.2705 9.99116 950.951 824.171 256561 11969.1 244592 94233.1 5506.83 3475.43
internal_count=4183915 3834227 2675667 1158560 733189 2575708 1921327 623599 654381 603485 479438 5375 124047 1397 807 474063 425371 80416 1297728 70455 612 255 3598 3308 349688 19689 329999 130422 10019 7512
cat_boundaries=0 1 2 3 4 5 6 7 8 9 10 11
cat_threshold=2 105 300 8 786 4 23 40 6 643 1
is_linear=0
shrinkage=0.08


Tree=80
num_leaves=31
num_cat=11
split_feature=47 42 41 1 38 45 3 11 3 17 19 3 6 10 2 6 0 3 36 45 6 38 2 38 24 3 3 36 19 43
split_gain=498.695 729.497 678.366 695.258 673.411 719.848 702.075 656.5 735.287 644.079 598.096 824.671 718.038 802.221 828.535 559.353 542.169 534.346 530.539 594.691 522.892 517.91 623.826 534.307 515.078 888.043 621.792 506.439 553.24 502.988
threshold=0 1 2 1.5000000000000002 3 4 44.465000152587898 8.5000000000000018 132.51999664306643 5.5000000000000009 277.80000305175787 562.41000366210949 1276.1250000000002 1.0000000180025095e-35 2.5000000000000004 257.00003051757818 3.5000000000000004 663.64498901367199 5 6 2569.200073242188 7 2.5000000000000004 8 5.5000000000000009 312.80499267578131 326.52499389648443 9 3500.4201660156255 10
decision_type=1 9 9 2 1 9 8 2 10 2 2 10 2 2 10 2 2 10 9 9 2 1 10 1 2 10 10 9 2 9
left_child=-1 4 29 24 6 -6 -2 -7 -9 10 11 16 15 14 -14 -13 -8 18 19 -12 -20 22 -5 -24 -4 -26 -27 -10 -29 -3
right_child=1 2 3 21 5 7 9 8 27 -11 17 12 13 -15 -16 -17 -18 -19 20 -21 -22 -23 23 -25 25 26 -28 28 -30 -31
leaf_value=0.0039331817373399591 0.26796917567405792 -0.020327159231077464 -0.0044319325962032972 0.038921245698241902 0.025389128853037405 0.00076502256339358035 -0.0063182625120176798 0.065659644950978424 -0.04232054139346323 -0.012444771328773344 -0.030526411819448668 0.034414564441949666 0.11978574107514467 1.0787226882228633 1.053645507848485 -0.055895771374215406 0.55492168831534883 -0.052734067834453002 -0.067057432245946846 0.044747037072689157 0.29039124213450351 0.0070403862650324847 0.37493254031335793 -0.074473737159482176 -0.015977761196406804 0.65949212207658947 0.18515385190431258 0.025320287763647698 -0.033614123488641602 -0.0032817721111959414
leaf_weight=255672.98950535897 61.222791202366352 26336.912689566612 75880.499799411045 2990.7651805058122 12742.213134828955 53569.49826840125 29398.047968216706 1991.9302131999284 964.7565194927156 27938.725230261916 757.12511280691251 3732.2298808712512 193.57979426602833 6.1232787868939331 6.2775088921189299 497.42460276000202 11.019972374662755 543.39831672329456 496.36160744167864 5699.6306286777835 27.650845140218735 9963.4598982445896 52.823414292186499 25.277941357344389 133.81264510890469 23.693006950430572 69.769731918815523 8479.650418553967 1158.7282236614265 19145.615601732396
leaf_count=349704 77 332031 696975 14873 88547 477601 508519 12058 8084 853777 23849 118803 5411 115 121 19707 5 16818 7189 132298 156 125642 109 242 1810 55 428 84290 14809 288068
internal_value=0.00137248 -0.000941782 -0.00520502 -0.00114799 0.00292906 0.00798365 -0.00282085 0.00462831 0.0210634 -0.00306046 0.0032773 -0.00125817 0.0308968 0.176753 0.149118 0.0237937 -0.00610796 0.0236785 0.0296266 0.0358868 -0.0472932 0.0159257 0.0446046 0.26795 -0.00407175 0.116183 0.3054 0.0126854 0.0182163 -0.0131543
internal_weight=538571 282898 134623 89140.1 148276 78906.8 69368.8 66164.6 12595.1 69307.6 41368.9 33844.7 4435.64 205.981 199.857 4229.65 29409.1 7524.17 6980.77 6456.76 524.012 13032.3 3068.87 78.1014 76107.8 227.275 93.4627 10603.1 9638.38 45482.5
internal_count=4182171 3832467 1460233 840134 2372234 685389 1686845 596842 119241 1686768 832991 652681 144157 5647 5532 138510 508524 180310 163492 156147 7345 140866 15224 351 699268 2293 483 107183 99099 620099
cat_boundaries=0 1 2 3 4 5 6 7 8 9 10 11
cat_threshold=2 25 34 296 40 209 32 642 640 57 8
is_linear=0
shrinkage=0.08


Tree=81
num_leaves=31
num_cat=15
split_feature=47 38 34 1 34 3 35 32 36 37 4 23 33 11 4 38 8 20 34 47 38 34 12 4 36 38 36 3 3 12
split_gain=708.953 602.583 572.386 563.424 464.844 450.89 440.522 481.762 417.264 510.473 523.646 394.539 394.141 391.447 386.321 385.877 425.108 382.81 365.574 357.579 811.958 735.668 502.249 398.064 372.533 328.136 868.755 645.855 880.424 681.249
threshold=0 1 2 1.0000000180025095e-35 3 529.28500366210949 4 5.0950000286102304 5 6 6.5000000000000009 4.5000000000000009 1.5000000000000002 11.500000000000002 1.0000000180025095e-35 7 1.0000000180025095e-35 7.5000000000000009 8 9 10 11 360.00001525878912 22.500000000000004 12 13 14 584.02502441406261 490.33499145507818 37.600000381469734
decision_type=1 1 1 2 1 10 1 8 9 1 8 2 2 2 10 1 2 2 1 1 1 1 2 8 9 1 9 8 10 2
left_child=1 2 8 -4 13 14 12 19 9 10 -1 -10 15 -5 -6 -2 18 25 -17 20 21 22 -8 -22 -25 26 27 28 29 -3
right_child=6 17 3 4 5 -7 7 -9 11 -11 -12 -13 -14 -15 -16 16 -18 -19 -20 -21 23 -23 -24 24 -26 -27 -28 -29 -30 -31
leaf_value=0.25296924965415352 -0.0037396353824273787 0.24281030752899554 -0.0096867008081389736 -0.027226505219875703 0.095228002240307238 0.25612926055333207 0.032443470222821846 0.0013281797042403764 0.025205657096175206 -0.090997734001020805 0.07644700152275069 0.23125869395916354 0.10882570875096739 0.16410732206630066 -0.094786878112079601 0.0061963416788475521 0.018438053640236457 -0.058620926726263123 -0.0017057272975207756 0.0082325557500938593 -0.020994096770552435 0.051946259441132653 -0.081331122757492644 0.028425670330607271 -0.093104853659604081 -0.0028097211994477771 -0.012578526421711212 -0.090398330619876441 0.49317646025277684 -0.0053229850733856323
leaf_weight=169.93708999082446 94138.492827092297 127.59590271301568 5241.4684352595359 524.43833266198635 499.39094139635563 96.296389371156693 514.82724349712953 58511.896297769155 2485.647705681622 67.50672497600317 292.97235621884465 60.929696623235941 214.51721274713054 78.703478686511517 79.360625650733709 64871.758561702911 10278.769798027817 856.52024629805237 88678.621284655761 43000.643990729004 2745.4795354697853 6087.8110403111205 479.68662926461548 2754.6334207039326 162.13450614735484 113273.85268373461 38501.196407277603 86.025502352975309 43.029323296621442 159.12521843146533
leaf_count=419 354448 1515 33491 3801 1870 204 3527 132706 11978 511 823 49 630 245 612 256322 38444 25291 338047 57009 14377 27743 8706 6374 1062 1535261 1321363 2130 364 2625
internal_value=0.000338118 -0.00406841 0.0153683 0.00192393 0.0495507 0.094443 0.00226245 0.00639807 0.0437564 0.10794 0.138263 0.0300178 0.000431986 -0.00222266 0.0691724 0.000341866 0.00268722 -0.00528783 0.00163302 0.0117207 0.0234899 0.0415164 -0.0222104 0.000867582 0.0214484 -0.00498802 -0.0113247 0.102352 0.155741 0.105101
internal_weight=535083 162644 9596.65 6519.66 1278.19 675.048 372439 114257 3076.99 530.416 462.909 2546.58 258182 603.142 578.752 257968 163829 153047 153550 55745.2 12744.6 7082.32 994.514 5662.25 2916.77 152191 38917 415.776 329.75 286.721
internal_count=4181947 2942552 54003 40223 6732 2686 1239395 251504 13780 1753 1242 12027 987891 4046 2482 987261 632813 2888549 594369 118798 61789 39976 12233 21813 7436 2863258 1327997 6634 4504 4140
cat_boundaries=0 1 2 3 4 5 6 7 8 9 10 11 12 13 14 15
cat_threshold=4 129 36 25 32 64 4 212 29 1 122 33 200 40 2
is_linear=0
shrinkage=0.08


Tree=82
num_leaves=31
num_cat=16
split_feature=44 46 41 45 41 19 33 34 45 11 18 7 4 44 46 1 34 41 34 12 13 34 7 42 37 4 1 42 13 10
split_gain=487.783 478.535 828.317 475.56 504.931 643.39 392.536 531.349 761.141 731.561 636.878 600.027 429.88 415.318 724.076 406.359 417.508 405.004 661.074 449.62 403.782 378.934 559.239 668.465 484.865 750.325 715.969 567.449 441.298 377.069
threshold=0 1 2 3 4 297.52499389648443 1.0000000180025095e-35 5 6 2.5000000000000004 688.04998779296886 578.42498779296886 1.0000000180025095e-35 7 8 4.5000000000000009 9 10 11 613.52502441406261 853.35006713867199 12 2528.650024414063 13 14 13.500000000000002 3.5000000000000004 15 529.37500000000011 1.0000000180025095e-35
decision_type=9 1 9 9 9 2 2 1 9 2 2 2 8 9 1 2 1 9 1 2 2 1 2 9 1 10 2 9 2 2
left_child=1 -1 -3 6 5 -5 13 8 9 10 12 -11 -8 14 17 16 -15 18 -2 -19 -13 22 24 -24 25 26 -6 -27 -26 -10
right_child=3 2 -4 4 21 -7 7 -9 29 11 -12 20 -14 15 -16 -17 -18 19 -20 -21 -22 -23 23 -25 28 27 -28 -29 -30 -31
leaf_value=0.010217295213181 0.039442606566134152 0.011768805495108066 -0.032468810772690107 -0.0063620767506289569 0.019582851889639086 -0.034469849052154437 0.32188865116651905 0.014978261651099089 -0.079340320875518719 -0.090205460593469164 0.63264318097660022 0.60655657626084847 -0.1035639218483214 0.007987805662401825 0.022495611744939081 0.21586456285519162 -0.049529569868299692 -0.0017216551476518869 -0.00045517538378241713 0.004875822437750311 0.13945675563889218 -0.006879299618207442 0.33472044925180044 -0.071852992224190934 -0.0072892205975050141 0.31440540066899941 0.21202656732986178 -0.077161253422737316 0.045223143413045994 0.21266492144401672
leaf_weight=54279.408840817399 4371.7891215533018 6018.2179752541706 4911.8598134638742 14868.658726644469 3189.3016238091514 8025.0007076084148 68.545765996910632 4017.1115644036327 145.44659582246095 70.54085308779031 34.594491535797715 15.119348739273844 19.529909273609519 1240.8362894789316 9548.3575896956027 43.708493741229177 2312.1926087117754 294879.66613464616 6764.4765549807344 85215.053957715863 54.678403177298605 25661.616391362622 60.952118248213083 41.30854250350967 8412.4050131011754 88.880790088325739 128.72128403373063 32.239656469784677 1166.1940667107701 35.139969103038311
leaf_count=231978 8456 10222 10611 167762 23364 179528 528 37707 3142 1755 134 93 188 6150 18419 189 26162 2278857 20346 909019 649 183020 188 586 52919 253 460 302 8538 499
internal_value=0.000657698 0.00714201 -0.00813004 -0.00024098 -0.00678865 -0.0162077 0.000746921 0.0243488 0.106468 0.19179 0.34179 0.0743405 0.227549 0.000486585 0.000729464 -0.026577 -0.0295595 0.000198241 0.0152289 -0.000242532 0.240638 -0.00122562 0.00982931 0.196189 0.00837291 0.0340889 0.0270486 0.229766 -0.000894908 -0.021338
internal_weight=535722 65209.5 10930.1 470512 61675.3 22893.7 408837 4460.71 443.595 263.009 122.67 140.339 88.0757 404376 400779 3596.74 3553.03 391231 11136.3 380095 69.7978 38781.6 13120 102.261 13017.7 3439.14 3318.02 121.12 9578.6 180.587
internal_count=4182024 252811 20833 3929213 616920 347290 3312293 44695 6988 3347 850 2497 716 3267598 3235097 32501 32312 3216678 28802 3187876 742 269630 86610 774 85836 24379 23824 555 61457 3641
cat_boundaries=0 1 2 3 4 5 6 7 8 9 10 11 12 13 14 15 16
cat_threshold=1 1 38 13 52 64 9 2 1 66 16 56 69 32 3 35
is_linear=0
shrinkage=0.08


Tree=83
num_leaves=31
num_cat=16
split_feature=47 38 40 34 18 38 43 3 38 3 34 45 3 3 35 17 6 38 3 6 45 34 43 37 3 19 3 3 37 3
split_gain=684.632 556.442 731.941 583.217 526.122 476.058 548.421 1174.23 1133.03 625.7 745.016 540.423 1179.13 468.695 504.672 456.666 1102.34 977.13 762.675 758.76 884.366 723.753 708.421 1093.19 654.591 654.007 634.34 875.552 633.852 769.878
threshold=0 1 2 3 947.01000976562511 4 5 206.71500396728518 6 133.76499938964847 7 8 167.22499847412112 25.809999465942386 9 4.5000000000000009 448.59999084472662 10 73.155002593994155 1.0000000180025095e-35 11 12 13 14 570.76501464843761 645.87500000000011 162.28499603271487 146.78499603271487 15 400.57499694824224
decision_type=1 1 1 1 2 1 9 8 1 10 1 9 10 10 1 2 2 1 10 2 9 1 9 1 10 2 8 10 1 10
left_child=1 3 13 -1 -2 6 7 8 -4 -10 11 12 -11 -3 -15 19 -17 -18 25 -16 21 -21 23 24 -22 -19 27 -25 29 -24
right_child=4 2 5 -5 -6 -7 -8 -9 9 10 -12 -13 -14 14 15 16 17 18 -20 20 22 -23 28 26 -26 -27 -28 -29 -30 -31
leaf_value=-0.022751768118213743 0.001270966833233349 0.041657976616551004 0.41818387114770916 0.015669179128945682 0.009006668928895168 -0.038411860465185625 -0.021405448840696333 -0.023018308302104305 -0.010746740723162704 0.79836739179763783 -0.0210957181753385 0.13987022996158516 -0.088167873587495407 0.013999555884352912 -0.0073861520248127985 -0.0223600671346342 -0.022787823060258793 -0.022666670774472469 0.0091433362469539002 0.058777938723279341 0.11797298468326037 0.0054704630550504157 0.1633378946648299 -0.055877479997372845 0.60399042763396471 0.1481879833912958 0.014568073987418155 0.21585013494156399 -0.010642012131257973 -0.087135977697493608
leaf_weight=3007.3570278733969 303758.73349681729 1470.1798054948449 55.319922503083944 15645.460680604912 69061.836037014611 6403.7653281101957 6520.1629339773208 1336.2382028722204 360.1341680008918 32.273674722760916 154.17022302187979 283.79057155922055 13.66814894415438 9451.6584917432629 43237.647767025745 26046.686655202881 7146.9526882185601 206.42723551951349 15025.93231758615 3682.7075983842369 34.764248925261199 2936.1727100943681 282.56933538429439 112.41931131109595 36.207623131107539 469.52226890157908 3929.1673216396011 233.5686782412231 13566.304268033244 108.76868071267381
leaf_count=21173 997742 11740 447 96399 242014 67175 93576 21170 3588 197 1814 2159 203 128424 752017 648495 358745 2573 224719 65304 1160 53338 3878 1722 944 4157 78231 2811 293945 2451
internal_value=0.000818009 -0.00352783 -0.00522138 0.00946577 0.00270394 -0.0218377 -0.00968577 0.024438 0.0952191 0.0682876 0.128518 0.193251 0.439048 -0.00325155 -0.00377372 -0.00520957 -0.0111096 0.00171538 0.0128747 -0.000977856 0.0101397 0.0351744 0.00106708 0.0292335 0.320732 0.0960109 0.0236571 0.12756 -0.00771802 0.0913858
internal_weight=534611 161790 143137 18652.8 372821 15159.5 8755.76 2235.59 899.357 844.037 483.903 329.732 45.9418 127978 126507 117056 48895.5 22848.8 15701.9 68160.3 24922.6 6618.88 18303.8 4346.13 70.9719 675.95 4275.16 345.988 13957.6 391.338
internal_count=4182311 2942555 2824983 117572 1239756 190329 123154 29578 8408 7961 4373 2559 400 2634654 2622914 2494490 1238689 590194 231449 1255801 503784 118642 385142 84868 2104 6730 82764 4533 300274 6329
cat_boundaries=0 1 2 3 4 5 6 7 8 9 10 11 12 13 14 15 16
cat_threshold=4 641 6 17 312 11 8 58 32 16 40 42 76 4 16 66
is_linear=0
shrinkage=0.08


Tree=84
num_leaves=31
num_cat=13
split_feature=33 1 38 34 42 43 38 7 16 11 36 38 34 19 4 34 38 4 4 4 42 3 18 34 4 19 38 3 4 3
split_gain=447.247 379.945 415.487 474.567 493.16 417.125 632.027 735.541 413.904 636.024 373.353 516.088 484.203 561.908 441.236 324.203 317.888 425.677 311.698 510.585 744.293 907.614 601.601 360.969 548.971 605.848 534.26 518.8 451.98 580.792
threshold=1.0000000180025095e-35 2.5000000000000004 0 1 2 3 4 951.54998779296886 3.5000000000000004 22.500000000000004 5 6 7 2124.7500000000005 56.500000000000007 8 9 28.500000000000004 29.500000000000004 30.500000000000004 10 262.83999633789068 108.02500152587892 11 45.500000000000007 1546.3999633789065 12 476.33499145507818 42.500000000000007 623.34500122070324
decision_type=2 2 1 1 9 9 1 2 2 2 9 1 1 2 10 1 1 10 10 10 9 8 2 1 10 2 1 8 10 10
left_child=1 16 3 4 5 6 -3 -8 -4 -10 11 15 13 -12 -14 -2 17 -1 -18 20 21 22 -20 24 25 28 -26 -27 -21 -30
right_child=10 2 8 -5 -6 -7 7 -9 9 -11 12 -13 14 -15 -16 -17 18 -19 19 23 -22 -23 -24 -25 26 27 -28 -29 29 -31
leaf_value=-0.0020256653075871986 -0.04543568627476896 0.40481166701525567 0.017618578296519673 -0.0057967978197670912 -0.013447689454391849 0.05005321168169026 0.011872013113905754 0.59425851146302777 0.71755940593774248 -0.14451800362538383 0.027632560093697016 0.0038265710740020002 -0.010104165100311686 0.1476433803440664 0.14361390132246479 0.1594004066546871 0.00089122407041362971 -0.022480685535414859 0.092577481582558185 0.015732736446797544 -0.021864198286079418 -0.018083363726334595 0.3305814589462297 -0.003790732205964209 0.029558981613354254 0.23672460840322948 -0.044785454879453422 -0.015679200577310835 0.05474659303284346 0.26184373824408241
leaf_weight=206124.80462318822 57.88935935869813 53.645108159631491 15342.203078612918 12673.628987537697 576.00414912682027 628.53094273991883 115.69535819906741 15.771164204925297 13.22186812059954 9.3508830796927196 1493.2635875684209 384.80804945621639 3136.1843747710809 299.82625734689645 124.24375996086746 374.9270624704659 274249.97213555849 6723.5787871396169 115.53823683969676 1195.4841208886355 278.74523999262601 137.84243074245751 165.09459242597222 5431.4501662696712 1751.0762559389696 199.12143454514444 943.73403921118006 70.595754838548601 321.65823602862656 118.63010191638023
leaf_count=1881395 410 202 136814 106872 3326 2716 783 125 136 270 13471 3110 35629 2661 375 1255 1895817 42017 499 8150 1483 990 466 27890 6441 770 6254 632 1631 202
internal_value=0.000434041 0.00018953 0.00902233 -0.000919071 0.0432896 0.0831313 0.187123 0.0759592 0.0181104 0.360439 0.0223923 0.0722353 0.0141571 0.0474353 -0.00423351 0.131596 -0.000332603 -0.00267168 0.00141448 0.0147911 0.0809896 0.146521 0.232594 0.0101902 0.0266475 0.0595703 0.00346674 0.17066 0.041253 0.110546
internal_weight=533127 527255 29428.1 14063.3 1389.65 813.643 185.112 131.467 15364.8 22.5728 5871.14 817.624 5053.52 1793.09 3260.43 432.816 497827 212848 284979 10729 697.221 418.475 280.633 10031.8 4600.3 1905.49 2694.81 269.717 1635.77 440.288
internal_count=4182792 4125881 251244 114024 7152 3826 1110 908 137220 406 56911 4775 52136 16132 36004 1665 3874637 1923412 1951225 55408 3438 1955 965 51970 24080 11385 12695 1402 9983 1833
cat_boundaries=0 1 2 3 4 5 6 7 8 9 10 11 12 13
cat_threshold=329 2 48 5 64 42 198 66 66 240 50 20 522
is_linear=0
shrinkage=0.08


Tree=85
num_leaves=31
num_cat=12
split_feature=33 1 37 2 1 38 38 36 34 41 6 32 7 12 6 34 14 7 43 22 39 2 6 12 19 22 38 36 48 4
split_gain=449.835 411.04 281.327 372.957 391.92 519.255 469.392 451.343 723.41 552.718 474.437 467.068 506.464 370.821 331.097 373.198 449.936 366.102 533.067 313.115 691.538 297.208 318.134 522.023 268.795 264.689 262.067 499.611 348.926 332.875
threshold=2.5000000000000004 5.5000000000000009 0 1.5000000000000002 1.5000000000000002 1 2 3 4 5 44.225097656250007 -3.2150000333786006 476.80001831054693 120.00000381469728 3007.4501953125005 6 2.5000000000000004 3544.3750000000005 7 4.5000000000000009 8 1.0000000180025095e-35 5317.2246093750009 4293.8000488281259 591.82498168945324 1.0000000180025095e-35 9 10 11 1.5000000000000002
decision_type=2 2 1 8 2 1 1 9 1 9 2 8 2 2 2 1 2 2 9 2 9 10 2 2 2 2 1 9 9 8
left_child=1 2 3 14 5 7 -6 9 10 11 -9 -5 13 -13 17 16 21 19 -19 -1 -21 22 23 -16 -25 -12 27 -4 -29 -28
right_child=-2 -3 26 4 6 -7 -8 8 -10 -11 25 12 -14 -15 15 -17 -18 18 -20 20 -22 -23 -24 24 -26 -27 29 28 -30 -31
leaf_value=0.00081851181831449403 0.14928620149754543 0.04840701820648452 -0.015808698318279406 0.59560715168060119 0.22145980594461609 -0.021984010664427723 -0.020269719159631761 0.012507433449519684 0.021512505952494862 -0.027013070112159924 0.31038813787939462 0.27287375655489737 0.59409011380165888 -0.031812379099200719 0.021950127841386606 -0.011631009808926623 -0.027628603948191627 0.34856280317087007 0.02487566961488517 0.51967944382057474 -0.076745203410534771 0.41791395471740345 0.050448278466415739 0.53901044916584828 0.23374551393680879 0.09086313609314399 -0.00080310456366667119 -0.00075441601868558221 0.059046628890657579 0.0046054116726733383
leaf_weight=13446.137246126775 130.81276486208662 1163.8768348298036 14740.204549433198 26.524577362462878 45.081973679363728 345.39664012612775 762.80181669071317 73.330329881981015 702.00197791028768 57.364738580770791 135.34008295834064 68.344019718468189 20.29652579408139 40.841746716760099 75.65248297015205 381.12937223305926 152.75389490555972 37.416994334198534 125.20176914939657 23.314765952527523 26.679001099430025 22.02205868344754 222.87299527204596 22.345944904722273 106.17519298614934 47.485084913671017 137668.56562430831 208782.66468503862 626.32007050910033 154632.22657279158
leaf_count=94957 410 4995 94739 104 150 2613 5723 259 3475 454 307 254 101 340 628 2867 1244 114 811 32 241 179 1160 90 495 112 854985 2374849 7174 727371
internal_value=0.000952987 0.00091669 0.000813069 0.0109463 0.0407191 0.0646902 -0.00429026 0.0896662 0.0646142 0.194235 0.177489 0.272315 0.22712 0.158904 0.00622647 0.0510712 0.0894863 0.00299922 0.122317 0.00156152 0.201399 0.131317 0.116537 0.188679 0.286822 0.253371 0.000479949 -0.00157793 -0.00057553 0.00205802
internal_weight=534711 534580 533416 16966.5 2324.81 1516.93 807.884 1171.53 958.157 213.372 256.155 156.007 129.482 109.186 14641.7 982.952 601.823 13658.7 162.619 13496.1 49.9938 449.069 427.047 204.174 128.521 182.825 516450 224149 209409 292301
internal_count=4181233 4180823 4175828 116710 13892 8019 5873 5406 4153 1253 678 799 695 594 102818 6663 3796 96155 925 95230 273 2552 2373 1213 585 419 4059118 2476762 2382023 1582356
cat_boundaries=0 1 2 3 4 5 6 7 8 9 10 11 12
cat_threshold=66 449 16 128 34 34 84 8 2 424 58 1
is_linear=0
shrinkage=0.08


Tree=86
num_leaves=31
num_cat=5
split_feature=47 37 17 36 3 18 17 6 12 17 43 18 12 3 3 22 18 3 19 6 21 6 3 17 3 21 13 43 4 18
split_gain=616.937 626.447 745.58 638.884 702.655 597.693 693.347 612.734 596.471 859.711 833.635 797.647 652.922 579.468 532.159 577.825 517.543 1356.64 2268.89 830.183 452.961 448.754 710.559 664.73 652.756 716.99 678.313 590.872 832.695 576.008
threshold=0 1 35.500000000000007 2 450.30499267578131 1396.8499755859377 63.500000000000007 1716.2000122070315 30.10000038146973 19.500000000000004 3 424.02499389648443 411.22500610351568 299.79499816894537 515.66497802734386 1.0000000180025095e-35 1345.4500122070315 606.68499755859386 3770.0500488281255 174.02490234375003 1.0000000180025095e-35 318.02499389648443 19.115000724792484 5.5000000000000009 75.380001068115249 1.0000000180025095e-35 2565.099975585938 4 34.500000000000007 2909.940063476563
decision_type=1 1 2 9 8 2 2 2 2 2 9 2 2 10 8 2 2 10 2 2 2 2 10 2 10 2 2 9 10 2
left_child=-1 5 3 4 21 16 -7 -8 -6 -10 14 12 -12 -5 15 -11 -2 -18 19 -19 -17 23 -23 -3 26 -26 -24 28 -27 -25
right_child=1 2 -4 13 8 6 7 -9 9 10 11 -13 -14 -15 -16 20 17 18 -20 -21 -22 22 24 29 25 27 -28 -29 -30 -31
leaf_value=0.0029965799985887539 -0.0060739631726229159 0.00066434041389781958 -0.03528214465203041 -0.00069104641200310509 0.038334467779503119 -0.029626799604571027 0.19858778412628289 -0.056471166415897021 -8.3618491137035336e-05 0.017096069674389234 -0.085969636330625099 0.02131737362356835 0.98425807221443251 -0.029415282707733807 0.073005716890209321 0.34109780562044073 0.035663174532042999 0.67529745392335916 2.158405552715732 -0.090337843079179705 -0.095048593813172072 -0.073242754638723789 0.03721962190002609 -0.02309996346023695 0.0028597817770858896 -0.039063739002501867 0.1936844836074669 0.080516726186132412 0.40271664604279184 0.017088033825910752
leaf_weight=252824.51617732923 80735.354796405882 99988.564399825875 3720.5919626969844 10215.180860251188 5471.888162821997 9852.5461112635676 161.3921063367743 96.216268583200872 14939.677445691777 64.254241995513439 5.7531685987487409 2781.0872635331471 9.9716791068203747 8026.6542042456567 440.82925112405792 155.13799945404753 381.43417642568238 18.681409257929772 4.7777385287918142 17.605638660956174 16.89983202284202 643.91921531409025 2752.4586248416454 14020.283326358534 20739.731594378594 536.0476880101487 189.53862732741982 1415.7787765762769 28.771250456571579 2726.3848995035514
leaf_count=349186 903603 1135608 98906 87548 96723 182569 1723 2686 439185 1223 300 98944 10 87610 6767 1387 3829 205 46 765 327 3795 27365 235626 339846 10295 1385 17582 112 47731
internal_value=0.000131441 -0.00245417 0.000175608 0.000888069 0.00244169 -0.00789594 -0.0262392 0.103324 0.0151435 0.00825198 0.0440993 0.0244425 0.592699 -0.0133228 0.123111 0.221799 -0.00561182 0.0826996 0.519602 0.303829 0.298254 0.000320868 0.00976006 -0.00180625 0.0118428 0.00725151 0.0472999 0.0532393 -0.0162718 -0.0165573
internal_weight=532982 280157 188889 185169 166927 91268 10110.2 257.608 23885.5 18413.6 3473.93 2796.81 15.7248 18241.8 677.121 236.292 81157.9 422.499 41.0648 36.287 172.038 143041 26306.2 116735 25662.3 22720.3 2942 1980.6 564.819 16746.7
internal_count=4182887 3833701 2738275 2639369 2464211 1095426 186978 4409 644866 548143 108958 99254 310 175158 9704 2937 908448 4845 1016 970 1714 1819345 400380 1418965 396585 367835 28750 27989 10407 283357
cat_boundaries=0 1 2 3 4 5
cat_threshold=2 20 162 8 38
is_linear=0
shrinkage=0.08


Tree=87
num_leaves=31
num_cat=7
split_feature=47 38 18 43 8 32 7 3 37 12 3 2 32 16 1 44 39 7 7 11 18 23 3 3 22 3 4 3 3 37
split_gain=599.984 439.03 687.75 907.995 688.842 1534.18 931.416 583.315 979.367 691.974 1262.83 2432.91 1263.61 1325.3 2908.09 672.388 704.514 833.901 3972.72 735.475 840.862 736.845 2041.28 2994.66 529.975 1066.09 579.687 565.542 529.397 517.838
threshold=0 1 1396.8499755859377 2 1.0000000180025095e-35 -6.0650000572204581 596.02499389648449 476.33499145507818 3 1069.465026855469 611.40499877929699 2.5000000000000004 -4.8949999809265128 1.0000000180025095e-35 1.0000000180025095e-35 4 5 707.22500610351574 810.00003051757824 6.5000000000000009 376.27499389648443 -1.0000000180025095e-35 648.61999511718761 687.95001220703136 2.5000000000000004 217.80500030517581 54.500000000000007 194.37000274658206 132.51999664306643 6
decision_type=1 1 2 9 2 8 2 8 1 2 8 10 8 2 2 9 9 2 2 2 2 2 10 8 2 10 8 10 8 1
left_child=1 2 3 24 7 6 -6 -5 15 -10 11 12 13 -11 -15 16 -9 19 -19 21 -21 22 -18 -24 28 27 -27 -26 29 -1
right_child=-2 -3 -4 4 5 -7 -8 8 9 10 -12 -13 -14 14 -16 -17 17 18 -20 20 -22 -23 23 -25 25 26 -28 -29 -30 -31
leaf_value=0.39043871407600783 0.0019694058291757251 -0.0015329392823739 -0.03051466009166871 -0.022398684241051087 0.39193646036165236 0.07547580242642736 1.7360622778115546 -0.00087394954036505712 -0.0053386225660316646 0.37931828262129758 -0.047946312936068644 2.8797810019054162 0.015582572568353298 2.7784388783362539 -0.086604154028384089 -0.05445622164054463 -0.082146153655179327 3.4998406728061271 -0.081606551234269575 1.7475360423107498 0.48502601479647156 -0.0059498977903688676 2.806447601788653 -0.082940958299431863 0.24601899847626044 -0.086704068501467391 0.56128168574424908 1.0345749125026296 0.010156530248719571 0.071008254909426513
leaf_weight=28.589661452919245 371455.01864641532 122767.97124605486 9121.0698991857935 16451.60127462144 7.5137225633952749 110.11753078037873 5.8827158708591014 42.662829888053238 3705.2386926505715 30.387056770734489 94.894432562869042 2.4102268933784208 45.639133164426312 4.9941772692836803 4.1527583105489612 54.336588968522847 13.34377453569323 2.9912745626643282 5.8761302242055535 3.9030561959370997 25.014602158218622 46.783708906266838 4.9457020824775073 4.2844794765114793 10.715821472927928 47.020081184105948 10.880302742123602 12.742261566221714 8356.599023763556 333.07378371851519
leaf_count=153 1238999 1597236 454150 430868 314 4598 52 1510 193081 1209 6307 116 2104 231 173 681 770 97 437 123 862 2813 154 189 160 1674 3 59 235904 8645
internal_value=0.000200061 -0.00387313 -0.0113152 -0.00537603 -0.0145362 0.173817 0.982176 -0.0156757 0.0113544 0.0021459 0.154238 0.3733 0.302371 0.633448 1.47769 0.177904 0.274059 0.383534 1.12654 0.316493 0.655429 0.175179 0.550562 1.46525 0.0161359 0.21939 0.0350616 0.674357 0.0142577 0.109018
internal_weight=532811 161356 38587.7 29466.6 20667 123.514 13.3964 20543.5 4091.86 3887.72 182.478 87.5834 85.1731 39.534 9.14694 204.142 149.806 107.143 8.8674 98.2753 28.9177 69.3577 22.574 9.23018 8799.62 81.3585 57.9004 23.4581 8718.26 361.663
internal_count=4183672 2944673 1347437 893287 646689 4964 366 641725 210857 203221 10140 3833 3717 1613 404 7636 6955 5445 534 4911 985 3926 1113 343 246598 1896 1677 219 244702 8798
cat_boundaries=0 1 2 3 4 5 6 7
cat_threshold=4 40 12 8 2 1 4
is_linear=0
shrinkage=0.08


Tree=88
num_leaves=31
num_cat=13
split_feature=47 2 31 32 41 45 15 47 14 42 16 38 42 12 2 38 32 33 38 42 19 12 18 6 42 41 38 6 12 32
split_gain=716.818 714.672 726.903 816.836 634.924 522.87 702.782 566.09 526.719 662.95 526.869 498.625 630.893 474.257 461.421 599.424 598.562 452.738 451.741 448.737 438.502 580.786 738.659 623.785 592.08 647.029 899.163 834.367 525.155 498.662
threshold=0 inf 1.0000000180025095e-35 -2.5549999475479122 1 2 1.0000000180025095e-35 3 2.5000000000000004 4 1.0000000180025095e-35 5 6 249.00000762939456 inf 7 -0.13499999791383741 1.5000000000000002 8 9 1733.924987792969 1.0000000180025095e-35 219.65000152587893 198.00001525878909 10 11 12 111.91500854492189 160.00000762939456 -1.924999952316284
decision_type=1 8 10 10 9 9 2 1 2 9 2 1 9 2 8 1 10 2 1 9 2 2 2 2 9 9 1 2 2 10
left_child=14 2 3 18 5 6 8 -7 11 -10 -11 12 -5 -8 16 -16 -1 20 19 -2 21 -6 23 24 -23 26 27 -26 -24 -27
right_child=1 -3 -4 4 17 7 13 -9 9 10 -12 -13 -14 -15 15 -17 -18 -19 -20 -21 -22 22 28 -25 25 29 -28 -29 -30 -31
leaf_value=-0.0012181912685250214 0.018675415593663956 -0.027947547125564402 0.020803645675839359 -0.018526607943539532 -0.016061716372170701 0.020496586636658959 0.25940758553432092 -0.0048338971491596059 -0.048339345371864607 0.25646657632074854 0.016551326235531526 -0.029767554690586128 0.034276257066389475 0.048699358892890586 0.0020750141973605858 0.038704603998381139 0.0069710864475946901 0.10234558603489075 -0.0023850407745440376 0.0022364731203417744 -0.026666538713324101 -0.0052573077629951481 -0.039211502426485176 0.070735942104255045 0.11973404914104703 0.20856933554928447 -0.037415353625280617 -0.096837172443595618 -0.0062589589432050395 0.050775361989875471
leaf_weight=146870.45404590294 16195.498321271967 7255.5243469858542 8300.1229413817637 3931.7721445332281 41843.803003319306 12954.390049448237 81.152782340534031 10009.2727850019 166.66810792917386 149.00119702843949 96.538002281915396 7508.3008800803218 2279.2249477673322 433.83509908313863 6465.4538064263761 5125.958330841735 93476.477610481903 228.79059594403952 65337.012243531412 30903.094087894075 9593.8058621936943 8222.8606093034614 3326.4782164667267 1083.4652954917401 543.15086883259937 136.01580423396081 1429.5170397856273 144.04391488805413 44519.935266179964 2223.6587780644186
leaf_count=205502 157643 39112 32375 52595 501613 273416 712 97620 4379 1514 1221 124596 20998 6909 11522 8106 124042 1443 1113615 263213 211007 123962 55234 10581 4777 1025 22566 2034 687607 19174
internal_value=-0.000374393 -0.00316848 -0.00250663 -0.00324134 -0.00708723 0.00191984 -0.00988724 0.00945156 -0.0132393 0.0758639 0.155795 -0.0159165 0.0008742 0.0819032 0.00271867 0.0183085 0.00196681 -0.0100765 0.00192044 0.00789199 -0.0103049 -0.0087879 -0.00384926 0.0124691 0.00749792 0.0308713 -0.00130492 0.073272 -0.00854995 0.0596182
internal_weight=530835 278897 271641 263341 150906 37610.2 14646.5 22963.7 14131.5 412.207 245.539 13719.3 6211 514.988 251938 11591.4 240347 113296 112436 47098.6 113067 103473 61629.1 13782.7 12699.2 4476.39 2116.71 687.195 47846.4 2359.67
internal_count=4180113 3830941 3791829 3759454 2224983 583960 212924 371036 205303 7114 2735 198189 73593 7621 349172 19628 329544 1641023 1534471 420856 1639580 1428573 926960 184119 173538 49576 29377 6811 742841 20199
cat_boundaries=0 1 2 3 4 5 6 7 8 9 10 11 12 13
cat_threshold=2 5 1 4 26 716 56 643 710 10 41 18 650
is_linear=0
shrinkage=0.08


Tree=89
num_leaves=31
num_cat=6
split_feature=47 42 7 17 7 17 4 19 2 41 47 6 35 4 41 7 13 19 17 22 2 11 13 4 19 11 17 1 4 4
split_gain=443.392 424.135 666.902 602.004 673.511 961.665 534.723 492.329 855.78 1044.69 737.488 513.165 480.962 761.985 569.234 783.689 553.402 985.548 526.351 557.106 468.507 569.042 456.873 425.406 622.885 539.51 514.136 474.073 444.123 419.117
threshold=0 1 2528.650024414063 13.500000000000002 12.500007629394533 1.5000000000000002 1.0000000180025095e-35 43.014999389648445 1.5000000000000002 2 3 174.02490234375003 4 35.500000000000007 5 779.57537841796886 1275.0999755859377 2457.3750000000005 51.500000000000007 4.5000000000000009 1.0000000180025095e-35 5.5000000000000009 3702.1000976562505 4.5000000000000009 6717.4001464843759 18.500000000000004 29.500000000000004 1.5000000000000002 42.500000000000007 23.500000000000004
decision_type=1 9 2 2 2 2 10 2 10 9 1 2 1 10 9 2 2 2 2 2 8 2 2 10 2 2 2 2 10 10
left_child=-1 2 6 4 5 -3 -2 8 -6 10 11 -10 13 18 23 -16 17 29 19 -8 21 -15 -9 24 25 27 -27 -14 -25 -17
right_child=1 3 -4 -5 7 -7 12 22 9 -11 -12 -13 14 20 15 16 -18 -19 -20 -21 -22 -23 -24 28 -26 26 -28 -29 -30 -31
leaf_value=0.0026519637024182648 -0.00019517892568118048 -0.0041827003206060011 -0.0392220505673639 -0.028508587015456104 0.022550629360648004 -0.027195487805032274 0.037129231047003046 0.0016506660983916955 0.25550878182376602 -0.013557287092060097 0.15880696364019556 0.68510805251052109 -0.043172445021074077 0.025611098568139291 -0.02703982995281486 0.0096282936510008344 0.010379441269934134 0.57294152019135891 0.28949041928931035 0.47122136092078332 -0.089789282529393097 -0.088370851769189157 0.089465692617959697 -0.0028979999819155667 0.56015941922712997 0.35631172906094377 -0.024148942149103979 0.085652434819656009 0.072225315807435977 0.23706176447980432
leaf_weight=251703.45847516321 124657.31153691746 76691.058360261377 2592.8476149791386 6763.5035932273604 2332.9208641420119 13697.234213168733 6954.0395038528368 32358.594664221397 31.164221699349582 127.84960154816508 90.762465138919652 41.483589072711766 281.43673198251054 1489.0363744217902 4755.4431126429699 133.20484101120383 445.14997761836275 32.10064036026597 53.805131256580353 18.973046435043216 416.99268171843141 345.32863189093769 383.66894367104396 2837.3251110364217 16.40242100530304 70.703634234145284 33.503936100751162 521.74552004644647 612.35596153372899 84.914210418239236
leaf_count=349090 2140776 733903 65430 109637 23779 188287 46341 399045 375 1270 374 189 4085 12238 50619 1449 4059 116 88 63 3960 3706 3388 29817 116 369 385 3999 5328 488
internal_value=0.000217699 -0.00197942 0.000989447 -0.00525791 -0.00400783 -0.00767001 0.00171477 0.00535184 0.0386929 0.167989 0.292931 0.50082 0.0141786 0.0272273 0.00182557 -0.0154119 0.0638864 0.159077 0.0402337 0.0383104 -0.0132465 0.00415341 0.00267967 0.0232954 0.0715636 0.0627315 0.233989 0.0405119 0.0104372 0.0981686
internal_weight=530574 278871 146353 132518 125755 90388.3 143760 35366.4 2624.18 291.26 163.41 72.6478 19102.5 9278.18 9824.29 5450.81 695.37 250.22 7026.82 6973.01 2251.36 1834.37 32742.3 4373.47 923.792 907.39 104.208 803.182 3449.68 218.119
internal_count=4182769 3833679 2373432 1460247 1350610 922190 2308002 428420 25987 2208 938 564 167226 66396 100830 56731 6112 2053 46492 46404 19904 15944 402433 44099 8954 8838 754 8084 35145 1937
cat_boundaries=0 1 2 3 4 5 6
cat_threshold=2 25 2 4 32 36
is_linear=0
shrinkage=0.08


Tree=90
num_leaves=31
num_cat=12
split_feature=33 42 41 43 45 38 26 45 13 38 39 6 18 38 11 22 1 38 6 3 4 3 6 38 45 4 4 11 11 7
split_gain=408.532 579.919 971.874 575.557 440.194 436.38 418.204 369.82 366.159 332.739 606.895 327.701 1055.42 384.404 337.257 449.739 284.079 345.204 350.23 338.419 300.966 283.992 282.799 280.166 270.506 303.574 258.641 255.741 487.341 709.455
threshold=1.0000000180025095e-35 0 1 2 3 4 9.7500000000000018 5 1323.0250244140627 6 7 771.29995727539074 947.01000976562511 8 28.500000000000004 1.5000000000000002 4.5000000000000009 9 135.00003051757815 18.605000495910648 1.0000000180025095e-35 194.37000274658206 1008.5250244140626 10 11 8.5000000000000018 15.500000000000002 7.5000000000000009 8.5000000000000018 360.52499389648443
decision_type=2 9 9 9 9 1 10 9 2 1 9 2 2 1 2 2 2 1 2 10 8 10 2 1 9 10 10 2 2 2
left_child=16 2 5 9 27 21 -6 23 -9 10 -4 -10 -13 -14 22 -16 -1 20 19 -19 -18 -2 -15 -3 -21 -26 -27 -5 29 -29
right_child=1 7 3 4 6 -7 -8 8 11 -11 -12 12 13 14 15 -17 17 18 -20 24 -22 -23 -24 -25 25 26 -28 28 -30 -31
leaf_value=-0.00013149086148683698 0.29521901796931638 -0.068658103142897359 0.28765289157564483 0.04772936499301076 -0.071419099108762721 0.041994898923376524 0.24499420422525692 -0.022026129894836509 -0.054774143242119627 -0.054715331446636491 -0.067261129308563317 0.8343306213731666 -0.054247246565735305 0.201664072419766 0.3237486479405719 -0.10134494242767915 0.24541585609125804 -0.10205811358224692 -0.024882800694273757 -0.037628016864396562 0.063865516930985772 0.1012597429431725 0.010204623460189289 0.098204130302915568 0.046640001340820955 0.24843141904877264 0.065128577459630743 0.11110220587174649 0.10148231565035312 0.70137417557878923
leaf_weight=520698.18043082952 178.52632907405496 72.877630982547998 56.018464609514922 474.88515231013298 218.61903677345254 133.80794598534703 30.458248710259795 2539.3067575425375 162.30423801229335 570.08825971884653 68.59094921592623 11.472918853163717 138.42213488440029 65.30336270108819 74.315305320546031 20.273756491485983 72.33210901543498 99.462485924363136 886.71116136712953 184.2332763322629 304.25198292545974 66.238862111233175 202.42161755543202 364.84128366643563 859.45552183361724 98.476706696674228 98.583728633821011 31.111876782029867 404.00132244639099 22.424554922617972
leaf_count=4111073 258 430 460 4825 4387 567 244 22983 2504 7500 709 40 2833 185 261 256 95 654 7907 1359 566 288 1541 1808 3944 151 218 261 4186 153
internal_value=0.000236452 0.0211587 0.0529456 0.0288722 0.0626925 0.168439 -0.0314635 0.00138196 -0.00808378 -0.0287206 0.0854351 0.0442845 0.0756733 0.0582908 0.100023 0.232636 3.10554e-07 0.0263604 0.0140581 0.0399271 0.0961826 0.233202 0.0569053 0.0695096 0.0513091 0.0665441 0.15673 0.0879112 0.131538 0.358347
internal_weight=529208 5906.31 2254.77 1876.2 1181.5 378.573 249.077 3651.54 3213.82 694.698 124.609 674.513 512.209 500.736 362.314 94.5891 523302 2603.51 2226.92 1340.21 376.584 244.765 267.725 437.719 1240.75 1056.52 197.06 932.423 457.538 53.5364
internal_count=4182646 56679 23838 22725 14056 1113 4631 32841 30603 8669 1169 7620 5116 5076 2243 517 4125967 14894 14233 6326 661 546 1726 2238 5672 4313 369 9425 4600 414
cat_boundaries=0 1 2 3 4 5 6 7 8 9 10 11 12
cat_threshold=10 1 14 5 992 8 10 1 568 640 771 4
is_linear=0
shrinkage=0.08


Tree=91
num_leaves=31
num_cat=14
split_feature=34 39 37 7 3 47 3 12 38 47 42 37 32 10 38 1 8 12 10 41 37 39 3 16 38 43 26 7 19 32
split_gain=520.626 622.972 479.321 476.191 456.63 485.544 938.262 453.984 433.322 421.025 545.151 452.945 666.255 656.351 1063.25 1329.43 1466.66 905.087 591.619 545.422 873.658 916.359 554.296 679.249 671.665 1170.3 873.421 765.131 1425.6 538.637
threshold=0 1 2 463.52999877929693 93.854999542236342 3 146.78499603271487 803.09994506835949 4 5 6 7 26.865000724792484 1.0000000180025095e-35 8 2.5000000000000004 1.5000000000000002 180.00000762939456 1.5000000000000002 9 10 11 663.64498901367199 1.0000000180025095e-35 12 13 5.5000000000000009 128.00003051757815 138.12500000000003 -5.4849998950958243
decision_type=1 9 1 2 10 1 10 2 1 1 9 1 10 2 1 2 2 2 2 9 1 9 10 2 1 9 8 2 2 8
left_child=9 -2 3 -3 7 -6 8 -4 -7 10 -1 12 13 -12 15 -15 17 -17 -19 20 21 -13 23 24 25 27 -27 -23 -29 -16
right_child=1 2 4 -5 5 6 -8 -9 -10 -11 11 19 -14 14 29 16 -18 18 -20 -21 -22 22 -24 -25 -26 26 -28 28 -30 -31
leaf_value=-0.012644887246372943 0.011261303061599471 -0.0069570933665943982 0.0037384863099599397 -0.030060346212233413 0.0013383455262617333 -0.0021087297568229131 -0.0033931159833784949 0.040422256444401977 -0.036202268943975435 0.0049434564744950732 0.0043224583944346017 -0.04752072162125278 0.094005781043112191 0.089691787368311376 0.12584867832158714 1.0734610246684357 1.3519771569232482 0.099120584965511502 0.6040611956375127 -0.0060319751353729726 -0.039264124057530124 0.10644588071117105 -0.0029508301023285395 -0.041627810593695462 0.016076296183937373 0.53448413800747041 0.036828717722020315 0.86928721658079233 0.20680258882675318 0.004120822400750822
leaf_weight=21929.428815603023 19973.256432308815 61841.882845162181 45394.775766046718 6290.5084644630551 56383.572629426606 3157.9928242526948 41837.058636560803 2266.9175994251855 9878.3784222803079 187743.05622987449 19182.445057671983 920.99835538771003 607.03523832396604 303.81100458651781 276.61366746155545 9.2216729484498483 9.94241821952164 55.556959211826324 20.26825279276818 43453.128444964765 1525.0432426705956 789.60449770325795 1606.3015527096577 456.32331621018238 1458.7450172123499 22.857444523368031 1799.5948125335854 22.335693217813969 300.12232954869978 1463.6601833421737
leaf_count=388240 115726 596351 226462 115361 78554 19685 684874 9336 116374 579600 368911 32914 9772 5562 5074 69 90 840 123 645948 30158 7481 37357 12408 18040 163 41000 44 3941 32733
internal_value=0.000401727 -0.002284 -0.00347566 -0.00908883 -0.00106852 -0.00387535 -0.00923252 0.00548326 -0.0279727 0.00273813 -0.00156489 0.00170753 0.0113573 0.00900962 0.0510424 0.167173 0.432587 0.325105 0.234092 -0.00233562 0.015694 0.0270934 0.0377799 0.0512709 0.0609201 0.0828748 0.0428353 0.147525 0.252691 0.0233352
internal_weight=530980 247024 227051 68132.4 158919 111257 54873.4 47661.7 13036.4 283956 96213 74283.6 21928.6 21321.5 2139.07 398.8 94.9893 85.0469 75.8252 52355.1 8901.93 7376.88 6455.88 4849.58 4393.26 2934.51 1822.45 1112.06 322.458 1740.27
internal_count=4183191 1962723 1846997 711712 1135285 899487 820933 235798 136059 2220468 1640868 1252628 423174 413402 44491 6684 1122 1032 963 829454 183506 153348 120434 83077 70669 52629 41163 11466 3985 37807
cat_boundaries=0 1 2 3 4 5 6 7 8 9 10 11 12 13 14
cat_threshold=29 1 1 2 641 4 32 1 132 20 52 2 880 6
is_linear=0
shrinkage=0.08


Tree=92
num_leaves=31
num_cat=18
split_feature=44 3 3 46 45 38 38 37 40 47 45 3 4 36 44 46 38 38 34 18 18 2 1 27 34 47 18 18 1 37
split_gain=298.206 637.901 616.088 465.169 416.193 2950.89 718.787 821.397 1138.28 457.602 567.709 428.167 568.361 403.046 397.153 418.394 405.43 384.651 483.222 553.838 649.1 383.509 720.832 378.632 376.924 489.43 458.017 749.423 444.848 656.031
threshold=0 1.0000000180025095e-35 inf 1 2 3 4 5 6 7 8 329.83499145507818 inf 9 10 11 12 13 14 916.69998168945324 981.17501831054699 2.5000000000000004 1.5000000000000002 5.5000000000000009 15 16 411.02499389648443 399.27499389648443 2.5000000000000004 17
decision_type=9 10 8 1 9 1 1 1 1 1 9 10 8 9 9 1 1 1 1 2 2 10 2 8 1 1 2 2 2 1
left_child=1 3 4 -1 6 9 7 8 -2 10 -6 17 24 -8 15 23 -16 18 -7 -20 -21 -11 -23 -15 28 26 27 -26 -13 -30
right_child=2 -3 -4 -5 5 11 13 -9 -10 21 -12 12 -14 14 16 -17 -18 -19 19 20 -22 22 -24 -25 25 -27 -28 -29 29 -31
leaf_value=0.055700095128749696 0.022183864317166395 0.0075814059239221075 0.034391463997247171 -0.036166381404628793 -0.024968946613366225 0.070665104917044266 -0.0066501140389363528 0.022245375126029369 -0.022561801448478427 -0.076574701019920144 -0.18539163440452824 0.0024144232191826462 -0.19862392276013804 0.065432422341650989 0.010807883060512329 0.020791174524078606 -0.050686343456431041 -0.001906877173266401 -0.0028000841864285579 0.39621498571393543 0.062038954437915218 -0.092883493637113554 0.60425373447029929 0.00028696998883666417 -0.023043870339803645 -0.009564296063138817 -0.074373717308402726 0.31786698002664776 0.24268293259494558 -0.038885164228590549
leaf_weight=394.35643521510065 6517.7982350448146 60161.062574404292 3264.6039259033278 3344.1428983919322 206.00881762243807 1037.9497536998242 58958.224430598319 19586.726484479383 8211.1242634151131 1523.6604943349957 567.27049436233938 2339.4553686450236 108.78573459596373 572.08589183306322 1073.7021263446659 6589.4280092287809 1892.6972787345294 41635.627387174638 2811.9528016615659 44.529706627130508 225.9925501793623 24.814512763172388 15.373242177069185 298325.1041577307 1206.7282913157251 6244.5960124433041 1807.7559916481841 42.730496998177841 113.34369868505746 94.359065006487072
leaf_count=468 15263 245514 4411 7037 356 3125 319273 54289 32838 12460 2087 40207 872 3017 4855 14351 26373 343594 10054 69 675 263 36 2842320 49578 34112 114529 716 1094 2071
internal_value=0.000464474 0.00558886 -0.000239647 -0.0264758 -0.000484476 -0.00669582 0.000444163 0.0115151 -0.00275947 -0.094628 -0.145374 -0.00311922 -0.0165987 -0.000590136 0.000568357 0.000851249 -0.0285627 0.000402796 0.0236885 0.00769286 0.117046 -0.0701407 0.173796 0.000411658 -0.0149275 -0.0223802 -0.0486307 -0.011385 0.0123277 0.124579
internal_weight=528942 63899.6 465042 3738.5 461778 60050.9 401727 34315.6 14728.9 2337.13 773.279 57713.8 11957.8 367411 308453 305487 2966.4 45756.1 4120.42 3082.48 270.522 1563.85 40.1878 298897 11849 9301.81 3057.21 1249.46 2547.16 207.703
internal_count=4185907 253019 3932888 7505 3928477 615898 3312579 102390 48101 15202 2443 600696 243179 3210189 2890916 2859688 31228 357517 13923 10798 744 12759 299 2845337 242307 198935 164823 50294 43372 3165
cat_boundaries=0 1 2 3 4 5 6 7 8 9 10 11 12 13 14 15 16 17 18
cat_threshold=1 1 13 129 129 105 12 2 2 88 2 1 82 512 73 18 4 32
is_linear=0
shrinkage=0.08


Tree=93
num_leaves=31
num_cat=15
split_feature=1 42 38 45 38 38 34 19 40 37 3 44 47 1 1 47 21 19 16 38 32 45 14 18 11 19 3 11 34 42
split_gain=266.149 235.782 262.202 201.05 3498.77 644.481 542.483 718.325 616.029 906.528 881.461 501.661 778.654 494.635 485.689 504.471 432.203 409.23 393.735 384.239 382.165 359.99 342.795 348.357 660.501 1125.15 533.971 338.212 334.106 462.61
threshold=5.5000000000000009 0 1 2 3 4 5 119.62500000000001 6 7 141.97499847412112 8 9 2.5000000000000004 1.0000000180025095e-35 10 3.5000000000000004 72.040000915527358 1.0000000180025095e-35 11 -8.8749999999999982 12 26.500000000000004 176.77500152587893 1.0000000180025095e-35 500.00500488281256 687.95001220703136 9.5000000000000018 13 14
decision_type=2 9 1 9 1 1 1 2 1 1 10 9 1 2 2 1 2 2 2 1 8 9 2 2 2 2 10 2 1 9
left_child=3 -2 -3 20 21 13 8 -8 9 10 14 12 -9 -6 15 -7 22 19 -19 -17 -1 -5 23 24 25 -13 -26 -12 29 -14
right_child=1 2 -4 4 5 6 7 11 -10 -11 27 16 28 -15 -16 17 -18 18 -20 -21 -22 -23 -24 -25 26 -27 -28 -29 -30 -31
leaf_value=0.01476015684099965 -0.0069987533288369064 0.12117970710524918 0.021380947999490085 -0.021893059812137784 0.018249738119058345 -0.00059431444175073926 0.00045465965894287796 -0.0061310196960302123 0.0049642358260178253 -0.0062092641737410172 0.13304133765698439 0.055065296814967378 -0.053174154226117459 0.10638177928773418 -0.045616537289142396 0.12719774435237644 0.28108279898359434 0.20900123333755094 -0.10304149146629524 -0.059040469541127377 0.00074555107086868603 -0.094311698500096797 0.28577989602324971 -0.0070817735613591705 4.6203121998125935e-05 0.67143303937956178 0.27094587831909656 0.37041860077670835 -0.0557880063590597 0.0049864500465972928
leaf_weight=12834.905673190951 443.98286143131554 315.31542196404189 381.46949847135693 546.44854907132685 6231.2912349589169 258.38571237400174 48406.458451310638 7694.3966202251613 14095.088466088055 1037.3972852062434 65.647188346832991 55.941034315153956 1667.8573675772641 436.08861753344536 191.91249368526042 178.55756670981646 35.817066878080368 349.47861868049949 27.949178393930197 108.5475995130837 418368.65602956736 2834.084040697664 27.146347358822823 4556.7273554606363 518.68955533206463 28.6678895521909 51.160387059673667 92.599931038916111 4614.8898656500969 1833.2406748952344
leaf_count=79444 2701 673 1677 2161 18745 365 335872 11374 90755 5468 197 306 28373 654 1739 805 6 1510 247 1198 3305562 16591 15 41173 3426 76 192 121 193532 37981
internal_value=0.000509243 0.039109 0.0676183 0.000425712 -0.00288624 3.74336e-05 -0.00182345 -0.00491268 0.011257 0.0494595 0.0945173 -0.0172375 -0.0243647 0.0239782 0.0701798 0.0942585 0.00412775 0.13114 0.185894 0.0591595 0.00116267 -0.0827046 0.00223407 0.000757011 0.0553352 0.263908 0.0243672 0.271945 -0.0416512 -0.0227927
internal_weight=528289 1140.77 696.785 527148 95944.5 92563.9 85896.6 69491 16405.6 2310.48 1273.08 21084.5 15810.4 6667.38 1114.83 922.919 5274.15 664.533 377.428 287.105 431204 3380.53 5238.33 5211.19 654.459 84.6089 569.85 158.247 8115.99 3501.1
internal_count=4182939 5051 2350 4177888 792882 774130 754731 652326 102405 11650 6182 316454 271260 19399 5864 4125 45194 3760 1757 2003 3385006 18752 45188 45173 4000 382 3618 318 259886 66354
cat_boundaries=0 1 2 3 4 5 6 7 8 9 10 11 12 13 14 15
cat_threshold=49 784 13 129 512 5 4 49 2 2 2 322 2 18 35
is_linear=0
shrinkage=0.08


Tree=94
num_leaves=31
num_cat=8
split_feature=33 47 19 34 36 12 32 18 17 42 17 32 35 34 18 32 13 19 13 1 34 18 12 19 17 23 18 36 20 4
split_gain=483.34 483.083 578.21 605.087 597.755 479.097 865.804 644.028 584.24 536.833 685.973 757.163 707.336 697.941 642.766 945.563 769.81 681.275 740.703 560.91 611.875 560.189 695.935 525.362 586.191 578.662 805.359 525.069 504.275 501.597
threshold=1.0000000180025095e-35 0 1493.2750244140627 1 2 757.10000610351574 -8.8749999999999982 517.30999755859386 12.500000000000002 3 7.5000000000000009 23.935000419616703 4 5 3054.525024414063 18.105000495910648 10.920001029968263 591.82498168945324 419.00500488281256 1.0000000180025095e-35 6 884.47500610351574 105.00000762939455 645.87500000000011 5.5000000000000009 2.5000000000000004 688.04998779296886 7 1.5000000000000002 13.500000000000002
decision_type=2 1 2 1 9 2 8 2 2 9 2 8 1 1 2 10 2 2 2 2 1 2 2 2 2 2 2 9 2 10
left_child=1 -1 5 4 -4 6 -3 8 28 10 11 27 -12 -14 21 17 -17 18 -16 29 23 22 -15 24 -21 -26 -27 -9 -8 -11
right_child=-2 2 3 -5 -6 -7 7 9 -10 19 12 -13 13 14 15 16 -18 -19 -20 20 -22 -23 -24 -25 25 26 -28 -29 -30 -31
leaf_value=0.0023613836446308135 0.022917826127599267 0.031819758506832246 -0.084068809734859223 -0.023676037061119506 0.010089654137057345 0.0078304979477912089 -0.0015704524434182511 0.23568421666265849 -0.068955034864441059 -0.043105254267579544 0.10891769907854856 0.042427085898825663 -0.039805794432915181 0.2210174192394749 0.1394823543470885 1.0773534004325596 0.28742325703305388 -0.036291247100664802 0.78823955114065802 -0.0066581303878083869 -0.01670055240867831 -0.025810560801732177 0.026933834003064799 -0.03626878258242533 0.11065577080371933 0.6545686224294609 0.139436003356156 -0.035568457424711333 0.2484883073984322 0.032616711225135181
leaf_weight=250828.91517292242 5868.2983811735176 4545.8234880035743 450.30929682031274 15456.442753972835 6895.6473164295312 31497.953812539112 185282.98381759017 36.365761739201844 825.43412408488803 8313.6040076226927 467.61964374268427 996.50744951120578 1477.2213559809607 124.2037746924907 140.3653511160519 9.1946591066662204 55.885440159589052 186.83834242029116 12.245758300879968 193.52103531546891 4084.8115049046464 1453.8877659311984 2463.3235412715003 245.57658634707332 266.71631839452311 33.551468933001161 46.128398584201932 5429.5061812002677 51.627837559673935 600.3025062745437
leaf_count=349387 56494 39488 5468 390504 131433 535792 2209583 240 16318 117499 4901 15136 44119 1414 2674 140 773 4998 99 1906 67890 28683 41286 3088 2565 157 352 103590 424 5844
internal_value=8.63103e-05 -0.000170128 -0.00250766 -0.0147005 0.00421127 -0.00139038 -0.0027267 -0.00346469 -0.00179989 -0.0150994 -0.00332388 -0.0217054 0.0152583 0.00766731 0.0234948 0.119693 0.399026 0.0661379 0.19154 -0.0260583 -0.0042448 0.0139239 0.03625 0.059978 0.104866 0.167171 0.356347 -0.0333976 -0.00150079 -0.0380058
internal_weight=528341 522473 271644 22802.4 7345.96 248841 217343 212797 186160 26637.4 12853.2 6462.38 6390.79 5923.17 4445.94 404.53 65.0801 339.449 152.611 13784.2 4870.31 4041.42 2587.53 785.494 539.917 346.396 79.6799 5465.87 185335 8913.91
internal_count=4182245 4125751 3776364 527405 136901 3248959 2713167 2673679 2226325 447354 248053 118966 129087 124186 80067 8684 913 7771 2773 199301 75958 71383 42700 8068 4980 3074 509 103830 2210007 123343
cat_boundaries=0 1 2 3 4 5 6 7 8
cat_threshold=2 18 25 11 16 72 66 32
is_linear=0
shrinkage=0.08


Tree=95
num_leaves=31
num_cat=15
split_feature=47 38 45 36 38 3 37 34 18 18 35 43 12 20 45 42 41 18 11 38 3 32 26 18 37 3 3 38 18 13
split_gain=403.693 426.999 1311.95 390.355 535.792 711.863 802.985 516.525 806.542 904.807 630.465 558.852 714.528 687.759 530.188 559.052 800.418 706.141 844.896 2000.24 574.1 547.921 547.307 780.027 489.728 860.946 1705.75 824.362 650.568 864.552
threshold=0 1 2 3 4 44.465000152587898 5 6 4623.9150390625009 13386.875488281252 7 8 11192.629882812502 1.0000000180025095e-35 9 10 11 1396.8499755859377 15.500000000000002 12 40.755001068115241 -0.89499998092651356 9.7500000000000018 597.02499389648449 13 86.83499908447267 273.98500061035162 14 424.02499389648443 81.505004882812514
decision_type=1 1 9 9 1 10 1 1 2 2 1 9 2 2 9 9 9 2 2 1 10 10 10 2 1 10 10 1 2 2
left_child=3 2 -2 4 5 6 -1 8 24 10 -10 13 -13 -12 -9 20 17 18 22 -20 -16 -18 -17 -24 25 -6 27 28 -27 -30
right_child=1 -3 -4 -5 7 -7 -8 14 9 -11 11 12 -14 -15 15 16 21 -19 19 -21 -22 -23 23 -25 -26 26 -28 -29 29 -31
leaf_value=0.078913375678781872 -0.096306335875511254 0.0021692101975921011 -0.0047959716802847847 -0.013938672288584975 -0.081801179952181807 -0.012199114885401943 0.00062698794134600784 0.017722545764273158 0.010751427710658941 -0.029005614112824558 0.79486928250173638 0.21847041891526672 0.63154880981876516 0.043938998343347795 0.060044404913193454 0.012816337295270876 -0.0047737625518279514 -0.037883273545077444 0.46861531998799882 -0.081363401721239778 0.0036425696659637919 -0.025013726053892796 -0.10373705446887767 0.38221072459208549 0.0061441377796403645 0.23830735013825399 -0.006127136133988389 0.03372590698605072 0.98574908843654419 0.37945812928280875
leaf_weight=1155.0123623339459 1091.3814648706466 355900.66000180971 11227.558061212301 18927.899805368856 186.32773253507912 40390.672721487237 3003.2600277303718 8945.9547984735109 207.6204648707062 314.45835909550078 8.1209590090438706 274.38162188441493 29.700996820349246 201.13368775183335 1207.6128340680152 10014.127055180026 17830.953528695041 1721.5087675182149 74.537975233048201 84.760763105936348 26509.301370231668 16463.935180062894 32.87683652061969 59.218731724191457 11129.658170962241 125.40311620011926 353.57670496404171 95.270174594596028 19.992928821593523 60.914725450798869
leaf_count=9826 5176 1207766 26603 218468 2679 1159324 44365 69502 4333 5857 124 3007 213 3544 8929 146369 303035 42784 238 2217 380632 334383 547 223 193691 1349 6027 838 108 619
internal_value=0.000206232 0.00166227 -0.0129748 -0.00315667 -0.00170303 -0.00895232 0.0225633 0.0016633 0.0164795 0.0842302 0.13362 0.179606 0.250577 0.0697486 -0.000661724 -0.00288635 -0.00826684 0.0095238 0.0174832 0.200289 0.00609777 -0.0144861 0.0146017 0.208734 0.0106333 0.0691135 0.113089 0.252859 0.336123 0.529277
internal_weight=527648 368220 12318.9 159428 140500 44548.9 4158.27 95951.3 13006.6 1035.42 720.958 513.337 304.083 209.255 82944.8 73998.8 46281.9 11987 10265.5 159.299 27716.9 34294.9 10106.2 92.0956 11971.1 841.485 655.158 301.581 206.311 80.9077
internal_count=4182776 1239545 31779 2943231 2724763 1213515 54191 1511248 222389 17078 11221 6888 3220 3668 1288859 1219357 829796 192378 149594 2455 389561 637418 147139 770 205311 11620 8941 2914 2076 727
cat_boundaries=0 1 2 3 4 5 6 7 8 9 10 11 12 13 14 15
cat_threshold=4 128 32 225 560 40 16 8 36 8 19 21 64 10 328
is_linear=0
shrinkage=0.08


Tree=96
num_leaves=31
num_cat=12
split_feature=27 38 32 2 45 3 3 3 46 41 11 38 6 9 13 21 7 34 42 0 5 16 4 11 38 32 42 42 38 38
split_gain=236.013 318.351 235.337 380.369 303.781 295.113 235.419 268.376 430.218 499.886 253.605 227.321 245.435 207.322 206.363 207.392 245.134 220.999 434.493 205.712 226.792 196.515 192.371 192.147 227.722 189.057 182.632 178.371 176.655 168.211
threshold=5.5000000000000009 0 -7.9249999523162833 1.5000000000000002 1 541.04000854492199 9.9749999046325701 119.50500106811525 2 3 1.5000000000000002 4 2013.1500244140627 1.0000000180025095e-35 1000.0000305175782 1.0000000180025095e-35 39.300001144409187 5 6 1.5000000000000002 21.500000000000004 3.5000000000000004 69.500000000000014 1.0000000180025095e-35 7 -77.97499847412108 8 9 10 11
decision_type=8 1 8 8 9 10 10 10 1 9 2 1 2 2 2 2 2 1 9 2 2 2 10 2 1 10 9 9 1 1
left_child=1 26 3 6 5 25 -2 8 9 28 -11 12 13 27 15 17 -17 18 -12 -15 -21 -14 -13 24 -10 -5 -1 -9 -8 -4
right_child=2 -3 29 4 -6 -7 7 11 23 10 14 22 21 19 -16 16 -18 -19 -20 20 -22 -23 -24 -25 -26 -27 -28 -29 -30 -31
leaf_value=0.019280085311568586 -0.073824580265505188 -0.0084720286475880868 0.0037860175519438062 0.026605644892261103 -0.0057296708702129348 -0.013793285296695804 0.24512844338769454 -0.010286530931863684 -0.036277879578879464 -0.0086288972466985851 0.21197277901991232 -0.024642324335912683 -0.039397256362254718 0.24614456423436043 -0.048584211790965871 0.31853279519083272 0.054769963583746126 0.026407679593536005 -0.040263265326357003 0.0053056888490183715 0.30751457075892769 0.32568712953645496 0.15031195552443413 0.0078532090694160249 -0.21844275890864034 0.070115897414990011 0.12750398619069656 0.017229367687598873 0.087670165567329622 -0.0009115572457927733
leaf_weight=175.07945382222533 255.30687102489173 434.75707323360257 54648.499810324982 1054.5871273167431 1151.0403105497826 503.33123720623553 87.803193878382444 2275.0635117129423 195.71435223892331 648.25152924191207 125.72651967778802 2625.7564513552934 843.45339831593446 43.666360392235219 104.37164646899328 44.632884204387665 45.579204933717847 505.60071780020371 66.222169284708798 116.80476076854393 18.395451673306525 9.5428030171897245 40.848452433943748 333.74162191897631 52.536589715629816 1622.3625035155565 278.43447536230087 4436.8572691257577 170.17917452380061 453997.03842370375
leaf_count=553 828 3484 180758 3213 5249 4618 113 19750 386 2399 311 22394 13703 178 570 76 126 1737 368 1331 137 137 121 514 247 4032 378 44364 225 3868312
internal_value=-2.44564e-05 0.0411776 -9.40325e-05 0.00906075 0.0296021 0.0422749 0.00224096 0.00375925 0.0279933 0.0473412 0.0292612 -0.00178192 0.00516061 0.0101782 0.0571213 0.0711264 0.185268 0.0563647 0.127267 0.0951818 0.0464245 -0.0353129 -0.0218802 -0.0317918 -0.0850895 0.052975 0.0870414 0.00791296 0.148408 -0.000406797
internal_weight=526911 888.271 526023 17377.4 4331.32 3180.28 13046.1 12790.7 2380.36 1798.37 1540.38 10410.4 7743.78 6890.79 892.133 787.761 90.2121 697.549 191.949 178.867 135.2 852.996 2666.6 581.993 248.251 2676.95 453.514 6711.92 257.982 508646
internal_count=4180612 4415 4176197 127127 17112 11863 110015 109187 7072 5925 5587 102115 79600 65760 3188 2618 202 2416 679 1646 1468 13840 22515 1147 633 7245 931 64114 338 4049070
cat_boundaries=0 1 2 3 4 5 6 7 8 9 10 11 12
cat_threshold=582 5 1 50 866 41 25 355 41 35 260 513
is_linear=0
shrinkage=0.08


Tree=97
num_leaves=31
num_cat=17
split_feature=48 6 19 1 36 38 3 46 34 35 3 4 4 18 42 2 3 40 4 38 42 34 3 38 45 42 38 3 41 34
split_gain=387.014 291.095 485.163 348.172 383.453 330.84 386.436 664.75 439.939 660.704 389.243 363.006 1129.09 785.588 833.4 893.221 323.261 320.048 301.884 300.116 315.09 297.369 323.841 287.236 282.524 272.931 359.898 508.164 440.443 683.743
threshold=0 874.00006103515636 4099.5148925781259 3.5000000000000004 1 2 129.52500152587893 3 4 5 122.60499954223634 11.500000000000002 33.500000000000007 10495.600585937502 6 2.5000000000000004 146.78499603271487 7 58.500000000000007 8 9 10 126.15500259399415 11 12 13 14 296.05499267578131 15 16
decision_type=9 2 2 2 9 1 10 1 1 1 8 10 10 2 9 10 10 1 8 1 9 1 8 1 9 9 1 8 9 1
left_child=1 3 23 5 -5 -1 7 10 17 11 -7 -10 13 14 -13 -16 -11 -8 -4 20 21 22 -12 -3 -9 26 27 -6 29 -28
right_child=-2 2 18 4 25 6 8 24 9 16 19 12 -14 -15 15 -17 -18 -19 -20 -21 -22 -23 -24 -25 -26 -27 28 -29 -30 -31
leaf_value=-0.0041521468305236826 0.037444216988337199 -0.017189069923385491 -0.011267796638483601 -0.043108081295944692 0.18605788396417147 0.0043322417751979758 0.003319305592768571 0.00083247649204687044 -0.010229538316082648 0.044914783494306228 0.52362952253000938 0.17314557518095319 -0.0047306799902934165 0.36179618135047492 -0.042743787126792866 0.42118928345723822 0.0032171097045333862 -0.018219332110416903 -0.075690049479109706 0.014548271771968227 0.035000546639394309 0.08014283407980223 0.13113044942908803 0.0099328930971559377 -0.033917261949201694 0.011419033153183773 0.2196990009010224 -0.042180929426006271 0.01220843358164425 -0.024357135150899569
leaf_weight=154094.50813018321 1749.3986257629003 2651.4506525800098 4519.2125620442675 611.80660112760961 241.69454577565193 90675.272412351798 92548.138448688667 2418.0763113433495 75333.102090593893 1240.1965374425054 28.735806282609701 300.51232131570578 3664.1980807064101 68.56489909812808 336.40631596837193 28.83671622350812 29338.26865587756 4626.7126012435183 518.99205399106722 7233.031050702557 1427.3891315325163 259.10082352347672 25.296969603747129 41456.62973977637 3945.3242355547845 4313.6026557253208 171.42580123757944 84.174746096134186 1373.7782509932294 127.3420902621001
leaf_count=1217885 12439 39156 75901 3656 716 492313 860709 4337 534267 4337 73 928 18380 43 2068 88 365957 26247 4797 32917 8266 1054 154 422256 8667 26438 1320 456 12152 1566
internal_value=-0.000120874 -0.000246368 0.0056145 -0.000853387 0.0169549 -0.00111708 0.000374877 0.0043043 -0.0016328 -0.00509003 0.00590515 -0.00892408 0.0134142 0.103956 0.0774012 -0.00595231 0.00490667 0.00229203 -0.017904 0.0217989 0.0515503 0.123573 0.286792 0.00830088 -0.0207644 0.0228088 0.0472144 0.123318 0.0317421 0.118256
internal_weight=525411 523662 49146.3 474515 6923.82 467592 313497 106012 207485 110310 99648.8 79731.6 4398.52 734.32 665.755 365.243 30578.5 97174.9 5038.2 8973.55 1740.52 313.134 54.0328 44108.1 6363.4 6312.02 1998.42 325.869 1672.55 298.768
internal_count=4179543 4167104 542110 3624994 46304 3578690 2360805 547781 1813024 926068 534777 555774 21507 3127 3084 2156 370294 886956 80698 42464 9547 1281 227 461412 13004 42648 16210 1172 15038 2886
cat_boundaries=0 1 2 3 4 5 6 7 8 9 10 11 12 13 14 15 16 17
cat_threshold=1 27 388 1 44 32 18 10 520 32 9 8 5 10 194 32 20
is_linear=0
shrinkage=0.08


Tree=98
num_leaves=31
num_cat=13
split_feature=31 45 32 32 47 38 42 3 36 3 3 11 19 19 6 36 3 34 34 1 3 35 36 35 3 3 45 11 37 32
split_gain=466.509 534.365 458.653 319.771 386.512 552.606 371.273 529.871 570.227 464.09 614.75 571.819 976.809 489.098 576.197 476.425 449.81 400.248 394.681 631.498 348.785 612.091 457.43 781.3 630.548 835.223 566.938 427.097 443.697 415.819
threshold=1.0000000180025095e-35 0 23.935000419616703 -2.5549999475479122 1 2 3 224.58499908447268 4 268.88999938964849 56.534999847412116 4.5000000000000009 317.27499389648443 88.049999237060561 236.80000305175784 5 753.59500122070324 6 7 1.0000000180025095e-35 279.36499023437506 8 9 10 639.97497558593761 552.10998535156261 11 1.0000000180025095e-35 12 10.515000343322756
decision_type=10 9 10 8 1 1 9 8 9 8 10 2 2 2 2 9 10 1 1 2 8 1 9 1 8 10 9 2 1 8
left_child=3 2 -2 -1 5 6 9 17 16 10 11 13 -13 14 18 -12 -9 -8 -5 -20 21 -11 23 24 25 -22 29 -24 -29 -25
right_child=1 -3 -4 4 -6 -7 7 8 -10 20 15 12 -14 -15 -16 -17 -18 -19 19 -21 22 -23 27 26 -26 -27 -28 28 -30 -31
leaf_value=0.0047720679955487906 -0.091626334125674933 0.018801793134616253 0.15619905367789721 0.080711980932133665 0.00047950415602132396 -0.0069485303534885766 -0.05561154400654697 0.039754060490982991 -0.025839616904924263 0.24267521747263343 -0.014401508271613728 0.45642340610409698 0.041644110170610635 -0.077022791687543557 0.28483721935556389 -0.07537798014933865 0.27471413292214303 0.040725730681755105 -0.03894780682014732 0.15608584916024204 0.12343101205930103 -0.042574591499510171 -0.047258174793515718 0.31924280787457693 -0.094574388715343113 0.42290179282287133 -0.026428129701783497 0.058865160434227501 -0.029446193144489218 -0.092015889364127523
leaf_weight=70323.199301056564 454.12738162325695 12003.507156027015 53.415530326776206 482.87867342680693 314357.10205676965 109325.61880872841 284.99898092076182 545.89910157769918 2238.6266465522349 106.75840609520674 5416.8629369903356 52.194561377167702 119.60775266587734 306.09837897866964 56.558466132730246 960.24163216724992 57.653263498097658 5040.660607079044 708.75727240368724 124.98815404251218 214.31140816956758 83.129279436543584 854.11575576663017 60.63043013215065 52.283830186352134 82.567062864080071 502.9468262437731 897.72570660989732 601.9355504065752 21.248965602368116
leaf_count=692125 2891 35848 182 2584 1074119 2208802 2663 4730 20184 539 49246 240 969 3173 246 9264 270 35184 5738 641 1583 988 7476 281 631 240 4598 10435 5949 241
internal_value=0.000131756 0.0153951 -0.0642779 -0.00023985 -0.00103446 -0.00471811 0.00755119 0.0206317 -0.00723522 -0.00158566 -0.0119427 0.0286442 0.167657 0.0144222 0.0348064 -0.0237239 0.0611845 0.0355424 0.0240658 -0.00959491 0.0229148 0.128336 0.0168261 0.0638462 0.157104 0.206719 0.006463 -0.00209398 0.0236148 0.189385
internal_weight=526391 12511.1 507.543 513880 443556 129199 19873.7 8167.84 2842.18 11705.8 8228.19 1851.08 171.802 1679.28 1373.18 6377.1 603.552 5325.66 1316.62 833.745 3477.65 189.888 3287.77 933.989 349.162 296.878 584.826 2353.78 1499.66 81.8794
internal_count=4182060 38921 3073 4143139 3451014 2376895 168093 63031 25184 105062 72101 13591 1209 12382 9209 58510 5000 37847 8963 6379 32961 1527 31434 7574 2454 1823 5120 23860 16384 522
cat_boundaries=0 1 2 3 4 5 6 7 8 9 10 11 12 13
cat_threshold=32 4 145 50 42 208 1 5 32 72 17 32 41
is_linear=0
shrinkage=0.08


Tree=99
num_leaves=31
num_cat=13
split_feature=44 3 3 45 38 34 47 19 38 40 19 12 18 12 3 32 38 35 42 7 7 42 3 32 3 43 18 13 43 3
split_gain=260.41 582.858 488.274 389.434 2061.5 466.158 807.062 677.61 545.439 630.218 525.681 610.327 726.81 667.812 512.884 430.481 413.077 416.866 575.736 1643.93 3403.61 390.783 915.386 3633.59 500.935 387.681 382.369 375.653 607.445 794.762
threshold=0 inf 1.0000000180025095e-35 1 2 3 4 119.62500000000001 5 6 40.324998855590827 129.02502441406253 324.52499389648443 37.600000381469734 78.599998474121108 -10.114999771118162 7 8 9 22.755000114440922 26.299987792968754 10 593.85998535156261 4.7349998950958261 296.05499267578131 11 335.00006103515631 250.00000762939456 12 326.52499389648443
decision_type=9 8 10 9 1 1 1 2 1 1 2 2 2 2 10 8 1 1 9 2 2 9 10 8 10 9 2 2 9 10
left_child=2 3 -1 15 -5 27 -7 8 -8 14 16 12 21 26 -10 -2 25 18 -18 -20 -21 24 -23 -24 -12 -11 -14 -6 -29 -30
right_child=1 -3 -4 4 5 6 7 -9 9 10 11 -13 13 -15 -16 -17 17 -19 19 20 -22 22 23 -25 -26 -27 -28 28 29 -31
leaf_value=-0.023191127687653652 0.016102468541264403 0.03302499346104279 0.0063973201248277191 -0.080095858011654641 0.0013434997254659384 0.0020143189357248428 -0.034339880990257109 -0.037134724231625393 0.071936582451953751 0.19042337780767393 0.23149985888876193 -0.011701367940254663 0.68103310230374858 1.4051129933129425 -0.074937758879600649 -0.0005808108859775079 -0.04556534773278411 -0.013702690106724874 0.080111688083894086 3.2511908703350794 -0.093522198486427843 -0.04671583143988315 2.7549377108768978 -0.083601200313528135 -0.086444702256182421 -0.062125230808001655 -0.084055673850793017 -0.003113257738898046 0.10250138219734006 -0.017190874048832953
leaf_weight=3795.2613774705678 10157.63050929294 3234.1772400764748 59986.840006920509 2367.0899265166372 8720.0447415127419 24516.180298822001 3464.4384921547025 8296.6837786677061 1192.6448035188951 31.136315865442157 176.50894955312833 465.41606386983767 9.2566090165637487 4.7974290843121699 174.41477346001193 388087.80649643508 273.58332886057906 4418.4037058516406 533.46957751177251 3.213698451407252 4.9407095185015351 171.2391814510338 3.776754932012409 12.24001746857539 38.660993760451674 1248.792545998469 7.62373731448315 1550.1686355934944 1183.5064301365055 507.20561729790643
leaf_count=7512 55170 4462 245636 15203 58572 33453 64964 265257 10441 175 1421 13205 13 140 3039 3252881 16247 71941 11710 64 207 4961 187 924 1264 14633 309 13917 6518 7296
internal_value=-0.000154256 -0.000817322 0.0046367 -0.0010565 -0.00709994 -0.0040555 -0.00778313 -0.019486 -0.00751773 0.00311336 -0.00612282 0.0515557 0.120975 0.572207 0.0528115 -0.000155284 -0.0140091 -0.00398183 0.0482326 0.0955786 1.22465 0.0966678 0.00700543 0.585726 0.166629 -0.054553 0.335493 0.00997834 0.0332424 0.0662027
internal_weight=524637 460855 63782.1 457621 59375.4 57008.3 45047.4 20531.2 12234.6 8770.12 7403.06 889.52 424.104 21.6778 1367.06 398245 6513.54 5233.61 815.207 541.624 8.15441 402.426 187.256 16.0168 215.17 1279.93 16.8803 11960.9 3240.88 1690.71
internal_count=4181722 3928574 253148 3924112 616061 600858 514555 481102 215845 150881 137401 22424 9219 462 13480 3308051 114977 100169 28228 11981 271 8757 6072 1111 2685 14808 322 86303 27731 13814
cat_boundaries=0 1 2 3 4 5 6 7 8 9 10 11 12 13
cat_threshold=1 13 129 5 2 268 4 64 1 42 48 32 42
is_linear=0
shrinkage=0.08


Tree=100
num_leaves=31
num_cat=14
split_feature=47 17 37 37 35 37 34 17 24 7 44 22 11 8 2 36 43 42 3 43 6 8 39 34 17 7 6 12 37 7
split_gain=261.746 609.046 582.231 456.036 440.718 415.133 553.674 763.609 748.132 594.236 915.182 700.353 719.95 409.517 391.828 462.544 944.623 701.968 611.113 577.532 522.056 622.725 613.617 585.505 488.8 487.831 551.892 484.807 474.662 781.983
threshold=0 34.500000000000007 1 2 3 4 5 103.50000000000001 6.5000000000000009 1605.0750122070315 6 1.0000000180025095e-35 34.500000000000007 12.500000000000002 inf 7 8 9 158.58499908447268 10 461.00001525878912 1.0000000180025095e-35 11 12 25.500000000000004 995.17495727539074 516.00003051757824 1027.0250244140627 13 659.54995727539074
decision_type=1 2 1 1 1 1 1 2 2 2 9 2 2 2 8 9 9 9 10 9 2 2 9 1 2 2 2 2 1 2
left_child=3 2 -2 -1 5 6 9 -8 -9 -3 -11 12 -12 -7 15 19 17 -17 28 -4 -20 22 27 24 25 26 -24 -22 29 -18
right_child=1 4 14 -5 -6 13 7 8 -10 10 11 -13 -14 -15 -16 16 18 -19 20 -21 21 -23 23 -25 -26 -27 -28 -29 -30 -31
leaf_value=0.011320935541799105 -0.016094757347279103 0.084454907374864899 -0.070716908375325668 0.00036392313356330987 -0.046412087853807876 -0.048012403428963055 -0.055405295978261035 0.11482236222593767 0.82859325613235979 1.1272228351785174 1.5697242213458298 0.027310075632294813 0.3092269929380892 0.2477464145471738 -0.019322135413401022 -0.09111295567454572 0.034564725619538925 0.15547762216722602 -0.020539202704959222 0.0019405862241937159 -0.024099396768178613 -0.031481904625198953 0.086345571041829883 -0.02664960904449485 0.14504125790466252 0.094937369385324558 -0.025094747872031233 0.14710615725593973 -2.3735452538166109e-05 0.28725847224310863
leaf_weight=27296.006325666793 16457.560138979927 227.80251621082425 692.6614053575322 221632.60452088807 3305.888066889951 697.13582980469801 343.7264755377546 47.979705435223877 11.687395533779634 8.7914290260523558 4.3199987432453772 31.189826130867004 8.8225701902993006 31.307953380397521 6938.9175919843838 87.869804579764605 1090.0166092291474 365.43584060296416 23811.217155669816 197239.19626627187 143.98817935585976 2019.9493488576263 377.01765020191669 1561.9374049846083 239.89690883085132 476.52965876273811 1157.9192224051803 399.70662888139486 17679.671154217795 84.449257900938392
leaf_count=34539 495685 4815 4915 314891 74372 26048 21769 1070 34 28 176 1065 117 432 35203 660 10223 1009 205890 2776884 1165 18638 2183 13418 1253 2603 8516 1741 121434 590
internal_value=-0.000314423 -0.00201311 -0.00151664 0.00156587 -0.0305072 0.00698947 0.0513583 -0.00931564 0.254633 0.135808 0.381582 0.233716 0.723556 -0.0348229 -0.000572781 -4.69926e-05 -0.00696318 0.106743 -0.00803573 0.00168276 -0.0150949 0.00523408 0.022256 0.0109197 0.0369386 0.0242294 0.00227769 0.101765 0.00326268 0.0522893
internal_weight=524471 275543 270824 248929 4718.65 1412.76 684.32 403.394 59.6671 280.926 53.1238 44.3324 13.1426 728.444 254366 247427 49495.6 453.306 49042.3 197932 30188.2 6376.95 4357 3813.3 2251.36 2011.47 1534.94 543.695 18854.1 1174.47
internal_count=4181366 3831936 3702010 349430 129926 55554 29074 22873 1104 6201 1386 1358 293 26480 3206325 3171122 389323 1669 387654 2781799 255407 49517 30879 27973 14555 13302 10699 2906 132247 10813
cat_boundaries=0 1 2 3 4 5 6 7 8 9 10 11 12 13 14
cat_threshold=2 18 18 17 11 26 1 129 2 40 2 2 7 65
is_linear=0
shrinkage=0.08


Tree=101
num_leaves=31
num_cat=12
split_feature=37 47 38 34 36 3 34 42 34 45 14 18 18 11 7 18 12 32 3 12 18 6 19 43 32 19 43 11 18 42
split_gain=367.167 397.447 668.678 626.249 555.07 629.437 561.245 531.186 532.594 619.185 490.189 934.055 2824 2202.85 1051.21 487.588 909.668 2349.31 1064.34 506.183 503.335 1298.98 584.2 550.306 670.631 537.688 478.186 677.826 893.079 730.421
threshold=0 1 2 3 4 291.83499145507818 5 6 7 8 1.5000000000000002 6399.8999023437509 5353.6748046875009 10.500000000000002 380.39997863769537 42.05999946594239 1.0000000180025095e-35 -4.0150001049041739 111.86500167846681 276.00001525878912 611.27499389648449 600.18493652343761 327.26499938964849 9 1.0549999475479128 337.51000976562506 10 7.5000000000000009 8604.1748046875018 11
decision_type=1 1 1 1 9 10 1 9 1 9 2 2 2 2 2 2 2 8 10 2 2 2 2 9 8 2 9 2 2 9
left_child=-1 -2 3 7 5 -4 26 8 15 10 -10 12 -12 14 -14 16 -3 -18 -19 -17 21 22 -21 24 -24 -25 27 28 29 -6
right_child=1 2 4 -5 6 -7 -8 -9 9 -11 11 -13 13 -15 -16 19 17 18 -20 20 -22 -23 23 25 -26 -27 -28 -29 -30 -31
leaf_value=0.0034167148893793453 0.0015995855304748721 0.044192409344750549 -0.0039270128417552485 -0.016136771729170676 -0.035001510060887829 -0.040706187548316564 -0.00092243374366870307 -0.01166435161234549 0.01218236546351642 -0.019203713642813466 0.0067676161062345374 0.04839829619064312 1.0125593091946739 -0.084088865084442938 2.4186218757311866 -0.027615190935442235 1.2734901317125511 0.61686109663988353 0.036785530561560191 -0.00086286552867229213 0.0095258501320433873 0.99511424921490188 0.42496540919669906 0.41134592324448066 0.0090759360823127206 0.043543902679457257 0.010842566712945876 -0.094287543269733529 0.53093238150079947 0.12023307753173949
leaf_weight=164885.88970715343 174560.44339390472 1911.1942429910414 10798.466791791841 41315.378998460597 271.75079797208309 4112.0532779209316 71975.779715895886 17002.299850508454 4783.2931488109753 6237.2186673551332 38.534454327309504 242.64991100714542 6.5047357021830994 6.0674670732114455 7.1364458813332021 1429.5173790000845 13.131277074106036 25.162597335875034 103.55930896569043 380.63519928976893 2102.3837884746026 9.8719107476063055 82.448829294648021 27.782431860454381 35.498681801371276 301.44135390408337 21640.743497569114 148.18454388901591 28.464728204533458 663.97385221160948
leaf_count=1255229 245037 30293 80119 966260 4254 39830 687512 284224 114784 162575 1573 8442 135 395 82 32756 116 153 2015 7598 61504 154 795 187 785 7427 179717 2851 131 6596
internal_value=0.000290047 -0.00114104 -0.00371731 -0.00948024 0.000281524 -0.0140606 0.00254025 -0.00156288 0.00811745 -0.00232599 0.0183764 0.117454 0.405153 1.18408 1.74815 0.0265015 0.0587001 0.254163 0.150179 0.0114336 0.0304199 0.0828593 0.0719803 0.133985 0.276364 0.0723833 0.0134895 0.0644287 0.0894898 0.0760611
internal_weight=525147 360262 185701 76061.7 109639 14910.5 94728.9 34746.3 17744 11321.4 5084.19 300.893 58.2431 19.7086 13.6412 6422.63 2053.05 141.853 128.722 4369.58 2940.06 837.678 827.806 447.171 117.948 329.224 22753.1 1112.37 964.189 935.725
internal_count=4183529 2928300 2683263 1682253 1001010 119949 881061 715993 431769 287986 125411 10627 2185 612 217 143783 32577 2284 2168 111206 78450 16946 16792 9194 1580 7614 193549 13832 10981 10850
cat_boundaries=0 1 2 3 4 5 6 7 8 9 10 11 12
cat_threshold=98 2 60 43 58 4 11 8 12 8 1 33
is_linear=0
shrinkage=0.08


Tree=102
num_leaves=31
num_cat=11
split_feature=21 3 45 26 27 37 43 3 42 9 37 34 42 18 18 18 12 12 34 19 35 19 41 1 44 15 12 12 2 32
split_gain=386.691 577.669 428.163 521.598 722.304 536.622 623.331 461.656 501.15 1059.39 500.781 615.127 520.019 603.619 487.604 527.275 816.123 1094.34 435.146 422.042 387.653 471.313 424.541 707.168 420.994 448.804 1225.93 332.15 344.424 736.264
threshold=1.0000000180025095e-35 93.854999542236342 0 7.5000000000000009 7.5000000000000009 1 2 194.37000274658206 3 1.0000000180025095e-35 4 5 6 2058.6999511718755 854.77502441406261 647.22500610351574 567.01501464843761 260.05000305175787 7 82.77500152587892 8 1.0000000180025095e-35 9 1.5000000000000002 10 1.0000000180025095e-35 2356.900024414063 781.05001831054699 1.5000000000000002 4.9149999618530282
decision_type=2 8 9 10 8 1 9 10 9 2 1 1 9 2 2 2 2 2 1 2 1 2 9 2 9 2 2 2 10 10
left_child=-1 -2 -3 7 -5 6 -6 8 9 14 11 12 13 -9 15 18 17 -17 19 -4 21 -12 23 -23 25 26 -22 -10 -29 -30
right_child=1 2 3 4 5 -7 -8 10 27 -11 20 -13 -14 -15 -16 16 -18 -19 -20 -21 24 22 -24 -25 -26 -27 -28 28 29 -31
leaf_value=-0.0003860749254611169 -0.025987950853870276 -0.011656793229572303 0.44325884520497022 0.65680917670846173 0.22691090108710651 0.00074379587987176605 -0.040892801864712523 -0.07724245590472234 -0.010582457277872898 -0.0013947636222759326 0.26406820899764649 -0.019410335776239632 0.082334845101638868 0.44105475477758233 0.093832275912171817 0.19889709447498713 0.010970813216097653 0.73258449843849127 -0.046298237283322718 0.10597588470252557 -0.056214097898883528 0.36874298852768361 -0.00046158245403355434 0.046148180780133087 -0.0017120858421614642 0.041757093497164645 0.69105846440995167 0.043558149293122808 -0.060096585312955919 0.54468650134022256
leaf_weight=504481.57811364683 2345.1630840315484 2881.4769066288136 39.457851709797978 14.348981161601841 210.83751224516891 281.68947547092102 77.056996015366167 17.882232562173158 1091.9589808573946 569.81908880686387 66.578702040016651 242.27571433852427 276.37125842878595 73.446239202283323 513.28675349755213 50.495539349969476 35.41749797668308 47.931464566849172 63.22504659043625 59.619239060673863 28.935367956757545 61.19409325812012 495.19075286621228 150.32133443001658 8465.6209703747882 150.38397343363613 27.312915613874793 736.40623965114355 24.551540656480938 27.106486245058477
leaf_count=3990361 17728 37102 103 46 816 2857 1783 211 6957 3098 215 3242 2311 326 2711 110 209 182 677 331 200 344 3480 780 102094 791 97 3538 177 35
internal_value=3.72284e-05 0.011203 0.0164007 0.02221 0.0962301 0.082108 0.156265 0.0189804 0.0451456 0.0815777 0.0104995 0.080155 0.144535 0.30606 0.140996 0.222741 0.340289 0.458789 0.125803 0.21827 0.00591019 0.0598123 0.0414157 0.133182 0.00104051 0.113863 0.306645 0.0178886 0.0575658 0.257251
internal_weight=523607 19125.4 16780.2 13898.7 583.933 569.584 287.895 13314.8 3259.28 1379.25 10055.5 609.975 367.7 91.3285 809.433 296.147 133.845 98.427 162.302 99.0771 9445.54 773.285 706.706 211.515 8672.25 206.632 56.2483 1880.02 788.064 51.658
internal_count=4182912 192551 174823 137721 5502 5456 2599 132219 18128 7421 114091 6090 2848 537 4323 1612 501 292 1111 434 108001 4819 4604 1124 103182 1088 297 10707 3750 212
cat_boundaries=0 1 2 3 4 5 6 7 8 9 10 11
cat_threshold=40 1 12 9 8 42 1 11 16 32 1
is_linear=0
shrinkage=0.08


Tree=103
num_leaves=31
num_cat=13
split_feature=34 1 1 32 3 3 6 34 37 7 38 3 42 38 38 4 4 19 45 3 38 37 6 37 42 4 4 9 4 38
split_gain=272.269 621.632 362.39 394.084 366.809 607.961 341.283 357.249 334.612 374.826 495.09 333.829 660.25 434.006 322.686 319.652 827.359 604.146 427.684 428.15 609.117 511.447 491.302 412.367 399.745 381.935 365.808 300.243 284.256 302.925
threshold=0 1.5000000000000002 1.0000000180025095e-35 -1.514999985694885 189.37500000000003 179.31999969482425 964.47500610351574 1 2 39.300001144409187 3 255.35500335693362 4 5 6 1.5000000000000002 2.5000000000000004 56.274999618530281 7 182.4049987792969 8 9 64.000007629394545 10 11 29.500000000000004 31.500000000000004 1.0000000180025095e-35 69.500000000000014 12
decision_type=1 2 2 8 10 10 2 1 1 2 1 10 9 1 1 10 10 2 9 10 1 1 2 1 9 10 10 2 10 1
left_child=2 8 3 4 5 -1 15 -8 9 28 -11 12 -6 -13 -5 18 17 -17 19 20 21 22 -7 -20 -23 -18 -27 -15 -2 -30
right_child=1 -3 -4 14 11 6 7 -9 -10 10 -12 13 -14 27 -16 16 25 -19 23 -21 -22 24 -24 -25 -26 26 -28 -29 29 -31
leaf_value=0.015755128492625708 -0.0036952368590527631 0.017068180841707956 -0.001532516267130182 0.010548748311858945 -0.031242697536003349 0.51147405280183023 0.33904120174415253 0.060353760374297009 -0.00054644031359924242 -0.046213772373413779 -0.010907748391874934 0.029398521253080706 0.022599921118519235 -0.0034507898409359607 0.00055754593428006532 0.53645178865958099 0.0028225721707757791 0.14785734157911953 0.15578903631311242 0.0071349641817703311 -0.00058587702381298192 0.34455306681120512 0.16730665807130016 -0.03477499628758466 -0.0029013838072596276 0.42600110918882145 0.098672302647021898 0.095177135227024576 0.080705547852474371 -0.02845855151143668
leaf_weight=8467.6659304255154 47259.916716736741 10935.793336895877 107280.81594628957 25968.495883740718 3562.6075816391967 65.441659608855844 48.781378857791424 91.448713866062462 176789.43742963637 2882.5301856901497 21215.958687657374 5895.9561933765654 2453.8082243534736 6434.6646070145071 101616.29749921267 43.859697878360748 266.20501189865172 61.521297033876181 73.108323996886611 275.40272342972457 137.7183660697192 18.200420018285513 44.661761755123734 573.27252761158161 93.950558205600828 28.164459191262722 97.470824224874377 203.79527667327784 500.34673426765949 236.46939803939313
leaf_count=48816 395952 72296 1005965 162213 31599 324 150 435 1217856 17165 321163 42442 15340 73812 759627 148 1339 199 410 2182 962 46 282 5025 1076 64 457 1652 2089 1568
internal_value=0.000238546 -0.00159959 0.00204891 0.00450376 0.0129325 0.0249695 0.0656238 0.185781 -0.0024199 -0.00701288 -0.0151546 0.00619284 -0.00929723 0.0136279 0.00259202 0.0561522 0.110599 0.309591 0.0350311 0.080941 0.139656 0.216826 0.340906 -0.0111763 0.0770763 0.0570823 0.172052 -0.000422357 -0.00292651 0.0463802
internal_weight=523624 259820 263803 156522 28937.7 10386.9 1919.21 140.23 248885 72095.2 24098.5 18550.8 6016.42 12534.4 127585 1778.98 497.221 105.381 1281.76 635.375 359.973 222.254 110.103 646.381 112.151 391.84 125.635 6638.46 47996.7 736.816
internal_count=4182654 2028089 2154565 1148600 226760 61915 13099 585 1955793 737937 338328 164845 46939 117906 921840 12514 2207 347 10307 4872 2690 1728 606 5435 1122 1860 521 75464 399609 3657
cat_boundaries=0 1 2 3 4 5 6 7 8 9 10 11 12 13
cat_threshold=28 16 1 657 40 778 521 36 360 36 8 16 331
is_linear=0
shrinkage=0.08


Tree=104
num_leaves=31
num_cat=14
split_feature=44 3 3 34 34 42 38 38 26 38 45 37 4 31 34 41 42 32 42 13 18 6 3 38 11 14 18 3 32 19
split_gain=307.059 611.468 591.112 560.71 517.333 326.223 307.321 262.155 261.794 261.278 1288.64 397.314 546.458 345.875 291.53 337.077 273.342 251.388 256.958 270.54 379.351 343.659 355.346 387.458 289.161 412.087 341.212 333.752 246.904 245.633
threshold=0 9.9749999046325701 inf 1 2 3 4 5 2.5000000000000004 6 7 8 1.5000000000000002 1.0000000180025095e-35 9 10 11 14.805000305175783 12 938.77499389648449 365.75500488281256 270.00001525878912 779.44500732421886 13 15.500000000000002 1.0000000180025095e-35 176.77500152587893 600.50000000000011 -8.8749999999999982 37.024999618530281
decision_type=9 10 8 1 1 9 1 1 8 1 9 1 8 10 1 9 9 10 9 2 2 2 10 1 2 2 2 10 10 2
left_child=1 3 8 7 29 6 -5 -1 -2 10 11 16 13 14 -13 -16 -10 18 19 20 21 22 23 -6 25 26 -21 -27 -14 -3
right_child=2 4 -4 5 17 -7 -8 -9 9 -11 -12 12 28 -15 15 -17 -18 -19 -20 24 -22 -23 -24 -25 -26 27 -28 -29 -30 -31
leaf_value=-0.019876220000781781 0.040045815868810362 0.011389481933974623 0.033826909163356796 -0.0051433140743851477 0.13313158911248019 0.0010225900907635851 -0.090068321047387809 -0.079775275398848752 0.061680573667036109 -0.0012312027679099893 -0.070160559948096543 -0.017608081092107451 0.013121652454489843 0.084624885491083768 0.093801272258754426 -0.092333489455565257 0.018841464660749044 0.039732517630574886 -0.0023023288514274136 0.40497937099073528 -0.041307914619365386 0.22006863437145988 0.12206745497298897 -0.015649434278133301 -0.027854457434940957 0.10266105155985047 -0.015180325154962423 0.38662353929788335 0.10500841896494548 0.028055184290178829
leaf_weight=995.41047364845872 1005.8123298764694 13147.116282377392 3191.2740436978638 601.40052823256701 122.15540712699294 12726.926650910638 500.20977173745632 911.77842066157609 1049.721406204626 435558.33955650043 1259.2564741028473 2483.931000797078 4781.6663514692336 174.84086441248655 62.603918794542551 662.86627575568855 10077.510098390281 1076.0161233386025 21761.482960868627 14.178967870771883 519.08434503246099 64.876398473978043 215.89859100803733 727.31134934723377 84.727558800019324 48.30434650182724 96.968608489260077 58.657961026765406 194.77910101786256 9938.8620347026736
leaf_count=3886 5271 36033 4435 1000 217 45840 1364 3665 1687 3858730 7427 9575 11585 218 38 3647 26960 7064 116892 9 4031 232 735 3004 1040 149 901 242 188 26699
internal_value=0.00023563 0.00544561 -0.000484049 -0.00823557 0.00994233 -0.00260676 -0.0441687 -0.0487792 -0.000723483 -0.000813348 0.00795569 0.0130367 -0.000147944 -0.0249495 -0.0309189 -0.0752141 0.0229346 0.00191213 0.000196817 0.0279245 0.0153061 0.0413071 0.0304212 0.00712865 0.0975694 0.146292 0.038419 0.258386 0.0167181 0.0185563
internal_weight=524114 63611.4 460503 15735.7 47875.6 13828.5 1101.61 1907.19 457311 456306 20747.2 19487.9 8360.69 3384.24 3209.4 725.47 11127.2 24789.7 23713.6 1952.16 1649.33 1130.24 1065.37 849.467 302.837 218.11 111.148 106.962 4976.45 23086
internal_count=4182764 253003 3929761 55755 197248 48204 2364 7551 3925326 3920055 61325 53898 25251 13478 13260 3685 28647 134516 127452 10560 8219 4188 3956 3221 2341 1301 910 391 11773 62732
cat_boundaries=0 1 2 3 4 5 6 7 8 9 10 11 12 13 14
cat_threshold=1 4 14 35 289 557 1 13 22 78 16 1 1 12
is_linear=0
shrinkage=0.08


Tree=105
num_leaves=31
num_cat=7
split_feature=31 3 2 38 44 44 3 2 9 20 1 43 22 17 3 10 3 0 37 19 19 38 22 4 32 4 17 3 37 4
split_gain=291.948 514.748 331.641 247.357 294.674 552.105 395.882 301.471 233.118 225.864 190.415 358.067 1073.71 564.336 1034.92 2713.2 727.146 458.132 677.87 663.486 939.157 368.116 311.252 300.135 413.995 388.906 273.059 251.325 256.892 363.128
threshold=1.0000000180025095e-35 35.385000228881843 inf 0 1 2 502.68000793457037 1.0000000180025095e-35 1.0000000180025095e-35 1.0000000180025095e-35 2.5000000000000004 3 1.5000000000000002 32.500000000000007 648.61999511718761 1.0000000180025095e-35 337.09500122070318 1.5000000000000002 4 166.05000305175784 43.014999389648445 5 1.5000000000000002 18.500000000000004 9.8649997711181658 34.500000000000007 12.500000000000002 333.49499511718756 6 69.500000000000014
decision_type=10 8 8 1 9 9 10 10 2 2 2 9 2 2 10 2 8 2 1 2 2 1 2 10 8 10 2 10 1 8
left_child=10 -2 3 -3 9 6 -6 -8 -7 -5 27 12 17 14 16 -16 -14 18 19 20 -12 -13 23 -23 25 26 -25 -1 29 -29
right_child=1 2 -4 4 5 8 7 -9 -10 -11 11 21 13 -15 15 -17 -18 -19 -20 -21 -22 22 -24 24 -26 -27 -28 28 -30 -31
leaf_value=0.0012556275440413045 -0.081751521958907905 0.034156594641764702 -0.058280434439298603 0.020275676571172678 0.0039050520458794309 -0.059573750398899422 0.045456590784413067 0.20215367062925549 0.074717105073047019 0.082368334847767455 0.22801661343685736 -0.0051006958339093293 0.52362955313938775 -0.056784919446108154 1.3161750834716253 0.0052107769036158257 -0.00076539845332528685 0.007664610827165538 -0.028549512486907524 -0.066261202819920317 0.89805413070542228 0.012886193535682194 -0.039858616927897987 0.14863198028106794 -0.0052223677923306519 -0.041699136359270132 0.0038257082593589138 0.0018791233507542545 -0.0064660601123140695 -0.054862219471755305
leaf_weight=370247.24338268978 355.63631425984204 4074.1795884054154 373.43238590471447 2351.5648253764957 3090.3975692195818 1106.7291892534122 278.87952556181699 109.40524082910269 89.413933681324124 446.04326993972063 35.847942741587758 12597.505642932141 24.285288408398628 31.250322956591845 20.025666713016108 20.392436683177948 55.825499466620386 1330.5132217735518 77.417683133855462 19.103105574846268 21.36870757676661 11900.574762526434 656.97039341880009 461.69397285301238 425.28386996500194 110.42062254715711 101.6997606982477 52212.579103610711 62964.076861104462 731.95839960919693
leaf_count=2432968 1648 10148 1201 3613 9149 10545 1377 233 328 613 197 106569 32 940 158 263 708 17772 699 282 76 108594 10272 1622 2072 692 591 685316 772141 4298
internal_value=0.000897852 0.0130904 0.0159201 0.0183198 0.00962653 -0.00265026 0.0134711 0.0896084 -0.0495353 0.0301756 0.000606687 0.00703508 0.0432333 0.246165 0.324713 0.654745 0.158203 0.0227728 0.153526 0.302345 0.478256 0.0047611 0.0138551 0.0165804 0.0565792 0.0955859 0.122493 0.000237898 -0.00301304 0.00109447
internal_weight=526322 12275.7 11920 11546.6 7472.43 4674.83 3478.68 388.285 1196.14 2797.61 514046 27890.2 1636.03 151.779 120.529 40.4181 80.1108 1484.25 153.737 76.3198 57.2167 26254.1 13656.6 12999.7 1099.1 673.814 563.394 486156 115909 52944.5
internal_count=4185117 38855 37207 36006 25858 21632 10759 1610 10873 4226 4146262 251539 21127 2101 1161 421 740 19026 1254 555 273 230412 123843 113571 4977 2905 2213 3894723 1461755 689614
cat_boundaries=0 1 2 3 4 5 6 7
cat_threshold=393 1 2 34 40 329 114
is_linear=0
shrinkage=0.08


Tree=106
num_leaves=31
num_cat=15
split_feature=37 6 6 47 34 11 43 7 19 38 1 4 35 42 47 36 6 34 4 19 32 22 45 14 41 19 47 36 39 19
split_gain=202.043 226.309 369.447 509.767 501.134 224.894 219.392 476.81 533.447 290.972 271.532 317.567 226.068 426.23 658.674 570.975 779.059 583.126 518.862 474.834 646.342 310.652 227.562 279.796 296.573 284.672 287.971 223.747 223.331 217.958
threshold=0 3291.8251953125005 5317.2246093750009 1 2 24.500000000000004 3 4543.4650878906259 6717.4001464843759 4 4.5000000000000009 14.500000000000002 5 6 7 8 212.00000762939456 9 11.500000000000002 100.00500106811525 2.7949999570846562 2.5000000000000004 10 1.5000000000000002 11 181.02500152587893 12 13 14 591.82498168945324
decision_type=1 2 2 1 1 2 9 2 2 1 2 10 1 9 1 9 2 1 8 2 8 2 9 2 9 2 1 9 9 2
left_child=1 6 3 -3 5 -5 7 12 -9 -8 -11 -12 13 14 -1 -16 17 18 -17 28 -21 29 23 24 25 26 -15 -23 -19 -14
right_child=-2 2 -4 4 -6 -7 9 8 -10 10 11 -13 21 22 15 16 -18 19 -20 20 -22 27 -24 -25 -26 -27 -28 -29 -30 -31
leaf_value=0.0020802066482297861 -0.00037468164231246675 -0.011569976012548576 0.0078296832268122587 0.22826710142353648 -0.032987169956184462 0.53317216691426028 0.06388975919392445 0.54814978689878258 0.0032323545028074387 -0.0058924131386751885 0.04274619634158535 0.4059293329109977 0.012121821141104666 0.4270081686249752 -0.045761220235212521 0.010269911594023431 0.076332724903731733 0.19802447287319716 0.63582775538677061 0.23181302827819525 0.99939005995886165 0.29984111686873594 -0.021503387779872114 0.29892840719992175 0.0016155246025871303 0.032866434310319485 0.064204010683715368 -0.024269702032574579 0.47162637962918669 -0.032866370698021757
leaf_weight=346.42400060221553 506828.89384389145 138.62314007803798 610.82719997153617 152.41173990722746 58.396704870974645 17.232534665148705 405.51795460097492 22.888445838820189 23.103269991464913 8841.3840250270441 53.973573993891478 21.56519091129303 3274.8042665002868 34.300008913502097 81.703473237343132 62.793976870365441 177.69304247852415 33.740732304751873 9.8118297141045314 10.926637672819195 19.642296778038148 28.72544682957232 708.11612987983972 26.77075581625104 434.35526271956041 62.604307807050645 23.660301886498928 26.75183491455391 43.984151879325509 872.93284673476592
leaf_count=482 4065700 221 4308 1043 1007 200 1364 78 175 65167 386 17 19127 245 1460 790 1741 245 11 171 200 76 5456 147 2933 589 14 348 58 8706
internal_value=-8.99449e-05 0.00858524 0.0459349 0.109415 0.18296 0.244809 0.00625761 0.017742 0.274418 -0.0015525 -0.00459688 0.14643 0.0158904 0.0374123 0.0835429 0.149535 0.19001 0.312175 0.0833298 0.419201 0.725025 0.00515663 0.00884864 0.0455364 0.0341327 0.139571 0.278906 0.193224 0.352855 0.00265361
internal_weight=523455 16625.7 977.491 366.664 228.041 169.644 15648.2 6325.73 45.9917 9322.44 8916.92 75.5388 6279.74 2076.53 786.72 440.296 358.593 180.9 72.6058 108.294 30.5689 4203.21 1289.81 581.691 554.92 120.565 57.9603 55.4773 77.7249 4147.74
internal_count=4182465 116765 6779 2471 2250 1243 109986 43052 253 66934 65570 403 42799 14542 5158 4676 3216 1475 801 674 371 28257 9384 3928 3781 848 259 424 303 27833
cat_boundaries=0 1 2 3 4 5 6 7 8 9 10 11 12 13 14 15
cat_threshold=66 2 84 41 193 8 33 2 72 4 11 32 4 64 1
is_linear=0
shrinkage=0.08


Tree=107
num_leaves=31
num_cat=19
split_feature=48 38 11 34 44 6 36 38 42 47 36 21 18 4 3 38 42 3 6 11 35 17 3 34 38 41 42 41 45 42
split_gain=301.016 219.521 364.937 259.24 246.479 217.159 239.645 374.542 304.257 229.64 505.447 604.476 436.455 740.696 632.916 596.546 689.014 474.948 635.102 448.443 430.402 479.233 585.789 497.814 636.201 622.538 536.872 429.946 420.753 625.967
threshold=0 1 1.0000000180025095e-35 2 3 488.90000915527349 4 5 6 7 8 1.0000000180025095e-35 517.30999755859386 19.500000000000004 411.33499145507818 9 10 303.05499267578131 135.00003051757815 1.0000000180025095e-35 11 3.5000000000000004 51.764999389648445 12 13 14 15 16 17 18
decision_type=9 1 2 1 9 2 9 1 9 1 9 2 2 10 8 1 9 10 2 2 1 2 8 1 1 9 9 9 9 9
left_child=5 2 3 4 -2 9 7 -7 -9 -1 11 27 19 15 17 20 -17 18 -15 -12 21 -14 -23 24 25 -24 -27 -11 29 -26
right_child=1 -3 -4 -5 -6 6 -8 8 -10 10 12 -13 13 14 -16 16 -18 -19 -20 -21 -22 22 23 -25 28 26 -28 -29 -30 -31
leaf_value=0.0011230501225352684 0.24560283777093678 -0.0014127634452984691 0.026927955632731246 0.028495146719445624 0.0034109755713405232 0.20663413463891686 0.0033969528233519473 0.17317679680288997 -0.0040597180823604816 -0.0018030574392502547 -0.0032000980388075988 0.084242094589906016 0.076655436633041515 0.070459147792841834 -0.022097305882430588 0.01461449734119482 -0.020480062859496464 0.10505120584082027 -0.081430470286658507 0.0049755446076628603 -0.028299350021328853 0.59335269143127711 -0.048913924442872042 -0.024187064847011493 0.25959005777039079 0.21444926111987589 0.040851392659495139 -0.032051944451203733 -0.040196656880075746 -0.051173008530086286
leaf_weight=212223.66221066751 143.6208592816256 715.83420267188922 746.53949149814434 119.72113554319367 33.088992290198803 80.854942630976439 79465.421431623166 64.784534837119281 367.3147474178113 4844.0333507293835 107736.79066315619 361.66575196944177 444.78883430128917 509.84514167718589 865.58867099625058 8658.79473659629 6089.6396444831043 825.73495175875723 269.21568456012756 71390.582507875515 14844.182745476253 10.299889966845511 156.39003896992654 4388.6839678704273 72.433546263724566 251.37466484680772 232.71465544588864 7958.9316197051667 742.50865098647773 82.564763945993036
leaf_count=299012 613 3516 7754 512 109 68 838702 108 1832 42991 1149484 3134 6832 3373 11590 71291 49268 5520 3073 1020797 416705 124 3278 123030 461 2995 3789 83716 26861 2119
internal_value=2.75982e-05 0.0330681 0.0562084 0.131845 0.189527 -8.35272e-05 0.0037531 0.0577352 0.0258294 -0.000776247 -0.00252315 -0.017739 -0.0016016 -0.00933597 0.0330387 -0.0122459 0.000119869 0.0627777 0.0179715 5.82755e-05 -0.0208282 -0.00343293 -0.00943881 -0.0104864 0.0285802 0.0889007 0.133512 -0.0206336 -0.0149709 0.100984
internal_weight=524698 1758.8 1042.97 296.431 176.71 522939 79978.4 512.954 432.099 442960 230737 13164.6 217572 38444.8 2470.38 35974.4 14748.4 1604.8 779.061 179127 21225.9 6381.76 5936.97 5926.67 1537.99 640.479 484.089 12803 897.507 154.998
internal_count=4182657 12504 8988 1234 722 4170153 840710 2008 1940 3329443 3030431 129841 2900590 730309 23556 706753 120559 11966 6446 2170281 586194 169489 162657 162533 39503 10062 6784 126707 29441 2580
cat_boundaries=0 1 2 3 4 5 6 7 8 9 10 11 12 13 14 15 16 17 18 19
cat_threshold=1 436 112 2 1 512 2 2 57 300 41 8 18 256 5 11 49 8 16
is_linear=0
shrinkage=0.08


Tree=108
num_leaves=31
num_cat=17
split_feature=49 38 4 33 42 36 34 45 19 38 34 19 12 45 36 45 43 34 11 38 4 23 43 42 19 12 12 43 4 4
split_gain=270.698 183.448 184.317 170.46 394.016 554.753 591.311 466.818 415.638 341.925 585.16 505.699 366.531 359.356 321.44 308.315 467.944 311.875 291.837 282.154 319.458 277.16 259.758 259.338 242.284 421.743 233.763 334.316 216.74 215.48
threshold=0 1 inf 1.0000000180025095e-35 2 3 4 5 703.52499389648449 6 7 1546.3999633789065 151.81000518798831 8 9 10 11 12 5.5000000000000009 13 59.500000000000007 1.5000000000000002 14 15 2124.7500000000005 2092.400024414063 3952.244995117188 16 1.0000000180025095e-35 67.500000000000014
decision_type=9 1 8 2 9 9 1 9 2 1 1 2 2 9 9 9 9 1 2 1 10 2 9 9 2 2 2 9 8 10
left_child=1 -1 -3 -2 7 6 18 9 15 10 -5 12 -12 21 23 16 -7 -18 -6 -17 28 22 24 -8 -11 -26 29 -28 -21 -10
right_child=3 2 -4 4 5 8 14 -9 26 13 11 -13 -14 -15 -16 19 17 -19 -20 20 -22 -23 -24 -25 25 -27 27 -29 -30 -31
leaf_value=-0.083986342492745822 0.00022465637976893689 0.10261975160219838 0.34893669152020373 -0.063251482106487525 0.031673811351011966 -0.038139122542890126 0.20019181857644033 -0.074655143422880516 -0.094820420195248542 -0.055635799253332049 0.16859955142105648 0.28957500168074163 -0.001977746147755977 -0.098053989376244308 -0.064086022507864798 -0.09489935028332229 0.087911565974414962 -0.02027851246176433 0.26029133654499292 0.026909288596364406 0.36475240700113171 -0.049120787910963512 0.075769544584502871 -0.082214828686302879 0.31246543461457643 -0.091822081245952994 -0.082388552425102624 0.052658591468783843 -0.088305098686654246 0.30527878725127033
leaf_weight=25.311602517962456 517543.58086541377 112.51329941535369 23.504284886643291 104.81595200579613 48.933519665151834 443.27636312879622 62.25823731161654 200.01799789210781 580.69859179179184 208.46082692127675 191.92990125343204 118.44040677463636 139.01469954196364 117.91758942650631 166.51963980775326 291.36447255127132 692.00343792652711 226.57411406654865 132.49611987546086 344.52638026047498 15.162977395579217 182.67901949491352 954.65669119777158 26.4560890449211 34.694010739214718 31.513889376539737 214.86003272840753 236.00444817380048 149.9912168784067 8.7446669247001392
leaf_count=210 4125643 574 74 1266 274 3581 101 4795 8898 3179 421 483 1192 1842 2078 2522 2775 1659 191 3385 46 2754 6508 289 276 867 3650 1676 1374 33
internal_value=0.00041104 0.104023 0.135241 0.000379107 0.0138725 -0.00251629 0.0810304 0.0398254 -0.0141222 0.0511164 0.104784 0.144501 0.0969478 0.0311214 0.000587539 0.00581936 0.0288874 0.0612947 0.188255 -0.0333429 0.0029955 0.0425226 0.0564869 0.116176 -0.012825 0.120031 -0.0557183 -0.0123577 -0.00803617 -0.0888848
internal_weight=523629 161.329 136.018 523468 5924.01 3639.87 436.664 2284.14 3203.21 2084.12 554.201 449.385 330.945 1529.92 255.234 2162.9 1361.85 918.578 181.43 801.045 509.681 1412 1229.33 88.7143 274.669 66.2079 1040.31 450.864 494.518 589.443
internal_count=4182616 858 648 4181758 56115 32532 2933 23583 29599 18788 3362 2096 1613 15426 2468 15342 8015 4434 465 7327 4805 13584 10830 390 4322 1143 14257 5326 4759 8931
cat_boundaries=0 1 2 3 4 5 6 7 8 9 10 11 12 13 14 15 16 17
cat_threshold=2 69 10 112 2 13 272 20 5 48 11 11 78 401 38 32 41
is_linear=0
shrinkage=0.08


Tree=109
num_leaves=31
num_cat=16
split_feature=33 2 36 45 38 3 38 3 37 6 1 38 12 3 3 3 41 0 44 3 3 46 38 12 37 34 42 38 37 38
split_gain=251.568 418.744 401.749 497.978 405.828 379.517 407.425 306.517 280.196 275.633 303.35 292.249 479.623 242.27 238.171 312.977 243.488 232.413 229.024 555.495 506.769 850.405 726.858 350.962 366.303 349.962 495.006 340.67 310.752 284
threshold=1.0000000180025095e-35 2.5000000000000004 0 1 2 273.98500061035162 3 182.4049987792969 4 1364.7099609375002 1.0000000180025095e-35 5 1665.0742187500002 174.44499969482425 611.40499877929699 606.68499755859386 6 1.5000000000000002 7 inf 18.605000495910648 8 9 253.00000762939456 10 11 12 13 14 15
decision_type=2 8 9 9 1 8 1 10 1 2 2 1 2 10 10 10 9 2 9 8 10 1 1 2 1 1 9 1 1 1
left_child=18 2 5 4 9 6 7 13 -7 10 14 -11 -13 -2 15 16 -4 -8 20 -20 21 22 -1 24 27 26 -22 -24 -25 -27
right_child=1 -3 3 -5 -6 8 17 -9 -10 11 -12 12 -14 -15 -16 -17 -18 -19 19 -21 25 -23 23 28 -26 29 -28 -29 -30 -31
leaf_value=-0.079388872496729115 -0.099137533464203537 -0.067238212112798443 -0.029386580557132724 -0.068737132042612559 -0.015428544331851401 0.04512586046746981 0.08800143958176726 0.30889278991461649 -0.089153754040209976 0.1166049373423618 -0.028142684563639674 0.34196907482880134 -0.032453888348643121 0.24782550119173066 -0.092639851262340228 0.43267947653228783 0.06248251034308841 -0.07648029891465967 -0.0013738880176172846 0.032631224253441116 0.04025708414035041 -0.039396279276820774 0.14018387337953692 0.022571657218858988 0.0064749276817560857 0.0067652381397447694 -0.0065505869861597092 0.011366400231594099 -0.063719164246815549 0.022744267962787584
leaf_weight=664.83713454194367 26.382391575723886 363.37400453677401 221.28630390996113 448.16469177417457 1396.4016092880629 429.29439527262002 395.54666580073535 103.82384876161814 118.97126471903175 465.18202240113169 545.08401117683388 24.404346988536417 212.98496892419644 25.165987618267536 78.639428082387894 13.58927613403648 1045.7957492654677 63.855923579074442 451350.4906891461 3095.5653907041997 1618.5633312594146 4035.2174186706543 251.30926351435483 393.29330770578235 13144.249486845918 15905.648239460774 12887.264969585463 282.03190527670085 811.49328634701669 12918.998065187596
leaf_count=2644 246 3102 1899 9021 9396 3438 1747 162 1462 2384 6892 120 5102 25 2284 202 8794 565 3871210 4386 9146 9018 662 2107 55804 60294 77720 897 3459 29007
internal_value=-0.000327441 0.0159898 0.0213763 0.0103276 0.0193278 0.0630344 0.106733 0.215827 0.0151847 0.0379327 0.0222783 0.0809055 0.00579387 0.0702503 0.0424971 0.0507951 0.0466995 0.0637512 -0.000515982 -0.00114225 0.00400784 -0.00667259 0.00182072 0.00549823 0.00914807 0.00883467 -0.00130364 0.0735278 -0.0358917 0.0139323
internal_weight=523337 5977.95 5614.57 4451.53 4003.37 1163.04 614.775 155.372 548.266 2606.97 1904.39 702.571 237.389 51.5484 1359.31 1280.67 1267.08 459.403 517359 454446 62912.9 19582.4 15547.2 14882.4 13677.6 43330.5 14505.8 533.341 1204.79 28824.6
internal_count=4183195 56841 53739 46094 37073 7645 2745 433 4900 27677 20071 7606 5222 271 13179 10895 10693 2312 4126354 3875596 250758 74591 65573 62929 57363 176167 86866 1559 5566 89301
cat_boundaries=0 1 2 3 4 5 6 7 8 9 10 11 12 13 14 15 16
cat_threshold=106 13 932 64 43 388 18 1 1 129 4 96 1 272 24 108
is_linear=0
shrinkage=0.08


Tree=110
num_leaves=31
num_cat=20
split_feature=36 38 42 33 2 37 32 19 43 34 38 4 17 26 38 32 38 37 38 3 38 42 34 34 10 40 43 42 38 34
split_gain=199.075 369.948 324.493 328.754 287.623 263.317 958.326 2449.81 244.796 360.001 467.189 412.594 347.807 260.387 260.104 244.589 244.057 242.912 371.643 428.008 753.902 866.911 485.815 477.98 446.07 390.36 366.518 310.022 309.21 294.91
threshold=0 1 2 1.0000000180025095e-35 1.0000000180025095e-35 3 2.4150000810623173 106.77500152587892 4 5 6 55.500000000000007 29.500000000000004 9.7500000000000018 7 -16.980000495910641 8 9 10 51.764999389648445 11 12 13 14 1.0000000180025095e-35 15 16 17 18 19
decision_type=9 1 9 2 8 1 10 2 9 1 1 8 2 10 1 8 1 1 1 8 1 9 1 1 2 1 9 9 1 1
left_child=17 -2 3 4 -3 6 -6 -8 9 10 11 12 13 -4 -14 -7 -5 18 25 20 23 -22 28 -20 -25 -1 -27 29 -23 -28
right_child=1 2 8 16 5 15 7 -9 -10 -11 -12 -13 14 -15 -16 -17 -18 -19 19 -21 21 22 -24 24 -26 26 27 -29 -30 -31
leaf_value=-0.067091676817562299 0.011612369654819711 -0.017588918010086448 0.03635089222800357 0.11327619635499829 -0.002036223320005171 0.069222740221598619 2.3122456600837102 -0.043340850627615952 -0.006177474823244147 0.00075693670996250376 -0.0053613384970984737 0.23163132606460735 0.29650120441708433 0.28354979400516306 -0.010715741184918614 -0.0038072472827887388 -0.049100580203271946 -0.0004269666174567289 0.0443116019846201 0.0027151427438925953 0.026893094845477347 0.015535552457532093 -0.044265890760727122 -0.005243384632054952 0.27005568023124515 -0.025474292818974741 0.041240787850486314 0.028755562673026876 -0.03429467545568423 -0.036644586593054591
leaf_weight=758.21952534466982 9239.8369066212326 21178.490196516272 1723.1343847820535 215.1601715516299 36.153513581492007 305.34693906735629 4.4558436535298807 7.7232481390237808 25144.551981674973 15496.540543156676 1403.4784339517355 81.652263944968581 49.645705902948976 27.709845896810293 33.121263384819031 7567.2433565938845 77.424062474165112 307184.99594782991 6420.4656434040517 106056.9244467516 5017.0984980827197 2668.7462833654135 2577.7859223913401 2015.6356822419912 38.385416140779853 3626.5988263357431 408.94695121981204 2283.442029193975 1124.532034015283 1213.4545596987009
leaf_count=3068 25646 118331 7679 848 570 689 57 211 148913 70457 7110 66 197 39 163 37094 1117 2672546 32948 969775 24529 9453 12317 9267 157 14435 1005 5252 4112 4118
internal_value=0.000139014 -0.00346557 -0.0053662 -0.0118724 -0.0127248 0.000280427 0.169625 0.818474 -0.00101437 0.00588518 0.0297568 0.055385 0.0478387 0.0402632 0.20809 -0.000973464 0.0725012 0.000813546 0.00365269 0.00473322 0.0155112 0.00204866 -0.0175274 0.0335603 -9.81354e-05 -0.0127444 -0.00719208 0.00980477 0.000711858 -0.0168802
internal_weight=523987 82591.7 73351.8 29392 29099.4 7920.92 48.3326 12.1791 43959.8 18815.3 3318.74 1915.26 1833.61 1750.84 82.767 7872.59 292.584 441395 134210 125920 19862.6 11388.2 6371.06 8474.49 2054.02 8290.66 7532.44 3905.84 3793.28 1622.4
internal_count=4182169 419187 393541 158917 156952 38621 838 268 234624 85711 15254 8144 8078 7718 360 37783 1965 3762982 1090436 1062558 92783 50411 25882 42372 9424 27878 24810 10375 13565 5123
cat_boundaries=0 1 2 3 4 5 6 7 8 9 10 11 12 13 14 15 16 17 18 19 20
cat_threshold=131 129 35 16 10 8 278 260 82 98 129 556 34 113 60 1 11 35 320 33
is_linear=0
shrinkage=0.08


Tree=111
num_leaves=31
num_cat=10
split_feature=47 6 35 32 18 32 23 43 2 36 17 2 10 38 42 6 18 3 39 17 24 7 13 7 6 17 36 35 17 38
split_gain=271.098 414.804 392.412 428.365 292.683 291.178 712.227 315.481 366.167 309.424 388.413 294.758 286.294 404.646 915.189 368.708 606.003 330.324 885.193 607.696 471.498 352.544 1038.03 628.449 598.606 866.089 329.837 415.969 687.892 635.555
threshold=0 9042.6748046875018 1 39.129999160766609 4307.9550781250009 31.435000419616703 9.5000000000000018 2 2.5000000000000004 3 1.0000000180025095e-35 1.5000000000000002 1.0000000180025095e-35 4 5 102.46496582031251 108.02500152587892 73.155002593994155 6 7.5000000000000009 8.5000000000000018 192.05000305175784 8413.7949218750018 132.00000762939456 2780.8200683593755 6.5000000000000009 7 8 18.500000000000004 9
decision_type=1 2 1 8 2 10 2 9 8 9 2 8 2 1 9 2 2 8 9 2 2 2 2 2 2 2 9 1 2 1
left_child=1 5 4 -4 -2 7 11 9 12 10 -1 -7 -9 15 26 -14 -17 18 19 -18 -20 22 23 -19 -25 -26 27 28 29 -15
right_child=2 -3 3 -5 -6 6 -8 8 -10 -11 -12 -13 13 14 -16 16 17 21 20 -21 -22 -23 -24 24 25 -27 -28 -29 -30 -31
leaf_value=0.15028818218941614 -0.0014242038845401629 -0.035538298143646667 0.0085305536372842043 -0.0018535729532955956 0.01056848743966639 0.028590841239618744 0.41725156334613644 -0.0035091286580160815 -0.021047373167024902 0.014340072601967792 -0.093754288459818744 -0.037012099993056012 -0.062518955330806827 -0.038075492674829028 -0.010823749153936846 0.436449855735007 0.086979081316661239 -0.039698840665506573 -0.014390399216237477 0.7082226545035557 0.37150886856161064 -0.015288931672342878 0.78451469254105821 0.10901445306617212 1.1570269256722938 -0.087572538862809315 -0.020140014559481376 0.045060375511880683 -0.086777004106329367 0.21425491888038067
leaf_weight=249.97725853137672 239964.79699458112 2468.0380202577217 72967.98648176319 39020.791806192603 13771.449599943589 2657.8100551881362 28.821982103865594 132189.74327852845 7111.5916729953606 1026.9972308743745 50.105256421491504 524.89264130266383 675.47701943852007 81.763218373060226 2919.5564346835017 20.359279104974121 18.333530870266259 269.8513120058924 206.08870028145611 22.37716388842091 22.473014442250133 3586.5742591695162 12.266768705099819 175.94694713363424 8.6114823711104673 6.1224174823146305 392.30864312406629 2783.4685029934626 80.41997304209508 333.7262692169752
leaf_count=835 934421 65559 169556 81927 52920 42732 123 2496024 103567 7076 796 6969 13823 2253 37527 160 118 7440 2628 127 10 98708 15 3782 32 260 4686 41182 2372 4662
internal_value=-0.000228428 -0.00299847 0.000967705 0.00491192 -0.000773274 -0.00248187 0.0213567 -0.00298473 -0.0033271 0.0357059 0.106007 0.0177716 -0.00245101 0.00959059 0.0226073 -0.00751504 0.00101076 -0.00103728 0.0847687 0.428454 0.0235526 -0.00672909 0.0582044 0.0388584 0.150032 0.639855 0.0491472 0.057472 0.124869 0.16884
internal_weight=523649 157924 365725 111989 253736 155456 3211.52 152244 150917 1327.08 300.083 3182.7 143805 11615.7 6591.24 5024.48 4349 4328.65 269.272 40.7107 228.562 4059.37 472.799 460.532 190.681 14.7339 3671.69 3279.38 495.909 415.489
internal_count=4182290 2943466 1238824 251483 987341 2877907 49824 2828083 2819376 8707 1631 49701 2715809 219785 92682 127103 113280 113120 2883 245 2638 110237 11529 11514 4074 292 55155 50469 9287 6915
cat_boundaries=0 1 2 3 4 5 6 7 8 9 10
cat_threshold=4 32 2 42 58 40 1 170 1 5
is_linear=0
shrinkage=0.08


Tree=112
num_leaves=31
num_cat=18
split_feature=44 35 19 37 38 42 34 45 36 34 41 38 34 17 19 17 32 42 37 45 34 19 34 19 32 5 19 42 2 1
split_gain=383.756 505.141 524.335 345.783 368.043 348.941 392.424 437.071 332.954 353.239 328.955 400.812 321.787 331.758 327.548 310.538 289.239 277.114 273.717 630.888 601.247 453.797 450.25 694.003 519.575 747.014 336.874 316.767 269.104 265.224
threshold=0 1 56.274999618530281 2 3 4 5 6 7 8 9 10 11 8.5000000000000018 4509.0500488281259 17.500000000000004 -7.9249999523162833 12 13 14 15 212.504997253418 16 408.22500610351568 1.1749999523162844 2.5000000000000004 307.07499694824224 17 1.0000000180025095e-35 1.0000000180025095e-35
decision_type=9 1 2 1 1 9 1 9 9 1 9 1 1 2 2 2 8 9 1 9 1 2 1 2 8 2 2 9 8 2
left_child=1 2 8 4 5 6 7 -3 28 10 -10 -12 13 -5 -14 -16 29 -6 19 22 21 -21 23 24 25 26 -4 -24 -1 -2
right_child=16 3 18 12 17 -7 -8 -9 9 -11 11 -13 14 -15 15 -17 -18 -19 -20 20 -22 -23 27 -25 -26 -27 -28 -29 -30 -31
leaf_value=0.05932947946106757 0.019084688736303829 0.10238699274240466 0.13025211088429495 0.030950289335822809 -0.0050487783973885252 0.033606855370357597 0.063713262655230418 0.43124542520698778 -0.023332395306993391 -0.015583730499555803 -0.03013210143706303 0.011779816254359976 -0.016284003093247325 -0.046224578278673427 0.16833146185274175 -0.10744091234697009 -0.0012369101739269602 0.023890068158075359 0.010365116762933443 0.34564918614525442 -0.039414766306261811 0.030952542581318916 0.11827252198756551 0.032871407815475699 0.14726099533556078 0.76897326284826995 0.49992328918813417 -0.0079689381055591188 -0.043192292306904238 -0.0022957145931916602
leaf_weight=856.37356543727219 8728.642405232531 102.8323393650353 45.649015691131353 2811.4285526908934 2841.3457034993917 2248.0011399034411 481.91929969284683 39.830873396247625 2778.0433715069667 13730.408466132358 1648.9068600330502 12225.00151374843 4232.1908785402775 408.25937009975314 113.69049919303507 33.933172034099698 444055.23692186293 8320.7670784723014 8971.4850601786748 49.844009900465608 647.65398369729519 71.243046533316374 196.03074485622346 163.87902861088514 134.01563223078847 24.830099899321795 24.108992248773575 336.46342995855957 202.62924495339394 6462.6015209350735
leaf_count=1477 67922 228 331 12799 10806 5434 1082 156 9545 46229 4760 47549 27514 4192 325 611 3808840 34305 33090 178 7972 361 382 1004 446 91 71 1865 470 52941
internal_value=-5.82263e-05 0.0057586 0.000651647 0.0156907 0.0231329 0.0486605 0.101458 0.216437 -0.0045476 -0.00608833 0.00174577 0.00678049 0.00193413 0.0210989 -0.0121702 0.104942 -0.000865569 0.0165257 0.0159798 0.0453911 -0.00833086 0.14825 0.0896506 0.154577 0.248585 0.392145 0.258014 0.0398287 0.0393415 0.00998912
internal_weight=522987 63740.8 42106.6 21634.2 14034.7 2872.58 624.583 142.663 31441.4 30382.4 16652 13873.9 7599.5 3219.69 4379.81 147.624 459246 11162.1 10665.2 1693.72 768.741 121.087 924.977 392.483 228.604 94.5881 69.758 532.494 1059 15191.2
internal_count=4182976 253273 155821 97452 52011 6900 1466 384 110030 108083 61854 52309 45441 16991 28450 936 3929703 45111 45791 12701 8511 539 4190 1943 939 493 402 2247 1947 120863
cat_boundaries=0 1 2 3 4 5 6 7 8 9 10 11 12 13 14 15 16 17 18
cat_threshold=1 32 105 522 32 80 10 18 57 50 131 74 48 82 8 4 50 18
is_linear=0
shrinkage=0.08


Tree=113
num_leaves=31
num_cat=10
split_feature=1 18 45 34 47 1 19 3 12 3 19 43 33 32 47 18 12 16 41 5 47 33 32 6 47 43 2 34 13 8
split_gain=242.724 222.363 383.035 406.562 681.497 402.847 570.029 543.452 421.165 308.927 494.677 383.97 439.362 372.63 512.144 423.731 847.371 388.864 367.398 349.492 516.495 394.452 376.407 457.688 440.572 404.868 530.8 425.761 603.047 699.375
threshold=5.5000000000000009 3591.1450195312505 0 1 2 2.5000000000000004 5773.6499023437509 728.21499633789074 781.05001831054699 352.01499938964849 591.82498168945324 3 1.0000000180025095e-35 8.1549997329711932 4 4965.9750976562509 3653.674926757813 2.5000000000000004 5 7.5000000000000009 6 1.5000000000000002 2.4150000810623173 236.80000305175784 7 8 1.0000000180025095e-35 9 1.0000000180025095e-35 1.5000000000000002
decision_type=2 2 9 1 1 2 2 10 2 10 2 9 2 10 1 2 2 2 9 2 1 2 10 2 1 9 8 1 2 2
left_child=1 -1 3 5 -5 6 -3 -7 -8 10 19 18 13 17 15 16 -15 -13 -12 20 -4 -21 25 24 -24 26 27 -22 29 -29
right_child=-2 2 9 4 -6 7 8 -9 -10 -11 11 12 -14 14 -16 -17 -18 -19 -20 21 22 -23 23 -25 -26 -27 -28 28 -30 -31
leaf_value=-0.0002519027825868461 0.03730975105380592 -0.0071942837297679805 0.021359562669447125 -0.074943185062408102 -0.0055901324635338027 0.10384842296092543 0.46368906122779863 0.62048007742748201 0.10025835081051483 0.0025870291855793434 0.021716626449811025 0.002134795272717328 0.13314350985992943 0.095290383179499213 0.03438885885795797 0.13493278781739898 0.93033516004919248 0.179053385395161 -0.021967422434665984 0.0043985843053214986 0.18792085944609582 0.32573196137515176 0.13581519189756253 -0.07636270053190404 -0.05183643248869859 0.012936313425645048 -0.095981212313490313 0.13715177656381386 -0.023550702742435762 0.75646407569658702
leaf_weight=482284.20989793236 1131.7156004239805 980.4309687805362 1802.5657994085923 1212.6962257499108 3594.9664294209797 102.76856910344213 25.326697369106114 14.923315036343409 105.06797159439884 18856.727537928266 1876.0149244698696 2763.1471480738837 232.24572206987068 17.588571103289727 469.88699367642403 119.83237458672374 13.94258191064 81.867400287650526 3548.2971110360231 1807.7511054459028 572.52991784457117 24.784256028942764 259.51284234598279 183.11126455012709 115.80684227310121 254.44444479048252 62.23073706170544 150.25521486112848 193.87222711509094 12.652698788791893
leaf_count=3689794 5025 11587 2139 62929 19209 1064 126 223 1522 285820 9470 27596 1266 200 3788 1214 96 463 27894 9393 5005 10 3255 3663 1498 1692 911 1850 3777 167
internal_value=0.000300759 0.000220482 0.00599471 -0.0125407 -0.023036 0.0283857 0.0137053 0.169357 0.170848 0.00934355 0.018099 0.00671351 0.0265484 0.0194829 0.0756144 0.203593 0.464534 0.00722576 -0.006847 0.037194 0.0516478 0.00874448 0.081905 0.0273264 0.0779143 0.106366 0.128911 0.145358 0.0698327 0.185252
internal_weight=522871 521739 39455.2 6036.18 4807.66 1228.52 1110.83 117.692 130.395 33419.1 14562.3 9122.82 3698.51 3466.27 621.251 151.364 31.5312 2845.01 5424.31 5439.52 3606.98 1832.54 1804.42 558.431 375.32 1245.99 991.541 929.31 356.78 162.908
internal_count=4182646 4177621 487827 96660 82138 14522 13235 1287 1648 391167 105347 71987 34623 33357 5298 1510 296 28059 37364 33360 23957 9403 21818 8416 4753 13402 11710 10799 5794 2017
cat_boundaries=0 1 2 3 4 5 6 7 8 9 10
cat_threshold=34 19 4 14 1 5 2 4 37 54
is_linear=0
shrinkage=0.08


Tree=114
num_leaves=31
num_cat=8
split_feature=1 23 38 11 41 37 15 3 3 37 3 32 3 22 34 12 14 11 18 18 1 39 3 47 32 3 3 37 2 3
split_gain=200.15 316.002 379.762 304.554 272.884 260.272 309.209 263.2 232.544 234.122 593.252 2341.51 220.274 227.122 208.396 366.955 547 274.354 206.4 199.332 195.393 302.703 417.234 591.336 825.917 487.59 1392.76 174.422 378.361 580.148
threshold=2.5000000000000004 3.5000000000000004 0 25.500000000000004 1 2 1.0000000180025095e-35 450.30499267578131 623.34500122070324 3 606.68499755859386 -8.8749999999999982 805.30999755859386 1.5000000000000002 4 5215.2753906250009 1.0000000180025095e-35 3.5000000000000004 11770.379882812502 7095.4750976562509 3.5000000000000004 5 86.83499908447267 6 0.51499998569488536 19.115000724792484 78.599998474121108 7 1.5000000000000002 40.755001068115241
decision_type=2 2 1 2 9 1 2 10 10 1 10 10 10 2 1 2 2 2 2 2 2 9 8 1 8 10 10 1 8 8
left_child=27 8 19 4 5 7 -7 -4 9 10 20 -12 13 -10 15 17 -17 -15 -11 -3 21 22 23 24 -2 -26 -27 28 -1 -30
right_child=1 2 3 -5 -6 6 -8 -9 12 18 11 -13 -14 14 -16 16 -18 -19 -20 -21 -22 -23 -24 -25 25 26 -28 -29 29 -31
leaf_value=0.0030697889151212747 0.025106624178878659 0.088891350298032482 0.052076391516009388 0.3629040522177916 -0.016700431106514348 -0.012436981187390122 0.2131399176735696 0.19990929163310509 -0.041994857866519408 0.00593568361237427 1.4604666422099195 -0.026349750192951538 0.020772200969377073 0.54244761826188725 -0.0067754220363455729 0.78494598924170822 -0.10949937349303232 -0.020172730619347001 -0.054340097334617275 0.3233759084773507 -0.026962098558251213 -0.042707697984074554 0.034118221136755486 0.038398422398599905 0.39307381950077935 0.32209065891315336 1.9888901379660744 -0.00069322230954001977 0.38005856399671956 0.034970581215215214
leaf_weight=12887.601961811073 32.104916359763592 440.49760925793089 224.22892264928669 16.217488592490554 865.95535440510139 424.6737263109535 42.810905870050192 117.44908917509019 1759.1424695889 23008.839951130562 9.2595486394129676 25.304168168455362 696.51787188323215 6.3693763702176502 212.07911248202436 12.261200992390515 6.8040862267371258 42.963252536021173 369.42169251688756 24.492197895655409 242.21945355110802 146.29149622202385 307.58676911075599 80.885093577206135 37.018015583045781 8.4820411554537696 5.1603713845834127 479289.37265791488 31.679088316857815 1974.2431000291836
leaf_count=92023 689 3307 1545 26 7955 3338 81 228 26209 186939 161 801 3979 26 3116 17 301 866 6166 216 2632 2609 3584 108 256 179 89 3823312 42 12086
internal_value=-4.81526e-05 0.00639183 0.0358631 0.0177836 0.0145485 0.0476087 0.00804854 0.099967 0.0040389 0.00653121 0.0464778 0.371965 -0.0180706 -0.0313352 0.0355217 0.146276 0.465733 0.0524676 0.00498108 0.0991108 0.0339331 0.0578186 0.0890261 0.192228 0.342562 0.543742 0.952573 -0.000428219 0.0080949 0.0404205
internal_weight=523348 29165 2156.33 1691.34 1675.12 809.163 467.485 341.678 27008.7 24272.6 894.312 34.5637 2736.14 2039.62 280.477 68.3979 19.0653 49.3326 23378.3 464.99 859.748 617.529 471.237 163.65 82.7653 50.6604 13.6424 494183 14893.5 2005.92
internal_count=4182886 255423 16696 13173 13147 5192 3419 1773 238727 204213 11108 962 34514 30535 4326 1210 318 892 193105 3523 10146 7514 4905 1321 1213 524 268 3927463 104151 12128
cat_boundaries=0 1 2 3 4 5 6 7 8
cat_threshold=544 3 32 16 16 1 4 66
is_linear=0
shrinkage=0.08


Tree=115
num_leaves=31
num_cat=12
split_feature=41 34 38 46 34 34 23 39 3 44 3 44 3 3 46 3 3 3 4 12 4 38 3 3 3 4 38 11 6 33
split_gain=190.698 545.097 543.597 253.124 237.375 228.756 362.763 221.378 182.245 173.32 172.477 161.684 426.974 303.542 343.967 654.225 334.779 272.262 1842.09 303.569 261.707 325.576 422.413 596.127 339.172 256.843 285.018 246.632 244.883 300.172
threshold=0 1 2 3 4 5 -1.0000000180025095e-35 6 93.854999542236342 7 179.31999969482425 8 inf 425.96499633789068 9 35.854999542236335 126.15500259399415 578.07000732421886 inf 861.07501220703136 62.500000000000007 10 287.67500305175787 411.33499145507818 105.63999938964845 1.5000000000000002 11 15.500000000000002 85.00000381469728 1.0000000180025095e-35
decision_type=9 1 1 1 1 1 2 9 10 9 10 9 8 10 1 8 10 10 8 2 10 1 10 10 10 8 1 2 2 2
left_child=1 2 3 4 -1 6 8 -7 -4 -9 -10 13 17 14 -2 25 -17 19 -19 20 28 24 -23 -24 -22 -16 -27 -15 -13 -30
right_child=11 -3 5 -5 -6 7 -8 9 10 -11 -12 12 -14 27 15 16 -18 18 -20 -21 21 22 23 -25 -26 26 -28 -29 29 -31
leaf_value=-0.015911395728951689 0.0042934111373657468 -0.0068322844197604453 -0.056560089651462322 -0.064977982653473224 0.053797743481979125 0.14329091236095812 -0.038182396069024731 0.049342852034306266 0.16001668620759915 -0.036306551402227695 0.0084111566698281386 -0.00014171488622397849 0.029937027356108536 0.023042735517348138 0.011741217738289456 -0.019099469600884388 0.013322299588651108 -0.0072426563168251201 -0.36347515902980759 0.0046293109965125706 0.30385366734693842 -0.021809650395645669 0.10563924997874601 -0.010773259759209333 -0.039909722784946353 -0.049673462697950865 -0.15356815698202902 -0.026535684723662634 -0.0051748087170186367 0.034242099792727861
leaf_weight=344.00013212580234 45988.828274944797 6263.1901522744447 42.345595376566052 131.84117711801082 3547.5241350382566 50.558717302046716 218.77155336178839 169.99963962286711 194.12547622621059 1368.0625225841068 63.814255483448505 239795.09455312765 2872.4115496724844 6943.7209141841158 169.17103717848659 4896.8568477202207 3491.6722288401797 30080.627322150278 93.189565066481009 63259.477034869371 19.020453909412026 473.28865361120552 843.31769565492868 422.60615749424323 536.13182814791799 416.85722126625478 320.14500170759857 707.60004985611886 107344.87988506956 1250.8826089717913
leaf_count=934 188847 19398 158 337 4698 83 1054 245 319 5806 250 1690526 4208 37749 277 9484 5738 626934 823 606327 12 2239 2893 2379 3694 1121 1438 6794 948326 11043
internal_value=-3.45591e-05 0.00976619 0.0267059 0.0439304 0.047733 -0.00622615 0.0394131 -0.0212913 0.0972575 -0.0268399 0.122509 -0.000272962 -0.00080749 0.00352344 0.00145652 -0.01258 -0.00560411 -0.00100633 -0.00834285 -0.000471551 -0.00139169 0.0255386 0.0424261 0.066777 -0.027634 -0.0771563 -0.0975618 0.0184577 -0.00156904 -0.00472078
internal_weight=522320 12394.2 6131.04 4023.37 3891.52 2107.68 519.057 1588.62 300.285 1538.06 257.94 509926 446991 62934.9 55283.5 9294.7 8388.53 444119 30173.8 413945 350685 2294.36 1739.21 1265.92 555.152 906.173 737.002 7651.32 348391 108596
internal_count=4184134 33282 13884 5969 5632 7915 1781 6134 727 6051 569 4150852 3899404 251448 206905 18058 15222 3895196 627757 3267439 2661112 11217 7511 5272 3706 2836 2559 44543 2649895 959369
cat_boundaries=0 1 2 3 4 5 6 7 8 9 10 11 12
cat_threshold=16 120 641 1 8 8 2 1 1 1 676 793
is_linear=0
shrinkage=0.08


Tree=116
num_leaves=31
num_cat=11
split_feature=18 42 34 1 34 32 45 18 19 3 6 3 36 32 43 4 45 35 13 13 36 6 3 15 17 34 3 45 23 32
split_gain=195.25 262.001 319.959 305.81 293.589 336.975 323.202 653.793 856.807 472.454 287.206 1402.92 264.506 255.694 253.164 336.123 292.33 361.958 321.094 251.95 389.709 316.853 288.16 283.855 399.653 246.652 470.225 302.521 269.455 1056.39
threshold=219.65000152587893 0 1 1.5000000000000002 2 -3.0949999094009395 3 213.02500152587893 370.90000915527349 40.755001068115241 216.00012207031253 440.93499755859381 4 31.435000419616703 5 63.500000000000007 6 7 10.920001029968263 1.0000000180025095e-35 8 216.00012207031253 51.764999389648445 1.0000000180025095e-35 2.5000000000000004 9 541.04000854492199 10 9.5000000000000018 31.435000419616703
decision_type=2 9 1 2 1 8 9 2 2 10 2 10 9 10 9 10 9 1 2 2 9 2 10 2 2 1 10 9 2 10
left_child=1 4 3 10 13 14 7 9 -9 -7 -3 -12 -8 19 15 -6 17 -16 -19 21 22 23 -21 -1 -25 26 -2 28 -27 -30
right_child=25 2 -4 -5 5 6 12 8 -10 -11 11 -13 -14 -15 16 -17 -18 18 -20 20 -22 -23 -24 24 -26 27 -28 -29 29 -31
leaf_value=-0.006921905562374318 0.0058421237134295301 0.010122535435867965 0.0010292195881779949 -0.0070022916683482161 -0.009840596142597538 -0.020761943105663535 -0.00021203355047758697 0.089817000117008605 0.57429277044812088 0.01708782213132562 -0.049005586718814234 0.83415553285869182 -0.01245128266110194 0.13941661662730012 -0.0050053172624216682 0.23871271830016952 0.021691331940293049 0.0036494583610832466 0.28136879475516569 0.28792239686267457 -0.035213808539446161 0.35617140586198942 0.03631969574769927 0.45997134265382023 0.024388584690132529 -0.001569944524752285 -0.01923904161719248 -0.010838741568484453 0.030749820226793827 0.59099230484872689
leaf_weight=15786.473979992792 49618.834271933418 58734.125734620029 89074.854078388773 7356.1792292576283 2234.7903040174861 2661.6236513997428 89458.500406042906 195.15145790530369 26.539647111669183 10195.68661382189 43.06876514852047 15.710750619880853 12924.996651640628 73.327203174121678 106.33988085342571 35.371990866959095 5514.7451786496677 36.259779787156731 100.47121986676939 36.622790360823274 3455.5563257583417 15.453493683598934 142.44835476856679 19.912097133696079 41.740035640075803 144245.60367485648 5294.4496628702618 25160.368958364124 636.562882080907 22.294766114093363
leaf_count=115509 374769 359546 433600 47965 18581 9012 702122 755 104 49971 397 176 66885 468 868 153 44261 344 400 63 48045 48 612 92 255 1495166 60254 346984 4949 47
internal_value=0.000541478 0.00188356 0.0041596 0.0083741 -0.000586219 0.000856791 -0.000245072 0.0115923 0.147816 0.00925245 0.0102994 0.187048 -0.00175819 -0.00968696 0.0167054 -0.00594165 0.0256004 0.109928 0.193564 -0.0102527 -0.0292512 -0.00589977 0.0831338 -0.00625282 0.165071 -0.00123791 0.00342331 -0.00274304 -0.0013367 0.0497076
internal_weight=523264 298286 155224 66149.1 143062 123490 115462 13079 221.691 12857.3 58792.9 58.7795 102383 19571.5 8027.98 2270.16 5757.82 243.071 136.731 19498.2 3634.63 15863.6 179.071 15848.1 61.6521 224978 54913.3 170065 144904 658.858
internal_count=4182401 1900232 841684 408084 1058548 893456 828849 59842 859 58983 360119 573 769007 165092 64607 18734 45873 1612 744 164624 48720 115904 675 115856 347 2282169 435023 1847146 1500162 4996
cat_boundaries=0 1 2 3 4 5 6 7 8 9 10 11
cat_threshold=40 120 64 8 178 6 2 32 3 4 13
is_linear=0
shrinkage=0.08


Tree=117
num_leaves=31
num_cat=9
split_feature=33 22 34 38 36 22 6 8 6 44 36 41 17 3 19 3 13 13 38 33 34 32 13 38 14 3 3 6 12 9
split_gain=160.423 138.74 322.777 392.421 299.516 407.333 259.568 292.683 286.572 333.992 236.694 421.043 347.769 657.531 405.574 679.571 491.777 386.878 349.085 305.061 246.163 261.585 269.023 236.603 235.695 301.451 447.856 368.701 321.905 343.597
threshold=2.5000000000000004 1.0000000180025095e-35 0 1 2 4.5000000000000009 1202.0000610351565 12.500000000000002 374.55001831054693 3 4 5 17.500000000000004 383.15499877929693 1265.3750000000002 291.83499145507818 909.01504516601574 33.600002288818366 6 1.0000000180025095e-35 7 31.435000419616703 180.00000762939456 8 1.0000000180025095e-35 515.66497802734386 529.28500366210949 964.47500610351574 400.02499389648443 1.0000000180025095e-35
decision_type=2 2 1 1 9 2 2 2 2 9 9 9 2 10 2 10 2 2 1 2 1 10 2 1 2 10 10 2 2 2
left_child=1 10 -3 6 5 -5 8 -8 9 -4 -1 12 17 14 -14 -16 -17 -12 -18 20 21 -19 -23 -13 25 -10 27 -27 -28 -30
right_child=-2 2 3 4 -6 -7 7 -9 24 -11 11 23 13 -15 15 16 18 19 -20 -21 -22 22 -24 -25 -26 26 28 -29 29 -31
leaf_value=0.00086067497893794857 0.086824930951631893 0.0079440001590997695 0.060796096144476029 0.034715587793929886 -0.011572456358811727 0.374746839546376 -0.022283464690544982 0.20939543835539792 0.026896502205875056 -0.003062668034169734 0.0091237258445317632 -0.025442574161737525 0.046163963470772319 -0.016171143363858893 0.021376046445264224 0.58652089223053572 0.33870548039442422 0.0037989016073381576 0.027168617063450078 0.091567950786121094 -0.02061979277067142 0.25625038727823646 -0.0030903982614990362 -0.0070066637119161916 -0.036387128595134044 0.11313823100182129 0.47058537907132375 0.48130350191862903 0.028767341282878844 0.19687423174046281
leaf_weight=382096.50038987823 138.14639336545952 45791.477822135435 586.78660839982331 90.820452108979225 16682.689225562557 29.993323974311352 1847.615266248351 35.570120774675161 2291.646552802762 4912.3347049583681 16803.572732388042 5059.9587179864757 239.36823587771505 459.07740337308496 87.757044602185488 31.019733420573175 56.478269033133984 2180.0319730290212 50.994389524683356 181.53696250729263 6951.1568850469775 54.486484410241246 48.284834327641875 37079.000662851147 279.48450097953901 38.545595043804497 12.286203262861816 31.747180076315999 469.21235850127414 93.28424939699471
leaf_count=3137170 401 358137 1464 509 250810 9 16848 130 17496 46059 72088 30277 828 3731 279 125 87 13829 293 926 34557 89 332 190115 3226 287 66 53 4326 285
internal_value=0.000627177 0.000604476 0.00383537 -0.00303234 -0.0106333 0.110025 0.00901729 -0.0179075 0.0148455 0.00375141 8.05697e-05 -0.00422125 0.00354871 0.0517681 0.118753 0.195551 0.305919 0.00184946 0.224929 -0.0111327 -0.0131518 0.00963654 0.134405 -0.00922592 0.0338142 0.0404952 0.0888051 0.279417 0.0654942 0.0566461
internal_weight=524711 524573 73193.5 27402 16803.5 120.814 10598.5 1883.19 8715.33 5499.12 451379 69282.7 27143.8 924.695 465.618 226.249 138.492 26219.1 107.473 9415.5 9233.96 2282.8 102.771 42139 3216.21 2936.72 645.076 70.2928 574.783 562.497
internal_count=4184832 4184431 699705 341568 251328 518 90240 16978 73262 47523 3484726 347556 127164 5343 1612 784 505 121821 380 49733 48807 14250 421 220392 25739 22513 5017 340 4677 4611
cat_boundaries=0 1 2 3 4 5 6 7 8 9
cat_threshold=22 220 32 1 131 21 64 104 552
is_linear=0
shrinkage=0.08


Tree=118
num_leaves=31
num_cat=16
split_feature=47 1 38 47 35 1 38 47 45 36 1 34 32 38 37 16 32 18 13 17 22 38 5 16 34 13 42 45 34 4
split_gain=339.357 306.403 337.417 483.661 983.625 387.853 403.153 338.303 746.847 533.16 581.662 367.372 332.7 330.55 313.939 380.621 302 298.751 416.857 399.315 298.21 296.984 550.1 512.752 854.785 1151.61 767.01 481.585 606.523 1129.86
threshold=0 1.0000000180025095e-35 1 2 3 1.5000000000000002 4 5 6 7 2.5000000000000004 8 4.3250000476837167 9 10 1.0000000180025095e-35 16.964999198913578 2768.295043945313 8413.7949218750018 18.500000000000004 1.0000000180025095e-35 11 10.500000000000002 1.0000000180025095e-35 12 149.7600021362305 13 14 15 12.500000000000002
decision_type=1 2 1 1 1 2 1 1 9 9 2 1 10 1 1 2 8 2 2 2 2 1 2 2 1 2 9 9 1 8
left_child=21 -2 7 4 5 6 -4 8 -3 10 12 -11 -10 -6 15 -8 -17 19 -19 -15 -21 23 -23 27 25 26 -25 28 29 -1
right_child=1 2 3 -5 13 -7 14 -9 9 11 -12 -13 -14 17 -16 16 -18 18 -20 20 -22 22 -24 24 -26 -27 -28 -29 -30 -31
leaf_value=0.21516821705627048 -0.00022509035799102029 0.0069382482504251018 0.045445168772927459 0.0057510073653160854 0.052896519669557697 0.063646444013025133 -0.025337747248482461 0.0037121630004914377 0.030826985101296184 -0.009043915881424433 -0.1815404185146815 -0.092618263736883602 -0.09536539409018352 -0.018716751064811681 -0.075885179592554586 -0.010479141893844093 0.28886662704699773 -0.099746700707698713 0.29033216948952872 -0.068754435249914453 0.14416669781043287 -0.0046294329772455243 -0.030592749464275239 0.2480093738075913 -0.00025893799319576428 0.036552483254734876 -0.045503910577900139 -0.01027590172396148 0.0042285211047864545 -0.028899565765247683
leaf_weight=247.75108421593904 292087.79428130598 3788.8811243474483 1315.0796304941177 37955.886990459636 473.24180304259062 3456.9434688389301 218.1685119792819 19547.140290701762 946.13830611482263 455.48645203374326 108.01280785724521 1428.7686828365549 155.7172108925879 2144.6766219004057 394.13038567081094 35.755945783108473 54.364819690585136 388.90623802738264 18.360999532043934 55.60669539263472 173.29499937640503 98073.118870922015 5516.5485832038103 276.65815151110291 4570.4564490132034 2397.6434109369293 74.152927245944738 22192.417513598222 23438.819796074182 238.00610143318772
leaf_count=1798 1118878 8419 1432 51329 465 3457 1037 27173 2166 1109 605 6378 641 9376 2225 176 87 3593 57 418 437 2247430 196382 1018 42639 21363 725 227108 203070 1670
internal_value=-0.000402972 0.00093426 0.00556579 0.0096538 0.0266361 0.0472928 0.0195056 -0.00165803 -0.0169113 -0.0459899 -0.00433828 -0.07257 0.0129931 -0.0082353 -0.0292888 0.0307946 0.170099 -0.0187909 -0.0821606 -0.00799688 0.0924421 -0.00351304 -0.0060115 0.00133129 0.0210029 0.0561562 0.19174 -0.00179036 0.00608257 0.0936545
internal_weight=522228 365202 73114.6 46684.4 8728.53 5474.44 2017.5 26430.1 6883 3094.12 1209.87 1884.26 1101.86 3254.09 702.42 308.289 90.1208 2780.85 407.267 2373.58 228.902 157026 103590 53435.9 7318.91 2748.45 350.811 46117 23924.6 485.757
internal_count=4182661 1239458 120580 74089 22760 8414 4957 46491 19318 10899 3412 7487 2807 14346 3525 1300 263 13881 3650 10231 855 2943203 2443812 499391 65745 23106 1743 433646 206538 3468
cat_boundaries=0 1 2 3 4 5 6 7 8 9 10 11 12 13 14 15 16
cat_threshold=4 897 1 8 82 1 9 66 2 2 1 721 98 40 9 64
is_linear=0
shrinkage=0.08


Tree=119
num_leaves=31
num_cat=13
split_feature=1 43 41 34 36 47 35 17 46 44 47 16 3 3 3 36 35 34 1 19 3 12 11 7 13 13 19 7 15 36
split_gain=145.987 141.698 661.815 294.353 606.299 391.837 443.766 294.146 272.718 278.974 261.708 313.895 556.546 474.539 282.28 260.497 345.457 352.069 364.9 280.96 240.3 675.409 1487.31 2040.62 2584.32 1158.49 711.202 516.84 376.972 280.185
threshold=8.5000000000000018 0 1 2 3 4 5 25.500000000000004 6 7 8 1.0000000180025095e-35 663.64498901367199 706.98999023437511 182.4049987792969 9 10 11 3.5000000000000004 2226.474975585938 606.68499755859386 25060.619140625004 18.500000000000004 256.01000976562506 909.01504516601574 678.45001220703136 528.42501831054699 300.02499389648443 1.0000000180025095e-35 12
decision_type=2 9 9 1 9 1 1 2 1 9 1 2 10 10 10 9 1 1 2 2 8 2 2 2 2 2 2 2 2 9
left_child=1 3 8 4 -1 6 -5 -4 9 -3 -6 14 -13 -14 -12 16 19 18 -18 -9 -7 26 23 -23 25 27 29 -25 -24 -22
right_child=-2 2 7 5 10 20 -8 15 -10 -11 11 12 13 -15 -16 -17 17 -19 -20 -21 21 22 28 24 -26 -27 -28 -29 -30 -31
leaf_value=0.0049960794176126221 0.0740575633894833 0.02695321267445034 1.432891106231343e-05 -0.022924153282221641 -0.0082012908723981866 -0.016850871762095002 0.0030630483880914128 0.029754679117474123 -0.061585532373967279 0.1166121818336459 0.016738966300981536 -0.083199839329810135 0.43639813446913805 0.065537227782672305 -0.082468196989402567 0.0078317983342521789 0.052979903558173426 -0.011361602610025265 0.29673123331836598 0.25731421951969152 0.028579871131989187 -0.085673922285270085 -0.051739307700221025 1.9468022409352139 -0.084628650092465493 2.7502255893227465 -0.042492862645687197 0.66768188597418088 0.18420928932182851 -0.079283411968847639
leaf_weight=42694.274437318905 170.85445705614984 5511.6641866080463 395955.54678616929 4870.1603719359264 1808.5857540741563 22140.800344938005 30409.684825375676 57.686940040439367 213.16443741228431 231.4300496019423 216.33072121907026 156.60934042464942 26.995375473983586 121.31051324913278 1211.6664316030219 9945.6313056554645 845.08636465203017 726.16393510717899 41.223472144454718 87.235463920049369 2567.1603896999732 15.367249664850531 103.39244836976286 3.5180086547043192 7.227854336379095 5.0418323966441667 1806.0343292914913 4.7531873364932835 74.608173268614337 154.88700812635943
leaf_count=584530 409 11337 2608505 8074 2753 540525 41878 138 516 219 1213 2526 236 1189 20962 106878 3201 4428 78 182 105513 1003 7461 52 521 93 123006 193 1935 2970
internal_value=0.000120345 9.61459e-05 0.000770904 -0.00247837 0.00235523 -0.00607334 -0.000529951 0.000383764 0.0272225 0.0305662 -0.0294057 -0.0517058 0.0219773 0.133043 -0.0674391 0.0128834 0.041193 0.0299795 0.0635995 0.155971 -0.0133505 0.00299305 0.141904 0.611572 1.1332 1.79438 -0.00356916 1.21173 0.0471575 0.0222561
internal_weight=522184 522013 413615 108398 46235.8 62162.6 35279.8 407659 5956.26 5743.09 3541.5 1732.91 304.915 148.306 1428 11703 1757.4 1612.47 886.31 144.922 26882.8 4741.99 213.909 35.9081 20.5409 13.313 4528.08 8.2712 178.001 2722.05
internal_count=4182524 4182115 2735482 1446633 613409 833224 49952 2723410 12072 11556 28879 26126 3951 1425 22175 114905 8027 7707 3279 320 783272 242747 11258 1862 859 338 231489 245 9396 108483
cat_boundaries=0 1 2 3 4 5 6 7 8 9 10 11 12 13
cat_threshold=35 16 28 163 2 1 1 2 2 96 16 70 192
is_linear=0
shrinkage=0.08


Tree=120
num_leaves=31
num_cat=8
split_feature=42 45 6 46 2 10 18 19 13 17 43 13 11 7 19 17 7 19 19 17 22 41 40 13 6 6 6 43 41 19
split_gain=184.712 183.853 589.661 568.455 483.381 368.382 308.73 281.106 291.972 421.741 585.381 746.34 490.941 711.312 379.571 974.283 264.593 257.531 298.521 393.621 352.931 265.919 427.089 256.989 246.157 1914.02 232.587 220.931 562.396 361.836
threshold=0 1 102.46496582031251 2 1.0000000180025095e-35 1.0000000180025095e-35 25277.790039062504 2722.775024414063 606.02490234375011 38.500000000000007 3 1990.2999267578127 23.500000000000004 233.04980468750003 2580.549926757813 48.500000000000007 951.54998779296886 2457.3750000000005 2722.775024414063 5.5000000000000009 2.5000000000000004 4 5 699.02499389648449 32.599998474121101 39.000003814697273 1.0000000180025095e-35 6 7 5773.6499023437509
decision_type=9 9 2 1 8 2 2 2 2 2 9 2 2 2 2 2 2 2 2 2 2 9 1 2 2 2 2 9 9 2
left_child=-1 6 3 4 17 -5 27 8 -8 10 11 12 -10 -14 -11 -16 -15 21 19 -19 -21 22 -3 -12 -20 -26 -23 28 29 -2
right_child=1 2 -4 5 -6 -7 7 -9 9 14 23 -13 13 16 15 -17 -18 18 24 20 -22 26 -24 -25 25 -27 -28 -29 -30 -31
leaf_value=-0.0016735458511326804 0.014627166696030782 0.0025808203403811449 -0.015631978327229436 -0.050566781250397971 -0.017398962686686465 0.21231538514018564 0.015684895035517944 -0.017990365698261714 0.072834100701950857 0.0031079436815225981 0.19472025383086025 0.90952132513456063 0.89147042440760627 -0.019308522028714772 1.2961154777348005 -0.09382548926300123 0.41233843543139825 0.75753096848858203 0.0061188652764327502 -0.1072526811609677 0.36717389757572966 0.0073412506394109883 -0.037663516791387124 0.04420161981670219 1.3935475325045859 -0.07534231948684425 0.042984529812438714 -0.00057342750770546019 0.0019197377982265809 0.09783851828267047
leaf_weight=211676.39274235943 22019.082819458563 7644.3961728537688 16112.957924838469 1588.666981224902 6478.76383015397 34.864546725526452 1521.4347863423172 714.71211788174696 62.681630925042555 488.11596964113414 88.105728010414168 11.118357460945843 14.056002860888837 16.210591968148947 5.1753630288876584 8.5756198558956367 20.687310427892953 8.5084388449322415 176.60815659316722 17.861292777350172 22.903755970764905 36834.455686863279 2155.8387962104753 412.40525905834511 7.2467244344297788 26.21608878148254 1210.1799152327003 106366.3076305436 105637.36803807272 339.60503788501956
leaf_count=1601980 129766 80467 233976 5053 38908 30 12755 12023 887 4675 488 174 101 249 67 207 111 105 2898 574 25 204626 14741 3869 90 866 12837 1091168 725919 2961
internal_value=0.000148185 0.00139194 -0.0021399 0.00172755 0.0031151 -0.0449215 0.00246642 0.0265325 0.038547 0.0694068 0.113249 0.26289 0.222756 0.407185 0.0147854 0.429297 0.2227 0.00587797 0.0853826 0.262604 0.159303 0.00544701 -0.00630143 0.0693128 0.0438143 0.242761 0.00847282 0.00212116 0.00436009 0.015884
internal_weight=521722 310045 72319.5 56206.5 54583 1623.53 237726 3363.28 2648.57 1127.13 625.265 124.754 113.636 50.9539 501.867 13.751 36.8979 48104.2 259.344 49.2735 40.765 47844.9 9800.23 500.511 210.071 33.4628 38044.6 234362 127996 22358.7
internal_count=4182596 2580616 595196 361220 356137 5083 1985420 35606 23583 10828 5879 1522 1348 461 4949 274 360 317229 4558 704 599 312671 95208 4357 3854 956 217463 1949814 858646 132727
cat_boundaries=0 1 2 3 4 5 6 7 8
cat_threshold=48 13 1 32 50 2 12 20
is_linear=0
shrinkage=0.08


Tree=121
num_leaves=31
num_cat=12
split_feature=26 47 26 19 42 45 38 34 32 18 18 13 4 38 42 32 34 38 13 42 43 38 13 3 21 3 11 5 3 15
split_gain=193.763 166.825 440.968 387.885 618.997 484.519 726.89 474.108 1126.69 682.591 2078.5 471.747 527.847 582.981 513.608 583.203 468.071 459.547 456.907 756.511 449.273 418.423 466.447 436.037 412.031 400.987 536.762 990.58 612.492 800.367
threshold=1.0000000180025095e-35 0 7.5000000000000009 189.05000305175784 1 2 3 4 2.9450000524520878 259.52499389648443 243.02500152587893 173.00000762939456 1.5000000000000002 5 6 -1.424999952316284 7 8 149.7600021362305 9 10 11 187.00000762939456 312.80499267578131 1.0000000180025095e-35 358.29499816894537 8.5000000000000018 7.5000000000000009 268.88999938964849 1.0000000180025095e-35
decision_type=8 1 8 2 9 9 1 1 10 2 2 2 8 1 9 10 1 1 2 9 9 1 2 10 2 10 2 2 10 2
left_child=-1 2 -2 4 5 6 16 8 -7 10 20 17 13 14 15 -13 -4 -9 19 24 -10 22 25 -24 -5 26 -6 28 -28 -30
right_child=1 -3 3 18 21 7 -8 11 9 -11 -12 12 -14 -15 -16 -17 -18 -19 -20 -21 -22 -23 23 -25 -26 -27 27 -29 29 -31
leaf_value=0.039301871471173172 -0.063829835579672992 0.00083472661517837942 -0.039013153178752334 0.026323697766482863 0.0058929956910645162 0.0065637059328508465 0.0064352044152862862 0.010898101615973915 -0.025312398619294504 -0.0040517549606984369 1.3670807271793783 0.5684382954746604 -0.09610652324062692 -0.018154184351908687 0.057345393189673896 0.11512372999377884 0.042582140692114162 -0.018047195530516764 -0.0044594163587477397 -0.035368255876371386 0.2328111645593301 -0.011483234837892773 -0.09100402451614277 0.34093177559443716 0.19271992318017442 -0.020571858776808578 0.17702111088004169 -0.089557385606439985 0.39106014758042873 1.3472044786321002
leaf_weight=799.89249411737546 741.64943184773438 364711.45155595499 476.03974200738594 496.95011320989579 20445.164023717633 1696.5273851831444 14507.836495166877 5434.3617465752177 59.257458123844117 118.56302284146659 9.8421369367279095 54.016475552693009 76.502807646524161 99.184804336167872 76.57816212810576 27.365412153303623 6904.9346770851407 9883.5424469963182 58378.90348909056 5971.61260583892 207.5546907139942 26222.834413761972 21.560645290650427 48.841496180277318 117.82117358641699 4050.3733135727234 52.5762709826231 58.340998029336333 22.333172371611003 7.4795074937865129
leaf_count=3305 17196 1239433 9653 10101 262448 41213 315007 77562 2154 4193 177 246 1092 2628 956 228 80176 172418 1355020 139344 3330 354629 377 357 1127 86528 599 1293 366 60
internal_value=-4.19348e-05 -0.000102342 -0.00228934 -0.00199588 0.00138794 0.00888425 0.0168464 -0.00094211 0.034736 0.156549 0.225375 -0.00572943 0.0883738 0.143258 0.231128 0.370483 0.0372739 -0.00778289 -0.00671292 -0.026687 0.18326 -0.00444638 0.00302392 0.208652 0.0572818 0.00243754 0.00696475 0.162668 0.341273 0.630941
internal_weight=521780 520980 156269 155527 90561.6 39632.1 21888.8 17743.3 2091.74 395.217 276.654 15651.6 333.648 257.145 157.96 81.3819 7380.97 15317.9 64965.3 6586.38 266.812 50929.5 24706.7 70.4021 614.771 24636.3 20585.9 140.73 82.389 29.8127
internal_count=4183216 4179911 2940478 2923282 1417690 711033 404836 306197 51067 9854 5661 255130 5150 4058 1430 474 89829 249980 1505592 150572 5484 706657 352028 734 11228 351294 264766 2318 1025 426
cat_boundaries=0 1 2 3 4 5 6 7 8 9 10 11 12
cat_threshold=4 11 35 75 32 472 3 96 261 1 1 929
is_linear=0
shrinkage=0.08


Tree=122
num_leaves=31
num_cat=18
split_feature=44 46 3 32 45 45 38 38 47 4 34 34 4 44 46 38 3 47 3 36 5 32 38 10 1 34 38 23 3 36
split_gain=219.903 311.828 967.893 334.873 294.688 282.832 1301.68 346.557 758.553 361.442 495.757 349.117 344.194 326.069 679.84 454.432 344.149 309.374 550.521 471.621 729.072 290.562 511.517 290.344 284.711 279.125 275.238 264.105 715.267 324.921
threshold=0 1 133.76499938964847 0.35500000417232519 2 3 4 5 6 9.5000000000000018 7 8 3.5000000000000004 9 10 11 18.605000495910648 12 728.21499633789074 13 3.5000000000000004 5.3350000381469735 14 1.0000000180025095e-35 1.0000000180025095e-35 15 16 1.5000000000000002 18.605000495910648 17
decision_type=9 1 10 8 9 9 1 1 1 10 1 1 10 9 1 1 10 1 10 9 2 8 1 2 2 1 1 2 8 9
left_child=1 4 3 -3 -1 13 25 8 -8 -10 -11 17 -13 14 16 24 -2 19 -19 20 -9 -18 -23 -12 -15 -7 -16 29 -29 -6
right_child=5 2 -4 -5 27 6 7 11 9 10 23 12 -14 15 26 -17 21 18 -20 -21 -22 22 -24 -25 -26 -27 -28 28 -30 -31
leaf_value=-0.02120443761895344 0.027655790792303372 -0.073601395535263361 0.019608646000124623 -0.020673460463318066 0.045676805439114593 -0.0083170667059246361 0.0024980441927037024 -0.088847571409997245 -0.025667070070544022 0.07550870419044349 -0.090965058863101855 0.012785546816536328 -0.021237998860966455 0.027039879758785187 0.050529040498222488 -0.049495232170178857 0.002297406615521217 -0.0058812182245936906 0.33336249664647272 -0.064034186391711087 0.34066191811521845 0.0018607476988298363 -0.0069673199952237502 0.10537158500577629 -0.043729510280483719 -0.076076196690391271 0.015580998531275939 -0.05062972950613636 0.031071102855258773 0.0052342695583395583
leaf_weight=2168.2520937519148 2973.8984273737296 898.39963782392442 4787.6460145674646 5154.3115159142762 1301.5552941896021 502.98560071829706 18418.747406616807 51.829761814326048 12859.973716082342 521.68044119956903 247.87888914416544 17859.976060841 2129.8652594066225 1259.7956739068031 1767.4907326381654 1930.277489309432 213768.39535581111 3592.1568835424259 30.877903077751398 1131.8180346899899 49.401566728949547 92743.991009684745 76769.054342628689 59.842352066305466 511.56276208721101 1935.1258151400834 7866.2370575368404 763.73553584702313 6720.2163092158735 42061.892585339025
leaf_count=8345 5997 2683 7890 10205 2703 2285 25262 682 390120 5226 4559 121293 12072 3923 5026 26542 1863791 13361 56 28828 194 592505 797054 475 2784 12937 13890 4144 31757 185456
internal_value=0.000695156 0.0050938 -0.00726929 -0.0285295 0.00762174 8.31939e-05 -0.00506742 -0.00261167 -0.0081002 -0.0223658 0.0288206 0.00448149 0.00915585 0.000848848 0.00106985 -0.0227846 0.000546286 -0.0147395 -0.00298996 -0.0493825 0.1099 0.000335942 -0.00213761 -0.0511223 0.00656484 -0.0621885 0.0220615 0.00885338 0.0227336 0.00645989
internal_weight=522839 63856 10840.4 6052.71 53015.7 458983 59392.2 56954 32108.1 13689.4 829.402 24845.9 19989.8 399591 395889 3701.64 386255 4856.08 3623.03 1233.05 101.231 383281 169513 307.721 1771.36 2438.11 9633.73 50847.4 7483.95 43363.4
internal_count=4182045 253183 20778 12888 232405 3928862 617350 602128 425642 400380 10260 176486 133365 3311512 3278263 33249 3259347 43121 13417 29704 876 3253350 1389559 5034 6707 15222 18916 224060 35901 188159
cat_boundaries=0 1 2 3 4 5 6 7 8 9 10 11 12 13 14 15 16 17 18
cat_threshold=1 1 4 13 129 352 2 84 48 2 1 211 4 65 391 48 44 2
is_linear=0
shrinkage=0.08


Tree=123
num_leaves=31
num_cat=12
split_feature=41 4 47 2 47 42 1 37 2 27 35 20 2 37 4 37 4 47 37 39 7 32 18 43 23 13 23 18 18 4
split_gain=226.456 2650.07 1629.95 764.76 464.612 454.952 844.331 623.066 655.472 459.364 446.098 511.114 479.933 474.575 431.993 709.07 659.848 775.552 680.637 613.871 591.816 1372.52 1231.25 429.33 425.173 416.714 414.779 570.411 897.876 526.496
threshold=0 inf 1 1.0000000180025095e-35 2 3 3.5000000000000004 4 inf inf 5 8.5000000000000018 1.5000000000000002 6 1.5000000000000002 7 2.5000000000000004 8 9 10 128.00003051757815 -1.6150000095367429 1090.549987792969 11 3.5000000000000004 54.00000190734864 2.5000000000000004 279.02499389648443 316.30000305175787 11.500000000000002
decision_type=9 8 1 10 1 9 2 1 8 8 1 2 8 1 10 1 10 1 1 9 2 10 2 9 2 2 2 2 2 10
left_child=1 4 -3 -4 -1 10 9 -8 -9 -7 12 14 -6 -14 23 -16 17 18 20 -20 25 -22 -23 -12 -11 -17 29 -28 -29 -18
right_child=-2 2 3 -5 5 6 7 8 -10 24 11 -13 13 -15 15 16 26 -19 19 -21 21 22 -24 -25 -26 -27 27 28 -30 -31
leaf_value=0.0015919272636853729 0.0012925212287548079 -0.24368244860905161 0.018322154722858908 0.63908793308387668 0.012312659920331145 0.054314242059890251 0.13645864190908791 -0.10593180793451408 0.38465904187951561 -0.010345764500599926 0.0058504367914868341 -0.093488530463945063 0.14329826205543297 -0.047051361239998458 -0.015577277198480968 0.22723772876530818 -0.026744246259212373 -0.028195916314834479 0.39439722746025285 0.0032579687367743893 0.068654519471871192 0.97263729901474916 0.21533475525394108 -0.010263563305947909 -0.035317784807717377 -0.092912897233224379 -0.029884929499330033 0.38571814222515882 0.075921558864394473 0.025159069008749643
leaf_weight=139053.78141324967 233882.88243330945 448.14001999981701 92.456319176999386 14.724097088212146 19018.714111780748 664.02166884508915 410.94657870475203 147.79134962242097 19.760383950546384 47347.900429059868 13638.021580202971 409.99503216193989 80.116916302591562 1351.1712207563687 4393.3639595750719 109.99085260927677 1789.8841999419965 212.42889991402626 29.303740743547678 207.66165934130549 44.003535250667483 33.677482143044472 23.209172351285815 47160.29169811483 4806.496182810748 34.08297119801864 275.47904241085052 66.586580190807581 593.99475963041186 4152.8555987020954
leaf_count=192829 1301333 1951 1089 122 597727 8081 3857 2449 33 675892 144354 9627 551 32900 34446 825 21056 1271 138 2161 523 196 300 1020050 80400 561 3086 307 5101 37903
internal_value=-0.000554723 -0.002062 -0.176655 0.103601 -0.00172316 -0.00485857 -0.0107505 0.085371 -0.0453659 -0.0118053 -0.00149692 -0.00441626 0.00894622 -0.035724 -0.00391499 0.00997907 0.0247927 0.099151 0.155284 0.0495368 0.245533 0.40415 0.663666 -0.00664966 -0.0126472 0.151501 0.0173229 0.0668205 0.107149 0.00952639
internal_weight=520514 286631 555.32 107.18 286076 147022 53396.9 578.498 167.552 52818.4 93624.8 73174.8 20450 1431.29 72764.8 11966.5 7573.16 694.358 481.929 236.965 244.964 100.89 56.8867 60798.3 52154.4 144.074 6878.8 936.06 660.581 5942.74
internal_count=4181119 2879786 3162 1211 2876624 2683795 770712 6339 2482 764373 1913083 1281905 631178 33451 1272278 107874 73428 5975 4704 2299 2405 1019 496 1164404 756292 1386 67453 8494 5408 58959
cat_boundaries=0 1 2 3 4 5 6 7 8 9 10 11 12
cat_threshold=38 2 2 25 33 17 2 12 4 3 2 10
is_linear=0
shrinkage=0.08


Tree=124
num_leaves=31
num_cat=12
split_feature=47 38 36 17 37 35 3 36 38 13 3 3 14 38 3 23 38 1 37 38 19 12 3 1 1 4 18 18 22 38
split_gain=205.883 375.532 397.319 338.613 322.762 575.338 541.001 515.516 941.884 664.787 601.369 793.231 465.201 444.906 405.4 480.973 854.868 583.335 474.224 560.297 654.102 975.917 702.49 1290.62 632.074 596.639 508.11 503.538 490.029 463.118
threshold=0 1 2 9.5000000000000018 3 4 383.15499877929693 5 6 828.72500610351574 593.85998535156261 476.33499145507818 3.5000000000000004 7 71.075000762939467 5.5000000000000009 8 1.0000000180025095e-35 9 10 212.504997253418 79.02500152587892 248.70999908447268 1.5000000000000002 2.5000000000000004 2.5000000000000004 24.925001144409183 84.099998474121108 2.5000000000000004 11
decision_type=1 1 9 2 1 1 10 9 1 2 10 10 2 1 8 2 1 2 1 1 2 2 8 2 2 10 2 2 2 1
left_child=1 2 3 -1 7 6 13 8 10 -10 11 12 -3 -6 15 -7 17 -17 19 20 21 25 23 -23 27 -16 29 -24 -28 -20
right_child=-2 4 -4 -5 5 14 -8 -9 9 -11 -12 -13 -14 -15 18 16 -18 -19 26 -21 -22 22 24 -25 -26 -27 28 -29 -30 -31
leaf_value=0.015148210409729914 0.00080963252393132781 0.087639229614867559 -0.029823271062114007 0.087884536654510917 0.018275123877866287 -0.054244544435428255 -0.056213525999509101 -0.0022251733426603784 -0.0042173384854173332 0.066005326450627122 -0.090158844648526207 0.4084464681923749 0.66036858363480999 -0.0050236313944760922 -0.0047166888549336622 0.97051684905588387 -0.074946595151655887 0.20714928396456514 -0.035914632976402287 -0.011974997945748444 -0.005296693225138622 0.48841634113140758 0.42469972349794627 -0.089748518571391045 0.3245366331089336 0.23430630209086711 -0.031310269220947186 0.0099205621622556282 0.048305599071582453 0.019469046506098743
leaf_weight=7955.3612422067672 363954.59141697502 186.93893646914512 1221.2107525151223 431.85620897449553 7744.6264752410352 2356.4097146610729 1047.7386399671668 90235.580074694997 3172.9846580345184 1185.0278782155365 52.998187304474413 84.597012632526457 9.5397639051079732 16203.354164765216 608.88720606500283 13.548900465480985 48.172763308975846 12.153457291424273 1378.3225802080706 4490.185318685486 1152.5990037182346 92.547489822842181 20.546806607395411 33.710974720306695 67.558622591663152 75.077432577498257 12976.944836474722 212.04505422688089 514.38067082851194 3169.217752661556
leaf_count=44555 1239101 2126 8153 1524 93505 41982 21676 1904974 32220 8378 1155 414 42 273938 13252 194 829 224 20985 213949 31979 804 58 592 490 599 183076 5024 5635 34030
internal_value=-0.000234339 -0.00265825 0.0126574 0.0188709 -0.00365895 -0.00871024 5.47779e-05 -0.000879708 0.0249452 0.0148435 0.152462 0.203633 0.115447 0.00251657 -0.0167554 -0.047943 0.153058 0.438823 -0.0137049 0.0043849 0.0367561 0.080739 0.175726 0.334046 0.109129 0.0215204 -0.0204683 0.0465615 -0.0282748 0.00264654
internal_weight=520709 156754 9608.43 8387.22 147146 52218 24995.7 94927.7 4692.09 4358.01 334.074 281.076 196.479 23948 27222.3 2430.28 73.8751 25.7024 24792 6753.16 2262.97 1110.37 426.409 126.258 300.15 683.965 18038.9 232.592 13491.3 4547.54
internal_count=4185463 2946362 54232 46079 2892130 942821 389119 1949309 44335 40598 3737 2582 2168 367443 553702 43229 1247 418 510473 266747 52798 20819 6968 1396 5572 13851 243726 5082 188711 55015
cat_boundaries=0 1 2 3 4 5 6 7 8 9 10 11 12
cat_threshold=4 129 208 97 32 35 32 88 36 24 770 304
is_linear=0
shrinkage=0.08


Tree=125
num_leaves=31
num_cat=11
split_feature=1 38 42 40 4 2 34 17 23 23 2 45 3 19 37 47 19 3 19 38 37 32 37 2 17 17 47 7 32 19
split_gain=197.291 356.477 523.062 547.214 470.173 565.797 391.74 388.829 375.213 337.238 317.746 287.03 358.817 332.023 280.559 272.278 278.23 868.416 1022.76 311.12 306.467 522.627 239.744 225.705 216.347 824.338 740.54 735.457 560.766 359.172
threshold=2.5000000000000004 0 1 2 19.500000000000004 1.5000000000000002 3 26.500000000000004 2.5000000000000004 1.5000000000000002 1.0000000180025095e-35 4 75.380001068115249 1226.049987792969 5 6 1188.7249755859377 105.63999938964845 1226.049987792969 7 8 3.0649999380111699 9 1.0000000180025095e-35 11.500000000000002 6.5000000000000009 10 450.00003051757818 -77.97499847412108 1443.0150146484377
decision_type=2 1 9 1 10 10 1 2 2 2 10 9 10 2 1 1 2 8 2 1 1 8 1 8 2 2 1 2 8 2
left_child=-1 2 8 -4 24 -6 7 10 -2 14 15 12 -8 22 -9 -3 19 -18 -19 20 21 -17 -14 -13 25 -5 27 29 -29 -27
right_child=1 6 3 4 5 -7 11 9 -10 -11 -12 23 13 -15 -16 16 17 18 -20 -21 -22 -23 -24 -25 -26 26 -28 28 -30 -31
leaf_value=-0.00059791130755855373 -0.023656551043657208 0.067711872097535639 -0.064507242568992831 0.033884323499461882 0.0031080654363384082 0.31699249262387369 -0.079250031470651974 0.28986986090521838 0.07545573341411721 0.36171638203495787 0.089287888847804059 -0.00082112780280419644 0.065631317977753845 -0.034884767945956859 0.0013415327760239138 0.30622500949338127 0.71584531495186265 0.4798894359426491 -0.043779834462780019 -0.040656960015213378 -0.00017757656182255865 -0.018517537603231132 -0.013031943177688835 -0.023721523614774153 0.0096670056787143376 0.33895850188305199 0.030090994686161807 1.0692750837277014 -0.037232788836928321 -0.098086592543555368
leaf_weight=490356.17809822125 1622.6939244349487 438.01658601686358 269.20834152190946 1764.7115533766337 61.692845690529794 90.918873932212591 189.5619442500174 20.382897110655904 287.81621324573644 38.397200711071491 397.08059642463923 15458.834206254221 1322.7710250853561 348.70687588071451 84.997548075392842 65.604699313640594 13.151408152654765 28.52814806252718 146.16474485117942 989.80909964442253 412.588299786672 61.402772776782513 307.33302165102214 3351.6503590205684 772.11956248001661 194.94646576209925 185.48589164018631 3.0663363886997104 66.53705930232536 12.826357660815118
leaf_count=3927405 24687 327 3409 16439 538 135 909 93 1720 55 1527 130021 5060 3044 585 180 139 59 1330 8184 1601 248 1432 28443 18275 3592 261 17 2389 558
internal_value=-0.000218681 0.00619212 0.0248586 0.0435566 0.0529601 0.190106 0.00197677 0.0306235 -0.00867996 0.158741 0.0235264 -0.00171764 0.0257755 0.0359668 0.0847836 0.0114107 -0.00294995 0.0889336 0.0417378 -0.0142353 0.0343484 0.138334 0.0511231 -0.00489891 0.0461593 0.0588082 0.153833 0.236581 0.0115138 0.311979
internal_weight=519363 29007 5332.02 3421.51 3152.3 152.612 23675 2696.12 1910.51 143.778 2552.35 20978.9 2168.37 1978.81 105.38 2155.27 1717.25 187.844 174.693 1529.4 539.596 127.007 1630.1 18810.5 2999.69 2227.57 462.862 277.376 69.6034 207.773
internal_count=4182662 255257 72020 45613 42204 673 183237 14328 26407 733 13595 168909 10445 9536 678 12068 11741 1528 1389 10213 2029 428 6492 158464 41531 23256 6817 6556 2406 4150
cat_boundaries=0 1 2 3 4 5 6 7 8 9 10 11
cat_threshold=544 19 4 2 10 8 1 193 1 57 4
is_linear=0
shrinkage=0.08


Tree=126
num_leaves=31
num_cat=7
split_feature=1 19 38 17 37 1 6 6 17 18 16 34 15 3 7 32 6 3 37 11 19 7 13 17 38 41 26 37 12 18
split_gain=162.291 141.21 522.907 440.308 250.74 349.272 281.399 414.919 456.891 289.952 584.289 291.828 215.729 351.21 214.001 259.759 222.217 224.654 248.049 289.374 473.308 341.174 202.013 298.92 295.287 301.019 246.656 226.458 710.327 220.258
threshold=8.5000000000000018 4099.5148925781259 0 1.5000000000000002 1 1.5000000000000002 638.04998779296886 488.90000915527349 6.5000000000000009 4307.9550781250009 1.5000000000000002 2 1.0000000180025095e-35 779.44500732421886 752.04995727539074 -4.194999933242797 771.29995727539074 71.075000762939467 3 7.5000000000000009 1307.4949951171877 2041.4749755859377 606.02490234375011 140.00000000000003 4 5 1.0000000180025095e-35 6 434.00001525878912 1090.549987792969
decision_type=2 2 1 2 1 2 2 2 2 2 2 1 2 10 2 10 2 10 1 2 2 2 2 2 1 9 8 1 2 2
left_child=1 14 4 -4 -3 6 7 9 -9 -6 11 -11 -7 -14 22 -16 17 18 19 -17 -21 -22 -1 24 25 26 -24 28 -28 -27
right_child=-2 2 3 -5 5 12 -8 8 -10 10 -12 -13 13 -15 15 16 -18 -19 -20 20 21 -23 23 -25 -26 29 27 -29 -30 -31
leaf_value=0.00062528600031116826 0.076293355179459663 -0.021350270416903211 0.13259469047931666 -0.032520847747243078 0.0044144688459018871 -0.022965947674194114 0.012567010204754051 0.3936492583895238 0.10559873671864724 0.10286210400143048 0.36496765354197891 -0.066692101012309046 0.020027450683336365 0.29032020662206454 -0.0028760774171576495 0.03125587822158294 0.019135137680137193 -0.0054191303726681839 0.010132888438998774 0.41791250571876953 -0.083954943926732653 0.28114358616545287 0.14595772637393881 0.12683794728007791 -0.010123718128335331 -0.00022563433154172474 0.63620269545564878 -0.008112756363468851 0.034103741720784134 0.034345312819458185
leaf_weight=440037.66168682498 180.12614145781845 1307.4610382521059 105.79042573389597 4502.6722576602479 463.80577910831198 1291.3008286890108 1116.0131285444368 47.228383255889639 138.85273685562424 244.07829803274944 46.35328929987736 81.805656846612692 229.24073338788003 35.535779741592705 10456.80874182994 134.4559934977442 12287.087986932718 5383.8516436878126 595.45006604958326 41.807516284286976 37.726935096085072 28.9512850176543 68.582485801540315 109.40273293922655 28395.814050298417 1999.2297794683836 14.333014677278696 7773.2076434784103 100.25136202014983 2876.5237565613352
leaf_count=3241418 420 15694 617 98549 3881 13193 9043 78 743 1055 274 1155 1542 82 118517 836 133878 68190 4224 165 415 61 90 445 374807 14993 104 59290 795 18188
internal_value=0.000370228 0.000343926 -0.00926349 -0.0286683 0.00865579 0.0193045 0.0403418 0.0706678 0.178707 0.0466211 0.0992103 0.0614093 -0.00947773 0.0563036 0.000524841 0.00720311 0.0128973 0.000579484 0.0391004 0.105347 0.206884 0.0745687 0.000122985 -0.00522403 -0.00557447 0.0044968 -0.00509585 -0.00641569 0.100636 0.0201287
internal_weight=520131 519951 9610.14 4608.46 5001.68 3694.21 2138.14 1022.12 186.081 836.043 372.237 325.884 1556.08 264.777 510341 28966.1 18509.3 6222.24 838.392 242.942 108.486 66.6782 481375 41337.3 41227.9 12832.1 7956.37 7887.79 114.584 4875.75
internal_count=4182742 4182322 145906 99166 46740 31046 16229 7186 821 6365 2484 2210 14817 1624 4036416 326286 207769 73891 5701 1477 641 476 3710130 468712 468267 93460 60279 60189 899 33181
cat_boundaries=0 1 2 3 4 5 6 7
cat_threshold=837 9 22 32 22 35 64
is_linear=0
shrinkage=0.08


Tree=127
num_leaves=31
num_cat=5
split_feature=1 34 42 47 35 32 32 3 3 7 18 18 11 6 7 18 11 32 3 3 19 18 19 3 12 19 18 45 3 32
split_gain=187.852 628.886 459.557 405.818 327.426 362.386 334.215 408.574 646.283 459.7 904.866 430.618 412.821 531.051 388.19 445.91 429.93 369.974 363.97 504.172 388.991 418.758 359.212 993.731 422.381 331.43 1530.17 330.925 289.231 286.743
threshold=1.5000000000000002 0 1 2 3 23.935000419616703 -4.8949999809265128 377.19500732421881 341.24499511718756 34.000061035156257 346.02499389648443 21384.770507812504 3.5000000000000004 55.835021972656257 30.00000095367432 448.67500305175787 4.5000000000000009 81.680000305175795 86.83499908447267 105.63999938964845 528.42501831054699 549.17501831054699 2722.775024414063 78.599998474121108 4691.5251464843759 421.37500000000006 411.02499389648443 4 805.30999755859386 8.1549997329711932
decision_type=2 1 9 1 1 10 8 10 10 2 2 2 2 2 2 2 2 8 10 10 2 2 2 10 2 2 2 9 10 8
left_child=-1 2 3 -2 5 -5 25 8 14 -10 12 28 13 -11 15 17 18 -8 -17 -20 -21 -22 24 -24 -16 -6 -27 -19 29 -9
right_child=1 -3 -4 4 6 -7 7 11 9 10 -12 -13 -14 -15 22 16 -18 27 19 20 21 -23 23 -25 -26 26 -28 -29 -30 -31
leaf_value=-0.00054799239963857741 0.012972167648408693 0.0010396315195365404 -0.00059667974113157844 0.084691648221483021 0.012204861600876134 0.29408214275414279 -0.037011300019181931 0.017039983132140193 -0.03242284393485776 0.71298768817041247 0.12142159527458969 0.42226353966224783 0.68746423525308575 -0.089206385456439358 -0.041612151496250825 -0.10491357372764858 -0.039089324920703411 0.20525813517354802 0.50771813407322397 0.08279877826483116 0.78093824857655991 0.14455358664477833 0.83402266399167391 -0.092827963239461783 0.38982389260856076 0.8850556635370862 0.10913610373842232 0.039273078197270869 0.27490750807952269 -0.089886745972829765
leaf_weight=433809.24053841428 2933.2583858799189 75538.314293114585 3623.9739135084674 732.97171947360039 103.4181171702221 57.012221937999129 284.55739034246653 298.46215613558888 56.655784557573497 8.9028375335037726 144.39546660613269 13.6675435481593 32.173400931991637 12.984270280227063 587.51085074432194 18.401504091918468 49.775716501288116 94.46539219841361 41.551081050187349 74.422323763370514 12.321439165621998 14.295543103478847 11.632287334650757 20.364083742722869 14.890928905457256 18.282320192083716 147.50524634867907 355.95645765587687 19.163806416094303 347.26451333425939
leaf_count=3384254 3765 739847 21007 4237 1058 176 3104 3708 888 61 1024 144 104 218 7053 347 625 261 154 460 16 215 42 360 135 90 1311 2294 85 5744
internal_value=0.000128053 0.00355142 0.0222581 0.0349696 0.0531262 0.0985556 0.0397338 0.0308042 0.0504154 0.168566 0.225945 -0.022237 0.505127 0.237095 0.0313402 0.0638158 0.166396 0.0343993 0.229928 0.27314 0.176672 0.439147 -0.0170737 0.244129 -0.0309474 0.124593 0.194701 0.0795135 -0.0313742 -0.040464
internal_weight=519478 85668.6 10130.2 6506.26 3573 789.984 2783.02 2513.81 1835.26 255.112 198.456 678.558 54.0605 21.8871 1580.14 945.747 210.768 734.979 160.992 142.59 101.039 26.617 634.398 31.9964 602.402 269.206 165.788 450.422 664.89 645.727
internal_count=4182787 798533 58686 37679 33914 4413 29501 27042 17361 2295 1407 9681 383 279 15066 7476 1817 5659 1192 845 691 231 7590 402 7188 2459 1401 2555 9537 9452
cat_boundaries=0 1 2 3 4 5
cat_threshold=3 50 2 16 40
is_linear=0
shrinkage=0.08


Tree=128
num_leaves=31
num_cat=10
split_feature=44 46 3 32 41 1 3 19 47 17 34 18 19 32 13 13 32 39 34 19 15 47 5 34 3 3 32 17 2 42
split_gain=234.616 341.475 626.069 250.012 238.757 419.696 379.202 275.882 344.706 343.213 269.851 268.405 1001.18 256.195 253.018 543.358 240.859 238.073 301.557 319.928 283.182 241.105 264.679 231.459 229.453 225.892 212.988 200.752 194.455 191.112
threshold=0 1 126.15500259399415 0.27500000596046453 2 1.5000000000000002 232.11499786376956 56.274999618530281 3 3.5000000000000004 4 42.05999946594239 1.0000000180025095e-35 7.7449998855590829 699.02499389648449 623.10000610351574 5.3350000381469735 5 6 6717.4001464843759 1.0000000180025095e-35 7 3.5000000000000004 8 19.115000724792484 346.33499145507818 39.129999160766609 21.500000000000004 1.0000000180025095e-35 9
decision_type=9 1 10 8 9 2 10 2 1 2 1 2 2 10 2 2 10 9 1 2 2 1 2 1 8 10 8 2 10 9
left_child=1 4 3 -3 5 6 10 8 -8 14 11 -1 -13 27 15 -9 -7 -15 19 21 -20 22 25 24 -5 -19 -10 -6 -26 -4
right_child=-2 2 29 23 13 16 7 9 26 -11 -12 12 -14 17 -16 -17 -18 18 20 -21 -22 -23 -24 -25 28 -27 -28 -29 -30 -31
leaf_value=0.012277586087268989 -0.00014082467436230258 -0.06396834489797916 -0.013194118930619544 -0.1002196899974145 0.0089977920326818443 0.065020375137955569 -0.00036797856386491009 0.03397961656220793 -0.093904568368042188 -0.025668898861030777 -0.039653333628035262 0.30288498183326407 0.0047035416873914002 -0.072438461100899798 -0.13961337672794291 0.36134597260502849 -0.04625567680679394 -0.0087799389293739018 0.020029821480330876 0.34656842658873582 0.14247431064640681 -0.0029224337595619345 -0.099414206063348415 -0.043521819381542946 0.0017809936897439482 0.21185760641197424 -0.03514616365664322 -0.032311443199304589 -0.091409455680009077 0.023224742272866784
leaf_weight=351.47979890648276 456999.02004414285 898.82753080967814 1243.0145873958245 160.58886020816863 42689.282219504938 712.02425817772746 823.14679729845375 763.07887595705688 781.46740669663996 1640.9141624094918 233.83102266862988 114.01183191686869 195.87863726913929 128.32863819599152 48.878289031796157 33.889844577759504 150.86997303552926 36.841222612187266 2023.0937505010515 32.668038982897997 128.56550663616508 127.0404635258019 26.815040775574744 1586.058691110462 3233.0109950974584 153.15926413796842 797.96790575049818 766.43064113054425 149.94985451921821 3523.7479332545772
leaf_count=955 3929372 2599 2422 610 178118 2003 1182 4219 6004 13904 937 118 710 963 578 77 748 227 9574 45 387 450 375 3724 5325 527 4191 5759 422 5765
internal_value=0.000492538 0.00504681 -0.00791694 -0.0250484 0.00769933 -0.00647145 -0.014245 -0.0230095 -0.0423427 -0.00433071 0.0336242 0.0592357 0.114408 0.00974145 0.0370647 0.0479004 0.0455647 0.0338612 0.0392569 0.104545 0.0272196 0.0845919 0.13587 -0.0182288 -0.00676592 0.169076 -0.0642184 0.00826922 -0.00234968 0.0137489
internal_weight=520554 63554.9 10795.2 6028.44 52759.7 6647.44 5784.54 4889.34 2402.58 2486.76 895.201 661.37 309.89 46112.2 845.847 796.969 862.894 2656.51 2528.18 376.524 2151.66 343.856 216.816 5129.61 3543.55 190 1579.44 43455.7 3382.96 4766.76
internal_count=4182290 252918 20867 12680 232051 35626 32875 30155 11377 18778 2720 1783 828 196425 4874 4296 2751 12548 11585 1624 9961 1579 1129 10081 6357 754 10195 183877 5747 8187
cat_boundaries=0 1 2 3 4 5 6 7 8 9 10
cat_threshold=1 1 32 2 86 2 16 4 90 33
is_linear=0
shrinkage=0.08


Tree=129
num_leaves=31
num_cat=8
split_feature=44 3 3 46 3 36 4 41 34 23 3 1 17 17 18 43 15 13 3 13 6 14 3 3 42 11 11 3 17 39
split_gain=291.96 289.276 289.151 319.851 428.594 309.105 287.922 249.175 315.511 249.093 234.142 220.35 238.247 431.547 267.038 281.56 268.072 233.281 282.8 217.472 331.578 311.8 282.657 251.885 351.436 285.48 396.047 317.984 317.337 406.945
threshold=0 inf 515.66497802734386 1 35.385000228881843 2 18.500000000000004 3 4 1.5000000000000002 135.004997253418 1.0000000180025095e-35 1.0000000180025095e-35 3.5000000000000004 502.02499389648443 5 1.0000000180025095e-35 1.0000000180025095e-35 224.58499908447268 15.954999923706056 2780.8200683593755 4.5000000000000009 663.64498901367199 570.76501464843761 6 44.500000000000007 10.500000000000002 779.44500732421886 27.500000000000004 7
decision_type=9 8 10 1 8 9 8 9 1 2 8 2 2 2 2 9 2 2 8 2 2 2 10 10 9 2 2 10 2 9
left_child=2 -2 3 7 -5 6 19 8 9 -1 -10 12 -12 14 16 -16 17 18 -14 20 -4 23 -23 24 -21 26 27 28 29 -25
right_child=1 -3 5 4 -6 -7 -8 -9 10 -11 11 -13 13 -15 15 -17 -18 -19 -20 21 -22 22 -24 25 -26 -27 -28 -29 -30 -31
leaf_value=0.0064393875839289481 -0.0012317114626380723 0.024369710495852914 0.046972537988304766 -0.061582257186655158 -0.004708155904374082 -0.027336998901167992 -0.069524812522526486 0.0076859346151180175 0.15575129859783496 0.10558859799288003 -0.05161952930915123 0.029185742284289141 0.23172873805655289 -0.044461542492843877 0.14442292622585196 -0.066726592909536517 0.22974106622132195 -0.03509145802455383 0.01417738087786039 0.10307801463912336 0.20228638047272907 0.17827073528183021 -0.075208483789824462 0.046170072746410273 -0.081473063030660611 0.21134642903014914 -0.056423447107268057 0.08154071170070798 0.1708474765681624 -0.033625565531162811
leaf_weight=545.47144491970539 452572.58306763496 2842.384070484899 1543.2030421644449 935.23374137468636 9091.7231426481158 724.60396071430296 185.95761134382337 42701.957133272663 48.080395890399814 230.77672589756548 1604.9700077697635 480.37088959105313 49.740054793655872 1127.695490764454 182.10033218748868 48.478144958615303 32.482844233512878 502.10781056247652 165.42488830722868 358.06468801759183 93.290417559444904 135.59925153292716 35.532742156647146 664.08133770525455 74.801752782426775 42.737796502187848 570.61805205326527 413.99260980542749 69.934099136851728 1065.0115129137412
leaf_count=1412 3926213 4403 7484 2789 16312 3192 792 171173 51 405 6720 1604 129 7934 472 396 15 3245 900 1932 404 537 549 1794 629 255 7606 1901 211 12049
internal_value=-0.000362253 -0.00107193 0.00470954 0.00297576 -0.0100129 0.0214592 0.0281888 0.00570497 -0.0111467 0.0354594 -0.0197397 -0.0217989 -0.028395 -0.0107128 0.0281089 0.103399 0.0049542 -0.00522563 0.0644691 0.0318306 0.0558264 0.0203832 0.12564 0.0148565 0.0716857 0.00615298 0.0030026 0.0183254 0.00377823 -0.00297898
internal_weight=519139 455415 63724 57746.6 10027 5977.43 5252.82 47719.7 5017.7 776.248 4241.45 4193.37 3713 2108.03 980.334 230.578 749.756 717.273 215.165 5066.87 1636.49 3430.37 171.132 3259.24 432.866 2826.38 2783.64 2213.02 1799.03 1729.09
internal_count=4183508 3930616 252892 213557 19101 39335 36143 194456 23283 1817 21466 21415 19811 13091 5157 868 4289 4274 1029 35351 7888 27463 1086 26377 2561 23816 23561 15955 14054 13843
cat_boundaries=0 1 2 3 4 5 6 7 8
cat_threshold=1 1 145 32 6 9 9 1
is_linear=0
shrinkage=0.08


Tree=130
num_leaves=31
num_cat=9
split_feature=33 36 41 42 32 7 12 38 6 38 6 34 36 12 3 19 38 3 32 5 3 6 3 32 34 7 12 3 32 26
split_gain=198.218 211.949 246.798 271.719 231.674 279.607 372.634 215.631 209.984 379.551 236.431 235.549 266.238 227.683 244.818 205.353 198.31 214.938 207.841 184.791 184.203 177.066 176.211 175.991 172.403 168.002 380.389 338.343 373.271 269.013
threshold=1.0000000180025095e-35 0 1 2 -1.7150000333786009 1087.1550292968752 958.19006347656261 3 212.00000762939456 4 187.02490234375003 5 6 89.049987792968764 606.68499755859386 2457.3750000000005 7 648.61999511718761 -10.114999771118162 32.500000000000007 36.704999923706062 179.75000762939456 51.764999389648445 -1.924999952316284 8 96.00000381469728 630.98999023437511 73.155002593994155 3.935000061988831 2.5000000000000004
decision_type=2 9 9 9 10 2 2 1 2 1 2 1 9 2 10 2 1 8 8 2 8 2 10 8 1 2 2 10 10 8
left_child=25 -2 4 16 8 -6 -7 19 9 24 13 12 -10 14 -11 -8 18 21 -4 -5 -9 -18 -22 -12 -3 29 -27 28 -28 -1
right_child=1 2 3 7 5 6 15 20 11 10 23 -13 -14 -15 -16 -17 17 -19 -20 -21 22 -23 -24 -25 -26 26 27 -29 -30 -31
leaf_value=0.061073456263671895 0.118948389969622 0.016727610517009276 -0.12595449627605537 -0.044456391180733579 -0.051439031340176536 0.46767058725536681 0.10502334817580879 -0.10437374483087354 0.15552615479319998 0.086009113052570946 0.090444359252938894 -0.049658602082829371 -0.018295569698555631 -0.008644390390231944 0.35148883983590579 -0.056331116334821935 -0.00010507929301714015 -0.067111329851024387 0.091923325982761844 0.18511562441727467 0.11378855460484318 0.073774289773432838 0.019791027698286771 0.43618217045464008 -0.1034979852444485 -0.0059772198474425811 0.019288139229686297 0.00062015114693991325 0.15029674101531082 0.00093083963487548902
leaf_weight=476.61209378391504 112.33399126306176 192.87721868697554 29.226746722124517 565.37985219038092 938.78372997650877 12.83775204583071 99.513874287949875 64.338345017284155 81.728471572510898 322.90732460981235 17.726000034017488 471.75592692103237 147.03636921662837 170.40130634093657 23.874788790941238 102.44888998859096 374.09065943781752 137.15430342359468 679.27038126625121 23.367491654120386 153.65527133271098 466.55958305881359 753.81809041160159 20.115875313989818 115.66035518608987 80027.315263287164 4194.6475227738265 70762.947147563798 143.96618363074958 358793.9189079646
leaf_count=2004 184 904 241 4876 14440 168 795 637 159 1588 198 6831 1989 2385 114 1892 2610 3072 3552 33 278 3574 5378 65 891 734186 21634 826813 233 2540744
internal_value=0.000230293 0.0145942 0.0124086 0.02727 -0.00538157 -0.0325993 0.0497394 0.00310638 0.0146584 0.0410591 0.0797647 -0.017887 0.0477169 0.0670781 0.104287 0.0231737 0.0494816 0.025487 0.0817812 -0.0347543 0.0261637 0.0408979 0.0357069 0.274231 -0.0301752 6.06055e-05 -0.00213959 0.00194974 0.0236353 0.00101063
internal_weight=520476 6076.86 5964.53 3246.86 2717.67 1153.58 214.801 1560.56 1564.08 863.563 555.025 700.521 228.765 517.183 346.782 201.963 1686.3 977.805 708.497 588.747 971.812 840.65 907.473 37.8419 308.538 514399 155129 75101.6 4338.61 359271
internal_count=4182468 56854 56670 24251 32419 17295 2855 11202 15124 6145 4350 8979 2148 4087 1702 2687 13049 9256 3793 4909 6293 6184 5656 263 1795 4125614 1582866 848680 21867 2542748
cat_boundaries=0 1 2 3 4 5 6 7 8 9
cat_threshold=32 50 11 456 83 34 66 324 42
is_linear=0
shrinkage=0.08


Tree=131
num_leaves=31
num_cat=10
split_feature=21 36 25 24 22 47 3 37 13 35 47 47 12 18 35 36 5 32 18 36 3 18 2 47 13 3 3 13 32 23
split_gain=282.608 282.46 261.582 280.029 232.914 217.884 223.641 209.141 357.087 322.943 560.324 312.215 292.127 501.367 356.995 641.726 478.477 400.326 678.956 335.436 697.396 424.279 282.156 300.031 486.389 321.193 299.238 281.924 280.565 273.971
threshold=1.0000000180025095e-35 0 9.2500000000000018 8.5000000000000018 4.5000000000000009 1 326.52499389648443 2 1275.0999755859377 3 4 5 8529.6152343750018 17939.030273437504 6 7 9.5000000000000018 7.7449998855590829 1163.3250122070315 8 502.68000793457037 9435.9799804687518 1.0000000180025095e-35 9 28.799993515014652 273.98500061035162 40.755001068115241 6317.2849121093759 -77.97499847412108 1.0000000180025095e-35
decision_type=2 9 8 2 2 1 10 1 2 1 1 1 2 2 1 9 2 10 2 9 10 2 8 1 2 10 8 2 10 2
left_child=4 5 3 -3 7 6 -2 8 9 22 -11 -10 13 14 15 17 -16 -13 -19 20 -18 28 -1 24 -24 -26 -25 -17 -21 -20
right_child=1 2 -4 -5 -6 -7 -8 -9 11 10 -12 12 -14 -15 16 27 19 18 29 21 -22 -23 23 26 25 -27 -28 -29 -30 -31
leaf_value=0.002972394305530189 0.32966116460143674 0.040435121201917952 0.0070673328131257264 0.21203850054137768 -0.057507587037271303 0.035936551429459035 0.083593166997894444 -0.0005653849231524547 0.0087616413996374227 0.0060149920514316673 -0.07146302674192416 0.16305730471385554 -0.05004507665290369 0.66096727164778668 -0.061153519559526449 -0.034532493029522937 0.10366390879899763 0.75482270031948051 -0.089005938377913818 0.17268397171420419 0.72832887200776997 0.36229456097489199 -0.027710881891053526 0.27006131968453378 0.058493399186124825 0.21009709498054924 0.015597191813018963 0.18653541378400892 -0.068326923566667086 0.40510603244057913
leaf_weight=8449.4884001282044 42.024688894860446 329.60603387875017 18478.023480174714 74.642054678173736 455.42014265945181 145.18240060284734 54.030048223212361 484815.56320365513 1102.0216185245663 1692.713043551892 923.22209419775754 248.14691823394969 117.34811972430907 9.5308426506817323 217.60853426577523 166.92815434653312 32.956818816252053 21.194684092886746 14.370586374308916 42.282158809248358 17.51863921713084 23.297322045080364 161.68904996290803 30.024740660563111 167.66300603747368 191.70037706941366 1980.0244037760422 47.404375666752458 114.96564029250294 14.356693716952575
leaf_count=58276 154 3424 187716 639 6785 316 366 3873496 1473 2253 18381 2104 2124 128 4752 2372 307 99 436 240 199 92 804 50 734 289 12603 152 2218 158
internal_value=4.20175e-05 0.00958678 0.00845557 0.0721207 -0.000322271 0.0938866 0.19125 -0.000270247 0.0087885 0.0039653 -0.0212475 0.0387742 0.069176 0.0835908 0.0778647 0.122656 0.0234502 0.197999 0.411345 0.104157 0.267476 0.0413902 0.00998207 0.0334217 0.0875196 0.139366 0.0193982 0.0137214 -0.00352181 0.157931
internal_weight=520181 19123.5 18882.3 404.248 501057 241.237 96.0547 500602 15786.5 13596.5 2615.94 2189.93 1087.91 970.561 961.031 512.401 448.629 298.069 49.922 231.021 50.4755 180.545 10980.6 2531.1 521.052 359.363 2010.05 214.333 157.248 28.7273
internal_count=4183140 192615 191779 4063 3990525 836 520 3983740 110244 93390 20634 16854 15381 13257 13129 5321 7808 2797 693 3056 506 2550 72756 14480 1827 1023 12653 2524 2458 594
cat_boundaries=0 1 2 3 4 5 6 7 8 9 10
cat_threshold=33 4 66 40 2 2 33 192 24 1
is_linear=0
shrinkage=0.08


Tree=132
num_leaves=31
num_cat=12
split_feature=1 36 37 38 40 13 12 13 17 47 32 6 7 13 7 6 13 39 12 12 13 36 47 34 6 12 43 6 47 34
split_gain=218.318 262.181 236.793 206.672 236.329 292.653 405.035 214.986 237.121 469.345 334.829 335.064 271.045 325.238 472.135 340.896 251.892 353.053 454.98 1081.71 276.606 237.608 389.283 407.71 743.57 431.152 405.974 294.541 236.06 202.479
threshold=2.5000000000000004 0 1 2 3 1626.674987792969 1974.9000244140627 5074.0300292968759 4.5000000000000009 4 -16.980000495910641 1364.7099609375002 18.749999046325687 192.82500457763675 177.00000762939456 304.82501220703131 1068.049987792969 5 958.19006347656261 924.19998168945324 1143.2500000000002 6 7 8 249.00000762939456 37.600000381469734 9 437.32502746582037 10 11
decision_type=2 9 1 1 1 2 2 2 2 1 8 2 2 2 2 2 2 9 2 2 2 9 1 1 2 2 9 2 1 1
left_child=2 29 3 4 -1 -6 -7 8 12 10 11 -10 -5 14 21 28 -12 18 19 -18 -20 22 -14 24 25 -24 27 -25 -16 -2
right_child=1 -3 -4 7 5 6 -8 -9 9 -11 16 -13 13 -15 15 -17 17 -19 20 -21 -22 -23 23 26 -26 -27 -28 -29 -30 -31
leaf_value=0.10413083171626862 0.022155316777083454 -0.025285108351176162 -0.00080886204525433439 0.0018994209940308457 0.0064522100094527015 0.34433637893469249 -0.007825753811586492 0.067717904371447896 -0.021879686887541699 0.008105909654681517 -0.074267668953321847 0.29650902062560208 0.017560352999935854 0.00080875616606573169 0.26907142030382131 0.44175854233943851 -0.084835684534540406 -0.039208862336510733 0.25168423287871117 1.1167739351191579 -0.040454765939928285 0.0017164688231371334 0.67085493721514666 -0.033190779334052511 0.80726660484609203 0.072518495308855568 0.14636946305691353 0.30813459690540673 0.035874866911887897 0.0050041797724362071
leaf_weight=283.46478334069252 5505.2200857121497 1549.3546772962436 475348.8163739554 4684.5020861076191 822.84096888080239 40.703089617192745 42.966071497648954 359.21487656515092 50.705729342065752 3808.3095336006954 1033.5308443882968 36.296646598726511 549.0676595903933 1241.9959107725881 47.251239992678165 28.353274693712592 10.39213224966079 502.34653967339545 29.356836760882288 8.9018713645637035 70.689622644800693 614.41659060306847 9.4389692880213243 191.03955425787717 15.961612752638755 42.020167682785541 258.34250541357324 17.677592065185308 67.423765634652227 21999.991037744563
leaf_count=590 44779 9676 3823057 30539 3393 80 175 2015 709 8885 25457 175 657 8216 49 72 283 11672 94 28 1523 3451 102 2621 122 472 1909 110 401 201129
internal_value=-9.84903e-05 0.0066394 -0.000497838 0.00944072 0.0412902 0.0207182 0.163493 0.00664155 0.00499918 -0.00762864 -0.0420227 0.110949 0.0140228 0.0324439 0.0537861 0.193375 -0.0500633 -0.0098245 0.113865 0.469563 0.0452682 0.0420278 0.064277 0.113471 0.28758 0.182269 0.0804584 -0.00408598 0.131962 0.00844382
internal_weight=519271 29054.6 490216 14867.2 1189.97 906.51 83.6692 13677.2 13318 5550.53 1742.22 87.0024 7767.49 3082.99 1840.99 143.028 1655.22 621.687 119.34 19.294 100.046 1697.96 1083.55 534.48 67.4207 51.4591 467.06 208.717 114.675 27505.2
internal_count=4182441 255584 3926857 103800 4238 3648 255 99562 97547 48826 39941 884 48721 18182 9966 522 39057 13600 1928 311 1617 9444 5993 5336 696 574 4640 2731 450 245908
cat_boundaries=0 1 2 3 4 5 6 7 8 9 10 11 12
cat_threshold=210 66 194 4 4 2 146 2 32 36 1 18
is_linear=0
shrinkage=0.08


Tree=133
num_leaves=31
num_cat=12
split_feature=37 2 1 38 3 3 34 34 42 42 3 13 6 7 2 44 45 34 41 12 12 37 12 13 32 32 3 5 42 3
split_gain=178.785 175.422 304.288 338.98 191.176 230.244 394.155 307.106 234.796 210.626 238.5 205.778 170.953 203.127 169.11 331.624 446.242 332.76 258.557 212.938 259.227 294.176 708.967 1192.54 1118.26 301.209 292.659 331.518 349.373 338.714
threshold=0 1.5000000000000002 1.5000000000000002 1 388.71499633789068 248.70999908447268 2 3 4 5 174.44499969482425 81.505004882812514 1861.1499633789065 615.02499389648449 1.5000000000000002 6 7 8 9 4293.8000488281259 1974.9000244140627 10 2222.9399414062505 502.00003051757818 -3.3249999284744258 -10.114999771118162 329.83499145507818 8.5000000000000018 11 268.88999938964849
decision_type=1 8 2 1 8 10 1 1 9 9 10 2 2 2 10 9 9 1 9 2 2 1 2 2 10 10 10 2 9 8
left_child=1 -1 3 4 5 7 8 -3 11 10 -9 -7 -6 -14 -2 16 -16 -17 -18 20 26 22 23 24 -22 -25 27 29 -29 -19
right_child=14 2 -4 -5 12 6 -8 9 -10 -11 -12 -13 13 -15 15 17 18 19 -20 -21 21 -23 -24 25 -26 -27 -28 28 -30 -31
leaf_value=0.0049573010710121795 0.00027744133521156458 -0.029701348746317358 -0.013722885691586403 -0.018151535075834356 -0.001704312847722111 0.35156535082321422 -0.011146031845875258 0.29125573865265497 0.024267792829752471 0.039898941151708153 0.088306802586603922 0.17811285692232046 0.31792118479263604 0.003581139894146435 0.042311152609597842 -0.057704265412752281 0.02585811171927635 -0.0068062725673881412 -0.069600300212312657 -0.035091793531768341 0.13903387874992146 0.0041104218564388803 0.020582465975216343 0.41943897707933836 1.0300412473848697 0.036477100358238888 -0.018324469160119185 0.11884730412698968 0.0031799010717046125 0.018325678380624325
leaf_weight=14152.493926445022 457722.75658600731 173.50662874057889 735.27859702799469 373.9462831960991 308.65245720697567 79.522598754614592 86.367247443646193 69.300836378708482 53.764531483873725 195.98366792313755 79.655333377420902 97.375628584995866 25.256593578960747 27.462679444812238 1952.1148141836748 789.04575702629518 303.4178828401491 24626.623600036604 433.4680710118264 1508.413397953962 16.569445108994842 1357.4931754703866 402.57911046047229 15.391228068852795 19.772535489872098 90.036362202023156 9229.4437767388299 284.31258315546438 399.36744722165167 3987.8778055259027
leaf_count=103256 3731384 1092 5836 2652 1691 121 530 222 162 968 202 232 63 185 3420 8283 1126 143265 2922 17961 75 13742 5862 118 142 847 99487 1498 2566 29146
internal_value=8.39257e-05 0.0082862 0.0287517 0.0486338 0.0690749 0.0906801 0.144386 0.0578392 0.194665 0.0998392 0.171232 0.242385 0.0210363 0.154174 -0.000184546 -0.00484071 0.0224092 -0.00655567 -0.0304747 -0.00557824 -0.00447848 0.0243539 0.0734127 0.228612 0.623803 0.0923852 -0.00590173 -0.00198835 0.0530658 -0.00330374
internal_weight=519597 16458.6 2306.07 1570.79 1196.85 835.476 317.03 518.446 230.663 344.94 148.956 176.898 361.372 52.7193 503139 45415.9 2689 42726.9 736.886 41937.9 40429.5 1901.84 544.349 141.77 36.342 105.428 38527.6 29298.2 683.68 28614.5
internal_count=4179056 117212 13956 8120 5468 3529 1045 2484 515 1392 424 353 1939 248 4061844 330460 7468 322992 4048 314709 296748 20786 7044 1182 217 965 275962 176475 4064 172411
cat_boundaries=0 1 2 3 4 5 6 7 8 9 10 11 12
cat_threshold=66 448 56 56 49 10 1 12 65 33 1 9
is_linear=0
shrinkage=0.08


Tree=134
num_leaves=31
num_cat=12
split_feature=3 4 38 18 45 37 16 42 3 13 1 4 42 34 40 38 32 37 13 17 3 42 3 0 38 5 12 1 4 45
split_gain=145.898 653.714 979 294.076 377.329 387.184 261.337 423.189 285.735 417.842 370.574 364.367 399.692 376.124 344.044 522.601 343.292 346.037 718.598 486.391 413.635 302.332 299.522 393.213 350.381 278.501 321.543 269.482 265.13 245.228
threshold=383.15499877929693 inf 0 2909.940063476563 1 2 2.5000000000000004 3 199.97499847412112 515.05001831054699 1.5000000000000002 10.500000000000002 4 5 6 7 19.744999885559086 8 395.02499389648443 5.5000000000000009 217.80500030517581 9 341.24499511718756 1.5000000000000002 10 3.5000000000000004 13199.600097656252 1.5000000000000002 28.500000000000004 11
decision_type=10 8 1 2 9 1 2 9 10 2 2 8 9 1 1 1 8 1 2 2 10 9 10 2 1 2 2 2 8 9
left_child=3 -2 -3 -1 5 -5 8 27 -6 11 14 12 13 16 15 -11 17 18 22 -20 -21 -13 24 -24 -10 26 29 -8 -23 -19
right_child=1 2 -4 4 6 -7 7 -9 9 10 -12 21 -14 -15 -16 -17 -18 25 19 20 -22 28 23 -25 -26 -27 -28 -29 -30 -31
leaf_value=6.6337848233329242e-06 -0.0022604145140794332 -0.2722028054921028 -0.035134145738255136 0.15867878669564817 0.028427992686734058 -0.020296616348378992 0.090899175780523631 -0.016080666156047693 0.29893537227887235 0.22961193149626891 -0.047125893516298395 -0.027921280466213037 -0.018521184699352364 0.0094268206125677333 -0.0022513748364545155 -0.041823834551273621 -0.043320737985625801 -0.040575057780334323 0.5216076792184039 0.42834444507185931 0.10557364916385396 0.17002978795034437 0.39677803400171036 0.076579485506613115 0.011365970041675421 -0.026836764728656152 0.18253765869637958 0.28536583646343056 0.054674218047128395 0.074885860672432178
leaf_weight=396379.24317283684 98634.372996649123 122.24948978057364 777.23601177195087 69.430833914317191 5054.2220101002604 3211.8598032244481 119.58082285663113 166.884402631782 19.37840473651886 94.042626608163118 1222.4397917718161 142.03063874784857 1764.2519086045213 3354.7489765842911 6226.1714968581218 81.181222162907943 203.56386155681685 170.10127257369459 34.559207852929831 33.784737331792712 102.51152514852583 229.27719920501113 36.301071923226118 75.794671808369458 388.65735703380778 315.50789463054389 120.84323607152328 73.721502345055342 287.30007206043229 347.54529881058261
leaf_count=2640789 1345739 1178 3786 388 26319 31246 647 1272 52 136 15007 1062 14609 25897 56720 634 1785 2201 91 91 906 448 180 476 4242 2869 345 207 969 2463
internal_value=-0.000125445 -0.00287954 -0.0707711 0.000526732 0.00913605 -0.016039 0.013135 0.0806886 0.0119431 0.00647959 -0.00676466 0.0197198 0.0143435 0.0254734 0.000942907 0.108387 0.0543874 0.0668093 0.109619 0.25355 0.185581 0.0765964 0.0644475 0.180273 0.032628 0.0342933 0.0650377 0.156946 0.103863 0.0376076
internal_weight=519859 99533.9 899.486 420325 23945.7 3281.29 20664.4 360.187 20304.2 15250 7623.84 7626.16 6967.55 5203.3 6401.4 175.224 1848.55 1644.98 690.987 170.855 136.296 658.608 520.132 112.096 408.036 953.998 638.49 193.302 516.577 517.647
internal_count=4182754 1350703 4964 2832051 191262 31634 159628 2126 157502 131183 72497 58686 56207 41598 57490 770 15701 13916 6038 1088 997 2479 4950 656 4294 7878 5009 854 1417 4664
cat_boundaries=0 1 2 3 4 5 6 7 8 9 10 11 12
cat_threshold=32 32 64 8 42 38 4 18 3 50 16 1
is_linear=0
shrinkage=0.08


Tree=135
num_leaves=31
num_cat=10
split_feature=47 38 36 10 34 17 45 34 12 4 3 19 19 19 7 2 7 10 5 6 17 34 42 18 11 6 19 34 3 45
split_gain=221.873 386.691 576.175 529.714 607.618 484.6 627.474 483.587 532.557 737.17 526.869 498.098 433.956 666.019 635.731 606.707 451.018 484.413 398.773 453.911 472.689 390.413 464.665 467.389 581.973 382.357 370.506 966.205 646.836 617.375
threshold=0 1 2 1.0000000180025095e-35 3 15.500000000000002 4 5 1311.0300292968752 10.500000000000002 462.81500244140631 2336.849975585938 447.22500610351568 608.52499389648449 615.02499389648449 1.0000000180025095e-35 841.00512695312511 2.5000000000000004 8.5000000000000018 2013.1500244140627 8.5000000000000018 6 7 11770.379882812502 14.500000000000002 198.00001525878909 145.01499938964847 8 105.63999938964845 9
decision_type=1 1 9 2 1 2 9 1 2 10 10 2 2 2 2 8 2 2 2 2 2 1 9 2 2 2 2 1 10 9
left_child=1 5 3 -3 12 -1 -7 11 -9 21 -11 -4 -5 25 -15 16 18 -18 19 20 -16 22 23 -10 -25 -14 27 28 -6 -28
right_child=-2 2 7 4 26 6 -8 8 9 10 -12 -13 13 14 15 -17 17 -19 -20 -21 -22 -23 -24 24 -26 -27 29 -29 -30 -31
leaf_value=-0.0054957109361531264 0.00081576857359777673 0.00015771747007013698 0.024988089911825141 -0.022345672633906678 0.3038957208444284 -0.014185756845607205 -0.071382702182928401 -0.038380807211531018 0.044910811402118611 0.25379432497272064 -0.094407552548008644 -0.090817979761653775 -0.090344187040144672 -0.069843518802615995 0.0046665763807290676 -0.091202549182894374 0.057269927103412645 0.39559883097739679 0.0400692992583929 0.66428491921133326 0.34305952146116592 -0.077278114858852123 -0.061745696386114886 0.46482499728992777 -0.09167147950563502 0.28320109374824826 0.037171777094168183 -0.038940307565246773 0.072628809498890889 -0.014680236854022023
leaf_weight=46374.780722897849 364325.85799554107 85199.170104292687 2184.8278602622449 249.47596681164578 133.17432870529592 4817.5512174752075 1645.2345271962113 6104.0946742203087 440.86999156698585 127.4538187449798 35.573643607087433 266.719801209867 19.847954009659588 174.2542157205753 37.525643474422395 91.190280118491501 374.62751078931615 29.194972630124539 52.487329500261694 18.78450493235141 89.258538894355297 320.44753557955846 244.26333537138999 38.385688304901123 17.51473783235997 150.64176640054211 2441.6571977254935 273.74647360015661 184.81694373115897 3660.4809104069136
leaf_count=1184133 1239656 1231707 26265 3589 578 206914 96143 73393 3623 307 420 4417 359 3162 575 1676 4857 147 620 51 459 5048 3105 108 238 1007 33619 3922 1837 50167
internal_value=-0.000264732 -0.00279143 6.4106e-05 0.00200364 0.0217114 -0.00835422 -0.0288788 -0.018398 -0.0286827 0.0194278 0.177814 0.0123385 0.0718334 0.0951649 0.0667509 0.101094 0.130229 0.0817299 0.229114 0.297278 0.242902 -0.00489804 0.0270789 0.0711108 0.290463 0.239714 0.0119474 0.0724053 0.164316 0.00610424
internal_weight=520124 155798 102960 93180.3 7981.16 52837.6 6462.79 9780.15 7328.6 1224.51 163.027 2451.55 1287.29 1037.81 867.323 693.069 601.879 403.822 198.056 145.569 126.784 1061.48 741.034 496.77 55.9004 170.49 6693.88 591.738 317.991 6102.14
internal_count=4182102 2942446 1455256 1338332 106625 1487190 303057 116924 86242 12849 727 30682 16502 12913 11547 8385 6709 5004 1705 1085 1034 12122 7074 3969 346 1366 90123 6337 2415 83786
cat_boundaries=0 1 2 3 4 5 6 7 8 9 10
cat_threshold=4 42 201 16 5 72 6 24 34 4
is_linear=0
shrinkage=0.08


Tree=136
num_leaves=31
num_cat=11
split_feature=14 14 7 12 38 47 42 38 19 14 34 3 3 20 6 32 45 10 34 47 3 19 3 17 44 38 16 44 17 19
split_gain=145.246 141.339 137.364 342.394 242.594 237.956 321.843 267.83 371.858 628.165 382.962 237.121 283.369 217.675 356.008 209.636 289.344 446.392 341.973 461.339 281.182 366.126 236.941 249.496 231.907 208.915 238.401 251.041 231.635 375.159
threshold=28.000000000000004 26.500000000000004 1605.0750122070315 1253.0250244140627 0 1 2 3 2722.775024414063 6.5000000000000009 4 323.21000671386724 358.29499816894537 1.5000000000000002 1584.1246337890627 -1.8250000476837156 5 2.5000000000000004 6 7 206.71500396728518 4099.5148925781259 189.37500000000003 7.5000000000000009 8 9 1.5000000000000002 10 21.500000000000004 2226.474975585938
decision_type=2 2 2 2 1 1 9 1 2 2 1 10 10 2 2 10 9 2 1 1 10 2 10 2 9 1 2 9 2 2
left_child=1 2 -1 4 -4 -5 7 13 9 10 11 -9 -13 -7 -15 -6 18 -18 -17 20 21 22 23 -20 -22 26 27 -8 -28 -30
right_child=-2 -3 3 5 15 6 25 8 -10 -11 -12 12 -14 14 -16 16 17 -19 19 -21 24 -23 -24 -25 -26 -27 28 -29 29 -31
leaf_value=-0.00014211503899045312 -0.13969768130609952 0.12093346866563387 -0.050456582334205413 -0.0023274758842583426 -0.0020474823093707497 0.043632348630576079 0.11972982142985725 -0.038048582907017729 -0.044129653418213996 0.73773662152154107 -0.092330590926455333 0.31190973427034491 0.082421711225841132 0.55222246375221673 0.10088487555112202 -0.02581345711266634 -0.026390666583343009 0.31660560702665169 0.01367974555186979 0.03548308373953702 -0.035173588392398716 -0.092987052288417194 0.45227346162922066 0.26814302356481168 0.15719456419262842 -0.051979052614012956 0.12920310005626948 -0.041921055300598427 0.30947185192781829 -0.097949693379716568
leaf_weight=506562.85836376227 47.861471100943163 61.510176611947827 329.56701495082234 3914.9639172367752 1326.8419927034993 101.33690152852796 66.487099979072809 56.577476722421125 592.66990042710677 8.5999291015323234 87.195716406335123 49.43452758109197 113.4995334437117 16.479367677122355 34.81490815943107 208.97241444850806 476.69883449852932 25.587288417620584 31.330524682532996 449.05808141641319 67.310394168714993 21.379085971973836 32.621341992169619 115.8256407212466 99.242210482247174 2657.7013129847765 135.38348490931094 817.24218750325963 17.376093208789825 86.327902643941343
leaf_count=4023733 826 161 3739 5698 13597 1029 52 587 15998 138 1595 148 2672 28 414 2994 5394 91 374 1603 2189 326 50 566 263 90267 606 6695 36 969
internal_value=-0.000340507 -0.000327645 -0.00034203 -0.0088232 0.0136405 -0.0169928 -0.0288525 0.0101544 -0.00671338 0.0634035 0.0444955 0.0985626 0.152049 0.104741 0.245887 0.0211425 0.0414176 -0.00874379 0.0654282 0.0888025 0.156333 0.219989 0.257208 0.213966 0.0794511 -0.0397176 -0.0104921 -0.0297593 0.0602858 -0.0296843
internal_weight=518613 518565 518503 11940.5 3184.43 8756.09 4841.13 1060.61 907.977 315.307 306.707 219.512 162.934 152.631 51.2943 2854.87 1528.03 502.286 1025.74 816.767 367.709 201.157 179.778 147.156 166.553 3780.52 1122.82 883.729 239.087 103.704
internal_count=4182838 4182012 4181851 158118 31186 126932 121234 22609 21138 5140 5002 3407 2820 1471 442 27447 13850 5485 8365 5371 3768 1316 990 940 2452 98625 8358 6747 1611 1005
cat_boundaries=0 1 2 3 4 5 6 7 8 9 10 11
cat_threshold=649 2 3 520 106 41 40 4 2 707 1
is_linear=0
shrinkage=0.08


Tree=137
num_leaves=31
num_cat=18
split_feature=31 40 38 34 43 46 45 12 0 41 13 16 19 17 11 25 34 38 45 34 36 43 40 17 38 34 34 38 22 7
split_gain=228.668 550.511 219.796 270.425 285.111 184.815 222.156 224.871 180.785 176.554 165.326 148.346 153.83 143.46 139.584 136.849 214.295 202.695 130.853 123.54 122.746 329.979 347.729 338.972 229.892 242.967 227.756 240.24 290.762 336.671
threshold=1.0000000180025095e-35 0 1 2 3 4 5 2092.400024414063 3.5000000000000004 6 699.02499389648449 3.5000000000000004 1876.7750244140627 1.0000000180025095e-35 17.500000000000004 1.0000000180025095e-35 7 8 9 10 11 12 13 30.500000000000004 14 15 16 17 1.0000000180025095e-35 1717.900085449219
decision_type=10 1 1 1 9 1 9 2 2 9 2 2 2 2 2 8 1 1 9 1 9 9 1 2 1 1 1 1 2 2
left_child=8 -2 3 10 13 6 7 -4 11 -7 -3 15 -13 -5 -8 16 -1 -18 -14 -11 21 23 -23 26 25 -24 -17 28 29 -28
right_child=1 2 5 4 -6 9 14 -9 -10 19 -12 12 18 -15 -16 20 17 -19 -20 -21 -22 22 24 -25 -26 -27 27 -29 -30 -31
leaf_value=0.10032895058334228 -0.1458394066733566 0.051515932630963927 -0.094280896765038508 0.068761274662097277 -0.13038606477691242 0.028977289212819415 0.019043387405683058 0.091580843723512356 0.22059371002272826 0.0090929593482056842 -0.052086840015561901 -0.11299639495354903 -0.1035566143227501 -0.090265813718743912 -0.051938220333279966 0.0074070571467521077 0.066689136107526623 -0.044858060961377559 0.0094248710931316513 -0.034460631367762819 0.00047426121271367731 0.010546893268225013 -0.0091078362023688641 0.058403974327610818 -0.0076318676440387022 -0.039822107017672186 -0.020714377188164167 0.0069227524738273141 0.022858351542597667 0.11545425770637825
leaf_weight=212.89263829472475 131.50183629337698 1887.3686326006427 214.83867969969288 139.08953639306128 112.54228012822568 552.79655895289034 6623.4151512938552 51.68387112300843 23.766025168355554 587.87524539139122 104.01042659208179 144.44553688145243 74.049363452475518 49.128793151117861 182.18268713727593 19336.078825722914 170.25864880532026 237.31924890563823 296.7373379325727 1422.1968635693192 427465.96964290267 5742.0928798713721 3401.0847105809953 685.62577019957826 30010.844361554831 3226.1160083662253 8244.7803985672072 6035.6895329253748 1230.341043763794 117.86802367307246
leaf_count=504 1111 3279 1512 165 754 1842 18541 212 130 1996 623 2259 1347 313 1203 92403 230 1737 3242 7019 3727013 28910 21459 2931 162427 25949 40032 27134 5606 335
internal_value=0.000213515 0.0111012 0.012943 0.0351688 -0.0349095 0.00762452 0.0143024 -0.0561326 -4.5617e-05 -0.0107729 0.0458744 -5.59672e-05 -0.0429607 0.0258771 0.0171181 -1.22897e-05 0.0375354 0.00222002 -0.0156772 -0.0217408 -5.83776e-05 -0.00297595 -0.00774673 0.00269599 -0.0106159 -0.024097 0.00160438 -0.00557597 -0.0134389 -0.0187951
internal_weight=518715 12058.6 11927.1 2292.14 300.761 9634.99 7072.12 266.523 506656 2562.87 1991.38 506632 515.232 188.218 6805.6 506117 620.471 407.578 370.787 2010.07 505496 78030.5 42380.1 35650.4 36638 6627.2 34964.8 15628.7 9592.99 8362.65
internal_count=4182218 38570 37459 5134 1232 32325 21468 1724 4143648 10857 3902 4143518 6848 478 19744 4136670 2471 1967 4589 9015 4134199 407186 238745 168441 209835 47408 165510 73107 45973 40367
cat_boundaries=0 1 2 3 4 5 6 7 8 9 10 11 12 13 14 15 16 17 18
cat_threshold=1 137 15 12 1 32 48 16 642 1 72 120 8 9 556 42 44 786
is_linear=0
shrinkage=0.08


Tree=138
num_leaves=31
num_cat=7
split_feature=11 2 45 47 13 20 38 12 12 12 16 19 12 13 13 13 42 37 43 17 11 11 33 38 19 17 5 7 13 4
split_gain=157.184 230.804 261.934 338.414 579.897 666.887 415.6 618.409 736.904 2933.8 1447.49 542.53 473.258 573.509 2172.99 407.41 582.441 404.139 332.63 313.555 303.953 295.459 273.675 268.669 385.548 305.291 263.122 249.181 613.387 245.17
threshold=20.500000000000004 1.0000000180025095e-35 0 1 1702.5999755859377 4.5000000000000009 2 523.52499389648449 3409.749877929688 3952.244995117188 1.5000000000000002 1085.5999755859377 16058.974609375002 743.02499389648449 759.02496337890636 1185.0250244140627 3 4 5 32.500000000000007 50.500000000000007 22.500000000000004 1.0000000180025095e-35 6 3053.4250488281255 29.500000000000004 10.500000000000002 779.57537841796886 938.77499389648449 24.500000000000004
decision_type=2 10 9 1 2 2 1 2 2 2 2 2 2 2 2 2 9 1 9 2 2 2 2 1 2 2 2 2 2 10
left_child=-1 2 3 4 5 6 7 -2 -9 10 11 -10 -11 -14 -15 18 17 19 20 26 27 -16 23 24 25 -6 -17 -8 -29 -19
right_child=1 -3 -4 -5 22 -7 15 8 9 12 -12 -13 13 14 21 16 -18 29 -20 -21 -22 -23 -24 -25 -26 -27 -28 28 -30 -31
leaf_value=-2.0422260267861898e-05 0.57159366078169771 -0.017074133760100439 0.0036962502875543613 0.0093711972551783936 -0.093722682601364266 -0.066564915952523576 0.036167701927370642 -0.016530577283076008 1.7652344641606597 -0.082775265234445658 3.021113097154057 -0.084322648399680844 0.18510007442775173 2.1401126587974728 0.70014831382635634 0.26716765165283923 -0.043399378453667564 0.04233139680712103 -0.051582248837818034 0.15107805935951535 0.47759036791163384 -0.084449092961727298 0.095586650673907286 -0.055400851417128472 -0.090494236869153755 0.24776214413692971 0.55278196479496933 0.664983346491686 -0.090729467671803954 0.32113775554530244
leaf_weight=504086.16163893696 26.833458150504157 1998.1207842788426 8461.9331192958634 2749.2547991517931 21.782756568863988 153.41529798414558 174.38784013222903 87.635315147228539 1.9330736445263017 30.802093019941822 3.4519669930450618 2.1371783290524036 83.740153405815363 4.8140749679878381 4.5465986919589332 38.54351114295423 85.032938257558271 111.78251688368618 188.68770996807143 41.622594551183283 12.525954650714992 9.4692849360872042 150.10588533710688 454.9304213700816 59.942300744354725 72.595548102632165 44.449526608921587 14.049425614066424 13.458721789065747 24.634052002802491
leaf_count=3988404 334 26348 115252 9020 217 4919 2476 4180 65 1995 23 143 936 16 105 86 1714 1402 2833 227 65 551 1088 18981 790 301 157 83 278 48
internal_value=0.000220701 0.008256 0.0121112 0.0273036 0.0531596 0.088788 0.112514 0.200431 0.16562 0.278917 1.81607 0.794082 0.192221 0.274803 0.673729 0.0788191 0.143543 0.198499 0.0252097 0.305735 0.0909493 0.170066 -0.00117068 -0.0250095 0.064024 0.168947 0.420137 0.0714662 0.295241 0.0863484
internal_weight=519213 15126.6 13128.5 4666.56 1917.31 1157.95 1004.54 255.363 228.53 140.894 7.52222 4.07025 133.372 102.57 18.83 749.175 346.065 261.032 403.11 124.616 214.422 14.0159 759.357 609.251 154.321 94.3783 82.993 201.896 27.5081 136.417
internal_count=4183037 194633 168285 53033 44013 22636 17717 8348 8014 3834 231 208 3603 1608 672 9369 3634 1920 5735 470 2902 656 21377 20289 1308 518 243 2837 361 1450
cat_boundaries=0 1 2 3 4 5 6 7
cat_threshold=1 4 160 48 6 5 80
is_linear=0
shrinkage=0.08


Tree=139
num_leaves=31
num_cat=7
split_feature=6 18 3 36 19 34 43 38 3 19 18 32 3 7 13 37 3 32 6 38 19 19 18 13 19 19 3 37 1 3
split_gain=176.024 220.665 248.848 220.484 290.297 617.519 448.162 640.032 719.215 875.786 639.866 772.669 546.399 539.306 514.212 478.372 474.212 406.792 488.459 376.991 347.379 313.797 375.983 525.034 672.453 307.405 660.049 282.036 274.534 260.637
threshold=488.90000915527349 225.00000762939456 541.04000854492199 0 277.80000305175787 1 2 3 315.94500732421881 327.26499938964849 213.02500152587893 2.2749999761581425 73.155002593994155 227.00003051757815 290.77499389648443 4 25.809999465942386 -0.77499997615814198 165.32501220703128 5 543.67501831054699 513.82498168945324 1.0000000180025095e-35 316.22500610351568 307.07499694824224 489.87500000000006 137.754997253418 6 3.5000000000000004 111.86500167846681
decision_type=2 2 10 9 2 1 9 1 10 2 2 8 8 2 2 1 8 10 2 1 2 2 2 2 2 2 8 1 2 8
left_child=1 2 3 -1 27 6 21 8 12 13 -11 -12 15 14 -10 17 19 -8 20 -9 -19 22 23 24 -6 28 -27 -5 29 -24
right_child=-2 -3 -4 4 5 -7 7 16 9 10 11 -13 -14 -15 -16 -17 -18 18 -20 -21 -22 -23 25 -25 -26 26 -28 -29 -30 -31
leaf_value=-0.0050778520889038651 0.0037505552579332221 -0.0029597575894954394 0.011503095956754665 0.0043727553951353791 0.017609497669769353 -0.0050213148909301342 0.039332562255465102 0.015861756672273762 0.35874300169638396 0.036034588799506183 0.67852784338732719 0.0003867549641954256 0.0043338317833995126 0.19893705517519839 0.8636326680799169 0.0096282742964828791 -0.0044209360067194257 0.21818498874650646 0.48611597135096007 0.33464138424935946 -0.013052137144979211 -0.033581763916314053 0.19259194731861903 0.0045918690162770181 0.47719440351191017 0.43186810822543747 -0.0014880781537349214 -0.0013829342056697811 0.32841337562582934 -0.0029570176926581393
leaf_weight=40589.512542856392 79413.236474838515 140333.44864180061 13487.913738050498 85626.059263675008 35.117378713563085 5194.2110505718738 121.57617799192667 59.525596611201763 30.885650200303644 166.59286618465558 24.439577475190163 19.201491085812449 540.1000980369281 47.615915986709297 22.18212130991742 209.59971759375185 1035.5586045444943 224.22037213481963 36.67180797457695 39.669826496392488 51.043814096599817 749.22305184043944 45.020857855677605 88.308494647033513 48.538057769648731 34.979872555937618 63.017940564081073 149786.51523086685 16.796920735388994 1403.8775121029466
leaf_count=189624 846976 1408827 173712 439147 140 40935 655 152 241 2395 163 263 6499 448 153 1506 10219 822 168 98 331 6833 183 552 104 105 571 1038813 128 11624
internal_value=0.000283908 -0.000341582 0.000883969 0.000383708 0.00128603 0.0144268 0.0341239 0.0571334 0.0914963 0.200385 0.107468 0.380155 0.0636564 0.394401 0.569785 0.113477 0.0114839 0.159779 0.211845 0.178681 0.175305 0.00964951 0.0283666 0.140646 0.284267 0.0160189 0.153196 0.000710696 0.00684706 0.00311917
internal_weight=519545 440131 299798 286310 245721 10308 5113.76 2628.88 1494.13 310.918 210.234 43.6411 1183.21 100.684 53.0678 643.112 1134.75 433.512 311.936 99.1954 275.264 2484.88 1735.66 171.964 83.6554 1563.69 97.9978 235413 1465.7 1448.9
internal_count=4182387 3335411 1926584 1752872 1563248 85288 44353 24113 13644 3663 2821 426 9981 842 394 3482 10469 1976 1321 250 1153 20240 13407 796 244 12611 676 1477960 11935 11807
cat_boundaries=0 1 2 3 4 5 6 7
cat_threshold=105 53 14 434 33 576 78
is_linear=0
shrinkage=0.08


Tree=140
num_leaves=31
num_cat=13
split_feature=42 38 32 41 34 38 47 41 44 43 18 23 23 19 18 19 32 12 35 11 26 32 39 32 12 21 18 12 47 41
split_gain=157.225 624.06 466.846 425.446 489.659 571.422 894.938 1033.83 608.504 891.253 809.306 775.257 605.343 480.24 1079.8 891.191 533.786 439.208 439.189 499.505 415.719 487.777 361.474 399.184 324.494 292.289 291.163 535.348 274.158 474.182
threshold=0 1 -16.980000495910641 2 3 4 5 6 7 8 565.07498168945324 5.5000000000000009 1.5000000000000002 1307.4949951171877 916.69998168945324 1.0000000180025095e-35 2.4150000810623173 379.82498168945318 9 6.5000000000000009 2.5000000000000004 -2.5549999475479122 10 -1.2450000047683714 79.02500152587892 1.0000000180025095e-35 116.77500152587892 96.049999237060561 11 12
decision_type=9 1 10 9 1 1 1 9 9 9 2 2 2 2 2 2 10 2 1 2 8 8 9 10 2 2 2 2 1 9
left_child=1 3 -3 -1 5 6 7 -5 9 10 12 -10 17 15 -15 16 20 22 19 -17 -11 -22 -9 -24 -18 -12 27 -7 -4 -30
right_child=-2 2 28 4 -6 26 -8 8 11 13 25 -13 -14 14 -16 18 24 -19 -20 -21 21 -23 23 -25 -26 -27 -28 -29 29 -31
leaf_value=-0.0051502439187406258 -0.00068557873537220437 0.0081717175385720413 -0.0004375928290108361 -0.077590455499111408 0.010300240549681587 0.013099421515339287 0.022509588616090127 0.68704273471538002 -0.044915938894827818 0.51411005278019983 0.0045160213049026364 0.5113228523611193 0.084647999205572089 0.59943816527478266 0.11444395515108696 -0.087969951760310403 0.47933536091939433 0.87869274036621858 -0.055259171388066262 0.32375668453457784 0.30526798160915342 0.046903744988378286 -0.087695904956921797 0.59241643337046912 -0.085592812555587497 0.30621485215376193 -0.040403588169129166 0.28235113362275222 -0.031160295244257476 -0.0049475433301179482
leaf_weight=9198.3581207208335 425541.9874531008 16011.876712443074 15305.516488123685 166.33384780259803 28529.165006201249 748.88067761063576 1961.964115687646 23.050174800679088 176.31472460413352 17.58734655380249 38.806559082120657 17.640726117417216 17.03273812122643 41.254970831796527 102.0675267665647 30.241055317688733 50.356958714313805 25.849206564947963 244.1720978342928 50.10132399527356 62.409425606951118 186.58434147387743 11.65858317166567 10.495344817638395 7.4729743776842943 43.68882211856544 706.30994348414242 50.444039147347212 7095.2848491860786 11707.33463389345
leaf_count=45395 3480932 109929 21807 2790 176425 2448 8259 138 1196 3 703 56 115 188 1383 609 625 61 5020 230 352 3302 178 75 170 133 3372 62 130200 182311
internal_value=-3.53846e-05 0.0029511 -0.00309651 0.010079 0.0142835 0.0379332 0.0566272 0.107646 0.133795 0.160994 0.325285 0.00567535 0.512987 0.119999 0.254048 0.092242 0.186008 0.615667 -0.00149456 0.150099 0.138213 0.111662 0.46526 0.234505 0.406333 0.164293 -0.00295891 0.0300914 -0.00838722 -0.0148583
internal_weight=518180 92638.3 50120 42518.2 33319.9 4790.72 3285.08 1323.12 1156.78 962.829 170.581 193.955 88.086 792.248 143.322 648.926 324.411 71.0533 324.514 80.3424 266.581 248.994 45.2041 22.1539 57.8299 82.4954 1505.63 799.325 34108.1 18802.6
internal_count=4178467 697535 444247 253288 207893 31468 25586 17327 14537 13285 1403 1252 567 11882 1571 10311 4452 452 5859 839 3657 3654 391 253 795 836 5882 2510 334318 312511
cat_boundaries=0 1 2 3 4 5 6 7 8 9 10 11 12 13
cat_threshold=3 31 1 8 28 4 32 2 4 17 1 2 34
is_linear=0
shrinkage=0.08


Tree=141
num_leaves=31
num_cat=14
split_feature=38 47 32 34 37 43 36 2 42 5 3 3 3 5 32 4 19 17 22 38 32 38 37 45 23 19 3 41 45 41
split_gain=170.026 310.957 473.875 421.174 631.866 772.463 521.273 490.795 494.364 521.565 654.237 925.889 676.974 507.945 487.079 477.423 469.221 468.276 420.993 401.874 396.716 395.644 481.868 405.134 392.816 646.188 528.667 389.397 375.618 435.646
threshold=0 1 39.129999160766609 2 3 4 5 2.5000000000000004 6 2.5000000000000004 593.85998535156261 631.88497924804699 162.28499603271487 7.5000000000000009 -1.924999952316284 1.5000000000000002 5773.6499023437509 41.500000000000007 7.5000000000000009 7 -4.8949999809265128 8 9 10 8.5000000000000018 1.0000000180025095e-35 167.22499847412112 11 12 13
decision_type=1 1 8 1 1 9 9 10 9 2 10 10 8 2 10 8 2 2 2 1 8 1 1 9 2 2 10 9 9 9
left_child=-1 2 21 14 17 6 28 18 -9 -10 12 13 -11 -12 27 24 20 -5 19 -7 -8 22 -2 -24 -16 26 -26 -3 29 -6
right_child=1 3 -4 4 5 7 16 8 9 10 11 -13 -14 -15 15 -17 -18 -19 -20 -21 -22 -23 23 -25 25 -27 -28 -29 -30 -31
leaf_value=0.0022904247985644785 -0.090486006942013406 -0.0034606711938660484 -0.0046396474864097113 -0.0010565646536908088 0.17154161182762437 0.023426727385634619 -0.041379998042960955 -0.059987759276451051 0.04131927266578056 0.50890947233720929 0.58146841343591371 -0.088362788974559833 0.013090379884158026 1.4614272601973135 -0.014522922392189918 0.010379337279585364 0.08795335011814169 -0.044055291443652146 0.29032171815441676 -0.027152186067146217 0.0038177091617217647 0.0052205979423773953 -0.097065043046879046 0.00038910453203329701 -0.09806480479207802 0.021443246653893123 0.50809403931637609 0.023413404324428736 -0.076413399181308683 -0.080195307424081971
leaf_weight=159875.84764589462 542.43326713424176 5031.5117527313996 53738.787323696539 103167.94019105285 84.602372194640338 1047.8855206742883 1349.148447746411 175.04999809863511 274.17608484555967 23.811277705710381 10.684067099355167 8.5289354601409268 67.825338484020904 6.9158703450812018 13447.973565049004 9786.0254535586573 399.5892829420045 1646.8293452775106 27.148132422938943 22411.60608800815 15778.12930711871 115751.9605184244 292.93955209665 2771.7162797795609 12.405813580378888 177.74873186834157 35.729733617976308 10988.213425154798 878.38080587843433 75.656051467871293
leaf_count=663921 1390 50805 77928 1935966 549 3643 35445 4196 3841 98 251 474 1623 207 178026 87743 8243 59513 54 466739 317010 156458 754 4215 210 2496 291 105015 14309 1410
internal_value=0.000119511 -0.000844601 0.00159856 -0.00310722 -0.00507215 -0.0132844 -0.00102131 -0.0227452 0.0507935 0.0992688 0.242613 0.595734 0.141926 0.927247 0.00423089 -0.00311095 0.00225546 -0.00173199 -0.0245302 -0.0248945 0.000257399 0.00440718 -0.02165 -0.00921159 -0.0127656 0.0918568 0.351871 0.0149852 -0.0558106 0.0549696
internal_weight=519887 360011 173098 186914 147434 42619.1 18565.5 24053.6 566.992 391.942 117.765 26.1289 91.6366 17.5999 39479.6 23459.9 17526.9 104815 23486.6 23459.5 17127.3 119359 3607.09 3064.66 13673.9 225.884 48.1355 16019.7 1038.64 160.258
internal_count=4182823 3518902 240745 3278157 2853571 858092 376966 481126 10690 6494 2653 932 1721 458 424586 268766 360698 1995479 470436 470382 352455 162817 6359 4969 181023 2997 501 155820 16268 1959
cat_boundaries=0 1 2 3 4 5 6 7 8 9 10 11 12 13 14
cat_threshold=531 2 3 99 42 56 19 128 128 9 32 21 32 33
is_linear=0
shrinkage=0.08


Tree=142
num_leaves=31
num_cat=6
split_feature=1 37 4 5 18 18 3 7 18 32 19 7 3 4 45 17 11 19 6 3 42 11 18 19 42 37 12 19 38 6
split_gain=175.614 226.032 312.55 534.061 381.82 705.079 606.052 781.682 760.763 487.927 322.464 901.307 344.498 735.451 332.81 397.68 310.81 306.251 302.049 268.848 267.616 262.77 294.286 604.509 369.058 399.447 399.023 365.072 417.43 351.997
threshold=2.5000000000000004 0 4.5000000000000009 2.5000000000000004 129.82499694824222 154.26499938964847 388.71499633789068 44.049999237060554 147.55000305175784 -16.980000495910641 1802.4500122070315 1265.570007324219 462.81500244140631 1.0000000180025095e-35 1 10.500000000000002 31.500000000000004 2580.549926757813 1276.1250000000002 320.17500305175787 2 5.5000000000000009 916.69998168945324 1.0000000180025095e-35 3 4 260.05000305175787 1188.7249755859377 5 874.00006103515636
decision_type=2 1 8 2 2 2 8 2 2 8 2 2 10 10 9 2 2 2 2 10 9 2 2 2 9 1 2 2 1 2
left_child=-1 16 3 4 9 6 7 8 -6 -3 11 12 14 18 15 -7 -2 -18 -14 -17 -11 -5 23 -23 25 26 -25 28 -28 -26
right_child=1 2 -4 21 5 10 -8 -9 -10 20 -12 -13 13 -15 -16 19 17 -19 -20 -21 -22 22 -24 24 29 -27 27 -29 -30 -31
leaf_value=-0.00044066492916361606 -0.0081838349803551817 0.20941172988766521 -0.00018550112568049216 -0.035365871748153338 0.88926152744157083 0.062749326639497477 0.086823754622987942 -0.007254943663130925 0.24275630471318471 -0.016094155818899614 -0.030714577365466417 0.5809668623675095 0.051234864569889453 0.24022452441561315 0.011888979615944569 0.5402803921701802 0.19267990042461247 -0.0055373360326042755 0.3243193234052214 0.1364409013577719 0.036988018506164171 0.50441502879392097 -0.00039789051154859317 0.62606526813550811 0.00033662766208850857 -0.0052222153364308299 0.3204050307231161 0.52654899656053433 -0.017816700649405607 0.37199397552241337
leaf_weight=490051.51902703411 7646.5697860866785 78.404150309041142 9743.7247413787991 1014.049392615445 24.478401618078351 114.35463212686591 95.785705751739442 20.876732693985105 22.225876580923796 1410.2398120658472 317.04877718328498 20.651202505454421 1059.4586224661907 162.85535924369469 1376.452399791684 22.363103166222572 99.151711747050285 100.3980354689993 26.571783583145589 19.973456061910838 1053.6107911886647 18.461839143186808 3565.4780702688731 14.927865214645861 620.59644140675664 88.901251497678459 29.224791180342436 16.925662121735513 62.903917318210006 16.749399108812213
leaf_count=3929542 46542 211 63804 14596 159 1075 802 136 95 13750 5631 83 11720 325 14884 51 282 710 204 186 7841 188 60386 98 9286 1173 43 156 605 171
internal_value=-8.34958e-05 0.00598063 0.0103033 0.0193779 0.0362171 0.0542401 0.216251 0.399694 0.581599 0.0129421 0.0457563 0.0544069 0.0504982 0.0816895 0.0250901 0.13188 -0.0056045 0.0929523 0.0579164 0.349758 0.00669005 0.00137312 0.00977495 0.0515286 0.0416947 0.13016 0.220379 0.185055 0.122317 0.00994767
internal_weight=518915 28863.4 21017.3 11273.6 5825.35 3283.1 163.367 67.581 46.7043 2542.25 3119.73 2802.68 2782.03 1248.89 1533.14 156.691 7846.12 199.55 1086.03 42.3366 2463.85 5448.22 4434.17 868.691 850.229 212.883 123.982 109.054 92.1287 637.346
internal_count=4184735 255193 207659 143855 57153 35351 1192 390 254 21802 34159 28528 28445 12249 16196 1312 47534 992 11924 237 21591 86702 72106 11720 11532 2075 902 804 648 9457
cat_boundaries=0 1 2 3 4 5 6
cat_threshold=6 32 26 32 32 18
is_linear=0
shrinkage=0.08


Tree=143
num_leaves=31
num_cat=9
split_feature=37 38 47 23 19 19 45 17 42 12 12 17 17 2 39 12 19 41 19 22 42 19 34 11 19 19 17 15 17 9
split_gain=131.071 245.338 396.585 360.928 1434.58 822.987 306.024 301.82 377.453 486.629 1850.61 623.007 277.295 262.043 260.452 259.23 611.367 523.002 449.479 1357.76 448.456 741.472 621.922 830.632 1923.5 1574.09 1683.77 383.673 733.122 985.907
threshold=0 1 2 9.5000000000000018 277.80000305175787 359.20999145507818 3 4.5000000000000009 4 2356.900024414063 2500.005004882813 2.5000000000000004 3.5000000000000004 inf 5 892.32495117187511 683.36499023437511 6 703.52499389648449 1.5000000000000002 7 8062.5998535156259 8 11.500000000000002 963.82501220703136 2035.975036621094 7.5000000000000009 1.0000000180025095e-35 8.5000000000000018 1.0000000180025095e-35
decision_type=1 1 1 2 2 2 9 2 9 2 2 2 2 8 9 2 2 9 2 2 9 2 1 2 2 2 2 2 2 2
left_child=-1 2 3 6 -5 -6 15 8 -8 -10 -11 -12 -7 14 -4 16 27 18 19 -18 21 22 23 25 -25 -19 -27 -2 -29 -30
right_child=1 -3 13 4 5 12 7 -9 9 10 11 -13 -14 -15 -16 -17 17 20 -20 -21 -22 -23 -24 24 -26 26 -28 28 29 -31
leaf_value=0.0015537934898469245 -0.016343255805316776 -0.00024694790554705218 0.03112300615210695 -0.090131305663005867 1.8892593574996741 0.76083137065155759 -0.068576303500821487 -0.067444312565451442 -0.0061679774936991196 2.1464727772512839 1.2038973752879496 -0.08593530649133739 -0.085166449162152061 0.041885311840972834 -0.0049292040852137557 -0.034097971049972704 -0.082735316640767553 -0.082756305581479325 0.10444838418644935 1.331921321209302 -0.058082465491139115 1.6245520167088088 -0.073948054429924581 2.1387526405826112 -0.083591749635747781 2.1241125699067496 -0.081601782131526801 -0.08510617157258471 0.78635525215232693 0.047266981796588434
leaf_weight=194192.80519918783 4589.2603499444667 283602.43888447655 1348.7125437147915 35.036118200048804 3.6206852085888377 8.4521556873805803 753.73362909001298 1447.7555975775467 1743.9405502190348 3.2016397817060378 2.7564953987021026 18.359315319685265 3.5090706944465628 852.23928592633456 26108.301479870919 2207.1079160820518 10.283494715578856 32.338351843180135 436.23998354352079 7.5153914694674304 298.1546463042032 2.0910265292040995 62.264516390161589 4.8225798904895765 5.15911596105434 4.8521799398586136 4.0752506277058274 43.996501235291362 20.472097111865878 26.507692290702835
leaf_count=1731448 177883 1779819 2577 1206 70 205 20485 88965 45630 59 85 825 146 2027 144916 136158 649 1739 23828 38 16302 52 3226 110 295 75 270 1788 595 924
internal_value=-8.93035e-05 -0.00107508 -0.00693263 -0.0192723 0.193891 0.832518 -0.0201926 -0.0382337 -0.0216169 -0.00120541 0.354192 0.0824417 0.512641 -0.00180227 -0.00315829 -0.0108942 -0.00168298 0.0599902 0.117929 0.514588 -0.00628743 0.121287 0.10428 0.280516 0.990117 0.176849 1.11723 -0.0131183 0.149565 0.369335
internal_weight=517880 323687 40084.8 11775.5 50.618 15.5819 11724.9 3969.75 2521.99 1768.26 24.3175 21.1158 11.9612 28309.3 27457 7755.14 5548.03 867.797 454.039 17.7989 413.758 115.603 113.512 51.2475 9.9817 41.2658 8.92743 4680.24 90.9763 46.9798
internal_count=4182395 2450947 671128 521608 1627 421 519981 156049 67084 46599 969 910 351 149520 147493 363932 227774 46584 24515 687 22069 5767 5715 2489 405 2084 345 181190 3307 1519
cat_boundaries=0 1 2 3 4 5 6 7 8 9
cat_threshold=114 32 4 7 49 2 32 33 80
is_linear=0
shrinkage=0.08


Tree=144
num_leaves=31
num_cat=9
split_feature=37 18 4 3 13 3 45 22 44 36 11 10 3 34 19 37 19 19 7 3 34 4 4 3 7 36 3 19 1 41
split_gain=175.428 271.62 389.307 525.927 335.444 308.444 290.121 235.508 216.29 247.6 194.431 192.643 190.083 205.931 411.069 311.873 490.417 360.403 352.405 246.656 204.751 195.052 232.685 245.93 273.295 184.423 248.612 491.255 354.016 279.59
threshold=0 24.925001144409183 53.500000000000007 199.97499847412112 227.27500152587893 541.04000854492199 1 7.5000000000000009 2 3 100.50000000000001 1.5000000000000002 687.95001220703136 4 460.22500610351568 5 6717.4001464843759 608.52499389648449 810.00003051757824 728.21499633789074 6 6.5000000000000009 3.5000000000000004 805.30999755859386 12.500007629394533 7 728.21499633789074 4509.0500488281259 1.0000000180025095e-35 8
decision_type=1 2 10 8 2 10 9 2 9 9 2 2 10 1 2 1 2 2 2 10 1 8 10 10 2 9 8 2 2 9
left_child=1 2 -1 -4 8 -5 -6 11 9 -3 -10 25 -2 14 20 16 -16 -17 -18 -15 -14 22 -21 -24 -25 26 29 -28 -29 -8
right_child=12 4 3 5 6 -7 7 -9 10 -11 -12 -13 13 19 15 17 18 -19 -20 21 -22 -23 23 24 -26 -27 27 28 -30 -31
leaf_value=-0.0020711779911216197 -0.00019531412378401861 0.040099156691564775 0.47055586141555356 -0.05803546602093524 -0.0071435698796489446 0.3174401173004478 0.029439401487220504 0.22908614905532271 0.011269234841083425 -0.043754769174885681 0.24017234657006095 -0.065542273140147586 0.0090332038421213848 -0.044720277992378932 0.039736137671488342 0.10119412367383794 0.30860127210196342 -0.046816663648324514 -0.011528759391399071 -0.0048557146244095975 -0.057337468457372164 -0.038171275497051287 -0.0185705735439507 0.32085808702884905 0.052034600825563625 -0.0059348287242272073 0.042633904979455621 0.38731723088308817 -0.10845406594940732 -0.00012068614615748999
leaf_weight=35650.308848699089 428123.44547786424 3013.4464296111837 25.524126932024956 50.439280843362212 12689.18176951597 19.382777212187648 3847.3999073338928 31.382183595560491 18222.02752564149 237.32747533824295 23.779783019796014 214.1923847325379 514.73210246674716 1832.2595214112662 943.72977504692972 135.11145116202533 78.526573088951409 477.01041435217485 30.576721157412976 3084.5742480696645 698.05836821068078 1146.3654026382137 74.715839674696326 44.388022280298173 53.225775244645774 3043.2632733907085 405.37401363614481 47.159078828874044 11.457678086706435 4374.8506745003397
leaf_count=279734 3199471 18228 22 311 179423 85 42085 61 210694 1190 46 3327 2802 35661 7881 552 212 6196 431 56744 6934 9010 505 107 230 24002 10623 975 548 84113
internal_value=0.000197856 0.00359539 -0.00163942 0.159798 0.00764986 0.0461975 0.00128317 0.0102099 0.0149547 0.033966 0.0115676 0.0096433 -0.000438668 -0.0118714 0.00583959 0.0316654 0.0577523 -0.0139194 0.218883 -0.0200225 -0.0295667 -0.00979084 0.000198504 0.0906653 0.174277 0.0110163 0.0169425 0.0739359 0.29041 0.0137469
internal_weight=519143 81906.5 35745.7 95.3462 46160.8 69.8221 24664.3 11975.1 21496.6 3250.77 18245.8 11943.7 437237 9113.27 2877.75 1664.95 1052.83 612.122 109.103 6235.53 1212.79 4403.27 3256.9 172.33 97.6138 11729.5 8686.24 463.991 58.6168 8222.25
internal_count=4182203 855467 280152 418 575315 396 345157 165734 230158 19418 210740 165673 3326736 127265 25008 15272 8524 6748 643 102257 9736 66596 57586 842 337 162346 138344 12146 1523 126198
cat_boundaries=0 1 2 3 4 5 6 7 8 9
cat_threshold=90 36 1 146 10 5 2 161 35
is_linear=0
shrinkage=0.08


Tree=145
num_leaves=31
num_cat=13
split_feature=12 18 47 4 38 4 12 11 42 4 18 4 47 38 42 18 18 41 7 7 43 4 41 12 38 42 43 23 18 47
split_gain=150.964 302.18 624.804 497.722 561.59 679.988 737.115 474.547 515.098 457.426 558.408 452.909 405.664 366.711 504.189 469.151 996.196 1289.32 460.276 512.166 592.106 374.27 372.172 387.703 367.996 360.085 647.593 901.649 1356.08 576.498
threshold=613.52502441406261 288.02499389648443 0 19.500000000000004 1 25.500000000000004 300.05000305175787 2.5000000000000004 2 62.500000000000007 597.02499389648449 20.500000000000004 3 4 5 3054.525024414063 3804.3000488281255 6 22.755000114440922 42.000007629394538 7 7.5000000000000009 8 105.00000762939455 9 10 11 6.5000000000000009 448.67500305175787 12
decision_type=2 2 1 10 1 10 2 2 9 10 2 10 1 1 9 2 2 9 2 2 9 10 9 2 1 9 9 2 2 1
left_child=1 -1 -3 13 5 6 -5 -8 -9 11 -11 -6 -7 25 -15 18 17 -17 22 20 -20 -22 23 -16 -21 26 27 -4 29 -29
right_child=-2 2 3 4 9 12 7 8 -10 10 -12 -13 -14 14 15 16 -18 -19 19 24 21 -23 -24 -25 -26 -27 -28 28 -30 -31
leaf_value=0.00046345197923000224 0.002655186043917201 0.0024276214964184121 0.02144596693765979 -0.058547759270313325 0.0966195966091382 -0.025445405166992483 0.39576535944347085 0.31226085640930368 0.03989410684024336 -0.091883705431358181 0.18792266876552918 -0.044035636013951877 0.084814062094552528 -0.026819555150215977 0.044053417757818583 0.46817891463113592 0.0087126534475526034 0.0500157764615256 0.13672905983471204 0.037258503613267178 -0.0090251820790776555 0.40459878470279415 -0.039847063125058022 -0.020446549337609924 -0.0039684283909371988 -0.031949581986993325 -0.018182827518229198 0.91625623594358374 0.019732574353743076 0.30179142766044059
leaf_weight=318402.57733138208 108130.58963035344 42234.557627032511 1484.493065996794 77.827269442379475 167.12715357006527 463.71676175715402 72.604141190648079 70.503415027633309 124.83605888765305 66.634561768267304 144.93196261674166 1187.8954250162933 395.8681240323931 5764.9541137698106 886.36660981271416 67.894057465717196 650.162282489473 144.01678438973613 390.53762678708881 1595.0270190294832 456.39364137593657 14.443916780874131 3132.0598631643225 1823.3567393408157 10130.909786863485 9539.9664624814177 11056.049089211272 21.342769169248641 54.932312834076583 18.024894393980503
leaf_count=2088861 1190239 58727 24767 797 1100 5608 279 155 1123 1100 758 14942 1544 56103 8545 371 6913 1408 3234 8351 4712 108 36269 21665 113040 207856 323204 176 671 83
internal_value=-4.28899e-06 -0.000704588 -0.00473665 -0.0107879 0.0221584 0.0629203 0.158182 0.221134 0.156227 -0.00954504 0.0997954 -0.0266874 0.0253328 -0.0127215 -0.00608126 0.000126834 0.0578098 0.208444 -0.00257138 0.0060416 0.0655813 0.0035874 -0.0211298 0.000649377 0.00166788 -0.0202127 -0.0113324 0.0364525 0.276555 0.634917
internal_weight=518771 410640 92237.4 50002.9 2771.94 1205.36 345.771 267.944 195.339 1566.59 211.567 1355.02 859.585 47230.9 25056.1 19291.2 862.073 211.911 18429.1 12587.3 861.375 470.838 5841.78 2709.72 11725.9 22174.8 12634.8 1578.79 94.3 39.3677
internal_count=4182709 2992470 903609 844882 27406 9506 2354 1557 1278 17900 1858 16042 7152 817476 260719 204616 8692 1779 195924 129445 8054 4820 66479 30210 121391 556757 348901 25697 930 259
cat_boundaries=0 1 2 3 4 5 6 7 8 9 10 11 12 13
cat_threshold=2 22 2 4 292 16 4 40 19 513 24 10 4
is_linear=0
shrinkage=0.08


Tree=146
num_leaves=31
num_cat=9
split_feature=7 12 45 36 2 6 43 19 19 11 43 19 19 18 42 19 11 13 45 43 36 7 13 6 4 12 11 18 6 35
split_gain=108.794 151.748 346.556 347.339 431.13 275.76 243.365 270.904 215.27 236.041 372.371 1247.84 2113.64 232.644 217.443 288.387 209.208 204.95 250.878 378.204 308.024 287.784 382.067 541.621 572.574 485.952 469.577 381.165 1297.42 420.324
threshold=1417.9202270507815 630.98999023437511 0 1 2.5000000000000004 684.02490234375011 2 608.52499389648449 703.52499389648449 1.0000000180025095e-35 3 784.72500610351574 763.04998779296886 160.05000305175784 4 994.01501464843761 12.500000000000002 290.77499389648443 5 6 7 476.80001831054693 454.00001525878912 474.54998779296881 12.500000000000002 411.22500610351568 10.500000000000002 121.04999923706056 85.00000381469728 8
decision_type=2 2 9 9 10 2 9 2 2 2 9 2 2 2 9 2 2 2 9 9 9 2 2 2 10 2 2 2 2 1
left_child=1 8 3 4 5 6 -3 -8 16 10 11 12 -10 -13 15 -12 17 -1 20 -20 21 22 -19 25 -25 26 27 28 -24 -29
right_child=-2 2 -4 -5 -6 -7 7 -9 9 -11 14 13 -14 -15 -16 -17 -18 18 19 -21 -22 -23 23 24 -26 -27 -28 29 -30 -31
leaf_value=-0.00052978797193667805 -0.0070178172270453426 -0.060363753931912713 0.0049897380254451283 -0.012392158449754109 0.35572442778793134 -0.02859998758388687 -0.0942920319190374 0.14909938314595958 -0.019526608837523479 -0.010102611948828522 0.16072654970729683 0.30753031292579269 1.2277647522581554 -0.0085463861035110864 -0.00077581236037086788 -0.043253920047848171 -0.036139660140414975 0.015160421321091265 -0.028916819731883942 0.0044290336839007049 -0.0091526948732205682 -0.0098290478396870339 0.0996799853287023 0.13209145369704961 0.57107420908237261 -0.0073113501776415337 0.27356884376751128 0.11548797001741345 0.93380212610476265 0.019991332427139817
leaf_weight=352184.11111026478 14067.066542729561 59.579437081702054 79645.86544953275 11830.776634006179 28.20786323165521 245.80613572872244 33.498816847801208 231.70273506920785 18.744603279512376 23407.578600926907 127.47974394401535 16.821637017419562 16.218309064628556 130.69458118069451 2142.4253623642726 68.031254394212738 1026.242327626911 8478.7974241275806 2591.1562423099531 13334.3813502423 3196.4184453398921 1948.0441623446532 100.85206922260113 127.44303394877352 22.350909037515521 872.76747251115739 67.183760631363839 403.15029467362911 13.536273148842154 1081.7183988024481
leaf_count=2401181 188741 654 818299 167814 113 1541 235 821 262 281594 303 69 107 2525 19156 597 11538 75345 47102 100423 17314 20091 736 752 40 9632 491 3405 115 10997
internal_value=-7.86578e-05 0.000115231 0.00305099 -0.00936854 0.0495933 0.0353284 0.0837118 0.114055 -0.000541859 -0.0075979 0.0156638 0.122623 0.559057 0.0274966 0.00676206 0.0853811 -6.72196e-05 2.90784e-05 0.00613445 -0.00101123 0.0131033 0.0185301 0.0234935 0.0497688 0.197593 0.0410483 0.0663758 0.0576717 0.198387 0.0468316
internal_weight=517519 503452 92075.4 12429.6 598.795 570.587 324.781 265.202 411376 25928 2520.42 182.479 34.9629 147.516 2337.94 195.511 385448 384422 32237.8 15925.5 16312.3 13115.8 11167.8 2689 149.794 2539.21 1666.44 1599.26 114.388 1484.87
internal_count=4181993 3993252 989477 171178 3364 3251 1710 1056 3003775 304613 23019 2963 369 2594 20056 900 2699162 2687624 286443 147525 138918 121604 101513 26168 792 25376 15744 15253 851 14402
cat_boundaries=0 1 2 3 4 5 6 7 8 9
cat_threshold=34 9 5 32 1 14 35 131 24
is_linear=0
shrinkage=0.08


Tree=147
num_leaves=31
num_cat=13
split_feature=0 37 36 38 47 3 2 18 18 18 38 22 12 18 40 13 45 38 7 47 4 47 17 18 13 41 38 4 45 23
split_gain=129.649 124.211 335.636 570.547 343.244 358.204 589.821 333.901 349.849 325.947 314.846 303.173 280.373 723.632 408.245 269.448 233.92 414.62 385.619 366.876 233.884 339.171 362.882 221.547 365.036 218.992 374.745 356.402 371.389 439.905
threshold=3.5000000000000004 0 1 2 3 78.599998474121108 1.5000000000000002 829.02502441406261 854.77502441406261 1961.559997558594 4 2.5000000000000004 4293.8000488281259 4965.9750976562509 5 938.77499389648449 6 7 81.505004882812514 8 28.500000000000004 9 19.500000000000004 199.02500152587893 502.00003051757818 10 11 14.500000000000002 12 5.5000000000000009
decision_type=2 1 9 1 1 10 10 2 2 2 1 2 2 2 1 2 9 1 2 1 8 1 2 2 2 9 1 10 9 2
left_child=1 25 3 9 -5 6 7 10 -9 11 -6 16 -7 -14 -15 -10 17 18 -3 -20 21 -18 -23 24 -12 26 -1 28 29 -28
right_child=-2 2 -4 4 5 12 -8 8 15 -11 23 -13 13 14 -16 -17 20 -19 19 -21 -22 22 -24 -25 -26 -27 27 -29 -30 -31
leaf_value=-0.011822637638414426 0.16187463511418887 0.032685127323393084 0.0003541105689064039 -0.0090444027570207482 0.18637971722985666 -0.048960447481080832 0.21753472379030708 0.27674944209857993 -0.09975768084342182 -0.064206421097383518 -0.021282949146574533 0.13271212259008447 0.43741154803859628 0.21585198431720021 -0.089629378928015729 0.12447571469534237 0.0037169815013628916 0.010305024764893105 0.011775275573766735 0.24231202262294674 0.013628924307612551 -0.053626006285310765 0.21039700054570873 -0.094556424274978443 0.37985138327270113 0.00085364467830805325 0.013156203598945503 0.056946202888192826 -0.0028489360520386935 0.07539464983996666
leaf_weight=5477.0595913862344 31.902796912938356 324.40593687072396 300761.3755348628 6995.7327489703894 31.24625626206398 4486.6672011753544 77.671263638883829 46.519372411072254 62.55897806212306 427.48931177845225 521.28277614340186 121.51987506728619 26.887106411159039 27.057824766263366 105.51508258469403 75.916773047298193 1929.2602571900934 3431.9574650209397 63.524031110107899 145.07625700067729 2599.5376142719761 1421.2085696551949 34.116484523750842 316.01173432171345 14.93495351448655 155971.63705776492 20846.129193769186 1035.3979250647826 10801.668814654346 753.06639957171865
leaf_count=41244 130 1658 2351896 11030 147 40940 247 54 522 2724 3667 200 108 140 1125 249 2753 11013 82 885 7991 11157 119 2784 20 1233902 278229 3899 165289 8785
internal_value=0.00060735 0.000597435 -0.000362424 -0.0096133 -0.0209541 -0.0353745 0.00468059 -0.0107926 0.0869389 0.00420802 -0.0312571 0.00711633 -0.0452556 0.0589878 -0.0177603 0.0231741 0.00558228 0.0206227 0.0856436 0.172108 -0.00441029 -0.0182784 -0.0474366 -0.0409431 -0.0101104 0.00219336 0.00756158 0.0107394 0.00926615 0.0153191
internal_weight=518964 518932 324047 23286.1 12788 5792.27 1146.14 1068.47 184.995 10498.1 883.476 10070.6 4646.13 159.46 132.573 138.476 9949.09 3964.96 533.006 208.6 5984.12 3384.59 1455.33 852.229 536.218 194885 38913.3 33436.3 32400.9 21599.2
internal_count=4182989 4182859 2451511 99615 61033 50003 7690 7443 825 38582 6618 35858 42313 1373 1265 771 35658 13638 2625 967 22020 14029 11276 6471 3687 1731348 497446 456202 452303 287014
cat_boundaries=0 1 2 3 4 5 6 7 8 9 10 11 12 13
cat_threshold=114 34 551 2 8 8 4 36 2 2 20 580 44
is_linear=0
shrinkage=0.08


Tree=148
num_leaves=31
num_cat=11
split_feature=31 3 2 32 23 38 38 47 44 20 37 3 16 1 12 26 38 3 34 9 21 11 17 47 3 37 3 3 38 38
split_gain=158.865 351.686 248.478 232.011 250.672 238.364 187.142 155.712 230.501 314.299 164.431 149.281 136.826 131.305 125.136 122.42 123.605 210.883 122.239 116.682 159.008 219.038 140.886 115.962 219.9 137.303 132.19 151.392 191.201 145.882
threshold=1.0000000180025095e-35 25.809999465942386 inf -0.34499999880790705 1.5000000000000002 0 1 2 3 1.0000000180025095e-35 4 135.004997253418 1.5000000000000002 8.5000000000000018 1311.0300292968752 1.0000000180025095e-35 5 40.755001068115241 6 1.5000000000000002 2.5000000000000004 8.5000000000000018 76.500000000000014 7 78.599998474121108 8 593.85998535156261 283.66500854492193 9 10
decision_type=10 8 8 8 2 1 1 1 9 2 1 10 2 2 2 8 1 8 1 2 2 2 2 1 10 1 10 10 1 1
left_child=13 6 3 23 5 7 -2 -5 9 10 -9 -12 -7 15 -11 16 17 -1 -18 20 -17 -22 -23 24 -3 26 27 29 -29 -26
right_child=1 2 -4 4 -6 12 -8 8 -10 14 11 -13 -14 -15 -16 19 18 -19 -20 -21 21 22 -24 -25 25 -27 -28 28 -30 -31
leaf_value=0.22199632427466157 -0.018902650233976952 -0.13304064284621275 -0.051219505592839533 0.017136081758602737 -0.0063262034934720782 0.019768535250391336 -0.15190399606732802 0.093669774728086269 0.02548642990527104 0.34265914716632928 -0.15442302336101191 0.040002811033437669 -0.10253910717620446 0.070199433815284817 0.14420916510064755 0.00011446207257014228 0.10606458071062737 -0.037849632272316427 0.022920850238131139 -0.05305163929640478 0.20888884761588761 -0.033575607793682419 0.098856220121816551 0.0092379109119312061 0.00029423882835617678 -0.08143149057285623 -0.072668381740946683 0.071936933021440885 -0.019345835970322835 -0.10182424978747559
leaf_weight=21.933896329253912 173.03191916178912 103.30113842710853 387.53846725821495 576.27542608231306 1620.9996779162902 4060.343398890458 114.53085404075682 631.55506995506585 538.47968447161838 40.026146102696657 32.300445172935724 116.18604900222272 59.394735274836421 171.39890286698937 41.338187554851174 505306.76592620322 182.73969359463081 225.4197179483017 320.8390057857614 264.00611943448894 52.369715641136281 114.62259356840514 93.227327710017562 1974.0179696776904 343.11432164162397 150.30634654965252 150.3778473471757 341.59598244447261 250.31953334715217 112.38103793095797
leaf_count=48 563 526 1210 767 5325 13112 895 1199 1098 46 178 396 434 402 182 4136330 257 2026 931 2794 177 1086 309 3950 1170 1830 1893 2129 1204 666
internal_value=0.000404324 0.00957365 0.0117532 0.0139434 0.0216346 0.0290698 -0.0778144 0.0518739 0.0665445 0.0922107 0.0766038 -0.00214633 0.0179616 0.000190497 0.241834 0.00016681 0.0324439 -0.0142326 0.05457 0.000118893 0.000146658 0.0626664 0.0258243 -0.00338352 -0.0205497 -0.0119298 -0.0025075 0.00754163 0.0342222 -0.0271297
internal_weight=518571 11817.4 11529.9 11142.3 7716.9 6095.9 287.563 1976.16 1399.89 861.406 780.042 148.486 4119.74 506753 81.3643 506582 750.932 247.354 503.579 505831 505567 260.22 207.85 3425.41 1451.4 1348.1 1197.79 1047.41 591.916 455.495
internal_count=4183133 38773 37315 36105 22737 17412 1458 3866 3099 2001 1773 574 13546 4144360 228 4143958 3262 2074 1188 4140696 4137902 1572 1395 13368 9418 8892 7062 5169 3333 1836
cat_boundaries=0 1 2 3 4 5 6 7 8 9 10 11
cat_threshold=385 585 2 2 13 305 80 4 53 44 342
is_linear=0
shrinkage=0.08


Tree=149
num_leaves=31
num_cat=14
split_feature=44 45 37 35 12 12 45 14 40 13 12 36 7 18 37 18 16 6 7 42 7 20 41 34 39 41 18 24 39 11
split_gain=186.609 291.495 162.983 183.374 420.589 265.531 358.57 247.273 216.984 325.237 871.765 196.581 188.436 423.968 314.299 317.492 279.555 461.618 273.056 298.899 234.67 207.067 200.436 212.593 421.303 204.368 199.324 194.183 192.838 188.278
threshold=0 1 2 3 1373.8999633789065 2500.005004882813 4 26.500000000000004 5 2758.2600097656255 1114.0750122070315 6 334.42500305175787 170.15000152587893 7 147.55000305175784 1.0000000180025095e-35 198.00001525878909 544.47500610351574 8 810.00003051757824 1.0000000180025095e-35 9 10 11 12 3221.474975585938 4.5000000000000009 13 10.500000000000002
decision_type=9 9 1 1 2 2 9 2 1 2 2 9 2 2 1 2 2 2 2 9 2 2 9 1 9 9 2 2 9 2
left_child=2 -2 3 5 8 -1 -7 -6 -5 11 -11 -10 13 14 22 -16 26 -18 19 29 -20 -21 -13 24 -24 -26 28 -28 -15 -14
right_child=1 -3 -4 4 7 6 -8 -9 9 10 -12 12 18 16 15 -17 17 -19 20 21 -22 -23 23 -25 25 -27 27 -29 -30 -31
leaf_value=0.0020470171859624312 -0.015153285052008927 0.00028166488143812544 -0.00056149092183585753 -0.0036612289768653311 -0.032033624788123653 0.065895035551497005 -0.013896697470678829 0.15917461622238244 -0.021254693731362677 -0.053601853890287127 0.63924681793716298 -0.0034124136452649777 0.16854137921124321 -0.0057271095514760785 0.01106612955385277 0.16509535452144999 -0.12734382217463353 0.14218845049280718 -0.068228787526255122 -0.13668070449353512 0.059452918394272532 0.10658784860704865 -0.027268471574634121 0.045728291274795108 0.22653716219410613 0.097529283985566234 0.020641500968000256 0.24906628831903152 -0.065055996775456995 -0.0082473237767123637
leaf_weight=25057.605579050258 7960.2544162887207 447221.49406948185 23922.451241146307 1937.4535492379218 1343.4998075887561 958.89276538882405 574.42723633814603 44.726564174517989 556.13808715995401 28.023869052529335 19.8587999753654 379.20140601601452 291.84602064080536 813.57142918929458 2988.6813778774813 88.172596847638488 54.219810208305717 162.69225427415222 137.00715077482164 49.854269815608859 281.22543591912836 40.654310225509107 134.99868587963283 2055.7835616627708 115.85454446077347 438.73232178017497 122.62763666454703 29.559324345551431 616.17184593714774 44.422493820078671
leaf_count=82590 105772 3824110 116074 6272 9759 1930 3100 9 1525 227 120 897 870 2400 10294 195 475 382 1064 409 1369 81 570 5221 114 1149 635 34 4925 298
internal_value=0.000577342 1.14105e-05 0.00464763 0.00781134 0.0156873 0.00402305 0.0363418 -0.0258732 0.020768 0.0257535 0.233749 0.0247215 0.027605 0.0238414 0.0337601 0.01543 -0.0103529 0.0748156 0.0635646 0.108583 0.0176262 -0.0246831 0.0515958 0.0591786 0.0980496 0.130323 -0.0220311 0.0650085 -0.0312959 0.140994
internal_weight=518470 455182 63288.4 39365.9 12775 26590.9 1533.32 1388.23 11386.8 9449.3 47.8827 9401.41 8845.28 8000.27 6201.42 3076.85 1798.84 216.912 845.01 426.777 418.233 90.5086 3124.57 2745.37 689.586 554.587 1581.93 152.187 1429.74 336.269
internal_count=4182870 3929882 252988 136914 49294 87620 5030 9768 39526 33254 347 32907 31382 27291 18440 10489 8851 857 4091 1658 2433 490 7951 7054 1833 1263 7994 669 7325 1168
cat_boundaries=0 1 2 3 4 5 6 7 8 9 10 11 12 13 14
cat_threshold=1 2 99 32 12 4 114 96 40 18 16 2 4 1
is_linear=0
shrinkage=0.08


end of trees

feature_importances:
MONTHLY_PREMIUM=404
TENURE_BAND=342
POLICY_OWNER_AGE_BAND=243
CHANNEL_ACQUISITION=237
PREMIUM_CHANGE_3M=225
MARKETING_OPTIN=191
PAYMENT_FREQUENCY_DESC=178
TOTAL_OUT_OF_POCKET_ROLL12M=170
LHC_LOADING_RATE=167
TOTAL_BENEFIT_PAID_ROLL12M=161
STATE_CODE=151
EXTRAS_TIER=144
INCOME_TIER=136
HOSPITAL_TIER=117
PAYMENT_METHOD_DESC=115
TOTAL_BENEFIT_PAID_ROLL3M=110
ACTIVE_CHILD_COUNT=106
TOTAL_BENEFIT_PAID_ROLL6M=105
TOTAL_CLAIM_COUNT_ROLL12M=103
HOSPITAL_EXCESS_AMT=103
TOTAL_OUT_OF_POCKET_ROLL6M=94
ARREARS_FLAG=93
SCALE=92
TOTAL_OUT_OF_POCKET_ROLL3M=87
TOTAL_CLAIM_COUNT_ROLL6M=73
PRODUCT_HOLDINGS=63
ARREARS_FLAG_LAG2M=56
NEGATIVE_SENTIMENT_CALLS_LAST_6M=53
NO_BENEFIT_PAID_FLAG_ROLL12M=40
TOTAL_CLAIM_COUNT_ROLL3M=38
YOUNGEST_DEPENDANT_AGE_BAND=33
NO_BENEFIT_PAID_FLAG_ROLL6M=27
MONTHS_SINCE_LAST_CLAIM=26
LAST_SERVICE_RATING=26
LAST_NPS_RATING=24
REVERSAL_FLAG_ROLL12M=23
ACTIVE_ADULT_COUNT=21
NO_BENEFIT_PAID_FLAG_ROLL3M=20
HOSPITAL_CLAIM_COUNT_ROLL12M=17
HOSPITAL_CLAIM_COUNT_ROLL6M=16
REVERSAL_FLAG_ROLL6M=15
HOSPITAL_CLAIM_COUNT_ROLL3M=12
MONTHS_SINCE_LAST_SURVEY=12
LAST_OVERALL_EXPERIENCE_RATING=11
REVERSAL_FLAG_ROLL3M=9
CALL_NEGATIVE_SENTIMENT=8
RESOLUTION_TIME=2
RECENT_LOW_RATING_FLAG=1

parameters:
[boosting: gbdt]
[objective: binary]
[metric: auc,average_precision]
[tree_learner: serial]
[device_type: cpu]
[data_sample_strategy: bagging]
[data: ]
[valid: ]
[num_iterations: 150]
[learning_rate: 0.08]
[num_leaves: 31]
[num_threads: 4]
[seed: 42]
[deterministic: 1]
[force_col_wise: 1]
[force_row_wise: 0]
[histogram_pool_size: -1]
[max_depth: -1]
[min_data_in_leaf: 100]
[min_sum_hessian_in_leaf: 0.001]
[bagging_fraction: 0.6]
[pos_bagging_fraction: 1]
[neg_bagging_fraction: 1]
[bagging_freq: 1]
[bagging_seed: 400]
[bagging_by_query: 0]
[feature_fraction: 0.7]
[feature_fraction_bynode: 1]
[feature_fraction_seed: 30056]
[extra_trees: 0]
[extra_seed: 12879]
[early_stopping_round: 0]
[early_stopping_min_delta: 0]
[first_metric_only: 0]
[max_delta_step: 0]
[lambda_l1: 0]
[lambda_l2: 0]
[linear_lambda: 0]
[min_gain_to_split: 0]
[drop_rate: 0.1]
[max_drop: 50]
[skip_drop: 0.5]
[xgboost_dart_mode: 0]
[uniform_drop: 0]
[drop_seed: 17869]
[top_rate: 0.2]
[other_rate: 0.1]
[min_data_per_group: 100]
[max_cat_threshold: 32]
[cat_l2: 10]
[cat_smooth: 10]
[max_cat_to_onehot: 4]
[top_k: 20]
[monotone_constraints: ]
[monotone_constraints_method: basic]
[monotone_penalty: 0]
[feature_contri: ]
[forcedsplits_filename: ]
[refit_decay_rate: 0.9]
[cegb_tradeoff: 1]
[cegb_penalty_split: 0]
[cegb_penalty_feature_lazy: ]
[cegb_penalty_feature_coupled: ]
[path_smooth: 0]
[interaction_constraints: ]
[verbosity: -1]
[saved_feature_importance_type: 0]
[use_quantized_grad: 0]
[num_grad_quant_bins: 4]
[quant_train_renew_leaf: 0]
[stochastic_rounding: 1]
[linear_tree: 0]
[max_bin: 127]
[max_bin_by_feature: ]
[min_data_in_bin: 3]
[bin_construct_sample_cnt: 200000]
[data_random_seed: 175]
[is_enable_sparse: 1]
[enable_bundle: 1]
[use_missing: 1]
[zero_as_missing: 0]
[feature_pre_filter: 1]
[pre_partition: 0]
[two_round: 0]
[header: 0]
[label_column: ]
[weight_column: ]
[group_column: ]
[ignore_column: ]
[categorical_feature: 34,35,36,37,38,39,40,41,42,43,44,45,46,47,48,49]
[forcedbins_filename: ]
[precise_float_parser: 0]
[parser_config_file: ]
[objective_seed: 16083]
[num_class: 1]
[is_unbalance: 0]
[scale_pos_weight: 44.6328]
[sigmoid: 1]
[boost_from_average: 1]
[reg_sqrt: 0]
[alpha: 0.9]
[fair_c: 1]
[poisson_max_delta_step: 0.7]
[tweedie_variance_power: 1.5]
[lambdarank_truncation_level: 30]
[lambdarank_norm: 1]
[label_gain: ]
[lambdarank_position_bias_regularization: 0]
[eval_at: ]
[multi_error_top_k: 1]
[auc_mu_weights: ]
[num_machines: 1]
[local_listen_port: 12400]
[time_out: 120]
[machine_list_filename: ]
[machines: ]
[gpu_platform_id: -1]
[gpu_device_id: -1]
[gpu_device_id_list: ]
[gpu_use_dp: 0]
[num_gpu: 1]

end of parameters

pandas_categorical:null
