tree
version=v4
num_class=1
num_tree_per_iteration=1
label_index=0
max_feature_idx=49
objective=binary sigmoid:1
feature_names=ACTIVE_ADULT_COUNT ACTIVE_CHILD_COUNT INCOME_TIER MONTHLY_PREMIUM LHC_LOADING_RATE TOTAL_CLAIM_COUNT_ROLL3M TOTAL_BENEFIT_PAID_ROLL3M TOTAL_OUT_OF_POCKET_ROLL3M HOSPITAL_CLAIM_COUNT_ROLL3M REVERSAL_FLAG_ROLL3M NO_BENEFIT_PAID_FLAG_ROLL3M TOTAL_CLAIM_COUNT_ROLL6M TOTAL_BENEFIT_PAID_ROLL6M TOTAL_OUT_OF_POCKET_ROLL6M HOSPITAL_CLAIM_COUNT_ROLL6M REVERSAL_FLAG_ROLL6M NO_BENEFIT_PAID_FLAG_ROLL6M TOTAL_CLAIM_COUNT_ROLL12M TOTAL_BENEFIT_PAID_ROLL12M TOTAL_OUT_OF_POCKET_ROLL12M HOSPITAL_CLAIM_COUNT_ROLL12M REVERSAL_FLAG_ROLL12M NO_BENEFIT_PAID_FLAG_ROLL12M MONTHS_SINCE_LAST_CLAIM MONTHS_SINCE_LAST_SURVEY LAST_OVERALL_EXPERIENCE_RATING LAST_NPS_RATING LAST_SERVICE_RATING RECENT_LOW_RATING_FLAG HAS_EVER_SURVEYED HAD_COMPLAINT_FLAG ARREARS_FLAG_LAG2M PREMIUM_CHANGE_3M NEGATIVE_SENTIMENT_CALLS_LAST_6M POLICY_OWNER_AGE_BAND SCALE STATE_CODE CHANNEL_ACQUISITION TENURE_BAND YOUNGEST_DEPENDANT_AGE_BAND PRODUCT_HOLDINGS HOSPITAL_TIER EXTRAS_TIER HOSPITAL_EXCESS_AMT PAYMENT_METHOD_DESC PAYMENT_FREQUENCY_DESC ARREARS_FLAG MARKETING_OPTIN CALL_NEGATIVE_SENTIMENT RESOLUTION_TIME
feature_infos=[0:4] [0:14] [0:3] [0.31000000238418579:1487.31005859375] [0:70] [0:271] [-266:185917.546875] [-23.020000457763672:74483.75] [0:40] [0:3] [0:3] [0:287] [-479.20001220703125:334143.8125] [-41:74483.75] [0:80] [0:6] [0:6] [0:288] [-428.20001220703125:334226.25] [-41:75431.546875] [0:93] [0:7] [0:9] [-1:11] [-1:12] [0:10] [0:10] [0:10] [0:1] [0:1] [0:1] [0:1] [-668.65997314453125:890.8499755859375] [0:6] -1:2:1:4:3:6:5:0 -1:5:3:0:4 -1:7:6:1:3:4:0:5 -1:0:5:2:4:3:1:6 -1:5:8:2:6:3:1:4:9:0:7 -1:0:1 -1:1:2:3:0 -1:1:5:2:0:4 -1:3:5:4:1:0 -1:3:0:2:5:1 -1:1:0 -1:0:2:5:3:1 -1:0:1 -1:2:0:1 -1:0 -1:3:1
tree_sizes=3302 3217 3270 3271 3295 3314 3266 3274 3363 3358 3329 3307 3326 3344 3373 3377 3448 3397 3392 3303 3337 3311 3324 3323 3337 3283 3373 3408 3286 3288 3344 3421 3313 3285 3396 3303 3372 3362 3344 3322 3401 3338 3383 3409 3328 3370 3401 3334 3402 3305 3304 3412 3388 3310 3394 3362 3382 3426 3332 3323 3347 3339 3348 3407 3390 3433 3354 3297 3443 3368 3329 3400 3356 3343 3389 3406 3392 3319 3423 3332 3412 3354 3362 3404 3343 3344 3438 3433 3384 3442 3311 3338 3319 3327 3403 3367 3390 3386 3372 3386 3301 3341 3386 3357 3376 3341 3313 3371 3310 3311 3376 3347 3351 3397 3351 3405 3374 3450 3306 3338 3425 3406 3381 3374 3395 3394 3394 3407 3404 3445 3430 3412 3392 3360 3386 3361 3326 3371 3416 3359 3335 3346 3369 3408 3399 3280 3376 3404 3337 3317

Tree=0
num_leaves=31
num_cat=15
split_feature=2 36 3 40 37 18 37 35 6 3 44 37 32 44 37 41 0 3 3 37 41 33 41 31 19 18 41 37 0 0
split_gain=2.5831e+06 2.17282e+06 2.00092e+06 707605 352908 225049 152500 150825 146065 152626 114926 103228 92617.1 88065.3 64889.2 56729.8 56314 54694.2 44763.7 43407.2 39198.2 38439.5 38001.2 36888.4 35100.1 42217.8 33869 33159.5 32352.7 29685.1
threshold=inf 0 487.29499816894537 1 2 1.0000000180025095e-35 3 4 9324.1748046875018 251.96500396728518 5 6 -6.4849998950958243 7 8 9 1.5000000000000002 251.96500396728518 368.18499755859381 10 11 1.0000000180025095e-35 12 1.0000000180025095e-35 961.45999145507824 5309.0749511718759 13 14 1.5000000000000002 1.5000000000000002
decision_type=8 9 10 1 1 2 1 1 2 10 9 1 10 9 1 9 2 8 10 1 9 2 9 10 2 2 9 1 2 2
left_child=1 2 3 15 13 10 -3 27 9 11 -6 -7 -2 -5 -8 -1 -9 23 -14 -18 -12 -16 -11 -13 25 -24 -15 -4 -17 -28
right_child=12 6 7 4 5 8 14 16 -10 22 20 17 18 26 21 28 19 -19 -20 -21 -22 -23 24 -25 -26 -27 29 -29 -30 -31
leaf_value=-1.0447804509175014 -0.80812866149121065 -2.3737236480365711 -2.6033567388235941 -1.1903355298881353 -1.6598577774054568 -2.8891542509803645 -1.5474095691073266 -2.2024450743243738 -1.7527649087596999 -2.1743970032345823 -2.3466990822999483 -2.3239235981611301 -1.2348490918426336 -1.2983450211894949 -1.7611491061568358 -1.6766686253296723 -2.29806697828763 -0.97436696357023234 -2.2907915934006384 -2.886739090278156 -2.13836390039602 -2.9118010907735714 -2.6141481700033067 -1.4674347139981694 -2.7869466497876019 -2.1794273850801522 -1.9930078363345793 -3.1880219504110743 -1.9383467923182633 -2.2205534159300857
leaf_weight=896.74580883979797 8029.819088101387 2153.3923276662827 649.22256052494049 829.05912441015244 2422.4559051990509 2173.0671064853668 19313.5115852952 1024.7806624174118 1805.7158984541893 1281.0149182677269 12483.915385365486 24589.911095917225 2502.2131996750832 467.44734424352646 18722.970445632935 10031.636492729187 915.15269190073013 196.97162443399429 286.33844232559204 8447.1482652425766 14010.675964593887 187.67266434431076 18432.661025047302 326.09784740209579 7152.3793632388115 1549.9567224383354 14450.390469789505 14625.738119781017 4328.5703154802322 4918.1065306663513
leaf_count=5067 25037 47530 16067 6435 32622 61637 233452 20556 26355 25089 272145 529541 20775 3965 275175 137140 19265 1012 6051 239588 269956 5382 461943 3629 194263 30657 253088 468469 72937 99734
internal_value=-2.14821 -2.21724 -2.35949 -2.22469 -2.29784 -2.36949 -1.6966 -3.00167 -2.46089 -2.48385 -2.1873 -2.34871 -0.946069 -1.99891 -1.65877 -1.71333 -2.76625 -2.30272 -1.34328 -2.8271 -2.23552 -1.77352 -2.61361 -2.31271 -2.63521 -2.58043 -2.03191 -3.16255 -1.75681 -2.05157
internal_weight=199205 188386 148009 122347 107090 86424.8 40377.5 25662 57507.8 55702.1 28917 27286 10818.4 20665 38224.2 15257 10387.1 25113 2788.55 9362.3 26494.6 18910.6 28416 24916 27135 19982.6 19835.9 15275 14360.2 19368.5
internal_count=3864562 3812699 3251160 2487215 2272071 1908849 561539 763945 1334126 1307771 574723 595819 51863 363222 514009 215144 279409 534182 26826 258853 542101 280557 711952 533170 686863 492600 356787 484536 210077 352822
cat_boundaries=0 1 2 3 4 5 6 7 8 9 10 11 12 13 14 15
cat_threshold=128 9 4 16 1 1 18 1 4 16 4 34 17 16 68
is_linear=0
shrinkage=1


Tree=1
num_leaves=31
num_cat=21
split_feature=47 2 36 3 40 37 18 6 3 35 46 37 47 35 3 35 37 37 37 31 45 19 18 45 43 38 38 35 35 38
split_gain=9.06453e+06 1.17613e+06 751006 655554 402873 193589 114372 117331 116421 113749 83672.5 71332.8 60395 115874 56285.4 41896.2 46688.3 33258.7 30625.1 27271 27073.4 25078.8 32307.5 22851.3 18110.5 14847 14391.3 14204.3 13436.7 12722.5
threshold=0 inf 1 487.29499816894537 2 3 1.0000000180025095e-35 9324.1748046875018 251.96500396728518 4 5 6 7 8 18.964999198913578 9 10 11 12 1.0000000180025095e-35 13 961.45999145507824 5309.0749511718759 14 15 16 17 18 19 20
decision_type=1 8 9 10 1 1 2 2 10 1 1 1 1 1 10 1 1 1 1 10 9 2 2 9 9 1 1 1 1 1
left_child=1 2 3 4 5 20 23 8 14 18 12 -4 25 29 -8 16 -11 -13 -5 -16 -1 22 -10 -7 -6 -2 -15 -22 -26 -14
right_child=10 -3 11 9 24 6 7 -9 21 15 -12 17 13 26 19 -17 -18 -19 -20 -21 27 -23 -24 -25 28 -27 -28 -29 -30 -31
leaf_value=0.4163317770347601 -0.047638235372760532 0.27115879183169467 0.86295084139972189 1.0417776380441839 0.37693597516387278 0.61843918757140348 0.27143502758654381 0.51109798594245026 1.0380619772915352 0.81077330897278121 0.27716543223918255 0.42332171570500132 0.25413866523778461 0.079877342410450081 0.84019384655740081 0.75756280084602101 1.3927688101721551 0.50652229215774069 1.7923262944042047 0.41925191539515494 0.72787197047699426 1.2047191766855836 0.73241925327548441 0.74273437425287869 0.5919057502358388 -0.0031575388494368521 0.0014864555243489206 0.59713487704286905 0.47365272566068095 0.4958067895218089
leaf_weight=4824.4388100132346 159468.65661671385 75884.667514592409 2882.8167424201965 512.66351056098938 9959.8186252936721 14590.699579671025 1207.6017688624561 5374.3919345736504 16645.97890432179 1303.7752817422152 6524.9205198809505 72589.099114447832 2617.9099112041295 19352.328517261893 32381.296143680811 1628.3290200158954 3750.3470557108521 55193.105646595359 3204.4813965260983 1015.9036323577166 7057.8531525060534 4637.2021957673132 2552.8206278681755 32851.509908869863 8423.3202884942293 68734.749053388834 66360.09414377436 31422.311704643071 28502.012826524675 3203.3722291812301
leaf_count=3244 2101964 18091 3594 838 4655 15128 846 3190 27316 1381 36535 42768 17311 120005 41111 1611 7458 38447 10975 510 7137 8129 2485 40250 6546 583214 660980 26977 18040 9233
internal_value=0.309643 0.556119 0.619252 0.712323 0.680382 0.742738 0.798796 0.868805 0.9017 1.33173 -0.00643511 0.468267 -0.0122226 0.0426764 0.807988 1.12718 1.24453 0.459295 1.69188 0.827389 0.598564 1.03775 0.997421 0.704795 0.474559 -0.0342429 0.019193 0.621297 0.500781 0.387748
internal_weight=744658 418396 342512 211847 201447 154562 111257 63815.2 58440.8 10399.6 326262 130665 319737 91533.7 34604.8 6682.45 5054.12 127782 3717.14 33397.2 43304.6 23836 19198.8 47442.2 46885.2 228203 85712.4 38480.2 36925.3 5821.28
internal_count=3859969 330727 312636 227827 205564 176323 138965 83587 80397 22263 3529242 84809 3492707 807529 42467 10450 8839 81215 11813 41621 37358 37930 29801 55378 29241 2685178 780985 34114 24586 26544
cat_boundaries=0 1 2 3 4 5 6 7 8 9 10 11 12 13 14 15 16 17 18 19 20 21
cat_threshold=2 128 6 4 1 1 16 4 24 8 4 4 68 8 42 38 300 643 9 9 417
is_linear=0
shrinkage=0.08


Tree=2
num_leaves=31
num_cat=20
split_feature=38 34 44 3 38 36 2 38 34 3 41 34 7 38 38 43 3 40 2 37 13 34 37 43 37 40 11 8 44 33
split_gain=101488 48650.4 21085.7 19744.7 12668.5 12135.6 14653.4 14107.2 11246.4 6802.2 6744.94 4988.75 4914.79 4862.31 4697.47 2857.79 2839.65 2945.81 2832.04 2709.96 2598.38 2372.48 2360.9 2243.59 2226.56 2219.67 2101.3 1961.11 1819.61 1778.06
threshold=0 1 2 527.82501220703136 3 4 inf 5 6 578.36499023437511 7 8 8.3500032424926776 9 10 11 236.3850021362305 12 2.5000000000000004 13 40.024999618530281 14 15 16 17 18 28.500000000000004 1.0000000180025095e-35 19 1.0000000180025095e-35
decision_type=1 1 9 10 1 9 8 1 1 10 9 1 2 1 1 9 10 1 8 1 2 1 1 9 1 1 2 2 9 2
left_child=1 3 -3 8 -4 6 7 22 -1 26 15 -5 18 24 28 -9 17 -15 21 -16 -13 -10 -2 -11 -12 -26 29 -14 -7 -6
right_child=5 2 4 11 9 14 -8 10 12 23 13 20 27 16 19 -17 -18 -19 -20 -21 -22 -23 -24 -25 25 -27 -28 -29 -30 -31
leaf_value=0.19132532486440978 0.24487782273146153 0.21641178620325946 0.16512469237851318 0.18464266895223927 0.12515175064694337 0.26043222969192559 0.20047561682828346 0.24701592901985239 0.26302377209942895 0.12302063126577531 0.2404072772262647 0.15271605361702001 0.19607504732905895 0.29963755319596169 0.25253737479887128 0.18373800719992298 0.31258576663366572 0.26022018016249904 0.21088774348805647 0.22726883787110957 0.065488600570969557 0.219336727291957 0.21997817545682327 0.049587566338760727 0.27794929506682231 0.23601733756802898 0.20566722600284601 0.23896681170674758 0.21006257263131836 -0.032191885887060609
leaf_weight=54802.391267869622 42408.573228191584 25265.176307018846 55222.286421902478 6211.6372919119895 53264.056884910911 4794.9264113344252 37835.384427830577 51930.947173062712 48528.09240347892 3462.5288111977279 27337.543715070933 3202.9046921804547 20809.063715483993 24520.448325410485 40316.794224627316 5349.5275492891669 22492.699357502162 28256.647202298045 10863.133382391185 101797.65279733017 6881.4884265847504 10499.006116606295 67641.218217600137 11716.599536150694 44391.082746453583 11130.695371858776 2084.0670502968132 10150.07826051861 107440.42624323815 463.65083019062877
leaf_count=307545 199378 94382 371483 53394 460744 9201 26871 148934 179040 43252 91440 43840 133396 62176 70262 7746 71884 75691 4881 149091 125326 46151 343234 202294 191726 25785 10684 29260 274371 6771
internal_value=0.219124 0.182788 0.149691 0.211935 0.136346 0.238144 0.247591 0.253076 0.220719 0.113921 0.26505 0.128165 0.236649 0.273695 0.224641 0.241139 0.288745 0.27864 0.248426 0.234455 0.0931006 0.255335 0.229595 0.0664522 0.25999 0.269587 0.126851 0.210137 0.212196 0.123794
internal_weight=941071 323426 151478 171948 126213 617645 363295 325459 155652 70990.9 215410 16296 100849 158129 254350 57280.5 75269.8 52777.1 69890.2 142114 10084.4 59027.1 110050 15179.1 82859.3 55521.8 55811.8 30959.1 112235 53727.7
internal_count=3860233 2112443 1189610 922833 1095228 1747790 1244865 1217994 700273 723745 675382 222560 392728 518702 502925 156680 209751 137867 230072 219353 169166 225191 542612 245546 308951 217511 478199 162656 283572 467515
cat_boundaries=0 1 2 3 4 5 6 7 8 9 10 11 12 13 14 15 16 17 18 19 20
cat_threshold=44 71 1 12 128 256 4 17 6 80 320 12 4 99 65 104 12 6 6 1
is_linear=0
shrinkage=0.08


Tree=3
num_leaves=31
num_cat=18
split_feature=47 2 44 47 1 37 37 40 32 3 46 46 44 3 47 0 37 18 3 4 37 1 44 44 3 34 37 46 3 34
split_gain=3.53873e+06 115756 52303.1 35749.3 51192.9 26553.4 15565.2 15428.1 9256.98 10475.7 8085.81 7911.87 7479.71 6679.24 6263.5 7948.88 5880.22 5778.29 5294.96 5060.7 4871.48 4594.06 4456.72 4442.04 4280.42 4715.01 3941.34 3737.96 3383.02 4943.64
threshold=0 inf 1 2 1.0000000180025095e-35 3 4 5 -6.4849998950958243 368.18499755859381 6 7 8 inf 9 1.5000000000000002 10 1.0000000180025095e-35 inf 1.5000000000000002 11 1.5000000000000002 12 13 36.264999389648445 14 15 16 18.185000419616703 17
decision_type=1 8 9 1 2 1 1 1 10 10 1 1 9 8 1 2 1 2 8 8 1 2 9 9 8 1 1 1 10 1
left_child=1 5 6 10 13 22 24 12 -3 -10 18 14 17 16 28 -16 19 -7 -4 -5 -6 -22 -1 -12 -2 -26 -14 -18 -8 -30
right_child=2 8 3 4 20 7 11 -9 9 -11 23 -13 26 -15 15 -17 27 -19 -20 -21 21 -23 -24 -25 25 -27 -28 -29 29 -31
leaf_value=0.22006567008610289 -0.054522355151522851 0.18531679200828033 -0.048285377878444703 -0.0017562146818647002 -0.064112287695100981 0.2352735578908712 -0.031714284525007089 0.27444125477267706 0.23722158211681396 0.53538387015442301 0.14594987283947153 0.21978710537339002 0.35245029923155485 0.33519687861365299 0.10989575213801706 0.3237650509522092 -0.023485844899800001 0.31792556494673258 0.3368702568398988 0.07250383377448219 0.13925731401317046 0.25876071666063172 0.2762870525606379 -0.054087021972969621 0.15904968508176132 -0.0047839536142629344 0.31705476769348534 0.14719760690607508 0.16731265724954561 0.035418400871520185
leaf_weight=9437.6322092115879 5472.3136377856135 70677.481819584966 240205.77952994406 17310.459606654942 446.28613302484155 12337.517514437437 2415.6277645975351 69085.687834322453 16171.789344727993 791.04185888171196 2150.5571356751025 3653.1700736172497 23648.937969736755 362.98812665045261 7009.8558769933879 1321.9638485424221 65373.72615654394 9645.7807492315769 228.65658021718264 8889.3286802135408 3593.198591157794 4821.2819728441536 205824.48711189628 1060.9676160141826 1630.5352201610804 3578.6907566748559 272264.40356936306 831.61354225873947 2603.5034969933331 6041.9875687994063
leaf_count=4383 36299 13051 2543369 157796 4700 5871 14381 29561 4553 523 9809 7469 15092 333 30449 3773 511747 5126 396 57394 15714 12600 91853 11518 10075 37744 160142 3278 11532 50798
internal_value=0.176067 0.283957 -0.020321 -0.0296094 0.0102483 0.296458 0.0747662 0.309041 0.198054 0.251126 -0.0462348 0.11174 0.316552 -0.00729953 0.0914443 0.143829 -0.00864493 0.271539 -0.0479191 0.0234305 0.193966 0.207483 0.273809 0.0798652 -0.0051073 0.0467936 0.319906 -0.0213386 0.0519852 0.0753715
internal_weight=1.06889e+06 689885 379002 345275 101629 602244 33727.6 386982 87640.3 16962.8 243646 23046.1 317897 92768.1 19392.9 8331.82 92405.1 21983.3 240434 26199.8 8860.77 8414.48 215262 3211.52 10681.5 5209.23 295913 66205.3 11061.1 8645.49
internal_count=3861329 330155 3531174 3328654 763562 312028 202520 215792 18127 5076 2565092 118402 186231 730548 110933 34222 730215 10997 2543765 215190 33014 28314 96236 21327 84118 47819 175234 515025 76711 62330
cat_boundaries=0 1 2 3 4 5 6 7 8 9 10 11 12 13 14 15 16 17 18
cat_threshold=2 1 4 6 24 6 1 1 1 4 106 16 1 2 14 16 1 6
is_linear=0
shrinkage=0.08


Tree=4
num_leaves=31
num_cat=23
split_feature=47 47 35 32 46 36 46 38 31 38 46 40 1 31 38 37 37 4 38 45 38 40 36 32 37 25 38 36 36 45
split_gain=2.44718e+06 43194.3 47023.4 24127.8 21113.2 15900.7 11656.6 10977 10270.6 8417.95 7744.52 7197.35 6591.89 6459.62 6071.94 6244.44 3907.93 4099.51 3787.66 3710.58 3586.56 3386.93 3064.36 2631.47 2602.82 2514.05 2315.63 2304.69 2255.89 2040.19
threshold=0 1 2 -10.284999847412108 3 4 5 6 1.0000000180025095e-35 7 8 9 1.5000000000000002 1.0000000180025095e-35 10 11 12 8.5000000000000018 13 14 15 16 17 -16.414999961853024 18 3.5000000000000004 19 20 21 22
decision_type=1 1 1 10 1 9 1 1 10 1 1 1 2 10 1 1 1 8 1 9 1 1 9 8 1 10 1 9 9 9
left_child=3 4 6 10 8 11 13 28 9 -2 18 20 21 14 15 -3 -16 25 -1 -6 -5 -9 -11 -20 -14 -18 -26 -25 -4 -12
right_child=1 2 7 5 19 -7 -8 12 -10 22 29 -13 24 -15 16 -17 17 -19 23 -21 -22 -23 -24 27 26 -27 -28 -29 -30 -31
leaf_value=0.19585309828564682 -0.05258678556475721 -0.0033373210908792987 0.25471804884790694 0.26293828597950741 0.1666275426446861 0.21937830686674833 0.1621858698426592 0.23108418973504027 0.11974593770677905 -0.0084535074120904562 0.14059821022581492 0.22445963951347436 -0.075430533512605771 0.17585233977549344 -0.042403503597047393 0.085842079464190771 -0.02284772505369486 0.033016484954916277 0.19524314005479376 0.040138569180547402 0.2437317960046155 0.038305682332103526 -0.041055265354947607 0.22943224413254676 0.09467784799038878 0.30332946656981113 0.23615967240924188 0.20944752556986262 0.15315907374146062 0.19097439839513791
leaf_weight=52519.957860678434 169954.4750139676 14119.026497848332 4312.2794933952391 179188.82704423368 3338.8094521015882 153155.47215741873 2716.017530888319 621.3058197721839 2519.6373960785568 48466.648561626673 10918.735005810857 57611.475746586919 243.99401110783219 1234.5051731206477 28883.473731655627 7793.691848449409 28338.512780584395 13063.178740359843 23785.30246669054 2705.2156747877598 103908.0321738869 7920.6385293826461 29802.658710770309 131950.71461667866 1101.1914049610496 152.04474033042789 2585.4737396016717 56226.733659490943 2272.2413968965411 10511.954243339598
leaf_count=17173 2089990 73268 10544 84358 9559 54432 6689 1491 15687 404989 8173 19172 2669 4105 214363 39178 267159 90371 5672 18439 44235 92611 174115 68056 3367 861 5976 24302 4036 4110
internal_value=0.149659 -0.0191288 0.0215353 0.230212 -0.0373965 0.240919 -0.00119315 0.136317 -0.0409579 -0.0425892 0.211717 0.250588 0.0920213 -0.00593488 -0.00836496 0.0284058 -0.0198054 -0.00409132 0.215465 0.110355 0.255898 0.052643 -0.020871 0.220305 0.177831 -0.021107 0.19427 0.223484 0.219957 0.165463
internal_weight=1.15192e+06 372145 115358 779777 256787 493864 96300.5 19057.1 250743 248224 285913 340708 12472.6 93584.4 92349.9 21912.7 70437.2 41553.7 264483 6044.03 283097 8541.94 78269.3 211963 3930.66 28490.6 3686.67 188177 6584.52 21430.7
internal_count=3859150 3529467 816688 329683 2712779 202197 695994 120694 2684781 2669094 127486 147765 106114 689305 685200 112446 572754 358391 115203 27998 128593 94102 579104 98030 12012 268020 9343 92358 14580 12283
cat_boundaries=0 1 2 3 4 5 6 7 8 9 10 11 12 13 14 15 16 17 18 19 20 21 22 23
cat_threshold=2 4 32 1 128 1 594 300 1 6 643 20 20 129 12 300 1 128 16 129 160 128 42
is_linear=0
shrinkage=0.08


Tree=5
num_leaves=31
num_cat=20
split_feature=47 44 47 1 2 45 38 36 38 37 41 47 44 3 0 34 46 38 38 0 1 38 39 38 32 3 37 41 3 31
split_gain=1.83891e+06 40458.4 28695.9 30653.8 25952.6 18972.1 10129.5 9750.58 8430.07 9137.49 5453.56 5287.02 5177.25 4897.21 4602.98 4305.31 3939.72 3650.48 3235.49 3056.9 2905.68 2729.5 2508.57 2430.31 2301.77 2254.48 2155.76 2149.34 1932.39 1849.49
threshold=0 1 2 1.0000000180025095e-35 inf 3 4 5 6 7 8 9 10 1.0000000180025095e-35 1.5000000000000002 11 12 13 14 1.5000000000000002 1.5000000000000002 15 16 17 -6.4849998950958243 1.0000000180025095e-35 18 19 368.18499755859381 1.0000000180025095e-35
decision_type=1 9 1 2 8 9 1 9 1 1 9 1 9 10 2 1 1 1 1 2 2 1 9 1 10 10 1 9 10 8
left_child=4 5 6 8 7 15 -3 10 -4 19 -1 22 13 -12 26 -2 21 -11 -5 25 -20 -8 -7 -21 -6 -10 -13 -14 -26 -17
right_child=1 2 3 18 24 11 16 -9 9 17 12 14 27 -15 -16 29 -18 -19 20 23 -22 -23 -24 -25 28 -27 -28 -29 -30 -31
leaf_value=0.15591869190641952 0.057609611972724802 -0.05472207740106326 -0.039440709377428267 0.18814921774305748 0.15005500439281114 0.071711929456969012 0.0072766246345662379 0.18787578501686025 0.27412541069533825 0.021761019577276351 0.063886077286635312 0.058473290279843798 0.21858122418825687 0.19169742184070818 0.19457356161581821 0.13410834535155505 0.10268060486886409 0.083370237280911988 0.027759753471635562 0.15842160196457822 0.14008884764856999 -0.029735392273934395 -0.027458841469731474 -0.0062878706095212192 0.17491629096302613 -0.023644075842830049 -0.067150029818000653 0.20699070221478169 0.28301988980673409 0.20320279891150478
leaf_weight=12937.831741183996 3175.994919501245 150955.74898147583 32584.016898073256 4458.1493100225925 72501.796332120895 1902.0892299078405 16259.452997587621 229605.60421040654 163.56435990333557 14695.343437448144 1981.0943473055959 5891.8671694248915 198301.15244521201 60844.50898052752 1499.1988425478339 5495.2645006105304 1664.3392293713987 10611.534009113908 2335.9516065903008 1101.3680820167065 3993.283469170332 59120.480124313384 11515.301731165498 1191.2355422638357 17943.546251282096 31870.816067636013 1019.0607431568205 242510.8890523091 1124.5934048742056 4517.7370469421148
leaf_count=3535 25562 1988180 352262 5606 13027 12571 105943 84422 127 113518 3304 25115 93678 21008 4667 23263 6314 56654 14682 3571 12689 465152 93965 9661 4547 194242 8008 106377 490 8928
internal_value=0.131397 -0.0181929 -0.0268437 0.00820078 0.196754 0.0635823 -0.0426761 0.201687 -0.00672554 0.0111548 0.207818 0.0177635 0.209148 0.187667 0.0675025 0.139293 -0.0190643 0.0476174 0.135801 -0.0157325 0.0984756 -0.0217549 -0.0134001 0.0735022 0.15656 -0.0221237 0.0399368 0.212214 0.181292 0.165118
internal_weight=1.20377e+06 366022 331005 103005 837751 35016.5 228000 746181 92217.9 59633.9 516575 21827.5 503638 62825.6 8410.13 13189 77044.3 25306.9 10787.4 34327 6329.24 75379.9 13417.4 2292.6 91569.9 32034.4 6910.93 440812 19068.1 10013
internal_count=3861068 3530680 3328601 763012 330388 202079 2565589 312324 730035 377773 227902 144326 224367 24312 37790 57753 577409 170172 32977 207601 27371 571095 106536 13232 18064 194369 33123 200055 5037 32191
cat_boundaries=0 1 2 3 4 5 6 7 8 9 10 11 12 13 14 15 16 17 18 19 20
cat_threshold=2 1 4 12 300 128 44 20 16 4 1 96 1 320 594 641 1 578 45 34
is_linear=0
shrinkage=0.08


Tree=6
num_leaves=31
num_cat=25
split_feature=47 47 1 46 2 44 31 44 46 36 45 37 37 34 45 37 37 41 44 2 37 46 42 41 31 45 44 45 41 34
split_gain=1.44123e+06 32682 28302.4 16669.1 13008.5 10356.5 9651.62 6604.97 5786.51 4676.17 4532.55 4071.12 3471.94 3277.32 3227.19 3178.22 2814.44 2690.48 2594.54 2540.25 2452.65 2388.41 2322.11 2292.22 2185.47 2033.02 3215.39 1943.96 1875.68 1950.25
threshold=0 1 1.0000000180025095e-35 2 inf 3 1.0000000180025095e-35 4 5 6 7 8 9 10 11 12 13 14 15 2.5000000000000004 16 17 18 19 1.0000000180025095e-35 20 21 22 23 24
decision_type=1 1 2 1 8 9 10 9 1 9 9 1 1 1 9 1 1 9 9 8 1 1 9 9 10 9 9 9 9 1
left_child=4 3 5 6 9 8 7 10 11 17 -2 23 -4 -12 -7 -9 24 -1 21 -14 -16 -19 -17 -3 -13 -5 -27 -23 29 -24
right_child=1 2 12 25 -6 14 -8 15 -10 -11 13 16 19 -15 20 22 -18 18 -20 -21 -22 27 28 -25 -26 26 -28 -29 -30 -31
leaf_value=0.14374246969603025 -0.02326113171730745 -0.00082695104066272788 -0.074269891495306661 0.12847526194681533 0.14432634185857218 0.1222002749685733 0.10954017220624804 -0.071661591263751712 0.1617387421758168 0.16687228494169923 0.1227183965277137 -0.016010652659706737 0.145144407084393 0.0090206574903861619 0.058363103150997367 -0.027638243311097068 -0.074482575402856521 0.17130336078500163 0.18338466987331295 0.00077742472456657913 -0.062457530597767617 -0.001479228566819236 0.15151093524494763 0.047393851527669145 0.13872392182123558 0.11804822883954767 -0.053576974048423313 0.13573847113147114 -0.047500882615811729 -0.018630735964677216
leaf_weight=12959.604026138783 11374.650453832 16489.444932918996 523.26761317998171 3848.497589495033 90998.459394231439 4816.8299717381597 2819.8827915117145 22575.848669979721 1295.3096952214837 239767.43599055707 2945.9362506270409 57161.227691788226 11921.203815966845 3614.57893801108 6832.6071289516985 65322.412581983954 5459.3946426548064 57715.558207556605 467221.53546950221 834.66262415796518 1268.791881877929 760.07849723100662 581.80980947613716 10212.233097672462 590.21754909306765 1510.9026880711317 1299.5416193082929 5512.8680822923779 124835.00887162238 1585.5942890234292
leaf_count=3613 88927 152327 5371 9624 18010 15795 15649 316989 3251 84651 13825 434059 27036 36586 29633 735949 73555 18423 199990 2543 11009 1941 1317 60557 1984 5918 12669 3822 1467978 7661
internal_value=0.117536 -0.0172641 0.0173783 -0.0340489 0.172957 0.0033514 -0.037576 -0.0393578 -0.00614374 0.176281 0.00728312 -0.00856231 0.127368 0.0601846 0.0703909 -0.0432503 -0.0196246 0.18042 0.181312 0.135592 0.0393872 0.166208 -0.0399095 0.0176263 -0.0144268 0.0907735 0.038552 0.119326 -0.0462184 0.0275275
internal_weight=1.23466e+06 359720 117405 242315 874936 104126 235656 232836 91207.8 783937 17935.2 89912.5 13279.1 6560.52 12918.2 214901 63210.8 544170 531210 12755.9 8101.4 63988.5 192325 26701.7 57751.4 6658.94 2810.44 6272.95 127002 2167.4
internal_count=3860662 3530212 817120 2713092 330450 782170 2684881 2669232 725733 312440 139338 722482 34950 50411 56437 2529894 509598 227789 224176 29579 40642 24186 2212905 212884 436043 28211 18587 5763 1476956 8978
cat_boundaries=0 1 2 3 4 5 6 7 8 9 10 11 12 13 14 15 16 17 18 19 20 21 22 23 24 25
cat_threshold=2 4 1 2 1 1 128 32 106 16 15 12 18 5 16 1 45 1 19 38 12 2 32 16 48
is_linear=0
shrinkage=0.08


Tree=7
num_leaves=31
num_cat=20
split_feature=43 34 35 31 34 2 37 44 27 42 13 40 36 34 42 7 46 44 44 46 33 34 32 36 33 5 34 2 37 36
split_gain=9276.04 6602.75 4026.22 2430.35 2140.42 2472.2 2079.88 2184.82 1975.73 1449.05 1226.35 1182 1064.62 1052.07 997.581 923.796 873.265 1260.93 905.671 845.361 840.227 806.893 745.254 710.317 689.92 689.298 679.375 659.489 660.813 652.436
threshold=0 1 2 1.0000000180025095e-35 3 inf 4 5 1.0000000180025095e-35 6 100.00500106811525 7 8 9 10 18.750015258789066 11 12 13 14 1.0000000180025095e-35 15 -10.284999847412108 16 1.0000000180025095e-35 19.500000000000004 17 inf 18 19
decision_type=9 1 1 10 1 8 1 9 8 9 2 1 9 1 9 2 1 9 9 1 2 1 8 9 2 2 1 8 1 9
left_child=1 2 10 4 14 9 12 21 -9 19 -1 -5 -3 23 -2 26 17 20 -18 29 22 -8 -16 -12 27 -17 -4 28 -10 -6
right_child=3 6 15 11 5 -7 7 8 24 -11 13 -13 -14 -15 16 25 18 -19 -20 -21 -22 -23 -24 -25 -26 -27 -28 -29 -30 -31
leaf_value=0.090432092447753035 0.12762083386398909 0.045535888798265221 0.11812952256721847 -0.034785534808202498 0.10660567527407427 0.12680117752791606 0.14837507323645341 0.46762553227946874 0.11524239364965558 0.10790611392843735 0.091040908894337746 0.14011081739962061 0.090653386331047359 0.11413016156214692 0.1290423950531612 0.096403143046562653 0.14235868065224458 0.12553375373079229 0.10880566643871895 0.13659754751804051 0.051269214647475442 0.087139954534559638 0.11023798169724723 0.023923149475018418 -0.011133381157652925 0.12666967885628999 0.10313085345924966 0.11579128240981103 0.076364268881452133 0.093025214724842265
leaf_weight=7053.3546028882265 29024.882186178118 16469.385076301172 59095.56756958738 253.14231226220727 30024.904104314744 30178.39467111975 4280.765138797462 83.82289906963706 2998.8186163455248 168939.20322323404 1193.5429748408496 20098.399013049901 4236.9688134565949 1232.3961310870945 13845.400713991374 46294.348265063018 12142.187349036336 38537.902425650507 8938.8749514333904 3349.2098371349275 1525.6474287807941 2212.5331085287035 523306.81077488512 6446.488929707557 539.39416867494583 5374.8390041328967 31286.968573544174 3098.3520391508937 66514.606571644545 110986.1535380017
leaf_count=58034 59038 154171 132308 1015 60792 13635 11330 185 5742 467159 3954 24596 17062 3593 18227 198566 9873 57118 9232 4777 13145 10011 1273958 107796 8802 6797 108091 2545 494113 524329
internal_value=0.107101 0.0935746 0.103788 0.110626 0.110053 0.10493 0.0775006 0.0833867 0.0794538 0.102826 0.0654926 0.137987 0.0548072 0.0457401 0.112855 0.108077 0.112137 0.111554 0.128131 0.0968678 0.110554 0.127872 0.110723 0.0345137 0.079009 0.0995516 0.112962 0.0796787 0.078069 0.095931
internal_weight=1.24956e+06 258412 157978 991151 970800 343478 100435 79728.3 73235 313299 15925.8 20351.5 20706.4 8872.43 627322 142052 598297 577216 21081.1 144360 538678 6493.3 537152 7640.03 73151.2 51669.2 90382.5 72611.8 69513.4 141011
internal_count=3859994 1323100 619139 2536894 2511283 1070692 703961 532728 511387 1057057 173377 25611 171233 115343 1440591 445762 1381553 1362448 19105 589898 1305330 21341 1292185 111750 511202 205363 240399 502400 499855 585121
cat_boundaries=0 1 2 3 4 5 6 7 8 9 10 11 12 13 14 15 16 17 18 19 20
cat_threshold=33 71 1 71 20 1 40 1 129 64 1 1 2 2 1 24 90 64 2 114
is_linear=0
shrinkage=0.08


Tree=8
num_leaves=31
num_cat=17
split_feature=47 44 47 35 45 32 1 47 35 46 3 46 31 41 41 31 46 43 44 3 27 36 32 43 18 31 36 1 29 3
split_gain=1.18608e+06 25897.9 19997.4 22080.1 9817.87 4910.57 3744.75 3600.34 5043.8 3529.98 3125.6 2876.24 2714.82 2570.83 2464.39 2427.99 2364.72 2225.41 2146.08 2092.93 2022.06 1754.61 1717.48 1535.22 1375.62 1347.46 1315.22 1293.14 1283.65 1266.87
threshold=0 1 2 3 4 -10.284999847412108 1.5000000000000002 5 6 7 inf 8 1.0000000180025095e-35 9 10 1.0000000180025095e-35 11 12 13 35.694999694824226 2.5000000000000004 14 -6.4849998950958243 15 827.62500000000011 1.0000000180025095e-35 16 1.5000000000000002 1.0000000180025095e-35 527.82501220703136
decision_type=1 9 1 1 9 10 2 1 1 1 8 1 8 9 9 10 1 9 9 10 8 9 10 9 2 10 9 2 2 8
left_child=5 4 9 11 12 16 17 14 -9 10 15 13 -2 25 27 20 -1 -5 -11 -18 -3 -7 -15 -22 -24 28 -8 -6 29 -4
right_child=1 2 3 6 7 21 26 8 -10 18 -12 -13 -14 22 -16 -17 19 -19 -20 -21 23 -23 24 -25 -26 -27 -28 -29 -30 -31
leaf_value=0.13972471118996227 0.059903156778528616 0.22217427920924329 -0.036254020573218436 -0.01138826309498093 0.026119805496539361 0.15310047335077959 0.14012876598538293 0.013051748131646055 0.1520423505778806 0.070646416794888034 0.23309340164937173 0.088522599879620426 0.1277701580575154 0.018594824047468983 -0.034529984109009475 0.041722713889781292 0.083696889020436413 0.067010858460965883 -0.06165862187510282 0.13363661810705046 -0.056737388051039422 0.14328247995104978 -0.023022654149206172 -0.041790981653109738 0.033323882150691014 0.10191832321404495 0.061302482738705769 0.17636862567358402 0.16328698215502135 0.15356388644685573
leaf_weight=295217.98947046697 8995.1223637126386 180.31812138110399 46868.533223107457 3057.5907912999392 2167.6069073788822 410656.61765144765 5411.7274169176817 7384.5616859160364 2152.2169444449246 2744.1874952167273 259.29062773287296 1575.8096429929137 6496.8519446887076 12727.501020077616 11699.960420317948 2055.8350332677364 9297.5851121172309 9589.9078947454691 1098.8349042721093 12716.911408856511 60495.983865451068 171893.57277576625 25117.626330021769 163594.00092312694 3117.0851314403117 468.22376556694508 1879.1215210184455 441.23729840293527 209.15320068970323 226.11501450836658
leaf_count=115461 43507 1338 397507 48372 21740 148517 9855 33233 4744 9780 410 4321 14299 67778 82331 12435 7826 51289 11646 4522 938451 54596 158401 1589843 17888 1733 3667 2992 1060 567
internal_value=0.0957969 -0.0227106 -0.0298072 -0.00178602 0.0387491 0.145847 0.0743877 0.00651226 0.0445916 -0.043214 -0.0445035 -0.0186096 0.0883075 -0.0205142 -0.018863 -0.0448215 0.137839 0.0481015 0.0328165 0.112545 -0.0456149 0.150209 -0.00580236 -0.0458304 -0.0168021 -0.0331208 0.120089 0.0513348 -0.0344644 -0.0353426
internal_weight=1.2798e+06 380014 340677 110248 39337.6 899783 19938.3 23845.6 9536.78 230428 226585 90310 15492 88734.2 14308.8 226326 317232 12647.5 3843.02 22014.5 224270 582550 40962.2 224090 28234.7 47772 7290.85 2608.84 47303.8 47094.6
internal_count=3860109 3529187 3326341 762438 202846 330922 113183 145040 37977 2563903 2542477 649255 57806 644934 107063 2542067 127809 99661 21426 12348 2529632 203113 244067 2528294 176289 400867 13522 24732 399134 398074
cat_boundaries=0 1 2 3 4 5 6 7 8 9 10 11 12 13 14 15 16 17
cat_threshold=2 1 4 32 12 4 32 1 1 38 5 1 35 2 128 33 128
is_linear=0
shrinkage=0.08


Tree=9
num_leaves=31
num_cat=18
split_feature=47 44 47 35 45 37 37 35 4 37 3 37 47 42 1 3 4 4 37 36 39 36 45 42 20 16 16 1 3 18
split_gain=997748 23782.3 16954.4 16560.5 8976.18 4779.92 4134.63 3252.15 3158.9 2966.14 2814.77 2637.94 2590.91 2501.95 2386.91 2292.03 2222.83 2163.17 2144.33 1889.93 1634.12 1495.39 1319.61 1281.64 1225.48 1158.75 1139.67 1118.08 1222.13 1110.77
threshold=0 1 2 3 4 5 6 7 36.500000000000007 8 1.0000000180025095e-35 9 10 11 1.5000000000000002 9.4749999046325701 1.5000000000000002 20.500000000000004 12 13 14 15 16 17 1.0000000180025095e-35 2.5000000000000004 1.5000000000000002 4.5000000000000009 632.06500244140636 1043.309997558594
decision_type=1 9 1 1 9 1 1 1 8 1 10 1 1 9 2 10 8 8 1 9 9 9 9 9 2 2 2 2 10 2
left_child=15 4 9 10 20 25 -5 -7 14 -3 -4 -12 -9 16 24 -1 -11 -13 29 27 -2 -17 -15 26 -8 -6 -20 -18 -29 -19
right_child=1 2 3 6 5 7 8 12 -10 13 11 17 -14 22 -16 21 19 18 23 -21 -22 -23 -24 -25 -26 -27 -28 28 -30 -31
leaf_value=0.11567983077950089 0.1362482930276479 -0.068623241782187872 0.18676719507930295 -0.072815169042138556 -0.0455814276246417 0.0052490374408401368 0.038884954243912098 0.039682876766370806 0.11710344542895397 -0.036240358543209047 -0.077346833009602142 -0.024230694385678441 0.1551893970552333 -0.041056488023926016 0.095664948708224049 0.13750587697408206 0.0058817267802426043 0.020426350542111851 0.0013797559992921988 -0.040213782775938955 0.070858365266614709 0.13015158739161545 -0.063549485728380942 -0.040509541496733061 -0.037060843485824231 0.64423939689678966 0.22397283090819964 0.11081345129427984 0.65155512390265402 0.10447547197353987
leaf_weight=40147.378169849515 3004.8999379128218 22457.983411826193 429.7944582849741 1344.3441119454801 8080.1889678239822 10339.746064011008 6314.9460864141583 3371.748517062515 6547.3804954439402 44810.569889869541 4606.2591127380729 56340.453630313277 1968.4280260503292 111219.56927571259 4427.4349079653621 594308.50173355639 16943.871329581365 11202.276003982872 7815.839748993516 7343.582711443305 13148.400273520499 265901.86538252234 19738.701449466869 7494.4385628178716 1732.9743225872517 15.614817753434179 150.03586435317993 198.44307022169232 30.917224746197462 1105.6453545577824
leaf_count=15634 7157 320377 300 20558 64947 51532 47034 25493 15318 546383 58771 426401 2671 1262036 8455 227242 156323 69227 43836 43849 50757 88308 233257 44802 22048 97 402 1628 192 6010
internal_value=0.0888192 -0.0213583 -0.0283687 -0.00259555 0.0369768 0.00569077 0.0624714 0.0314601 0.0720654 -0.0410401 -0.0174666 -0.018458 0.0821057 -0.0379419 0.0484861 0.134364 -0.0256409 -0.0152219 0.003051 -0.00627821 0.0829711 0.135236 -0.0444513 -0.0167814 0.0225314 -0.0441963 0.00556527 0.00825186 0.183704 0.0279539
internal_weight=1.27254e+06 372184 332255 109512 39929 23775.7 20367.1 15679.9 19022.7 222744 89144.7 88714.9 5340.18 200286 12475.4 900358 69327.4 84108.7 27768.2 24516.8 16153.3 860210 130958 15460.3 8047.92 8095.8 7965.88 17173.2 229.36 12307.9
internal_count=3861045 3529861 3327207 763162 202654 144740 113413 79696 92855 2564045 649749 649449 28164 2243668 77537 331184 748375 590678 164277 201992 57914 315550 1495293 89040 69082 65044 44238 158143 1820 75237
cat_boundaries=0 1 2 3 4 5 6 7 8 9 10 11 12 13 14 15 16 17 18
cat_threshold=2 1 4 32 12 24 16 32 18 16 4 19 33 129 1 128 13 26
is_linear=0
shrinkage=0.08


Tree=10
num_leaves=31
num_cat=23
split_feature=47 47 35 38 45 38 37 38 38 32 37 45 40 38 31 37 3 45 41 36 2 34 3 36 26 38 3 37 34 38
split_gain=848586 19144.6 17612.9 8433.46 6752.73 5161.24 6812.28 4240.95 3441.16 2897.61 2523.01 2067.33 1880.15 1791.93 1709.86 1687.49 1999.63 1506.97 1462.18 1450.9 1626.09 1481.65 1421.27 1350.32 1283.03 1279.17 1975.13 1259.39 1084.02 1075.21
threshold=0 1 2 3 4 5 6 7 8 -10.284999847412108 9 10 11 12 1.0000000180025095e-35 13 18.185000419616703 14 15 16 1.5000000000000002 17 90.794998168945327 18 2.5000000000000004 19 289.92500305175787 20 21 22
decision_type=1 1 1 1 9 1 1 1 1 10 1 9 1 1 8 1 10 9 9 9 8 1 10 9 8 1 8 1 1 1
left_child=9 3 5 11 8 15 22 -4 -5 -1 -9 -2 23 -6 -10 16 -3 -14 -13 20 21 24 -7 29 -12 26 -19 28 -15 -8
right_child=1 2 7 4 13 6 12 10 14 -11 19 18 17 27 -16 -17 -18 25 -20 -21 -22 -23 -24 -25 -26 -27 -28 -29 -30 -31
leaf_value=0.1185850535158378 0.072842527251170033 0.11839979113554244 0.10477472856764602 -0.034095455105503797 -0.029589846581154693 0.0039033658224981883 0.036737582741482235 -0.057963420557136144 0.014911779793939718 0.12816172563102959 1.0776809884662841 -0.015945403813633886 0.091283084860360811 -0.056347188952553022 0.084538438880226177 -0.047371725494370118 -0.018584559738334408 0.026776528512341739 0.018347334462789817 -0.0066637919231687286 -0.04435943488519567 0.095912091716088207 -0.031196669070621047 -0.039016900846878859 0.019426226599458987 0.0039414790088414513 0.15867299968955489 -0.061028309763012815 -0.038640329317784959 0.10343370320213494
leaf_weight=310647.12979272008 2470.9515124633908 723.57410034537315 10644.525734145194 7857.0283772852272 41827.184282299131 10662.707076188177 2552.556456759572 1575.0019823126495 7676.6370640005916 579241.28078015149 7.3537479043006897 20790.886512935162 1758.7993781268597 31766.545558258891 3197.5230773966759 22273.614023964852 11871.657635122538 4100.9669930487871 12878.122285570949 2339.4134956933558 809.96035319194198 5975.2235266938806 24004.676892068237 697.75293009728193 2509.0505861975253 16860.915348954499 883.09248500317335 37680.373317124322 74214.806592728943 4071.2390449121594
leaf_count=127783 9143 1968 23117 117232 336611 56504 14833 23420 63777 202573 20 153910 6929 509350 14867 215690 104918 18895 78022 7686 4987 25302 142720 3397 36208 109362 3060 458545 971979 17226
internal_value=0.0826995 -0.0200787 0.00540795 -0.0332612 -0.039564 -0.00926891 0.00395274 0.0671786 0.00621924 0.124819 0.0368414 0.00236523 0.0312444 -0.0441875 0.0353528 -0.0341345 -0.0107065 0.0202378 -0.00282716 0.049707 0.0638766 0.0742757 -0.020395 0.0666524 0.0224297 0.0144786 0.050046 -0.0484352 -0.0439525 0.0778257
internal_weight=1.25457e+06 364682 124322 240360 204220 100462 65592.7 23860.5 18731.2 889888 13216 36140 30925.3 185489 10874.2 34868.8 12595.2 23603.8 33669 11641 9301.59 8491.63 34667.4 7321.55 2516.4 21845 4984.06 143662 105981 6623.8
internal_count=3860034 3529678 816242 2713436 2472361 695502 372926 120740 195876 330356 97623 241075 173702 2276485 78644 322576 106886 138246 231932 74203 66517 61530 199224 35456 36228 131317 21955 1939874 1481329 32059
cat_boundaries=0 1 2 3 4 5 6 7 8 9 10 11 12 13 14 15 16 17 18 19 20 21 22 23
cat_threshold=2 4 32 643 8 44 20 598 32 16 8 4 80 106 8 35 128 96 146 514 105 96 256
is_linear=0
shrinkage=0.08


Tree=11
num_leaves=31
num_cat=22
split_feature=47 38 44 46 47 1 37 47 1 37 44 44 37 31 38 3 3 38 47 45 45 45 46 36 40 46 3 2 11 41
split_gain=730794 18465.5 16313 6153.48 5763.27 5205.47 4651.13 4059.86 4614.58 3699.53 2835.5 2534.74 2480.28 2365.97 2266.25 2183.63 2124.2 1768.92 1763.1 1700.92 1618.9 1602.35 1421.42 1384.18 1370.92 1365.12 3047.03 2964.74 1300 1295.27
threshold=0 1 2 3 4 1.0000000180025095e-35 5 6 1.5000000000000002 7 8 9 10 1.0000000180025095e-35 11 1.0000000180025095e-35 339.64500427246099 12 13 14 15 16 17 18 19 20 24.515000343322757 inf 15.500000000000002 21
decision_type=1 1 9 1 1 2 1 1 2 1 9 9 1 8 1 10 8 1 1 9 9 9 1 9 1 1 10 8 2 9
left_child=25 2 6 4 10 9 16 -4 12 11 -3 -6 -9 18 -7 -12 -2 19 22 -17 -14 -11 -8 28 -23 -1 27 -27 -19 -26
right_child=1 3 7 -5 5 14 13 8 -10 21 15 -13 20 -15 -16 17 -18 23 -20 -21 -22 24 -24 -25 29 26 -28 -29 -30 -31
leaf_value=0.1174216238029011 -0.039987430125594588 0.058154177208402331 -0.049570057866884669 0.085055659033600975 -0.01244164787987188 0.0067630047187970145 -0.0093006382450063953 -0.057920443507740463 0.067962709470305679 0.1179528893902758 0.19971446973165435 0.11089540024641062 -0.0084626621135508347 0.089562443727680588 0.10788210172185615 0.030244480289122182 0.04723236147640017 -0.016496961112616167 0.063854377248106498 -0.090544172699238909 -0.047595004640845179 0.069332696369800315 0.092390845182525536 -0.037357390038039326 0.047700009973351769 -0.0018965967341901273 0.11531252813951139 0.095516319382642975 0.054232718156860087 -0.00038157052854788143
leaf_weight=841207.07861335576 8083.4120738692582 3314.5356018953025 134780.70690810308 5701.5904704593122 28998.66939016059 1925.3281389921904 6885.89582625404 14135.826534818858 3311.800752453506 1413.5655757784843 295.02221190184355 1107.129640288651 26818.256896536797 5613.4508748389781 5489.0683114677668 7035.5126857683063 2294.3118585944176 38148.627317789942 5151.6906706169248 825.02459038421512 9045.581354174763 4369.7911198586226 1008.5423531085253 25245.405896633863 5882.6767342463136 3147.8895122259855 24323.367277354002 5481.3321130126715 1738.9080147072673 9168.5328983105719
leaf_count=314266 59174 12130 1987516 11467 160379 5367 52737 143633 9288 4401 344 1637 247808 18794 5563 41583 23505 346529 18716 6094 96030 18643 2455 158579 27776 5884 8250 2206 17552 51779
internal_value=0.0773766 -0.0189338 -0.0335609 0.00364742 0.000208419 0.0191497 0.0222466 -0.0421782 -0.0234901 0.0100341 -0.0142207 -0.00790335 -0.0295476 0.0461097 0.0817787 -0.0174939 -0.0206849 -0.0183719 0.0274484 0.0174678 -0.0183431 0.0359401 0.00369081 -0.0226963 0.0299131 0.116796 0.100823 0.0599807 -0.0134101 0.01843
internal_weight=1.23195e+06 357789 217129 140659 134958 58354.8 29037.3 188092 53311.5 50940.4 76603 30105.8 49999.7 18659.6 7414.4 73288.5 10377.7 72993.5 13046.1 7860.54 35863.8 20834.6 7894.44 65132.9 19421 874160 32952.6 8629.22 39887.5 15051.2
internal_count=3860085 3529479 2659656 869823 858356 275545 175381 2484275 496759 264615 582811 162016 487471 92702 10930 570681 82679 570337 73908 47677 343838 102599 55192 522660 98198 330606 16340 8090 364081 79555
cat_boundaries=0 1 2 3 4 5 6 7 8 9 10 11 12 13 14 15 16 17 18 19 20 21 22
cat_threshold=2 300 1 1 4 24 4 20 1 2 20 129 129 4 13 5 8 1 160 4 1 21
is_linear=0
shrinkage=0.08


Tree=12
num_leaves=31
num_cat=22
split_feature=47 44 47 35 45 37 34 37 37 43 3 35 3 43 42 41 32 34 47 47 43 41 31 32 32 32 34 43 34 5
split_gain=635396 16876.6 12400.5 12412.9 6148.08 3097.81 2870.96 2746.43 2616.92 2451.25 2207.17 2204.03 2084.36 1850.33 2259.61 2006.19 1835.53 1735.29 1526.41 1367.82 1298.67 1281.71 1198.8 1180.04 1170.77 1096.64 1090.82 1083.35 1059.75 1033.67
threshold=0 1 2 3 4 5 6 7 8 9 1.0000000180025095e-35 10 inf 11 12 13 -16.414999961853024 14 15 16 17 18 1.0000000180025095e-35 4.9449999332427987 -16.414999961853024 -10.284999847412108 19 20 21 9.5000000000000018
decision_type=1 9 1 1 9 1 1 1 1 9 10 1 8 9 9 9 10 1 1 1 9 9 10 10 8 10 1 9 1 2
left_child=16 4 5 7 6 -3 -2 21 20 -5 -9 19 13 -7 -15 28 -1 -12 26 -10 -6 -4 -8 -11 -19 -17 -13 -26 -16 -23
right_child=1 2 3 9 8 12 22 10 11 23 17 18 -14 14 15 25 -18 24 -20 -21 -22 29 -24 -25 27 -27 -28 -29 -30 -31
leaf_value=0.1050027714323712 0.014429553858404618 -0.065823974109011904 -0.0088993110169449715 -0.005619683215909551 0.38522708500628028 -0.047022604992764498 0.071269055003044021 0.18310871450946092 -0.0367569456930757 0.075246818738527982 -0.054732491628988078 0.092733641815532855 0.16951118675615731 -0.010214446306080135 0.11788497745844911 -0.022511766699880847 0.11280028245406479 0.097041843434434658 0.11891742799592364 0.021567519319313496 -0.052196798636805604 0.022681597253910991 0.1300882654380334 0.022576460993614524 -0.03123221305104305 -0.040662381437065243 -0.0058723170816106672 -0.00676146471630573 -0.00043037795713735837 0.17745896230809219
leaf_weight=294580.84672316909 5475.960960611701 19507.584827454761 15716.673689767718 3816.8068761471659 34.061231061816216 43728.593804730102 11154.791423842311 324.20824566483498 4534.4676699116826 14244.26096374169 11080.991149097681 1074.1030679419637 326.99614948034286 34041.739404087886 769.95500033721328 29865.438436117023 561463.25880652666 544.38931997492909 1837.7311119288206 5950.2921380400658 5103.62515835464 10796.687977828085 2767.9048429019749 3365.577002029866 27550.842609394342 74315.42338979058 2129.7244531139731 20000.431997731328 1288.6733114346862 283.40067451447248
leaf_count=126068 39053 321074 132877 51737 155 770160 35865 190 30640 46169 111553 4895 409 350400 1936 302671 204251 2467 2120 22464 46386 57009 3026 15690 211591 812482 18224 133405 5605 860
internal_value=0.0729264 -0.0176137 -0.0238984 -0.00194381 0.0312622 -0.0355006 0.0635914 -0.0154761 0.000881519 0.0525415 -0.0250531 0.0172606 -0.0322863 -0.0326466 -0.02816 -0.0339087 0.110117 -0.0261977 0.0606755 -0.00365327 -0.0485541 0.00579039 0.0829031 0.0651435 -0.019608 -0.0354558 0.0274571 -0.0209476 0.0441771 0.0266164
internal_weight=1.20768e+06 351631 311569 107724 40062.7 203844 19398.7 86297.6 20664 21426.6 59500.9 15526.3 184337 184010 140281 106239 856044 59176.7 5041.56 10484.8 5137.69 26796.8 13922.7 17609.8 48095.7 104181 3203.83 47551.3 2058.63 11080.1
internal_count=3861432 3531113 3328285 763548 202828 2564737 77944 649952 124884 113596 459206 78343 2243663 2243254 1473094 1122694 330319 459016 25239 53104 46541 190746 38891 61859 347463 1115153 23119 344996 7541 57869
cat_boundaries=0 1 2 3 4 5 6 7 8 9 10 11 12 13 14 15 16 17 18 19 20 21 22
cat_threshold=2 1 4 32 14 18 96 106 16 35 32 33 17 16 80 4 4 2 38 6 41 56
is_linear=0
shrinkage=0.08


Tree=13
num_leaves=31
num_cat=20
split_feature=38 34 38 44 38 41 35 32 37 31 44 4 39 42 37 38 32 19 27 37 42 38 40 38 34 13 12 19 37 13
split_gain=13945.4 3937.4 3285.56 2257.38 2376.39 2034.47 1760.46 1194.36 1034.35 965.187 850.856 732.97 690.386 656.663 633.045 639.382 620.526 629.855 554.337 552.634 547.833 539.601 588.387 763.065 527.707 479.984 527.436 478.221 714.716 476.414
threshold=0 1 2 3 4 5 6 -10.284999847412108 7 1.0000000180025095e-35 8 1.5000000000000002 9 10 11 12 -16.414999961853024 2008.2750244140627 1.0000000180025095e-35 13 14 15 16 17 18 1.0000000180025095e-35 3533.7751464843755 1322.0200195312502 19 6221.0251464843759
decision_type=1 1 1 9 1 9 1 8 1 10 9 8 9 9 1 1 8 2 8 1 9 1 1 1 1 2 2 2 1 2
left_child=1 6 5 8 13 11 10 -4 -3 14 27 12 -2 29 -9 -16 -6 19 -15 -18 -12 -7 23 -23 -14 -8 -27 -1 -29 -5
right_child=2 3 7 4 16 21 25 9 -10 -11 20 -13 24 18 15 -17 17 -19 -20 -21 -22 22 -24 -25 -26 26 -28 28 -30 -31
leaf_value=0.092779578368442139 0.085528755387716565 0.092575874953428242 0.093070058802656758 0.066305975424697891 0.078374655985681038 0.094073019264623539 0.074958447757039415 0.06583011985946291 0.061250945568141611 0.097107148237476709 0.026331889896784526 0.082729331748013182 0.082931007760419978 0.29169297060974791 0.076183621428718803 0.068628509427768172 0.04692690077321171 0.016780517200595119 0.051600202577239095 0.032792261122327838 0.057005135508563599 0.072266584863884736 0.086352890474111016 -0.003153816078793881 0.065178689264171336 0.059492514418529402 0.077473761066026367 0.45203621652105241 -0.084595876329525713 0.23781353159481997
leaf_weight=2733.2555707674474 17758.188552580774 8828.8189573325217 15186.416371989995 21466.240056404844 2273.2433326616883 67617.696422882378 72845.016083527356 168725.64315635711 30266.265956424177 8429.3482506796718 10345.515367900953 55879.619492363185 13155.259615696967 61.580020066350698 133946.03270601854 162889.66373061761 29954.95223175548 9642.2931787800044 109621.62126271054 44149.18246348016 5884.7150611802936 6225.7062870338559 61970.816954210401 1003.7338098958135 67280.738735128194 35417.499705396593 14804.153041668236 7.527942668646574 172.64740323275328 104.15984493121505
leaf_count=11573 28778 22389 21032 99469 8446 64540 171546 409801 86057 10779 147419 90364 23992 143 322385 529610 230987 118091 571641 405750 42743 8670 88546 2446 147514 159281 32142 11 3333 591
internal_value=0.0687774 0.0565962 0.0749997 0.0506653 0.047483 0.0817494 0.0672838 0.0709844 0.0683644 0.0702783 0.0446271 0.0754099 0.0712523 0.0542616 0.0697925 0.0720402 0.0371292 0.036014 0.0517303 0.0385166 0.0375047 0.0888824 0.0837977 0.0618053 0.0681005 0.0708043 0.064793 0.0844579 -0.0417813 0.067103
internal_weight=1.17865e+06 398579 780069 256368 217273 290892 142210 489177 39095.1 473991 19143.7 154074 98194.2 131254 465561 296836 86019.7 83746.4 109683 74104.1 16230.2 136818 69200.3 7229.44 80436 123067 50221.7 2913.43 180.175 21570.4
internal_count=3860069 2111612 1748457 1543564 1435118 454850 568048 1293607 108446 1272575 205079 290648 200284 671844 1261796 851995 763274 754828 571784 636737 190162 164202 99662 11116 171506 362969 191423 14917 3344 100060
cat_boundaries=0 1 2 3 4 5 6 7 8 9 10 11 12 13 14 15 16 17 18 19 20
cat_threshold=44 67 643 1 12 35 1 96 1 1 3 20 80 106 9 513 1 2 100 64
is_linear=0
shrinkage=0.08


Tree=14
num_leaves=31
num_cat=15
split_feature=38 34 38 3 4 3 43 3 38 27 45 45 13 17 46 34 43 38 36 3 46 45 3 43 17 13 12 33 33 3
split_gain=12181.8 3570.63 2880.47 2251.39 1775.81 1662.15 1565.66 1257.25 1248.79 1368.27 802.008 764.828 770.704 771.565 720.648 677.67 575.71 560.723 547.658 544.974 528.827 489.029 474.828 470.518 1103.66 649.48 463.51 443.011 442.013 424.644
threshold=0 1 2 24.515000343322757 1.5000000000000002 inf 3 562.31500244140636 4 1.0000000180025095e-35 5 6 165.2749938964844 53.500000000000007 7 8 9 10 11 245.31000518798831 12 13 639.97497558593761 14 87.500000000000014 610.42501831054699 339.41000366210943 1.0000000180025095e-35 1.0000000180025095e-35 307.99499511718756
decision_type=1 1 1 10 8 8 9 10 1 8 9 9 2 2 1 1 9 1 9 8 1 9 10 9 2 2 2 2 2 10
left_child=1 5 4 -3 15 7 -6 18 9 -5 27 22 16 -14 -11 28 -13 -12 -1 -17 23 -20 -10 24 -9 -25 -24 -4 -2 -18
right_child=2 3 10 8 6 -7 -8 20 11 14 17 12 13 -15 -16 19 29 -19 21 -21 -22 -23 26 25 -26 -27 -28 -29 -30 -31
leaf_value=0.036160736657458455 0.080354746680437628 0.065286445210770358 0.076524776177959705 0.42288166067159955 0.096663528333023344 0.099080760073391727 0.076852758302298804 0.051705271550216585 0.039172405414046756 0.046162828815830351 0.066951893713302874 0.0051931253776265687 -0.010684202010442321 0.10180077572176441 0.09501082604647737 0.060013797219691217 0.065209069360612895 0.061235939975214725 0.070634822990655155 0.073298886622051612 0.12618589436413002 0.058465000334412834 0.04719029713725742 0.037092078856925961 0.78702196959886939 -0.0059638562652821062 0.0062581704617800053 0.18145421386755625 -0.05485031171428556 0.013675571119803075
leaf_weight=6458.3152359910309 24597.931381672621 26052.856058176607 33021.234201606363 62.223033644258976 31670.737148150802 6336.2737001031637 140787.33742364123 5312.4835375286639 63933.767351131886 67252.189005833119 246571.06888934597 2912.1215046886355 6164.8326834738255 416.64455591700971 1990.0994054228067 60239.684163786471 3510.3334930781275 206451.03335937671 24885.889553241432 29409.797875571996 408.10756622999907 164269.08464605547 2557.070206316188 7519.1745798550546 13.095876974985002 3194.9761535786092 5756.356526998803 259.53709308058023 155.72912445664406 1444.4455571807921
leaf_count=19285 40650 58375 64859 114 25727 1814 206937 41023 491166 369711 548872 27448 81953 2385 3812 128613 18178 678731 73461 52133 1667 627615 32923 97915 199 59680 86793 649 1266 16328
internal_value=0.063131 0.0517991 0.0689986 0.0435144 0.0753717 0.0587028 0.0805009 0.0574991 0.0398811 0.0478968 0.0652377 0.033464 0.0166258 -0.00356327 0.0475668 0.0676462 0.0335372 0.0643484 0.0592853 0.0643648 0.0362561 0.0600698 0.0368286 0.033968 0.0534132 0.0242301 0.0188482 0.0773198 0.079472 0.0500846
internal_weight=1.17361e+06 400450 773164 182053 286861 218397 172458 212061 156000 69304.5 486303 86695.6 14448.4 6581.48 69242.3 114403 7866.9 453022 195613 89649.5 16447.8 189155 72247.2 16039.7 5325.58 10714.2 8313.43 33280.8 24753.7 4954.78
internal_count=3860282 2111845 1748437 1189186 455326 922659 232664 920845 1130811 373637 1293111 757174 146292 84338 373523 222662 61954 1227603 720361 180746 200484 701076 610882 198817 41222 157595 119716 65508 41916 34506
cat_boundaries=0 1 2 3 4 5 6 7 8 9 10 11 12 13 14 15
cat_threshold=44 71 643 5 12 8 13 1 100 36 80 120 1 8 12
is_linear=0
shrinkage=0.08


Tree=15
num_leaves=31
num_cat=16
split_feature=2 4 43 13 40 45 45 32 4 37 46 31 35 11 11 36 45 43 31 27 19 42 31 45 45 35 32 36 43 32
split_gain=6166.72 3709.87 2180.37 1917.14 1324.42 1313.18 1099.08 1093.1 1220.6 778.915 749.608 784.901 740.707 635.253 624.244 549.112 542.949 528.211 493.176 446.963 419.071 398.563 394.226 535.04 393.634 382.957 382.122 375.493 370.18 624.97
threshold=inf 1.5000000000000002 0 346.00001525878912 1 2 3 -3.7450000047683711 43.500000000000007 4 5 1.0000000180025095e-35 6 45.500000000000007 10.500000000000002 7 8 9 1.0000000180025095e-35 1.0000000180025095e-35 211.22499847412112 10 1.0000000180025095e-35 11 12 13 -2.3349999189376827 14 15 -3.9250000715255733
decision_type=8 8 9 2 1 9 9 10 8 1 1 10 1 2 2 9 9 9 10 8 2 9 10 9 9 1 10 9 9 8
left_child=1 2 5 12 16 10 -5 28 27 22 11 26 14 25 24 -7 18 -10 -3 -14 -17 -11 -6 -24 -4 -8 -1 -9 -2 -30
right_child=7 4 3 6 9 15 13 8 17 21 -12 -13 19 -15 -16 20 -18 -19 -20 -21 -22 -23 23 -25 -26 -27 -28 -29 29 -31
leaf_value=0.059625614842348351 0.092021718984516374 0.068862372551174139 0.064025562977338052 0.03905473571978222 0.062022993256476269 0.056148956306436987 -0.020004138007854819 0.021689559849794506 0.10353398229231539 0.047417161899457536 0.078132750672255197 0.087314464840349743 0.35424931392065051 0.08649471860264854 0.075081994857225831 0.044915054588223077 0.053242310465710825 0.067126762126032719 0.096983278880774348 0.039725769371691477 0.026339330308698485 0.057276979150838805 -0.069833362589919637 0.093385299502787372 0.050345455564578909 0.015196730088414346 0.054278660777996528 0.06577471963501183 0.095366479749929386 0.069546479552092824
leaf_weight=162239.44017824158 31035.159982319921 141746.48421475105 16003.560852248222 49081.273466365412 181053.76660132408 16313.007661554962 2753.9398784339428 4374.1870212852955 3712.0863988399506 37755.300719145685 11400.442761857063 5483.4191856943071 28.942969642579556 656.86888012103736 8246.4040013924241 21437.703216221184 14568.270512411371 9090.4628175720572 4107.0285763368011 31546.342647314072 12194.025919795036 92863.599086269736 129.34937181323767 3705.9042539149523 97444.843226211146 6951.3482366446406 180939.23143675923 1735.8289103172719 9316.853520616889 16850.973915599287
leaf_count=521966 12117 325543 48474 385966 416164 33268 53153 11303 1533 140141 16725 8971 92 2786 17284 84382 39366 9838 4379 295763 76942 277448 479 2953 404172 55354 597956 2308 3178 11788
internal_value=0.0584284 0.0569028 0.0528387 0.0462519 0.0622203 0.0562534 0.0340586 0.0804493 0.0637761 0.0591948 0.0579447 0.0572863 0.0509838 0.0103465 0.0538257 0.0440514 0.0681629 0.0778163 0.0696494 0.0400014 0.0381686 0.0544309 0.0625573 0.0879419 0.0522853 0.0052033 0.0568065 0.0343571 0.0859618 0.0787094
internal_weight=1.17477e+06 1.09865e+06 622721 212714 475930 410007 59443.4 76115.6 18912.6 315508 360063 348662 153270 10362.2 121695 49944.7 160422 12802.5 145854 31575.3 33631.7 130619 184889 3835.25 113448 9705.29 343179 6110.02 57203 26167.8
internal_count=3861792 3809727 2603254 1263044 1206473 1340210 497259 52065 24982 837185 1145618 1128893 765785 111293 469930 194592 369288 11371 329922 295855 161324 417589 419596 3432 452646 108507 1119922 13611 27083 14966
cat_boundaries=0 1 2 3 4 5 6 7 8 9 10 11 12 13 14 15 16
cat_threshold=14 10 13 13 38 1 48 75 13 4 32 32 8 1 128 37
is_linear=0
shrinkage=0.08


Tree=16
num_leaves=31
num_cat=11
split_feature=47 47 35 31 45 31 32 32 45 3 42 3 3 34 24 32 22 26 3 43 3 35 20 2 33 13 12 13 34 34
split_gain=616331 10501.6 10348.6 5454.8 2978.42 2336.63 1909.35 1864.91 1793.79 1529.59 1391.15 1438.01 1387.63 1195.82 1186.11 1040.68 1006.25 907.204 890.711 882.001 801.388 778.789 918.571 760.914 670.559 660.625 655.915 671.261 651.087 639.104
threshold=0 1 2 1.0000000180025095e-35 3 1.0000000180025095e-35 -6.4849998950958243 inf 4 527.82501220703136 5 74.524997711181655 173.36500549316409 6 -1.0000000180025095e-35 -16.414999961853024 5.5000000000000009 1.0000000180025095e-35 90.794998168945327 7 59.420000076293952 8 1.0000000180025095e-35 inf 1.0000000180025095e-35 386.32499694824224 24444.895507812504 105.82500076293947 9 10
decision_type=1 1 1 10 9 10 10 8 9 8 9 10 10 1 2 10 2 8 10 9 10 1 2 8 2 2 2 2 1 1
left_child=7 3 5 4 13 6 9 -1 -5 -3 11 -6 29 -2 18 -12 -15 -13 20 -19 -8 23 -23 -14 -17 -26 -24 -28 -20 -4
right_child=1 2 12 8 10 -7 14 -9 -10 -11 15 17 21 16 -16 24 -18 19 28 -21 -22 22 26 -25 25 -27 27 -29 -30 -31
leaf_value=0.097462107195976921 0.0078825245223128858 -0.0096744676689440433 0.0086026618957821422 0.082020431924576517 0.040807165990914815 0.058575635457417459 -0.026906750908878653 0.089031596299962837 -0.011913224782413166 0.10431848373553473 -0.036119138695208379 0.18349247016019757 0.048848363984328937 -0.030937832417826307 0.13285687692237558 -0.050593711700322112 0.77145456673205859 -0.050154343619147446 -0.060545680005371909 -0.027601680789453902 0.0066847348728602133 0.02106934716638709 -0.049205531203618993 -0.10318301027384466 -0.053345187898702705 0.054857178750450014 0.56749794701996448 0.052354767644673367 -0.033095520566837615 0.070047228569817585
leaf_weight=542148.56407690048 10670.58633987233 32816.706090155989 1286.2972236052155 3055.8445835411549 1711.0329686142504 2302.6927819550037 16027.645106002688 243290.38012000918 2262.5236085467041 771.05222278088331 48885.91986759007 122.82157240621746 6309.320479195565 10479.153916556388 284.88535330444574 120100.09982633218 10.012155644595621 15708.417406896129 6344.0544169545174 38284.136026090011 6344.6042432412505 8509.8147039860487 2145.7968228496611 217.9714145809412 679.81193349137902 770.35339014604688 17.431121271103621 227.15066446736455 44831.67297481373 7390.3378106430173
leaf_count=212895 71613 189917 5305 8009 9614 5419 89762 118422 16278 946 493676 796 14746 130208 997 1346100 119 266285 59512 352065 30320 58484 25960 698 8327 10642 186 2698 318871 12578
internal_value=0.0540809 -0.0283299 -0.0103896 -0.0379713 -0.0396944 -0.0211597 -0.0228709 0.0948507 0.0421913 -0.00705761 -0.0423781 -0.0313948 0.034875 -0.0109727 -0.0300647 -0.0459736 -0.0301432 -0.0336835 -0.0306957 -0.0341775 -0.0173805 0.0218738 0.00875289 0.0437045 -0.0499408 0.00413382 -0.0350574 0.0890686 -0.0365167 0.0610288
internal_weight=1.17401e+06 388568 135827 252741 247422 109723 107421 785439 5318.37 33587.8 226263 55826.4 26104.1 21159.8 73832.9 170436 10489.2 54115.4 73548 53992.6 22372.2 17427.5 10900.2 6527.29 121550 1450.17 2390.38 244.582 51175.7 8676.64
internal_count=3861448 3530131 816399 2713732 2689445 695744 690325 331317 24287 190863 2487505 628760 120655 201940 499462 1858745 130327 619146 498465 618350 120082 102772 87328 15444 1365069 18969 28844 2884 378383 17883
cat_boundaries=0 1 2 3 4 5 6 7 8 9 10 11
cat_threshold=2 4 32 8 14 17 14 35 8 64 96
is_linear=0
shrinkage=0.08


Tree=17
num_leaves=31
num_cat=10
split_feature=38 2 38 41 2 44 43 3 32 43 31 37 37 31 32 32 1 4 3 3 17 6 13 33 11 41 4 13 38 3
split_gain=11039.5 4368.27 2777.23 2027.86 1807.58 1520.41 1498.98 1422.82 1419.25 841.997 787.204 779.932 721.581 639.295 634.434 603.379 584.71 562.782 559.754 546.362 775.663 596.143 527.355 559.802 552.543 524.633 504.974 452.868 444.051 808.925
threshold=0 inf 1 2 inf 3 4 552.12500000000011 -3.2949999570846553 5 1.0000000180025095e-35 6 7 inf -3.7450000047683711 -4.9049999713897696 1.0000000180025095e-35 1.5000000000000002 298.90499877929693 639.97497558593761 14.500000000000002 3656.349975585938 18.024999618530277 1.0000000180025095e-35 44.500000000000007 8 1.5000000000000002 116.02499389648439 9 18.964999198913578
decision_type=1 8 1 9 8 9 9 10 10 9 10 1 1 8 10 8 2 10 10 10 2 2 2 2 2 9 8 2 1 8
left_child=1 5 3 15 10 11 25 13 18 -9 12 19 -4 22 -6 -2 26 -14 -3 -1 21 -21 -7 24 -24 -5 -17 -11 -8 -30
right_child=2 8 4 6 14 7 28 9 -10 27 -12 -13 17 -15 -16 16 -18 -19 -20 20 -22 -23 23 -25 -26 -27 -28 -29 29 -31
leaf_value=0.065607924825437522 0.079471344098465499 0.093104455855913204 0.047665265681356817 0.095215265867083135 0.087956873466883162 0.044406683084640505 0.075115179491434161 0.037584798097195178 0.013141232694559522 0.028420129079712333 0.07734190471926812 0.046011536904136875 0.052990281906943867 0.029961871334505431 0.048594578931912824 0.049379656528597389 0.065633555506401917 0.063278602443520751 0.049199813320304861 0.16592258658396375 -0.033506202765804662 0.52257037451487842 0.03648319089393464 -0.023017917632950146 0.072219787107273892 0.069100388922632205 0.061091164258227908 0.0059484498285867562 0.039436979037795819 0.066182107909790344
leaf_weight=11041.329118991271 7349.5860423371196 13649.093560785055 160554.14032099396 19055.057132661343 12666.675755538046 107642.99491365254 28193.472474262118 14992.733228173107 1854.1161203421652 8746.5089520458132 7977.6401841305196 40572.453909955919 248218.07493314147 45930.009156161919 3304.2525978311896 72916.95762545988 30990.992939177901 39433.447022922337 2151.4107685014606 449.51287434622645 125.60158883966506 32.139786440879107 124363.50035821274 993.12473041936755 2832.035592019558 7048.7176598161459 34811.848040021956 16695.26183584705 8196.9669238701463 61844.148540969938
leaf_count=26258 11448 3917 412417 7405 4941 439602 36372 128052 6149 116051 11120 121316 745184 236425 5381 163550 55376 114717 3162 2337 1263 142 728840 13385 5432 11427 59868 279946 13846 94566
internal_value=0.0513323 0.0404677 0.0570675 0.0635433 0.0533574 0.0386351 0.0710729 0.0365828 0.0793563 0.0225491 0.0524324 0.0512979 0.051989 0.0385967 0.0798131 0.0571295 0.0559499 0.0543988 0.0871264 0.0696114 0.14355 0.189721 0.0402784 0.0368117 0.0372789 0.0881927 0.0531642 0.0136685 0.0665151 0.0630431
internal_weight=1.13463e+06 392072 742562 270408 472154 374417 124338 322196 17654.6 40434.5 456183 52221 448206 281762 15970.9 146069 138720 287652 15800.5 11648.6 607.254 481.653 235832 128189 127196 26103.8 107729 25441.8 98234.6 70041.1
internal_count=3859895 2112277 1747618 453858 1293760 2099049 163616 1947733 13228 524049 1283438 151316 1272318 1423684 10322 290242 278794 859901 7079 30000 3742 2479 1187259 747657 734272 18832 223418 395997 144784 108412
cat_boundaries=0 1 2 3 4 5 6 7 8 9 10
cat_threshold=44 643 35 1 4 12 96 20 16 512
is_linear=0
shrinkage=0.08


Tree=18
num_leaves=31
num_cat=17
split_feature=47 47 39 38 38 3 45 32 3 45 34 24 38 4 31 38 34 42 38 45 32 11 1 1 42 17 45 3 31 45
split_gain=561112 9603.32 7359.58 3924.98 2826.65 2094.96 1992.38 1865.38 1787.42 1776.42 1672.59 1530.13 1403.09 1346.45 1335.65 1267.99 1257.68 1373.08 1147.25 1236.49 1073.02 1067.84 983.355 920.573 827.405 912.966 817.722 803.183 769.172 1095.6
threshold=0 1 2 3 4 24.515000343322757 5 inf 289.92500305175787 6 7 -1.0000000180025095e-35 8 7.5000000000000009 1.0000000180025095e-35 9 10 11 12 13 -8.1149997711181623 8.5000000000000018 1.5000000000000002 1.5000000000000002 14 45.500000000000007 15 18.185000419616703 1.0000000180025095e-35 16
decision_type=1 1 9 1 1 10 9 8 8 9 1 2 1 10 10 1 1 9 1 9 8 2 2 2 9 2 9 8 10 9
left_child=7 3 18 6 8 27 12 -1 10 -5 13 14 -2 -4 16 22 17 26 19 -3 -12 24 -11 -20 25 -17 -7 -6 -8 -30
right_child=1 2 4 9 5 11 28 -9 -10 15 20 -13 -14 -15 -16 21 -18 -19 23 -21 -22 -23 -24 -25 -26 -27 -28 -29 29 -31
leaf_value=0.090915230557286994 -0.045401734141980225 0.056495763245192059 0.050527940230239307 0.01792874142993384 -0.002963970643566423 0.037123730118128473 -0.050666937289372188 0.08220974024032611 0.049616649360683662 -0.019071671335886102 0.11476590864879795 0.10899534003226878 4.3310431797727474e-05 -0.036437355080436273 0.041281102279496114 -0.027279139850317262 -0.041441864568173267 -0.036178321591649361 0.028138247437652086 -0.022816217410321204 -0.019115255990896928 -0.010289021577899861 0.029125683606348859 0.097169625946936886 -0.046822361440045479 0.54876215546317997 -0.013310859828462321 0.053018770557344497 0.074676796271703511 -0.046312131173736927
leaf_weight=510578.12829636037 8204.4093397818506 2926.0500159263611 4895.4541686847806 5506.6253122538328 5137.1152855455875 2274.1944641880691 144108.96243788488 227817.55746557564 4366.0649228990078 15733.865896463394 390.50028333812952 511.18853846378624 9247.6686835028231 1485.0494673326612 1658.9807870425284 22478.459326755255 40493.244342790917 22289.221077129245 1821.0921440795064 2196.1378906518221 20305.596141673625 10042.221019610763 3272.7529784105718 3850.5277727842331 32532.39049006626 17.622512627393007 20771.666499732062 2409.4363444820046 755.75195192173123 1269.174952916801
leaf_count=212333 117075 5128 14820 22327 19551 11605 1925155 118065 12915 88407 766 2282 65553 6647 4645 156890 342096 142902 3526 6049 87425 72452 16900 2873 234097 42 146074 6952 3046 12005
internal_value=0.0471978 -0.0302991 -0.013303 -0.0395488 -0.0186934 -0.025539 -0.0469215 0.0882293 0.00211572 -0.0260777 -0.00554296 -0.0290107 -0.0213347 0.0302395 -0.0298171 -0.0289617 -0.0311914 -0.0220216 0.0501153 0.0225126 -0.0165811 -0.0342737 -0.0107669 0.0748724 -0.038657 -0.026816 -0.00831997 0.01491 -0.0499755 -0.00101604
internal_weight=1.12935e+06 390951 137782 253170 126988 95545 163586 738396 31442.7 89583.9 27076.6 87998.5 17452.1 6380.5 87487.3 84077.3 85828.3 45335.1 10793.8 5122.19 20696.1 65070.7 19006.6 5671.62 55028.5 22496.1 23045.9 7546.55 146134 2024.93
internal_count=3860603 3530205 816256 2713949 798680 676107 2122834 330398 122573 591115 109658 649604 182628 21467 647322 568788 642677 300581 17576 11177 88191 463481 105307 6399 391029 156932 157679 26503 1940206 15051
cat_boundaries=0 1 2 3 4 5 6 7 8 9 10 11 12 13 14 15 16 17
cat_threshold=2 4 1 300 643 8 8 36 32 641 27 25 897 9 19 8 6
is_linear=0
shrinkage=0.08


Tree=19
num_leaves=31
num_cat=21
split_feature=38 2 41 34 32 38 38 44 35 44 38 34 32 1 34 45 27 44 34 42 4 41 45 34 34 42 1 17 46 11
split_gain=8562.06 4336.28 2202.24 1914.15 1752.45 1589.69 1268.95 1455.65 1132.24 1419.03 1250.07 980.431 897.084 782.911 935.107 670.641 581.509 509.933 489.36 482.194 449.03 436.756 434.341 480.77 403.942 392.906 468.819 449.536 392.865 392.743
threshold=0 inf 1 2 -4.4749999046325675 3 4 5 6 7 8 9 -6.2149999141693106 1.0000000180025095e-35 10 11 1.0000000180025095e-35 12 13 14 69.500000000000014 15 16 17 18 19 2.5000000000000004 6.5000000000000009 20 27.500000000000004
decision_type=1 8 9 1 10 1 1 9 1 9 1 1 8 2 1 9 8 9 1 9 10 9 9 1 1 9 2 2 1 2
left_child=1 3 12 6 -3 11 -1 -8 22 -10 -11 21 -2 14 17 -9 -17 28 -15 20 -12 -4 23 -5 -13 26 -18 -28 -14 -24
right_child=2 4 5 8 -6 -7 7 15 9 10 19 24 13 18 -16 16 25 -19 -20 -21 -22 -23 29 -25 -26 -27 27 -29 -30 -31
leaf_value=0.040998050106117977 0.06891110281049416 0.082477177633850443 0.097457089309111095 0.075884384037716426 0.017552931936878794 0.05408473298088301 0.043673874745392416 0.029900736248414286 0.061963094273607792 0.037867437081865782 0.011546696424227345 0.07101534138262211 0.037792865049797446 0.067650933709687347 0.05052090268931609 0.2102804144030844 0.0094707926666149564 0.065279274229078615 0.05113544411839703 0.028738878650505152 0.43423355921257434 0.062835010025317758 0.046195019019890121 0.039896323826160367 0.057756254359861398 0.024968648704355962 -0.030583103694210745 0.09225397978555476 0.071606010919471705 0.075608458036873605
leaf_weight=47992.073058424518 12931.813066329807 19086.841652031988 9658.3596405982971 2429.1012928262353 3091.8077339529991 143371.74620034546 22687.746835581958 34568.48451924324 10797.437346020713 76284.197187224403 20364.678288945928 29851.241651318967 100608.04148066044 14992.245555490255 99079.29039439559 98.258337873965502 38201.821278832853 4773.4737969189882 53189.627359781414 23324.346621628851 16.097583273425698 3295.2825604565442 115012.00357995555 153805.06788322516 30846.657575968653 18921.244633808732 249.23577065579593 811.45273824781179 2248.2800249457359 2980.6327685005963
leaf_count=186175 20961 8940 3315 3110 9067 290627 72220 273657 36113 346607 238985 34566 256072 26497 221729 122 373001 4489 120927 192314 210 4440 397243 576664 43205 102222 2864 6411 2328 5275
internal_value=0.0452637 0.0387224 0.0529158 0.0373693 0.0734264 0.0590116 0.0300548 0.025506 0.0403209 0.0341816 0.0316845 0.0685936 0.0483176 0.0473506 0.0448986 0.0210695 0.0158236 0.0397145 0.0547844 0.0208792 0.0118747 0.0887048 0.0432476 0.0404607 0.0642877 0.0154979 0.0109247 0.0633903 0.038532 0.0469341
internal_weight=1.09557e+06 590723 504846 568544 22178.6 217023 163530 115538 405014 130787 119989 73651.5 287823 274891 206709 92850.5 58282 107630 68181.9 43705.1 20380.8 12953.6 274227 156234 60697.9 58183.8 39262.5 1060.69 102856 117993
internal_count=3860356 2831200 1029156 2813193 18007 376153 1016672 830497 1796521 814229 778116 85526 653003 632042 484618 758277 484620 262889 147424 431509 239195 7755 982292 579774 77771 484498 382276 9275 258400 402518
cat_boundaries=0 1 2 3 4 5 6 7 8 9 10 11 12 13 14 15 16 17 18 19 20 21
cat_threshold=300 35 48 641 256 1 48 1 260 96 3 4 2 99 8 16 35 1 28 25 1
is_linear=0
shrinkage=0.08


Tree=20
num_leaves=31
num_cat=15
split_feature=47 46 47 39 37 31 4 37 31 24 31 37 3 3 46 3 2 2 45 41 34 3 34 34 41 2 45 4 3 4
split_gain=502417 10630.6 6196.92 5749.54 3306.99 2623.14 2528.79 1604.75 1277.23 1270 1263.6 1247.71 1214.1 1127.68 949.907 2817.31 3095.62 941.795 928.652 904.084 994.682 961.846 852.488 847.078 1082.44 801.711 791.684 773.508 729.725 697.349
threshold=0 1 2 3 4 1.0000000180025095e-35 16.500000000000004 5 inf -1.0000000180025095e-35 1.0000000180025095e-35 6 inf 289.92500305175787 7 24.515000343322757 inf 1.0000000180025095e-35 8 9 10 409.46501159667974 11 12 13 inf 14 45.500000000000007 1.0000000180025095e-35 32.500000000000007
decision_type=1 1 1 9 1 10 8 1 8 2 10 1 8 8 1 10 8 10 9 9 1 8 1 1 9 8 9 8 10 8
left_child=8 2 5 25 11 7 9 -2 14 10 19 28 18 -8 -1 16 26 -15 -9 20 -6 22 -21 24 -20 29 -16 -19 -5 -4
right_child=1 -3 3 4 6 -7 13 12 -10 -11 -12 -13 -14 17 15 -17 -18 27 23 21 -22 -23 -24 -25 -26 -27 -28 -29 -30 -31
leaf_value=0.084886142292173158 -0.060099901932229499 0.042002834243265522 0.026280173722723624 0.10662220670523991 0.11814853618434114 0.025647402805293963 0.0019031780323538611 -0.021102821844928624 0.075702952721708641 0.11430963318107465 0.070875370391421749 -0.069748894734332323 0.1125623368168929 0.036933607501752945 0.036153467570997459 0.083298632030235895 0.068395429839140848 0.21682651185750479 0.038198489791495746 -0.063105840946799205 -0.0076153330845967239 -0.00090241627785947519 -0.030697339803001395 -0.03851802838375578 -0.053837042661458966 -0.080470075013792525 -0.098788196348688614 -0.10654064436960753 -0.034998772778563274 0.070321586682984258
leaf_weight=537634.76322453469 26879.228281006217 12471.195893064141 6065.9516803622246 234.07712587714195 423.7334456667304 3764.8915906138718 24372.66526356712 16185.322063023224 138850.22531178594 419.18886436149478 852.72029893472791 7404.1463216487318 336.23424106836319 1735.4456421248615 345.0993923842907 13930.612331479788 2311.5467108339071 347.54817572236061 832.7931830175221 6506.4115707501769 5577.5665118545294 5462.4997447151691 26250.054142009467 160309.41587782465 37331.996694779024 348.65466460585594 1407.7463150918484 54.808705423027277 44570.002160124481 3707.1663933470845
leaf_count=240849 371798 36554 12321 167 1405 15764 105368 156484 77868 1703 1943 90282 418 7753 363 6082 1263 750 2723 60661 27613 54872 207003 1579087 559079 954 3868 366 231188 3895
internal_value=0.0416793 -0.0306749 -0.0330603 -0.019245 -0.0239696 -0.0406155 -0.012848 -0.0416469 0.0825659 -0.0242947 -0.0255838 -0.0392979 -0.0393352 0.00678977 0.084281 0.0662007 0.00759786 0.0625009 -0.039575 -0.0274438 0.00144624 -0.0319723 -0.0371633 -0.0410782 -0.0518193 0.0387335 -0.0725783 0.172778 -0.0342512 0.0429861
internal_weight=1.08692e+06 392444 379973 134333 124211 245640 72002.6 241875 694480 45492.2 45073 52208.2 214996 26510.5 555630 17995 4064.39 2137.8 214660 44220.3 6001.3 38219 32756.5 198474 38164.8 10121.8 1752.85 402.357 44804.1 9773.12
internal_count=3860444 3530151 3493597 808244 791074 2685353 469437 2669589 330293 355200 353497 321637 2297791 114237 252425 11576 5494 8869 2297373 351554 29018 322536 267664 2140889 561802 17170 4231 1116 231355 16216
cat_boundaries=0 1 2 3 4 5 6 7 8 9 10 11 12 13 14 15
cat_threshold=2 1 4 1 20 18 4 1 8 17 33 64 96 16 5
is_linear=0
shrinkage=0.08


Tree=21
num_leaves=31
num_cat=24
split_feature=47 44 38 36 45 46 37 47 35 4 47 35 31 32 37 35 37 38 46 4 34 41 33 46 44 38 47 12 46 44
split_gain=445553 10330.2 9787.83 4244.76 3167.91 2524.21 2187.43 2512.05 2216.01 1974.85 1890.74 3008.7 1763.95 1722.33 1466.82 1335.98 1271.7 1220.04 1195.94 1179.26 1145.99 1131.68 1154.68 1096.73 1086.61 1006.91 1106.59 992.825 911.552 1355.85
threshold=0 1 2 3 4 5 6 7 8 69.500000000000014 9 10 1.0000000180025095e-35 inf 11 12 13 14 15 12.500000000000002 16 17 1.0000000180025095e-35 18 19 20 21 426.87500000000006 22 23
decision_type=1 9 1 9 9 1 1 1 1 10 1 1 8 8 1 1 1 1 1 8 1 9 2 1 9 1 1 2 1 9
left_child=13 4 6 5 12 10 -3 28 20 -10 27 16 17 -1 -6 25 -12 23 -15 -18 -9 -5 -23 -2 -20 26 -16 -4 -8 -30
right_child=1 2 3 21 14 -7 7 8 9 -11 11 -13 -14 18 15 -17 19 -19 24 -21 -22 22 -24 -25 -26 -27 -28 -29 29 -31
leaf_value=0.081880329278371675 -0.01387593228408877 -0.061693255791169833 -0.026906762231918291 0.030483067907375636 -0.042798487178286174 0.064554542093984313 -0.048437166813406221 -0.018688881883798986 0.0084958767980838519 0.64843658659846615 -0.023797710726401095 0.0466892850637632 0.060045832370184515 0.07455835648672475 -0.033249780804861816 0.034470112580375203 -0.011766393891807661 0.057821676082599131 0.025639415750814666 0.03315166864555924 -0.048352379245004171 -0.039974457844433327 0.066500391459022382 0.056955502805673693 0.075292278786905129 -0.05114704399458276 0.031934358472483798 -0.001523325057680485 0.059502804946557547 -0.089916379163251708
leaf_weight=460812.7169970125 8053.2345449998975 42217.213278593495 38599.026769086719 1561.8881331458688 7158.4215217586607 2970.4821000695229 107318.35721291043 16161.124336991459 8964.4001195393503 30.969324424862862 16310.049115747213 7971.8682923540473 7954.4748866669834 194839.05431048572 3060.9667372107506 5094.6393879223615 8328.6050081625581 2854.6889555305243 6290.5097831785679 6790.5338415801525 17304.095230102539 49782.541442960501 660.4958478063345 1693.1743218488991 5113.9014651477337 3398.3202138319612 3659.5520115122199 13245.916545458138 1167.6360635273159 582.59777426347136
leaf_count=212291 51541 544070 290170 4657 56364 6434 1578465 121112 64865 70 90783 16039 18050 107979 19887 23527 47677 4812 7093 24756 163279 247230 3970 3444 2667 13499 11612 111915 4784 7389
internal_value=0.0396775 -0.0291079 -0.0337772 -0.0181478 0.00787111 -0.00801884 -0.0455696 -0.0410736 -0.0245676 0.0106872 -0.0103823 0.00282753 0.0305347 0.0791608 -0.0129603 0.00109837 -0.00831001 0.01193 0.0730845 0.00840232 -0.0340371 -0.0364932 -0.0385726 -0.00156928 0.0479045 -0.0157211 0.00224187 -0.0204215 -0.0475032 0.00976586
internal_weight=1.04995e+06 382895 339968 146221 42927.5 94216.5 193746 151529 42460.6 8995.37 91246 39401.1 20555.6 667056 22371.9 15213.5 31429.2 12601.1 206243 15119.1 33465.2 52004.9 50443 9746.41 11404.4 10118.8 6720.52 51844.9 109069 1750.23
internal_count=3860431 3530401 3327665 843631 202736 587774 2484034 1939964 349326 64935 581340 179255 77847 330030 124889 68525 163216 59797 117739 72433 284391 255857 251200 54985 9760 44998 31499 402085 1590638 12173
cat_boundaries=0 1 2 3 4 5 6 7 8 9 10 11 12 13 14 15 16 17 18 19 20 21 22 23 24
cat_threshold=2 1 300 129 14 1 20 4 32 4 32 24 32 6 300 1 14 16 1 1 812 4 1 2
is_linear=0
shrinkage=0.08


Tree=22
num_leaves=31
num_cat=23
split_feature=47 47 35 46 38 37 38 38 31 32 38 37 46 45 46 4 40 37 32 32 38 48 25 38 41 37 38 45 40 12
split_gain=396343 6844.66 7093.16 4035.9 2889.01 2227.41 2659.28 2131.34 2087.05 1625.32 1212.25 1198.1 1092.9 1112.59 1088.81 996.756 932.647 920.269 853.389 806.711 738.262 729.446 703.036 651.669 651.319 742.065 701.916 1109.7 632.375 725.92
threshold=0 1 2 3 4 5 6 7 1.0000000180025095e-35 inf 8 9 10 11 12 22.500000000000004 13 14 -4.2650001049041739 32.385000228881843 15 16 3.5000000000000004 17 18 19 20 21 22 813.99996948242199
decision_type=1 1 1 1 1 1 1 1 10 8 1 1 1 9 1 8 1 1 10 10 1 9 10 1 9 1 1 9 1 2
left_child=9 3 5 4 24 10 16 19 17 -1 -3 -9 -11 -14 20 -13 -7 -6 -19 -4 28 -18 23 -12 25 -2 27 -26 29 -8
right_child=1 2 7 -5 8 6 14 11 -10 12 22 15 13 -15 -16 -17 21 18 -20 -21 -22 -23 -24 -25 26 -27 -28 -29 -30 -31
leaf_value=0.078650526028373288 0.00012897589022232425 -0.054666763276492614 0.060550935387819839 0.021325325329147785 -0.057285154205845477 0.042558098464204656 0.016574818238585164 -0.027208148956458116 0.025631836028292873 0.071401672551481402 -0.0073795956494791598 0.0040644240634160897 0.022145238577106093 0.07255106704389308 0.065185300173447272 0.050582735285727737 -0.039918967408137232 -0.032812318242813623 -0.044863878156588863 -0.061765617519016533 -0.010200793307106855 0.15799200486446288 0.20001058143427591 -0.034059623608451106 -0.09532598583076092 -0.033769618613423022 -0.015168145844888627 0.038587573316798247 -0.016743148204088693 0.088195256468980771
leaf_weight=442701.86372453719 5381.733685221523 14726.505567561835 8546.1900592148304 7638.5271314643323 24537.344627317041 938.34470620751381 7395.082447424531 4659.5416684057564 2896.5341325998306 187790.82006581873 7801.1800362989306 8601.2226135805249 6020.4708937257528 5283.5655059963465 1557.8143847286701 4485.1999541483819 20490.754969988018 57935.449483383447 107158.88796250708 359.6064787581563 27288.257986344397 119.88558243587613 87.180706396698952 23779.030005566776 435.60488153249025 17909.199811071157 10691.303077381104 3602.5596424266696 3133.0982050597668 1032.1342416778207
leaf_count=212865 42922 134120 13404 27920 372130 2603 32806 32684 13440 107948 32810 63428 7035 2850 2460 9998 188533 758145 1305062 1170 162325 653 36 125096 2735 115654 62139 14143 10035 3827
internal_value=0.03783 -0.0277288 -0.0133377 -0.0358854 -0.0377809 -0.0224315 -0.0125007 0.0236313 -0.0417606 0.0759507 -0.0356877 0.00759086 0.0699475 0.045789 -0.000394423 0.0199927 -0.0351904 -0.0427922 -0.0406322 0.0555496 -0.00302425 -0.038749 -0.0268473 -0.027482 -0.0176129 -0.0259401 -0.00443685 0.0239423 0.0139129 0.0253166
internal_weight=1.01498e+06 373188 135001 238187 230549 108349 61955.4 26651.8 192528 641797 46393.9 17746 199095 11304 40406.4 13086.4 21549 189632 165094 8905.8 38848.6 20610.6 31667.4 31580.2 38020.4 23290.9 14729.5 4038.16 11560.3 8427.22
internal_count=3860976 3530278 815988 2714290 2686370 695304 403242 120684 2448777 330698 292062 106110 117833 9885 211453 73426 191789 2435337 2063207 14574 208993 189186 157942 157906 237593 158576 79017 16878 46668 36633
cat_boundaries=0 1 2 3 4 5 6 7 8 9 10 11 12 13 14 15 16 17 18 19 20 21 22 23
cat_threshold=2 4 32 1 643 20 36 594 300 20 1 42 1 1 18 530 1 641 35 73 129 32 6
is_linear=0
shrinkage=0.08


Tree=23
num_leaves=31
num_cat=19
split_feature=38 3 38 41 32 43 32 7 41 38 44 3 45 42 38 45 38 3 46 11 46 36 3 37 44 41 1 43 3 18
split_gain=5447.05 1981.68 1928.12 1806.92 1177.87 1090.36 1039.34 1035.99 799.949 745.796 570.851 1118.19 602.155 565.14 560.729 1615.79 3021.21 942.699 552.881 509.436 496.744 481.37 462.693 449.046 607.036 429.689 423.352 618.946 422.571 403.28
threshold=0 inf 1 2 -16.414999961853024 3 -10.284999847412108 12.50000047683716 4 5 6 1.0000000180025095e-35 7 8 9 10 11 18.964999198913578 12 42.500000000000007 13 14 779.00500488281261 15 16 17 1.0000000180025095e-35 18 616.09500122070324 10890.474609375002
decision_type=1 8 1 9 8 9 8 2 9 1 9 10 9 9 1 9 1 8 1 2 1 9 8 1 9 9 2 9 10 2
left_child=1 4 3 5 -1 8 -4 23 -2 -9 22 -12 20 -5 17 16 -16 -15 -3 28 -13 -7 26 24 25 -6 -8 -28 -11 -25
right_child=2 18 6 13 7 21 10 9 -10 19 11 12 -14 14 15 -17 -18 -19 -20 -21 -22 -23 -24 29 -26 -27 27 -29 -30 -31
leaf_value=0.056645538411190251 0.083179166195604448 0.088869739627467248 0.061518421897724503 0.048407491824522045 0.024708889294581989 0.022970387919147725 0.044468340399562732 0.027204273372544854 0.056702011880989132 0.016672285412539185 0.093315840228137131 0.036015525572405747 0.026330220965673029 0.080042700499643099 0.032086900018685721 0.040994849912153762 -0.055951181898733611 0.042544332127257112 0.032624321300710198 0.050557250012064917 0.059152312190640433 0.058695100022007854 0.009246246332197651 0.027076959320013087 0.032951456855921143 0.068691238633035848 0.27462219949011468 0.064755497371793508 -0.00060851545372488927 0.052251405977026551
leaf_weight=8464.0466074943542 14427.432677105069 4308.229472361505 10911.920963725075 77493.348125066608 1953.5699920300394 5531.7053979597986 23587.260673351586 63813.408700995147 15344.815978970379 55672.239003792405 2135.3393509984016 312697.03848103806 42933.810435064137 5149.055291429162 10336.771004933864 70579.913157336414 3277.8369331881404 25738.828693032265 1510.7145926058292 2512.7022121269256 6053.8810101188719 4341.1957302019 1968.1420328207314 139301.58884054981 44246.775517774746 5617.4488525371999 83.490614846348763 5943.5774460360408 10815.749873938039 4195.2016798816621
leaf_count=24653 7430 1452 20932 165042 5528 9516 47473 389806 26078 499690 840 1051593 150604 4766 22853 148291 11649 54324 1610 14158 8821 4597 2952 707728 239100 11284 178 10031 199649 17655
internal_value=0.0361235 0.0279791 0.0404899 0.0463118 0.0271797 0.0618894 0.0371614 0.0264197 0.0695563 0.0209685 0.0364902 0.0355946 0.0352538 0.0431018 0.0395252 0.0361247 0.0108654 0.0487796 0.0742673 0.0151953 0.0364538 0.0387223 0.0468072 0.0301265 0.0365261 0.0574657 0.0493034 0.0682258 0.0138612 0.027811
internal_weight=980947 342412 638535 232221 336593 39645.1 406314 328129 29772.2 132814 395403 363820 361685 192576 115082 84194.5 13614.6 30887.9 5818.94 69000.7 318751 9872.9 31582.5 195315 51817.8 7571.02 29614.3 6027.07 66488 143497
internal_count=3860283 2112313 1747970 454546 2109251 47621 1293424 2084598 33508 1103303 1272492 1211858 1211018 406925 241883 182793 34502 59090 3062 713497 1060414 14113 60634 981295 255912 16812 57682 10209 699339 725383
cat_boundaries=0 1 2 3 4 5 6 7 8 9 10 11 12 13 14 15 16 17 18 19
cat_threshold=44 643 20 12 16 12 1 13 25 512 32 2 1 1 128 34 1 34 2
is_linear=0
shrinkage=0.08


Tree=24
num_leaves=31
num_cat=15
split_feature=2 34 41 37 31 32 45 4 45 4 4 34 32 4 44 17 43 27 11 44 43 41 4 45 18 36 37 40 22 4
split_gain=4755.42 1524.14 1740.1 1359.65 1351.76 1281.86 918.258 895.092 955.292 851.253 834.853 750.742 820.3 670.895 621.884 668.155 602.388 600.43 575.686 779.987 523.527 491.007 558.144 439.85 444.48 555.432 430 429.809 460.368 425.93
threshold=inf 0 1 2 1.0000000180025095e-35 -3.1850000619888301 3 4.5000000000000009 4 64.500000000000014 1.5000000000000002 5 -5.1849999427795401 1.5000000000000002 6 1.0000000180025095e-35 7 1.0000000180025095e-35 42.500000000000007 8 9 10 1.5000000000000002 11 147.07500457763675 12 13 14 5.5000000000000009 6.5000000000000009
decision_type=8 1 9 1 10 10 9 8 9 8 8 1 8 10 9 2 9 8 2 9 9 9 10 9 2 9 1 1 2 8
left_child=1 2 -1 13 10 11 -6 8 17 -7 14 -2 -13 26 15 -3 -11 -5 -10 -20 -17 22 -12 24 -16 -26 -4 -9 29 -29
right_child=5 4 3 7 6 9 -8 27 18 16 21 12 -14 -15 23 20 -18 -19 19 -21 -22 -23 -24 -25 25 -27 -28 28 -30 -31
leaf_value=0.056394777084393971 0.075788189741764531 0.028929343985213563 0.050405575667110909 0.2437989192365973 -0.052541705562350528 0.0095869423247983195 0.061132269257789147 0.033060273318255666 -0.013414717487954218 0.084561172958959985 -0.14539543922762982 0.077152524657734201 0.042151190902859882 0.056243655148341239 0.030659461775254505 0.23447308854622489 0.037982833745301599 0.016291416879829913 0.38892881969438642 0.035504446289952959 0.05491271991215671 0.035739998018840653 0.054718998040769788 0.031113116732494964 0.046624752117451436 0.011673425537337195 0.028144352665701155 0.34586099102867485 0.38397539327392627 0.019347065057472142
leaf_weight=11247.803647834808 18581.52464151755 10433.455692611635 6204.0948891192675 74.346020299941301 465.20263010635972 5027.6434203013778 14293.237434353679 28731.447185879573 9685.3457583151758 2447.4956212714314 89.935851169750094 6272.7907554656267 13525.200185760856 7166.22753357701 26256.501750934869 96.852241922169924 6724.834509074688 53166.315895758569 51.499706998467445 178.42430137470365 11919.881881820038 275936.80613143556 10916.553286695853 338577.3960551247 3316.3767958916724 23504.216153156012 55704.025506183505 25.587875388562679 22.204071007668972 34795.890365879983
leaf_count=22067 10419 21250 15751 129 1813 13354 22429 88894 105352 1421 422 3412 14078 22200 99264 183 9533 442844 143 1040 42690 801627 28263 1449125 8172 168634 304277 39 33 160803
internal_value=0.0331776 0.0318443 0.0257926 0.0240319 0.033594 0.0565791 0.057555 0.0191058 0.0123618 0.0360435 0.03309 0.064177 0.0532141 0.0330656 0.030792 0.0437408 0.0505452 0.016606 -0.0104341 0.114666 0.0566008 0.0364065 0.0530356 0.0300497 0.023256 0.0160169 0.0303879 0.0258084 0.0198135 0.019587
internal_weight=975439 922860 207053 195805 715806 52579.5 14758.4 126731 63155.9 14200 701048 38379.5 19798 69074.3 414105 22450.2 9172.33 53240.7 9915.27 229.924 12016.7 286943 11006.5 391654 53077.1 26820.6 61908.1 63575.1 34843.7 34821.5
internal_count=3859661 3807444 1163572 1141505 2643872 52217 24242 799277 549508 24308 2619630 27909 17490 342228 1789318 64123 10954 442973 106535 1183 42873 830312 28685 1725195 276070 176806 320028 249769 160875 160842
cat_boundaries=0 1 2 3 4 5 6 7 8 9 10 11 12 13 14 15
cat_threshold=48 17 34 32 13 112 1 4 1 2 4 34 11 2 3
is_linear=0
shrinkage=0.08


Tree=25
num_leaves=31
num_cat=23
split_feature=47 44 38 45 36 37 47 35 47 32 39 38 35 33 37 35 38 46 44 2 27 47 37 45 12 38 39 4 32 38
split_gain=362209 8202.76 7991.59 3579.53 3263.42 2115.38 1908.29 2178.73 1595.72 1582.52 1512.64 1521.12 1441.26 1339.31 1235.78 1286.7 1177.95 1174.31 1212.49 1216.16 1166.41 1066.53 977.684 944.338 1141.84 893.506 879.772 872.717 931.421 867.421
threshold=0 1 2 3 4 5 6 7 8 inf 9 10 11 1.0000000180025095e-35 12 13 14 15 16 inf 2.5000000000000004 17 18 19 2717.6799316406255 20 21 inf -4.2650001049041739 22
decision_type=1 9 1 9 9 1 1 1 1 8 9 1 1 2 1 1 1 1 9 8 10 1 1 9 2 1 9 8 10 1
left_child=9 3 5 10 8 6 -3 26 23 -1 -2 -12 22 27 15 -5 21 -11 19 -19 29 -17 -10 24 25 -4 -8 28 -6 -9
right_child=1 2 4 14 13 -7 7 20 12 17 11 -13 -14 -15 -16 16 -18 18 -20 -21 -22 -23 -24 -25 -26 -27 -28 -29 -30 -31
leaf_value=0.073080059824514612 0.071956129747723349 -0.045858348736067915 0.021309423442567279 0.029658995668546143 -0.028292220852081499 -0.059400364064170479 0.059698515154231899 -0.021165948477085719 0.00732923815606465 0.065708673711052726 0.0024024349469856975 0.056096226904397896 0.031153294249227099 0.065038439681255472 -0.047195076184522747 -0.035484079989202937 -0.059276444783189719 -0.02146574889969334 0.067858621940974806 0.053235737513337177 0.14145939075860148 0.026134070537655041 -0.02005366428484745 -0.031377678489475341 0.057724850832661545 -0.01989798045968301 -0.0027097267607880376 -0.02105879630879683 -0.054331830124379657 -0.047182876357722101
leaf_weight=406686.3091731444 3829.655179604888 100320.07788617164 3924.3537618368864 4422.7000125423074 14387.180031739175 47593.47420139052 1896.7154383808374 14796.418614901602 16318.635741397738 175050.51224858314 12925.472922127694 4563.0215481072664 7981.2236074954271 825.40935385599732 7027.7858780492097 3407.947889495641 3542.353716596961 3037.0232776999474 4716.7959436476231 2579.4729643836617 239.65409599244595 3805.0129699259996 17062.13180860877 25633.848042733967 1498.3152155987918 23481.600519638509 6079.1037246845663 14518.826048769057 22603.215426258743 18565.802127897739
leaf_count=212225 8312 1540212 19035 20816 67039 599055 3346 103278 72776 108334 63357 6272 16241 4193 56774 21429 14315 5273 2726 1851 666 11406 91527 200436 10250 177081 57654 63662 121112 179830
internal_value=0.031126 -0.0296908 -0.0339033 0.00299686 -0.019985 -0.0447879 -0.039883 -0.025475 -0.0112134 0.0702876 0.0264052 0.0164454 0.000635139 -0.0360531 -0.0194788 -0.00662291 -0.0215561 0.0641617 0.0379553 0.0128422 -0.0343911 -0.00297488 -0.00666898 -0.0202015 -0.0102754 -0.0139968 0.0121163 -0.03768 -0.0442039 -0.0356646
internal_weight=973320 381250 337726 43524 148235 189491 141898 41577.7 95900.1 592070 21318.1 17488.5 41362 52334.6 22205.8 15178 10755.3 185384 10333.3 5616.5 33601.9 7212.96 33380.8 54538.1 28904.3 27406 7975.82 51509.2 36990.4 33362.2
internal_count=3860483 3530074 3327393 202681 843352 2484041 1884986 344774 587346 330409 77941 69629 180544 256006 124740 67966 47150 118184 9850 7124 283774 32835 164303 406802 206366 196116 61000 251813 188151 283108
cat_boundaries=0 1 2 3 4 5 6 7 8 9 10 11 12 13 14 15 16 17 18 19 20 21 22 23
cat_threshold=2 1 300 14 129 105 4 9 4 1 300 32 39 9 812 1 1 4 105 9 129 1 264
is_linear=0
shrinkage=0.08


Tree=26
num_leaves=31
num_cat=19
split_feature=47 44 38 45 37 37 47 12 32 47 35 31 32 3 4 37 35 19 45 3 33 43 4 35 38 38 38 37 38 18
split_gain=327085 7643.99 6473.36 2342.55 2169.09 1987.77 2271.67 1648.71 1642.05 1614.46 2273.65 1297.8 1215.01 1194.1 1071.82 1051.94 1242.81 982.445 846.646 818.975 806.163 804.535 752.016 711.171 1119.6 782.759 706.753 866.048 698.277 681.855
threshold=0 1 2 3 4 5 6 426.87500000000006 inf 7 8 1.0000000180025095e-35 -16.414999961853024 9.7550001144409197 10.500000000000002 9 10 12.039999961853029 11 473.33999633789068 1.0000000180025095e-35 12 1.5000000000000002 13 14 15 16 17 18 16390.161132812504
decision_type=1 9 1 9 1 1 1 2 8 1 1 8 10 10 8 1 1 2 9 10 2 9 10 1 1 1 1 1 1 2
left_child=8 3 4 11 -3 12 7 28 -1 22 -11 17 13 -4 -9 21 -17 -2 20 -13 26 -5 -6 24 -8 -25 27 -12 -7 -30
right_child=1 2 5 15 9 6 23 14 -10 10 18 19 -14 -15 -16 16 -18 -19 -20 -21 -22 -23 -24 25 -26 -27 -28 -29 29 -31
leaf_value=0.070457463402135725 -0.021139440221116246 -0.070432381705678795 0.082369685847018828 0.21990548655675682 -0.047508676760871275 0.0010332905990229927 0.085307180881354902 -0.015718301720382563 0.061187543793089293 0.032892527756578513 -0.0046130433340720199 0.036417067981433002 -0.037125649940073668 -0.018353216622981065 0.030383542463937954 -0.020421977622160418 0.027559526179552908 0.024152549753421265 -0.052752643527666704 0.10814424844520128 0.06933824074402567 -0.044713896679706253 -0.02300147903880205 0.023677071626608405 -0.015558500990215524 -0.0074405835210867776 -0.039915233743245453 -0.041306114847600266 -0.036160705509256347 0.22972404108030367
leaf_weight=391176.38822365552 5102.5233710631728 16956.703402193263 778.95144549012184 64.865671239793301 105735.91738097183 3768.0529148094356 1747.323400773108 8646.6520316526294 177921.2507790029 3577.5074108988047 11686.531814321876 6934.1093547716737 48859.110635600984 22869.269673354924 5149.6698900274932 9978.9401334002614 5272.0081859771162 7676.2675572782755 10932.124121656641 1194.2508265152574 543.57300576195121 6643.6181971300393 8670.5758591387421 7775.0020721033216 1176.3843500241637 15415.139372833073 18250.473025090992 6353.5422107055783 29266.42462086305 61.858897481113672
leaf_count=212309 18821 348068 1526 165 1608525 20782 1221 74431 118147 8065 78243 13555 272127 110823 34267 45124 23430 41246 107685 4494 4148 55781 109610 25900 2642 69237 175224 44032 230440 348
internal_value=0.0294564 -0.0289781 -0.0331275 0.00279327 -0.0431543 -0.0205335 -0.0112114 -0.0217438 0.0675593 -0.0403596 -0.0285763 0.0219537 -0.0299168 -0.0150355 0.00148986 -0.0154519 -0.00382835 0.00606763 -0.03318 0.0469555 -0.0273582 -0.0418317 -0.0456513 0.00769737 0.0448081 0.002998 -0.0288141 -0.0175517 -0.0314289 -0.0355878
internal_weight=940185 371087 328221 42866.6 182707 145514 73006.5 46892.7 569098 165750 51343.8 20907.2 72507.3 23648.2 13796.3 21959.4 15250.9 12778.8 47766.2 8128.36 36834.1 6708.48 114406 26113.8 2923.71 23190.1 36290.5 18040.1 33096.3 29328.3
internal_count=3860416 3529960 3327344 202616 2483600 843744 459268 360268 330456 2135532 417397 78116 384476 112349 108698 124500 68554 60067 409332 18049 301647 55946 1718135 99000 3863 95137 297499 122275 251570 230788
cat_boundaries=0 1 2 3 4 5 6 7 8 9 10 11 12 13 14 15 16 17 18 19
cat_threshold=2 1 300 14 16 4 4 4 8 24 32 5 2 8 82 514 264 35 129
is_linear=0
shrinkage=0.08


Tree=27
num_leaves=31
num_cat=15
split_feature=47 47 35 31 38 31 32 38 37 38 3 36 1 37 27 36 2 36 32 4 20 37 2 3 25 1 40 37 37 2
split_gain=285424 4913.7 4563.7 2216.56 1925.26 1876.89 1489.96 1474.7 1437.74 1808.03 1307.32 1305.75 1100.88 990.977 908.536 900.955 1172.64 871.974 796.394 778.524 757.214 746.319 723.211 1199.16 696.808 719.027 676.281 648.932 646.992 1031.84
threshold=0 1 2 1.0000000180025095e-35 3 1.0000000180025095e-35 inf 4 5 6 18.185000419616703 7 1.5000000000000002 8 7.5000000000000009 9 1.5000000000000002 10 -10.284999847412108 1.5000000000000002 1.0000000180025095e-35 11 inf 1.0000000180025095e-35 1.0000000180025095e-35 1.5000000000000002 12 13 14 2.5000000000000004
decision_type=1 1 1 10 1 10 8 1 1 1 10 9 2 1 8 9 8 9 10 10 2 1 8 10 8 2 1 1 1 10
left_child=6 3 5 4 11 8 -1 15 27 10 -10 24 20 14 -6 16 21 -11 -16 -20 -9 -4 23 -8 -2 -26 -19 -3 29 -27
right_child=1 2 7 -5 13 -7 22 12 9 17 -12 -13 -14 -15 18 -17 -18 26 19 -21 -22 -23 -24 -25 25 28 -28 -29 -30 -31
leaf_value=0.06744847907353814 0.20273126218717263 -0.031272012599650262 0.04143071856358245 0.016234184358433618 0.089242807985323996 0.046198489880181638 0.015964723268676057 0.025154906111688767 0.050701114678554905 -0.040652991520813433 -0.04005934806343988 -0.048827035853367569 0.066010092788448549 -0.048002259035167645 -0.025571891059588119 -0.042165858947615362 -0.082748955440679492 0.016916411896179352 -0.041635064573740312 -0.015736888835409028 -0.056605390110620511 -0.003414258878396019 0.072867806729890128 0.05781446084831654 -0.018477063283005239 0.02911050619276432 -0.0083031721123087033 -0.061947858935266192 -0.014544099267389343 0.27051709564649978
leaf_weight=371790.05720115826 96.468211866915226 39297.111717559397 4109.8532765675336 5450.8546715881675 375.27544169314206 2510.9781195633113 4516.1056714579463 7172.033859597519 1072.4119978845119 4146.1163037456572 19207.829514730722 7642.9555719681084 4605.9874846749008 53492.883648006245 37530.293886270374 2956.4290506355464 843.50388211756945 9084.0088385120034 85074.47243334353 8139.4567541312426 806.47982761450112 5611.5876113083214 19685.243015825748 147563.52266358584 25256.558201577514 2888.7047855257988 27028.26265206188 4994.3585038091987 2877.8377633392811 117.94309394061565
leaf_count=212165 110 220989 23693 24157 4148 5390 5594 21081 2688 18985 188339 41592 4155 622343 485714 11995 5411 38394 1243198 93664 4544 49601 9754 103066 161314 18146 151666 68687 16419 580
internal_value=0.0279366 -0.0270577 -0.0148561 -0.0341698 -0.0353991 -0.0221509 0.0646016 0.0151408 -0.0237902 -0.0157676 -0.0352426 -0.0192023 0.0348408 -0.0388071 -0.0350524 -0.00320634 0.00772542 -0.00595067 -0.0354118 -0.0393736 0.0168905 0.0155836 0.0584393 0.0565717 -0.0119406 -0.0126094 -0.00195628 -0.0347443 0.0125748 0.0384524
internal_weight=905946 362391 133447 228944 223493 107341 543555 26105.9 104830 60538.6 20280.2 38880.5 12584.5 184612 131119 13521.4 10564.9 40258.4 130744 93213.9 7978.51 9721.44 171765 152080 31237.5 31141 36112.3 44291.5 5884.49 3006.65
internal_count=3857582 3527003 815618 2711385 2687228 695138 330579 120480 689748 400072 191027 238161 29780 2449067 1826724 90700 78705 209045 1822576 1336862 25625 73294 118414 108660 196569 196459 190060 289676 35145 18726
cat_boundaries=0 1 2 3 4 5 6 7 8 9 10 11 12 13 14 15
cat_threshold=2 4 32 643 417 20 36 224 105 128 105 104 4 4 49
is_linear=0
shrinkage=0.08


Tree=28
num_leaves=31
num_cat=19
split_feature=47 46 44 37 47 35 32 42 39 37 46 44 2 31 32 34 36 40 36 33 45 34 2 2 42 19 20 18 16 45
split_gain=251755 5996.52 4197.8 3095.23 2874.81 3586.67 1586.69 1252.92 1193.86 1031.97 1026.44 1074.68 1062.47 1058.83 923.497 884.874 864.102 854.442 839.654 808.589 775.304 764.683 988.58 761.552 760.751 880.984 974.639 1439.25 914.791 747.817
threshold=0 1 2 3 4 5 inf 6 7 8 9 10 inf 1.0000000180025095e-35 -6.4849998950958243 11 12 13 14 1.0000000180025095e-35 15 16 inf inf 17 4284.4252929687509 1.5000000000000002 8002.4899902343759 2.5000000000000004 18
decision_type=1 1 9 1 1 1 8 9 9 1 1 9 8 8 10 1 9 1 9 2 9 1 8 8 9 2 2 2 2 9
left_child=6 2 8 -4 7 21 -1 15 -2 24 23 12 13 -12 -7 -5 17 -16 -17 -9 -11 22 -6 -8 25 28 -27 -28 -10 -15
right_child=1 -3 3 4 5 14 10 19 9 20 11 -13 -14 29 16 18 -18 -19 -20 -21 -22 -23 -24 -25 -26 26 27 -29 -30 -31
leaf_value=0.065057722650861627 0.03535620637201816 0.029557014019937149 -0.065651010968861723 -0.045743124691557016 0.027205510250412256 -0.01253088951668653 0.055307162063848371 -0.039213648899971906 0.0097812535483933812 0.020518003286768071 -0.085982694437812188 0.060436357158619433 0.045596221220960437 -0.17682324232516775 -0.0088828892831702127 -0.012511273532584011 -0.051029200210629927 -0.032091249976195557 -0.042053016766260908 0.016580576443676352 -0.010064895758617371 -0.01679395736739887 -0.088443537244819181 0.07439930485863383 -0.037037368047295058 -0.088569503980767447 1.1760297054061841 0.094014951874538982 0.61785837947615252 0.026872250613738897
leaf_weight=358699.03595193475 4877.8165773302317 12333.876751754433 15046.891496328637 9273.1557528562844 13621.933160103858 27910.011043500155 140231.96191829443 132902.75463045202 820.34397524781525 8860.6773905251175 1152.8226082697511 4149.8978236317635 2387.2281467169523 114.12257838249207 13976.680783450603 31706.088353922591 10464.379140470177 37355.85119971633 7642.7893761452287 1683.4317735750228 13189.105384742841 3906.9584181215614 490.06925524026155 14780.515843622386 8382.8182571157813 18.864037819206715 15.841952525079252 15.630383631214498 16.145398464053869 1637.4355402588844
leaf_count=212661 18186 36592 344151 166905 42092 163960 101105 1659372 7602 33953 2943 2710 1939 442 79972 374003 54535 294312 52011 22699 63602 40838 1529 7235 68761 335 34 213 35 1786
internal_value=0.0268037 -0.0252455 -0.0272209 -0.0302685 -0.0284353 -0.0180656 0.0620745 -0.0345343 -0.00145859 -0.00719228 0.0555678 0.0299585 0.00605644 -0.0264429 -0.0246062 -0.0235086 -0.0300639 -0.0257751 -0.0182584 -0.0385129 0.00222853 0.0145026 0.0231729 0.0571276 -0.0295721 0.0406198 0.366123 0.638659 0.021518 0.0127444
internal_weight=877665 354512 342178 305981 290934 107726 523153 183208 36197.2 31319.4 164454 9441.51 5291.61 2904.38 89706.9 48622 61796.9 51332.5 39348.9 134586 22049.8 18019 14112 155012 9269.64 886.826 50.3364 31.4723 836.489 1751.56
internal_count=3856513 3525692 3489100 3296379 2952228 677238 330821 2274990 192721 174535 118160 9820 7110 5171 592779 592919 428819 374284 426014 1682071 97555 84459 43621 108340 76980 8219 582 247 7637 2228
cat_boundaries=0 1 2 3 4 5 6 7 8 9 10 11 12 13 14 15 16 17 18 19
cat_threshold=2 1 1 16 4 9 17 1 24 1 1 96 131 4 224 10 30 17 32
is_linear=0
shrinkage=0.08


Tree=29
num_leaves=31
num_cat=27
split_feature=47 44 38 42 37 45 41 47 39 32 34 32 40 38 45 47 35 38 34 41 37 38 40 36 38 45 34 36 25 38
split_gain=224304 5602.01 5476.21 2413.77 2089.08 2017.29 1647.14 1370.63 1393.38 1363.47 1094.87 1048.32 1015.35 998.041 967.163 964.269 1437.44 882.364 1174.29 1655.03 812.818 931.598 1066.42 721.616 713.505 703.389 1136.23 767.349 697.969 727.004
threshold=0 1 2 3 4 5 6 7 8 inf 9 -10.284999847412108 10 11 12 13 14 15 16 17 18 19 20 21 22 23 24 25 2.5000000000000004 26
decision_type=1 9 1 9 1 9 9 1 9 8 1 8 1 1 9 1 1 1 1 9 1 1 1 9 1 9 1 9 10 1
left_child=9 5 4 11 -3 10 12 -6 -9 -1 -2 -4 23 14 -13 -15 -17 -8 19 -19 -7 22 -22 -5 -23 26 27 -18 29 -10
right_child=1 2 3 6 7 20 17 8 28 -11 -12 13 -14 15 -16 16 25 18 -20 -21 21 24 -24 -25 -26 -27 -28 -29 -30 -31
leaf_value=0.062449460129246188 -0.0072858794877582924 -0.066494202071649341 0.065872976883173284 -0.051469441412050683 -0.039890213577790233 -0.038167374227811642 -0.026348399314622167 0.027105498354516661 -0.014837048574480616 0.053496841102880416 0.033136221559743891 0.027709762089656875 -0.053817595595584918 -0.018127736617973504 -0.090550561119737555 0.052858764994887786 0.084377908339938398 0.10188583648132234 -0.0090455564573364618 -0.010376603333768624 0.068206285028411029 -0.11096188931474661 -0.0076168271820190123 -0.021955231057563866 -0.012665843926280786 -0.011704823402417313 -0.076807130836240356 -0.046848120790293026 0.082609234940902068 -0.035871714047432855
leaf_weight=342811.03862676397 6069.6517173722386 14489.923610839061 1325.333734665066 6544.6932247728109 103834.40187913831 6204.3315943442285 11987.947922814637 3233.0913723111153 16702.255220491439 159544.82174331695 14610.335109390318 7383.4117410853505 12940.689212169498 34061.479977726936 461.46123450621963 3212.5581622421741 1616.6376074776053 1632.4383679255843 12119.362738221884 1724.4043943621218 2082.2223193496466 487.52757229283452 2746.0456992648542 28210.062231164426 9686.3096668608487 15094.082812182605 464.50223807990551 342.26388894021511 367.21218179538846 28613.963034253567
leaf_count=212373 38961 348186 6120 37469 1719002 56121 76063 6358 110965 118002 38676 29525 73313 266277 2894 5744 6535 1826 55119 8061 4484 2116 20572 194013 41561 75820 2945 1725 1662 298558
internal_value=0.0254016 -0.0239392 -0.0276909 -0.01596 -0.0374463 0.00350171 -0.0256808 -0.0346866 -0.0236481 0.0596062 0.0212744 -0.00453515 -0.0346694 -0.00602565 0.0206469 -0.00984651 0.00375561 -0.010064 0.00255887 0.0443573 -0.0138333 -0.00375085 0.0251558 -0.0275263 -0.0174805 -0.00527665 0.0346446 0.0613283 -0.02724 -0.0281301
internal_weight=850604 348249 306362 139121 167241 41886.4 75159.6 152751 48916.5 502356 20680 63961.7 47695.4 62636.4 7844.87 54791.5 20730 27464.2 15476.2 3356.84 21206.4 15002.1 4828.27 34754.8 10173.8 17517.5 2423.4 1958.9 45683.4 45316.2
internal_count=3861046 3530671 3328180 843449 2484731 202491 445864 2136545 417543 330375 77637 397585 304795 391465 32419 359046 92769 141069 65006 9887 124854 68733 25056 231482 43677 87025 11205 8260 411185 409523
cat_boundaries=0 1 2 3 4 5 6 7 8 9 10 11 12 13 14 15 16 17 18 19 20 21 22 23 24 25 26 27
cat_threshold=2 1 300 25 16 14 35 4 1 96 2 129 13 4 9 80 112 16 24 552 1 26 129 40 71 131 256
is_linear=0
shrinkage=0.08


Tree=30
num_leaves=31
num_cat=15
split_feature=47 46 38 47 35 32 12 45 31 38 40 46 3 2 45 1 13 2 43 45 34 2 38 5 5 40 2 11 32 26
split_gain=194440 4808.84 3701.37 2673.85 3471.27 1360.54 1178.61 1125.08 1116.92 1071.09 1017.05 1007.91 1765.56 2423.56 882.533 860.876 838.273 823.009 751.241 720.27 718.81 684.205 685.855 942.727 793.058 662.07 933.525 645.005 640.845 632.01
threshold=0 1 2 3 4 inf 1.0000000180025095e-35 5 1.0000000180025095e-35 6 7 8 35.100000381469734 inf 9 4.5000000000000009 3592.6750488281255 inf 10 11 12 2.5000000000000004 13 30.500000000000004 40.500000000000007 14 inf 4.5000000000000009 -10.284999847412108 1.0000000180025095e-35
decision_type=1 1 1 1 1 8 2 9 10 1 1 1 10 8 9 2 2 8 9 9 1 8 1 2 2 1 8 2 8 8
left_child=5 2 6 7 -5 -1 8 9 -2 16 -6 17 13 14 -13 25 -4 -7 -12 -3 -20 22 23 28 -25 -8 29 -18 -9 -27
right_child=1 19 3 4 10 11 15 21 -10 -11 18 12 -14 -15 -16 -17 27 -19 20 -21 -22 -23 -24 24 -26 26 -28 -29 -30 -31
leaf_value=0.060023335338772417 -0.019090117209214798 0.032999437124293901 0.0046634330821303978 0.039042619906808421 -0.05503204028495759 0.050619414268407797 0.019206699242882035 0.025302610182522653 0.068751885932147816 -0.032062839611660753 -0.029576083587217208 0.026017607568749553 0.060732038187407536 0.04443491838933919 -0.099352055811992315 0.13983299323481499 0.45268956081341444 0.071561961993562476 -0.027738369261072333 -0.037371435285320963 -0.0069609502639207321 -0.063340267725422561 -0.040696199596593888 0.21880776610804231 -0.091632089821093485 0.16854412266280883 -0.079871895828291559 0.097756159637606907 -0.031223627078506802 -0.0027888645340333296
leaf_weight=328542.61507108435 36998.484031908214 11334.015163699165 6893.1317358911037 6564.5812746994197 5360.4825314451009 131957.37298792601 10410.994441259652 1306.4876042045653 950.18827461451292 9122.0815588580444 27869.923651061952 458.54031376540661 4458.1438811570406 2430.2957746088505 1662.3679049685597 295.44089089334011 41.101206336170435 13211.951830454171 15243.574298687279 1007.6400010734797 35437.615592021495 5696.8100856142119 71482.31437467318 174.86055515520275 75.365013284608722 138.7261626496911 1024.6367895752192 161.61742720380425 73304.456366071478 20448.264458052814
leaf_count=212064 186191 32740 50984 13619 31654 101131 45780 11653 1811 139509 249113 491 2882 2025 4520 648 113 7209 154944 3954 230160 75237 1389118 1295 888 126 4464 968 775826 125789
internal_value=0.0244364 -0.0217756 -0.0236147 -0.0280364 -0.016947 0.0571139 -0.00732815 -0.0340011 -0.0168907 -0.013942 -0.0213293 0.050914 0.0249496 -0.0101013 -0.0725929 0.00389812 0.00936564 0.0525254 -0.0190226 0.0272504 -0.0132145 -0.0361375 -0.0350811 -0.0297099 0.125307 0.00264398 -0.00534121 0.169719 -0.0302338 -0.00163433
internal_weight=824064 341343 329001 258734 90476.2 482721 70266.7 168258 37948.7 16217.9 83911.6 154179 9009.35 4551.2 2120.91 32318.1 7095.85 145169 78551.1 12341.7 50681.2 152040 146343 74861.2 250.226 32022.6 21611.6 202.719 74610.9 20587
internal_count=3856906 3526584 3489890 3125081 679490 330322 364809 2445591 188002 191574 665871 118258 9918 7036 5011 176807 52065 108340 634217 36694 385104 2254017 2178780 789662 2183 176159 130379 1081 787479 125915
cat_boundaries=0 1 2 3 4 5 6 7 8 9 10 11 12 13 14 15
cat_threshold=2 1 643 4 8 8 324 8 1 5 42 13 96 336 12
is_linear=0
shrinkage=0.08


Tree=31
num_leaves=31
num_cat=15
split_feature=47 44 37 47 3 35 36 33 36 42 43 37 31 3 22 4 36 5 3 43 4 37 4 34 34 33 23 1 0 12
split_gain=170218 5048.48 3607.96 2891.73 1952.63 1813.43 1492.57 1441.14 1386.37 1434.66 1328.44 1157.75 1114.59 1065.86 1059.11 984.737 977.047 918.456 862.561 852.297 833.468 827.484 883.236 895.23 791.299 1135.65 790.256 760.058 770.127 761.134
threshold=0 1 2 3 500.60501098632818 4 5 1.0000000180025095e-35 6 7 8 9 inf 1.0000000180025095e-35 7.5000000000000009 21.500000000000004 10 5.5000000000000009 805.22000122070324 11 37.500000000000007 12 6.5000000000000009 13 14 1.0000000180025095e-35 -1.0000000180025095e-35 8.5000000000000018 1.5000000000000002 1262.0250244140627
decision_type=1 9 1 1 10 1 9 2 9 9 9 1 8 10 2 10 9 2 8 9 8 1 8 1 1 2 2 2 2 2
left_child=12 4 14 7 11 13 17 8 9 18 -9 -2 -1 -5 -3 -12 -15 -6 19 -4 -7 22 23 -18 -23 -26 -13 28 -11 -30
right_child=1 2 3 5 6 20 -8 10 -10 27 15 26 -14 16 -16 -17 21 -19 -20 -21 -22 24 -24 -25 25 -27 -28 -29 29 -31
leaf_value=0.056773444015631273 0.0085669508208480669 -0.065112265719618215 -0.058214566226906871 0.10735296542579104 0.098068174216161236 -0.0015249932380348133 -0.064699737630238896 -0.031463916894399729 -0.046440562171443177 -0.025586944341162949 0.062916464626564556 -0.039185639499228285 0.047097775628860888 -0.037146117829661755 0.74857427709925928 0.31790241342966152 -0.052439763408847463 0.0040372608700097058 0.061000718059930154 -0.014209034602070677 0.032255326115480445 -0.039919586825301639 0.021823600054736828 -0.00044301306575084397 -0.015426590986523173 0.11618159925643408 0.011455800714385516 0.30596629845567652 -0.035044185780328328 -0.062876948565202428
leaf_weight=368740.22776002437 27634.786614209414 13247.247414150275 2984.1539035327733 442.04028815031052 2829.6411082856357 14187.539015462622 551.21645286679268 1244.5305984029546 24964.393169049174 52176.890711396933 1384.3161104656756 6563.2330775037408 96042.468930624425 13260.226166984066 10.245728934183715 104.23049539327621 2808.1237072236836 868.9683222528547 929.00131045840681 48387.284518601373 6971.5916964672506 9240.0940902475268 7649.6144382059574 8555.4374650046229 43317.782327171415 423.72649169526994 2819.2679471820593 42.585924992337823 34403.086173303425 7694.6682553458959
leaf_count=252625 98209 348105 65922 293 23149 77428 2868 18247 187030 623920 17717 45809 77786 69178 38 600 28789 10013 13060 599470 15116 91025 34073 66757 298222 2217 22802 150 583413 186487
internal_value=0.023422 -0.0199861 -0.023659 -0.0217333 0.00621898 -0.0113719 0.0575778 -0.0280861 -0.0290042 -0.0260304 0.0295487 0.00032266 0.0547741 -0.0165493 -0.0644348 0.080232 -0.0171937 0.0757713 -0.0153949 -0.0167794 0.00960054 -0.0135118 0.00080774 -0.0133388 -0.0186497 -0.0141485 -0.0239433 -0.0319257 -0.0320817 -0.0401315
internal_weight=800479 335696 294429 281171 41267.1 106856 4249.83 174315 171582 146618 2733.08 37017.3 464783 85697 13257.5 1488.55 85255 3698.61 52300.4 51371.4 21159.1 71994.8 19013.2 11363.6 52981.6 43741.5 9382.5 94317.2 94274.6 42097.8
internal_count=3860518 3530107 3327257 2979114 202850 683098 36030 2296016 2259452 2072422 36564 166820 330411 590554 348143 18317 590261 33162 678452 665392 92544 521083 129619 95546 391464 300439 68611 1393970 1393820 769900
cat_boundaries=0 1 2 3 4 5 6 7 8 9 10 11 12 13 14 15
cat_threshold=2 1 16 4 32 145 224 19 11 101 104 32 98 72 80
is_linear=0
shrinkage=0.08


Tree=32
num_leaves=31
num_cat=19
split_feature=2 38 34 32 38 45 38 46 41 36 41 3 6 34 34 27 36 3 25 45 41 36 11 19 38 45 45 16 3 41
split_gain=2246.63 2114.65 1388.26 1132.16 905.071 832.125 1423.15 1185.57 840.862 827.725 675.927 598.012 569.857 567.705 551.874 730.538 525.574 547.761 470.481 458.126 460.552 754.389 454.162 415.817 398.311 430.84 393.033 389.853 517.198 340.455
threshold=inf 0 1 -4.2650001049041739 2 3 4 5 6 7 8 318.25500488281256 480.27499389648443 9 10 1.0000000180025095e-35 11 1.0000000180025095e-35 1.5000000000000002 12 13 14 13.500000000000002 516.95501708984386 15 16 17 2.5000000000000004 298.90499877929693 18
decision_type=8 1 1 8 1 9 1 1 9 9 9 10 2 1 1 8 9 10 10 9 9 9 2 2 1 9 9 2 8 9
left_child=1 14 11 -4 10 9 26 8 -8 12 -3 -2 -6 18 15 -1 -5 -18 -10 23 21 -21 -23 27 25 -19 -7 -17 -29 -11
right_child=2 4 3 16 5 6 7 -9 13 29 -12 -13 -14 -15 -16 19 17 24 -20 20 -22 22 -24 -25 -26 -27 -28 28 -30 -31
leaf_value=0.20236982917554877 0.064856494721144062 0.025529840771823333 0.064286614869111164 0.041168521490390617 0.024800616042435053 0.017983717241514381 0.0024307075101918773 -0.07036475051295811 0.03752073977438642 0.054283999057333866 0.042060800637877954 0.01643583958699674 0.035328927661209424 0.017861602929490541 0.017546076505383389 0.017628856786878703 0.051443392682161443 -0.010106396053658326 0.31664207015984075 0.40793263123144863 0.00013823561661411099 0.027898841241174428 0.39355149414649787 0.0017440686525941418 0.012898624133034085 -0.10368315432679728 -0.075558863483554076 0.79280687024053376 -0.024783427517087415 0.016578306718951174
leaf_weight=125.75242725014687 13767.555678494275 36295.303116947412 4364.0234539657831 4836.6068638153374 223297.57822435722 362.13307144865394 16870.477782754228 996.78717667236924 11839.540600176901 1555.4809834770858 28307.11861724034 1851.996952040121 38588.412520496175 31608.339909186587 178564.31126924232 40858.945750802755 1771.9182007312775 2659.489298671484 38.775388650596142 31.81557609885931 29162.714129032567 392.5289509780705 23.014305509626865 13808.592164720409 7922.231519844383 348.32862300425768 1407.324135042727 9.6322054192423838 10.190826576203106 83836.292491598055
leaf_count=229 11883 97927 3812 6062 890529 872 83519 3040 31921 2308 52876 5549 168227 111311 1268438 308715 1382 5075 92 43 322515 2040 139 194459 17144 1178 6765 62 140 257433
internal_value=0.0217536 0.0207827 0.0408497 0.0278111 0.0239696 0.0225822 0.0141249 0.0161683 0.0176001 0.0241189 0.0327787 0.0590775 0.0263509 0.0234791 0.0150252 0.00969182 0.0187509 0.0101744 0.0383996 0.00940554 0.00138754 0.0810444 0.0470185 0.0137441 0.00349343 -0.021251 -0.0564212 0.0178009 0.372492 0.0172714
internal_weight=775513 737991 37522.2 21902.6 475004 410401 63123.4 61353.9 60357.1 347278 64602.4 15619.6 261886 43486.7 262987 84423.2 17538.6 12702 11878.3 84297.4 29610.1 447.359 415.543 54687.4 10930 3007.82 1769.46 40878.8 19.823 85391.8
internal_count=3855685 3803600 52085 34653 1706820 1556017 237520 229883 226843 1318497 150803 17432 1058756 143324 2096780 828342 30841 24779 32013 828113 324737 2222 2179 503376 23397 6253 7637 308917 202 259741
cat_boundaries=0 1 2 3 4 5 6 7 8 9 10 11 12 13 14 15 16 17 18 19
cat_threshold=44 112 513 13 128 1 34 162 35 5 48 114 44 17 64 1 13 2 16
is_linear=0
shrinkage=0.08


Tree=33
num_leaves=31
num_cat=21
split_feature=47 46 38 47 35 36 32 2 34 37 40 32 38 46 41 41 2 36 40 6 27 37 41 40 41 32 27 26 34 37
split_gain=154646 4144.37 2992.59 1966.93 1873.81 1564.02 1307.15 1215.64 1655.19 1014.04 1221.52 966.927 917.507 912.457 908.889 897.046 884.184 828.44 783.398 694.546 631.95 631.943 629.753 602.909 600.659 594.673 667.08 589.748 639.017 577.465
threshold=0 1 2 3 4 5 inf inf 6 7 8 -16.414999961853024 9 10 11 12 inf 13 14 135.00003051757815 1.0000000180025095e-35 15 16 17 18 -3.9250000715255733 inf 1.0000000180025095e-35 19 20
decision_type=1 1 1 1 1 9 8 8 1 1 1 10 1 1 9 9 8 9 1 2 8 1 9 1 9 10 8 8 1 1
left_child=6 2 5 11 24 22 -1 14 15 -6 12 -4 -11 16 27 -9 -8 25 -15 -16 -13 23 -2 -21 -5 -12 -27 -7 -29 -19
right_child=1 -3 3 4 9 7 13 8 -10 10 17 20 -14 18 19 -17 -18 29 -20 21 -22 -23 -24 -25 -26 26 -28 28 -30 -31
leaf_value=0.05435016834985431 -0.038391516300708951 0.024810954958132216 -0.022574450837517853 0.0049829031313907285 -0.03490815596177374 0.17817062971487602 0.044632229536022854 0.093405461934134626 -0.073410779910386165 0.070301596235410421 -0.0016193822008094426 0.15251044055044902 -0.0092931579366808646 -0.078528088067228191 -0.0018724953199510761 -0.0586620238137796 0.067875117554595951 0.017572376156287321 0.025554876039224989 -0.091629024024252048 -0.037264483321083688 0.00018335557730601583 -0.015503163285228324 0.03833114794627724 0.058031327913098063 0.11017400531311383 -0.022758544205995431 0.0016876679682939666 -0.034097616180543182 -0.067810668170236385
leaf_weight=298785.83839026093 13653.250838145614 12269.657739613205 40746.589242027141 3283.9668669588864 22481.589345645159 96.342336155474186 121408.02312617004 706.71465288847685 3224.7213116586208 1810.8622595369816 14462.543501051143 112.41989716328681 1889.46381329 481.96689075231552 33472.217533171177 373.22722521424294 11463.778243206441 605.51601329818368 8005.2619651332498 227.0364837795496 106435.08196966536 6167.1124795712531 17728.471321109682 7588.2217120099813 2339.2440042570233 243.7228787727654 27725.346237277612 5166.825009919703 8371.0508089363575 3141.6542402356863
leaf_count=212737 75937 36537 595517 10189 206821 58 100947 577 12389 3401 122042 530 6247 1243 191048 1310 7206 2812 8725 1048 1726604 37355 85461 49559 2860 769 249409 30911 61096 18834
internal_value=0.0201953 -0.0208225 -0.0225611 -0.0276155 -0.0173433 -0.0107913 0.0513514 -0.00374423 -0.0448349 -0.020799 -0.014434 -0.0330559 0.0297433 0.0450131 -0.000849362 0.040795 0.0466376 -0.0179796 0.0195819 0.0043819 -0.0370642 0.0193574 -0.0254703 0.0344435 0.0271148 -0.0147864 -0.0216002 -0.0190463 -0.0204639 -0.0540033
internal_weight=774468 334323 322053 225278 77983.9 96775.2 440145 65393.5 4304.66 72360.7 49879.1 147294 3700.33 141359 61088.8 1079.94 132872 46178.8 8487.23 47454.6 106548 13982.4 31381.7 7815.26 5623.21 42431.6 27969.1 13634.2 13537.9 3747.17
internal_count=3860179 3529321 3492784 2946035 623384 546749 330858 385351 14276 610335 403514 2322651 9648 118121 371075 1887 108153 393866 9968 279010 1727134 87962 161398 50607 13049 372220 250178 92065 92007 21646
cat_boundaries=0 1 2 3 4 5 6 7 8 9 10 11 12 13 14 15 16 17 18 19 20 21
cat_threshold=2 1 659 4 8 90 112 20 1 44 1 18 16 146 1 99 33 1 38 116 2
is_linear=0
shrinkage=0.08


Tree=34
num_leaves=31
num_cat=13
split_feature=47 44 37 47 35 39 32 32 3 2 46 3 36 3 3 46 32 36 26 2 37 32 1 3 37 2 41 7 3 13
split_gain=138395 4594.8 2824.65 2778.07 2249.87 1519 1324.02 1045.65 1018.63 965.024 1044.83 3621.37 959.908 1192.12 946.948 802.146 668.487 666.165 651.611 631.836 620.471 601.559 665.033 584.932 560.468 912.844 550.853 530.688 525.617 525.365
threshold=0 1 2 3 4 5 81.255001068115249 -7.3749999999999991 527.82501220703136 inf 6 18.185000419616703 7 805.22000122070324 18.185000419616703 8 4.9449999332427987 9 1.0000000180025095e-35 inf 10 -3.1850000619888301 3.5000000000000004 36.264999389648445 11 2.5000000000000004 12 22.650003433227543 18.964999198913578 2676.9250488281255
decision_type=1 9 1 1 1 9 8 10 8 8 1 10 9 8 8 1 10 9 8 8 1 10 2 10 1 10 9 2 10 2
left_child=6 5 -3 12 7 26 -1 8 15 10 -8 -12 13 18 -7 -5 19 -9 -4 -6 23 -20 28 -16 25 29 -2 -14 -23 -19
right_child=1 2 3 4 16 14 9 17 -10 -11 11 -13 27 -15 20 -17 -18 24 21 -21 -22 22 -24 -25 -26 -27 -28 -29 -30 -31
leaf_value=0.052205991953046524 0.071755021427047469 -0.061194702602932791 0.10154213517541928 -0.0093436354641067594 0.021185352927420551 -0.023996733149097067 0.041994517062870405 -0.044291859079414693 0.10542035963745519 0.062204198413997852 -0.082397367264172974 0.053520253530516038 -0.049414767102143722 0.066212338007183735 -0.077295304162730491 0.074925213724721731 -0.015757013382324533 0.0092417312212724791 -0.01938134112529262 -0.067604364479339166 0.012008149908680463 -0.074448601633987838 0.021655485145781014 -0.0063139681238681689 -0.020974810291438391 0.41794388255014159 0.022963492221716685 -0.030829799235940328 -0.030550153724318477 0.50370119967117488
leaf_weight=283958.9844231829 2290.9723769947886 12310.546982578933 257.03941573295742 25583.592076554894 16517.048924122006 9100.6204955503345 119386.18185506389 8689.6800708062947 526.49561804160476 14525.434888709337 1918.9592484906316 3623.7308902516961 18096.212617734447 909.43543678335845 919.39961039274931 743.95766273885965 4662.3244668133557 297.92826182022691 52479.616621374153 529.37073642015457 20844.229614462703 1788.8624129630625 1531.1027826070786 3872.9150361940265 48517.807558048517 44.871888939291239 4253.4528000801802 21535.086841458455 72219.7776685711 14.417986545711754
leaf_count=209698 6836 347678 1914 160928 64418 48352 102897 49797 512 10154 4812 2620 137361 12956 10214 1248 26974 2412 831496 1421 86163 16580 20493 37854 375022 166 13588 164599 1108529 64
internal_value=0.018839 -0.0201234 -0.0237099 -0.0220285 -0.0118871 0.00483331 0.049071 -0.0177927 -0.00475903 0.0426873 0.0404181 0.00646361 -0.0284053 -0.0250562 -0.00182753 -0.00696239 0.0110811 -0.023876 -0.0257052 0.018428 0.00604223 -0.0259607 -0.0305316 -0.0198901 -0.020233 0.0783449 0.0401884 -0.039306 -0.0316112 0.0320661
internal_weight=751950 328537 287255 274945 106127 41281.6 423413 84418.8 26854 139454 124929 5542.69 168817 129186 34737.2 26327.5 21708.7 57564.7 128276 17046.4 25636.5 128019 75539.7 4792.31 48875 357.218 6544.43 39631.3 74008.6 312.346
internal_count=3857756 3527575 3324568 2976890 682962 203007 330181 590149 162688 120483 110329 7432 2293928 1991968 182583 162176 92813 427461 1979012 65839 134231 1977098 1145602 48068 377664 2642 20424 301960 1125109 2476
cat_boundaries=0 1 2 3 4 5 6 7 8 9 10 11 12 13
cat_threshold=2 1 16 4 32 1 1 160 1 104 16 64 37
is_linear=0
shrinkage=0.08


Tree=35
num_leaves=31
num_cat=18
split_feature=47 44 38 36 37 3 34 32 45 33 41 42 45 43 41 38 40 2 19 27 2 46 3 18 41 2 33 36 3 34
split_gain=121365 3590.31 3960.86 1664.69 1469.18 1373.21 1375.15 1309.8 1047.76 1062.37 1046.58 1039.71 1138.25 1023.98 1085.09 1645.9 1548.25 1285 1019.77 899.977 830.624 931.304 3045.49 790.96 784.539 762.142 738.336 715.649 651.344 666.064
threshold=0 1 2 3 4 18.185000419616703 5 inf 6 1.0000000180025095e-35 7 8 9 10 11 12 13 inf 1577.2000122070315 7.5000000000000009 inf 14 18.964999198913578 4226.6450195312509 15 inf 1.0000000180025095e-35 16 inf 17
decision_type=1 9 1 9 1 8 1 8 9 2 9 9 9 9 9 1 1 8 2 8 8 1 10 2 9 8 2 9 8 1
left_child=7 5 4 11 -3 -2 -7 -1 9 18 25 12 26 -12 15 -15 17 23 19 -6 21 -9 -23 -16 -13 -5 -4 28 29 -21
right_child=1 2 3 10 8 6 -8 20 -10 -11 13 24 -14 14 16 -17 -18 -19 -20 27 -22 22 -24 -25 -26 -27 -28 -29 -30 -31
leaf_value=0.050110136525216564 -0.023196095081076385 -0.057930829746712174 0.043307782957303295 -0.013377176546405342 0.14156697981170849 0.028237210438396124 -0.0051744444520446312 0.03988133478650277 -0.045803736637758691 0.034325905537086643 -0.048834189751220947 0.02800552237821894 -0.015994157789257963 0.11117197152907649 0.0074538300491254605 -0.054250378277637193 -0.038353427487700369 -0.07324865413047929 -0.048221868438485915 -0.014156539547626232 0.059610681332885065 -0.071282394071231631 0.052510454562140575 0.057474428924306438 -0.037318581003530971 -0.0811089896285552 0.35343788271310189 -0.05637375274392694 0.14988117151223884 -0.02789924857381601
leaf_weight=277368.98261377215 9443.7070108130574 11691.034935818054 1691.1803907081485 37357.163467809558 209.76363999769092 15801.734364822507 15723.06268947944 113777.36347542331 19067.382054059766 1864.4354266747832 2381.7686748113483 1229.6046638786793 15616.636428624392 1346.8142668530345 37172.325374994427 533.30055101960897 5279.145904045552 1218.2766005992889 12414.449568469077 34484.818608773872 13031.666636493057 2038.957610219717 3380.7527110055089 2139.6451831143349 25502.650492984802 1094.3855170533061 50.59986799955368 4271.5121479481459 139.38443734496832 65764.855713054538
leaf_count=212316 50415 347859 8602 273173 1806 46786 105950 100864 335783 27304 12160 3737 85655 1139 249241 2401 29906 5080 248999 451857 9773 4888 2482 14862 151611 4880 240 38837 117 1031661
internal_value=0.0180592 -0.0185683 -0.0217777 -0.0117035 -0.0306868 0.00356401 0.0115804 0.0469866 -0.0283783 -0.0255861 -0.00537626 -0.024403 -0.00914359 0.0022468 0.00480765 0.0642106 0.00235614 0.0076668 -0.0265407 -0.0239741 0.0404345 0.038338 0.00593816 0.0101763 -0.0343045 -0.0153009 0.0520186 -0.0243059 -0.0229335 -0.0231761
internal_weight=733087 323490 282521 132613 149908 40968.5 31524.8 409598 138217 119149 88522.8 44090.7 17358.4 50071.3 47689.5 1880.11 45809.4 40530.2 117285 104870 132229 119197 5419.71 39312 26732.3 38451.5 1741.78 104661 100389 100250
internal_count=3860384 3530061 3326910 842687 2484223 203151 152736 330323 2136364 1800581 592842 249845 94497 314789 302629 3540 299089 269183 1773277 1524278 118007 108234 7370 264103 155348 278053 8842 1522472 1483635 1483518
cat_boundaries=0 1 2 3 4 5 6 7 8 9 10 11 12 13 14 15 16 17 18
cat_threshold=2 1 300 90 16 15 13 3 24 32 34 16 641 6 1 16 195 11
is_linear=0
shrinkage=0.08


Tree=36
num_leaves=31
num_cat=16
split_feature=47 46 38 44 31 41 38 40 32 32 4 32 5 44 45 4 46 44 17 40 47 19 19 4 12 19 26 45 34 40
split_gain=107568 3419.78 3078.59 1890.3 1267.34 1214.76 1177.16 1614.37 1127.4 991.522 985.138 984.205 885.039 847.139 1326.88 758.631 752.285 964.013 702.019 665.971 654.565 737.441 915.356 642.068 592.299 1001.06 577.939 593.41 571.323 816.345
threshold=0 1 2 3 1.0000000180025095e-35 4 5 6 inf -2.5849999189376827 inf 4.1449999809265146 3.5000000000000004 7 8 57.500000000000007 9 10 6.5000000000000009 11 12 296.05000305175787 18.755000114440922 1.0000000180025095e-35 870.69998168945324 378.47000122070318 8.5000000000000018 13 14 15
decision_type=1 1 1 9 10 9 1 1 8 10 8 8 2 9 9 10 1 9 2 1 1 2 2 10 2 2 10 9 1 1
left_child=8 2 4 6 5 10 -4 9 -1 -8 19 20 28 -3 -15 -9 -10 -18 -17 24 -5 22 -22 -11 -2 -26 27 -25 29 -7
right_child=1 13 3 11 -6 12 7 15 16 23 -12 -13 -14 14 -16 18 17 -19 -20 -21 21 -23 -24 26 25 -27 -28 -29 -30 -31
leaf_value=0.047907508435789836 -0.01651807042195293 0.047629325378385233 -0.038983061349102038 -0.030501870687343013 0.051436891822426639 0.039216963150159934 -0.012766406994843573 -0.056159911537697935 0.040354455161133611 -0.029808529725976422 0.27597326087794122 0.010479345258153873 0.030461489263477973 0.027532081815349746 -0.050211254652546347 0.034441637371753195 -0.009313834805281581 0.047378993527323464 0.43770890233337911 -0.036971548340122458 -0.0023313878628160025 -0.05610320359061638 0.080914716788028349 0.049304121388110307 0.092888943759129247 -0.0023243367753141321 0.17255483614514311 -0.016715419781072924 -0.011989279041303556 -0.0035645356696795277
leaf_weight=267016.6632765457 38978.947005271912 5399.0463083460927 44270.340673191473 10920.886934406124 2304.0878590941429 4123.759048037231 50960.270633881912 10936.534420589916 121099.92490939423 66760.638423267752 73.688221793621778 13083.239371956326 6020.6794117093086 4890.0257575009018 1960.039554355666 192.56086722202599 4512.3460550382733 3340.7673336081207 32.255403405055404 8722.7788072116673 4206.2289861142635 1158.458347113803 1057.9954930990934 986.54987664986402 810.43820858001709 5521.9703876040876 114.5091102104634 6946.114668706432 18699.823381524533 9225.4443091154099
leaf_count=212152 265045 13489 1096582 87640 5081 13962 634392 96331 107966 837295 102 79156 28251 8427 14624 1138 7123 2732 137 50868 14993 7666 4298 9383 4220 37875 1212 76359 96129 45392
internal_value=0.0171048 -0.0175175 -0.0191761 -0.0245365 -0.00716624 -0.00863187 -0.0276359 -0.0239627 0.044941 -0.021371 -0.0163336 -0.0060866 0.00231816 0.0239318 0.00525393 -0.053122 0.0387984 0.0148037 0.0923002 -0.0167353 -0.0185832 0.00168276 0.0143993 -0.0272354 -0.0128286 0.00986131 -0.00588794 -0.00846378 -0.00296807 0.00967074
internal_weight=714327 318357 306108 211627 94481.6 92177.5 181200 136929 395970 125768 54107.8 30426.8 38069.7 12249.1 6850.07 11161.4 128953 7853.11 224.816 54034.1 17343.6 6422.68 5264.22 74807.8 45311.4 6332.41 8047.17 7932.66 32049 13349.2
internal_count=3860020 3530047 3493507 2946582 546925 541844 2752829 1656247 329973 1558641 358110 193753 183734 36540 23051 97606 117821 9855 1275 358008 114597 26957 19291 924249 307140 42095 86954 85742 155483 59354
cat_boundaries=0 1 2 3 4 5 6 7 8 9 10 11 12 13 14 15 16
cat_threshold=2 1 659 2 35 32 6 2 14 1 1 2 4 40 116 10
is_linear=0
shrinkage=0.08


Tree=37
num_leaves=31
num_cat=13
split_feature=47 46 47 1 2 31 31 31 43 33 46 3 3 44 44 25 44 4 45 36 4 11 3 1 3 18 3 36 34 43
split_gain=93112.8 3239.51 2340.27 1454.71 1177.57 1190.95 1166.7 964.405 867.522 854.511 818.773 3376.59 1005.2 818.28 1231.02 737.612 719.555 883.038 707.002 890.071 736.723 783.904 845.943 801.883 1388.75 1270.22 728.527 688.564 677.651 1035.77
threshold=0 1 2 1.5000000000000002 inf inf 1.0000000180025095e-35 1.0000000180025095e-35 3 1.0000000180025095e-35 4 35.100000381469734 18.185000419616703 5 6 9.5000000000000018 7 54.500000000000007 8 9 1.5000000000000002 44.500000000000007 321.88500976562506 4.5000000000000009 578.36499023437511 514.82498168945324 inf 10 11 12
decision_type=1 1 1 2 8 8 10 10 9 2 1 10 8 9 9 10 9 8 9 9 10 2 10 2 10 2 8 9 1 9
left_child=4 2 6 7 5 10 9 8 -4 16 -1 12 -12 -3 -15 -10 17 -2 19 -18 26 23 -23 28 -25 -26 -21 -5 29 -22
right_child=1 13 3 27 -6 -7 -8 -9 15 -11 11 -13 -14 14 -16 -17 18 -19 -20 20 21 22 -24 24 25 -27 -28 -29 -30 -31
leaf_value=0.044689848592970226 0.0075118570896394142 0.047015690843229513 -0.027359649707296232 -0.11309037986739347 0.059928580252795925 0.032584650299951362 0.022307872316998094 0.04289151802569055 -0.0092281289102908812 0.02042241050122345 -0.22669673735678442 0.047128423788961982 -0.053865603043061185 0.02353747905772418 -0.059340477815877847 0.13745687144918589 -0.040336370247777802 -0.026801047254284942 -0.040344681964779257 -0.024745847896277744 0.14028243698397394 0.58938085712594435 -0.0030081271521836621 0.010640258341763272 0.83826817427968703 0.037374379366439697 0.11248219503713212 0.027843443103226586 -0.016552261478646649 0.0058721412421091773
leaf_weight=276862.95332985744 9272.3483273070306 5540.4308621883392 19933.810475796461 218.91218573600054 23980.019633896649 74114.691088590771 3520.974268078804 2064.7489361166954 86798.848737549037 2706.6681481245905 250.40395076572895 6011.61960362643 1539.4668179452419 5275.2675124742091 1465.6946975346655 219.95579707995057 19626.356358712539 9951.7991842739284 20952.015479238704 102023.78623383865 426.34629933536053 29.382390290498734 32.48480136692524 113.27863233350217 30.817482167854905 21.526832167059183 248.19626651331782 7860.1606119330972 12870.663193157874 2328.8666862202808
leaf_count=230282 67744 13368 248771 835 18169 72326 15654 4716 538304 38997 1045 4881 3398 9577 13634 471 173360 69620 384730 1756471 6246 54 420 1258 109 198 263 14746 142144 28277
internal_value=0.0162874 -0.0160362 -0.0176781 -0.00883552 0.042765 0.0416178 -0.0233007 -0.0112629 -0.0123084 -0.0241897 0.0439696 0.0184103 -0.0780448 0.0242382 0.00551724 -0.00885634 -0.0248684 -0.010251 -0.026639 -0.0245497 -0.0219235 -0.00587858 0.278333 -0.00699206 0.168112 0.508897 -0.0244128 0.0239192 -0.00884803 0.0271031
internal_weight=696292 313533 301252 117096 382759 358779 184156 109017 106953 180635 284664 7801.49 1789.87 12281.4 6740.96 87018.8 177928 19224.1 158704 137752 118125 15853.4 61.8672 15791.5 165.623 52.3443 102272 8079.07 15625.9 2755.21
internal_count=3860068 3529967 3493388 807843 330101 311932 2685545 792262 787546 2669891 239606 9324 4443 36579 23211 538775 2630894 137364 2493530 2108800 1935440 178706 474 178232 1565 307 1756734 15581 176667 34523
cat_boundaries=0 1 2 3 4 5 6 7 8 9 10 11 12 13
cat_threshold=2 1 4 35 1 2 1 1 13 27 24 80 1
is_linear=0
shrinkage=0.08


Tree=38
num_leaves=31
num_cat=19
split_feature=47 46 31 37 47 1 33 31 36 42 18 36 37 43 42 18 45 41 34 37 4 42 18 17 34 46 40 33 45 21
split_gain=82574.9 1765.22 1766.55 1798.51 1439.65 1532.58 960.555 952.325 852.545 1113.73 948.708 847.121 931.687 783.399 726.077 844.676 718.109 700.092 1050.17 884.339 944.977 838.795 971.284 1219.17 684.13 676.61 1341.66 671.968 634.477 633.399
threshold=0 1 1.0000000180025095e-35 2 3 1.5000000000000002 1.0000000180025095e-35 inf 4 5 457.52499389648443 6 7 8 9 1159.5849609375002 10 11 12 13 14.500000000000002 14 385.27499389648443 3.5000000000000004 15 16 17 1.0000000180025095e-35 18 3.5000000000000004
decision_type=1 1 10 1 1 2 2 8 9 9 2 9 1 9 9 2 9 9 1 1 10 9 2 2 1 1 1 2 9 2
left_child=7 2 3 -2 6 11 8 25 9 -5 17 -6 13 24 -15 -16 -4 18 19 20 -11 22 28 -24 27 -1 -27 -13 -21 -12
right_child=1 -3 16 4 5 -7 -8 -9 -10 10 29 12 -14 14 15 -17 -18 -19 -20 21 -22 -23 23 -25 -26 26 -28 -29 -30 -31
leaf_value=0.043594795917863555 -0.042757971674204899 0.015003456492454268 -0.075553668487007133 0.0096998587892645777 -0.029304288477000503 0.025804741180101981 0.027280363459225833 0.032998159330299918 -0.032092615592420312 0.1395301561963041 -0.030520353872553613 -0.012630342951707337 0.0022898496892529421 -0.015640722343352467 0.016785318835870637 -0.067501456109702873 0.03449718636860926 -0.019192723047221388 -0.010353295091868497 -0.023322307264116177 0.75078184032871875 0.0033309133552909265 0.70046984987068084 0.057830258701757627 -0.036582136162174109 -0.10272834413236606 0.029194111521451859 0.13746881334238725 0.11211326325716185 0.37793694894351043
leaf_weight=282272.62412602082 16724.062234017067 11904.723668551072 398.98448624275625 8576.084932343103 14246.969407550991 7696.6521326228976 2655.217972792685 79472.916333775967 36016.392867553979 50.369303401559591 39481.698550685309 10717.696568930522 33178.691461127251 18007.559114918113 10150.521555384621 822.60877096094191 5489.0188914202154 60458.556891069748 14735.977233833633 324.77516066003591 23.851922899484634 2124.1428731121123 36.383188695646822 39.302978028543293 14276.496342483908 511.46945348754525 9351.367177054286 194.34642659127712 690.96560658421367 24.312614216469228
leaf_count=240976 411284 36529 2420 159952 75968 12638 36016 78178 297427 741 799992 85131 217628 142759 51324 7038 18258 834607 174443 7220 64 25336 504 941 117675 1493 10006 978 12027 269
internal_value=0.0153519 -0.015203 -0.0164132 -0.0172902 -0.0157366 -0.00861385 -0.0204488 0.0407628 -0.0212282 -0.0181327 -0.0201563 -0.0112213 -0.0082676 -0.0147333 -0.00575892 0.0104572 0.0269702 -0.0150685 -0.00122463 0.0395729 0.296073 0.0327529 0.089464 0.366754 -0.0250523 0.0428751 0.0222783 -0.00994792 0.0696829 -0.030269
internal_weight=680655 309046 297142 291254 274530 109292 165238 371608 162583 126566 117990 101595 87347.9 54169.2 28980.7 10973.1 5888 78484.3 18025.8 3289.79 74.2212 3215.57 1091.43 75.6862 25188.5 292135 9862.84 10912 1015.74 39506
internal_count=3859822 3529169 3492640 3471962 3060678 711139 2349539 330653 2313523 2016096 1856144 698501 622533 404905 201121 58362 20678 1055883 221276 46833 805 46028 20692 1445 203784 252475 11499 86109 19247 800261
cat_boundaries=0 1 2 3 4 5 6 7 8 9 10 11 12 13 14 15 16 17 18 19
cat_threshold=2 1 16 4 160 1 104 5 11 41 32 21 40 64 8 45 1 1 1
is_linear=0
shrinkage=0.08


Tree=39
num_leaves=31
num_cat=20
split_feature=47 38 44 38 42 4 36 31 12 36 41 47 41 42 34 46 45 35 26 41 43 42 23 13 16 17 22 22 38 35
split_gain=71107.5 2868.39 2931.25 1544.93 1333.09 1254.97 928.36 925.436 880.515 823.993 1003.33 778.67 778.075 717.779 742.712 635.228 774.585 626.156 829.295 620.741 774.077 1103.41 1246.46 1749.56 1177.9 770.632 619.794 589.164 725.353 906.876
threshold=0 1 2 3 4 1.0000000180025095e-35 5 inf 1.0000000180025095e-35 6 7 8 9 10 11 12 13 14 5.5000000000000009 15 16 17 1.5000000000000002 783.27499389648449 1.0000000180025095e-35 14.500000000000002 7.5000000000000009 1.0000000180025095e-35 18 19
decision_type=1 1 9 1 9 10 9 8 2 9 9 1 9 9 1 1 9 1 8 9 9 9 2 2 2 2 2 2 1 1
left_child=7 8 9 -4 5 -5 12 15 -2 10 17 13 -6 14 -12 -1 -17 -3 -19 20 21 22 -7 24 25 -24 -8 -21 29 -29
right_child=1 2 3 4 6 19 26 -9 -10 -11 11 -13 -14 -15 -16 16 -18 18 -20 27 -22 -23 23 -25 -26 -27 -28 28 -30 -31
leaf_value=0.041342835099141793 -0.0081139986345182789 0.076773585076548245 -0.035575851380457893 -0.015051730619227932 -0.013236294779659586 0.12624474966075755 -0.022073465223047772 0.030729107163100049 0.0099256770932545906 -0.050582876813353474 0.056435245928336208 0.016129330682887588 -0.057896750017552387 -0.028563627758946469 -0.0068910367992569693 -0.044906008275685763 0.028289151011133721 0.47927869420109354 0.017738252555314003 -0.017025420725507012 0.023893657029016926 -0.017164247198982196 -0.088783722842585025 1.1716503108112657 0.97131310649050129 0.49309097739120789 0.50362915938997377 0.20883226897029727 -0.0048847189625797422 0.019259503307457623
leaf_weight=271963.15865087509 37538.939921945333 1593.7313816249371 42253.046578591689 69420.136319067329 3460.4638590961695 260.94496334437281 65483.255016886629 77055.744401846081 32144.505950286984 1719.7008123360574 1468.2078616209328 10051.582388300449 9158.7945682201535 8281.3883545733988 5976.1736092288047 1026.6595315001905 8742.7206388637424 25.029687654227018 5461.5741873532534 4568.0856154607609 3990.6300098784268 226.024134978652 36.226466661319137 18.177112391218543 13.50863206014037 24.363777888938785 14.356286728754638 284.93271145224571 998.2479616496712 377.01467762701213
leaf_count=240679 190946 16767 1112653 879204 24548 3199 757187 78032 179129 8208 3963 33122 85327 60483 38465 2192 9469 83 29893 47909 40012 2740 611 126 105 47 19 2069 8104 4887
internal_value=0.0143598 -0.0140494 -0.0182732 -0.0219823 -0.0183513 -0.0111039 -0.0257913 0.038498 0.000207553 0.00323828 0.00606871 -0.00126166 -0.0456701 -0.0123784 0.00565735 0.0406229 0.0205801 0.0327205 0.0198077 0.0142657 0.0366161 0.122372 0.209675 0.46833 0.295799 0.145192 -0.0219549 -0.00218865 0.0386221 0.102754
internal_weight=663637 304849 235166 200588 158335 80218.3 78116.9 358788 69683.4 34577.4 32857.7 25777.4 12619.3 15725.8 7444.38 281733 9769.38 7080.34 5486.6 10798.2 4569.88 579.245 353.221 92.276 74.0989 60.5902 65497.6 6228.28 1660.2 661.947
internal_count=3860178 3529806 3159731 2968747 1856094 989013 867081 330372 370075 190984 182776 136033 109875 102911 42428 252340 11661 46743 29976 109809 46840 6828 4088 889 763 658 757206 62969 15060 6956
cat_boundaries=0 1 2 3 4 5 6 7 8 9 10 11 12 13 14 15 16 17 18 19 20
cat_threshold=2 643 1 32 25 120 163 21 4 17 41 4 1 32 17 36 1 8 260 48
is_linear=0
shrinkage=0.08


Tree=40
num_leaves=31
num_cat=16
split_feature=47 38 44 37 2 32 46 3 6 45 33 32 37 4 36 41 45 36 3 32 32 38 38 21 34 17 17 36 36 2
split_gain=63298.7 2407.6 2428.35 1975.44 1274.02 1500.14 1358.44 1841.25 1255.2 1108.83 1228.45 1099.24 1010.89 1213.15 918.589 993.433 980.919 898.715 869.934 866.32 784.144 855.385 744.555 737.491 721.062 709.747 1226.96 697.347 608.085 601.786
threshold=0 1 2 3 inf -16.414999961853024 4 59.420000076293952 1.0000000180025095e-35 5 1.0000000180025095e-35 -16.414999961853024 6 11.500000000000002 7 8 9 10 84.564998626708999 2.435000061988831 -1.3949999809265134 11 12 2.5000000000000004 13 100.50000000000001 102.50000000000001 14 15 2.5000000000000004
decision_type=1 1 9 1 8 10 1 10 2 9 2 8 1 8 9 9 9 9 10 8 10 1 1 2 1 2 2 9 9 8
left_child=4 2 19 25 5 6 -1 11 14 10 17 -8 18 28 15 -3 -16 20 -10 -2 21 -5 -20 -19 -11 -4 -27 -21 -14 -18
right_child=1 8 3 9 -6 -7 7 -9 12 24 -12 -13 13 -15 16 -17 29 23 22 27 -22 -23 -24 -25 -26 26 -28 -29 -30 -31
leaf_value=0.029833816123610832 -0.012553893184060892 0.04843963823471361 -0.060120935244224065 -0.0032430194004989493 0.055682431441431132 0.039252194494769299 -0.27423551607003321 0.033208188641264444 0.019486426498401918 -0.025897044008567127 0.043790254348946352 -0.046673980052574872 -0.031097961275893062 0.031603312890194746 0.029583750273085605 -0.030128429959580039 -0.0072660890752633831 -0.057317593513198144 0.012463664603670488 -0.062090346340046142 -0.025672235176877094 -0.023815641052675807 -0.023105495711415659 0.52761871131202831 -0.059342147685224972 1.050150726427284 -0.084684256300487704 0.018896614413269276 0.0065908120117995099 -0.03839784305092963
leaf_weight=103335.07823675126 14922.229168945923 1076.6461932659149 9783.7753886366263 31603.062592626549 21175.804414264858 218957.64391782507 143.64330970868468 2904.8965344801545 5842.2843604683876 9317.975971407257 1974.7147927330807 2505.601979829371 3326.8209880702198 13122.285403620452 4362.6033349782228 20590.544542387128 47227.570544615388 4368.6200473196805 4829.2408752627671 706.54615473002195 49061.569296710193 21900.87206480559 17054.720834061503 13.838634751737116 7483.6297417180613 10.057099221274258 15.486481865867971 13771.450332716107 15303.307929880917 4338.9801210165024
leaf_count=104557 98452 2836 347479 413389 18051 199109 680 2829 28951 152559 27436 5288 23689 75286 14690 126389 309758 45600 22689 3824 822971 489769 115681 28 182768 44 527 72633 131333 20515
internal_value=0.01346 -0.0133566 -0.019868 -0.0243903 0.0366644 0.035436 0.0277622 -0.0107797 -0.00551991 -0.0216865 -0.0187316 -0.0590125 0.00322364 0.0129671 -0.0122227 -0.0262038 -0.00680041 -0.0198878 -0.00793651 0.000972784 -0.0183656 -0.0116691 -0.0152611 -0.0553442 -0.0408203 -0.0589613 0.362127 0.0149145 -0.000152505 -0.0098837
internal_weight=651032 302009 164934 135534 349023 327847 108889 5554.14 137075 125724 108923 2649.25 59478.7 31752.4 77596.3 21667.2 55929.2 106948 27726.2 29400.2 102566 53503.9 21884 4382.46 16801.6 9809.32 25.5436 14478 18630.1 51566.6
internal_count=3859810 3529296 2657479 2482570 330514 312463 113354 8797 871817 2134520 1799193 5968 397629 230308 474188 129225 344963 1771757 167321 174909 1726129 903158 138370 45628 335327 348050 571 76457 155022 330273
cat_boundaries=0 1 2 3 4 5 6 7 8 9 10 11 12 13 14 15 16
cat_threshold=2 300 1 16 1 13 20 75 16 8 226 260 641 30 105 89
is_linear=0
shrinkage=0.08


Tree=41
num_leaves=31
num_cat=19
split_feature=47 47 35 2 45 42 37 45 3 45 34 2 34 42 35 21 3 3 2 43 40 45 37 36 43 39 3 3 12 3
split_gain=54021.7 1634.49 1677.91 1269.46 1078.51 949.993 780.217 926.094 760.356 1238.71 694.648 683.674 672.915 744.035 663.262 747.999 724.096 678.024 631.424 887.898 748.663 630.835 615.514 938.125 745.58 794.906 860.638 695.937 778.316 722.792
threshold=0 1 2 inf 3 4 5 6 1.0000000180025095e-35 7 8 2.5000000000000004 9 10 11 1.0000000180025095e-35 487.29499816894537 101.45999908447267 inf 12 13 14 15 16 17 18 552.12500000000011 165.72499847412112 3533.7751464843755 513.95501708984386
decision_type=1 1 1 8 9 9 1 9 10 9 1 8 1 9 1 2 8 10 8 9 1 9 1 9 9 9 10 10 2 10
left_child=3 4 11 8 -2 21 7 -4 9 -1 -10 -3 13 14 15 16 -7 -17 20 -20 -8 -6 23 24 25 26 -16 28 -25 -29
right_child=1 2 6 -5 5 12 18 -9 10 -11 -12 -13 -14 -15 22 17 -18 -19 19 -21 -22 -23 -24 27 -26 -27 -28 29 -30 -31
leaf_value=-0.065431210112377763 0.0011858111711686716 0.019566872094058965 0.028266634011487355 0.054178841384273327 -0.043712081477504737 -0.0072688324286684161 -0.030972248380285731 -0.068882322964238796 0.03779932893609065 0.031376644921452222 0.030255990149994465 -0.043439078242963898 -0.031176038885929826 -0.023956131946585617 0.37626018981794929 -0.092102383470626617 0.065903989494497245 0.10063709207794705 0.034122670258906938 -0.074540380989675858 -0.0044121902236433355 0.010699717693741975 -0.037164395248869803 0.014773922881461713 -0.037679516459019825 0.065716696879077233 -0.091342187140796088 -0.035282782251122122 0.44939467208997208 -0.00040397039413098471
leaf_weight=1293.3626022711396 19183.506559172645 19566.492910795845 817.38410140573978 20148.66503687948 1569.916980531998 26328.420471287332 7384.5818387828767 2675.4413327872753 151677.14178461768 2400.3228148296475 162833.67586840317 1168.0102508906275 30579.697988081723 61968.805231092498 115.62332396954298 138.74231355078518 894.93952745106071 738.96835053618997 641.71929122135043 1885.7440533675253 83548.587655914947 9956.9257373418659 8977.8603189848363 3125.7890019239858 326.16791446879506 557.33759345859289 32.208425564691424 10453.806142444722 26.594657124951482 5976.376427530311
leaf_count=2976 205742 107317 9388 17968 34317 329051 41336 60847 140462 2679 165880 5136 652096 752677 467 1726 9523 8642 1235 7319 585010 171583 97176 43855 3675 4360 361 213440 219 183711
internal_value=0.0128178 -0.0119803 -0.0046415 0.0347053 -0.0167533 -0.0188795 -0.00905874 -0.0461319 0.0334722 -0.00261331 0.033896 0.0160099 -0.020578 -0.0178673 -0.0113242 -0.00251885 -0.00486335 0.0701702 -0.00766844 -0.0471109 -0.00657299 0.00325755 -0.0196822 -0.012054 0.0619609 0.107931 0.274383 -0.0159817 0.0184405 -0.0225958
internal_weight=636993 298640 117688 338353 180952 161768 96953.5 3492.83 318205 3693.69 314511 20734.5 150241 119662 57692.8 28101.1 27223.4 877.711 93460.6 2527.46 90933.2 11526.8 29591.8 20613.9 1031.34 705.169 147.832 19582.6 3152.38 16430.2
internal_count=3860174 3530209 817588 329965 2712621 2506879 705135 70235 311997 5655 306342 112453 2300979 1648883 896206 348942 338574 10368 634900 8554 626346 205900 547264 450088 8863 5188 828 441225 44074 397151
cat_boundaries=0 1 2 3 4 5 6 7 8 9 10 11 12 13 14 15 16 17 18 19
cat_threshold=2 4 9 8 1 16 8 8 28 30 24 48 4 8 32 57 3 12 2
is_linear=0
shrinkage=0.08


Tree=42
num_leaves=31
num_cat=13
split_feature=32 2 41 43 34 31 46 11 13 2 32 34 21 16 40 44 46 43 12 32 20 17 39 46 32 32 17 35 40 4
split_gain=1021.03 767.298 742.407 1444.68 687.104 673.676 511.046 444.728 410.32 348.696 473.587 346.981 408.074 343.662 335.867 333.852 816.36 481.108 428.994 472.729 458.311 444.058 1189.37 403.166 480.076 386.036 381.973 363.369 345.287 329.69
threshold=-10.284999847412108 inf 0 1 2 1.0000000180025095e-35 3 1.0000000180025095e-35 190.02500152587893 inf -1.5850000381469724 4 3.5000000000000004 1.0000000180025095e-35 5 6 7 8 765.10003662109386 -1.9650000333786009 1.0000000180025095e-35 1.5000000000000002 9 10 -8.9349999427795392 1.7749999761581423 23.500000000000004 11 12 19.500000000000004
decision_type=8 8 9 9 1 10 1 2 2 8 10 1 2 2 1 9 1 9 2 10 2 2 9 1 10 8 2 1 1 8
left_child=1 6 3 -2 5 15 29 -8 9 -6 -11 12 13 -10 -7 17 18 -4 19 -17 21 22 25 26 -25 -20 -19 -22 -26 -1
right_child=2 -3 4 -5 8 14 7 -9 11 10 -12 -13 -14 -15 -16 16 -18 23 20 -21 27 -23 -24 24 28 -27 -28 -29 -30 -31
leaf_value=0.018379294641405731 0.051736176442185276 0.060658151394977822 0.17734389059061659 0.0028293882946451242 0.0091340248127874755 -0.11598812429818783 -0.093540353564847328 0.0077353444810350563 0.0026035677314962852 0.044602381545888456 -0.030292091990474189 -0.0027221068081735452 0.35841904293843002 0.021771938141782243 0.035630039836703764 0.013395045960019988 0.036527944472741991 0.025503920157658545 0.25951509862710737 0.0069270229847624735 0.019739504249642693 0.022226918832627035 0.059399799036993668 -0.01607439106728022 -0.089407433905259168 0.76437927450819587 -0.069790326861602234 -0.00062414571035201072 0.037747841736403831 0.051620678709418541
leaf_weight=7171.4223877163604 8256.3275673761964 4402.8576532192528 115.02949073910713 7275.6002552872524 131405.83204526827 85.483503762632608 426.70172129943967 793.62910846434534 18613.799218707718 3446.6677393969148 640.82258654385805 38660.682356343605 21.379010714590549 8823.7075290037319 9366.2481803335249 138950.71937623806 8379.9853225834668 24370.891265632585 19.384960131719708 150808.12240287848 10601.150288126431 31404.364938670769 897.03976173698902 3787.3981443233788 136.96442679688334 19.387105721980333 272.20930518954992 11901.988279600628 2195.6802966445684 2602.5037259636447
leaf_count=51391 11046 4772 128 19093 928916 454 1219 1672 190821 4617 2642 496546 82 80193 20776 711657 16099 68934 124 853001 55805 202890 4127 6686 462 151 1595 112619 2876 9272
internal_value=0.0120914 0.0324374 0.0115782 0.0288434 0.0111268 0.0130737 0.0211359 -0.0276768 0.00732829 0.0098498 0.0328607 0.00216227 0.00903692 0.00876798 0.0341738 0.0125544 0.0118567 0.0205313 0.0112567 0.0100287 0.0177447 0.0238451 0.0781501 0.0198808 0.00150977 0.511961 0.0244513 0.00897759 0.0300603 0.0272305
internal_weight=625854 15397.1 610457 15531.9 594925 393312 10994.3 1220.33 201613 135493 4087.49 66119.6 27458.9 27437.5 9451.73 383860 352982 30878.2 344602 289759 54843.3 32340.2 935.812 30763.1 6120.04 38.7721 24643.1 22503.1 2332.64 9773.93
internal_count=3860666 68326 3792340 30139 3762201 2058384 63554 2891 1703817 936175 7259 767642 271096 271014 21230 2037154 1956473 80681 1940374 1564658 375716 207292 4402 80553 10024 275 70529 168424 3338 60663
cat_boundaries=0 1 2 3 4 5 6 7 8 9 10 11 12 13
cat_threshold=16 4 15 1 16 1 1 1 2 2 1 48 1
is_linear=0
shrinkage=0.08


Tree=43
num_leaves=31
num_cat=12
split_feature=47 32 32 3 46 4 12 3 46 25 45 0 46 3 3 32 3 40 45 17 43 1 25 46 47 35 3 45 22 3
split_gain=46263.9 1926.88 1043.52 906.154 929.581 812.335 886.883 706.569 628.222 599.926 624.923 574.145 539.578 1182.27 856.12 516.832 824.082 585.575 507.211 515.518 492.353 492.21 485.508 480.182 476.506 803.268 476.293 473.184 471.857 660.514
threshold=0 -8.1149997711181623 inf inf 1 1.5000000000000002 30.10000038146973 140.08000183105472 2 1.0000000180025095e-35 3 1.5000000000000002 4 35.100000381469734 1.0000000180025095e-35 -16.414999961853024 128.30500030517581 5 6 1.5000000000000002 7 2.5000000000000004 9.5000000000000018 8 9 10 70.15000152587892 11 1.0000000180025095e-35 779.00500488281261
decision_type=1 10 8 8 1 8 2 10 1 8 9 2 1 10 10 8 10 1 9 2 9 2 10 1 1 1 10 9 2 10
left_child=2 3 -1 4 15 9 7 24 -5 -3 11 26 14 -14 -4 16 17 -2 19 20 -8 -17 -20 -13 27 -26 -11 -7 -12 -30
right_child=1 5 12 8 -6 6 18 -9 -10 10 28 23 13 -15 -16 21 -18 -19 22 -21 -22 -23 -24 -25 25 -27 -28 -29 29 -31
leaf_value=0.035442974486571764 0.22005085863171561 0.11019756620709815 0.063270479430247287 0.099002738483805003 0.032047426041010435 0.068777778174907461 0.1102058248717375 -0.0011493558873420736 -0.004569505387976131 0.27653491676371428 -0.029724226284547229 -0.028110223904450785 -0.026128651231100943 0.040130488166878781 0.025820044730929009 -0.0076632664580942736 0.0022180267734564023 0.056077220080243358 -0.013543078070139521 -0.00025866749249964254 0.020738726384904843 0.017605750906760004 0.082864277983356702 0.033400339266304112 -0.022053276405655305 0.03677852517388449 -0.0082713442790265327 -0.036921866505460546 -0.0147317557708213 0.10334705627052161
leaf_weight=218288.47251306847 162.78969567455351 224.90314481966197 4069.5697464235127 951.75256118178368 4596.5004953108728 268.21479141153395 438.97511339560151 10220.207396986894 618.29407960921526 37.622046880424023 47691.583818320185 18149.672644994222 3757.1534655503929 3184.0750343613327 97563.661523815244 81887.72657430172 3135.8594357194379 875.86230551637709 22223.196248654276 24456.574584973976 3355.0989034529775 5249.760330776684 339.42155876010656 850.29629933089018 11312.502962691709 1701.1448047291487 33501.721376265399 15331.073465636 10794.834597054869 311.95396902412176
leaf_count=212377 503 1169 3209 844 12306 2108 3241 73595 981 95 745976 388906 6943 2926 105133 902162 31605 4534 213375 226398 30351 57563 3443 2503 64356 3281 398231 169176 187980 5827
internal_value=0.0114578 -0.0113012 0.0322551 -0.00206958 -0.00305646 -0.0157736 -0.010103 -0.0192052 0.0582153 -0.0203302 -0.0205939 -0.0142436 0.0258458 0.00426569 0.0273196 -0.00482354 0.0226744 0.0844356 -0.00314688 0.00399642 0.0314352 -0.00614089 -0.0120874 -0.0253575 -0.0256545 -0.0143515 -0.00795187 -0.035084 -0.0262613 -0.0114153
internal_weight=625550 298688 326863 97478.5 95908.5 201209 89646.4 38833.1 1570.05 111563 111338 52539.3 108574 6941.23 101633 91312 4174.51 1038.65 50813.3 28250.6 3794.07 87137.5 22562.6 19000 28612.9 13013.6 33539.3 15599.3 58798.4 11106.8
internal_count=3861097 3530509 330588 1010498 1008673 2520011 789324 312516 1825 1730687 1729518 789735 118211 9869 108342 996367 36642 5037 476808 259990 33592 959725 216818 391409 238921 67637 398326 171284 939783 193807
cat_boundaries=0 1 2 3 4 5 6 7 8 9 10 11 12
cat_threshold=2 1 1 12 1 2 9 5 1 4 32 2
is_linear=0
shrinkage=0.08


Tree=44
num_leaves=31
num_cat=16
split_feature=38 2 32 37 34 34 39 37 18 34 38 21 37 18 40 42 13 39 37 12 3 4 38 33 15 42 40 3 15 23
split_gain=945.09 666.145 1183.33 689.656 889.989 500.848 761.668 594.42 562.327 453.783 450.335 443.019 437.486 431.913 431.529 431.431 498.991 849.205 555.305 453.624 1408.58 423.19 530.508 409.836 614.335 408.934 406.556 624.862 492.616 437.713
threshold=0 inf -4.694999933242797 1 2 3 4 5 8002.4899902343759 6 7 2.5000000000000004 8 5309.0749511718759 9 10 6221.0251464843759 11 12 19888.900390625004 398.66500854492193 43.500000000000007 13 1.0000000180025095e-35 1.0000000180025095e-35 14 15 236.3850021362305 1.0000000180025095e-35 -1.0000000180025095e-35
decision_type=1 8 10 1 1 1 9 1 2 1 1 2 1 2 1 9 2 9 1 2 8 10 1 2 2 9 1 10 2 2
left_child=5 3 -3 -2 11 7 9 -1 26 -7 25 15 14 -13 -12 16 18 -18 19 -5 -21 -17 -23 -16 -25 -9 27 -8 29 -29
right_child=1 2 -4 4 -6 6 8 10 -10 -11 12 13 -14 -15 23 21 17 -19 -20 20 -22 22 -24 24 -26 -27 -28 28 -30 -31
leaf_value=0.028570416446389163 0.010559978825099917 0.046566315197418155 -0.0076228821029780324 0.048143325403929245 -0.0032405897962796406 0.03327183371431628 0.0137041839840634 0.013081059200526372 0.047034660821401564 0.01185168152339524 -0.014473936907982534 0.027369363769804193 0.0057501985987283288 0.41843154706052915 0.020510585924930273 0.0070855129555130389 0.72908086449618414 0.087120778654742562 -0.014356451749026012 0.98540928237949932 -0.092689943437850059 0.29802911867435322 -0.01884817668713459 0.074638259000833568 0.44449082727893463 0.035579047354054552 0.0046131194068002208 0.23847783661209587 0.4104865388717861 -0.0093835180964557362
leaf_weight=26348.342597359791 173147.02612135978 7110.1687360107899 4047.0326786190271 2526.985624210909 73204.993486827239 14017.801328912377 38905.334585841745 9715.6934306360781 2373.402816908434 11604.975467592478 2300.2724627219141 39.610324939712882 36532.507690552622 33.246526420116425 27370.89172334224 86296.742676751688 17.473875798285007 53.767208939418197 1190.1486414559186 13.183429993689058 18.840240864083171 61.532044723629951 69.89801880531013 291.04312027618289 31.892337549477816 11144.370886396617 84927.334994889796 78.306515984237194 37.868642374873161 109.16857093572617
leaf_count=104171 1470774 10003 14769 21617 743746 43978 126363 27020 6894 47670 7589 211 134957 101 108380 615592 97 497 6378 50 202 137 312 2002 177 21969 343469 141 42 476
internal_value=0.0104237 0.00767846 0.0269104 0.00704135 0.00331487 0.0140156 0.0110099 0.0180327 0.00846165 0.0235879 0.0148526 0.0086278 0.0116324 0.205821 0.0187925 0.00846956 0.0347474 0.24458 0.0308529 0.0517329 0.351139 0.00730313 0.150747 0.0215599 0.111164 0.0251118 0.0077237 0.0144699 0.147306 0.0941458
internal_weight=613620 347831 11157.2 336673 163526 265789 152054 113735 126431 25622.8 87386.7 90321.4 66526.6 72.8569 29994.1 90248.6 3820.4 71.2411 3749.16 2559.01 32.0237 86428.2 131.43 27693.8 322.935 20860.1 124058 39130.7 225.344 187.475
internal_count=3859784 2884486 24772 2859714 1388940 975298 569033 406265 477385 91648 302094 645194 253105 312 118148 644882 28841 594 28247 21869 252 616041 449 110559 2179 48989 470491 127022 659 617
cat_boundaries=0 1 2 3 4 5 6 7 8 9 10 11 12 13 14 15 16
cat_threshold=595 58 14 116 1 67 3 513 40 1 1 2 65 4 56 5
is_linear=0
shrinkage=0.08


Tree=45
num_leaves=31
num_cat=15
split_feature=47 38 36 2 45 3 2 32 46 3 33 44 38 37 32 1 3 40 32 40 3 34 37 38 3 3 7 37 47 3
split_gain=41310.3 2399.76 1682.91 1440.8 1320.17 1410.98 1153.61 1427.79 1218.38 1401.89 1073.1 1041.39 1035.99 990.98 972.441 876.215 860.605 834.025 854.031 806.515 743.593 731.173 704.597 721.828 796.923 684.641 735.473 680.166 830.529 795.702
threshold=0 1 2 inf 3 753.33502197265636 inf -10.284999847412108 4 110.37500000000001 1.0000000180025095e-35 5 6 7 -10.284999847412108 3.5000000000000004 513.95501708984386 8 -16.414999961853024 9 160.74500274658206 10 11 12 205.59500122070315 128.30500030517581 128.00000762939456 13 14 527.82501220703136
decision_type=1 1 9 8 9 8 8 10 1 10 2 9 1 1 8 2 8 1 8 1 8 1 1 1 8 10 2 1 1 10
left_child=6 11 3 4 20 12 7 8 -1 14 -4 16 13 -6 -10 17 -2 18 -14 -5 -3 -15 23 24 25 -12 -27 28 -20 -30
right_child=1 2 10 19 5 -7 -8 -9 9 -11 22 -13 15 21 -16 -17 -18 -19 27 -21 -22 -23 -24 -25 -26 26 -28 -29 29 -31
leaf_value=0.022664756759100808 -0.018073565469059711 -0.0013041442680245567 -0.021440741697105355 0.011983028879359875 0.56089725724966888 0.063312848381866252 0.049239653578345033 0.032300753471403362 -0.19574901464360356 0.031312666638101609 0.052067137806979399 -0.034204833373361755 0.057926276126676932 -0.003967539217521761 -0.037554344646146209 0.048066368087941187 0.035221647869875521 -0.020159375654138376 -0.0041946685880733673 -0.063193000486976306 0.032896769465986749 -0.025352828240708867 -0.0024863401878182051 0.029538512012015353 0.09611692706445267 0.18001650401010044 0.6678419332296146 -0.011223331871385816 0.011739110104925168 0.084526164324226105
leaf_weight=95633.010393943638 9552.774056121707 7272.0593098700047 62325.458617446944 1181.0531465560198 8.9879695568233728 1861.6599453296512 17861.64507766068 195146.89590792917 272.67287409678102 2266.4727397337556 29.601698141545057 39154.150559636764 1557.1371241118759 16260.898383031599 2827.5713898129761 2131.2618691176176 2433.0125937834382 16785.967194263823 38492.119496364146 4050.1916732471436 9235.7404564600438 27656.967303931713 577.59244813024998 258.75145657360554 129.50891398265958 30.396372921764851 56.630174543708563 32314.628836111166 22871.318411950022 1003.3876564763486
leaf_count=105880 69431 40537 448020 2911 43 15558 18119 197221 1035 2280 132 1111136 8590 258466 5649 14505 25147 96514 505996 18860 61270 442708 3593 2288 1092 168 153 274556 124548 4158
internal_value=0.00926101 -0.0121155 -0.00883736 -0.0049391 -0.00371952 -0.0059295 0.0294954 0.0283046 0.0205833 -0.016508 -0.020066 -0.0278831 -0.00674018 -0.0171915 -0.0514679 -0.00275173 -0.00725509 -0.00371023 -0.000838985 -0.0463185 0.0178197 -0.0174375 0.0589005 0.126667 0.223635 0.384411 0.497456 -0.00180553 0.0030755 0.0147981
internal_weight=611240 297231 246091 182683 177452 160944 314008 296147 101000 5366.72 63407.9 51139.9 159083 43926.9 3100.24 115156 11985.8 113025 96238.6 5231.24 16507.8 43917.9 1082.48 504.889 246.137 116.628 87.0265 94681.5 62366.8 23874.7
internal_count=3860564 3530380 2324666 1869220 1847449 1745642 330184 312065 114844 8964 455446 1205714 1730084 701217 6684 1028867 94578 1014362 917848 21771 101807 701174 7426 3833 1545 453 321 909258 634702 128706
cat_boundaries=0 1 2 3 4 5 6 7 8 9 10 11 12 13 14 15
cat_threshold=2 32 128 8 1 1 12 2 6 8 24 105 582 105 4
is_linear=0
shrinkage=0.08


Tree=46
num_leaves=31
num_cat=14
split_feature=47 44 38 45 42 2 32 38 11 19 45 34 44 27 17 39 3 2 19 19 3 34 32 4 3 38 34 31 4 34
split_gain=35534.9 2076.16 2359.97 1052.65 1021.12 1020.2 1355.21 938.283 800.405 1067.64 783.359 1121.54 780.414 781.267 786.831 733.505 706.961 725.245 671.363 971.199 661.537 645.998 772.689 614.157 766.86 613.432 605.201 601.807 600.991 871.954
threshold=0 1 2 3 4 inf -7.3749999999999991 5 1.0000000180025095e-35 50.514999389648445 6 7 8 8.5000000000000018 5.5000000000000009 9 9.7550001144409197 inf 30.07499980926514 227.70500183105472 656.00500488281261 10 -7.3749999999999991 59.500000000000007 298.90499877929693 11 12 1.0000000180025095e-35 3.5000000000000004 13
decision_type=1 9 1 9 9 8 10 1 2 2 9 1 9 8 2 9 10 8 2 2 10 1 10 10 10 1 1 10 8 1
left_child=5 15 3 12 16 6 -1 8 -6 -10 11 23 13 -3 21 -2 -4 28 20 -20 -17 22 -15 -9 -25 -21 -5 -23 -18 -30
right_child=1 2 4 26 7 -7 -8 10 9 -11 -12 -13 -14 14 -16 18 17 -19 19 25 -22 27 -24 24 -26 -27 -28 -29 29 -31
leaf_value=0.01949471527780014 0.031209314862001476 0.085667094932943971 0.097149340697056136 -0.0057130711060771715 -0.014120684160745658 0.047127210248732031 0.030931444597621205 0.027056205664270607 0.060002098276396812 0.0016516282569799981 -0.048281710297536751 -0.01982893231857653 -0.077837251220549242 0.01425488911762883 -0.027398396938867055 -0.008070572156266817 -0.0057748551770424855 -0.050248278143021401 0.05019066849869501 -0.014858781098402695 0.109974727594973 -0.01955416367933047 -0.014190029708132653 -0.067447881733251974 0.23846832645616586 0.037338263584047716 -0.04585650088913984 0.067975017699860696 0.025299607438750926 -0.0023718523342614634
leaf_weight=102523.60503102094 6289.4596969857812 467.8932153666392 494.97048622369766 2889.1903724446893 17118.095727995038 16872.530737765133 187733.24086585268 1247.1803436111659 2416.4354644976556 11840.055368807167 5826.8405921012163 27722.150585323572 1388.6660589287058 10183.93784473557 37182.789227636531 22201.933693015948 27658.733078375459 1706.6425658911467 3827.5987410359085 5016.3458500243723 308.05001292563975 46949.531110671349 15285.434793955646 70.721443466842175 202.91461912542582 2010.0959916971624 14730.38497863058 508.16712100617588 13778.718762833625 15462.083025969565
leaf_count=118264 20296 5817 397 46813 101739 17934 193845 6865 12072 70323 47166 206171 22959 135529 830314 108680 217642 7264 19452 45180 2466 854007 220690 501 801 6622 364881 2324 75659 96822
internal_value=0.00896016 -0.0108806 -0.0135274 -0.0211002 -0.00570875 0.0280035 0.0268918 -0.0125127 -0.00245893 0.0115419 -0.0215038 -0.0161534 -0.018236 -0.0174892 -0.0179275 0.00614918 0.00194137 0.0011376 0.00142509 0.0177677 -0.00645512 -0.0130986 -0.00281521 0.0505369 0.159404 0.00010553 -0.0392809 -0.018613 0.00267887 0.0106752
internal_weight=601914 294785 255132 129586 125546 307129 290257 66444.4 31374.6 14256.5 35069.8 29243 111966 110578 110110 39653.5 59101.1 58606.2 33364 10854 22510 72927.1 25469.4 1520.82 273.636 7026.44 17619.6 47457.7 56899.5 29240.8
internal_count=3859495 3529452 3326756 2483334 843422 330043 312109 445638 184134 82395 261504 214338 2071640 2048681 2042864 202696 397784 397387 182400 71254 111146 1212550 356219 8167 1302 51802 411694 856331 390123 172481
cat_boundaries=0 1 2 3 4 5 6 7 8 9 10 11 12 13 14
cat_threshold=2 1 300 13 25 642 13 32 2 1 11 293 4 83
is_linear=0
shrinkage=0.08


Tree=47
num_leaves=31
num_cat=18
split_feature=41 43 38 35 34 4 34 1 42 42 42 41 38 4 38 42 12 4 43 4 42 43 17 34 23 22 39 4 23 0
split_gain=704.972 1451.89 808.332 650.464 724.173 473.993 465.811 599.433 406.847 391.61 365.593 361.69 376.732 347.641 418.378 344.828 399.393 329.687 498.189 1749.87 509.072 423.767 538.06 472.595 391.957 366.514 1333.74 1522.67 362.861 345.275
threshold=0 1 2 3 4 65.500000000000014 5 2.5000000000000004 6 7 8 9 10 1.5000000000000002 11 12 24444.895507812504 45.500000000000007 13 45.500000000000007 14 15 51.500000000000007 16 1.0000000180025095e-35 1.0000000180025095e-35 17 42.500000000000007 7.5000000000000009 1.5000000000000002
decision_type=9 9 1 1 1 10 1 2 9 9 9 9 1 8 1 9 2 8 9 10 9 9 2 1 2 2 9 10 2 2
left_child=1 2 -1 4 5 -2 10 13 -3 -6 11 -5 -13 -8 15 16 -15 21 19 20 -19 23 -23 25 -24 29 -27 -28 -21 -16
right_child=3 8 -4 6 9 -7 7 -9 -10 -11 -12 12 -14 14 17 -17 -18 18 -20 28 -22 22 24 -25 -26 26 27 -29 -30 -31
leaf_value=0.064699585980857288 0.040511534433560058 -0.031044077591482987 0.0064579721044349357 0.022159144203751251 0.02427328703679579 0.36400421238581038 0.0025526527293543515 0.031774417037645761 0.011276937568391376 0.0035503570087035059 0.0070199529302341426 0.01991915591891906 0.0067189245582805947 0.026053926247762239 0.11357294789989782 0.01028286185126652 0.23141844994297134 -0.08123951661418545 0.0038107924594283997 -0.0091962321796220745 -0.37402086508634524 0.0096342575752020616 0.048396629869399792 -0.0010415489462003748 0.51837197077697972 0.93324573142242795 0.028552676638298604 0.71301658932489276 0.31176573855763645 -0.0022826947797493832
leaf_weight=5675.2384585961699 6805.5308808004484 2065.8611119715497 2100.7504340521991 23819.037411637604 10097.764988755807 29.112348541617393 202094.1361039537 5278.7678809016943 4841.4644569717348 13839.753988321871 125638.42369746882 19722.611822240986 46451.30659232568 10249.499330125749 448.06719236075878 30132.291216714308 60.96851360052824 86.184933961369097 74756.932057457976 721.58350437600166 109.18267476093024 6409.1422548703849 22.472280547954142 518.95691154710948 22.961488196626306 14.568267118185759 135.4112632535398 24.576274367049336 23.270029097795486 260.25381903536618
leaf_count=5785 23616 7393 5562 151458 61310 31 1693560 36393 11919 72995 703631 124234 335797 34289 2683 107582 92 299 432417 4689 993 34301 156 4123 47 99 1038 80 40 2918
internal_value=0.00799245 0.0252993 0.0489936 0.00755205 0.0188687 0.0418283 0.00691508 0.00503145 -0.00140712 0.0122986 0.00980936 0.0137024 0.0106556 0.00459869 0.00793341 0.0146121 0.0272419 0.00469841 0.00308003 -0.054484 -0.268165 0.0202976 0.0115611 0.0600132 0.285915 0.0955111 0.200425 0.133696 0.000830967 0.0710049
internal_weight=592456 14683.3 7775.99 577773 30772.2 6834.64 547001 331369 6907.33 23937.5 215631 89993 66173.9 326090 123996 40442.8 10310.5 83553.6 75697.2 940.221 195.368 7856.41 6454.58 1401.83 45.4338 882.877 174.556 159.988 744.854 708.321
internal_count=3859530 30659 11347 3828871 157952 23647 3670919 2355799 19312 134305 1315120 611489 460031 2319406 625846 141963 34381 483883 438438 6021 1292 45445 34504 10941 203 6818 1217 1118 4729 5601
cat_boundaries=0 1 2 3 4 5 6 7 8 9 10 11 12 13 14 15 16 17 18
cat_threshold=16 4 641 16 99 13 41 11 11 5 537 578 17 33 48 33 16 1
is_linear=0
shrinkage=0.08


Tree=48
num_leaves=31
num_cat=14
split_feature=47 33 47 35 3 18 31 44 3 19 21 32 42 34 12 3 19 42 34 32 27 40 34 45 42 32 3 45 43 11
split_gain=29553.3 1841.6 1592.47 1224.13 903.096 1579.73 784.988 777.108 756.53 726.437 814.719 713.18 694.328 1130.82 718.117 2251.54 715.803 687.883 671.658 638.256 619.185 614.419 628.414 600.45 724.231 591.77 591.16 614.176 589.866 605.187
threshold=0 1.0000000180025095e-35 1 2 215.18499755859378 29031.790039062504 inf 3 18.185000419616703 3321.2500000000005 2.5000000000000004 -6.4849998950958243 4 5 1085.5250244140627 101.45999908447267 829.92501831054699 6 7 40.379999160766609 5.5000000000000009 8 9 10 11 -1.4850000143051145 35.100000381469734 12 13 24.500000000000004
decision_type=1 2 1 1 10 2 8 9 8 2 2 8 9 1 2 10 2 9 1 8 8 1 1 9 9 10 8 9 9 2
left_child=6 2 7 26 5 17 -1 8 -2 12 -11 -5 13 14 19 -16 20 -3 -10 -9 -14 -13 23 24 -23 -25 -4 -28 -17 -30
right_child=1 4 3 11 -6 -7 -8 9 18 10 -12 21 16 -15 15 28 -18 -19 -20 -21 -22 22 -24 25 -26 -27 27 -29 29 -31
leaf_value=0.028115223983582082 -0.033672871186092967 0.10810433731179857 0.061011005268523787 0.039405929859457726 0.0097786244514354321 0.64192933037187172 0.018216525336554126 -0.014544386007789798 0.014757711978120099 -0.049751989693817958 0.25605534499678029 -0.030081595315094654 0.17811617594251775 -0.019754413682637854 0.28095216385858085 -0.042426815096111958 -0.047540161853925567 0.017102624955494531 -0.017432703608875375 0.010012768248690067 -0.02022021047369325 0.066300831045701655 -0.016983374414300742 0.0048867707047698288 0.0031386248462621077 -0.011783926227084221 0.016508536657363081 -0.025644581304035682 0.017767311538939408 0.11487825808465806
leaf_weight=233573.02089747414 3970.5969119034708 1187.7837478313595 1620.0729648843408 2061.3501446703449 3383.8956038206816 31.079429626464844 65693.435509800911 18531.870055506006 13232.402692258358 5298.1947513953783 56.349061364308 7516.3242817316204 100.91620166692883 46430.449220963754 213.40508092567325 909.38242142088711 6681.1341489106417 981.68540141731501 6031.5510968752205 10675.650725774467 57242.1337216557 1726.7220733240247 24673.529360758141 24738.53198603075 3526.2923490665853 30342.86349577643 15726.299451134168 2565.6920543629676 3751.6526507232338 461.19721730425954
leaf_count=252969 33860 6142 2183 9128 40165 45 77932 231487 57294 130888 341 43350 373 1119827 1099 19872 112868 5539 56295 112596 747271 6949 254149 155671 16927 209590 83171 24111 43664 4239
internal_value=0.00824981 -0.00977992 -0.010662 -0.00333834 0.0357219 0.0756161 0.0259423 -0.0154926 -0.00187627 -0.0175968 -0.0465338 -0.00713358 -0.0165282 -0.0116006 -0.000638245 0.026349 -0.022755 0.0675032 0.00467749 -0.00556849 -0.0198712 -0.00817121 -0.00622964 -0.00182985 0.0239872 -0.00429589 0.0146859 0.010591 0.0157415 0.0283312
internal_weight=592935 293669 288085 114498 5584.44 2200.55 299266 173587 23234.6 150352 5354.54 94585.6 144998 80973.6 34543.2 5335.64 64024.2 2169.47 19264 29207.5 57343 92524.3 85007.9 60334.4 5253.01 55081.4 19912.1 18292 5122.23 4212.85
internal_count=3859995 3529094 3477203 805229 51891 11726 330901 2671974 147449 2524525 131229 695764 2393296 1532784 412957 68874 860512 11681 113589 344083 747644 686636 643286 389137 23876 365261 109465 107282 67775 47903
cat_boundaries=0 1 2 3 4 5 6 7 8 9 10 11 12 13 14
cat_threshold=2 4 9 1 25 7 26 30 8 15 8 9 13 35
is_linear=0
shrinkage=0.08


Tree=49
num_leaves=31
num_cat=23
split_feature=31 45 32 2 46 26 41 34 38 48 38 34 39 37 38 45 37 41 12 38 40 12 38 46 45 19 37 37 38 35
split_gain=678.552 868.948 513.254 703.552 681.922 423.646 416.092 1118.65 904.044 397.306 591.69 385.735 1453.68 708.028 698.365 900.398 508.669 581.27 1786.14 441.866 370.087 459.176 366.285 362.835 361.478 349.812 348.818 348.204 332.407 320.362
threshold=1.0000000180025095e-35 0 -10.284999847412108 inf 1 1.0000000180025095e-35 2 3 4 5 6 7 8 9 10 11 12 13 449.42500305175787 14 15 214.25000762939456 16 17 18 3572.525024414063 19 20 21 22
decision_type=10 9 8 8 1 8 9 1 1 9 1 1 9 1 1 9 1 9 2 1 1 2 1 1 9 2 1 1 1 1
left_child=2 -2 3 4 24 -4 7 8 -7 11 26 25 16 14 15 -14 17 18 -13 -19 21 -17 29 -3 -1 27 -11 -8 -29 -15
right_child=1 23 5 -5 -6 6 9 -9 -10 10 -12 12 13 22 -16 20 -18 19 -20 -21 -22 -23 -24 -25 -26 -27 -28 28 -30 -31
leaf_value=-0.015861658248180102 -0.072686228608420334 0.038241488417623953 0.067169285273045012 0.053424756001651093 -0.054780987129435535 0.058189162519904275 0.014561919547524591 -0.0038420912456182885 -0.009635928719178944 0.14900165869019341 -0.0077706460395425723 1.1687904664849844 -0.094831337035859914 -0.016675142218755785 0.0079257236921849734 -0.0017204170293967438 0.021468760059521301 0.19380183838100398 -0.020429559810133259 -0.087189579807232104 -0.025214639067670488 0.089116292905044303 0.00178817958083093 0.0077022202444019293 0.025661451746048437 -0.011575529081688711 0.01440803745936485 0.0035885007513383653 0.01125264469680869 -0.0028078273593053625
leaf_weight=1643.0023406730033 547.45931155607104 8777.8871074123308 727.34393964707851 3408.0330687128007 908.9128691367805 5333.4972119834274 51752.754563203081 6544.244223902002 1648.1664192620665 406.80879668798298 552.71923758927733 15.800577336922286 874.36003912985325 13716.502774481662 132131.44813566329 1511.4391043037176 25079.999125327915 68.888094630092382 16.548518745228648 59.501716887578368 2898.4065296389163 465.9476980343461 111431.17269531917 3475.734490070492 7223.5449590305798 5478.1929657617584 191.52558723464608 83066.645648498088 64252.787334269844 47818.647145198658
leaf_count=15020 2872 21308 2747 4574 2342 6875 397436 17458 5493 3195 3984 126 3970 266122 1037589 4082 140529 310 168 814 11065 817 533471 11840 44430 53489 3152 567207 304862 393413
internal_value=0.00693372 0.0251487 0.0065241 0.0221251 0.0112131 0.0061542 0.00607429 0.0199302 0.0421868 0.0057279 0.0526788 0.00562804 0.00396057 0.00246143 0.00673747 -0.0205335 0.0224244 0.160235 0.428096 0.0666872 -0.00704311 0.0195851 -0.000947581 0.0295549 0.0179781 0.00836721 0.106864 0.00891642 0.00693172 -0.00590113
internal_weight=582028 12801.1 569227 13183.5 9775.46 556043 555316 13525.9 6981.66 541790 1151.05 540639 336089 310848 137882 5750.15 25240.7 160.739 32.3491 128.39 4875.79 1977.39 172966 12253.6 8866.55 204550 598.334 199072 147319 61535.1
internal_count=3860760 36020 3824740 66366 61792 3758374 3755627 29826 12368 3725801 10331 3715470 2392476 2250529 1057523 19934 141947 1418 294 1124 15964 4899 1193006 33148 59450 1322994 6347 1269505 872069 659535
cat_boundaries=0 1 2 3 4 5 6 7 8 9 10 11 12 13 14 15 16 17 18 19 20 21 22 23
cat_threshold=32 1 16 120 657 1 432 12 1 58 129 32 64 32 6 12 172 1 34 46 65 356 1
is_linear=0
shrinkage=0.08


Tree=50
num_leaves=31
num_cat=15
split_feature=47 44 37 3 36 45 43 42 32 3 46 44 37 31 45 12 43 3 36 39 19 17 6 12 3 12 39 5 19 19
split_gain=27178.4 1345.8 1914.98 1512.97 1055.35 1134.29 926.348 962.436 906.724 791.803 713.99 1145.87 753.082 689.952 686.628 680.261 600.071 645.751 1202.19 1243.79 1770.24 741.55 823.94 631.838 778.73 1498.27 1187.94 1052.02 1921.08 3731.67
threshold=0 1 2 inf 3 4 5 6 -10.284999847412108 43.870000839233406 7 8 9 inf 10 841.04498291015636 11 606.76501464843761 12 13 3321.2500000000005 3.5000000000000004 179.9999923706055 385.27499389648443 611.73999023437511 348.02499389648443 14 2.5000000000000004 139.02500152587893 127.39000320434572
decision_type=1 9 1 8 9 9 9 9 8 10 1 9 1 8 9 2 9 8 9 9 2 2 2 2 8 2 9 2 2 2
left_child=13 14 16 4 6 8 -4 15 9 -6 12 -12 -10 -1 -2 -8 17 -3 19 20 -19 22 -21 24 25 26 -20 -26 29 -29
right_child=1 2 3 -5 5 -7 7 -9 10 -11 11 -13 -14 -15 -16 -17 -18 18 23 21 -22 -23 -24 -25 27 -27 -28 28 -30 -31
leaf_value=0.026289391405490352 0.014849988907444314 -0.041290558287730574 -0.045321137304640838 0.087702358289670462 0.14921954343465746 -0.024743188667547739 -0.0096949140392010233 -0.02834992631087864 -0.012950536281438208 0.020382607686616039 0.040659404027946301 -0.055991591013483222 -0.0019733805134418674 0.016920820279422183 -0.0063320279094914314 0.035350318423060169 -0.062296736988798777 0.24179403377512643 1.6787571255896541 0.13231059303432219 1.944928521777598 -0.084116542573317632 0.93499799351432356 -0.057664128737961208 -0.016722011333118094 2.6514384248313787 -0.081623551070910433 0.52580451180962184 0.20469963474001365 4.8696662970056224
leaf_weight=226792.47911735065 18126.987325793132 1697.9973895144649 9526.0936957877129 986.58497172966599 334.94948882982135 26352.989441135898 8831.0691873021424 17704.808086259291 102991.62284589466 3448.026148153469 4049.1500778570771 973.87284342199564 65415.306482327171 64651.448581229895 21284.514165865257 2834.274754056707 6312.5052869343199 8.7674548327922803 3.2449450613930821 19.805761670693755 7.0438173115253457 29.693062344565988 13.948071951046584 358.76732469722629 176.36874869745225 2.0909997751004985 10.056945378892122 4.7063349829986683 39.887248898390681 1.7313121818006036
leaf_count=252208 69929 59785 86835 816 878 416011 56713 127359 1327760 34018 9820 9979 890259 77992 132297 16538 242371 217 112 284 46 838 95 27498 12519 81 759 313 2635 60
internal_value=0.00693497 -0.0103351 -0.012484 -0.0111652 -0.011568 -0.00925931 -0.0236421 -0.0165975 -0.00695546 0.03179 -0.00780101 0.0219205 -0.0086875 0.0242111 0.00341262 0.00124845 -0.0493749 -0.0149001 0.0511569 0.32472 1.00053 0.207485 0.464005 0.0092344 0.11043 0.660743 0.347815 0.0723918 0.411667 1.69402
internal_weight=582991 291547 252135 243449 242462 203566 38896.2 29370.2 177213 3782.98 173430 5023.02 168407 291444 39411.5 11665.3 8686.61 2374.11 676.112 79.2582 15.8113 63.4469 33.7538 596.854 238.087 15.3929 13.3019 222.694 46.3249 6.43765
internal_count=3857025 3526825 3324599 2976986 2976170 2688725 287445 200610 2272714 34896 2237818 19799 2218019 330200 202226 73251 347613 105242 45457 1480 263 1217 379 43977 16479 952 871 15527 3008 373
cat_boundaries=0 1 2 3 4 5 6 7 8 9 10 11 12 13 14 15
cat_threshold=2 1 16 89 13 5 24 1 2 5 10 5 64 2 1
is_linear=0
shrinkage=0.08


Tree=51
num_leaves=31
num_cat=10
split_feature=38 4 43 2 37 2 32 40 36 38 7 4 25 34 44 3 3 3 4 19 7 24 3 43 37 26 3 3 3 32
split_gain=579.969 736.309 958.079 793.658 590.989 730.575 607.3 533.541 469.184 386.157 436.616 386.373 326.263 332.236 344.246 1179.31 575.113 470.204 413.208 318.798 378.451 465.85 368.402 551.737 316.695 311.564 301.321 406.171 530.824 300.08
threshold=0 inf 1 2.5000000000000004 2 inf -4.4749999046325675 3 4 5 578.29998779296886 69.500000000000014 9.5000000000000018 6 7 1.0000000180025095e-35 753.33502197265636 36.264999389648445 6.5000000000000009 325.00500488281256 1.0000000180025095e-35 3.5000000000000004 215.18499755859378 8 9 9.2500000000000018 416.05499267578131 289.92500305175787 307.99499511718756 -70.31499862670897
decision_type=1 8 9 8 1 8 10 1 9 1 2 10 10 1 9 10 8 10 10 2 2 2 10 9 1 10 8 10 10 8
left_child=1 3 -3 -1 8 9 -7 -4 25 10 -6 12 13 -11 15 -15 17 -16 -18 -14 21 -21 23 -22 -5 -2 27 -13 -29 -17
right_child=4 2 7 24 5 6 -8 -9 -10 11 -12 26 19 14 16 29 18 -19 -20 20 22 -23 -24 -25 -26 -27 -28 28 -30 -31
leaf_value=0.010533333132253521 0.01069816374330284 0.062779194643530378 -0.042220022993142099 -0.08191564436218203 -0.00091712971795453462 0.042086663648927505 -0.00039946012116270511 0.020623393777791949 -0.00017912641037284559 -0.0073146367291054568 -0.022873851514623785 -0.0057666830018186874 -0.0070740396809094866 -0.079728137810084934 -0.011752109545321779 -0.11265799857028803 0.060680963323074759 0.0037978870366553621 -0.0099185068739851192 0.32834676837559196 0.42042069208416621 0.070229119953366975 0.0041870377347961139 0.069943263558015029 -0.018120587616817178 -0.029289285077990713 -0.0052927756763440489 0.4365338781458189 0.097476476078332569 0.01983846000661332
leaf_weight=30872.920878693461 163042.55371006951 3568.7737259976566 898.23332439363003 583.9022414162755 55905.486876493786 5514.2622549273074 3532.6700606141239 18714.150295073166 32135.846186051145 17272.455730315298 6466.6797738322057 252.34069382958114 638.26221375633031 809.73286701366305 13299.889304565266 110.08542754128575 1865.9888921957463 193690.23495654901 741.37571763899177 71.203343802131712 23.759362446144223 120.45016059279442 585.30128066428006 314.2772730011493 3229.6952478755265 1256.6510363882408 428.31290148757398 31.377530544996262 507.89215392433107 17511.403765954077
leaf_count=103949 1180569 3935 2865 2389 696141 8597 12346 46340 149973 133693 147763 1111 4895 2069 77695 358 8508 1183877 3831 363 82 872 5600 1477 9822 14937 2303 154 1904 51935
internal_value=0.00606072 0.013655 0.024696 0.00628024 0.00520889 0.00308667 0.0254966 0.0177252 0.00866243 0.00243413 -0.00319307 0.00384778 0.00362617 0.00338039 0.00419064 0.0146729 0.00326907 0.00279874 0.0406068 0.038014 0.0638241 0.166125 0.0425899 0.109083 -0.0281506 0.0103917 0.0487594 0.0780052 0.117205 0.0190107
internal_weight=573996 57867.7 23181.2 34686.5 516128 319693 9046.93 19612.4 196435 310647 62372.2 248274 247054 245301 228029 18431.2 209597 206990 2607.36 1753.25 1114.99 191.654 923.338 338.037 3813.6 164299 1219.92 791.61 539.27 17621.5
internal_count=3860353 169300 53140 116160 3691053 2345574 20943 49205 1345479 2324631 843904 1480727 1475255 1461966 1328273 54362 1273911 1261572 12339 13289 8394 1235 7159 1559 12211 1195506 5472 3169 2058 52293
cat_boundaries=0 1 2 3 4 5 6 7 8 9 10
cat_threshold=513 12 106 2 163 32 32 1 1 9
is_linear=0
shrinkage=0.08


Tree=52
num_leaves=31
num_cat=17
split_feature=47 37 32 2 36 2 32 38 18 33 4 3 38 45 38 42 34 3 37 34 40 38 45 19 43 45 19 6 18 38
split_gain=23962.1 1462.6 1226.16 1079.33 912.431 853.366 1060.33 840.346 859.902 813.74 723.913 624.741 623.758 739.146 622.071 620.654 810.128 614.508 599.108 591.02 704.031 573.722 551.393 592.555 551.128 607.833 604.162 805.818 1580.03 546.688
threshold=0 1 -8.1149997711181623 2.5000000000000004 2 inf -8.9349999427795392 3 2814.099975585938 1.0000000180025095e-35 18.500000000000004 18.964999198913578 4 5 6 7 8 302.08999633789068 9 10 11 12 13 7610.5651855468759 14 15 139.02500152587893 154.25000762939456 176.77500152587893 16
decision_type=1 1 10 8 9 8 10 1 2 2 8 10 1 9 1 9 1 10 1 1 1 1 9 2 9 9 2 2 2 1
left_child=5 24 3 9 10 6 -1 15 22 11 -4 12 -3 -14 -15 -6 -17 -5 21 20 -13 -12 23 -9 26 -26 27 -2 -29 -20
right_child=1 2 4 17 7 -7 -8 8 -10 -11 18 19 13 14 -16 16 -18 -19 29 -21 -22 -23 -24 -25 25 -27 -28 28 -30 -31
leaf_value=0.014398509668263457 0.042360292936973069 0.076807458000550749 -0.031936767486953864 -0.017955275993227774 -0.021836704222717333 0.040981394706378599 0.024912231730925424 0.013778667927892166 0.022119490942121268 0.058418740575657879 -0.050528789352868059 0.0048367377473619308 0.059130319695051517 -0.11307920830035363 0.0026025023831921239 0.04171573033736526 -0.011078218066784688 -0.074401936852226361 0.030361777465021583 -0.013008163673619493 -0.030516815520636131 -0.0070039261009508828 -0.0092273747078770538 0.36508166634791833 -0.026027437238206521 -0.0605144510798616 -0.040047390886698377 1.2217437871319143 0.16421502040250524 -0.022551608959646554
leaf_weight=94600.632702274248 526.90801092702895 1163.5543705075979 24861.820689467713 4267.4640987012535 45074.388211542275 14753.421448582783 174883.65076453425 6228.5664217360318 6908.0576757462695 1541.012412885204 2997.1844424791634 50710.842066523619 1475.1560260280967 318.38672608882189 3164.8711337521672 2234.7442236831412 10850.62200082466 1736.6380553618073 3507.7911403402686 22804.885952125769 3870.9356354307383 5484.9014860726893 73901.311188929714 30.881115701049566 8807.3319435250014 5254.3388262609951 574.31903048884124 10.857384411618112 54.075388511642814 1930.4566795881838
leaf_count=115786 9342 2598 207704 20044 959399 17981 196720 31771 69799 10599 22594 443923 2441 1873 15845 28266 171807 18874 18658 349159 25061 27886 666119 74 169395 222547 15850 89 729 17483
internal_value=0.00573613 -0.0104305 -0.00909313 -0.00150037 -0.0128507 0.0222471 0.0212215 -0.0099373 -0.00496228 0.000813857 -0.0237521 -0.000249145 0.0243524 0.0118643 -0.00826481 -0.0173831 -0.00203699 -0.034282 -0.00915131 -0.00219534 0.00232434 -0.022425 -0.00729674 0.0154871 -0.0345585 -0.0389478 0.01825 0.0751299 0.341044 0.0115718
internal_weight=574530 290292 275064 91053.7 184011 284238 269484 145229 87068.8 85049.6 38782.2 83508.6 6121.97 4958.41 3483.26 58159.8 13085.4 6004.1 13920.3 77386.7 54581.8 8482.09 80160.8 6259.45 15227.8 14061.7 1166.16 591.841 64.9328 5438.25
internal_count=3860416 3529929 3111977 890417 2221560 330487 312506 1927235 767763 851499 294325 840900 22757 20159 17718 1159472 200073 38918 86621 818143 468984 50480 697964 31845 417952 391942 26010 10160 818 36141
cat_boundaries=0 1 2 3 4 5 6 7 8 9 10 11 12 13 14 15 16 17
cat_threshold=2 16 90 44 552 13 129 56 8 12 15 6 356 8 6 42 722
is_linear=0
shrinkage=0.08


Tree=53
num_leaves=31
num_cat=18
split_feature=47 47 35 38 38 45 2 32 46 3 44 45 42 38 19 19 3 23 13 45 35 6 12 39 3 34 38 38 10 38
split_gain=20345.6 1499.68 1254.25 1254.84 1021.8 924.295 811.96 949.253 1130.28 1245.55 722.299 800.29 700.306 1025.16 1290.48 1564.55 1147.73 1938.34 883.324 750.675 712.031 697.059 678.938 689.878 792.786 647.79 621.143 590.317 579.185 712.694
threshold=0 1 2 3 4 5 inf -10.284999847412108 6 59.420000076293952 7 8 9 10 81.52500152587892 76.049999237060561 805.22000122070324 3.5000000000000004 4104.8999023437509 11 12 9324.1748046875018 128.05000305175784 13 350.29499816894537 14 15 16 1.0000000180025095e-35 17
decision_type=1 1 1 1 1 9 8 10 1 10 9 9 9 1 2 2 10 2 2 9 1 2 2 9 10 1 1 1 2 1
left_child=6 4 3 -3 5 25 7 8 -1 -10 -4 -12 13 14 15 16 19 -18 -16 22 -20 28 23 -6 -25 -2 -13 -8 -14 -30
right_child=1 2 10 -5 12 -7 27 -9 9 -11 11 26 21 -15 18 -17 17 -19 20 -21 -22 -23 -24 24 -26 -27 -28 -29 29 -31
leaf_value=0.015583109107551583 0.051843263841530061 0.03322868137630873 0.010789918837234078 -0.0068404192151567123 0.90829795425938342 -0.072582788616680702 0.023633648254645295 0.023469604848962728 -0.060694834455888851 0.017570816355296042 -0.068711326670153824 -0.021854521405914908 -0.017716385640859027 -0.0060654033137848397 -0.019022007552083921 1.027735252198255 0.24527606522235512 1.658474623376744 0.54007140488505134 0.064343778899166329 0.05279444670999834 -0.05898930559960671 -0.086914305421969457 0.57254452756707619 -0.090654615457736093 0.0042455987362485324 -0.0043824092629920338 0.05627563873428048 0.033193358622928812 -0.011758192989352188
leaf_weight=87706.762539993972 2695.1579024791718 11446.97299704235 13752.082320913672 8878.0059433551505 17.201337300240993 749.41481497511268 7360.3332592882216 171812.33737543039 2685.4939681403339 2524.9120191000402 1403.6327848704532 16389.601733500138 138051.80958837224 10501.765604185872 875.95211604377255 12.837097752839325 25.613158182241023 8.2002947274595481 23.282371771521866 484.74774209223688 67.416040194220841 2491.0562571422197 17.573025796562433 30.198304265737534 18.666421139612794 5678.8444836847484 63317.736978859641 6932.6955242194235 3189.8569179708138 7653.7473076167516
leaf_count=105857 11672 74873 46975 37570 144 6746 10555 197209 6135 2992 18145 235564 2203294 194145 18813 119 389 31 251 7691 818 48369 436 178 306 31485 403986 7449 42561 145382
internal_value=0.00555658 -0.00936781 -0.00229867 0.0157316 -0.0140857 0.0119645 0.0209495 0.0199467 0.0134325 -0.0227681 -0.00616279 -0.00903782 -0.0155394 0.00299709 0.0628284 0.153818 0.135188 0.587999 0.00558591 0.108251 0.243246 -0.017019 0.317114 0.472582 0.319201 0.0196084 -0.00797735 0.0395222 -0.016318 0.00148495
internal_weight=566804 287781 115188 20325 172593 9123.42 279023 264730 92917.2 5210.41 94863.1 81111 163470 12083.5 1581.69 615.037 602.2 33.8135 966.651 568.387 90.6984 151386 83.6391 66.0661 48.8647 8374 79707.3 14293 148895 10843.6
internal_count=3860140 3529943 817113 112443 2712830 49903 330197 312193 114984 9127 704670 657695 2662927 223321 29176 9294 9175 420 19882 8755 1069 2439606 1064 628 484 43157 639550 18004 2391237 187943
cat_boundaries=0 1 2 3 4 5 6 7 8 9 10 11 12 13 14 15 16 17 18
cat_threshold=2 4 9 118 129 13 1 1 2 1 12 34 17 1 100 36 643 68
is_linear=0
shrinkage=0.08


Tree=54
num_leaves=31
num_cat=11
split_feature=31 45 32 46 3 3 4 3 46 46 7 41 34 2 11 34 1 37 18 18 16 12 45 37 2 3 44 3 3 3
split_gain=667.896 751.108 711.289 526.869 633.89 519.624 438.595 491.186 446.972 374.217 436.858 340.281 358.874 378.704 335.016 324.516 433.54 745.617 822.528 1283.68 734.684 1108.26 393.108 392.754 611.133 664.804 356.626 371.582 357.996 480.704
threshold=1.0000000180025095e-35 0 -10.284999847412108 1 128.30500030517581 101.45999908447267 1.5000000000000002 805.22000122070324 2 3 184.00003051757815 4 5 inf 1.5000000000000002 6 2.5000000000000004 7 562.73999023437511 776.77499389648449 1.0000000180025095e-35 3533.7751464843755 8 9 1.5000000000000002 753.33502197265636 10 157.53499603271487 663.64498901367199 447.36000061035162
decision_type=10 9 8 1 10 10 8 8 1 1 2 9 1 8 2 1 2 1 2 2 2 2 9 1 10 10 9 10 10 10
left_child=2 -2 3 4 14 -5 7 8 15 10 -9 12 13 -8 -1 26 23 18 -18 -20 -21 -22 -19 24 -17 -26 28 -28 29 -4
right_child=1 -3 6 5 -6 -7 11 9 -10 -11 -12 -13 -14 -15 -16 16 17 22 19 20 21 -23 -24 -25 25 -27 27 -29 -30 -31
leaf_value=0.030179637454712843 -0.070074372061356249 0.0276634470371564 0.016836164428593502 -0.081686362562892398 0.018325257608353469 0.017616605068098659 0.017982024549859359 0.05637151903313857 0.021198129730504868 -0.0082169588203526971 -0.0013457023418429765 0.0055114258543760902 0.010073513850720988 0.058502636216557401 0.086224680963008421 0.014039211253602624 -0.011775356706968164 0.11724523738203527 0.90358762521568792 0.074674364981165572 -0.047030659802045287 0.99857495362628412 0.0073178847877320872 -0.0015925225551882375 0.08599593083014094 0.44011157683775837 0.015828607643258445 0.0017258951769097914 -0.081447711959873922 0.078099090093671802
leaf_weight=1195.4441365413368 516.78017384652048 11850.066100745462 3753.0483865812421 571.60827572271228 8676.8197908899747 822.53095025196671 4965.4782902491279 2764.6958264932036 7412.3889677878469 1485.7117792051286 1205.1279287533835 198378.77325204201 32220.312637078576 2100.6103197783232 1591.1914473632351 3891.1172118969262 82.11945778504014 223.4849188956432 19.893450567498803 76.008028975687921 11.12747268471867 15.558777406811712 1964.8758801636286 183448.78618992493 305.86251350678504 38.163510948419571 14223.842721977271 75034.280782818329 191.06136629730463 1048.7810670733452
leaf_count=3202 2823 33213 13298 1564 56304 1492 19652 10753 18714 2564 12791 1058657 126862 2666 3901 19483 754 2346 121 726 195 111 19738 1660235 1245 83 95251 686749 1266 3361
internal_value=0.00515981 0.0235449 0.00474469 0.0233388 0.0289863 -0.0230984 0.00429771 0.00224908 0.00180434 0.0260323 0.0388502 0.00685947 0.0136616 0.0299856 0.0621818 0.00129874 -0.000604515 0.0332312 0.175577 0.315404 0.201463 0.562585 0.0190264 -0.00103597 0.023021 0.125279 0.00513658 0.00397325 0.0259437 0.0302168
internal_weight=560086 12366.8 547719 12857.6 11463.5 1394.14 534861 297196 291740 5455.54 3969.82 237665 39286.4 7066.09 2786.64 284328 190077 2393.07 204.707 122.588 102.694 26.6863 2188.36 187684 4235.14 344.026 94251 89258.1 4992.89 4801.83
internal_count=3860120 36036 3824084 66463 63407 3056 3757621 2549784 2523676 26108 23544 1207837 149180 22318 7103 2504962 1705037 23991 1907 1153 1032 306 22084 1681046 20811 1328 799925 782000 17925 16659
cat_boundaries=0 1 2 3 4 5 6 7 8 9 10 11
cat_threshold=32 1 1 1 21 48 12 72 32 2 1
is_linear=0
shrinkage=0.08


Tree=55
num_leaves=31
num_cat=16
split_feature=47 44 37 2 40 46 44 48 2 1 37 37 46 3 22 4 3 3 44 4 42 4 37 3 37 42 11 37 19 18
split_gain=17328.3 1107.13 1584.37 1010.3 849.736 827.655 952.037 746.675 732.015 724.788 777.943 658.057 654.995 2384.1 632.1 1033.11 635.408 616.398 615.27 613.711 781.595 668.689 756.071 652.669 848.207 783.492 628.684 603.72 655.779 705.986
threshold=0 1 2 2.5000000000000004 3 4 5 6 inf 3.5000000000000004 7 8 9 35.694999694824226 1.0000000180025095e-35 15.500000000000002 648.54498291015636 inf 10 1.5000000000000002 11 67.500000000000014 12 128.30500030517581 13 14 1.0000000180025095e-35 15 42.524999618530281 10890.474609375002
decision_type=1 9 1 8 1 1 9 9 8 2 1 1 1 10 2 8 10 8 9 8 9 10 1 10 1 9 2 1 2 2
left_child=8 -2 -3 5 -5 7 -7 9 12 17 14 -6 18 -14 15 16 -11 19 -1 23 -21 26 -23 24 -4 -26 -22 -28 29 -29
right_child=1 2 3 4 11 6 -8 -9 -10 10 -12 -13 13 -15 -16 -17 -18 -19 -20 20 21 22 -24 -25 25 -27 27 28 -30 -31
leaf_value=0.032789349347303397 0.003585194699751753 -0.04596429590782531 0.054587391777255689 0.0079265971349521906 0.087154548272572116 0.034810007796320597 -0.046530695427831177 0.059093339362902689 0.037476728644427186 0.14934238325520441 -0.03466363073478336 -0.043679947543290666 -0.067425954748193392 0.024689824039418672 -0.039901218326954022 0.016568112259508102 -0.091121206842109184 0.067377434543410386 0.01794888495642671 0.0043717028670868388 -0.02043677456322722 0.12268504415497886 -0.027842967039715172 -0.015695197894046647 0.063543371835601492 -0.018214376222253508 0.012852760757173648 0.018019954570880351 -0.017351996835850893 0.42694354465888579
leaf_weight=19373.038680385798 39486.825066953897 7946.2463432913646 1892.5871675293893 2906.971610349603 243.80662076547742 5151.9641096107662 1121.3527204934508 1019.8171347156167 13479.105012301356 873.26409295760095 944.96475091390312 10777.506166836247 2592.6660323366523 5868.1666685510427 412.10403857380152 1120.7026228960603 76.489005004055798 655.14270795509219 231887.28278034553 33224.984081495553 28714.522177895531 491.5719420267269 371.10859571117908 112287.1062844675 865.05506438016891 5252.4231638275087 9443.645546508953 3275.3264087447897 18217.193487128243 27.245175616815686
leaf_count=20441 203190 347160 14840 12610 2245 12430 10430 9340 17861 12038 9709 109454 6204 6690 7524 9202 1832 637 279269 253889 264500 3980 3334 1859448 6994 44849 99375 37830 193082 144
internal_value=0.00488071 -0.00885417 -0.0108403 -0.00967194 -0.0305821 -0.00838048 0.0202704 -0.00920057 0.0192993 -0.00951984 0.0269779 -0.0407093 0.0183559 -0.00353736 0.0503779 0.0685905 0.129976 -0.0101025 0.0190931 -0.0103396 -0.00548773 -0.0108976 0.0590302 -0.0141214 0.00794119 -0.00656841 -0.0119102 -0.00400298 -0.0114006 0.0213934
internal_weight=560000 286800 247313 239367 13928.3 225439 6273.32 219165 273200 218145 3427.52 11021.3 259721 8460.83 2482.56 2070.46 949.753 214718 251260 214063 93765.6 60540.6 862.681 120297 8010.07 6117.48 59677.9 30963.4 21519.8 3302.57
internal_count=3860531 3530066 3326876 2979716 124309 2855407 22860 2832547 330465 2823207 40305 111699 312604 12894 30596 23072 13870 2782902 299710 2782265 856134 602245 7314 1926131 66683 51843 594931 330431 231056 37974
cat_boundaries=0 1 2 3 4 5 6 7 8 9 10 11 12 13 14 15 16
cat_threshold=2 1 16 8 1 2 1 97 2 1 1 19 3 32 33 34
is_linear=0
shrinkage=0.08


Tree=56
num_leaves=31
num_cat=14
split_feature=47 32 38 36 46 38 2 32 46 3 32 6 44 44 18 42 3 34 3 20 12 17 16 2 4 38 44 36 3 47
split_gain=15701.5 1391.23 924.197 961.717 745.495 736.794 678.108 877.601 869.87 941.342 709.774 669.618 631.726 631.082 575.29 781.18 637.777 657 685.413 669.377 568.769 564.904 774.151 1067.52 576.104 541.108 516.625 532.338 521.452 492.531
threshold=0 -4.4749999046325675 1 2 3 4 inf -4.9049999713897696 5 117.36499786376955 -4.9049999713897696 480.27499389648443 6 7 3484.775024414063 8 398.66500854492193 9 286.10499572753912 2.5000000000000004 5032.6252441406259 14.500000000000002 2.5000000000000004 2.5000000000000004 1.5000000000000002 10 11 12 623.64501953125011 13
decision_type=1 10 1 9 1 1 8 10 1 10 8 2 9 9 2 9 10 1 10 2 2 2 2 10 10 1 9 9 8 1
left_child=6 4 21 -4 5 29 7 8 -1 10 -10 12 14 -6 -5 16 17 18 -16 -20 26 22 24 -24 -3 -8 27 28 -7 -2
right_child=1 2 3 11 13 20 25 -9 9 -11 -12 -13 -14 -15 15 -17 -18 -19 19 -21 -22 -23 23 -25 -26 -27 -28 -29 -30 -31
leaf_value=0.013434786997009267 -0.0015965910712825255 -0.019824496053690681 -0.03508795342670825 -0.012859641705395938 0.057535910018260375 0.0083650451620463154 0.020556178583313059 0.021231871361091791 -0.14009117122894948 0.022029299396015785 -0.031447835797636832 0.0081306814282828647 0.0094231327226386545 0.0038823002622019693 -0.08902013578132216 -0.0090761547209309706 -0.0091316088823986171 0.07495475726573371 0.41952621576210219 -0.088016390988876869 -0.042273786768111304 -0.038786932448659578 0.12957001952536173 1.1562502342139995 0.020877536099309615 0.053118861728714467 -0.0088303416792656405 -0.080384388169065513 0.070705500347943651 0.019010139644388687
leaf_weight=94454.498714484274 16676.224877346307 49575.386214337777 8196.5078407675028 78964.302535762079 2443.6840815767646 8765.647905882448 6906.457169752568 156510.61791661568 443.76644925773144 2145.4027912802994 2898.8728278689086 16549.117480820045 10186.364625345916 3294.640442699194 26.962681188248098 1422.479948929511 291.14151800982654 415.78752468153834 123.00408913102001 19.230546580627561 2868.5136122577824 9472.4098240314052 104.08189703803509 6.9120920225977889 2330.2198519175872 6266.9516826439649 57609.232400923502 384.38883674889803 951.9864095710218 13378.668079063296
leaf_count=117245 136504 951664 67432 731244 4872 42672 10496 185650 1398 2456 5707 148311 40313 11102 444 14894 4735 3127 913 349 69837 274106 1959 79 33609 7469 927540 2349 8066 53719
internal_value=0.00457373 -0.00855154 -0.0128834 -0.00868375 -0.00131559 -0.00291484 0.0184015 0.0174922 0.0116358 -0.0193274 -0.0458712 -0.00667674 -0.0093571 0.0267309 -0.0117112 0.0277409 0.0866319 0.135773 0.26513 0.350905 -0.00738123 -0.0208147 -0.0175459 0.193506 -0.0179972 0.0361031 -0.00590413 0.0107833 0.0144573 0.00757379
internal_weight=553683 284057 177684 116195 106373 100635 269627 256453 99942.5 5488.04 3342.64 107998 91449.3 5738.32 81262.9 2298.61 876.126 584.985 169.197 142.235 70579.8 61489 52016.6 110.994 51905.6 13173.4 67711.3 10102 9717.63 30054.9
internal_count=3860261 3529840 2273179 1011762 1256661 1240687 330421 312456 126806 9561 7105 944330 796019 15974 755706 24462 9568 4833 1706 1262 1050464 1261417 987311 2038 985273 17965 980627 53087 50738 190223
cat_boundaries=0 1 2 3 4 5 6 7 8 9 10 11 12 13 14
cat_threshold=2 44 24 1 706 1 2 2 9 96 643 1 146 4
is_linear=0
shrinkage=0.08


Tree=57
num_leaves=31
num_cat=13
split_feature=47 38 37 2 47 4 1 45 32 35 1 32 34 21 25 34 2 38 34 4 19 36 1 2 35 13 19 36 4 4
split_gain=12553.7 1309.78 1334.46 1167.71 1152.68 1094.63 991.252 930.29 904.892 937.61 783.731 735.599 682.957 671.659 1367.81 660.944 615.321 612.564 726.117 645.981 773.293 603.792 522.169 519.626 560.043 555.336 1354.4 554.495 617.906 519.257
threshold=0 1 2 2.5000000000000004 3 1.5000000000000002 4.5000000000000009 4 -10.284999847412108 5 2.5000000000000004 -16.414999961853024 6 1.0000000180025095e-35 9.5000000000000018 7 inf 8 9 69.500000000000014 4789.4101562500009 10 1.0000000180025095e-35 1.0000000180025095e-35 11 28.024993896484379 36.049999237060554 12 69.500000000000014 4.5000000000000009
decision_type=1 1 1 8 1 10 2 9 8 1 2 10 1 2 10 1 8 1 1 8 2 9 2 10 1 2 2 9 10 10
left_child=15 6 3 4 5 7 21 8 13 -10 17 -4 -11 -3 -15 -1 -17 18 22 -19 -21 -2 -6 27 25 -25 -27 28 -7 -29
right_child=1 2 11 -5 10 23 -8 -9 9 12 -12 -13 -14 14 -16 16 -18 19 -20 20 -22 -23 -24 24 -26 26 -28 29 -30 -31
leaf_value=0.010267456707029452 0.015401415292756933 0.048427083814276919 -0.0069287843813413868 -0.036505193846198367 -0.022033732915763174 -0.068484306788512458 0.16139886990576924 -0.019575378305009078 0.040190393069037017 -0.031432376642837413 0.055956343691798457 -0.022749072595437965 -0.0037223663507967896 0.15449491058342199 1.0422313518407107 0.018145627536200141 0.039879596282906812 -0.012816832340681745 0.017696418191786165 0.010064411290109368 0.26451865312487477 -0.012398378349948905 0.14478234229553133 -0.028361739222099766 -0.050290693092908303 0.63137387732912065 0.056081687910487857 0.067287909469761972 0.24900338981248019 0.018297766333558247
leaf_weight=74961.454345835373 18655.502479616553 960.22373475879431 28053.102070011664 7339.1063813972287 4375.2407905645669 617.79631171934307 272.33282606303692 48159.666622949764 2706.6629991866648 6823.1672245259397 1870.5137201175094 57090.402762330137 34154.724023103714 91.274847687222064 12.647164796479045 180731.16343911737 8740.0432381611317 20110.223201069981 23060.031168218702 9984.1561747342348 77.026892732828856 6822.787881359458 123.48177160695195 550.9672287274152 1453.8641586480662 27.775569681078196 459.03817709907889 1730.8913820106536 41.893144112080336 6922.3957350505516
leaf_count=99972 95879 13007 267859 85273 34743 5669 532 919421 33228 165917 2219 731701 595861 1133 105 218760 12183 231011 124288 50882 210 35088 347 5466 18745 97 4518 21321 229 87595
internal_value=0.00410315 -0.0076216 -0.00934624 -0.00528387 -0.00388969 -0.00894482 0.00957717 -0.0118604 -0.00355213 -0.00532849 0.00499171 -0.0175345 -0.00834286 0.069336 0.262531 0.0166311 0.0191472 0.00334041 0.0119604 -0.00453556 0.0120125 0.00795813 -0.0174162 0.0140021 -0.0184475 0.0263929 0.0889055 0.0226839 -0.0476009 0.0280647
internal_weight=546980 282547 256796 171653 164314 104713 25750.6 92908.4 44748.7 43684.6 59600.7 85143.5 40977.9 1064.15 103.922 264433 189471 57730.2 27558.8 30171.4 10061.2 25478.3 4498.72 11804.6 2491.65 1037.78 486.814 9312.98 659.689 8653.29
internal_count=3863259 3532344 3400845 2401285 2316012 1872312 131499 1728672 809251 795006 443700 999560 761778 14245 1238 330915 230943 441481 159378 282103 51092 130967 35090 143640 28826 10081 4615 114814 5898 108916
cat_boundaries=0 1 2 3 4 5 6 7 8 9 10 11 12 13
cat_threshold=2 640 105 4 14 16 65 3 282 96 145 32 113
is_linear=0
shrinkage=0.08


Tree=58
num_leaves=31
num_cat=20
split_feature=47 37 47 35 26 37 19 34 36 44 3 40 3 18 34 44 11 22 34 45 37 0 37 36 45 4 19 42 45 34
split_gain=12348.8 1108.7 1056.17 1173.47 729.415 674.449 680.807 648.865 646.929 591.311 1050.7 652.33 856.865 590.606 560.16 548.5 624.462 549.081 548.31 916.974 681.481 533.717 774.7 643.675 595.309 1101.83 568.506 558.376 552.84 544.252
threshold=0 1 2 3 inf 4 46.024999618530281 5 6 7 447.36000061035162 8 24.515000343322757 5309.0749511718759 9 10 81.500000000000014 7.5000000000000009 11 12 13 1.5000000000000002 14 15 16 44.500000000000007 1518.424987792969 17 18 19
decision_type=1 1 1 1 8 1 2 1 9 9 10 1 10 2 1 9 2 2 1 9 1 2 1 9 9 10 2 9 9 1
left_child=14 15 9 4 -4 6 -6 -8 -5 10 -3 -11 -13 -10 -1 -2 17 -17 19 20 -12 23 24 28 25 -23 -24 -28 -14 -30
right_child=1 2 3 8 5 -7 7 -9 13 11 18 12 21 -15 -16 16 -18 -19 -20 -21 -22 22 26 -25 -26 -27 27 -29 29 -31
leaf_value=0.019004407406117533 -0.01349338358609016 -0.006891244615036771 0.098179052560676494 -0.044692882785466008 -0.027393301143448796 -0.0069810392770997135 0.15135451474612524 0.02264446351714287 0.02136884337106594 -0.054946426918976748 0.26195058968511331 0.047984061997378057 -0.0042605099102333349 -0.031009448035101889 0.011504008909118854 -0.047772776095059623 0.34247082445745031 0.40684538137154408 0.023336690130234289 0.021998393354904833 0.020690347092463503 0.0084128997203673939 -0.0083206011320992972 -0.037997522351543113 -0.034834307181938397 0.35754297765313608 -0.0082071515890391987 -0.053054713490514847 0.0098804041162089476 -0.041059434406936733
leaf_weight=149408.2612574324 6512.9336428139359 14839.250654982403 432.17320577427745 1103.7429663427174 527.00089208036661 83977.848295206204 477.59444196149707 543.10230115801096 20484.740490389057 2348.1624331753701 262.49249901995063 1483.1589983701706 62209.662594940513 1477.1125526875257 111379.77797158621 7354.5810562530532 26.479786254931241 17.042304113507271 2416.2366551626474 473.97120149061084 118.38094055652618 746.31925966590643 34803.593108913861 4458.2831655219197 18563.548901089467 62.713749133050442 3234.3296271585859 3971.0565314134583 1808.1632953435183 5208.2664186917245
leaf_count=182900 69846 72076 1235 3614 3423 616141 2832 2985 79082 28789 1043 9272 842345 14754 147072 348028 480 44 16002 2163 1060 6590 798442 43414 209932 134 83737 142431 26822 103293
internal_value=0.00327651 -0.0083922 -0.00723987 -0.00119103 -0.00549048 -0.00601498 0.0461502 0.0845739 0.0148275 -0.0114405 0.00215578 -0.0132133 -0.0124907 0.0178379 0.0158022 -0.0304021 -0.0453287 -0.0467218 0.0431976 0.0979163 0.189411 -0.0131557 -0.0186656 -0.00856581 -0.0318995 0.0350432 -0.0125521 -0.0330087 -0.0066639 -0.0279366
internal_weight=540730 279942 266031 109023 85957.7 85525.5 1547.7 1020.7 23065.6 157008 18110.3 138897 136549 21961.9 260788 13911 7398.1 7371.62 3271.08 854.845 380.873 135066 61381.6 73684.4 19372.6 809.033 42009 7205.39 69226.1 7016.43
internal_count=3859981 3530009 3111611 724066 626616 625381 9240 5817 97450 2387545 92344 2295201 2266412 93836 329972 418398 348552 348072 20268 4266 2103 2257140 1241266 1015874 216656 6724 1024610 226168 972460 130115
cat_boundaries=0 1 2 3 4 5 6 7 8 9 10 11 12 13 14 15 16 17 18 19 20
cat_threshold=2 16 4 32 66 112 57 1 1 60 1 18 34 42 6 226 8 17 13 12
is_linear=0
shrinkage=0.08


Tree=59
num_leaves=31
num_cat=15
split_feature=31 45 46 45 48 38 4 43 2 37 2 2 34 41 42 19 13 22 45 21 25 45 17 42 42 4 34 4 13 18
split_gain=547.317 1199.61 346.634 343.324 335.441 328.689 452.673 440.313 451.009 435.036 412.898 411.614 383.949 752.077 414.363 372.999 656.314 524.905 440.81 359.835 351.707 350.858 344.961 312.169 307.171 333.712 478.875 299.198 365.631 464.503
threshold=1.0000000180025095e-35 0 1 2 3 4 13.500000000000002 5 inf 6 inf inf 7 8 9 991.42501831054699 940.89999389648449 2.5000000000000004 10 2.5000000000000004 7.5000000000000009 11 32.500000000000007 12 13 15.500000000000002 14 69.500000000000014 562.45001220703136 445.05000305175787
decision_type=10 9 1 9 9 1 8 9 8 1 8 8 1 9 9 2 2 2 9 2 8 9 2 9 9 8 1 10 2 2
left_child=4 -2 -3 -4 5 6 10 24 -9 -7 20 12 14 23 19 16 -15 -18 -17 -11 21 -1 -10 -14 -8 26 -26 28 -25 -30
right_child=1 2 3 -5 -6 9 7 8 22 11 -12 -13 13 15 -16 18 17 -19 -20 -21 -22 -23 -24 27 25 -27 -28 -29 29 -31
leaf_value=0.27577981444938626 -0.10769566864247551 0.034309083942576604 -0.026194332486353472 0.026648260746326979 0.042761231447363199 0.0054874338129072787 0.007315888884936078 0.012398861830738064 -0.018576559446115831 0.0065225810295953222 -0.030194003494010527 0.020133377555689586 -0.010992878892907046 -0.0040136249492428453 -0.0017154400855870131 -0.055355204597776861 0.065378506423794072 0.35531720148381363 -0.012221006582270882 0.16513849537226688 0.0033364501993956375 0.03491816878241475 0.14603105342678166 0.033156767190066827 0.30206095741281064 0.040338931848031986 0.027473028894742138 0.19575467331502514 0.31987032299648627 0.072916081581045566
leaf_weight=48.596898756921291 438.80636522732675 8308.0457035629079 1405.3587585072964 1762.518905730918 1380.560829134658 161331.15442250529 2101.8939712811261 41066.980302277952 4065.7934806775302 68795.95857215533 2398.0451715961099 6438.8130808137357 626.57406129408628 80297.68091631541 80652.218824468087 1757.7563691642135 375.25038599502295 44.725085905287415 10830.329564961605 91.657619222998619 54878.381825815886 145.6331505253911 83.146051660180092 1608.4095026105642 67.450931878760457 4038.5690695922822 105.0121290795505 91.123702961951494 65.496831508353353 190.59359954530373
leaf_count=34 2839 21291 9174 2619 11171 1253687 6584 133622 10942 514085 7275 18098 3663 844440 525171 44236 5018 67 203555 307 225134 447 93 6221 81 8165 305 223 171 872
internal_value=0.00376514 0.0207195 0.0257012 0.00320725 0.00337932 0.0032752 0.00718286 0.0126281 0.00985712 0.00224415 0.00230181 0.000166553 -0.000357271 -0.0043085 0.00217648 -0.00548883 -0.00349192 0.0962554 -0.0182978 0.00673265 0.00371679 0.111179 -0.0152778 0.0381983 0.0324085 0.0448862 0.153973 0.0539347 0.0472928 0.136076
internal_weight=535493 11914.7 11475.9 3167.88 523578 522197 109000 51528.8 45215.9 413198 57470.7 251867 245428 95887.9 149540 93305.7 80717.7 419.975 12588.1 68887.6 55072.6 194.23 4148.94 2582.2 6312.93 4211.03 172.463 1955.62 1864.5 256.09
internal_count=3859590 35923 33084 11793 3823667 3812496 392682 159792 144657 3419814 232890 2166127 2148029 1108466 1039563 1097316 849525 5085 247791 514392 225615 481 11035 11150 15135 8551 386 7487 7264 1043
cat_boundaries=0 1 2 3 4 5 6 7 8 9 10 11 12 13 14 15
cat_threshold=32 1 1 1 515 5 106 15 17 25 32 8 24 50 8
is_linear=0
shrinkage=0.08


Tree=60
num_leaves=31
num_cat=17
split_feature=47 31 37 2 41 34 33 47 35 42 40 17 41 34 34 2 37 23 34 15 45 17 13 41 43 19 7 3 3 43
split_gain=10444.4 872.21 897.446 704.06 1037.79 1187.38 741.622 744.874 1208.91 845.545 713.223 638.533 609.758 683.861 523.323 602.276 520.218 712.71 585.328 567.514 553.595 514.173 509.195 508.676 508.065 613.676 994.983 747.615 874.992 492.217
threshold=0 1.0000000180025095e-35 1 inf 2 3 1.0000000180025095e-35 4 5 6 7 5.5000000000000009 8 9 10 inf 11 4.5000000000000009 12 1.0000000180025095e-35 13 14.500000000000002 266.05000305175787 14 15 139.02500152587893 132.00001525878909 623.64501953125011 632.06500244140636 16
decision_type=1 10 1 8 9 1 2 1 1 9 1 2 9 1 1 8 1 2 1 2 9 2 2 9 9 2 2 8 8 9
left_child=14 2 24 6 5 -5 7 9 -9 -4 -7 -11 13 22 -1 -16 17 -10 23 -20 21 -21 -8 -18 25 26 27 -2 -29 -13
right_child=1 -3 3 4 -6 10 12 8 16 11 -12 29 -14 -15 15 -17 18 -19 19 20 -22 -23 -24 -25 -26 -27 -28 28 -30 -31
leaf_value=0.00888187483393422 0.029678624104558012 0.018554492625466074 0.01059306179843755 0.087226369497750228 -0.053737930562886151 0.014674340192839761 -0.021764767054222266 0.016963829899894641 -0.011345193086506529 -0.0092573471498108833 -0.096732055507553177 -0.037267088566919043 0.052545287711707273 -0.034238035026128856 0.015872962045299074 0.038000048440638694 -0.049773854844817389 -0.065112412233465311 0.0021577622974901542 0.16456224094538324 -0.018291498691301415 -0.041263503035825641 0.11539355330239014 -0.0083890256061274811 -0.033505366181430497 -0.039989741606358188 0.95977070745898674 0.82949916574645965 0.16504486907679961 -0.016306362399424647
leaf_weight=73738.542550446466 474.48774817120284 7822.0017374111339 10670.545567103662 835.57697042450309 4757.573885532096 893.18901093490422 290.31621039099991 17541.151976034977 30374.206290706992 94881.639252091758 614.84943429753184 9486.8232082501054 2418.906155644916 1585.7428676467389 175264.50287856534 8243.0308056138456 2381.630188845098 1664.2726577296853 38769.4228262119 393.64769984781742 287.14560150355101 96.772016504779458 429.51669232454151 9331.2851519286633 12168.718146492727 505.39177582785487 8.1330532021820527 15.607056452892719 67.721570297144353 29605.703258045949
leaf_count=100034 8667 30691 177884 640 25626 2391 2909 84276 204508 1331011 3093 321993 17864 20603 218374 12095 34508 13943 255617 1669 1840 901 4353 100490 388657 15736 54 309 1008 478943
internal_value=0.00295738 -0.00778167 -0.00854309 -0.00749682 -0.0323371 0.0112879 -0.00679212 -0.00739634 -0.00211851 -0.0110758 -0.0310857 -0.0128015 0.0246032 -0.004919 0.0145784 0.016866 -0.00613821 -0.0141338 -0.00113904 0.00351408 0.0711852 0.121471 0.059253 -0.0168392 -0.0288491 0.0238599 0.081299 0.0684908 0.289494 -0.0214067
internal_weight=535618 278372 270550 257310 7101.19 2343.62 250209 245484 100840 144645 1508.04 133974 4724.48 2305.58 257246 183508 83298.4 32038.5 51259.9 39547 777.565 490.42 719.833 11712.9 13240.1 1071.34 565.949 557.816 83.3286 39092.5
internal_count=3860687 3530184 3499493 3085062 31750 6124 3053312 3007583 697752 2309831 5484 2131947 45729 27865 330503 230469 613476 218451 395025 260027 4410 2570 7262 134998 414431 25774 10038 9984 1317 800936
cat_boundaries=0 1 2 3 4 5 6 7 8 9 10 11 12 13 14 15 16 17
cat_threshold=2 16 16 48 4 9 1 8 50 35 3 4 96 33 4 6 35
is_linear=0
shrinkage=0.08


Tree=61
num_leaves=31
num_cat=20
split_feature=47 47 37 46 45 25 34 31 42 34 45 37 42 19 42 34 35 12 19 17 24 37 15 26 45 37 43 34 21 43
split_gain=7671.02 1097.98 912.785 642.164 1034.46 605.392 585.95 578.639 547.196 614.704 498.719 482.637 736.761 478.737 522.402 852.033 774.82 1182.01 726.318 707.023 3137.99 547.837 547.758 1104.55 584.959 704.657 786.392 687.681 521.586 521.128
threshold=0 1 2 3 4 8.5000000000000018 5 inf 6 7 8 9 10 2896.5000000000005 11 12 13 19888.900390625004 2202.0600585937505 100.50000000000001 5.5000000000000009 14 1.0000000180025095e-35 8.5000000000000018 15 16 17 18 2.5000000000000004 19
decision_type=1 1 1 1 9 10 1 8 9 1 9 1 9 2 9 1 1 2 2 2 2 1 2 10 9 1 9 1 2 9
left_child=3 13 8 7 -5 6 11 -1 9 10 -3 12 -4 14 15 16 17 22 21 -17 -21 -18 24 -24 -2 26 -26 -28 -15 -20
right_child=1 2 5 4 -6 -7 -8 -9 -10 -11 -12 -13 -14 28 -16 19 18 -19 29 20 -22 -23 23 -25 25 -27 27 -29 -30 -31
leaf_value=0.016364641165911707 0.031533292304262314 0.037749118567196212 0.20571330372259625 -0.031918475611719385 0.019441152744615303 0.09983990589335201 0.0094112673443709424 0.0069971615842171868 -0.015570197146795974 0.0098244403703856755 -0.055296794939909112 -0.0099698469131974041 -0.039192735214776765 -0.03303395152776116 -0.014095800527794862 -0.015420039080312167 -0.030714763065030178 0.20210384787010222 -0.0031721362728430813 0.079568116116405074 2.1638988734218465 -0.003965955429898557 0.055147215675704742 0.49613354470856175 0.068745004927068476 -0.0091356286172666595 0.044259133749936959 -0.010240186620034054 0.18924421637702385 0.10368493898233866
leaf_weight=189368.40507797059 5162.0154724502936 461.58401414100081 158.04325196146965 5036.9589457698166 4984.0326695218682 436.79525330848992 53102.908776725642 54305.481202825904 27725.006334390026 13138.369522922207 1743.1920748231933 15775.362106813118 147.56188593804836 6701.7264065025374 71902.385883269832 32920.335315457545 7084.3671426717192 204.29387148749083 569.57513409759849 50.692473367787898 5.0865831775590769 15878.576142461039 626.20576951000839 38.59102198947221 1687.8514096178114 14219.864553967491 2201.16347213462 4485.8251474630088 68.25157801900059 598.42907704692334
leaf_count=240781 39608 5226 512 9937 6386 1532 302803 73290 205184 90097 30417 179286 942 172352 943931 891836 74653 1132 14847 1159 42 296815 6121 128 18556 151344 30220 64005 473 5656
internal_value=0.00340968 -0.00579265 0.000289976 0.0134608 -0.00638674 0.00595262 0.00536072 0.014277 -0.00886315 0.0032587 -0.0357345 -0.00801594 0.0899651 -0.00996189 -0.00906725 -0.0048477 0.00145805 0.0103578 -0.00909943 -0.0149333 0.269642 -0.0122334 0.00898322 0.0807462 0.00726443 0.00170523 0.0201011 0.00773872 -0.0307931 0.0524368
internal_weight=530789 277094 112689 253695 10021 69620.7 69183.9 243674 43068.2 15343.1 2204.78 16081 305.605 164405 157635 85732.9 52756.8 28625.8 24130.9 32976.1 55.7791 22962.9 28421.5 664.797 27756.7 22594.7 8374.84 6686.99 6769.98 1168
internal_count=3859271 3528877 815999 330394 16323 485075 483543 314071 330924 125740 35643 180740 1454 2712878 2540053 1596122 703085 311114 391971 893037 1201 371468 309982 6249 303733 264125 112781 94225 172825 20503
cat_boundaries=0 1 2 3 4 5 6 7 8 9 10 11 12 13 14 15 16 17 18 19 20
cat_threshold=2 4 20 1 42 96 24 80 8 2 40 25 15 48 6 40 9 8 5 37
is_linear=0
shrinkage=0.08


Tree=62
num_leaves=31
num_cat=17
split_feature=47 38 37 47 42 44 34 6 18 2 37 18 7 6 7 34 44 13 43 37 18 2 38 1 43 38 4 7 37 42
split_gain=7320.1 1049.63 1036.89 869.776 744.262 709.449 704.483 634.455 698.256 612.073 564.864 620.914 955.496 1965.69 608.696 553.858 621.804 818.386 590 626.235 537.227 526.179 544.004 519.524 517.737 669.159 506.723 497.031 801.408 476.963
threshold=0 1 2 3 4 5 6 160.00000762939456 247.02500152587893 inf 7 42833.300781250007 1025.049987792969 6628.8649902343759 1076.0249023437502 8 9 1837.549987792969 10 11 23.22500038146973 inf 12 1.0000000180025095e-35 13 14 1.5000000000000002 1025.049987792969 15 16
decision_type=1 1 1 1 9 9 1 2 2 8 1 2 2 2 2 1 9 2 9 1 2 8 1 2 9 1 8 2 1 9
left_child=21 4 3 -3 9 -4 -5 -6 26 15 20 -12 -13 -14 -15 18 -17 -18 -2 -20 -7 23 -23 -1 25 -8 -9 -10 -29 -22
right_child=1 2 5 6 7 10 24 8 27 -11 11 12 13 14 -16 16 17 -19 19 -21 29 22 -24 -25 -26 -27 -28 28 -30 -31
leaf_value=0.0096471524417403535 0.037528566877417506 -0.011462359561832695 -0.00033973179294924632 -0.012999566690187115 -0.010434756945121059 -0.0065482595437980082 0.034564198563344355 0.0044888660232313086 -0.0048970359655436868 -0.042377714785562279 -0.049128967933728077 0.016946185640252073 2.4016038106991151 0.97185871279778213 -0.083454539707783187 0.00045949981131281488 0.034119849769514023 0.25698415568206179 -0.036404267985310816 0.025713665489408014 -0.01626432303818845 0.012810776712523326 0.047594307395237775 0.018348580678913411 0.01814886477984377 -0.010917852403863077 0.07554253129911534 0.092099063111801896 -0.0051410002804885349 -0.041785722170503789
leaf_weight=181398.01019323803 7849.2558033335954 79737.971087773331 8877.4664502562955 13200.087938610464 46092.222694067284 10776.544026354328 2525.9814383983612 1118.5922080632299 13727.073938157409 1464.4289517439902 6658.604907845147 55.88106601126492 3.4506804929114905 5.3998394501395515 9.9316504411399347 25055.109463280067 1949.002215879038 111.48455818928778 1732.65217333287 2561.2420899067074 9496.6276908079162 6143.0234431102872 5445.6832699365914 57940.937925854698 17529.032593826763 11265.620028896257 1508.7908438425511 927.98051775805652 1291.5773503426462 9333.8898483477533
leaf_count=241529 50906 1695571 76172 169701 292846 111758 11633 8277 97394 6418 344628 2295 170 17 562 175906 4714 190 11068 16111 107862 10361 7550 71052 115202 94512 6967 5562 9434 113856
internal_value=0.00268045 -0.00633848 -0.0102366 -0.00646059 -6.89048e-05 -0.0206095 0.00249629 -0.00540366 0.00707832 0.00840165 -0.0255668 -0.0464874 0.182863 0.676504 0.288233 0.010298 0.00393216 0.0461781 0.0244893 0.000621782 -0.0207863 0.0125598 0.0292081 0.0117537 0.00902829 -0.00256864 0.0452919 0.000782218 0.0359061 -0.0289456
internal_weight=525794 274866 169476 124259 105389 45217.8 44520.7 64666.2 18574 40723.2 36340.3 6733.27 74.6632 18.7822 15.3315 39258.7 27115.6 2060.49 12143.2 4293.89 29607.1 250928 11588.7 239339 31320.6 13791.6 2627.38 15946.6 2219.56 18830.5
internal_count=3860224 3529732 2843939 2086619 685793 757320 391048 420480 127634 265313 681148 347672 3044 749 579 258895 180810 4904 78085 27179 333476 330492 17911 312581 221347 106145 15244 112390 14996 221718
cat_boundaries=0 1 2 3 4 5 6 7 8 9 10 11 12 13 14 15 16 17
cat_threshold=2 707 105 4 11 1 96 6 100 2 12 12 643 14 16 40 24
is_linear=0
shrinkage=0.08


Tree=63
num_leaves=31
num_cat=11
split_feature=47 2 44 37 47 24 43 4 0 37 36 4 46 44 2 4 17 1 19 4 4 40 21 19 32 11 11 4 42 17
split_gain=6042.8 1131.91 840.616 1068.07 744.12 685.057 647.752 874.276 636.64 812.242 786.392 844.849 626.753 791.171 734.018 593.098 719.233 578.859 589.234 729.945 866.881 578.133 556.067 598.956 643.351 545.165 541.666 1169.53 829.987 595.755
threshold=0 inf 1 2 3 -1.0000000180025095e-35 4 inf 1.5000000000000002 5 6 1.5000000000000002 7 8 inf 6.5000000000000009 50.500000000000007 3.5000000000000004 1518.424987792969 15.500000000000002 14.500000000000002 9 1.0000000180025095e-35 1279.090026855469 -5.6549999713897696 27.500000000000004 1.0000000180025095e-35 17.500000000000004 10 4.5000000000000009
decision_type=1 8 9 1 1 2 9 8 2 1 9 10 1 9 8 10 2 2 2 8 10 1 2 2 8 2 2 8 9 2
left_child=12 2 -2 -4 8 21 7 -3 10 25 11 -5 14 -14 -1 -13 -17 26 19 20 22 -6 -19 24 -24 -10 28 29 -11 -28
right_child=1 6 3 4 5 -7 -8 -9 9 17 -12 15 13 -15 -16 16 -18 18 -20 -21 -22 -23 23 -25 -26 -27 27 -29 -30 -31
leaf_value=0.011585162472761415 0.0063509669804470851 -0.061046646529991401 -0.038724247935641477 -0.0049447731360180618 -0.021848318215881863 0.089866987915858648 -0.050804614498012705 0.05600040776474214 -0.032209737942231136 0.085153476556516811 -0.027298211614921616 0.057440341851502395 0.017994831174810891 -0.027909114697855748 0.034339550875038392 0.0066974053789480952 0.31883108057553505 0.063369217216307436 -0.068177587532692444 -0.0083176837406962276 0.42712197130423818 0.0012901820722439822 0.65788421826317733 0.94116953701336781 0.043837979416761763 0.053422062652145649 0.0039867783107314812 0.019862301334061166 -0.03354743388767082 -0.024910579427635301
leaf_weight=229170.75017891824 37656.256995477714 709.50647168140858 6407.7112726909108 55893.27950933855 7523.6042164340615 538.60582758486271 5348.2098598591983 962.43973788246512 17465.497300258838 385.11711188685149 8520.3930979380384 2263.7781681381166 4218.3349603619426 5583.8071731869131 9447.1324807405472 5817.1168055934832 47.633234774693847 799.05922153219581 307.19110621511936 706.94777008332312 49.059297822415829 83607.314160691574 15.099379852414129 8.3550820574164373 39.453025432303548 489.14006894268095 6600.8463347200304 7990.8590987296775 8797.8329786332324 14811.193857600912
leaf_count=299855 199900 4629 347120 866052 43931 1903 28210 1197 213233 7353 84322 20106 5540 10735 14547 58144 118 13522 7804 8480 59 628276 131 93 660 4798 187674 121838 168790 511601
internal_value=0.00263737 -0.00556059 -0.00472607 -0.00654687 -0.00561895 -9.06751e-05 -0.0372695 0.00629273 -0.00948766 -0.0156997 -0.00448105 -0.00143992 0.0116716 -0.00815443 0.012486 0.0226583 0.00923254 -0.00941398 0.0333961 0.0526811 0.100016 -0.000622347 0.0813981 0.310404 0.213798 -0.0298602 -0.0115523 -0.00625525 -0.0285131 -0.0160022
internal_weight=522182 273762 266741 229085 222677 91669.5 7020.16 1671.95 131008 58465.7 72542.2 64021.8 248420 9802.14 238618 8128.53 5864.75 40511 1925.16 1617.97 911.026 91130.9 861.967 62.9075 54.5524 17954.6 38585.8 29402.9 9182.95 21412
internal_count=3860621 3529944 3495908 3296008 2948888 674110 34036 5826 2274778 1246036 1028742 944420 330677 16275 314402 78368 58262 1028005 30749 22945 14465 672207 14406 884 791 218031 997256 821113 176143 699275
cat_boundaries=0 1 2 3 4 5 6 7 8 9 10 11
cat_threshold=2 1 16 4 4 6 224 1 2 8 1
is_linear=0
shrinkage=0.08


Tree=64
num_leaves=31
num_cat=12
split_feature=47 44 37 45 34 36 32 3 3 36 18 3 43 32 5 3 3 4 37 32 3 1 46 44 26 31 18 5 3 45
split_gain=5271.55 841.25 1159.7 897.577 932.156 900.794 816.026 825.053 804.86 776.104 756.813 983.666 1763.69 3459.9 4641.91 1107.66 654.683 858.779 642.21 635.091 628.594 617.745 556.389 862.52 560.194 518.13 1059.25 494.629 490.902 481.132
threshold=0 1 2 3 4 5 -10.284999847412108 110.37500000000001 430.02999877929693 6 472.02499389648443 632.06500244140636 7 7.2650001049041757 2.5000000000000004 648.54498291015636 121.22500228881837 3.5000000000000004 8 40.379999160766609 114.20499801635744 8.5000000000000018 9 10 1.0000000180025095e-35 1.0000000180025095e-35 80.049999237060561 5.5000000000000009 inf 11
decision_type=1 9 1 9 1 9 8 10 10 9 2 10 9 8 2 8 10 10 1 8 10 2 1 9 8 8 2 2 8 9
left_child=19 8 -3 5 18 16 7 -7 29 27 11 -6 13 14 15 -13 17 -4 -5 -1 -19 -20 24 -24 -8 26 -15 -10 -26 -2
right_child=1 2 3 4 10 6 22 -9 9 -11 -12 12 -14 25 -16 -17 -18 20 21 -21 -22 -23 23 -25 28 -27 -28 -29 -30 -31
leaf_value=0.013635766380003236 0.013045600096551513 -0.041296724273243886 0.00031649113197128022 0.016373067218775884 -0.026667024092807669 0.0954838687682876 0.099563808026411668 0.012049397388655516 0.055590507021266687 -0.05623475502889707 -0.065427667838091688 1.566186582373748 -0.014825655107242135 1.3584455476448796 3.8473229952171502 -0.083351074167883885 -0.035995885745118202 0.044329720023270937 -0.018958408289339194 0.0051315077099111503 0.45290552809527096 0.28191650884521297 0.035111817827356742 -0.048998507856368063 -0.0052245954662980612 -0.082935898732376515 -0.08352909926079681 -0.0060351496220166214 0.063244195757732311 -0.0068685614100852336
leaf_weight=157921.37318279594 12399.220736104995 6264.3316561647225 2539.4526471234858 4860.8317294190638 6593.9685315429233 988.92202945798635 328.73766616731882 3255.8019043514505 4071.6034360527992 553.52650135755539 4081.1225649146363 5.1968373209238026 120.29710143152624 5.9446091651916486 4.3627325613051644 5.224516563117505 9218.1038564918563 49.433836720883846 12420.972170700785 87252.030915480107 47.023732669651508 43.827544998377562 4624.6161211021245 938.65292942337692 176830.03348157881 19.357762695290148 7.2203497318550944 1048.1399479070678 672.72679896280169 20735.251303071156
leaf_count=208295 36519 347848 17807 58911 118663 3477 1713 33656 26019 2912 127561 89 4308 154 112 249 83828 174 140496 121968 78 31 10881 10202 2365795 982 353 10961 671 126171
internal_value=0.00209661 -0.00555584 -0.00736552 -0.00642978 -0.0197958 -0.00454161 -0.0031897 0.0314877 0.00535261 0.0331955 -0.0381874 -0.0218023 0.169589 0.529701 1.65642 0.739227 -0.0259205 0.00921595 -0.00827058 0.0106093 0.243513 -0.0178862 -0.0039925 0.0209204 -0.00477187 0.180393 0.567591 0.0428904 -0.0049651 0.000585363
internal_weight=517907 272734 233926 227662 28168.3 199494 187639 4244.72 38807.7 5673.27 10842.7 6761.57 167.604 47.3068 14.7841 10.4214 11854 2635.91 17325.6 245173 96.4576 12464.8 183395 5563.27 177831 32.5227 13.165 5119.74 177503 33134.5
internal_count=3860884 3530621 3328039 2980191 451909 2528282 2426395 37133 202582 39892 252471 124910 6247 1939 450 338 101887 18059 199438 330263 252 140527 2389262 21083 2368179 1489 507 36980 2366466 162690
cat_boundaries=0 1 2 3 4 5 6 7 8 9 10 11 12
cat_threshold=2 1 16 13 23 24 137 1 34 1 2 8
is_linear=0
shrinkage=0.08


Tree=65
num_leaves=31
num_cat=9
split_feature=47 38 31 32 18 45 33 2 41 34 6 47 42 32 11 32 34 42 22 17 17 14 18 18 2 18 13 5 10 22
split_gain=4441.09 1094.1 794.228 962.006 705.349 712.874 820.156 688.848 681.029 1076.1 669.338 585.193 641.605 561.093 530.272 528.926 521.248 511.706 512.073 999.639 567.333 1921.13 3399.54 565.9 2121.51 505.773 676.73 504.723 816.845 914.87
threshold=0 1 1.0000000180025095e-35 3.1350001096725468 1445.7750244140627 2 1.0000000180025095e-35 inf 3 4 443.04998779296881 5 6 -16.414999961853024 10.500000000000002 1.1649999618530276 7 8 1.0000000180025095e-35 3.5000000000000004 32.500000000000007 6.5000000000000009 10890.474609375002 23550.625000000004 1.0000000180025095e-35 1236.2750244140627 40.024999618530281 10.500000000000002 1.0000000180025095e-35 1.5000000000000002
decision_type=1 1 10 10 2 9 2 8 9 1 2 1 9 8 2 8 1 9 2 2 2 2 2 2 10 2 2 2 2 2
left_child=-1 4 3 7 5 -2 8 10 9 15 13 17 14 -3 -13 -7 -8 18 23 -20 21 27 -23 -6 -25 -11 -27 -21 29 -29
right_child=1 2 -4 -5 11 6 16 -9 -10 25 -12 12 -14 -15 -16 -17 -18 -19 19 20 -22 22 -24 24 -26 26 -28 28 -30 -31
leaf_value=0.010303483953401757 -0.0024013745440465009 0.040840663604014074 0.029472502084556124 -0.014106427607722896 -0.052098623544119191 0.035858247143102533 -0.036367840458260858 -0.029296588920891823 -0.022954180723836117 -0.00027723032205707041 0.016361694323675565 -0.013839182207872364 -0.042064833525162666 -0.00088112486519467713 0.049546825036694331 0.36812435908610747 0.15003500729312627 -0.043174083537569477 1.2849337462765789 0.020129376697855025 -0.046331026686586486 3.2059001598561219 -0.084507919697318162 -0.0033228862029323477 0.99332574531785878 0.95985780069332038 0.076500969133970934 0.29606449105008997 0.065905561603817747 1.1777782503567151
leaf_weight=243990.44353342243 47763.817229185719 2100.5238813553005 5337.6482533849776 33186.918670951389 1035.3045008173212 45.584747016429901 141.9480214077048 4632.07471107319 25753.764778879937 882.2838529497385 18178.011488592252 1743.9132820270024 1810.3524093260057 115329.96560909925 1638.1148169627413 93.665254421532154 287.44134992919862 10088.250575396232 4.1647078227251759 367.83236726094037 297.54357461538166 3.475499836727975 4.7643237584270537 97.864711919799447 15.888328266330062 8.2006834186613577 17.174303801730275 44.524097913410515 112.86341472528875 9.0649354839697462
leaf_count=330327 869308 10634 14040 341752 41818 568 2126 18531 578334 11669 163354 28432 29519 975644 21281 730 3482 380201 52 12571 12666 83 192 3195 197 53 269 1067 4107 319
internal_value=0.00247377 -0.00457473 -0.000922663 -0.0018582 -0.0116491 -0.00829338 -0.0186207 0.00104025 -0.0203849 0.0426298 0.00207649 -0.0262246 -0.00376393 -0.000134831 0.0168127 0.241977 0.0910609 -0.0358776 0.00126071 0.0485724 0.042443 0.0911305 1.30336 -0.0334891 0.135883 0.00974299 0.361984 0.0724352 0.188023 0.445212
internal_weight=515023 271033 178765 173427 92267.8 74993.9 27230.1 140241 26800.7 1046.91 135609 17273.9 5192.38 117430 3382.03 139.25 429.389 12081.5 1993.29 844.233 840.068 542.525 8.23982 1149.06 113.753 907.659 25.375 534.285 166.452 53.589
internal_count=3856521 3526194 1523955 1509915 2002239 1466539 597231 1168163 591623 13289 1149632 535700 79232 986278 49713 1298 5608 456468 76267 31057 31005 18339 275 45210 3392 11991 322 18064 5493 1386
cat_boundaries=0 1 2 3 4 5 6 7 8 9
cat_threshold=2 44 44 1 80 4 42 20 1
is_linear=0
shrinkage=0.08


Tree=66
num_leaves=31
num_cat=15
split_feature=47 38 2 32 36 45 1 12 1 2 32 46 3 32 38 38 45 7 34 43 3 38 40 34 18 3 43 19 17 34
split_gain=3228.65 821.195 975.203 781.747 643.929 625.435 963.053 875.817 538.671 489.869 577.597 665.618 824.239 705.822 536.889 529.708 748.458 471.278 452.318 425.683 556.424 420.066 510.169 973.567 526.409 490.085 551.3 692.53 864.331 411.49
threshold=0 1 inf -4.0950000286102286 2 3 2.5000000000000004 903.85000610351574 1.0000000180025095e-35 inf -3.2949999570846553 4 110.37500000000001 -3.7450000047683711 5 6 7 461.02496337890631 8 9 18.185000419616703 10 11 12 42833.300781250007 805.22000122070324 13 7610.5651855468759 1.0000000180025095e-35 14
decision_type=1 1 8 10 9 9 2 2 2 8 10 1 10 8 1 1 9 2 1 9 8 1 1 1 2 10 9 2 2 1
left_child=8 -2 3 18 5 6 -5 -8 9 10 11 -1 13 -13 -11 16 -12 -9 19 20 -3 22 -6 -24 -25 -23 27 28 -27 -22
right_child=1 2 -4 4 21 -7 7 17 -10 14 15 12 -14 -15 -16 -17 -18 -19 -20 -21 29 25 23 24 -26 26 -28 -29 -30 -31
leaf_value=0.0023178612473722464 0.0025050032720945296 0.49652420291119981 -0.065536267519571187 0.0039106696089110824 -0.0010967634182203474 -0.036349264020246304 -0.091808908500983513 0.62857206310163694 0.015759570796870938 0.0078068673052579954 -0.19067132133410084 -0.17014416786703926 0.015572081685947543 -0.043481858051593471 0.047219494199249555 0.010731649071466143 -0.01517312413418904 0.1958453303412323 -0.0043672019697167525 0.020122270454338769 0.12397085637038054 -0.015215403007072451 0.016934736221681516 -0.045175651345265438 0.2999318001022333 0.94494311137818643 0.010665296023444846 0.78786015509664198 0.090213195286323253 -0.0034676126590437329
leaf_weight=68943.181388808414 90058.670530172065 14.36049437522888 1794.2056705756113 1163.015495268628 51232.629075457342 9263.4539977023378 29.552229851484299 35.711298699490726 57544.625176809728 5071.4601344354451 158.19865827262402 325.91200143098831 1458.1903846822679 2069.31697146222 3932.7329180017114 99086.864699375816 2147.5151406470686 29.342398599721491 41961.331143174088 11921.173171957023 154.38577811047435 42437.441031320253 2583.6029955535196 5127.3935578390956 28.444401395507157 8.3006951417773944 271.84394139563665 13.007406146265565 86.234931151848286 11976.024912818801
leaf_count=96356 554464 6 14797 11932 690385 103788 388 102 73922 9139 618 1150 1810 4405 5853 133461 3671 158 789043 146852 1061 990209 21127 47086 81 32 8322 82 1099 148301
internal_value=0.00227033 -0.00373253 -0.00685081 -0.00626078 -0.010322 -0.029157 0.023689 0.269333 0.00900758 0.00688665 0.00594609 0.000509337 -0.0318477 -0.0607164 0.0250821 0.0098495 -0.0279857 0.433391 0.00064718 0.00938816 -0.00115621 -0.00837147 -0.00399072 -0.0231217 -0.043188 -0.0144028 0.0761154 0.2201 0.165263 -0.00174634
internal_weight=510928 270190 180131 178337 112310 10521.1 1257.62 94.6059 240738 183193 174189 72796.6 3853.42 2395.23 9004.19 101393 2305.71 65.0537 66027.3 24065.9 12144.8 101789 58972.1 7739.44 5155.84 42816.8 379.387 107.543 94.5356 12130.4
internal_count=3859700 3529315 2974851 2960054 1874791 116368 12580 648 330385 256463 241471 103721 7365 5555 14992 137750 4289 260 1085263 296220 149368 1758423 758679 68294 47167 999744 9535 1213 1131 149362
cat_boundaries=0 1 2 3 4 5 6 7 8 9 10 11 12 13 14 15
cat_threshold=2 659 27 32 1 643 128 32 11 12 328 6 81 12 1
is_linear=0
shrinkage=0.08


Tree=67
num_leaves=31
num_cat=21
split_feature=48 6 44 3 3 38 46 39 2 41 34 38 46 44 38 38 34 34 36 34 43 38 25 43 3 3 17 34 34 5
split_gain=519.087 372.422 385.526 821.68 769.282 525.667 443.912 443.001 675.297 368.812 928.304 641.468 392.251 591.206 374.212 334.365 307.829 297.636 376.817 409.615 313.143 294.5 297.073 255.707 236.927 321.074 306.437 313.83 273.083 233.286
threshold=0 507.47459411621099 1 inf 1.0000000180025095e-35 2 3 4 2.5000000000000004 5 6 7 8 9 10 11 12 13 14 15 16 17 1.0000000180025095e-35 18 18.964999198913578 77.055000305175795 9.5000000000000018 19 20 4.5000000000000009
decision_type=9 2 9 8 10 1 1 9 10 9 1 1 1 9 1 1 1 1 9 1 9 1 8 9 8 10 2 1 1 2
left_child=1 2 4 9 6 -6 -1 8 -7 10 11 23 -11 14 -14 -15 -10 18 19 -13 -20 -3 -23 -4 -24 26 28 -28 -26 -9
right_child=-2 21 3 -5 5 7 -8 29 16 12 -12 17 13 15 -16 -17 -18 -19 20 -21 -22 22 24 -25 25 -27 27 -29 -30 -31
leaf_value=0.061788424606365862 0.048144373456976503 0.0018513360935560629 0.062581563599656262 0.041615521289572015 0.043572718907137369 0.022080428925973554 -0.040549419149057346 0.0052779751523437503 0.27322937653402635 -0.0014276569485181889 -0.0099331808155549706 0.2719458045124924 0.0052762885199349688 0.10598248884638396 0.040648111398055964 -0.045404783346555011 0.059923711334333545 -0.035074873770930576 0.084504934525468534 -0.021468999281581427 -0.037128509725287945 0.12936806785806743 -0.031361152048571546 -0.034578419522295019 0.085815649516668258 0.010045907773805873 0.097714400713586502 0.0080552081006829528 0.0051414995478414232 -0.03449555804223467
leaf_weight=299.0768860578537 1535.3692302801646 38175.485794708831 3335.7267548553646 2975.6402433570474 2702.4375742841512 6429.4157289732248 2917.8247602041811 41328.503578614444 89.270707800984383 354794.25341223367 5018.5051612090319 72.472940854728222 3648.3154402822256 92.261023826897144 4045.3775452896953 1214.9686706298962 112.99523214250803 871.16671804292127 199.49960365146399 53.935220951214433 373.68841387890279 137.26506300177425 808.74670380167663 180.64317076094449 309.16920557245612 32466.888371197972 784.06841975450516 380.15745383128524 1722.1606867406517 965.85923807043582
leaf_count=359 11411 542241 4201 3731 4067 17817 6251 167108 43 2836488 15715 112 6772 115 8644 10157 260 3573 609 146 1313 216 2851 602 1395 191643 2267 2178 7788 7008
internal_value=0.00169856 0.00155777 0.000654917 -0.000257063 0.00692169 0.00928672 -0.031035 0.00738252 0.0266084 -0.000590301 0.0144772 0.0385306 -0.00100922 0.0154833 0.0239346 -0.0342568 0.170538 -0.00404444 0.0345457 0.154357 0.00592943 0.00676988 0.0118952 0.0575064 0.0114563 0.0124274 0.0366228 0.0693463 0.0178679 0.00436968
internal_weight=508041 506506 431722 376876 54845.4 51628.5 3216.9 48926 6631.68 373901 10105.6 5087.13 363795 9000.92 7693.69 1307.23 202.266 1570.76 699.596 126.408 573.188 74783.9 36608.5 3516.37 36471.2 35662.4 3195.56 1164.23 2031.33 42294.4
internal_count=3857081 3845670 3095091 2892178 202913 196303 6610 192236 18120 2888447 26271 10556 2862176 25688 15416 10272 303 5753 2180 258 1922 750579 208338 4803 208122 205271 13628 4445 9183 174116
cat_boundaries=0 1 2 3 4 5 6 7 8 9 10 11 12 13 14 15 16 17 18 19 20 21
cat_threshold=1 1 512 1 1 16 120 641 1 2 594 1 18 24 42 8 32 296 4 70 96
is_linear=0
shrinkage=0.08


Tree=68
num_leaves=31
num_cat=10
split_feature=47 36 38 17 45 15 4 6 0 41 19 19 18 5 24 18 17 38 18 19 36 0 13 18 45 41 39 4 5 6
split_gain=3111.89 918.369 803.469 861.969 857.419 1250.81 970.384 804.873 744.876 729.514 1051.17 1053.23 1757.45 1396.91 772.683 636.401 634.719 648.406 622.282 1538.82 541.909 528.295 634.892 694.421 514.479 546.555 516.134 509.278 504.999 501.94
threshold=0 1 2 5.5000000000000009 3 1.0000000180025095e-35 1.5000000000000002 480.27499389648443 1.5000000000000002 4 2312.4050292968755 2723.8750000000005 1389.7750244140627 1.0000000180025095e-35 3.5000000000000004 2962.2500000000005 5.5000000000000009 5 288.22500610351568 12.039999961853029 6 1.5000000000000002 1.0000000180025095e-35 3949.924926757813 7 8 9 9.5000000000000018 1.0000000180025095e-35 522.04998779296886
decision_type=1 9 1 2 9 2 10 2 2 9 2 2 2 2 2 2 2 1 2 2 9 2 2 2 9 9 9 8 2 2
left_child=-1 27 3 4 9 6 -6 15 -7 10 14 12 -12 -14 21 16 28 -18 -16 -20 -17 -3 23 -23 25 26 -5 -2 -4 -9
right_child=1 2 7 24 5 8 -8 29 -10 -11 11 -13 13 -15 18 20 17 -19 19 -21 -22 22 -24 -25 -26 -27 -28 -29 -30 -31
leaf_value=0.0087261479775792555 -0.03729000774003409 0.0052936093374250414 -0.0036715504059558952 0.17035511422688152 -0.02277244296854421 0.28319244313664393 0.045326296220388342 0.054367433906930857 -0.087790014166174865 -0.0019065672386740201 -0.091793831777948157 0.15797104817195307 2.2999033746082178 0.48835599856382511 0.012209162371332493 0.050204956884010395 0.0090275756874480181 -0.024559745352275574 1.6397255646720381 0.26263359310115364 -0.020667804917741069 0.078996519366616683 0.010579383595777503 0.37030626344071793 -0.016437270208220771 -0.065280322001896277 -0.0161568344149929 -0.0060803717841190997 0.0078416332018509706 0.010843432995950341
leaf_weight=239777.85969626531 7859.8965355744585 5052.6770406696014 85274.348298638593 113.60950496140867 20064.110802368727 138.88203158974648 1434.9785167858936 1838.2592665930279 46.148094721604139 32820.382120002992 7.8257466279901591 78.484090944752097 5.9965420337393862 4.9923020428977907 23.22217974299565 2625.3595593846403 4936.215750541538 14412.315723614302 6.6335140950977829 23.919873008038849 932.92955605499446 1134.4024318954907 1236.7458180254325 54.906042356975377 24047.761532830307 2774.0924038526136 578.38750865403563 5827.0217761080712 34145.976100259461 21881.876008939929
leaf_count=330719 82659 91130 668247 1356 443595 1304 20843 15663 1412 514927 331 1667 73 196 363 28092 34148 165894 78 390 8906 32505 42512 544 709170 106963 14054 41555 300262 200056
internal_value=0.00209704 -0.00380355 -0.0027222 -0.008825 -0.00360593 -0.0164371 -0.0182271 0.000573001 0.190666 0.00327571 0.0255411 0.286842 0.82442 1.47691 0.0221997 -0.00170077 -0.00255738 -0.0159989 0.324363 0.561617 0.0317062 0.020027 0.0507119 0.0924452 -0.0206144 -0.0494053 0.014258 -0.0239854 -0.000379574 0.0142164
internal_weight=509160 269382 255695 89648.2 62134.3 21684.1 21499.1 166047 185.03 40450.2 7629.81 97.2987 18.8146 10.9888 7532.51 142327 138769 19348.5 53.7756 30.5534 3558.29 7478.73 2426.05 1189.31 27513.9 3466.09 691.997 13686.9 119420 23720.1
internal_count=3859614 3528895 3404681 1983413 1151870 467154 464438 1421268 2716 684716 169789 2267 600 269 167522 1205549 1168551 200042 831 468 36998 166691 75561 33049 831543 122373 15410 124214 968509 215719
cat_boundaries=0 1 2 3 4 5 6 7 8 9 10
cat_threshold=2 24 44 44 4 657 160 32 2 2
is_linear=0
shrinkage=0.08


Tree=69
num_leaves=31
num_cat=18
split_feature=47 44 3 38 32 6 3 38 45 32 40 41 38 6 3 38 47 37 19 45 3 34 38 23 19 41 40 3 45 45
split_gain=3544.46 666.215 834.592 832.623 775.769 688.101 506.078 481.212 1740.01 511.013 432.84 540.034 529.013 420.361 411.758 386.415 381.496 367.56 418.132 365.383 365.172 432.237 354.985 352.225 699.15 346.093 342.991 582.892 754.256 497.674
threshold=0 1 487.29499816894537 2 -2.9350000619888301 480.27499389648443 18.185000419616703 3 4 inf 5 6 7 9324.1748046875018 593.61499023437511 8 9 10 4284.4252929687509 11 335.66999816894537 12 13 10.500000000000002 277.05000305175787 14 15 24.515000343322757 16 17
decision_type=1 9 10 1 10 2 10 1 9 8 1 9 1 2 10 1 1 1 2 9 10 1 1 2 2 9 1 10 9 9
left_child=7 2 15 17 6 26 -5 8 -1 -9 22 -12 19 -7 -4 -2 25 18 -3 20 21 -13 -8 -19 -25 -17 -6 28 -28 -29
right_child=1 3 14 4 5 13 10 9 -10 -11 11 12 -14 -15 -16 16 -18 23 -20 -21 -22 -23 -24 24 -26 -27 27 29 -30 -31
leaf_value=-0.16206781223732031 0.039706505252767789 -0.0058336036366839449 0.070614914877451737 0.038790028010827052 -0.039754711186478935 0.0086687447900836642 0.030466873345380095 0.011718076392262784 -0.001677392734414068 0.0038241471864859083 0.014267648251186522 0.11412927036020973 -0.058220821321184002 -0.037687105514161656 0.019979474386540214 0.014743610284726942 0.0083318688594608524 -0.026630666882417438 -0.08419373841222115 -0.032260246405850568 -0.085701530262116063 0.0034561573616499843 0.00083843975303413002 -0.083757343371050091 1.2014359597266215 -0.014305058279729579 0.26517629722925712 -0.065059600820630198 0.024440819925557127 -0.011049239460127791
leaf_weight=453.85073086619377 1510.5746439099312 12400.837936565746 1513.339420793578 2217.5196099188179 2708.9686664864421 16853.759866740555 2675.6088675521314 151605.71915888321 6501.4315849076957 80273.470304699615 2275.930140524637 359.73777575790882 2570.9458009414375 1352.4313300377689 3203.5716547556221 3175.2030147258192 14054.700272349641 17894.968658813508 451.68959421338513 1551.1094622565433 155.68016139511019 593.68209546431899 71295.352634487674 6.9302376597188395 4.4475858537480235 14978.7800070066 79.377642303705215 1096.0131732821465 1342.4564746469259 91521.570805121213
leaf_count=1569 2899 346725 8738 8024 28273 206736 13103 205305 10211 113989 13685 2609 21167 14805 27914 17484 47985 743393 20467 12961 1847 4054 789300 272 115 97852 275 16679 9645 1071191
internal_value=0.0012773 -0.00504108 0.00470637 -0.0066742 -0.0047768 -0.00904283 0.00108196 0.00836315 -0.0123609 0.00898492 5.56951e-05 -0.0182344 -0.0323754 0.00522524 0.036225 0.000297297 -0.00156282 -0.0189205 -0.00858082 -0.00727264 0.0276493 0.0464479 0.00191411 -0.026333 0.418624 -0.00922409 -0.0117278 -0.0109151 0.0399174 -0.0116966
internal_weight=506680 267845 38436.2 229409 198650 114955 83695.6 238834 6955.28 231879 81478 7507.09 5231.16 18206.2 4716.91 33719.3 32208.7 30758.9 12852.5 2660.21 1109.1 953.42 73971 17906.3 11.3778 18154 96748.4 94039.4 1421.83 92617.6
internal_count=3859272 3528198 202872 3325326 2214354 1347604 866750 331074 11780 319294 858726 56323 42638 221541 36652 166220 163321 1110972 367192 21471 8510 6663 802403 743780 387 115336 1126063 1097790 9920 1087870
cat_boundaries=0 1 2 3 4 5 6 7 8 9 10 11 12 13 14 15 16 17 18
cat_threshold=2 1 32 128 32 6 20 906 512 4 40 4 120 128 21 1 2 2
is_linear=0
shrinkage=0.08


Tree=70
num_leaves=31
num_cat=21
split_feature=47 38 37 34 36 42 43 5 37 36 42 38 11 37 45 45 19 47 35 34 22 35 38 19 19 4 44 14 14 45
split_gain=2298.56 826.706 953.919 974.259 919.429 801.745 638.194 570.722 661.57 529.21 501.279 1235.55 1295.31 967.635 815.957 692.442 670.546 603.055 966.705 583.983 560.182 842.086 1227.72 619.5 538.632 517.109 516.728 774.58 609.162 491.59
threshold=0 1 2 3 4 5 6 1.0000000180025095e-35 7 8 9 10 3.5000000000000004 11 12 13 325.00500488281256 14 15 16 1.0000000180025095e-35 17 18 647.12500000000011 296.05000305175787 69.500000000000014 19 5.5000000000000009 6.5000000000000009 20
decision_type=1 1 1 1 9 9 9 2 1 9 9 1 2 1 9 9 2 1 1 1 2 1 1 2 2 10 9 2 2 9
left_child=-1 -2 3 9 10 29 -6 -8 -9 -3 11 12 13 -4 -13 -15 24 -12 25 -16 -21 22 23 -22 -17 -19 -24 -28 -29 -5
right_child=1 2 4 5 6 -7 7 8 -10 -11 17 14 -14 15 19 16 -18 18 -20 20 21 -23 26 -25 -26 -27 27 28 -30 -31
leaf_value=0.007388437322602818 0.0043002457546990067 0.0075479599888563518 0.038039778698926233 0.0081529962916767566 -0.043910386904534374 -0.035675237291666044 -0.034789659057601154 0.062346774869312456 -0.0083556778817580578 -0.029876095616297144 -0.0063845349782740224 -0.062629633491466288 0.0039432416256735955 -0.063165902357141798 0.03817252897832063 0.23974891553837346 -0.087748540804845551 0.026952380725250719 -0.00065632149392487254 -0.025783628645785091 -0.092467610627146521 -0.025883384883047481 0.24523427539016301 0.55783683707603837 0.86234755758710269 0.27873074381884921 -0.04112713232739415 0.91690874188545779 0.17583700899742488 -0.01946024241513216
leaf_weight=235834.39596747234 66237.12099169381 13712.765207735356 444.69019781332463 5666.225823760964 5460.0742799332365 16242.43207307253 2911.7601654976606 1161.8808529190719 3051.8914763517678 2925.6211103200912 78587.084299341775 1062.7601190265268 941.96199608268216 61.262369820848107 3099.5554843265563 525.06994046829641 40.395122082903981 9127.6637078635395 36652.082069904543 2934.8686993592419 11.048041759058831 523.99863165803254 77.75767632946372 61.924353154376149 9.0463694632053357 52.506949968636036 259.15229196241125 8.5634103137999755 41.510068617761135 15150.270913256565
leaf_count=330359 369928 121106 4520 99663 63303 268654 29269 10912 25637 22832 1639856 27822 17663 511 34356 6049 959 57619 318078 69849 166 11425 312 619 88 125 12069 178 596 312039
internal_value=0.00163306 -0.00344969 -0.00600598 -0.0151316 -0.00267414 -0.0223517 -0.0233425 -0.00754258 0.0112675 0.000953485 -0.00073887 0.0163893 0.0721555 0.132292 0.00236103 0.194557 0.22265 -0.00213098 0.00516199 0.0122774 -0.0082492 0.0439674 0.121466 0.404015 0.250294 0.0283616 0.0593514 0.0145288 0.302573 -0.0119436
internal_weight=502877 267043 200806 53697.3 147109 37058.9 12585.6 7125.53 4213.77 16638.4 134523 10103.6 2022.43 1080.46 8081.14 635.774 574.511 124419 45832.3 7018.38 3918.82 983.954 459.956 72.9724 534.116 9180.17 386.983 309.226 50.0735 20816.5
internal_count=3856562 3526203 3156275 824294 2331981 680356 129121 65818 36549 143938 2202860 187182 29790 12127 157392 7607 7096 2015678 375822 129570 95214 25365 13940 785 6137 57744 13155 12843 774 411702
cat_boundaries=0 1 2 3 4 5 6 7 8 9 10 11 12 13 14 15 16 17 18 19 20 21
cat_threshold=2 643 20 3 178 26 5 3 192 1 12 32 32 8 4 9 15 17 272 1 40
is_linear=0
shrinkage=0.08


Tree=71
num_leaves=31
num_cat=9
split_feature=47 37 32 3 4 4 46 3 32 40 3 31 38 37 4 32 38 1 23 43 19 17 3 3 19 12 19 43 11 17
split_gain=1916.31 561.928 520.376 505.457 521.605 705.165 467.032 1287.19 627.985 575.228 461.458 454.665 508.99 631.26 612.976 442.67 423.31 563.319 444.684 966.775 512.268 1128.27 1445.33 1420.81 482.058 445.014 589.394 660.35 925.974 871.888
threshold=0 1 -8.1149997711181623 339.64500427246099 15.500000000000002 16.500000000000004 2 35.100000381469734 -6.2149999141693106 3 inf inf 4 5 1.0000000180025095e-35 -0.57499998807907093 6 2.5000000000000004 3.5000000000000004 7 630.02499389648449 1.5000000000000002 325.05499267578131 344.75500488281256 3321.2500000000005 13022.274902343752 879.52499389648449 8 1.0000000180025095e-35 2.5000000000000004
decision_type=1 1 10 8 10 10 1 10 8 1 8 8 1 1 8 8 1 2 2 9 2 2 10 10 2 2 2 9 2 2
left_child=6 3 -3 -2 -5 -6 9 15 -9 -1 11 12 13 14 -11 -8 17 -4 24 20 -20 22 -22 -24 -18 26 27 28 29 -23
right_child=1 2 16 4 5 -7 7 8 -10 10 -12 -13 -14 -15 -16 -17 18 -19 19 -21 21 25 23 -25 -26 -27 -28 -29 -30 -31
leaf_value=0.017108899023933533 -0.032264593580818735 0.0027396784662673855 0.0032381212729816911 5.2223672641261325e-05 0.76026968055226041 -0.085837476652499994 -0.12306432789365779 -0.05508868822047517 0.023664639043777899 -0.096409371674835584 0.045229915281504898 -0.0019338319617937239 0.0088603355149891854 -0.00017767569172045698 -0.0059321741571511238 -0.036720071430030858 -0.003728428291532181 0.063514619284753049 0.0045557871632764613 -0.027764701605099154 -0.086610028553755755 1.2652361172251849 1.2758707052669753 0.24166877596558137 -0.028338162445227112 0.39151016431736663 -0.022248759780098243 0.014946074152850873 0.1174866652182657 0.38991842845190655
leaf_weight=34149.985703928396 7711.3835309082642 86138.774082258809 16411.937355270609 4165.2857368201949 13.46909060701728 11.850588123314081 427.59932721219957 744.34858515113592 5007.6318768952042 953.6638220641762 1884.0370201654732 41685.43014427647 136101.54151527584 8914.0807611905038 963.31112190335989 3414.3518126849085 127926.79382770183 1056.1448402963579 2794.6042884774506 13860.12097909255 21.40839443448931 10.569303249940274 16.798535570502281 17.213361320085824 5305.3406803854741 23.642096409574151 375.99066953407601 124.81950777769089 48.478766838088632 23.423195413313806
leaf_count=46021 223612 891185 88875 193610 56 489 1328 1793 6148 2535 2589 60379 186878 13854 1560 7129 1768734 3674 55781 169631 509 64 108 321 120070 329 9992 2663 742 265
internal_value=0.0015337 -0.00311202 -0.00231587 -0.0200944 0.00225276 0.364259 0.00681034 -0.0104753 0.0134734 0.00754853 0.00583351 0.0054403 0.00753238 -0.0091543 -0.0506787 -0.04633 -0.00490787 0.00687859 -0.00627548 -0.0183358 0.0194919 0.0828055 0.428336 0.752463 -0.00470839 0.0512539 0.0374624 0.145768 0.304975 0.662081
internal_weight=500304 266058 254156 11902 4190.61 25.3197 234246 9593.93 5751.98 224652 190502 188618 146933 10831.1 1916.97 3841.95 168017 17468.1 150549 17317.1 3456.95 662.344 55.4203 34.0119 133232 606.924 583.281 207.291 82.4713 33.9925
internal_count=3860924 3530710 3112943 417767 194155 545 330214 16398 7941 313816 267795 265206 204827 17949 4095 8457 2221758 92549 2129209 240405 70774 14993 938 429 1888804 14055 13726 3734 1071 329
cat_boundaries=0 1 2 3 4 5 6 7 8 9
cat_threshold=2 16 1 9 640 9 641 33 32
is_linear=0
shrinkage=0.08


Tree=72
num_leaves=31
num_cat=13
split_feature=47 38 45 36 39 36 38 3 12 3 37 32 12 32 18 42 16 12 17 12 21 39 3 37 32 20 12 45 41 4
split_gain=1839.03 695.988 971.692 598.311 493.047 488.814 886.547 739.043 968.604 1523.6 1339.67 1749 841.118 966.636 587.539 578.563 537.759 661.452 1592.59 524.884 809.802 769.084 752.277 1515.3 632.369 1200.14 961.493 510.12 638.873 657.978
threshold=0 1 2 3 4 5 6 487.29499816894537 30.10000038146973 513.95501708984386 7 10.545000076293947 22.024999618530277 -1.7949999570846555 2814.099975585938 8 2.5000000000000004 3820.3750000000005 22.500000000000004 1523.975036621094 1.0000000180025095e-35 9 473.33999633789068 10 16.414999961853031 1.0000000180025095e-35 1001.0200195312501 11 12 69.500000000000014
decision_type=1 1 9 9 9 9 1 8 2 8 1 8 2 10 2 9 2 2 2 2 2 9 10 1 10 2 2 9 9 8
left_child=1 2 3 -1 -2 6 7 16 9 10 11 12 13 -9 -8 -10 -3 -18 -19 20 21 -16 -23 24 25 -24 -27 28 29 -7
right_child=4 5 -4 -5 -6 27 14 8 15 -11 -12 -13 -14 -15 19 -17 17 18 -20 -21 -22 22 23 -25 -26 26 -28 -29 -30 -31
leaf_value=0.031752795880530281 0.011188709986692628 -0.018348939215491848 -0.078607383219596358 -0.028601845989175971 0.0028013023930486204 -0.027592536026813663 -0.0012970603030744946 0.34381963600557813 -0.045322204250432818 0.032098287446978756 0.02715920134012555 0.26523153257986598 2.0810174783578934 1.2855276152974708 -0.069121126227540811 0.0037307310995922738 0.028544024153893548 1.2161008344485376 0.12658457141680118 0.014485925188427179 0.23077760834232383 0.044466225055754406 1.5194523242188427 0.0040806688541179924 0.13396250192941309 -0.08784015407091611 0.84769954871770437 -0.028660924497887694 0.0066308922734221436 0.20922954502277727
leaf_weight=7027.3105218484998 53096.800217248499 42553.754275368527 643.83089259825647 1229.7248800136149 288980.40527990321 7232.4801058210433 57349.77756943088 13.36355970613659 1916.9283942771144 2025.0230826614425 96.314574688673019 64.113210280425847 3.9611311312764874 14.594924989156423 259.39142528735101 7638.9677333463915 148.68194436794147 10.977763073984532 39.418399113696069 4494.4429103839211 182.9684831216 413.62018092721701 10.685749408788977 80.557037307415158 12.271904140710829 10.482983389869334 21.34941964969039 13114.725224367343 9119.8749339841306 75.871532887220383
leaf_count=36200 77177 986861 6716 7150 1070026 90406 702245 465 95383 73240 3180 1779 23 367 4225 399159 3734 172 714 58765 1478 4358 58 1857 148 292 97 135706 98652 459
internal_value=0.000821858 -0.00638243 0.0153296 0.0227404 0.00410319 -0.00769847 -0.00538207 -0.0128454 0.00490056 0.0525361 0.267705 0.458394 0.989987 0.835411 0.0010953 -0.00615289 -0.0177353 0.113442 0.363913 0.0261077 0.0787982 0.0443983 0.0980372 0.26175 0.541094 0.785866 0.539609 -0.0168956 -0.0074916 -0.0250996
internal_weight=497883 155805 8900.87 8257.04 342077 146905 117362 54526.1 11773.3 2217.37 192.347 96.0328 31.9196 27.9585 62835.5 9555.9 42752.8 199.078 50.3962 5485.77 991.327 808.359 548.967 135.347 54.7901 42.5182 31.8324 29543 16428.2 7308.35
internal_count=3861092 2713889 50066 43350 1147203 2663823 2338600 1565077 573596 79054 5814 2634 855 832 773523 494542 991481 4620 886 71278 12513 11035 6810 2452 595 447 389 325223 189517 90865
cat_boundaries=0 1 2 3 4 5 6 7 8 9 10 11 12 13
cat_threshold=4 129 13 192 1 160 44 1 18 1 32 36 34
is_linear=0
shrinkage=0.08


Tree=73
num_leaves=31
num_cat=13
split_feature=47 2 41 34 36 3 41 34 41 44 11 19 19 7 34 35 17 13 2 17 26 12 43 19 12 3 3 40 12 34
split_gain=1463.26 1122.4 948.288 842.705 567.835 456.563 482.656 475.525 790.374 595.369 465.886 627.915 1045.72 1053.41 658.247 463.168 1187.42 447.712 439.393 435.793 436.821 435.068 464.35 430.416 469.48 609.303 434.796 418.106 408.272 406.806
threshold=0 inf 1 2 3 487.29499816894537 4 5 6 7 5.5000000000000009 305.82499694824224 325.00500488281256 94.395004272460952 8 9 8.5000000000000018 72.014999389648452 inf 32.500000000000007 1.5000000000000002 500.00001525878912 10 547.39999389648449 696.32501220703136 160.74500274658206 228.94499969482425 11 586.52502441406261 12
decision_type=1 8 9 1 9 8 9 1 9 9 2 2 2 2 1 1 2 2 8 2 8 2 9 2 2 10 10 1 2 1
left_child=18 4 3 -3 -2 6 -6 8 -8 -10 11 -11 13 14 17 16 -14 -13 29 20 -7 -17 -23 24 25 28 -27 -5 -24 -1
right_child=1 2 -4 27 5 19 7 -9 9 10 -12 12 15 -15 -16 21 -18 -19 -20 -21 -22 22 23 -25 -26 26 -28 -29 -30 -31
leaf_value=0.008853299824836033 -0.017349428650442637 0.074321925538798905 -0.056087391901923425 0.0078366007790375957 -0.006837578704081324 0.14588237345428931 0.046959085779489311 0.0030560086642148049 0.0063528576462477497 -0.024845214506971788 -0.054421130883997783 0.20065568889083946 -0.11109205579655365 -0.028270761082954003 -0.057243499097373425 -0.023887177788369712 0.88751907369039229 0.80378603050734898 0.022091234265650801 -0.028018432316913634 0.010441197268659564 -0.077814914850731012 -0.093931574626471864 0.050400738540950736 -0.014034210925011321 0.96907432051276166 0.24445899492054896 -0.079307968602721587 0.33352405211912955 0.0019879252869049353
leaf_weight=104743.8789197579 14324.131298470311 779.43434666097164 4491.0259887846187 847.35557364486158 86756.747628093231 153.28332448890433 1448.3713907897472 107504.51283343788 6303.7336876299232 9471.6184348850511 2518.7344167735428 9.9050530642271024 15.857870980165901 47.898602808825672 19.216915486380458 1177.526727756951 14.670940999407319 38.469543538987637 10356.967326228507 1943.7580012071412 26418.096014673822 119.45259432587773 20.632410272955894 344.1366202919744 37.735535255633295 13.535149182192983 8.7101349961012584 594.35948200058192 46.596509824506938 116901.62630587071
leaf_count=143466 134448 649 27984 2436 1263448 1022 6774 945304 47673 190177 66676 191 368 1214 582 30595 83 345 18093 70460 725241 4372 355 7402 832 47 284 3146 234 168856
internal_value=0.00134422 -0.00271185 -0.0350096 0.00782579 -0.00187405 -0.000966419 -0.00222293 0.000877154 -0.00993511 -0.014034 -0.0232866 -0.0163992 0.0253894 0.258742 0.462134 0.0104077 0.277804 0.563752 0.0059854 0.00854763 0.0112225 0.00419657 0.0602416 0.0948673 0.222619 0.322427 0.685351 -0.0283883 0.202339 0.00523281
internal_weight=497472 265470 6712.18 2221.15 258757 244433 215918 129161 21656.8 20208.4 13904.7 11386 1914.34 115.49 67.5915 1798.85 30.5288 48.3746 232002 28515.1 26571.4 1768.33 590.799 471.346 127.21 89.4742 22.2453 1441.72 67.2289 221646
internal_count=3862757 3532342 34215 6231 3498127 3363679 2566956 1303508 358204 351430 303757 237081 46904 2332 1118 44572 451 536 330415 796723 726263 44121 13526 9154 1752 920 331 5582 589 312322
cat_boundaries=0 1 2 3 4 5 6 7 8 9 10 11 12 13
cat_threshold=2 16 48 25 34 96 17 1 32 8 5 8 28
is_linear=0
shrinkage=0.08


Tree=74
num_leaves=31
num_cat=12
split_feature=48 34 39 37 41 33 13 3 34 3 7 19 3 17 33 43 45 27 19 35 34 16 18 37 18 17 16 13 19 42
split_gain=380.806 354.71 959.868 736.364 392.198 529.536 570.654 454.937 355.003 349.932 349.39 433.943 488.526 459.488 402.807 282.521 436.693 400.114 354.728 285.453 532.606 869.718 742.324 597.457 297.513 628.072 519.794 899.39 544.119 380.657
threshold=0 1 2 3 4 1.0000000180025095e-35 610.42501831054699 114.20499801635744 5 500.60501098632818 474.80001831054693 2312.4050292968755 350.29499816894537 107.50000000000001 1.0000000180025095e-35 6 7 7.5000000000000009 1021.2749938964845 8 9 1.5000000000000002 4884.4501953125009 10 8002.4899902343759 27.500000000000004 1.0000000180025095e-35 1198.7249145507815 2312.4050292968755 11
decision_type=9 1 9 1 9 2 2 10 1 8 2 2 10 2 2 9 9 8 2 1 1 2 2 1 2 2 2 2 2 9
left_child=1 -1 8 10 5 -5 7 -7 9 -3 11 -4 14 -14 -13 16 -6 -18 -17 20 21 23 -23 24 25 26 29 -28 -29 -19
right_child=-2 2 3 4 15 6 -8 -9 -10 -11 -12 12 13 -15 -16 18 17 19 -20 -21 -22 22 -24 -25 -26 -27 27 28 -30 -31
leaf_value=0.0027762251259597754 0.040179172112579507 0.32729361896343306 -0.0091320155988635285 -0.0060621298643353397 -0.015083732400744097 0.19281767988605963 0.19728471180577997 -0.098155616133141457 0.014959730289671944 -0.063002190897104612 -0.028766418013615042 0.071584586641629352 -0.061633237348899444 0.31907130838447501 0.41650862873271288 0.0020460229193358355 0.19614719521657731 0.018013074758005416 -0.018472059926326702 0.0090318453315402277 0.016585333890372235 0.70332170415390749 -0.0047444381514696998 -0.016700015932249616 -0.041102125620323962 0.64144482295039096 0.037109009962403239 0.93806180681333362 0.30420901061778888 0.15600426192562483
leaf_weight=248287.76586484676 1564.3683110009879 49.03035412915051 59534.442790417001 55142.691681864206 3692.8792411042377 48.967184543609619 170.6626996062696 115.51489620935172 19074.846554689575 20.998463131021708 5826.7482618317008 648.81064033322036 304.3478961228393 21.739056800957769 22.417241612449288 72835.710481683025 77.494781388901174 264.08338540047407 5823.8315725426655 16473.026488669682 3667.696025014855 25.817160427104682 14.9710207269527 364.44060808653012 72.762798887677491 14.991956324316559 35.192985667847097 16.800755069591105 17.904585067182779 260.37090439349413
leaf_count=1983804 11404 198 547246 301398 31990 86 502 1047 107250 418 103435 6098 10901 115 137 519291 342 4060 107171 84921 31663 187 172 3528 1228 219 424 90 117 1004
internal_value=0.000771154 0.000646088 -0.00151587 -0.00297606 -2.36318e-05 -0.00545182 0.0948021 -0.0115313 0.0156819 0.183988 -0.0100548 -0.00825532 0.0440785 -0.036253 0.0831041 0.00288179 0.0102887 0.0146915 0.000526829 0.014036 0.0312871 0.0802747 0.443431 0.0668881 0.110178 0.13005 0.117151 0.32208 0.611055 0.0898383
internal_weight=494491 492927 244639 225494 159136 55477.8 335.145 164.482 19144.9 70.0288 66358.5 60531.8 997.315 326.087 671.228 103658 24998.4 21305.6 78659.5 21228.1 4755.03 1087.34 40.7882 1046.55 682.107 609.345 594.353 69.8983 34.7053 524.454
internal_count=3860446 3849042 1865238 1757372 1089440 303033 1635 1133 107866 616 667932 564497 17251 11016 6235 786407 159945 127955 626462 127613 42692 11029 359 10670 7142 5914 5695 631 207 5064
cat_boundaries=0 1 2 3 4 5 6 7 8 9 10 11 12
cat_threshold=1 28 1 1 3 64 12 34 1 64 32 56
is_linear=0
shrinkage=0.08


Tree=75
num_leaves=31
num_cat=14
split_feature=47 2 41 31 32 37 36 32 37 38 2 42 32 32 38 41 2 37 6 1 37 38 18 6 6 42 41 12 7 19
split_gain=1417.8 825.775 656.827 650.739 703.73 540.648 502.818 500.237 476.817 579.14 506.964 467.389 444.443 444.203 390.882 392.259 587.553 409.785 487.797 366.308 528.631 393.049 363.273 732.604 726.303 544.22 885.624 490.318 560.061 623.037
threshold=0 inf 1 1.0000000180025095e-35 -4.4749999046325675 2 3 6.9649999141693124 4 5 inf 6 -5.1849999427795401 -16.414999961853024 7 8 2.5000000000000004 9 1.0000000180025095e-35 2.5000000000000004 10 11 288.22500610351568 26.375018119812015 421.00001525878912 12 13 281.00001525878912 868.62500000000011 1.0000000180025095e-35
decision_type=1 8 9 10 10 1 9 10 1 1 8 9 10 8 1 9 10 1 2 2 1 1 2 2 2 9 9 2 2 2
left_child=8 3 -3 4 13 -6 22 11 -1 -10 12 -8 -11 -2 -13 16 -16 18 -18 -15 21 -21 23 25 -24 -7 -27 -25 29 -29
right_child=1 2 -4 -5 5 6 7 -9 9 10 -12 14 -14 19 15 -17 17 -19 -20 20 -22 -23 24 27 -26 26 -28 28 -30 -31
leaf_value=0.0097799377719123802 0.027592233857191097 0.0049724255802799976 -0.048823820370078139 0.020505615568449383 -0.028842204215178833 0.0099875021642976177 -0.02166660392571413 -0.033589538107262701 -0.019915317454586329 -0.0034583359057406165 0.032096270938930423 0.015544263267894884 0.006300238449168021 -0.00040151850112559682 0.0051574627875381543 -0.023505071274568589 0.099787170035209191 -0.074021441899682502 0.41544645981385159 0.050184446675519724 -0.02042696275357964 0.00089620898053503664 -0.015254812090610975 0.015702742318476386 0.0034932560426110303 0.024419776817222162 -0.013676794788820619 0.42299445610101361 0.68157599700848581 0.052335693955504213
leaf_weight=91592.440425323322 4195.919595271349 2163.465882065706 4430.8168766256422 7590.2933538090438 6682.7973936700728 13785.21536140237 10702.015929331072 6930.5218501593918 7088.4180893506855 47475.194779708982 3863.0660797934979 6164.616829412058 80543.416570851579 84768.395744387992 1894.3655639169738 5206.4166112113744 71.151456292718649 37.82411920838058 55.984272785484791 3035.1833005072549 1560.9176272451878 1580.1095846453682 33663.50764894858 12686.766877755057 21781.48410734022 4472.3367037698627 30391.82987394277 33.459101690910757 11.12085463432595 218.91511241253465
leaf_count=128063 35131 6122 28028 30116 257589 145237 94400 70704 12767 69846 6552 39608 113465 1119223 18042 50251 490 458 200 46651 14869 18411 580622 170760 407901 36111 356012 292 69 3137
internal_value=0.000715037 -0.00328657 -0.0312407 -0.00257075 -0.00327157 -0.00659965 -0.00559372 -0.0146407 0.00529898 0.0023448 0.00354266 -0.00920493 0.00268131 0.0021431 0.000740769 -0.0118234 0.0176814 0.162576 0.221375 0.00096895 0.0197786 0.0333484 -0.00319165 0.00103645 -0.00788966 -0.00346484 -0.00878421 0.0179461 0.12596 0.101477
internal_weight=494678 264115 6594.28 257521 249931 154790 148108 31062.9 230563 138970 131882 24132.4 128019 95140.5 13430.4 7265.74 2059.33 164.96 127.136 90944.6 6176.21 4615.29 117045 61599.6 55445 48649.4 34864.2 12950.3 263.495 252.374
internal_count=3861127 3530434 34150 3496284 3466168 2231883 1974294 274153 330693 202630 189863 203449 183311 1234285 109049 69441 19190 1148 690 1199154 79931 65062 1700141 711618 988523 537360 392123 174258 3498 3429
cat_boundaries=0 1 2 3 4 5 6 7 8 9 10 11 12 13 14
cat_threshold=2 16 16 129 22 129 35 531 33 6 57 806 19 1
is_linear=0
shrinkage=0.08


Tree=76
num_leaves=31
num_cat=10
split_feature=47 38 42 43 32 15 3 34 5 3 41 34 3 11 6 11 20 11 6 19 19 22 3 27 19 38 4 23 43 41
split_gain=1322.1 755.898 547.638 988.862 736.965 558.95 1054.09 916.475 1121.58 805.441 531.172 652.097 576.008 777.932 611.544 1484.02 2113.1 525.651 522.27 571.712 503.636 596.145 776.181 469.505 553.702 449.708 540.255 756.299 424.37 563.37
threshold=0 1 2 3 4.5450000762939462 1.0000000180025095e-35 181.61499786376956 4 6.5000000000000009 656.00500488281261 5 6 578.36499023437511 2.5000000000000004 26858.224609375004 16.500000000000004 3.5000000000000004 15.500000000000002 641.52496337890636 180.004997253418 595.52499389648449 2.5000000000000004 205.59500122070315 inf 1.0000000180025095e-35 7 63.500000000000007 -1.0000000180025095e-35 8 9
decision_type=1 1 9 9 10 2 8 1 2 10 9 1 10 2 2 2 2 2 2 2 2 2 10 8 2 1 10 2 9 9
left_child=-1 -2 3 5 28 -3 18 8 9 -8 20 -12 25 -14 -15 16 17 -16 19 -7 21 -5 -23 24 -6 26 -13 -28 29 -4
right_child=1 2 4 10 23 6 7 -9 -10 -11 11 12 13 14 15 -17 -18 -19 -20 -21 -22 22 -24 -25 -26 -27 27 -29 -30 -31
leaf_value=0.0051092229492160444 0.0050697327748145202 0.011297538515201435 0.023131008189700306 -0.0097846391154135983 0.23424590586545774 0.41169548172759612 0.35563599860966144 0.017311596425186673 -0.020217190158044664 1.1029918087545334 0.0037325915324192978 -0.0602139889020454 0.052505853639831256 -0.015344187718470601 -0.084460964483285189 0.066691008741248808 2.3063317613976566 1.4056567818202041 0.67670016930279775 -0.0899943459932325 -0.038171694484773998 0.82349307444074482 -0.087320107184228585 -0.032489792978141988 -0.026733744277263844 -0.013928924626968773 0.45951717884716836 -0.095993191604594658 -0.0098577728656103619 -0.010442396156974848
leaf_weight=229574.62910267804 55838.640525825322 20215.155581910163 6249.8171127606183 13659.997498420533 92.862863180227578 39.329616157338023 25.667194712907076 694.10958464350551 30.36732866615057 14.410702780820428 45706.857056516455 2032.5366718973964 1908.9917737971991 3822.982505552005 7.1865970788057876 108.7712295006495 4.7831958387978366 1.9198208339512346 22.38403694704175 23.061690343543887 5279.6785439676605 12.559613906778397 11.444354197010396 10169.338276080787 118.32060053292662 20188.84124565497 30.963960196822882 31.787535522133112 70850.139305211371 6534.0996430302039
leaf_count=330073 326136 211994 65676 219887 485 101 331 7464 464 39 698847 35961 76120 210870 412 4656 159 62 89 278 116267 94 234 163997 2075 468811 88 331 835628 82484
internal_value=0.000670261 -0.00319386 -0.00541344 -0.00168216 -0.00993223 0.0139621 0.0775459 0.0478689 0.303425 0.624361 -0.00523398 -0.00216593 -0.011745 0.0105814 -0.00970266 0.166127 0.944825 0.229687 0.345191 0.226256 -0.0171737 -0.00908468 0.389245 -0.030038 0.0880258 -0.017616 -0.0528241 0.178117 -0.00743792 0.00597626
internal_weight=493302 263727 207888 113874 94014.6 21064.5 849.33 764.555 70.4452 40.0779 92809.3 73845.6 28138.8 5854.64 3945.64 122.661 13.8896 9.10642 84.7753 62.3913 18963.7 13684 24.004 10380.5 211.183 22284.1 2095.29 62.7515 83634.1 12783.9
internal_count=3860113 3530040 3203904 2053559 1150345 220760 8766 8298 834 370 1832799 1496317 797470 292279 216159 5289 633 474 468 379 336482 220215 328 166557 2560 505191 36380 419 983788 148160
cat_boundaries=0 1 2 3 4 5 6 7 8 9 10
cat_threshold=2 642 25 8 96 18 30 24 6 18
is_linear=0
shrinkage=0.08


Tree=77
num_leaves=31
num_cat=21
split_feature=47 35 38 47 1 37 37 34 40 38 38 38 45 16 38 40 38 34 38 3 19 12 36 3 3 45 4 12 34 37
split_gain=1195.05 581.933 410.486 453.905 365.889 386.87 351.433 427.349 520.415 361.525 359.497 344.559 327.534 322.758 419.003 316.187 720.029 357.317 352.514 736.041 1676.52 841.59 745.17 614.202 545.695 504.405 511.918 488.241 585.786 487.416
threshold=0 1 2 3 1.5000000000000002 4 5 6 7 8 9 10 11 1.0000000180025095e-35 12 13 14 15 16 47.329999923706062 2008.2750244140627 426.87500000000006 17 584.10998535156261 487.29499816894537 18 3.5000000000000004 281.00001525878912 19 20
decision_type=1 1 1 1 2 1 1 1 1 1 1 1 9 2 1 1 1 1 1 10 2 2 9 10 10 9 10 2 1 1
left_child=15 2 3 4 5 13 10 8 11 -10 12 -8 -3 -2 -15 16 17 -1 19 20 -17 -22 23 24 -21 26 -20 28 -24 -30
right_child=1 6 -4 -5 -6 -7 7 -9 9 -11 -12 -13 -14 14 -16 18 -18 -19 25 22 21 -23 27 -25 -26 -27 -28 -29 29 -31
leaf_value=0.12339476990240655 0.031482070062876621 -0.083213581146291307 0.0028074667830735541 0.011694525646689607 0.052869124999273744 -0.0085996157466865439 0.098899024236380306 -0.0029357009165334185 0.01520045417217734 -0.00033288163215259041 0.0062566080070061338 0.023342308493789571 -0.01013578250255953 0.28230832484852864 0.034268912281445844 0.054116453074615205 -0.027157465996657453 -0.019859797495040212 0.0067949594704359764 0.1501007363981357 1.5697819372812873 0.32369408758963353 0.026315735514567604 -0.089534313112813554 0.57993110138728066 -0.0043829219992953207 0.057759903662922642 -0.028591554054228016 0.0030362200149184619 -0.032694926641233107
leaf_weight=310.52171697467566 680.32773777469993 479.06385604850948 28172.405391627923 30498.1614252422 3431.3047897182405 1749.6673941751942 577.05483366921544 127334.43355025258 13655.488582028076 32156.12056751363 95349.386284746695 1192.5741021707654 2036.7024439880624 74.818715650588274 112.95550657808781 579.94529968546703 7353.9825812028721 173.24790079891682 10990.51451198617 159.33571138978004 6.9066052641719562 6.9689947362057865 2815.1977984698024 62.672082682140172 21.447745871730149 108484.41574489442 1424.8868168340996 11491.262518201722 4829.6139101746958 4939.1916943597607
leaf_count=938 1641 1839 47562 41440 3752 4723 967 493307 41007 137921 364440 3015 5026 160 225 10574 87460 943 81239 2221 76 175 96885 1755 230 1585903 6452 555622 144659 137293
internal_value=0.000585165 0.00324776 0.0100671 0.0156608 0.0356839 0.0131579 0.00162939 -0.000518512 0.0059495 0.00429959 0.00546803 0.0483977 -0.024326 0.0564589 0.14996 -0.00526336 -0.0209073 0.0727291 -0.00442073 -0.0130845 0.0749086 0.943937 -0.0152385 0.121297 0.201095 -0.00263453 0.0126339 -0.0166627 -0.00578291 -0.0150447
internal_weight=491151 337500 64719.6 36547.2 6049.07 2617.77 272781 174916 47581.2 45811.6 97865.2 1769.63 2515.77 868.102 187.774 153650 7837.75 483.77 145812 24912.5 593.821 13.8756 24318.7 243.456 180.783 120900 12415.4 24075.3 12584 9768.81
internal_count=3859450 1147025 99503 51941 10501 6749 1047522 676217 182910 178928 371305 3982 6865 2026 385 2712425 89341 1881 2623084 949490 10825 251 938665 4206 2451 1673594 87691 934459 378837 281952
cat_boundaries=0 1 2 3 4 5 6 7 8 9 10 11 12 13 14 15 16 17 18 19 20 21
cat_threshold=4 24 118 1 3 114 12 1 547 128 608 32 32 1 512 77 32 2 8 32 48
is_linear=0
shrinkage=0.08


Tree=78
num_leaves=31
num_cat=12
split_feature=47 32 36 40 6 37 3 12 33 20 10 34 41 37 3 37 3 45 37 22 3 17 19 19 34 3 13 19 3 37
split_gain=842.492 567.588 748.889 611.219 481.857 858.216 454.689 427.382 424.057 388.272 407.056 580.162 526.263 393.162 392.126 469.145 438.16 385.217 415.248 562.79 430.816 387.425 555.421 637.831 490.413 714.031 866.191 404.379 372.116 607.667
threshold=0 5.1849999427795419 1 2 467.17498779296881 3 18.185000419616703 330.67503356933599 1.0000000180025095e-35 3.5000000000000004 1.0000000180025095e-35 4 5 6 513.95501708984386 7 362.86999511718756 8 9 4.5000000000000009 487.29499816894537 13.500000000000002 426.98001098632818 502.27499389648443 10 335.66999816894537 432.02496337890631 466.02499389648443 24.515000343322757 11
decision_type=1 10 9 1 2 1 8 2 2 2 2 1 9 1 10 1 8 9 1 2 10 2 2 2 1 10 2 2 10 1
left_child=-1 6 -3 4 5 -4 7 -2 9 10 28 12 13 -12 15 16 -14 21 19 -19 -20 22 -5 24 25 26 -24 -28 29 -8
right_child=1 2 3 17 -6 -7 8 -9 -10 -11 11 -13 14 -15 -16 -17 -18 18 20 -21 -22 -23 23 -25 -26 -27 27 -29 -30 -31
leaf_value=0.0046379534354024912 -0.011620496209201577 -0.038581167884440631 0.23533028403026626 -0.0051874478605173878 0.10859080363348668 -0.015317183675231492 0.050306922529699767 -0.070274489527453368 0.026096568021593675 -0.032387011781979287 0.022818056832892591 -0.011776997220764267 0.22840068513349632 -0.063022251299866064 0.089128238789263389 0.022781493101545886 -0.0036153436668705762 0.019133056500239415 -0.030115150735654187 0.45795149626704013 0.000657304531087132 -0.021679217222227171 0.13545433800652412 0.018219332201373683 0.041678244743152564 0.051525794245804508 0.27108388243291376 0.69218985983268366 -0.0014644666618642659 0.0021039296149837159
leaf_weight=228596.9436300993 10532.776947866194 5414.5282459137961 87.554837061092257 7459.3932281758171 496.18959397356957 835.61841043038294 2341.1773585230112 859.97679220512509 4018.8063060778659 2362.5064107149374 646.17292182310484 4108.7282392971683 143.11630255356431 707.87567529454827 693.34600657224655 7521.3502572178841 81.905387984588742 1302.0831450908445 10420.166461374611 18.977582058869302 4040.8357622993644 3854.1674162470736 73.914030716754496 3343.8139352297876 353.74331020517275 115.96308401226997 22.933921294286847 40.134893310256302 184426.06482172431 5825.9980089506134
leaf_count=330725 76255 58613 309 108431 1919 5391 11507 5611 35412 49949 14370 71148 840 13387 13556 80719 944 22101 174553 82 130796 105906 678 70357 5553 2074 133 234 2425805 43161
internal_value=0.00108832 -0.00200699 -0.0110646 -0.00646154 0.044696 0.0108377 -0.000477134 -0.016048 0.000356186 -0.000139105 0.000229841 0.01345 0.0240208 -0.022191 0.0314524 0.0263307 0.137824 -0.00881399 -0.017575 0.0252458 -0.0215015 0.000249884 0.00765757 0.0319117 0.107378 0.190096 0.321281 0.539062 -0.000724464 0.0159858
internal_weight=490747 262150 37880 32465.5 1419.36 923.173 224270 11392.8 212877 208858 206496 13902.5 9793.77 1354.05 8439.72 7746.37 225.022 31046.1 15782.1 1321.06 14461 15264.1 11409.9 3950.5 606.689 252.946 136.983 63.0688 192593 8167.18
internal_count=3860519 3529794 687130 628517 7619 5700 2842664 81866 2760798 2725386 2675437 194964 123816 27757 96059 82503 1784 620898 327532 22183 305349 293366 187460 79029 8672 3119 1045 367 2480473 54668
cat_boundaries=0 1 2 3 4 5 6 7 8 9 10 11 12
cat_threshold=2 26 4 10 86 20 114 2 12 10 20 32
is_linear=0
shrinkage=0.08


Tree=79
num_leaves=31
num_cat=18
split_feature=47 2 46 3 40 38 37 3 42 34 3 4 13 40 32 41 45 15 34 41 37 34 38 19 19 37 34 19 42 18
split_gain=748.278 782.351 514.349 531.632 484 480.474 830.739 1287.32 720.315 1046.67 1040.28 924.141 716.338 670.321 627.561 599.699 601.079 562.335 588.235 555.979 491.992 936.846 485.782 453.616 2008.11 453.593 833.509 488.542 780.333 778.131
threshold=0 inf 1 inf 2 3 4 47.329999923706062 5 6 121.22500228881837 43.500000000000007 4104.8999023437509 7 -10.284999847412108 8 9 1.0000000180025095e-35 10 11 12 13 14 684.60000610351574 761.52499389648449 15 16 12.039999961853029 17 91.099998474121108
decision_type=1 8 1 8 1 1 1 10 9 1 10 10 2 1 10 9 9 2 1 9 1 1 1 2 2 1 1 2 9 2
left_child=-1 2 3 5 -3 6 7 12 9 10 14 -12 17 19 -8 16 20 18 22 -7 21 -15 23 -2 -25 -21 27 29 -29 -27
right_child=1 4 -4 -5 -6 13 8 -9 -10 -11 11 -13 -14 15 -16 -17 -18 -19 -20 25 -22 -23 -24 24 -26 26 -28 28 -30 -31
leaf_value=0.0042021733604205285 0.10098923509122212 0.0069011283053515005 0.015354574988356422 0.064177866837322545 -0.043142060784916433 -0.003406645925326547 0.52832592184210758 -0.0030529934342028772 -0.017225357890289016 -0.0048292177795191934 0.041324668918638785 0.56840242300615995 0.47090876910941371 0.18524026912206498 0.14430074987892547 -0.0047387925948318126 -0.058875902958140762 0.25151545936033826 -0.039143663306708647 0.012095783086663344 -0.054303124582774843 -0.0030627728095807012 0.036043034705556282 1.3305161748571188 -0.08810636288571104 0.013101788509128813 -0.028304518220847178 0.019319010207980311 -0.01651154813052497 0.099767729675424202
leaf_weight=226918.14434483554 632.82961888611317 1687.9463623622432 11226.96878588479 770.74359692260623 4643.0708702020347 61460.838193369098 46.19829645100981 23393.404131381307 45213.692600149196 7563.0002364413813 1405.5258010118268 21.617097102105618 25.313024623319507 176.3024182934314 66.345672212541103 16976.143310936168 3072.3532584179193 81.750154735520482 521.33708386868238 44107.686669578776 991.62539261905476 1834.4741173014045 2587.167155303061 10.094024632126095 17.384645143523812 9849.0292702298611 5633.4745888044126 6214.0937162009068 10364.343401873484 710.89111347310245
leaf_count=329757 3759 5040 35945 736 29176 592104 242 524260 1181780 205855 30916 17 59 1043 707 112705 30513 444 5630 432785 10650 14602 21784 66 290 68503 83726 49578 83741 4884
internal_value=0.000841302 -0.00207728 -0.00138751 -0.00215865 -0.029857 -0.00236907 -0.00737213 0.00402065 -0.0130915 0.00743797 0.0673372 0.0493084 0.046725 0.000160491 0.30194 -0.012467 -0.0340205 0.0439365 0.0394339 0.00226529 -0.00847493 0.0142824 0.0520088 0.113094 0.433011 0.00679953 -0.000330216 0.00548507 -0.00307949 0.0189361
internal_weight=488224 261306 254975 243748 6331.02 242977 81585.7 27269.3 54316.4 9102.69 1539.69 1427.14 3875.88 161391 112.544 23050.9 6074.76 3850.56 3768.81 138340 3002.4 2010.78 3247.48 660.308 27.4787 76879.5 32771.8 27138.4 16578.4 10559.9
internal_count=3861297 3531540 3497324 3461379 34216 3460643 1975809 556292 1419517 237737 31882 30933 32032 1484834 949 169513 56808 31973 31529 1315321 26295 15645 25899 4115 356 723217 290432 206706 133319 73387
cat_boundaries=0 1 2 3 4 5 6 7 8 9 10 11 12 13 14 15 16 17 18
cat_threshold=2 1 8 44 34 3 8 6 34 12 60 19 15 64 32 99 15 10
is_linear=0
shrinkage=0.08


Tree=80
num_leaves=31
num_cat=9
split_feature=47 38 36 1 3 45 3 0 4 11 42 19 13 13 11 4 4 19 3 4 6 45 3 3 39 22 36 17 36 4
split_gain=697.257 734.254 1078.49 516.171 500.18 827.119 764.105 723.5 978.804 617.467 613.76 790.736 789.351 1326.04 1213.09 1050.95 1748.19 693.22 633.653 563.28 695.653 507.85 507.445 484.282 767.569 466.545 659.707 558.238 426.287 622.819
threshold=0 1 2 1.5000000000000002 487.29499816894537 3 632.06500244140636 1.5000000000000002 7.5000000000000009 1.0000000180025095e-35 4 991.42501831054699 121.25500106811525 232.0249938964844 8.5000000000000018 23.500000000000004 21.500000000000004 187.82500457763675 386.30499267578131 10.500000000000002 641.52496337890636 5 726.79501342773449 753.33502197265636 6 1.0000000180025095e-35 7 100.50000000000001 8 1.0000000180025095e-35
decision_type=1 1 9 2 8 9 10 2 10 2 9 2 2 2 2 10 10 2 10 10 2 9 10 10 9 2 9 2 9 8
left_child=1 4 -3 -2 7 6 -6 25 28 22 11 12 -10 15 -15 16 17 -14 -16 -19 -21 -11 -8 24 -24 27 -27 -1 -9 -30
right_child=3 2 -4 -5 5 -7 9 8 10 21 -12 -13 13 14 18 -17 -18 19 -20 20 -22 -23 23 -25 -26 26 -28 -29 29 -31
leaf_value=-0.0092450300667470588 0.0015188721639370665 0.0059651054327578626 -0.019259772586340072 0.010986649904187721 0.042759543405080612 -0.017503783158417007 0.016777021156051924 -0.030845539228611756 0.037601602640398059 0.064739337153872548 -0.0056513751384578079 -0.087856809328749175 0.04913283741922251 -0.027201077470985144 0.52228499624676705 -0.087296513340495263 1.4494002557449142 0.92589868718567292 -0.085886619714618112 -0.089290991994531568 0.84626483748419068 -0.032988517820299573 -0.10868402206275429 0.11017578036987846 0.66462847635564348 0.37716119148790078 0.015892887460875547 0.47825644261817829 -0.04727968862523118 0.08618174325615062
leaf_weight=33465.478884884156 292330.26658732072 63984.17751807021 13052.029283763841 42169.631442236714 4519.68712817505 6510.9159279414453 436.48011303739622 20437.772723316681 286.83618610817939 379.98781947907992 1038.4492141692899 128.10163948871195 20.453408718109131 135.16481938771904 51.418667702935636 17.095551457256079 13.037723630666731 19.764909944497049 13.935864415951071 11.404724026098849 9.1819455660879594 2718.8155479684938 11.893319868482649 165.00472348695621 26.55806488217786 22.642885002307594 4394.8915306301787 15.039817966520785 410.45327866263688 492.0644800523296
leaf_count=640502 1081740 740771 141850 63529 173063 297519 11766 454710 4059 13773 14662 2628 298 2133 397 299 44 125 289 205 18 115451 192 2889 644 166 84591 72 6209 4883
internal_value=0.000667228 -0.00381038 0.00168938 0.00271245 -0.00940231 0.00380572 0.0206023 -0.0126027 -0.0237674 -0.00612801 0.0338421 0.0906962 0.131817 0.224538 0.109624 0.477926 0.608782 0.428538 0.392602 0.620851 0.32798 -0.0209023 0.0654143 0.169757 0.425437 -0.00580184 0.0186344 -0.00902604 -0.0284777 0.0252059
internal_weight=487289 152789 77036.2 334500 75752.5 14769.3 8258.43 60983.2 23085.1 3738.74 1744.84 706.395 578.294 291.458 200.519 90.9383 73.8427 60.805 65.3545 40.3516 20.5867 3098.8 639.936 203.456 38.4514 37898.1 4417.53 33480.5 21340.3 902.518
internal_count=3859477 2714208 882621 1145269 1831587 615297 317778 1216290 490959 144715 25157 10495 7867 3808 2819 989 690 646 686 348 223 129224 15491 3725 836 725331 84757 640574 465802 11092
cat_boundaries=0 1 2 3 4 5 6 7 8 9
cat_threshold=4 108 224 14 34 2 1 32 226
is_linear=0
shrinkage=0.08


Tree=81
num_leaves=31
num_cat=11
split_feature=47 10 12 36 22 36 33 38 38 35 32 13 7 37 3 36 32 1 14 4 11 35 13 37 4 3 13 31 3 34
split_gain=540.894 576.216 539.28 512.608 1084.17 473.829 456.129 449.771 424.331 507.441 588.509 789.236 1823.24 465.186 1071.08 755.116 535.496 587.924 960.895 602.708 503.617 567.962 591.644 554.796 491.825 484.974 475.454 653.462 464.954 457.401
threshold=0 1.0000000180025095e-35 8461.7250976562518 1 2.5000000000000004 2 1.0000000180025095e-35 3 4 5 -5.4549999237060538 165.2749938964844 136.77490234375003 6 35.100000381469734 7 -3.1850000619888301 2.5000000000000004 1.5000000000000002 1.0000000180025095e-35 23.500000000000004 8 81.010009765625014 9 6.5000000000000009 527.82501220703136 3226.424926757813 inf 416.05499267578131 10
decision_type=1 2 2 9 2 9 2 1 1 1 8 2 2 1 8 9 10 2 2 8 2 1 2 1 10 10 2 8 10 1
left_child=1 3 8 7 6 -6 -5 -1 9 10 11 12 -3 14 -10 -16 17 -17 19 25 21 24 23 -23 -15 28 -24 -28 -19 -13
right_child=-2 2 -4 4 5 -7 -8 -9 13 -11 -12 29 -14 20 15 16 -18 18 -20 -21 -22 22 26 -25 -26 -27 27 -29 -30 -31
leaf_value=0.01517534991875511 0.002603634952543071 0.21681752591097936 -0.042367826090867443 -0.030534744492290315 -0.061695761745925747 0.40529199465732246 0.10100342076250231 -0.0046193572033813224 0.50940610316649848 -0.019865403679159056 0.021177640239616852 0.2380469613700073 2.3487339635703144 -0.045721637085585271 0.28627851534705195 0.060939108634795326 0.0078349448996117652 0.047718287055609182 0.82544253267290379 -0.094953334732672076 0.09024978872846641 0.27708116435087937 0.013267462177466471 -0.074932443332418816 0.054878489927604676 -0.09165979160141649 0.10130040526015252 0.64406707570140331 0.49059643330874231 -0.069253750882730294
leaf_weight=7798.8562513012439 334275.13687067712 9.4689846001565439 1019.098719560774 7428.4009651476517 22.413011938333511 43.422228681854904 172.64023868460208 124206.84007540834 33.2497528064996 2870.9968283367343 700.70806652982719 80.824089986504987 3.5223724180832496 1560.7981202956289 75.649361073970795 894.75385788083076 1248.1308135716245 21.146533882245421 15.651591725647448 40.454783765599132 522.96533110039309 99.095767747610807 2471.568136381451 39.096273408271372 388.42636072263122 18.532643476501107 160.88208100758493 15.57016320619732 53.691153976134956 45.867036039708182
leaf_count=43900 1146699 366 26510 91222 346 103 1627 2341422 208 71171 30189 3938 31 22790 474 13237 21470 387 98 543 5549 703 27651 470 3528 372 1719 131 324 3036
internal_value=0.000804199 -0.00315145 0.013383 -0.00461819 -0.0247152 0.298501 -0.0275472 -0.00344883 0.0183795 -0.00384676 0.0504673 0.20101 0.794848 0.0291159 0.0582645 0.052176 0.043014 0.0854742 0.232339 0.162972 0.0157198 0.00752213 0.0306366 0.19212 -0.0255438 0.274724 0.022325 0.149194 0.365454 0.140116
internal_weight=486338 152063 12390.1 139673 7666.88 65.8352 7601.04 132006 11371.1 3711.39 840.391 139.682 12.9914 7659.66 2401.26 2368.01 2292.36 1044.23 149.477 133.825 5258.4 4735.44 2786.21 138.192 1949.22 93.3703 2648.02 176.452 74.8377 126.691
internal_count=3860214 2713515 234895 2478620 93298 449 92849 2385322 208385 108731 37560 7371 397 99654 37113 36905 36431 14961 1724 1626 62541 56992 30674 1173 26318 1083 29501 1850 711 6974
cat_boundaries=0 1 2 3 4 5 6 7 8 9 10 11
cat_threshold=4 195 8 129 42 1 9 40 8 34 82
is_linear=0
shrinkage=0.08


Tree=82
num_leaves=31
num_cat=15
split_feature=44 45 46 41 34 13 4 19 1 6 37 4 44 46 17 7 45 21 27 42 41 17 10 34 41 6 42 19 37 18
split_gain=421.412 604.179 502.524 1037.22 466.484 575.407 739.683 523.9 407.291 1434.92 384.484 410.858 363.079 560.188 348.171 337.234 331.324 330.716 379.843 364.473 328.083 544.158 327.539 588.176 320.342 306.25 390.855 373.633 304.889 371.799
threshold=0 1 2 3 4 518.52499389648449 36.500000000000007 152.05000305175784 3.5000000000000004 96.00000381469728 5 13.500000000000002 6 7 2.5000000000000004 55.000003814697273 8 1.0000000180025095e-35 5.5000000000000009 9 10 2.5000000000000004 1.0000000180025095e-35 11 12 30.10000038146973 13 1279.090026855469 14 1575.3750000000002
decision_type=9 9 1 9 1 2 8 2 2 2 1 10 9 1 2 2 9 2 8 9 9 2 2 1 9 2 9 2 1 2
left_child=2 12 24 -4 5 10 8 22 -7 -10 11 14 13 17 -3 -13 -5 18 19 -2 21 -19 -6 -24 -1 -8 27 -27 -26 -30
right_child=1 4 3 16 7 6 25 -9 9 -11 -12 15 -14 -15 -16 -17 -18 20 -20 -21 -22 -23 23 -25 28 26 -28 -29 29 -31
leaf_value=0.02304823396778646 0.0029858994431842928 0.034620168954189984 0.013207847096338515 -0.078236077921324212 -0.0063102446972037249 0.01745292699805356 0.34910982002979246 -0.023820352099236365 1.5139643992840937 0.053854356755143135 -0.012637202640286687 0.094596182258680162 -0.024702751676639174 0.021385477943147078 -0.037622146446047215 0.43325106380912387 -0.026134048210629174 0.35416135660075043 0.00012224116500703403 0.13525639079845003 0.0038765108803316536 0.027682085741376383 0.20141475051242791 -0.019917795245200758 0.028600256237527689 0.34655589225850869 0.039816448237954882 0.042577686009922074 0.0068111031823303728 -0.027722997113199987
leaf_weight=10108.444846295752 284.52264476614073 1902.4671452166513 5710.3723351620138 1026.9418725203723 29998.682356541976 1403.2915128027089 44.880270505324006 14832.051886364352 5.2744858991354731 23.498827843926847 5813.9301998163573 67.231414994224906 3498.2435413424391 8587.3620043713599 550.51160129252821 26.134407591074705 3344.0289762243629 32.901591388508677 345218.43428185768 250.93382226862013 8980.4559886881616 4710.1933365170844 125.51739813294262 180.05826016655192 3780.6567593757063 81.321608074009418 179.50770655972883 37.957619125023484 32718.873250811361 2124.7989649362862
leaf_count=53400 1884 13176 9610 3322 249286 13679 163 241488 58 476 39753 340 30725 17547 7181 92 6484 184 2868594 739 87177 48453 361 2191 8191 197 1079 164 140130 13593
internal_value=0.000662485 -0.000212282 0.00701099 -0.00924746 -0.00801527 0.00748979 0.0488558 -0.011498 0.0235621 0.32151 -0.00128743 0.02458 0.00094865 0.00119248 0.0184071 0.18939 -0.0385258 0.000710098 0.000226671 0.0675543 0.0128897 0.0298838 -0.00547083 0.0769356 0.0103744 0.154255 0.124986 0.230498 0.00704968 0.00470383
internal_weight=485649 426835 58814.1 10081.3 55272.3 10136 1775.73 45136.3 1432.06 28.7733 8360.27 2546.34 371563 368065 2452.98 93.3658 4370.97 359477 345754 535.456 13723.6 4743.09 30304.3 305.576 48732.8 343.667 298.787 119.279 38624.3 34843.7
internal_count=3859717 3624987 234730 19416 569684 76358 15816 493326 14213 534 60542 20789 3055303 3024578 20357 432 9806 3007031 2871217 2623 135814 48637 251838 2552 215314 1603 1440 361 161914 153723
cat_boundaries=0 1 2 3 4 5 6 7 8 9 10 11 12 13 14 15
cat_threshold=1 13 1 38 4 11 2 1 32 41 33 2 21 16 70
is_linear=0
shrinkage=0.08


Tree=83
num_leaves=31
num_cat=12
split_feature=47 38 44 41 35 3 34 19 36 19 12 38 3 11 8 38 19 12 12 3 15 3 3 17 36 17 18 17 35 41
split_gain=602.49 498.117 547.901 738.084 489.934 478.825 558.404 536.902 532.108 466.057 468.82 545.811 590.729 625.18 582.67 572.206 1233.96 665.576 678.804 900.428 643.785 541.786 820.129 541.103 527.184 561.644 655.732 500.797 489.231 614.436
threshold=0 1 2 3 4 37.284999847412116 5 466.02499389648443 6 3865.9499511718755 903.85000610351574 7 251.96500396728518 8.5000000000000018 4.5000000000000009 8 1159.9749755859377 1131.424987792969 1172.0250244140627 90.794998168945327 1.0000000180025095e-35 77.055000305175795 57.645000457763679 13.500000000000002 9 16.500000000000004 1800.7500000000002 4.5000000000000009 10 11
decision_type=1 1 9 9 1 10 1 2 9 2 2 1 8 2 2 1 2 2 2 10 2 10 10 2 9 2 2 2 1 9
left_child=1 5 3 -3 -2 -1 -7 8 -8 10 27 12 15 14 -14 16 17 -12 19 -19 24 22 -17 -22 -20 -26 -27 -4 29 -29
right_child=4 2 9 -5 -6 6 7 -9 -10 -11 11 -13 13 -15 -16 21 -18 18 20 -21 23 -23 -24 -25 25 26 -28 28 -30 -31
leaf_value=-0.028548207344014621 0.00062866710634551211 0.03204510530010115 -0.0055686027639615734 -0.0026025610159989862 0.0072685644914302835 -0.0384373801665552 0.029535669686479082 -0.010719703641994429 -0.029038879644987064 -0.037497583005628436 -0.0072180126234953988 -0.0090580588421471462 -0.032107663434380089 0.020747709648152576 0.67431005751771056 -0.071210826480876344 -0.057925126994076842 -0.085488543359405367 0.37145690044627927 0.65630430289101205 0.69541971883029396 0.011951200267148535 0.18568104334755539 0.2127207268228456 0.026696131980355361 0.81354539407774273 0.16211976131207681 0.12774955826485887 -0.023127774236315516 -0.0002761049584915852
leaf_weight=1997.6263692681678 232450.95279151713 5497.1365608349442 68223.616557830013 13784.238597800955 102467.73569362937 1254.3315386541653 11544.90005496284 3542.3545077871531 1080.0381248779595 3178.9600846625399 109.93332829978317 9764.9638595585711 2337.6941561121494 4685.3534915354103 7.4966928604990235 110.6404729001224 212.01525231637061 13.922313183546065 40.988601040095091 42.268865626305342 25.410518934950233 2321.9564508572221 282.90877152979374 35.807246830314398 228.52635700441897 12.719835575670002 44.445504426956177 280.94281502068043 19664.473542253487 1377.5098816817626
leaf_count=25711 913213 36712 1196762 94470 233414 18348 163083 96165 8840 97521 2303 359865 35964 64564 69 1023 4950 286 168 325 168 18361 1269 203 4673 139 504 4081 456433 20234
internal_value=0.000765857 -0.0034167 -0.00517297 0.00729079 0.00266037 0.00854531 0.0128035 0.0167924 0.0245251 -0.00730009 -0.00642599 0.00455818 0.0171989 0.00386991 -0.0298495 0.0441646 0.104839 0.169018 0.212645 0.472513 0.175001 0.0265647 0.11346 0.413081 0.130386 0.0799969 0.307068 -0.00891327 -0.0196147 0.0220472
internal_weight=486622 151703 132284 19281.4 334919 19419.3 17421.6 16167.3 12624.9 113003 109824 20277.1 10512.1 7030.54 2345.19 3481.54 766.038 554.023 444.089 56.1912 387.898 2715.51 393.549 61.2178 326.68 285.692 57.1653 89546.5 21322.9 1658.45
internal_count=3859821 2713194 2401047 131182 1146627 312147 286436 268088 171923 2269865 2172344 494834 134969 100597 36033 34372 13719 8769 6466 611 5855 20653 2292 371 5484 5316 643 1677510 480748 24315
cat_boundaries=0 1 2 3 4 5 6 7 8 9 10 11 12
cat_threshold=4 137 1 21 32 65 224 86 4 72 16 32
is_linear=0
shrinkage=0.08


Tree=84
num_leaves=31
num_cat=19
split_feature=31 45 10 38 42 36 38 45 33 34 5 42 19 42 18 38 3 3 34 19 3 43 38 35 19 34 42 38 45 36
split_gain=330.57 674.207 228.888 264.106 359.353 258.85 333.248 402.328 278.244 444.46 306.824 283.046 306.816 268.048 219.767 217.46 207.706 234.81 276.251 206.551 550.399 206.281 380.543 203.964 202.444 200.49 557.376 457.039 847.198 432.424
threshold=1.0000000180025095e-35 0 1.0000000180025095e-35 1 2 3 4 5 1.0000000180025095e-35 6 2.5000000000000004 7 9969.9150390625018 8 176.77500152587893 9 409.46501159667974 416.05499267578131 10 76.049999237060561 74.524997711181655 11 12 13 7610.5651855468759 14 15 16 17 18
decision_type=10 9 2 1 9 9 1 9 2 1 2 9 2 9 2 1 10 10 1 2 8 9 1 1 2 1 9 1 9 9
left_child=2 15 5 4 24 6 7 -1 11 10 -10 12 14 -12 16 -2 -8 18 -18 20 -6 22 -13 -21 -4 26 -7 28 29 -28
right_child=1 -3 3 -5 19 25 8 -9 9 -11 13 21 -14 -15 -16 -17 17 -19 -20 23 -22 -23 -24 -25 -26 -27 27 -29 -30 -31
leaf_value=0.024728667728870113 -0.023024015837933162 0.018100711128598176 0.034653628487405094 0.0028804760017060007 0.39744892549020189 0.011645610238698645 -0.031163422711270587 -0.05074067412016553 0.010184135610210737 -0.032074291967655121 -0.030447783846169873 0.095462086032653576 0.1546727835263616 0.21223317435076844 -0.0078765084798032379 -0.13689802087368383 0.30303085585280204 -0.0034542890773290938 -0.011129386845206361 -0.027528052777254911 -0.050758148493665653 -0.0043940862723165462 -0.016152328886829076 0.014533150160699133 0.1459546833069027 -0.0015248217651240719 0.23564941593544478 -0.00082178486664738557 0.001618004012671803 0.048951675524566161
leaf_weight=3944.3718614922836 228.17371928831562 10641.055704998784 3469.1987571083009 27067.985763170291 29.872555568814278 33016.206329467706 6962.9715743726119 501.60357711650431 116.3958016904071 244.71408155187964 39.546797953546047 364.65850490890443 67.343220501672477 161.08075493108481 9078.211726821959 221.61188992485404 25.834100883454084 1056.0434851106256 43.111154427751899 1225.8234920259565 42.455588024109602 43706.173266371712 408.57398593984544 1821.5657543297857 107.83998998254538 180605.04624229972 73.667977094650269 150770.7315984508 6368.4882186204195 2657.3464079517871
leaf_count=9574 1440 33033 16449 270465 25 258134 37873 1948 1009 2413 423 746 258 518 51478 1392 80 5222 208 6425 215 231300 1887 9438 214 1536149 58 1350459 25664 6336
internal_value=0.000377008 0.0140297 5.75426e-05 0.00640532 0.0206175 -0.000429339 -0.00501873 0.0161193 -0.00653019 0.0495179 0.11004 -0.00704142 -0.0157426 0.173458 -0.0164204 -0.0808875 -0.0260103 0.00588438 0.148926 0.000740148 0.134358 -0.00366577 0.0370321 -0.00242877 0.0379032 0.000390636 0.00218412 0.000229537 0.0176308 0.0548291
internal_weight=485068 11090.8 473977 33764.7 6696.76 440212 66720.6 4445.98 62274.7 561.737 317.023 61712.9 17233.5 200.628 17166.2 449.786 8087.96 1124.99 68.9453 3119.72 72.3281 44479.4 773.232 3047.39 3577.04 373491 192886 159870 9099.5 2731.01
internal_count=3860833 35865 3824968 303231 32766 3521737 344937 11522 333415 4363 1950 329052 95119 941 94861 2832 43383 5510 288 16103 240 233933 2633 15863 16663 3176800 1640651 1382517 32058 6394
cat_boundaries=0 1 2 3 4 5 6 7 8 9 10 11 12 13 14 15 16 17 18 19
cat_threshold=32 192 40 120 1 5 50 33 11 556 8 2 18 32 29 3 512 34 1
is_linear=0
shrinkage=0.08


Tree=85
num_leaves=31
num_cat=13
split_feature=33 36 37 34 38 41 34 19 19 38 4 37 38 41 32 7 12 4 1 13 12 41 42 33 11 38 2 32 2 13
split_gain=269.826 478.314 492.115 461.168 436.907 395.402 394.282 350.242 294.492 556.36 290.586 289.539 283.538 345.15 571.881 380.535 1140.69 277.105 272.086 252.216 626.042 244.656 266.792 291.047 252.613 238.653 223.61 221.122 423.301 218.275
threshold=1.0000000180025095e-35 0 1 2 3 4 5 166.27500152587893 3572.525024414063 6 59.500000000000007 7 8 9 16.414999961853031 1704.549987792969 968.62500000000011 2.5000000000000004 5.5000000000000009 23.610003471374515 449.42500305175787 10 11 2.5000000000000004 4.5000000000000009 12 1.0000000180025095e-35 -16.414999961853024 1.0000000180025095e-35 59.049987792968757
decision_type=2 9 1 1 1 9 1 2 2 1 10 1 1 9 10 2 2 10 2 2 2 9 9 2 2 1 8 8 8 2
left_child=18 2 4 8 6 -4 -2 -6 10 -10 11 -3 13 15 19 -13 -17 -7 27 20 -15 -5 23 26 -24 -26 -23 28 29 -1
right_child=1 3 5 21 7 17 -8 -9 9 -11 -12 12 -14 14 -16 16 -18 -19 -20 -21 -22 22 24 -25 25 -27 -28 -29 -30 -31
leaf_value=-0.020563496604868298 0.27176779159371994 0.062944864564151881 -0.10037720986879085 -0.040065305277643529 0.13595101207555635 0.022925593565710695 -0.069168808986375133 -0.062451962816376466 0.21059745850177333 -0.077565070785007614 0.15141157083978385 -0.034873757156534228 -0.053348817833081749 0.055181888729312609 0.39644843308320432 1.1574468197433005 -0.091224679316298921 0.24761717722767917 0.043517902922734372 -0.03620284850960262 0.48505326018106693 0.058059273390990145 -0.078992112433425729 0.36132642392717307 0.070428057826187648 -0.062611737803658821 -0.078075067737607196 -0.00019497918919910996 0.035425666510818958 0.011647351271951198
leaf_weight=2181.1895728856325 163.59204664081335 628.03461617603898 133.03613324929029 1245.5715819592588 142.17674253042787 144.67354428768158 26.676454549655318 94.989683300256729 133.84551017126068 58.804646949283779 111.92021910008043 469.98779410705902 452.82600596081465 176.3677480192855 34.139411420561373 6.8941154642961946 14.593792773317544 46.392074078321457 923.09434130694717 126.34702569246292 24.72157861571759 518.75019138166681 308.62345116585493 18.330627434421331 216.10269159264863 130.737233099062 90.726478969678283 469073.51957497071 3270.7503070309758 3518.0604177895002
leaf_count=10634 508 2949 1554 14187 533 535 340 1170 458 1780 303 10380 4586 743 107 20 457 95 4281 1249 147 3897 2362 41 1214 1431 887 3759467 10785 21714
internal_value=0.000329396 0.0179175 0.0767964 0.00845684 0.132675 0.00133682 0.2229 0.0542015 0.0348299 0.129544 0.0260812 0.018828 -0.00284922 0.0242651 0.082578 -0.0194266 0.309395 0.0736287 0.000126738 0.052375 0.10803 -0.0149333 0.0095815 0.0465001 -0.0259468 0.0205056 0.0377944 4.29503e-05 0.0124851 -0.00068023
internal_weight=484485 5518.86 751.537 4767.32 427.435 324.102 190.269 237.166 2238.48 192.65 2045.83 1933.91 1305.88 853.051 361.576 491.476 21.4879 191.066 478967 327.436 201.089 2528.84 1283.27 627.807 655.463 346.84 609.477 478044 8970 5699.25
internal_count=3858814 51933 4735 47198 2551 2184 848 1703 23179 2238 20941 20638 17689 13103 2246 10857 477 630 3806881 2139 890 24019 9832 4825 5007 2645 4784 3802600 43133 32348
cat_boundaries=0 1 2 3 4 5 6 7 8 9 10 11 12 13
cat_threshold=58 41 98 70 38 52 788 78 55 52 50 11 391
is_linear=0
shrinkage=0.08


Tree=86
num_leaves=31
num_cat=11
split_feature=44 3 3 46 47 37 45 37 34 20 12 3 34 3 18 46 32 4 21 20 10 23 4 32 36 34 23 18 23 26
split_gain=417.066 1026.35 676.605 664.292 454.099 763.043 543.711 398.436 412.189 387.36 386.656 827.06 363.608 438.186 360.438 371.504 356.844 740.474 443.258 676.009 598.056 378.556 366.787 351.147 340.539 334.996 466.962 1041.73 332.688 330.435
threshold=0 9.4749999046325701 inf 1 2 3 4 5 6 7.5000000000000009 35052.945312500007 271.57499694824224 7 18.185000419616703 159.98999786376956 8 2.6650000810623173 22.500000000000004 1.0000000180025095e-35 6.5000000000000009 1.0000000180025095e-35 6.5000000000000009 25.500000000000004 -3.9250000715255733 9 10 1.0000000180025095e-35 32.024999618530281 1.0000000180025095e-35 9.2500000000000018
decision_type=9 10 8 1 1 1 9 1 1 2 2 10 1 10 2 1 10 8 2 2 2 2 10 10 9 1 2 2 2 8
left_child=1 3 4 -1 7 10 23 -2 -9 16 -6 -12 -3 14 15 -14 21 18 -18 24 -21 -8 -23 25 -20 26 -7 -28 -15 -25
right_child=2 12 -4 -5 5 6 9 8 -10 -11 11 -13 13 28 -16 -17 17 -19 19 20 -22 22 -24 29 -26 -27 27 -29 -30 -31
leaf_value=-0.00035455342573275658 0.0065396179497613713 0.0011909179393643468 0.037722622326455742 -0.046602432554964268 -0.03591677639806054 -0.0057745029146718209 0.00053439052005636943 0.0027273738761947487 -0.0070089958731803298 -0.052446976228957824 0.87329168311780569 0.048706031782070357 0.0070536626729837707 0.014783209005295566 -0.051853733704028356 -0.14478391542842939 -0.014753769892588713 0.013430418922347536 0.1908661135415799 0.095775830609582557 0.67077247138634277 -0.039085378790613488 0.12632993377158561 0.20880957111852003 0.0095351030458166973 -0.040439403840542301 1.0740441149865185 0.10456229060975879 0.03438269846297639 -0.063573952176808626
leaf_weight=4819.8940521879122 79548.58961180225 16234.376110776328 2966.6970103317872 3382.7781131733209 5151.8053567255847 486.55799085088074 163508.83453698759 77992.377857204527 43252.410539245233 965.34277925128117 8.8994873240590078 62.150059240637347 6048.4985393956304 19870.819064680487 824.77405618131161 104.91893595643342 35953.883390717208 8568.3577972250059 58.520268950611353 30.289337137248367 18.73913312703371 2159.4517114940099 89.340381676331162 28.980885824654251 2159.9288976565003 821.37783759180456 7.3823776980862013 181.20574798900634 7686.9882678855211 1731.8300577555783
leaf_count=17803 114649 92808 4064 7692 345549 9622 2056127 113057 67579 20589 44 2624 26062 61390 4097 442 676572 72629 220 617 204 30491 758 800 46729 18654 126 2885 23718 41978
internal_value=0.000524243 0.00682941 -0.000349115 -0.0194272 -0.000616265 -0.00310977 -0.0023808 0.0021405 -0.000746234 -0.00188508 -0.0332968 0.151992 0.0110715 0.0157112 -0.0021917 0.00446475 -0.00165553 -0.00782521 -0.0125902 0.0217155 0.315545 8.60349e-05 -0.0325137 -0.0347689 0.0152218 -0.00638397 0.0351263 0.142513 0.0202503 -0.0590908
internal_weight=484726 58973 425753 8202.67 422786 221993 216770 200793 121245 213513 5222.85 71.0495 50770.4 34536 6978.19 6153.42 212547 46789.7 38221.4 2267.48 49.0285 165758 2248.79 3257.33 2218.45 1496.52 675.146 188.588 27557.8 1760.81
internal_count=3860579 234012 3626567 25495 3622503 3327218 2979001 295285 180636 2904936 348217 2668 208517 115709 30601 26504 2884347 796971 724342 47770 821 2087376 31249 74065 46949 31287 12633 3011 85108 42778
cat_boundaries=0 1 2 3 4 5 6 7 8 9 10 11
cat_threshold=1 1 2 16 2 22 92 96 1 33 44
is_linear=0
shrinkage=0.08


Tree=87
num_leaves=31
num_cat=11
split_feature=47 2 43 38 38 37 11 18 12 3 11 44 32 8 40 43 38 41 1 3 2 3 18 11 20 3 4 3 4 47
split_gain=615.846 493.798 672.523 450.441 415.093 583.033 509.525 499.031 498.946 1067.14 564.895 536.139 538.708 1680.08 463.336 517.488 747.139 489.215 482.19 410.498 408.523 389.68 659.182 999.088 454.797 366.885 384.701 460.418 505.951 357.374
threshold=0 inf 1 2 3 4 28.500000000000004 1719.6099853515627 1209.400085449219 584.10998535156261 7.5000000000000009 5 -6.4849998950958243 1.0000000180025095e-35 6 7 8 9 2.5000000000000004 140.08000183105472 2.5000000000000004 500.60501098632818 546.42501831054699 24.500000000000004 4.5000000000000009 314.81500244140631 39.500000000000007 149.28499603271487 40.500000000000007 10
decision_type=1 8 9 1 1 1 2 2 2 10 2 9 10 2 1 9 1 9 2 8 10 8 2 2 2 10 10 10 10 1
left_child=-1 4 -3 -4 5 6 7 8 -2 -10 11 12 -11 -14 17 19 18 -6 25 -16 -19 24 23 -23 29 26 -17 -28 -29 -7
right_child=1 2 3 -5 14 21 -8 -9 9 10 -12 -13 13 -15 15 16 -18 20 -20 -21 -22 22 -24 -25 -26 -27 27 28 -30 -31
leaf_value=0.0029964263787041123 -0.015567225675302622 -0.056691577138897421 -0.073333848781075614 0.0072773024872182105 -0.0027406974260702063 -0.0082776150436394014 0.07146011069082811 -0.051862601636538816 -0.0095441443479905002 0.28719358043585319 0.089727885787893952 0.058009291055768117 0.56906352115149161 2.5014149853929255 -0.042198248663551888 -0.0075782718685775529 -0.040436329210625059 0.0093793903060418096 0.066922849347314045 0.028217205780365646 -0.038220990796312568 0.025516886220651763 -0.0054010157337798801 1.2463536249049443 -0.060583091705547341 -0.073258361211535283 0.2168271164969367 0.35873615891930583 -0.018590890195078667 0.0021350792249733219
leaf_weight=224735.29070357792 22070.915384901222 2525.9360261037946 502.01593664102256 3314.0017073173076 46521.199052281678 54026.316162009723 417.63700368232094 2458.3532399418764 305.66570165939629 22.780099074821919 60.190136732067913 18.123860246036202 21.784515814622868 3.3182589260395607 640.05274397879839 7446.315805407241 5541.2526070103049 54549.44061993435 588.86974449455738 3077.414124276489 1178.8583879768848 7468.4554055049084 9693.4280089251697 4.2925783139653495 925.53979511419311 516.89911948889494 106.28272652626038 25.236359775066376 230.21569035202265 34607.577266783454
leaf_count=330997 492247 18093 3709 12230 362483 1131548 11681 98912 7496 958 2548 216 674 186 3912 44736 42484 360371 2592 15513 10298 196510 365107 188 18066 4648 270 133 1510 320897
internal_value=-6.75485e-05 -0.00272752 -0.0247754 -0.00349145 -0.00217381 -0.00527032 -0.016167 -0.0176396 -0.0139009 0.0712592 0.266976 0.428604 0.568876 0.824495 0.00122343 -0.0105439 -0.0173897 0.00331564 -0.00303349 0.0160503 0.00837097 -0.00267787 0.00836339 0.0262182 -0.00479448 -0.00798553 -0.00366442 0.0769024 0.0186856 -0.00421192
internal_weight=483604 258868 6341.95 3816.02 252526 132104 25378.8 24961.1 22502.8 431.863 126.197 66.0067 47.8829 25.1028 120422 18172.5 14455.1 102249 8913.82 3717.47 55728.3 106726 17166.2 7472.75 89559.4 8324.95 7808.05 361.735 255.452 88633.9
internal_count=3861213 3530216 34032 15939 3496184 2647234 614918 603237 504325 12078 4582 2034 1818 860 848950 115798 96373 733152 53889 19425 370669 2032316 561805 196698 1470511 51297 46649 1913 1643 1452445
cat_boundaries=0 1 2 3 4 5 6 7 8 9 10 11
cat_threshold=2 41 322 300 20 2 6 38 530 19 4
is_linear=0
shrinkage=0.08


Tree=88
num_leaves=31
num_cat=11
split_feature=47 2 41 38 38 19 17 41 45 16 42 17 12 19 32 45 18 38 19 5 42 1 19 19 1 38 32 31 17 6
split_gain=477.176 462.63 416.01 405.265 394.65 540.277 573.095 383.374 543.074 509.719 505.044 555.667 693.392 570.105 468.508 435.792 437.476 430.51 638.266 492.315 427.03 410.72 400.97 397.971 388.786 386.905 384.581 368.855 365.206 362.596
threshold=0 inf 1 2 3 2723.8750000000005 100.50000000000001 4 5 1.0000000180025095e-35 6 11.500000000000002 3284.974975585938 3095.9499511718755 4.3250000476837167 7 500.05000305175787 8 145.97499847412112 8.5000000000000018 9 1.0000000180025095e-35 1196.0849609375002 829.92501831054699 5.5000000000000009 10 1.6250000000000002 inf 102.50000000000001 2014.6750488281252
decision_type=1 8 9 1 1 2 2 9 9 2 9 2 2 2 8 9 2 1 2 2 9 2 2 2 2 1 8 8 2 2
left_child=27 4 -3 -4 5 6 -2 8 29 15 -11 12 13 17 22 16 24 18 -12 -19 -9 -15 -14 -20 -10 -22 -25 -1 -8 -6
right_child=1 2 3 -5 7 -7 28 20 9 10 11 -13 14 21 -16 -17 -18 19 23 -21 25 -23 -24 26 -26 -27 -28 -29 -30 -31
leaf_value=0.0047739240196681453 -0.0042585721808357443 -0.054869548360399721 -0.062171836565448883 0.0011671982596289359 0.018873550497042833 -0.032918699162046136 0.38259383452253715 0.0081084803152202609 -0.0044609497431263153 -0.054569232619461117 0.40046627730409884 -0.011245236496081506 0.019030620076808089 0.30133295634989848 -0.022077304989103954 -0.043452185267354573 -0.029318227254228311 0.0052309327419016371 -0.0049121175980662603 0.19261597885059581 0.012520705024781928 -0.10031668332653579 0.39387733894799731 0.38221965770916039 0.28482252196368346 -0.0051165848151956744 -0.001397317496395419 -0.0029213052869713277 0.081481953260105905 0.13340841265438749
leaf_weight=172170.89704255387 102091.37735299417 1879.2280810615048 774.90457460097969 3672.7440224690363 2889.4699151208624 4323.0694857733324 35.550645825918764 59298.833932164591 18614.164778738283 540.97466462105513 46.015775974839926 1408.239139364101 23.521353378891945 84.069102061912417 36.639199786819518 2756.7559199212119 5703.5456304131076 1561.9110135985538 142.32507845759392 95.202692442573607 9786.7620767243207 20.211458371020854 81.703725153580308 41.731251038610935 29.780900880694389 42456.392970008776 27.911836359649897 51876.85707744211 93.78409977350384 188.43620285950601
leaf_count=252306 2013745 15083 5704 13463 15214 160557 101 518382 204929 5988 143 16803 214 362 369 32677 74893 17187 830 781 48817 317 244 123 101 378967 179 77913 1455 562
internal_value=0.000289434 -0.0020512 -0.0234178 -0.00998295 -0.00151556 -0.00521643 -0.00404537 0.00118849 -0.00620797 -0.00937152 0.0168767 0.0277798 0.0533365 0.0413262 0.224299 -0.0133556 -0.009926 0.0314073 0.12553 0.0159004 0.00346282 0.223486 0.310086 0.0717673 -0.00399886 -0.00181081 0.228472 0.00299214 0.16425 0.0258018
internal_weight=482753 258705 6326.88 4447.65 252378 106544 102221 145835 34292.6 31214.7 4110.46 3569.48 2161.24 2019.38 141.864 27104.2 24347.5 1915.1 257.984 1657.11 111542 104.281 105.225 211.968 18643.9 52243.2 69.6431 224048 129.335 3077.91
internal_count=3858409 3528190 34250 19167 3493940 2175858 2015301 1318082 371916 356140 43540 37552 20749 19922 827 312600 279923 19243 1275 17968 946166 679 458 1132 205030 427784 302 330219 1556 15776
cat_boundaries=0 1 2 3 4 5 6 7 8 9 10 11
cat_threshold=2 37 326 60 2 8 3 5 640 26 640
is_linear=0
shrinkage=0.08


Tree=89
num_leaves=31
num_cat=11
split_feature=47 17 41 45 35 6 6 1 7 35 40 6 26 17 11 20 42 41 17 22 7 35 41 42 1 1 13 19 19 7
split_gain=401.415 536.698 648.433 618.17 528.306 480.254 655.883 546.077 480.894 460.936 426.739 542.387 527.529 477.55 529.776 409.854 402.741 407.075 374.186 397.413 384.166 371.092 360.379 376.19 645.372 492.991 492.926 467.223 426.51 377.552
threshold=0 12.500000000000002 1 2 3 1.0000000180025095e-35 44.025001525878913 5.5000000000000009 39.274995803833015 4 5 507.47459411621099 9.2500000000000018 4.5000000000000009 4.5000000000000009 5.5000000000000009 6 7 25.500000000000004 2.5000000000000004 1248.975036621094 8 9 10 1.5000000000000002 2.5000000000000004 783.27499389648449 579.01501464843761 563.42501831054699 1.0000000180025095e-35
decision_type=1 2 9 9 1 2 2 2 2 1 1 2 8 2 2 2 9 9 2 2 2 1 9 9 2 2 2 2 2 2
left_child=-1 5 4 -4 18 7 8 16 9 -7 11 13 -12 22 15 -15 -2 -18 19 -3 -21 -5 23 24 27 29 -27 28 -8 -25
right_child=1 2 3 21 -6 6 10 -9 -10 -11 12 -13 -14 14 -16 -17 17 -19 -20 20 -22 -23 -24 25 -26 26 -28 -29 -30 -31
leaf_value=0.0025432964633790782 0.0054799642132025749 0.049026146444304093 0.0015103326502202221 -0.0163786190259473 -0.039683590857499292 0.085978405427000276 0.058771149375530823 0.096574438519577102 0.013613808503444583 0.00361680139328545 0.15864988868123922 0.013912295856313733 -0.043313465575706804 -0.033593567583890621 -0.0037095430077875415 0.4808675147477281 0.0014527960311981397 -0.0092209065836223961 -0.098674268803974993 0.039881980474229119 0.52844640228174833 -0.064826797028631297 -0.00054620903989250789 0.041607930865128206 -0.043661864300031196 0.055404990823411833 0.31113993075367347 -0.076110828344048406 0.65617789311960539 -0.0058636855079730026
leaf_weight=223575.62732763775 23174.089544941438 412.78835131041706 17440.881768661551 3480.4734785433393 6538.1627069958486 1383.0951528027654 2790.081363776233 345.6414955817163 4695.8786768610589 644.887239204254 86.472057497128844 20620.908886704827 1934.1741978642531 5165.6798120546155 18843.583195870277 9.9297515423968417 32253.937780653127 78589.298437547637 99.260207481682301 18.740181607194245 22.871787200681865 1430.7428237567656 29066.646002211608 1278.1506322501227 524.77129774494097 487.58095718408003 53.533268362749368 170.2008092966862 7.6693915622308841 6655.4173414793331
leaf_count=330922 232974 5205 365870 61203 125480 13002 38181 1518 74747 9827 260 337120 15650 91933 312247 45 328382 933155 1787 188 30 62960 317833 32379 8388 6657 296 3427 128 148178
internal_value=6.16482e-05 -0.002087 -0.0122534 -0.00555454 -0.0333122 -0.000778594 0.00359386 -0.00385118 0.0276736 0.0602297 0.00174759 0.00260621 -0.0344999 -0.000977244 -0.00993621 -0.0326065 -0.00411018 -0.00611515 0.041296 0.0727802 0.308419 -0.0305957 0.00426687 0.0159441 0.038011 0.00681542 0.0807052 0.0525799 0.0604088 0.00178431
internal_weight=481801 258226 29443.9 22352.1 7091.82 228782 94418.7 134363 6723.86 2027.98 87694.8 85674.2 2020.65 65053.2 24019.2 5175.61 134017 110843 553.661 454.4 41.612 4911.22 41034.1 11967.4 3492.72 8474.68 541.114 2967.95 2797.75 7933.57
internal_count=3859972 3529050 622723 490033 132690 2906327 1410298 1496029 97576 22829 1312722 1296812 15910 959692 404225 91978 1494511 1261537 7210 5423 218 124163 555467 237634 50124 187510 6953 41736 38309 180557
cat_boundaries=0 1 2 3 4 5 6 7 8 9 10 11
cat_threshold=2 18 7 16 32 6 17 21 40 36 18
is_linear=0
shrinkage=0.08


Tree=90
num_leaves=31
num_cat=15
split_feature=33 45 41 38 34 41 38 42 11 32 36 1 38 34 2 42 38 13 4 35 43 4 7 18 20 32 3 42 16 11
split_gain=363.351 367.997 613.517 578.894 501.327 370.099 389.725 336.738 333.864 557.39 302.177 291.806 376.964 376.901 313.187 308.917 278.48 335.226 306.185 371.522 261.564 247.856 321.388 245.89 440.557 376.248 242.871 239.052 307.173 256.7
threshold=1.0000000180025095e-35 0 1 2 3 4 5 6 25.500000000000004 13.275000095367433 7 2.5000000000000004 8 9 2.5000000000000004 10 11 4104.8999023437509 21.500000000000004 12 13 56.500000000000007 332.54998779296881 3484.775024414063 1.5000000000000002 6.6649999618530282 114.20499801635744 14 1.0000000180025095e-35 6.5000000000000009
decision_type=2 9 9 1 1 9 1 9 2 10 9 2 1 1 10 9 1 2 10 1 9 10 2 2 2 8 8 9 2 2
left_child=11 4 3 7 5 6 26 -3 -6 -10 -4 -1 27 14 15 -14 18 -18 19 -7 -15 -12 -23 -17 25 -25 -2 -13 29 -29
right_child=1 2 10 -5 8 16 -8 -9 9 -11 21 12 13 20 -16 23 17 -19 -20 -21 -22 22 -24 24 -26 -27 -28 28 -30 -31
leaf_value=-0.0003480636036007375 0.3613802807334327 0.19250332756297908 0.14920830773171387 -0.073962291067175126 -0.018686028475018979 -0.038469317475255421 -0.059426381486607956 -0.040850467888935801 -0.0032741978445509075 0.46250390508960393 -0.029538770269677894 0.0075087602682706867 -0.024363755525970327 0.041546471994622747 0.21644667014095112 0.03788730021338952 0.026416951732627758 0.26955701237527746 0.25831197809314072 0.11936048513252724 -0.0040179924284261146 -0.10706323211917639 0.2441323671024074 0.39897462040060788 -0.026121848284413211 0.030177217265989573 0.058043998766117169 0.033398269254607468 -0.023740629035434262 0.084938311227500646
leaf_weight=449585.2955985195 18.410184219479561 224.30804181657732 56.691574156284332 96.035169743001461 957.44677438819781 111.21696319035254 279.7448943881318 50.121778907254338 47.026493271812797 25.283481145743281 1991.5261431830004 3230.2056345304009 506.39620548300445 840.01697868807241 59.032757064327598 1342.1714866273105 597.14838081132621 38.639751616865396 84.500117603689432 674.45265624579042 15684.032901701052 25.742330584675074 47.354697524569929 51.672772267833352 52.826347318477929 26.931685097515583 204.98840867122635 2782.34612837038 473.05042352434248 795.23344327509403
leaf_count=3582836 22 607 90 723 8352 3083 2183 295 456 157 26384 29389 3703 8892 111 7015 2786 139 184 4784 131491 216 79 196 471 159 1308 22481 9035 12904
internal_value=0.000364287 0.0207513 -0.00210453 0.091484 0.0393699 0.0625943 0.00259759 0.149946 -0.0061083 0.159587 -0.0188013 0.000127126 0.00839361 0.00233418 0.0346975 0.029454 0.08249 0.0405558 0.11232 0.0980482 -0.00167795 -0.0241116 0.120453 0.0477892 0.152544 0.272616 0.0794839 0.0238067 0.0367531 0.0448547
internal_weight=480960 5530.64 2491.78 370.465 3038.86 2009.1 503.143 274.43 1029.76 72.31 2121.31 475429 25843.9 18563.1 2039.03 1980 1505.96 635.788 870.17 785.67 16524 2064.62 73.097 1473.6 131.431 78.6045 223.399 7280.84 4050.63 3577.58
internal_count=3860531 51848 28394 1625 23454 14489 3513 902 8965 613 26769 3808683 225847 152038 11655 11544 10976 2925 8051 7867 140383 26679 295 7841 826 355 1330 73809 44420 35385
cat_boundaries=0 1 2 3 4 5 6 7 8 9 10 11 12 13 14 15
cat_threshold=9 1 450 106 19 624 42 32 688 2 9 174 1 34 19
is_linear=0
shrinkage=0.08


Tree=91
num_leaves=31
num_cat=13
split_feature=47 42 38 37 10 18 43 27 34 18 41 3 42 0 1 7 32 19 12 26 34 3 19 37 7 38 43 19 41 12
split_gain=424.163 628.121 690.085 571.857 652.97 1046.17 707.849 676.352 531.041 491.55 457.193 1414.26 515.175 542.306 436.781 544.922 475.085 457.349 666.463 834.657 649.377 599.785 526.903 479.008 1030.86 760.362 909.969 667.339 551.675 539.783
threshold=0 1 2 3 1.0000000180025095e-35 16390.161132812504 4 9.2500000000000018 5 1159.5849609375002 6 500.60501098632818 7 1.5000000000000002 1.5000000000000002 4599.7500000000009 inf 195.02500152587893 144.00000762939456 9.2500000000000018 8 374.62500000000006 1.0000000180025095e-35 9 184.00003051757815 10 11 39.024999618530281 12 160.00000762939456
decision_type=1 9 1 1 2 2 9 10 1 2 9 10 9 2 2 2 8 2 2 10 1 10 2 1 2 1 9 2 9 2
left_child=1 2 3 4 5 -1 10 8 -7 14 11 12 13 -6 15 17 -17 18 -3 20 23 22 -21 24 25 27 -27 -20 29 -25
right_child=-2 9 -4 -5 6 7 -8 -9 -10 -11 -12 -13 -14 -15 -16 16 -18 -19 19 21 -22 -23 -24 28 -26 26 -28 -29 -30 -31
leaf_value=0.015634251474776036 0.0014441037161226163 -0.011160039614132025 -0.0037867653378658851 0.0026960713734987657 0.39135830480252565 0.21837998252552027 0.037571359528407185 0.47319862578760186 -0.077645317005570424 -0.030117399176243908 0.048384626347685887 1.1009797602889821 -0.0020677897734483618 0.05117915207570628 0.0062740142113869917 -0.088531727600664606 0.62477464749036549 -0.026409447289164452 0.61044215450132466 0.42123785018299997 -0.01437537310098427 0.79090839186515216 -0.091498080548829283 0.21270431196779691 0.87934360192370964 0.55283113657728633 -0.024791141681565522 0.044530511687312285 0.0088137625170306849 0.048939258516434728
leaf_weight=7954.0950555354357 330501.63385930005 31868.422183923889 59176.6370002802 15369.319262209348 111.40403109788895 102.1178953810595 703.00433835340664 44.949748130049556 56.608212953899056 6687.301928809844 136.29321531066671 12.030918845906852 64.552044100128114 41.041418659500778 12162.209408408962 9.532846737187354 16.015359849669043 9700.2886643386446 36.740544307976961 27.649042153730989 2326.3920816620812 13.026517457328735 23.927316283341497 184.19200486131012 11.831672893837093 9.2214170806109905 185.73395045939833 20.935187973082066 1762.4836655044928 428.42563741095364
leaf_count=129898 1147102 420794 1421288 179514 560 1008 10568 154 1225 126505 1874 75 853 758 173086 189 95 168816 127 267 37928 86 389 1348 62 47 3374 210 27823 4315
internal_value=-0.000154405 -0.00369426 0.0008944 0.0121543 0.0278902 0.0202186 0.0867318 0.199251 0.121672 -0.00956395 0.175501 0.245958 0.209888 0.281321 -0.00722753 -0.0107494 0.358617 -0.0109519 -0.00688836 0.0201726 0.0164559 0.305873 0.183369 0.0435187 0.144056 0.115322 0.0281707 0.345179 0.031767 0.0966006
internal_weight=479748 149246 83772.1 24595.4 9226.1 8157.77 1068.33 203.676 158.726 65474.3 365.322 229.028 216.997 152.445 58787 46624.8 25.5482 46599.3 36899 5030.56 4965.96 64.6029 51.5764 2639.56 264.463 252.631 194.955 57.6757 2375.1 612.618
internal_count=3860338 2713236 1747775 326487 146973 132285 14688 2387 2233 965461 4120 2246 2171 1318 838956 665870 284 665586 496770 75976 75234 742 656 37306 3820 3758 3421 337 33486 5663
cat_boundaries=0 1 2 3 4 5 6 7 8 9 10 11 12 13
cat_threshold=4 25 197 11 40 74 3 8 98 10 657 32 1
is_linear=0
shrinkage=0.08


Tree=92
num_leaves=31
num_cat=23
split_feature=44 3 3 45 38 36 19 34 47 38 37 40 45 47 34 44 38 46 46 47 1 34 36 47 2 47 6 34 47 18
split_gain=350.636 616.538 588.01 404.236 2536.96 482.353 540.006 576.736 673.117 407.524 492.667 681.01 352.635 416.081 347.461 340.261 522.628 464.784 337.81 328.986 791.2 393.119 459.969 322.657 319.244 318.412 309.831 333.922 349.749 596.939
threshold=0 inf 1.0000000180025095e-35 1 2 3 121.02000045776369 4 5 6 7 8 9 10 11 12 13 14 15 16 1.5000000000000002 17 18 19 1.0000000180025095e-35 20 443.04998779296881 21 22 16390.161132812504
decision_type=9 8 10 9 1 9 2 1 1 1 1 1 9 1 1 9 1 1 1 1 2 1 9 1 8 1 2 1 1 2
left_child=2 3 18 9 12 -6 -7 -8 -9 10 11 -2 14 -14 -5 17 23 26 -1 20 21 -12 24 -17 -23 -18 27 -11 29 -29
right_child=1 -3 -4 4 5 6 7 8 -10 15 19 -13 13 -15 -16 16 25 -19 -20 -21 -22 22 -24 -25 -26 -27 -28 28 -30 -31
leaf_value=0.054071857730363916 0.023973425258359573 0.035939173705624418 0.0083614983079088896 0.15549499269706232 0.017141233288700219 0.00019668503515133284 0.0037587865272332476 -0.0084570180783128442 -0.048376927578351221 0.0041097054457923787 0.065284573034125631 -0.025370292212484897 -0.1602763902213647 -0.079137003757453819 -0.049394712196306645 0.075579876247145308 -0.0098406563379257392 0.019935950211816513 -0.033301390016012712 0.032481664679489403 -0.14199662819942477 -0.018747410851768859 -0.035791304206181283 -0.011144934842323229 0.15440953061182136 -0.079692422223340373 0.0048076450327276905 -0.0084176636943222045 -0.00082321869906069639 0.088686867145365625
leaf_weight=310.91793461795896 3239.3855290738866 2987.837223210372 54945.896852190606 51.810260400176048 6446.2958902311511 29526.687368133338 5243.5043063464109 5357.1709430534393 5456.8764452810865 54682.371061106445 628.82019250094891 3976.2754543861374 590.0970039460808 1285.8654893953353 371.29438843391836 356.76572991535068 650.34873813763261 7388.5394573155791 3176.9204936791211 7430.4370984183624 233.57136183977127 118.21359992027283 1035.8625670112669 1191.5271493718028 160.88341044634581 1167.2703357203864 61094.456732666353 64507.704082488315 156506.90078930883 407.7249713561032
leaf_count=440 7264 4209 227533 100 32314 254220 70080 8411 190322 643448 1545 15147 1998 10332 1786 732 1037 15957 6600 17261 825 527 5155 6475 410 22492 656842 1108958 542268 8239
internal_value=0.000531525 -0.000272529 0.00633959 -0.000530685 -0.00696785 -0.00332567 -0.00622312 -0.0180318 -0.0285746 0.000428241 0.0125851 -0.00321549 -0.0890234 -0.104105 -0.0212945 -0.000159884 -0.0254723 8.73619e-05 -0.0255126 0.0244427 -0.00287886 0.013838 -0.0111755 0.00878193 0.0782635 -0.0544 -0.00034755 -0.00148825 -0.00287078 -0.00780776
internal_weight=480528 422094 58433.7 419107 54329.6 52030.5 45584.2 16057.6 10814 364777 16823.4 7215.66 2299.07 1875.96 423.105 347954 3365.91 344588 3487.84 9607.79 2177.35 1943.78 1314.96 1548.29 279.097 1817.62 337199 276105 221422 64915.4
internal_count=3862927 3628354 234573 3624145 569563 555347 523033 268813 198733 3054582 48134 22411 14216 12330 1886 3006448 30736 2975712 7040 25723 8462 7637 6092 7207 937 23529 2959755 2302913 1659465 1117197
cat_boundaries=0 1 2 3 4 5 6 7 8 9 10 11 12 13 14 15 16 17 18 19 20 21 22 23
cat_threshold=1 13 129 11 21 2 1 105 12 2 2 32 2 402 1 1 1 36 80 1 2 48 4
is_linear=0
shrinkage=0.08


Tree=93
num_leaves=31
num_cat=16
split_feature=47 36 43 3 42 34 4 3 11 37 42 36 18 18 38 38 4 40 42 4 3 12 41 4 32 36 12 38 3 41
split_gain=495.105 456.661 838.362 508.887 513.743 933.511 472.752 465.222 601.713 614.267 946.392 754.841 658.582 690.338 416.355 391.138 503.111 420.828 396.336 494.478 385.688 710.062 561.133 650.603 514.971 391.012 539.592 477.641 474.898 468.206
threshold=0 1 2 101.45999908447267 3 4 26.500000000000004 356.22999572753912 9.5000000000000018 5 6 7 32.024999618530281 288.22500610351568 8 9 68.500000000000014 10 11 6.5000000000000009 192.73500061035159 68.00000381469728 12 18.500000000000004 7.2650001049041757 13 3533.7751464843755 14 314.81500244140631 15
decision_type=1 9 9 10 9 1 8 10 2 1 9 9 2 2 1 1 8 1 9 8 10 2 9 10 8 9 2 1 10 9
left_child=-1 -2 3 -3 5 6 20 8 9 10 11 -6 -13 -14 -4 18 -17 -18 19 -11 21 -5 -22 25 -25 27 -27 28 -24 -29
right_child=1 2 14 4 7 -7 -8 -9 -10 15 -12 12 13 -15 -16 16 17 -19 -20 -21 22 -23 23 24 -26 26 -28 29 -30 -31
leaf_value=0.0022669855707549754 -0.0014889044809538426 0.066372154121613736 -0.047082357879999467 -0.10066434675938285 -0.064517844052259007 -0.027143517087978065 -0.079980580527504272 -0.035864000746716945 0.080398092361436468 0.090784193030526178 -0.050858392890662414 -0.00043288394079604736 0.35390187754224783 0.084623126651991037 -0.016920845558729844 -0.019760241889013524 0.19630520617827832 -0.040776663430835913 -0.024841500231148086 -0.072670533755104613 -0.031121856119981636 0.32791550562308885 -0.095520971180489966 0.3663784686867641 0.086738213742398915 0.0035983237245604052 0.22193242490994727 0.13509500867358881 0.23161792702719439 -0.073068945046433437
leaf_weight=222226.3389192475 218815.41374928108 740.36018307972699 3587.3717076485045 34.418165720999241 92.060886185616255 1281.0881814081222 144.59991589188576 3031.7285565920174 559.07042762357742 709.53535909112543 269.71573861222714 82.473141471855342 171.63437281642109 94.467168169096112 16084.576337083243 8089.7894882783294 117.66743817925453 77.288105402141809 532.06190511025488 142.18543431162834 345.88286159746349 87.991653189063072 32.079499699175358 86.572822473943233 82.130897328257561 699.70944264158607 80.81065433844924 130.3992259837687 247.59348039142787 128.24006479606032
leaf_count=330217 3190809 2539 43029 297 1171 8836 1107 26973 3830 3469 4612 836 775 746 154666 69443 358 472 3504 863 2504 329 320 258 345 4704 435 893 1236 1169
internal_value=-0.000497229 -0.00289135 -0.0110143 0.00141738 -0.00135337 0.0265802 0.0593206 -0.0081282 -0.000447961 -0.00480283 0.0664807 0.13784 0.191592 0.258307 -0.0224422 -0.0100984 -0.0166797 0.110294 0.029141 0.0627604 0.0699228 0.207411 0.0607433 0.0817634 0.23024 0.0633904 0.0258719 0.11517 0.187393 0.033004
internal_weight=478805 256579 37763.5 18091.6 17351.2 3381.52 2100.43 13969.7 10937.9 10378.9 710.351 440.636 348.575 266.102 19671.9 9668.53 8284.75 194.956 1383.78 851.721 1955.83 122.41 1833.42 1487.54 168.704 1318.83 780.52 538.312 279.673 258.639
internal_count=3860745 3530528 339719 142024 139485 22433 13597 117052 90079 86249 8140 3528 2357 1521 197695 78109 70273 830 7836 4332 12490 626 11864 9360 603 8757 5139 3618 1556 2062
cat_boundaries=0 1 2 3 4 5 6 7 8 9 10 11 12 13 14 15 16
cat_threshold=2 130 10 16 44 19 40 9 56 161 8 34 1 8 788 32
is_linear=0
shrinkage=0.08


Tree=94
num_leaves=31
num_cat=12
split_feature=33 44 47 2 2 34 36 16 32 13 43 27 32 42 43 35 2 4 47 47 23 4 6 6 43 17 42 19 18 17
split_gain=318.678 294.357 316.811 653.173 554.523 532.779 532.374 546.238 476.878 442.877 430.692 421.717 420.096 416.231 617.561 488.792 453.631 926.488 687.487 550.202 536.253 474.458 402.414 531.434 442.381 385.187 385.127 568.91 564.958 383.516
threshold=2.5000000000000004 0 1 1.5000000000000002 inf 2 3 1.0000000180025095e-35 -3.9250000715255733 2676.9250488281255 4 2.5000000000000004 3.9250000715255742 5 6 7 1.0000000180025095e-35 25.500000000000004 8 9 6.5000000000000009 30.500000000000004 171.00000762939456 180.00000762939456 10 5.5000000000000009 11 305.82499694824224 408.02499389648443 1.0000000180025095e-35
decision_type=2 9 1 8 8 1 9 2 8 2 9 8 8 9 9 1 10 8 1 1 2 10 2 2 9 2 9 2 2 2
left_child=1 -1 4 6 -3 22 7 10 -6 -9 12 -8 29 14 -12 26 -15 19 21 -18 -21 -19 -5 -24 -25 -13 27 -16 -29 -4
right_child=-2 2 3 5 8 -7 11 9 -10 -11 13 25 -14 16 15 -17 17 18 -20 20 -22 -23 23 24 -26 -27 -28 28 -30 -31
leaf_value=0.0054227503486085427 0.12436792419962199 0.00081963859439363384 0.18671605335736746 -0.014454223642005474 0.060367862294071289 -0.03087196683666046 0.10168138003113404 0.024974081314376808 0.012103696314967024 -0.062595073575848648 -0.039938886479935189 0.0028119974909381926 -0.099156753771978731 -0.037195311659996996 0.009372255927511822 -0.0072989075771079251 -0.076851548565780345 0.26446867669405405 -0.065748004425362411 0.013594770168952764 0.40582770977079158 -0.00054677094818431418 0.13333562952741901 -0.080529265104204772 0.012638960689210115 -0.0058670870922709843 0.0051595875023884852 0.40519077105866613 0.10815355299641995 -0.097432396735884802
leaf_weight=58249.386906131171 132.0945627046749 193816.68638054002 176.7871254272759 12741.219548997004 1691.610939765349 8586.9642540961504 263.72112529957667 3580.6258595525287 5810.9441325645894 412.17282556649297 2976.7356012477539 119541.70913796453 61.691819742321968 8349.6038848129101 428.65598640497774 8218.9824715373106 609.38793041789904 179.463403317146 84.059338308870792 716.91870116069913 23.024513334035873 56.956592462956905 220.09173008403741 339.70088928355835 4857.7820454472676 45063.998313902412 1133.8948172768578 45.334222305566072 426.69409706071019 36.713002029806376
leaf_count=234213 394 285068 530 117128 2891 131778 1104 30373 11210 4802 39257 1720349 807 93469 2766 67896 7772 716 511 4456 103 487 2176 8679 52246 1024932 10738 157 2367 431
internal_value=0.000127279 9.29953e-05 -0.000645388 -0.00275024 0.00164571 -0.0144644 -0.00112173 -0.0114204 0.0229859 0.0159344 -0.0160681 0.000597844 0.0817512 -0.0172537 -0.00792373 0.00140053 -0.0295534 0.0084815 0.130756 -0.0205599 0.0257997 0.200623 -0.00668486 0.011575 0.00641898 0.00043593 0.036407 0.0752566 0.136681 0.137855
internal_weight=478834 478702 420452 219133 201319 26745.8 192387 27517.7 7502.56 3992.8 23524.9 164869 275.192 23249.7 13230.3 10253.6 10019.4 1669.81 320.479 1349.33 739.943 236.42 18158.8 5417.57 5197.48 164606 2034.58 900.684 472.028 213.5
internal_count=3859806 3859412 3625199 3326030 299169 312007 3014023 267638 14101 35175 232463 2746385 1768 230695 123181 83924 107514 14045 1714 12331 4559 1203 180229 63101 60925 2745281 16028 5290 2524 961
cat_boundaries=0 1 2 3 4 5 6 7 8 9 10 11 12
cat_threshold=1 2 38 120 2 26 5 17 4 4 3 16
is_linear=0
shrinkage=0.08


Tree=95
num_leaves=31
num_cat=15
split_feature=47 34 38 47 36 37 11 42 13 35 37 38 34 42 8 17 14 25 18 1 17 18 36 13 22 32 17 3 34 45
split_gain=303.477 412.076 424.193 428.576 612.668 524.507 627.166 672.453 1454.14 318.065 586.827 513.756 721.544 699.011 558.415 505.03 1262.27 890.359 1067.68 496.877 1163.47 2217.31 472.138 427.635 488.429 887.157 409.391 435.673 408.41 433.716
threshold=0 1 2 3 4 5 3.5000000000000004 6 210.77500152587893 7 8 9 10 11 12.500000000000002 17.500000000000004 3.5000000000000004 9.5000000000000018 29031.790039062504 3.5000000000000004 12.500000000000002 1201.0250244140627 12 497.30003356933599 1.0000000180025095e-35 32.385000228881843 60.500000000000007 726.79501342773449 13 14
decision_type=1 1 1 1 9 1 2 9 2 1 1 1 1 9 2 2 2 8 2 2 2 2 9 2 2 10 2 10 1 9
left_child=9 2 3 4 -2 6 -6 8 -8 22 11 12 15 26 -13 16 -11 -18 -19 23 -21 -22 -1 24 -15 -26 -14 -28 29 -24
right_child=1 -3 -4 -5 5 -7 7 -9 -10 10 -12 14 13 19 -16 -17 17 18 -20 20 21 -23 28 -25 25 -27 27 -29 -30 -31
leaf_value=0.0023165834660012897 -0.050153800066640379 -0.00056173994487554533 0.0013791924177971977 0.0052087626089202463 -0.060581948656221879 0.023672775097730116 1.3269198620129012 -0.019138586761333776 0.18423697655120108 0.034929617992923469 -0.012387874492000918 0.01100484221455327 -0.053532958899113317 0.0066421395223889316 0.51093695952692264 -0.072286359952915449 1.9541304281828296 -0.085679400625476923 1.0388316930936696 0.00090777822990187568 1.3132995392081639 0.10263861981773316 0.014683813250439746 -0.058601286546145007 0.13170101439343004 1.3386265409672526 -0.083567456801725989 0.37206422996893163 -0.078432515812577916 -0.044460500504424662
leaf_weight=80025.026574777206 794.94943290576339 175013.12491352926 86511.641359793954 44789.541643700562 918.55534635810181 21745.981224969961 8.0795124648138863 131.59447162505239 60.485726037528366 1746.9700775831006 40315.86879355181 16321.943748489488 3492.5103081236593 1245.3091039801948 14.311837392859159 282.28642282728106 2.8055653078481555 11.566511352080855 10.141958416905254 101.14046358782798 14.277630737982689 30.079214571043849 1671.757113055326 603.51814312348142 128.05733782425523 4.0201659165322772 24.343446664977819 29.962443570606411 759.27778322063386 1496.0638735992834
leaf_count=1201621 5201 641825 269400 65171 26274 131319 144 6714 1432 73861 948479 230442 127824 28487 105 22975 48 799 54 1497 91 766 18243 21800 3310 96 1296 87 12044 18725
internal_value=0.000747495 0.00209856 0.00510282 0.00980815 0.0185193 0.0209197 -0.0323316 0.0956969 0.278298 -0.00225805 -0.00648783 0.00339822 -0.0135876 -0.0282885 0.0114358 0.0269617 0.0429291 0.613005 0.43968 0.00799534 0.150724 0.492328 0.000986227 -0.00244769 0.0221567 0.168437 -0.0500028 0.16782 -0.0260603 -0.0133002
internal_weight=478305 329974 154961 68449.2 23659.6 22864.7 1118.72 200.16 68.5652 148331 64379.1 24063.2 7726.99 5673.22 16336.3 2053.77 1771.48 24.514 21.7085 2126.4 145.497 44.3568 83952.1 1980.9 1377.39 132.078 3546.82 54.3059 3927.1 3167.82
internal_count=3860130 1147480 505655 236255 171084 165883 34564 8290 1576 2712650 1462017 513538 282991 185254 230547 97737 74762 901 853 56047 2354 857 1250633 53693 31893 3406 129207 1383 49012 36968
cat_boundaries=0 1 2 3 4 5 6 7 8 9 10 11 12 13 14 15
cat_threshold=4 28 570 1 8 16 2 48 104 40 98 24 226 46 44
is_linear=0
shrinkage=0.08


Tree=96
num_leaves=31
num_cat=14
split_feature=42 37 11 34 3 34 24 2 6 4 21 34 41 43 38 21 17 2 41 38 2 37 34 17 20 45 38 0 22 19
split_gain=279.544 281.812 416.789 391.74 373.217 356.076 332.521 946.011 329.457 298.641 295.775 275.815 400.672 593.211 633.247 359.439 923.087 447.454 300.824 373.642 311.548 330.459 264.354 543.122 457.546 1544.96 414.596 508.403 706.92 1025.68
threshold=0 1 40.500000000000007 2 726.79501342773449 3 4.5000000000000009 2.5000000000000004 1456.1699829101565 67.500000000000014 3.5000000000000004 4 5 6 7 1.5000000000000002 12.500000000000002 2.5000000000000004 8 9 2.5000000000000004 10 11 3.5000000000000004 1.0000000180025095e-35 12 13 1.5000000000000002 1.0000000180025095e-35 12.039999961853029
decision_type=9 1 2 1 10 1 2 10 2 10 2 1 9 9 1 2 2 10 9 1 10 1 1 2 2 9 1 2 2 2
left_child=1 5 3 -3 -4 -1 -5 9 -6 -8 22 15 13 14 -13 18 -17 -18 -2 20 -20 -22 23 24 26 -26 -7 -28 -29 -30
right_child=11 2 4 6 8 10 7 -9 -10 -11 -12 12 -14 -15 -16 16 17 -19 19 -21 21 -23 -24 -25 25 -27 27 28 29 -31
leaf_value=-0.043536981936722549 0.012250599278392638 -0.0020635875877114945 0.045895766242323159 -0.013249297510945651 0.55923453355343955 -0.0150487138822762 0.025077471651178764 0.70965456570324137 0.06158347119327582 0.45779391481371967 0.25634937110359207 0.052073912157347205 -0.00071590061320820752 -0.011867318202057277 -0.031632389626113144 0.35974461908575173 -0.0094828818380695082 0.42746091446574036 -0.0086366960475004889 0.0060636543053338623 0.069149705741509096 -0.026984231564048371 -0.00037044992936704888 -0.0051297398780631668 0.736768583023093 0.010934741181433788 0.041674287832686216 -0.012905887856580638 0.8655818081611597 0.10052640604176703
leaf_weight=1073.2627478372306 26523.709213419817 91949.720590377692 592.01327647524886 31653.291562292026 17.572262625209987 1663.7666355315596 371.46609491016716 13.865532916970549 16.516104015521705 10.496008265763519 29.407771591097116 3417.5326175112277 177892.11652855529 2432.8225465975702 691.79143359139562 64.856267937924713 224.62602588860318 16.072800549678504 20613.593148157932 50294.453434494324 665.81518295034766 342.66511145792902 50502.560600670753 7638.7525424605701 15.099229612853378 86.882903163786978 5832.2932639527135 2355.5889549653511 12.018555711023508 167.77507760003209
leaf_count=5798 184964 601454 4290 296997 67 8069 3684 57 181 61 112 5179 1611016 7621 2273 222 2161 170 131102 431774 3342 2212 389941 89706 120 867 46841 26830 62 1361
internal_value=0.000223951 -0.00211537 -0.00439023 -0.00471932 0.060717 0.00197107 -0.0123342 0.0605318 0.318118 0.0369682 0.00269241 0.00182659 -3.48584e-07 0.0194281 0.0379396 0.00523855 0.0918724 0.0196943 0.00497018 0.00228305 -0.00650965 0.0369031 0.00258355 0.0109719 0.0231203 0.191717 0.0214063 0.0286386 -0.00123536 0.151668
internal_weight=477182 194002 124625 123999 626.102 69377.4 32049.1 395.828 34.0884 381.962 68304.1 283180 184434 6542.15 4109.32 98745.8 305.555 240.699 98440.2 71916.5 21622.1 1008.48 68274.7 17772.2 10133.4 101.982 10031.4 8367.68 2535.38 179.794
internal_count=3858534 1476498 906791 902253 4538 569707 300799 3802 248 3745 563909 2382036 1626089 15073 7452 755947 2553 2331 753394 568430 136656 5554 563797 173856 84150 987 83163 75094 28253 1423
cat_boundaries=0 1 2 3 4 5 6 7 8 9 10 11 12 13 14
cat_threshold=48 114 23 1 12 16 4 657 5 386 85 48 32 195
is_linear=0
shrinkage=0.08


Tree=97
num_leaves=31
num_cat=9
split_feature=6 18 8 48 38 4 4 18 19 19 19 6 39 19 19 43 18 3 18 42 16 1 19 36 3 41 34 3 38 3
split_gain=317.207 259.864 320.932 313.601 398.875 311.085 466.468 306.217 417.885 461.694 450.36 435.747 374.757 271.701 257.854 276.152 322.708 238.576 263.288 230.595 408.514 226.987 588.306 316.89 564.654 264.708 496.923 918.369 279.448 237.866
threshold=494.68997192382818 288.22500610351568 1.5000000000000002 0 1 19.500000000000004 25.500000000000004 486.02499389648443 203.02500152587893 235.62000274658206 647.12500000000011 50.000122070312507 2 9969.9150390625018 3321.2500000000005 3 644.57498168945324 221.46500396728518 147.07500457763675 4 1.0000000180025095e-35 2.5000000000000004 1021.2749938964845 5 404.61500549316412 6 7 165.72499847412112 8 673.66000366210949
decision_type=2 2 2 9 1 10 10 2 2 2 2 2 9 2 2 9 2 10 2 9 2 2 2 9 10 9 1 8 1 8
left_child=1 2 3 21 -5 -3 7 8 -7 11 -11 -10 -12 -8 -2 16 -16 18 -6 20 -9 -1 23 24 -23 26 27 -25 -29 -30
right_child=14 5 -4 4 17 6 13 19 9 10 12 -13 -14 -15 15 -17 -18 -19 -20 -21 -22 22 -24 25 -26 -27 -28 28 29 -31
leaf_value=-0.00063742824282610622 0.0061532144103246455 -0.0056616699078900802 0.30553730923452699 -0.015359570327293095 -0.063382724557022721 -0.034526275951663229 -0.0027385876472760685 0.019846547380704453 0.50458365314916398 0.017785032906841448 0.42369116214942659 0.14157971948742537 0.13061437582452351 0.15573316061338083 0.25702527346417092 -0.021720465863159052 0.0065987465015837467 0.15786634165629182 0.16074704336911988 4.9305425132621086e-05 0.28677719884002956 -0.0073159848430744238 0.16994383021190335 0.59810297530809264 0.3031202627152258 0.00069402850521378863 0.0056673646612098736 -0.029262979761133817 0.1128043249058544 -0.034417010579463114
leaf_weight=285065.40210506879 64521.19530933816 100510.56782540749 21.994671826250851 304.66051894240081 83.629653554409742 122.3050651140511 3938.6630894169211 108.59853986697271 37.331618683412671 216.90652880910784 35.35226066596806 48.866993267089128 132.87909854762256 70.480665567331016 33.296917070867494 4602.4548454564065 3011.4917595353909 241.65343858115375 56.00894667673856 661.4779319211375 55.418517397716641 86.391170264221728 146.61883856588975 21.57552332431078 66.259205989539623 8988.3072637091391 1704.9528049482033 151.01373427733779 534.02652684273198 80.874737766105682
leaf_count=1909705 655054 1058821 138 1311 569 919 27562 634 59 1153 74 154 462 186 132 77343 39507 1733 217 4879 182 407 516 52 199 59493 10832 976 3259 1010
internal_value=-0.00037798 -0.00125169 -4.02838e-05 -6.28733e-05 0.0539665 -0.00465421 0.014 0.053417 0.0972385 0.13143 0.0939717 0.298793 0.192202 4.73425e-05 0.00450693 -0.00938305 0.00930677 0.106957 0.0265156 0.0219034 0.103714 -0.000187725 0.0106947 0.00868761 0.119597 0.00710258 0.0301181 0.0823203 0.0688657 0.0919458
internal_weight=475661 403492 297553 297531 685.953 105939 5428.28 1419.14 593.642 471.336 385.138 86.1986 168.231 4009.14 72168.4 7647.24 3044.79 381.292 139.639 825.495 164.017 296845 11780 11633.4 152.65 11480.8 2492.44 787.491 765.915 614.901
internal_count=3857538 3085502 1990417 1990279 3830 1095085 36264 8516 2821 1902 1689 213 536 27748 772036 116982 39639 2519 786 5695 816 1986449 76744 76228 606 75622 16129 5297 5245 4269
cat_boundaries=0 1 2 3 4 5 6 7 8 9
cat_threshold=1 579 2 42 3 16 5 8 197
is_linear=0
shrinkage=0.08


Tree=98
num_leaves=31
num_cat=13
split_feature=12 35 37 11 34 42 34 36 42 38 11 12 19 12 47 20 15 23 47 47 11 3 38 34 11 1 13 12 3 3
split_gain=366.135 276.347 473.092 580.784 570.373 451.101 655.389 440.503 306.292 305.516 395.082 752.684 432.512 296.799 515.37 624.865 380.892 292.935 368.608 289.654 353.999 432.224 735.32 524.18 504.48 526.028 1328.94 375.417 348.158 434.126
threshold=655.62500000000011 0 1 1.5000000000000002 2 3 4 5 6 7 8.5000000000000018 696.32501220703136 494.27499389648443 24444.895507812504 8 2.5000000000000004 1.0000000180025095e-35 1.0000000180025095e-35 9 10 24.500000000000004 571.29498291015636 11 12 33.500000000000007 1.0000000180025095e-35 2676.9250488281255 2553.269897460938 160.74500274658206 128.30500030517581
decision_type=2 1 1 2 1 9 1 9 9 1 2 2 2 2 1 2 2 2 1 1 2 10 1 1 2 2 2 2 10 10
left_child=-1 8 3 5 13 6 -3 19 -2 10 -5 12 -12 -4 15 -15 -17 18 -9 20 -6 23 24 -22 25 26 -23 -27 29 -25
right_child=1 2 4 9 7 -7 -8 17 -10 -11 11 -13 -14 14 -16 16 -18 -19 -20 -21 21 22 -24 28 -26 27 -28 -29 -30 -31
leaf_value=-0.00073163169771226205 0.016393500368324869 0.30367010023193708 -0.038739437878417354 -0.0060828084597337705 -0.021467455549413969 0.020967211754163953 0.02191087622572498 0.0019977765417430464 0.0023510656686100686 0.0029014811318205948 0.53701390795869786 0.035147456987067505 0.15221559814807104 0.82887311989577184 -0.017381268431072686 -0.090875437870784448 0.28367924287807839 -0.010364785336259966 0.058565638226207133 0.0031033607955112809 0.16958934111531973 -0.084135773594442451 -0.035242393537487759 -0.095468513934618804 0.035262116530800192 -0.087398704985011511 1.5340545940224846 0.31813616162225233 -0.069309857918779291 0.26984837045042936
leaf_weight=383638.62957506208 21435.782015465666 116.6056682295166 4011.1915741611738 1701.9225566033274 8527.5903228693642 271.16381822875701 106.41303362208419 1248.1021172329783 18555.234928400954 20028.783224351937 27.446691209450364 3160.3840959444642 58.624623527750373 9.3733520871028286 246.805275734514 28.84229189902544 43.707958862185478 1266.2075424920768 1801.1298233922571 10158.810911471955 79.412220467813313 6.0138353700749558 144.90188069501892 37.347050247713923 65.69827743852511 17.428169519640505 7.0626301127485931 90.335322957485914 437.18350165011361 47.042067620903254
leaf_count=2827040 167497 543 115446 9969 185336 1724 1464 1976 134100 329377 85 17057 252 163 7367 674 173 6411 10999 20133 602 224 5821 656 1392 492 86 1064 11277 212
internal_value=0.000363519 0.00484568 0.00109752 0.00900362 -0.0060255 0.0948886 0.175939 -0.00118161 0.00988024 0.00730796 0.0250868 0.0415044 0.274921 -0.032675 0.0403296 0.214191 0.134775 0.0219293 0.0354115 -0.00627376 -0.0163502 0.0304504 0.103795 -0.0099986 0.202815 0.310694 0.789853 0.252551 -0.0398297 0.108175
internal_weight=477375 93736.5 53745.5 25471.3 28274.2 494.183 223.019 23934.3 39991 24977.2 4948.38 3246.46 86.0713 4339.92 328.729 81.9236 72.5503 4315.44 3049.23 19618.8 9460.02 932.425 331.44 600.985 186.538 120.84 13.0765 107.763 521.573 84.3891
internal_count=3859612 1032572 730975 360471 370504 3731 2007 246681 301597 356740 27363 17394 337 123823 8377 1010 847 19386 12975 227295 207162 21826 9079 12747 3258 1866 310 1556 12145 868
cat_boundaries=0 1 2 3 4 5 6 7 8 9 10 11 12 13
cat_threshold=32 58 96 40 10 146 40 208 1 2 4 270 2
is_linear=0
shrinkage=0.08


Tree=99
num_leaves=31
num_cat=10
split_feature=47 40 38 34 38 18 34 3 42 3 35 45 3 13 13 34 12 13 19 32 3 0 3 32 2 13 21 18 12 13
split_gain=204.707 390.694 821.675 401.755 367.942 723.659 486.767 589.769 513.947 680.746 677.053 553.789 568.4 812.298 1736.78 589.003 599.075 511.311 942.297 486.852 587.378 506.564 486.176 561.684 1215.94 4013.79 748.094 2234.29 493.039 1753.48
threshold=0 1 2 3 4 1507.6499633789065 5 314.81500244140631 6 571.29498291015636 7 8 59.420000076293952 59.049987792968757 67.524993896484389 9 870.69998168945324 2930.1750488281255 3095.9499511718755 18.845000267028812 110.37500000000001 1.5000000000000002 639.97497558593761 -4.9049999713897696 2.5000000000000004 1077.2249755859377 1.0000000180025095e-35 664.95001220703136 30.10000038146973 63.274999618530281
decision_type=1 1 1 1 1 2 1 8 9 8 1 9 10 2 2 1 2 2 2 8 10 2 10 8 10 2 2 2 2 2
left_child=1 2 3 -1 5 6 8 -8 -3 10 11 19 13 -13 -15 16 -14 22 -19 20 21 -10 23 24 26 -26 28 -28 29 -11
right_child=-2 4 -4 -5 -6 -7 7 -9 9 17 -12 12 15 14 -16 -17 -18 18 -20 -21 -22 -23 -24 -25 25 -27 27 -29 -30 -31
leaf_value=-0.052900956538140954 0.0013126970868691979 -0.0084023933683331463 -0.027941833404657113 0.10678349546880521 0.0012918521910713846 -0.02921581380012989 -0.032737778779205293 0.0024603216788310028 -0.032318275759489652 0.19220256547346792 -0.017028230598500543 0.013023032870281979 0.049531525874427683 1.2386860268862381 0.17360471490404908 -0.026657823015799539 0.50735466372476512 1.2681727826528453 -0.083729731017086292 0.0030157732841620479 0.10063830976750339 0.59762533808860807 0.0012340724844162809 0.065074719263408756 -0.083564934878913241 4.3286375871441933 2.0378576972945655 0.07468260057680412 0.069617867994811886 1.9224109149363739
leaf_weight=126.17519313097 329379.46742468118 9582.6026739098597 6817.3737485697493 445.13554907590151 99621.310988807352 8052.6168598099612 6080.1994224218652 6106.4822927776258 329.70164413237944 30.530677002388984 3761.3238528461661 232.19222692493349 557.84009744413197 10.776199522893874 108.00029953988269 2219.0920205358416 18.912343997508287 6.3365335657726956 6.8851054653059691 808.15795995201916 1418.0612451680936 8.3773730196990055 500.30966448155232 684.61244465154596 4.1096648478414854 1.94360383041203 5.3809809118974981 11.949609665665774 146.20792201999575 4.2734529222361735
leaf_count=775 1147109 208618 87464 1143 1364582 385515 151422 240393 4774 1220 100663 4095 3942 78 2017 49891 91 58 512 15296 32641 135 18572 30459 228 81 191 253 7633 50
internal_value=0.000202987 -0.00227161 -0.020189 0.0712135 -0.00132661 -0.00773505 -0.00243859 -0.0150884 0.00510184 0.016998 0.0093118 0.0266424 0.00409423 0.10007 0.270236 -0.00793921 0.063444 0.0690302 0.564176 0.0541894 0.0780475 -0.0167087 0.0643181 0.0998201 0.216198 1.33312 0.18211 0.684229 0.134036 0.404648
internal_weight=477086 147707 7388.68 571.311 140318 40696.9 32644.3 12186.7 20457.6 10875 9472.44 5711.11 3146.81 350.969 118.776 2795.84 576.752 1402.54 13.2216 2564.3 1756.14 338.079 1389.32 889.008 204.396 6.05327 198.343 17.3306 181.012 34.8041
internal_count=3859901 2712792 89382 1918 2623410 1258828 873313 391815 481498 272880 213623 112960 60114 6190 2095 53924 4033 59257 570 52846 37550 4909 58687 40115 9656 309 9347 444 8903 1270
cat_boundaries=0 1 2 3 4 5 6 7 8 9 10
cat_threshold=4 1 512 18 552 46 49 48 36 2
is_linear=0
shrinkage=0.08


Tree=100
num_leaves=31
num_cat=19
split_feature=44 3 3 35 11 46 32 45 18 36 3 18 23 42 41 34 17 45 47 18 37 47 37 34 36 37 41 43 47 11
split_gain=251.014 539.866 533.489 430.97 458.553 341.294 335.894 346.402 348.064 345.026 286.37 284.727 573.814 613.564 520.681 332.146 434.655 312.223 328.566 304.93 293.641 384.482 271.122 267.505 262.139 251.976 292.078 255.04 309.147 425.575
threshold=0 1.0000000180025095e-35 inf 1 12.500000000000002 2 -3.2949999570846553 3 32.024999618530281 4 9.7550001144409197 315.77499389648443 3.5000000000000004 5 6 7 5.5000000000000009 8 9 297.32499694824224 10 11 12 13 14 15 16 17 18 7.5000000000000009
decision_type=9 10 8 1 2 1 8 9 2 9 10 2 2 9 9 1 2 9 1 2 1 1 1 1 9 1 9 9 1 2
left_child=1 5 -2 6 10 -1 -3 8 23 -9 -5 12 14 20 19 -16 -17 -13 -19 22 -14 -22 -11 -8 -20 27 -27 -10 -29 -30
right_child=2 3 -4 4 -6 -7 7 9 25 11 -12 17 13 -15 15 16 -18 18 24 -21 21 -23 -24 -25 -26 26 -28 28 29 -31
leaf_value=0.052617561533567059 -0.00084908127251638805 -0.031697544752949856 0.034139612926157956 -0.12729130122311885 -0.033528996513200619 -0.034083849187881106 0.014850305572726423 0.065480493897921002 0.0093599428465047287 -0.019941481708982606 0.020721964750607457 0.031427832065405281 0.044751066234893291 -0.052571228735911329 -0.021158172742769828 0.0083102589914461119 0.27415691816093701 -4.5039377934869937e-05 0.11440030249072933 0.2154000731365005 -0.05415353752164849 0.26616018275054498 -0.076171523756149093 -0.015086769874333623 -0.066444041039640175 0.043345424221926852 -0.0047396978767791772 0.10257523301218584 0.010575458793155676 0.12504778403140657
leaf_weight=320.83015609905124 415770.71282368829 1816.0189103111625 2807.8441977351904 84.063218498602509 1087.8343066601083 3081.1726974677294 4403.5878721158952 448.15128477104008 896.006751652807 1537.6070850603282 17341.095743492246 474.83877122588456 137.65441230684519 143.44010902941227 2903.7431670967489 10771.866128062829 39.504974778741598 881.74532927386463 45.457141887396574 30.153929186984897 28.079626809805632 164.39029503054917 865.39756089821458 3358.224929115735 1540.7601512838155 1259.0692583043128 2228.0652087498456 733.89811005629599 917.30213833786547 268.74848697893322
leaf_count=473 3620576 7915 4106 284 9998 6489 7801 1264 4308 6634 77927 1508 581 854 12817 44962 192 1348 146 128 61 824 4168 11156 14522 3840 7178 2398 3770 693
internal_value=6.80684e-05 0.00500948 -0.000614376 0.00694268 0.0168529 -0.0259074 0.00182603 0.00361305 0.0132289 -0.00314995 0.0200079 -0.00475466 -0.000696314 0.0861017 -0.00324175 0.00281951 0.00927309 -0.0276936 -0.0390378 -0.037266 0.143598 0.208592 -0.0405917 0.00189743 -0.0609591 0.0272038 0.0126963 0.0449643 0.0614457 0.0365139
internal_weight=476387 57808.7 418579 54406.7 18513 3402 35893.7 34077.7 14064.9 20012.8 17425.2 19564.6 16621.8 473.564 16148.3 13715.1 10811.4 2942.8 2467.96 2433.16 330.124 192.47 2403 7761.81 1586.22 6303.09 3487.13 2815.96 1919.95 1186.05
internal_count=3858921 234239 3624682 227277 88209 6962 139068 131153 41144 90009 78211 88745 71221 2320 68901 57971 45154 17524 16016 10930 1466 885 10802 18957 14668 22187 11018 11169 6861 4463
cat_boundaries=0 1 2 3 4 5 6 7 8 9 10 11 12 13 14 15 16 17 18 19
cat_threshold=1 32 1 11 50 26 35 6 4 2 5 2 23 15 8 114 49 36 1
is_linear=0
shrinkage=0.08


Tree=101
num_leaves=31
num_cat=20
split_feature=37 38 45 40 1 38 31 43 12 34 23 42 7 47 43 3 3 45 18 36 36 3 34 38 45 34 5 38 45 38
split_gain=280.548 311.296 1118.44 515.022 248.955 252.026 231.832 219.089 269.953 228.86 204.169 200.068 326.905 303.226 573.441 452.562 488.324 476.807 548.911 437.473 429.021 823.269 365.364 353.921 304.956 758.208 299.804 296.917 268.918 816.686
threshold=0 1 2 3 4.5000000000000009 4 inf 5 234.00003051757815 6 -1.0000000180025095e-35 7 2511.900024414063 8 9 43.870000839233406 404.61500549316412 10 1.0000000180025095e-35 11 12 165.72499847412112 13 14 15 16 3.5000000000000004 17 18 19
decision_type=1 1 9 1 2 1 8 9 2 1 2 9 2 1 9 8 10 9 2 9 9 8 1 1 9 1 2 1 9 1
left_child=1 2 -1 7 11 -6 -3 -4 9 -9 -7 13 28 -2 -15 17 20 18 26 -20 21 23 -19 -17 25 -18 -16 -22 29 -13
right_child=4 6 3 -5 5 10 -8 8 -10 -11 -12 12 -14 14 15 16 24 22 19 -21 27 -23 -24 -25 -26 -27 -28 -29 -30 -31
leaf_value=-0.085624774725796438 0.00046862493721967682 0.0051082260563655316 0.058562804395563328 -0.018400600008251788 0.073818673947182972 0.043619129324862997 -0.0023210155593245464 -0.06949302049121707 0.053207256150820649 0.0070343844219876994 -0.032378250076147426 0.019276308129453225 -0.030074037334740473 -0.0608302633400069 0.028234726327643643 0.0053825879820723855 0.13947780133505824 -0.024191621969524579 0.1884943501486947 -0.046904808533130317 -0.01828333963408935 -0.09760254617492882 -0.073406316299483326 0.26794471270601067 -0.049956089387221042 -0.095191663113737293 0.35047454075111545 0.0021582997666290621 -0.0026231521348052591 6.4886471977294678e-05
leaf_weight=1128.6647560205311 35347.715810637921 135215.24332205346 788.3077234486118 4789.8265564097092 551.83745773974806 449.71324819885194 33552.897829606198 278.67093217559159 726.95819926634431 1863.8266197144985 455.28938524844125 16676.300252637826 2309.4684455858078 1347.6542206958402 1470.6517260558903 54.875522244721651 181.27256065886468 2451.480411734432 43.121518667787313 1297.6418800465763 5661.4751412030309 88.019976381212473 1621.9969799313694 121.8085089251399 2056.3366961923894 154.65397002710961 18.713299859315157 22943.572348673828 109658.61990471021 93613.087353566196
leaf_count=5428 52813 1303886 1203 17322 1848 1656 264374 1065 1344 4876 3957 90036 32943 22077 15237 394 1044 28486 231 18650 82596 825 23014 278 45127 2966 16 244372 885886 706991
internal_value=0.000324168 0.00283462 -0.0111896 -0.001155 -0.00117543 0.0318146 0.003631 0.0214166 0.0110438 -0.00321092 0.00532745 -0.00133722 -0.000132306 -0.00491387 -0.00973017 -0.00790778 -0.00381609 -0.0264479 -0.00114065 -0.0382779 -0.000937909 0.0985629 -0.0439199 0.201867 -0.0385499 0.0318119 0.0322835 -0.00189246 0.000182078 0.00297123
internal_weight=476920 178344 9576.25 8447.59 298575 1456.84 168768 3657.76 2869.46 2142.5 905.003 297118 222257 74861 39513.3 38165.6 31262 6903.61 2830.13 1340.76 28869.8 264.704 4073.48 176.684 2392.26 335.927 1489.37 28605 219948 110289
internal_count=3860941 1599498 31238 25810 2261443 7461 1568260 8488 7285 5941 5613 2253982 1715856 538126 485313 463236 377602 85634 34134 18881 328465 1497 51500 672 49137 4010 15253 326968 1682913 797027
cat_boundaries=0 1 2 3 4 5 6 7 8 9 10 11 12 13 14 15 16 17 18 19 20
cat_threshold=114 129 32 12 650 4 72 32 2 34 36 8 1 83 337 10 24 56 9 137
is_linear=0
shrinkage=0.08


Tree=102
num_leaves=31
num_cat=13
split_feature=18 3 4 34 42 45 34 37 37 40 18 20 32 32 32 4 32 42 35 4 2 37 18 19 4 10 34 43 18 45
split_gain=347.355 506.087 361.959 732.508 311.321 285.41 265.586 386.199 310.503 394.483 341.765 385.848 313.573 546.943 241.327 228.75 227.854 207.235 205.028 370.526 343.394 405.55 437.178 330.534 307.642 321.359 443.246 365.877 347.367 374.44
threshold=2814.099975585938 251.96500396728518 60.500000000000007 0 1 2 3 4 5 6 7202.9499511718759 1.5000000000000002 -0.46500000357627863 -1.7949999570846555 -2.5849999189376827 47.500000000000007 6.6649999618530282 7 8 1.5000000000000002 1.0000000180025095e-35 9 147.07500457763675 139.02500152587893 6.5000000000000009 1.0000000180025095e-35 10 11 238.87000274658206 12
decision_type=2 10 8 1 9 9 1 1 1 1 2 2 8 10 10 10 10 9 1 10 8 1 2 2 10 2 1 9 2 9
left_child=18 4 16 -4 15 -6 7 14 10 12 -8 -12 13 -10 -7 -2 -3 -5 24 -20 -21 22 23 -22 25 28 27 -27 -1 -30
right_child=1 2 3 17 5 6 8 -9 9 -11 11 -13 -14 -15 -16 -17 -18 -19 19 20 21 -23 -24 -25 -26 26 -28 -29 29 -31
leaf_value=0.0082793362537149501 0.038133604773382367 -0.00061304941992143178 0.081189330796365242 -0.12415502769172884 -0.015688719680953006 0.042605910062124878 0.020606606975823057 0.012281498760911407 0.08298288589139316 -0.022934333031199083 0.38419327077728499 0.060968021911359145 0.01637168951195735 0.48857766645284928 0.30563277123813126 0.26634983739479956 0.013249240700932958 -0.031436149350512831 -0.0021127960268796982 0.010274572459587825 0.11023080212562386 -0.0053364753367623483 -0.050060625285869458 0.38117796056478698 -0.012823636221930368 -0.0080240340252842827 -0.0052327462238767712 0.056434462948367001 7.089264705139815e-05 -0.028333009217280245
leaf_weight=38459.735902355285 4434.2899177991785 20744.240830084076 211.71115901973099 400.19395062560216 1711.7023340431042 31.043030517175794 126.5369785851799 141.50487787323073 76.670629486441612 962.46360572706908 47.003429560456425 47.546166590414941 152.11550862435251 29.45217721350491 79.490672213025391 28.288504736497998 11966.176532341633 285.36259122611955 311242.14761846699 31829.583616459742 90.823551196604967 16405.588958417065 70.638865576591343 42.206409031525254 6748.4695478260983 726.93543988349847 2057.0843978517223 2548.2996104473714 21812.084429375129 3428.8351878495887
leaf_count=317782 25882 285060 629 3282 10341 118 691 755 289 5547 162 339 950 107 352 111 178205 1451 2319877 176320 328 84863 568 38 43739 8232 31140 15882 278795 68455
internal_value=0.000363282 0.00735886 0.00308303 -0.0470452 0.0256226 0.0073111 0.0305093 0.104863 0.0168787 0.000763475 0.101973 0.221653 0.0866484 0.195547 0.212535 0.0394918 0.00445808 -0.0865677 -0.000303015 -0.00109982 0.00540883 -0.00391576 0.1056 0.196194 0.00347852 0.00507268 0.0239383 0.0421471 0.00349346 -0.00379881
internal_weight=476938 41475.8 33607.7 897.268 7868.11 3405.53 1693.83 252.039 1441.79 1220.7 221.087 94.5496 258.238 106.123 110.534 4462.58 32710.4 685.557 435462 359681 48438.8 16609.3 203.669 133.03 75781.4 69033 5332.32 3275.24 63700.7 25240.9
internal_count=3860290 514271 468627 5362 45644 19651 9310 1225 8085 6893 1192 501 1346 396 470 25993 463265 4733 3346019 2581994 262117 85797 934 366 764025 720286 55254 24114 665032 347250
cat_boundaries=0 1 2 3 4 5 6 7 8 9 10 11 12 13
cat_threshold=4 41 36 16 1 88 4 25 17 80 22 38 13
is_linear=0
shrinkage=0.08


Tree=103
num_leaves=31
num_cat=13
split_feature=1 43 23 34 42 38 43 3 31 45 19 32 46 38 38 3 4 38 37 22 37 3 5 6 17 4 3 38 3 14
split_gain=432.007 324.514 482.602 356.26 327.201 325.395 492.77 860.647 255.471 431.58 301.288 353.507 248.159 314.469 302.473 243.974 237.497 229.844 394.414 288.033 284.309 305.174 278.855 239.31 350.233 400.183 433.622 364.656 275.615 231.565
threshold=2.5000000000000004 0 1.5000000000000002 1 2 3 4 362.86999511718756 1.0000000180025095e-35 5 1322.0200195312502 24.765000343322757 6 7 8 706.82501220703136 3.5000000000000004 9 10 1.5000000000000002 11 552.12500000000011 20.500000000000004 33.050048828125007 1.5000000000000002 1.0000000180025095e-35 344.75500488281256 12 43.870000839233406 2.5000000000000004
decision_type=2 9 2 1 9 1 9 8 10 9 2 10 1 1 1 8 10 1 1 2 1 10 2 2 2 8 10 1 10 2
left_child=8 2 -2 4 -3 6 7 -6 -1 10 -10 -12 14 -14 -11 17 -7 18 -5 20 21 23 -20 -19 25 26 -25 -27 -26 -30
right_child=1 3 -4 15 5 16 -8 -9 9 12 11 -13 13 -15 -16 -17 -18 19 22 -21 -22 -23 -24 24 28 27 -28 -29 29 -31
leaf_value=-0.00031727206907589518 0.017200613106104452 -0.0071436488506106581 0.082810212642205908 0.016114295898677536 0.46692724162433297 0.015056955310387816 0.064614113227977193 0.0065563238036655857 -0.089528102710672658 0.051684626967678921 -0.055284748157536437 0.43072564682654596 0.025468771112497228 -0.030377060638387406 0.013905863964296274 -0.038125240912232558 0.1492215365033536 0.019584069825359922 -0.020876842399275519 -0.058586028192783537 0.0067644572964720394 -0.063191886192389107 0.094548078143912098 0.042195060548423903 0.30603646644436799 0.19439278041169242 0.55196975389068736 -0.10792838831830208 0.043721854333888824 0.31560212237854685
leaf_weight=440139.42734956066 3736.6985127152875 838.51545122638345 888.04287876281887 3603.7289581936784 61.916865572333336 1003.8919925522059 565.38206184469163 44.788493800908327 379.30716699128971 1836.3617426892743 23.588207399938256 16.126721722539514 1169.3007503021508 1416.023320118431 5215.2986071323976 896.94718586979434 92.198227610439062 1205.9337982796133 5326.9922323040664 340.63053794857115 6083.8950732173398 177.6910917442292 137.41053648386151 16.24063983745873 27.250346774235368 59.056785080581903 31.18474686704576 34.508559476584196 1119.478115260601 20.414807544089854
leaf_count=3597783 55728 4585 9717 29974 125 5400 1802 204 2460 5400 216 32 2473 8407 14240 6359 317 7021 41798 4805 46412 3223 720 76 51 111 239 464 10495 251
internal_value=0.000553133 0.0105168 0.0297347 0.00640208 0.0340866 0.0535692 0.097322 0.25024 -2.92156e-05 0.0125787 -0.0660025 0.142066 0.0160473 -0.00513787 0.0238371 0.00260424 0.0261041 0.00461466 -0.00440467 0.0135763 0.0163928 0.0379884 -0.0179415 0.0452908 0.0689891 0.188088 0.377399 0.0921324 0.0546019 0.0485911
internal_weight=476508 26312.8 4624.74 21688.1 2606.69 1768.18 672.087 106.705 450195 10056 419.022 39.7149 9636.98 2585.32 7051.66 19081.4 1096.09 18184.4 9068.13 9116.28 8775.65 2691.76 5464.4 2514.07 1308.13 140.991 47.4254 93.5653 1167.14 1139.89
internal_count=3860888 229877 65445 164432 12433 7848 2131 329 3631011 33228 2708 248 30520 10880 19640 151999 5717 145640 72492 73148 68343 21931 42518 18708 11687 890 315 575 10797 10746
cat_boundaries=0 1 2 3 4 5 6 7 8 9 10 11 12 13
cat_threshold=33 2 11 81 4 32 1 71 161 329 112 3 130
is_linear=0
shrinkage=0.08


Tree=104
num_leaves=31
num_cat=11
split_feature=31 3 32 45 3 32 37 4 3 48 3 34 38 3 48 35 34 4 13 41 38 19 6 3 3 6 42 6 18 32
split_gain=208.474 455.539 214.789 365.182 277.803 286.745 237.507 302.868 228.404 288.875 221.008 198.055 196.43 220.315 181.882 180.466 467.937 330.635 307.812 216.758 433.731 276.908 232.886 503.122 446.524 371.173 309.5 263.473 550.976 254.635
threshold=1.0000000180025095e-35 24.515000343322757 -7.3749999999999991 0 673.66000366210949 -70.31499862670897 1 56.500000000000007 350.29499816894537 2 339.64500427246099 3 4 779.00500488281261 5 6 7 69.500000000000014 3226.424926757813 8 9 109.52500152587892 85.050003051757827 356.22999572753912 423.57499694824224 50.000122070312507 10 1365.6499023437502 3125.5700683593755 -2.3349999189376827
decision_type=10 8 8 9 10 10 1 10 10 9 10 1 1 10 9 1 1 10 2 9 1 2 2 10 10 2 9 2 2 10
left_child=2 -2 3 4 5 -1 7 -7 10 -10 -8 -5 -3 -14 15 16 17 18 19 20 -4 -21 23 25 -25 -23 27 -24 -29 -27
right_child=1 12 14 11 -6 6 8 -9 9 -11 -12 -13 13 -15 -16 -17 -18 -19 -20 21 -22 22 26 24 -26 29 -28 28 -30 -31
leaf_value=0.0023314881803979245 -0.10050130120124548 0.036981999361359257 0.10395139138233565 -0.03798137361466665 -0.013693600944865192 0.048097867067649035 0.033692217627795527 0.3165858250727886 -0.0029858397402918991 0.29458233707618919 0.19589151003873068 -0.00012158245804941239 0.0059700700315416235 0.079827702228011374 0.028270911792316812 -0.0011954303667908509 3.7902148215128996e-05 0.30101932523937636 0.18637162793414658 0.018518214380071819 -0.02285437059171758 0.038455816921568783 0.060493513120219104 0.52746063887285555 0.10999997453836685 0.42918523497826572 -0.024609692257539683 0.53218969396726035 -0.0088740409956880734 0.1033810468673166
leaf_weight=3357.4707086840644 230.14419438783079 1836.7271902300417 193.0438155955635 1245.4682794753462 1702.3171460868325 2402.8874010117725 1976.6217293427326 27.19383750949055 1999.9012284372002 21.099662547465414 55.26708653755486 3001.8023967677727 8445.4286363115534 266.64438488148153 1379.4958577544894 425491.33183067932 17971.666852781549 28.163942657411098 75.573591874912381 2418.4448570609093 1143.442905745469 293.51777125615627 403.32067434769124 32.54320683516562 33.053246802650392 28.592181876301765 296.74839212233201 23.805280062370002 24.382597355172038 33.155992401763797
leaf_count=16745 1252 4545 613 13555 21740 25837 6985 89 23960 124 196 27583 29643 695 10224 3527829 127220 22 196 10007 5538 1391 1851 114 101 84 1809 92 122 215
internal_value=-0.000156589 0.0108426 -0.000411193 0.00875975 0.0161318 0.0213078 0.0311355 0.050893 0.0191163 0.000120833 0.038104 -0.0112867 0.0132718 0.00822114 -0.000733085 -0.000822297 0.00607856 0.0276278 0.026143 0.0236838 -0.0039024 0.033877 0.0659381 0.113547 0.317107 0.0759614 0.0391601 0.0798487 0.258417 0.254243
internal_weight=476439 10778.9 465660 15790 11542.8 9840.44 6482.97 2430.08 4052.89 2021 2031.89 4247.27 10548.8 8712.07 449870 448491 22999.5 5027.79 4999.62 4924.05 1336.49 3587.56 1169.12 420.862 65.5965 355.266 748.257 451.509 48.1879 61.7482
internal_count=3860377 36135 3824242 136814 95676 73936 57191 25926 31265 24084 7181 41138 34883 30338 3687428 3677204 149375 22155 22133 21937 6151 15786 5779 1905 215 1690 3874 2065 214 299
cat_boundaries=0 1 2 3 4 5 6 7 8 9 10 11
cat_threshold=5 73 1 36 137 1 16 99 5 33 48
is_linear=0
shrinkage=0.08


Tree=105
num_leaves=31
num_cat=19
split_feature=1 38 41 4 44 3 3 2 41 38 45 38 45 38 1 45 32 43 38 8 3 2 45 38 38 38 41 37 32 43
split_gain=215.179 196.67 187.545 151.252 139.952 427.514 424.861 347.3 287.331 288.397 921.429 267.638 262.873 251.452 237.81 263.217 257.318 247.8 213.435 229.238 213.161 208.816 191.983 1846.79 432.832 348.519 386.728 509.323 353.514 347.848
threshold=5.5000000000000009 0 1 14.500000000000002 2 inf 1.0000000180025095e-35 1.5000000000000002 3 4 5 6 7 8 2.5000000000000004 9 14.47499990463257 10 11 1.0000000180025095e-35 9.7550001144409197 1.5000000000000002 12 13 14 15 16 17 -3.7450000047683711 18
decision_type=2 1 9 10 9 8 10 10 9 1 9 1 9 1 2 9 8 9 1 2 10 8 9 1 1 1 9 1 8 9
left_child=4 2 -2 -3 6 22 11 8 12 10 20 -1 13 -8 15 -9 -17 -16 -11 -20 -10 -12 25 -24 -25 26 27 -6 -27 -28
right_child=1 3 -4 -5 5 -7 7 14 9 18 21 -13 -14 -15 17 16 -18 -19 19 -21 -22 -23 23 24 -26 28 29 -29 -30 -31
leaf_value=-0.0052635757017799305 -0.066958295949666402 -0.017703540863823006 0.087763127437838317 0.11701744613639202 0.016546058709487214 0.030798122780170387 -0.010772974710668801 0.04829111769679989 -0.070757609653383569 0.032969239934723803 0.0464707386740323 -0.050710530250952762 -0.021623027939364371 0.017115087882834862 0.025032081871802975 0.017795995610525875 -0.087524387608656232 0.21303781672143896 0.0060027933389830259 0.040377004889178343 -0.17191868726783407 -0.049830438277731953 -0.074198098206686727 0.023001418252677798 -0.0042413787328972868 0.0068799588584660875 -0.032833076820508948 -0.022239921666893796 -0.0015727647616063732 0.029088737938052611
leaf_weight=2073.5908483183011 51.512200592085719 415.30803460022435 458.26680085342377 61.193332802504301 4961.3009797576815 2753.9922323329374 4454.4470374602824 1393.0753224380314 416.62555719912052 2188.138892961666 685.35583034902811 1382.5111816292629 4627.8832564875484 3847.077249057591 106.61430942453444 555.0602905349806 202.67631442379206 85.000544354319572 33900.351527166553 1288.8630535798147 196.03516754880548 182.47257606312633 2368.807567785494 4041.6944191437215 47382.847445383784 35276.487764175748 625.14147671312094 3830.9807819146663 309397.65594971832 7187.189362488687
leaf_count=3779 405 2702 1105 126 15612 4152 16557 2457 1727 3626 693 3199 29496 8312 255 2665 1229 106 151210 7615 1063 468 14216 14544 539970 387551 1875 14893 2615210 15701
internal_value=-3.06494e-05 0.0372978 0.0711414 -0.00039411 -0.00010809 -0.00061766 0.00358921 0.00532553 0.00396269 0.00739899 -0.0271221 -0.0236052 -0.00636553 0.0021559 0.0354558 0.0278475 -0.0102395 0.120856 0.00877324 0.00725974 -0.10147 0.0259234 -0.000826103 -0.00528442 -0.00209618 -0.000162123 0.011155 -0.00035987 -0.00070763 0.0240981
internal_weight=476398 986.28 509.779 476.501 475412 417826 57585.8 54129.7 51787.3 38857.8 1480.49 3456.1 12929.4 8301.52 2342.43 2150.81 757.737 191.615 37377.4 35189.2 612.661 867.828 415072 53793.3 51424.5 361279 16604.6 8792.28 344674 7812.33
internal_count=3862519 4338 1510 2828 3858181 3623724 234457 227479 220767 166402 3951 6978 54365 24869 6712 6351 3894 361 162451 158825 2790 1161 3619572 568730 554514 3050842 48081 30505 3002761 17576
cat_boundaries=0 1 2 3 4 5 6 7 8 9 10 11 12 13 14 15 16 17 18 19
cat_threshold=912 34 1 34 129 32 353 13 289 8 44 512 13 129 512 1 35 20 34
is_linear=0
shrinkage=0.08


Tree=106
num_leaves=31
num_cat=19
split_feature=6 45 41 36 39 34 47 40 37 38 34 37 34 1 21 38 19 42 19 43 19 7 32 11 6 47 36 43 42 19
split_gain=286.53 372.163 281.338 408.712 358.369 252.806 241.438 381.409 540.79 530.702 437.984 305.93 471.769 620.095 2023.44 493.076 429.007 479.185 783.849 410.996 442.689 266.56 407.242 253.775 247.739 241.056 909.753 643.298 593.613 395.516
threshold=443.04998779296881 0 1 2 3 4 5 6 7 8 9 10 11 2.5000000000000004 1.0000000180025095e-35 12 4284.4252929687509 13 494.27499389648443 14 5458.1999511718759 1.0000000180025095e-35 18.845000267028812 119.50000000000001 3298.575073242188 15 16 17 18 2896.5000000000005
decision_type=2 9 9 9 9 1 1 1 1 1 1 1 1 2 2 1 2 9 2 9 2 2 10 2 2 1 9 9 9 2
left_child=25 -2 3 5 -5 -3 -4 8 9 10 -8 23 13 15 24 16 17 18 -13 20 -18 22 -19 -9 -15 26 28 -28 29 -1
right_child=1 2 6 4 -6 -7 7 11 -10 -11 -12 12 -14 14 -16 -17 19 21 -20 -21 -22 -23 -24 -25 -26 -27 27 -29 -30 -31
leaf_value=0.0048764901718949937 0.0073849993571044005 0.11588273016066739 -0.00067543290732590907 0.094504881174356861 -0.018905968548457816 0.01537041019621743 0.26114394264744745 -0.071374740505248099 -0.023750885857139199 -0.02744027120159484 -0.0056965157950840265 0.73098768670804959 -0.05364134158789316 -0.096535289566338153 1.5414239842612765 -0.058789280756151065 0.61366723696722969 0.059606909289196798 -0.085607196361322163 -0.063733831890024087 0.18059828942100034 -0.04230495881619601 0.6688389450825214 0.17075120843704844 0.24366040292298796 0.0011206167806579702 0.099523862650779699 -0.025139524112190829 -0.0062393247848451499 0.060521946769215539
leaf_weight=47644.069711379707 67244.200093129883 348.05412499466911 4199.7003327189013 203.50051804026589 1441.1531152941752 312.42551850154996 134.99314782582223 1485.1241247181315 688.71995318308473 129.37716652522795 62.886116468347609 17.41993619827554 1217.1938199070282 23.443286888999864 7.0319984741508952 440.09918605536222 24.401729939971119 119.67799730575643 13.24191407067701 29.064362142467871 39.65753852808848 308.41246537701227 7.4598104355391106 28.230874424567446 32.962844251887873 279949.98431657348 260.985456392169 13306.397342668381 56428.140095918672 831.76663859700784
leaf_count=984229 682041 1303 6447 1589 16677 1485 426 55249 7464 1859 851 180 34233 639 82 6588 377 1802 554 1707 732 14238 70 92 196 975226 1417 163778 869780 29001
internal_value=0.000711179 0.00512688 -0.00829306 0.016601 -0.00484367 0.0692759 -0.014674 -0.0269284 0.016598 0.0996996 0.180147 -0.0385281 -0.0198067 0.0190793 0.261797 0.00386391 0.0532598 0.0228991 0.285284 0.210977 0.298904 -0.00207458 0.0953536 -0.0664191 0.10227 -0.000159484 -0.00318438 -0.0226699 -0.000662065 0.00583007
internal_weight=476980 78558.4 11314.2 2305.13 1644.65 660.48 9009.1 4809.4 1015.98 327.256 197.879 3793.42 2280.07 1062.87 63.4381 999.435 559.336 466.212 30.6619 93.1236 64.0593 435.55 127.138 1513.35 56.4061 398421 118471 13567.4 104904 48475.8
internal_count=3860312 836881 154840 21054 18266 2788 133786 127339 10600 3136 1277 116739 61398 27165 917 26248 19660 16844 734 2816 1109 16110 1872 55341 835 3023431 2048205 165195 1883010 1013230
cat_boundaries=0 1 2 3 4 5 6 7 8 9 10 11 12 13 14 15 16 17 18 19
cat_threshold=13 3 83 2 21 2 12 1 276 20 5 50 96 32 40 4 192 2 11
is_linear=0
shrinkage=0.08


Tree=107
num_leaves=31
num_cat=13
split_feature=38 17 7 18 34 4 38 47 3 37 18 3 2 36 2 41 22 6 36 47 42 3 2 3 7 42 27 47 7 42
split_gain=230.88 315.774 282.707 281.544 332.031 506.53 437.376 378.314 348.157 279.193 275.661 441.456 273.051 263.837 261.491 310.88 334.045 655.935 304.004 330.07 322.79 307.882 1193.3 340.09 455.931 428.016 272.915 268.771 287.152 259.932
threshold=0 99.500000000000014 2511.900024414063 2814.099975585938 1 41.500000000000007 2 3 192.73500061035159 4 6471.0000000000009 805.22000122070324 1.0000000180025095e-35 5 1.0000000180025095e-35 6 3.5000000000000004 242.02502441406253 7 8 9 571.29498291015636 2.5000000000000004 228.94499969482425 837.02502441406261 10 9.2500000000000018 11 174.00000762939456 12
decision_type=1 2 2 2 1 10 1 1 10 1 2 10 10 9 10 9 2 2 9 1 9 10 8 8 2 9 10 1 2 9
left_child=1 2 9 -2 5 12 7 10 -8 -1 -7 -12 13 29 26 18 -17 -18 19 -16 -20 23 -23 24 27 -26 -11 -22 -29 -5
right_child=3 -3 -4 4 -6 6 8 -9 -10 14 11 -13 -14 -15 15 16 17 -19 20 -21 21 22 -24 -25 25 -27 -28 28 -30 -31
leaf_value=0.082342106981974403 0.00052375090297550667 0.063215930266033768 -0.035300187167422552 0.078671817592316104 0.0027853415703726083 0.3716725495716719 0.35934205241937606 0.090267258971874251 -0.09115746696485745 -0.0010123347576975424 -0.09692221944938427 0.37418592303748333 -0.016778145790374864 -0.0038339647759664309 -0.0027469261298983939 -0.027087325557809697 0.58225274614125855 -0.08202002164917481 -0.017276437941449618 -0.067467337897517479 -0.0028914239265988933 -0.090172221877820244 1.1970128482447562 -0.016632660640400605 0.27368059204079287 -0.060028647731341533 -0.040866723796417016 0.055021546244930955 -0.049073108263071576 0.025767953997174436
leaf_weight=237.47889066115022 315015.01125406125 462.94250441575423 1708.9569284970639 692.16113998135552 16291.70600917819 67.06821174453944 12.351885970681904 240.94912510924041 98.786722277291119 115542.28648037091 27.021147352643311 24.069155154749751 1240.6032595760189 1627.6048895446584 1183.8133581802249 6520.5815487636719 16.92175616370514 21.731357487151399 2761.0994212916121 878.61827380815521 1339.6458645965904 14.417901085689666 6.7756529338657847 1442.4124224060215 77.644407484214753 35.560102457646281 1110.2177182026207 1641.32878165273 189.14870928553864 4226.5554258399643
leaf_count=530 2112949 3196 39766 4584 154399 237 24 344 983 1318467 312 15 10437 9080 1856 85290 125 698 22422 8556 2045 260 67 11510 151 263 22446 12815 1940 34455
internal_value=5.36068e-05 -0.00274226 -0.0029691 0.00116678 0.00941868 0.0224759 0.103133 0.143765 -0.0376973 -0.00255373 0.265024 0.125022 0.0176339 0.0241554 -0.00271156 -0.0122591 -0.0256582 0.208789 -0.00304587 -0.0301722 0.00443588 0.0170748 0.321345 0.0157464 0.029971 0.187728 -0.00139164 0.0243375 0.0442651 0.0333571
internal_weight=474755 135192 134729 339564 24548.9 8257.17 470.246 359.108 111.139 133020 118.159 51.0903 7786.92 6546.32 132782 16129.7 6559.23 38.6531 9570.46 2062.43 7508.03 4746.93 21.1936 4725.74 3283.33 113.205 116653 3170.12 1830.48 4918.72
internal_count=3860222 1532403 1529207 2327819 214870 60471 1915 908 1007 1489441 564 327 58556 48119 1488911 147998 86113 823 61885 10412 51473 29051 327 28724 17214 414 1340913 16800 14755 39039
cat_boundaries=0 1 2 3 4 5 6 7 8 9 10 11 12 13
cat_threshold=176 19 770 4 2 128 3 58 2 10 16 2 1
is_linear=0
shrinkage=0.08


Tree=108
num_leaves=31
num_cat=16
split_feature=49 38 4 47 42 38 37 45 19 34 2 12 4 43 45 34 4 19 32 37 32 38 37 4 6 23 17 36 37 19
split_gain=244.421 238.067 291.37 191.137 351.258 903.807 848.501 753.353 494.267 762.656 746.899 614.576 447.895 473.93 389.684 373.889 512.138 378.983 335.562 318.969 302.353 449.292 634.494 911.495 348.55 338.623 296.422 333.844 433.712 542.889
threshold=0 1 30.500000000000004 2 3 4 5 6 81.52500152587892 7 2.5000000000000004 1085.5250244140627 69.500000000000014 8 9 10 11.500000000000002 390.02499389648443 inf 11 40.379999160766609 12 13 1.0000000180025095e-35 249.00000762939456 8.5000000000000018 2.5000000000000004 14 15 70.77500152587892
decision_type=9 1 8 1 9 1 1 9 2 1 10 2 10 9 9 1 10 2 8 1 10 1 1 10 2 2 2 9 1 2
left_child=1 2 -1 4 5 6 7 8 9 10 12 -10 13 -2 19 16 -13 -17 -11 -7 26 22 23 -22 -24 -23 -6 -28 29 -29
right_child=3 -3 -4 -5 20 14 -8 -9 11 18 -12 15 -14 -15 -16 17 -18 -19 -20 -21 21 25 24 -25 -26 -27 27 28 -30 -31
leaf_value=0.11326386029259417 0.38283159159419911 -0.059705529016307421 0.46094071890888544 0.0010568410224316464 -0.00073922664361886019 -0.055924603631683542 0.012745743085219637 -0.058382953054264997 -0.023553491868771904 -0.091596904903619963 0.75107618078077909 -0.092417595924195697 0.62451993852755705 0.13390093084851437 -0.01318271828291997 0.37853401195579883 0.54574043024037933 0.13469300136964257 0.11164443997190741 0.047687868752449285 -0.023397450600393842 0.0044055746810944844 -0.070800549598170032 0.44485713076450029 0.11519608304267712 0.35300038895232855 0.0096878201398210087 -0.037565533682846687 -0.022184878325912406 -0.0029222316237776319
leaf_weight=67.095155293587595 64.564072125591338 37.80413733702153 20.032668616622686 328071.71024417761 75914.611652351217 216.35481422161683 2463.9288869078737 190.93919914215803 291.7773008979857 80.768249914981425 17.041008377447724 77.958881741389632 15.97131075710058 302.56980915926397 6525.3997348173289 48.179981553927064 8.9749908447265607 266.06566611677408 145.921890148893 1258.8514066762291 41.479345047846437 1531.4835476118606 115.69112180545926 74.195324359461665 145.67457359656692 18.044347669929266 5893.6801705062389 3162.3944686076138 14413.876905774465 34241.600723535637
leaf_count=446 554 239 74 1146045 1146352 2294 24346 2634 4910 1170 78 1675 12 2144 157188 310 68 2799 1111 25456 491 22800 1307 329 940 96 62625 86737 224848 940653
internal_value=1.0771e-05 0.111894 0.173311 -1.86189e-05 -0.00241022 0.010718 0.041851 0.0889243 0.110515 0.162827 0.227169 0.0647888 0.209794 0.191753 -0.0047817 0.12904 -0.0237972 0.166772 0.0375734 0.0322178 -0.00357054 0.0278955 0.104966 0.254911 0.0316552 0.0084107 -0.00402448 -0.00834594 -0.0103969 -0.00584965
internal_weight=475725 124.932 87.1278 475600 147528 11975.3 3974.66 1510.73 1319.79 626.836 400.146 692.957 383.105 367.134 8000.61 401.18 86.9339 314.246 226.69 1475.21 135553 1926.57 377.04 115.675 261.366 1549.53 133626 57711.6 51817.9 37404
internal_count=3860731 759 520 3859972 2713927 226749 41811 17465 14831 5069 2788 9762 2710 2698 184938 4852 1743 3109 2281 27750 2487178 25963 3067 820 2247 22896 2461215 1314863 1252238 1027390
cat_boundaries=0 1 2 3 4 5 6 7 8 9 10 11 12 13 14 15 16
cat_threshold=2 314 4 1 143 11 7 85 32 10 68 12 18 9 96 113
is_linear=0
shrinkage=0.08


Tree=109
num_leaves=31
num_cat=16
split_feature=31 40 2 38 32 3 34 44 46 3 3 34 46 32 3 38 38 45 45 3 34 2 41 38 19 19 22 19 34 38
split_gain=339.717 419.576 276.151 251.759 206.962 184.12 155.817 144.701 574.716 798.796 368.986 360.722 309.729 343.139 292.614 275.001 268.151 976.982 257.066 482.365 308.668 236.03 286.95 338.938 456.777 798.257 299.488 292.322 531.096 290.787
threshold=1.0000000180025095e-35 0 inf 1 -70.31499862670897 779.00500488281261 2 3 4 128.30500030517581 inf 5 6 -70.31499862670897 9.4749999046325701 7 8 9 10 24.515000343322757 11 1.5000000000000002 12 13 414.52499389648443 516.95501708984386 2.5000000000000004 5458.1999511718759 14 15
decision_type=10 1 8 1 8 10 1 9 1 10 8 1 1 8 8 1 1 9 9 10 1 8 9 1 2 2 2 2 1 1
left_child=7 -2 3 4 -3 -5 -6 8 16 11 12 -10 18 -14 -13 -12 17 -1 19 20 -9 22 23 24 -18 29 -27 -24 -29 -26
right_child=1 2 -4 5 6 -7 -8 10 9 -11 15 14 13 -15 -16 -17 21 -19 -20 -21 -22 -23 27 -25 25 26 -28 28 -30 -31
leaf_value=0.050851154984829394 -0.12099946260520104 -0.12764220789749581 -0.055936644911416082 0.010146885943314699 0.062401570543185535 0.080903203280466338 0.010273028235172755 0.18630814740984808 -0.01645134672992982 0.013421040875664089 -0.0082267452702185703 -0.15453606489486443 -0.070930619443113352 0.016991614405272235 -0.051169349886867145 0.047437623686950377 -0.00019769032633557115 -0.091180913545489045 -0.0010035987876257024 -0.019608236008590432 -0.029094068643095036 0.032064834506019622 0.009785665387453981 -0.014339940317583904 0.35874941310921271 0.016524708521510247 0.27355079230914198 -0.074390150492865792 0.17225463602282504 0.073994372031954331
leaf_weight=542.79880102165043 135.80667216610163 43.783792119473219 333.65105745382607 8418.789342041593 1360.0272635845467 242.13875964051113 523.48936860449612 111.27823431789875 2779.5261276625097 3612.6283653862774 843.84873218461871 191.69905462488532 294.06555970665067 8372.6025712732226 2045.46509305574 1737.12265572045 1709.5683703012764 699.95622998382896 392431.00915992586 7002.6020487521309 68.209239246323705 2524.1023009633645 31774.455408501439 6962.9314747601748 67.704390680417418 449.87727582640946 31.01404589228332 78.0695616370067 166.62295292876661 60.991277173161507
leaf_count=599 1043 168 1128 28900 2414 664 1839 255 5451 6324 1601 738 850 22192 5074 2451 5459 3122 3473497 96436 314 7890 148798 39942 161 1836 93 1324 374 87
internal_value=7.70592e-05 0.0139353 0.0157095 0.017982 0.0440736 0.0121111 0.0482992 -0.000252803 0.00365269 -0.0152614 -0.000763231 -0.0359163 -0.000953847 0.0140084 -0.0597596 0.0293901 0.00727423 -0.0292348 -0.00127834 -0.0162663 0.11321 0.00831429 0.0068648 -0.00551889 0.0209129 0.08046 0.033101 0.0104532 0.0975617 0.257424
internal_weight=475616 11057.7 10921.9 10588.2 1927.3 8660.93 1883.52 464558 53697.4 8629.32 410861 5016.69 408280 8666.67 2237.16 2580.97 45068.1 1242.76 399613 7182.09 179.487 43825.3 41301.2 9282.09 2319.16 609.587 480.891 32019.1 244.693 128.696
internal_count=3861024 36156 35113 33985 4421 29564 4253 3824868 227272 17587 3597596 11263 3593544 23042 5812 4052 209685 3721 3570502 97005 569 205964 198074 47578 7636 2177 1929 150496 1698 248
cat_boundaries=0 1 2 3 4 5 6 7 8 9 10 11 12 13 14 15 16
cat_threshold=1 137 38 1 1 74 1 5 129 10 2 18 34 586 104 8
is_linear=0
shrinkage=0.08


Tree=110
num_leaves=31
num_cat=10
split_feature=17 19 27 42 18 43 32 4 38 6 38 34 18 18 7 6 6 2 3 43 34 42 18 19 19 37 19 19 34 3
split_gain=236.79 366.856 280.44 257.133 500.117 534.464 384.479 313.638 393.205 432.693 332.681 356.145 315.155 280.324 258.981 314.479 1400.31 255.87 246.173 265.38 215.855 611.247 614.683 433.159 2073.85 348.528 327.745 641.344 518.567 582.335
threshold=1.5000000000000002 97.850002288818374 2.5000000000000004 0 40.774999618530281 1 4.7650001049041757 25.500000000000004 2 60.000007629394538 3 4 16390.161132812504 10890.474609375002 90.000030517578139 322.54998779296881 361.54998779296881 1.5000000000000002 673.66000366210949 5 6 7 129.76499938964847 1054.0250244140627 1088.3250122070315 8 36.049999237060554 81.52500152587892 9 473.33999633789068
decision_type=2 2 8 9 2 9 8 10 1 2 1 1 2 2 2 2 2 10 10 9 1 9 2 2 2 1 2 2 1 10
left_child=20 2 -2 4 5 6 -4 10 9 -9 11 12 -6 -11 18 -16 -17 -8 -13 -20 21 22 25 -23 -25 26 -1 28 29 -28
right_child=1 -3 3 -5 7 -7 17 8 -10 13 -12 14 -14 -15 15 16 -18 -19 19 -21 -22 23 -24 24 -26 -27 27 -29 -30 -31
leaf_value=0.036150273553038952 0.15584461340965991 -0.00048608287265951934 0.41597318761396757 -0.014770545881559127 0.028088871009842236 0.0022485165499117614 -0.020768992668331356 0.31252665069742208 -0.030937481718963902 -0.037065027559097186 -0.02595616115045267 -0.010834624597390794 0.28532241640496764 0.22573003675887124 0.0076231044562090292 1.1771491860654113 0.05717517592341409 0.34421951435644466 0.30663882768626749 0.015619709773373864 4.189668319849119e-06 0.0020255952478374188 -0.027547379238454482 0.7070527482328387 0.014845232942031732 0.010414001190587467 0.18930967451109773 0.00046934634374083532 -0.077495325058291986 0.56129421809925606
leaf_weight=5507.9163589840755 65.569823830388486 190751.45402431197 51.861646097619087 22585.007212270983 2144.0329413707368 142.39962288970128 34.258614974562079 69.795283540152013 133.13027317356318 71.213973986916244 3344.9135931618512 5609.6899682858493 30.922012616880238 40.896608481183648 72.468499859329313 8.8805270376615209 36.553713366854936 19.171622368507087 22.210432985797524 69.355165429646149 162940.57311337278 75027.777562482748 1378.5744048031047 32.231217301916331 197.05119455722161 3782.6371042407118 188.18511821422726 205.8467711545527 40.816654709167778 31.432995199225843
leaf_count=30797 142 1948447 171 192553 17608 1188 412 260 1084 656 36711 74777 115 31 1017 58 462 22 42 1088 926280 573163 13682 134 2215 33615 846 1249 515 279
internal_value=1.97409e-05 -0.00185999 -0.00944487 -0.00975914 -0.000236781 0.11225 0.238185 -0.00262775 0.0761082 0.148015 -0.0048153 0.0040579 0.0316007 0.0587995 -0.006273 0.111075 0.276084 0.110195 -0.00871078 0.121404 0.00171832 0.00495067 0.0224362 0.0023608 0.112152 0.0295215 0.0415327 0.106002 0.189415 0.231987
internal_weight=474637 225304 34552.3 34486.8 11901.8 247.692 105.292 11654.1 315.036 181.906 11339 7994.11 2174.95 112.111 5819.16 117.903 45.4342 53.4302 5701.26 91.5656 249333 86392.5 11135.4 75257.1 229.282 9756.84 5974.2 466.282 260.435 219.618
internal_count=3859619 2276844 328397 328255 135702 1793 605 133909 2031 947 131878 95167 17723 687 77444 1537 520 434 75907 1130 1582775 656495 80983 575512 2349 67301 33686 2889 1640 1125
cat_boundaries=0 1 2 3 4 5 6 7 8 9 10
cat_threshold=8 1 106 354 10 8 56 3 15 40
is_linear=0
shrinkage=0.08


Tree=111
num_leaves=31
num_cat=14
split_feature=44 46 3 3 3 45 38 32 36 42 47 35 38 47 2 43 36 4 13 38 42 3 3 3 4 3 3 3 1 3
split_gain=151.923 413.824 665.226 412.293 384.48 287.721 1688.91 391.64 351.685 456.377 386.25 648.933 512.25 331.633 595.083 351.5 649.721 948.971 565.343 524.052 977.388 1241.74 949.098 1099.16 1046.66 942.355 901.015 2095.27 549.603 739.416
threshold=0 1 24.515000343322757 198.07500457763675 inf 2 3 11.204999923706056 4 5 6 7 8 9 1.0000000180025095e-35 10 11 3.5000000000000004 85.77500152587892 12 13 173.36500549316409 344.75500488281256 356.22999572753912 29.500000000000004 140.08000183105472 578.36499023437511 584.10998535156261 2.5000000000000004 187.77500152587893
decision_type=9 1 8 10 8 9 1 10 9 9 1 1 1 1 8 9 9 10 2 1 9 10 10 10 10 10 10 8 2 10
left_child=1 -1 -3 -4 5 -2 -7 8 9 10 11 12 -8 14 15 16 17 -10 19 20 21 25 24 -24 -23 -18 -25 -28 -21 -30
right_child=4 2 3 -5 -6 6 7 -9 13 -11 -12 -13 -14 -15 -16 -17 18 -19 -20 28 -22 22 23 26 -26 -27 27 -29 29 -31
leaf_value=0.0067884696697797378 -7.2733983163173944e-05 -0.086091148055991995 -0.018245723853663468 0.016832897363731343 0.029464849731050628 -0.073786096652238162 -0.051079582072442793 -0.040102600489195561 -0.087669938601915298 -0.0016927700205040205 0.022116032607654788 -0.081631690917217684 0.15471548068353749 -0.00047493961890786914 -0.062985320708587839 -0.020591848728504038 -0.083789745587097175 0.75854492192426448 -0.028699442848582703 0.0091675652945624551 -0.051796914491599566 -0.083524984486031933 1.141733775008448 -0.083212328525299334 0.79882920461400575 0.9594105065607863 2.4525772182565606 -0.091098749933801779 0.66542112875632764 0.080938964400590882
leaf_weight=47705.400247517042 361177.71914640325 704.31685038097203 5872.8954064296558 3377.6650927700102 2688.9264134867117 2266.4090118389577 90.752855065278709 1791.9623356651282 14.590183487627653 3624.8703521699645 1631.1328000174835 112.59744728682563 519.50567865883932 32498.434054290643 1521.9874348345911 6064.0949839996174 7.1494254348799613 20.257397204637527 1513.1703353155171 1504.951615780592 103.52249079011381 76.391949926503003 11.648907836526631 19.562252739444379 9.6960809994488937 24.64758738130331 3.3825217960402343 5.3512939298525461 18.920395601540804 51.71596676716581
leaf_count=214842 3052836 2404 11311 5784 4170 14165 1580 41589 309 19028 4058 1759 3468 147826 35794 177348 180 72 70079 44131 2412 2149 61 688 75 336 108 173 42 1337
internal_value=-0.000156617 0.00369252 -0.0111438 -0.00543744 -0.000688378 -0.000883899 -0.00635818 -0.00336196 -0.00203119 0.0161449 0.0435039 0.0923676 0.123781 -0.00453383 -0.0165612 -0.00908355 0.01156 0.314109 0.00748751 0.0373371 0.140089 0.261536 0.165396 0.487684 0.0158544 0.724851 0.218425 0.894042 0.0192816 0.237496
internal_weight=475034 57660.3 9954.88 9250.56 417373 414684 53506.7 51240.3 49448.3 5978.86 2353.99 722.856 610.259 43469.5 10971 9449.05 3384.96 34.8476 3350.11 1836.94 261.353 157.83 126.033 39.945 86.088 31.797 28.2961 8.73382 1575.59 70.6364
internal_count=3860114 234341 19499 17095 3625773 3621603 568767 554602 513013 29893 10865 6807 5048 483120 335294 299500 122152 381 121771 51692 6182 3770 3254 1030 2224 516 969 281 45510 1379
cat_boundaries=0 1 2 3 4 5 6 7 8 9 10 11 12 13 14
cat_threshold=1 1 13 129 11 24 4 40 776 4 9 16 256 56
is_linear=0
shrinkage=0.08


Tree=112
num_leaves=31
num_cat=17
split_feature=34 1 4 37 43 38 11 41 38 38 36 33 6 38 42 38 4 19 38 4 2 38 36 16 41 32 41 17 48 22
split_gain=195.891 594.69 398.358 303.152 410.932 288.844 472.468 287.024 277.314 255.025 283.471 274.986 405.612 251.376 249.805 248.628 316.83 234.569 234.292 233.14 228.808 229.519 295.189 276.181 228.513 231.877 215.867 214.205 207.191 203.62
threshold=0 1.0000000180025095e-35 2.5000000000000004 1 2 3 51.500000000000007 4 5 6 7 1.0000000180025095e-35 454.50003051757818 8 9 10 8.5000000000000018 6396.5500488281259 11 69.500000000000014 1.5000000000000002 12 13 2.5000000000000004 14 0.94499999284744274 15 18.500000000000004 16 2.5000000000000004
decision_type=1 2 8 1 9 1 2 9 1 1 9 2 2 1 9 1 8 2 1 10 8 1 9 2 9 10 9 2 9 2
left_child=-1 3 13 4 20 7 19 15 -5 26 14 -12 18 -3 -11 16 -4 29 -13 -7 -2 22 23 24 25 -22 -6 -14 -28 -9
right_child=1 2 5 8 9 6 -8 17 -10 10 11 12 27 -15 -16 -17 -18 -19 -20 -21 21 -23 -24 -25 -26 -27 28 -29 -30 -31
leaf_value=0.0017189262274943456 -0.0077967236308933352 -0.011867468118959839 0.19570151061104513 -0.018399154795487427 0.012563371877806371 0.0017528314573455246 0.35463529129673133 0.028556443386502647 -0.0047887315012083102 -0.031575673036570717 0.0084890104341768784 0.12507229143732981 0.19507048015406617 0.01116015580640487 0.007152378603302029 -0.017206339154643615 -0.0043123665065392522 0.28427694665956443 -0.040231860163356677 0.21039662565336373 0.055138760375970944 -0.0054621263790330318 -0.027109456476872205 0.33084571851919814 0.0005165338514617041 0.0012074374978549714 -0.005976328834247562 -0.03004409600513161 0.12510037058672999 0.1891714475877295
leaf_weight=238119.08897808916 48392.629217472742 4865.2031950416276 209.51939890906215 11101.557262351736 5090.2891001724638 3250.4880132141989 24.773512691259384 4532.8668670766056 69796.3561897818 2154.5077230157331 41386.763579519233 65.393290987238288 163.5874653570354 8024.638166456949 2098.2951021022163 85.052735634148121 66.860170979984105 23.400867882184684 191.8658850544598 34.641006641089916 1823.4346498525701 5918.1813598079607 772.21303091663867 19.019118035910651 1510.8802204453386 708.4514401552733 24024.81256587524 32.412145580630749 77.427690907381475 51.085321668535471
leaf_count=1988452 361124 50584 532 73808 41321 19565 6 19549 717060 10228 327321 171 975 45866 9088 416 238 90 2355 56 7518 26607 3495 82 9708 4415 138318 762 277 119
internal_value=9.9239e-05 -0.00153157 0.011263 -0.00278945 -0.000460576 0.0249568 0.00655786 0.0371252 -0.00665852 0.00345964 0.00716467 0.00916554 0.0711414 0.00246795 -0.0124956 0.105213 0.142171 0.0315676 0.00508503 0.00395294 -0.00545035 0.00510496 0.0180161 0.0266407 0.0252755 0.0398906 -0.00239079 0.157844 -0.00555295 0.0303464
internal_weight=474616 236497 21168.5 215328 134430 8278.69 3309.9 4968.79 80897.9 75285.4 46092.8 41840 453.259 12889.8 4252.8 361.432 276.38 4607.35 257.259 3285.13 59144.8 10752.2 4834 4061.79 4042.77 2531.89 29192.5 196 24102.2 4583.95
internal_count=3860106 1871654 137021 1734633 943765 40571 19627 20944 790868 530816 350900 331584 4263 96450 19316 1186 770 19758 2526 19621 412949 51825 25218 21723 21641 11933 179916 1737 138595 19668
cat_boundaries=0 1 2 3 4 5 6 7 8 9 10 11 12 13 14 15 16 17
cat_threshold=28 54 11 961 36 153 390 112 808 50 385 16 244 216 33 20 1
is_linear=0
shrinkage=0.08


Tree=113
num_leaves=31
num_cat=7
split_feature=48 1 3 47 3 42 1 12 7 19 3 32 47 16 1 34 32 12 3 3 6 43 3 3 13 3 3 43 6 32
split_gain=188.291 167.31 198.826 341.285 351.699 271.081 281.714 255.482 274.674 304.751 410.391 263.397 329.129 454.157 357.696 603.274 373.914 527.14 370.572 386.699 437.577 440.855 618.332 1004.42 741.069 609.798 365.704 359 717.776 353.799
threshold=0 2.5000000000000004 128.30500030517581 1 55.98500061035157 2 4.5000000000000009 2008.9750976562502 1248.975036621094 1416.5750122070315 344.75500488281256 7.2650001049041757 3 1.0000000180025095e-35 3.5000000000000004 4 -2.3349999189376827 1695.3499755859377 639.97497558593761 616.09500122070324 30.10000038146973 5 362.86999511718756 305.08499145507818 40.024999618530281 202.86499786376956 328.65000915527349 6 801.79986572265636 -8.1149997711181623
decision_type=9 2 10 1 10 9 2 2 2 2 10 8 1 2 2 1 10 2 10 10 2 9 10 10 2 10 10 9 2 10
left_child=1 -1 3 4 -3 6 -4 8 11 10 -10 12 13 14 15 18 -16 26 19 20 21 22 23 -7 -25 -23 -18 28 -17 -21
right_child=-2 2 5 -5 -6 7 -8 -9 9 -11 -12 -13 -14 -15 16 27 17 -19 -20 29 -22 25 -24 24 -26 -27 -28 -29 -30 -31
leaf_value=-9.1260710175553595e-05 0.027284584511342351 0.0044393844213092698 -0.0070222004972068279 0.012011590829313813 -0.050561180450945604 -0.092038787713048201 0.04852121717239806 -0.0076772309491575184 0.52180179535816351 0.061434126748244805 0.048009251708115229 0.0074974022429767726 0.011575409611980685 -0.036416834936309005 0.053597797393382988 0.071728460244696729 0.22882015361639735 0.55768309223042623 -0.093799754002495933 0.74889806648982871 0.036502782476023191 0.29602760825683072 0.15042728858741042 0.40409212457322941 1.1015618717195148 -0.0073965401404629174 0.045847639136635178 -0.028508903229898734 0.8402387954644901 0.21328526465681055
leaf_weight=447678.78701598081 1657.0642117313109 1372.5559312757105 6465.6008409052156 3263.7596936672926 1625.0079120597802 13.891861368902026 642.49194206018001 2127.353371311212 22.64318878389895 403.61071961652488 24.210881082806736 5177.3589183818549 2272.699952849187 312.79300312628038 285.46647820598446 50.598670949693769 165.73068132530898 22.035381922964007 64.50949537451379 10.081212018616496 419.46459627710283 58.190500425174832 88.666570316534489 23.173225974664092 16.830827857367694 156.11818237556145 120.91522285086103 629.57173355086707 9.1908421562984568 36.36075894953683
leaf_count=3620295 11363 10745 57021 4720 25984 247 3142 29412 46 4410 334 47208 3621 7229 3990 954 976 111 1734 151 8667 204 1042 187 100 2475 1689 11658 69 577
internal_value=0.000364488 0.00027029 0.00652428 -0.0058879 -0.0253769 0.0104855 -0.00199889 0.0175657 0.022754 0.0838536 0.276979 0.0199833 0.0335746 0.0537059 0.0666918 0.0467567 0.119592 0.180623 0.0898269 0.105316 0.0919016 0.157017 0.261949 0.494021 0.697537 0.071648 0.151637 -0.00983987 0.162659 0.329551
internal_weight=475217 473560 25880.9 6261.32 2997.56 19619.6 7108.09 12511.5 10384.1 450.465 46.8541 9933.65 4756.29 2483.59 2170.8 1576.65 594.148 308.681 887.287 822.778 776.336 356.871 142.562 53.8959 40.0041 214.309 286.646 689.361 59.7895 46.442
internal_count=3860361 3848998 228703 41449 36729 187254 60163 127091 97679 4790 380 92889 45681 42060 34831 28065 6766 2776 15384 13650 12922 4255 1576 534 287 2679 2665 12681 1023 728
cat_boundaries=0 1 2 3 4 5 6 7
cat_threshold=1 4 18 4 26 36 32
is_linear=0
shrinkage=0.08


Tree=114
num_leaves=31
num_cat=14
split_feature=27 38 33 41 47 38 4 4 2 3 38 11 37 41 41 3 3 36 34 4 41 39 18 7 7 1 34 25 27 37
split_gain=177.366 175.934 168.457 166.653 160.904 390.932 407.699 390.075 540.851 489.269 436.257 526.269 488.914 675.515 546.385 419.305 405.326 377.268 384.515 375.564 501.853 357.696 692.49 955.016 400.061 351.499 350.207 400.599 563.43 348.005
threshold=5.5000000000000009 0 2.5000000000000004 1 2 3 34.500000000000007 9.5000000000000018 1.0000000180025095e-35 606.76501464843761 4 23.500000000000004 5 6 7 459.39500427246099 805.22000122070324 8 9 10.500000000000002 10 11 2294.8249511718755 236.42501068115237 48.450006484985359 5.5000000000000009 12 7.5000000000000009 8.5000000000000018 13
decision_type=8 1 2 9 1 1 10 10 8 8 1 2 1 9 9 10 8 9 1 10 9 9 2 2 2 2 1 10 10 1
left_child=1 3 4 -1 5 6 26 16 9 10 12 25 13 -9 15 -14 -7 18 21 20 -10 22 -18 -24 -23 -12 -2 28 -28 -21
right_child=2 -3 -4 -5 -6 7 -8 8 19 -11 11 -13 14 -15 -16 -17 17 -19 -20 29 -22 24 23 -25 -26 -27 27 -29 -30 -31
leaf_value=0.14161455186632735 -0.016317974351663499 0.012763780429949155 0.098739024553747876 -0.017632417593969111 0.0010945281405113287 -0.0054628469001427662 -0.051187101793242491 0.3280139775499834 0.13262825610731249 -0.031348052533855426 0.0081580510532016908 0.14492121047020162 0.29085574772035599 -0.069276243655915115 0.036058814340007198 0.0049568305836210349 -0.11065312837538023 -0.088339329617637255 -0.0068000727010555382 0.14309484449950347 -0.083921462728877669 0.11810607472874875 0.69259451690304585 0.15134249183802717 -0.0022923636430939262 0.19693244224183878 0.017217412929494792 -0.10587940461294006 0.36956180269272987 -0.032067869085678859
leaf_weight=156.03605404589325 2436.691369690001 518.03800371545367 110.85601827129722 60.86326747154817 328562.01157576172 117232.53372960503 687.52432189788669 86.668648414313793 207.08605529461056 984.6904371662531 4749.8361705080606 194.41333756316453 105.78162775188684 39.772663596086204 1829.1531914328225 47.606482125818729 34.078554359264672 132.17624963447452 495.26772496290505 65.134097583126277 93.904601391404867 367.37863790430129 29.188081316184253 73.155204615555704 340.18591938423924 63.977619169279933 14045.086667158641 169.22360010072589 29.106095373630524 2662.4590144320391
leaf_count=189 17421 3433 392 311 1147438 2444115 5575 185 1144 15219 55912 1290 515 819 23482 388 820 2131 9454 541 1329 2195 266 606 5843 127 85551 1414 19 32635
internal_value=0.000193404 0.0394638 0.000132755 0.0981212 0.000109779 -0.00208823 0.00918087 -0.0035961 0.0107237 0.0215056 0.0288181 0.0158469 0.059265 0.207126 0.0488426 0.189752 -0.00493912 0.0367875 0.0494274 -0.0181196 0.0666862 0.082116 0.201699 0.305706 0.0602204 0.0106669 0.0116746 0.0164634 0.0179461 -0.027478
internal_weight=476610 734.937 475875 216.899 475764 147202 17367.6 129834 11130.5 8101.9 7117.21 5008.23 2108.98 126.441 1982.54 153.388 118704 1471.43 1339.25 3028.58 300.991 843.986 136.422 102.343 707.565 4813.81 16680.1 14243.4 14074.2 2727.59
internal_count=3860759 3933 3856826 500 3856434 2708996 109980 2599016 133586 97937 82718 57329 25389 1004 24385 903 2465430 21315 19184 35649 2473 9730 1692 872 8038 56039 104405 86984 85570 33176
cat_boundaries=0 1 2 3 4 5 6 7 8 9 10 11 12 13 14
cat_threshold=6 6 4 641 28 72 1 4 210 44 5 2 17 80
is_linear=0
shrinkage=0.08


Tree=115
num_leaves=31
num_cat=6
split_feature=33 31 3 12 4 1 34 38 5 2 3 37 3 12 11 6 4 38 2 13 38 7 41 4 0 22 13 5 12 4
split_gain=132.532 194.217 237.577 414.554 325.932 218.694 174.306 252.311 252.004 219.518 193.841 273.764 244.424 198.724 163.639 158.867 154.266 150.36 143.703 142.43 302.363 224.474 172.746 191.68 169.127 171.921 251.409 220.001 163.627 163.309
threshold=1.0000000180025095e-35 1.0000000180025095e-35 221.46500396728518 3533.7751464843755 59.500000000000007 1.0000000180025095e-35 0 1 5.5000000000000009 1.0000000180025095e-35 101.45999908447267 2 124.79000091552736 1262.0250244140627 15.500000000000002 4092.8750000000005 69.500000000000014 3 2.5000000000000004 1399.1499633789065 4 411.44999694824224 5 25.500000000000004 1.5000000000000002 1.0000000180025095e-35 1663.6549072265627 11.500000000000002 415.52499389648443 3.5000000000000004
decision_type=2 8 10 2 10 2 1 1 2 8 8 1 8 2 2 2 10 1 8 2 1 2 9 8 2 2 2 2 2 8
left_child=-1 2 3 6 18 -3 9 8 -8 10 13 12 -12 -2 -11 -5 -6 -14 19 22 21 -21 -4 -24 -23 27 -27 -26 -25 -29
right_child=1 5 4 15 16 -7 7 -9 -10 14 11 -13 17 -15 -16 -17 -18 -19 -20 20 -22 24 23 28 25 26 -28 29 -30 -31
leaf_value=-0.0005818409839587525 -0.044565146124750668 0.059604361349245523 -0.047925573805658254 0.18475350758628209 0.18337670897525751 -0.014184473842265842 -0.013847287310687963 -0.070551869895944988 0.11310891229792165 -0.1055097527390213 0.24284347745115317 -0.05188157320317785 0.10878846751029897 0.15397926694244693 0.14864105157061519 0.035750780037409585 -0.0019194884653217226 -0.05110346661701469 -0.093767355327601498 0.16786146373022623 -0.044219003071560473 -0.10096933876072592 -0.011674001684610443 0.20463755718174156 -0.012642018024909291 0.19072853980429816 -0.097782552363858813 0.1270486486086316 -0.0051249621438117744 0.41110562599871492
leaf_weight=468616.49429729686 160.00769829843193 926.85973252099939 927.79450258752331 134.09986303653568 78.029918002896011 355.71747771138325 356.23539596376941 298.32218993129209 139.15089890966192 93.46460225712508 82.170799173414707 70.316268742550164 214.10625764820725 40.41236487403512 19.616721986792982 69.546292605809867 45.536052318289876 42.90904912352562 150.63813663250767 105.7229739036411 257.13867062749341 51.304855144582689 686.95405643759295 52.220658691599965 34.831094937864691 27.456083101220429 65.313787034712732 30.940946960356086 43.730970949400216 22.281250661239028
leaf_count=3810655 966 3711 15261 349 152 1823 2859 2586 504 751 149 717 640 104 19 297 211 350 1980 676 6439 610 8380 156 532 161 1010 200 273 44
internal_value=-0.000435863 0.0118174 0.00366846 0.0266954 -0.0116867 0.0391393 0.0123055 -0.0136199 0.0213823 0.0403959 0.0599354 0.0914868 0.119223 -0.00453098 -0.0614211 0.133868 0.115092 0.0843387 -0.0180643 -0.0131184 0.0205965 0.0691886 -0.0248446 0.00308068 0.0272286 0.0636021 -0.0123951 0.14367 0.109036 0.245968
internal_weight=474199 5582.83 4300.25 1720.36 2579.89 1282.58 1516.71 793.708 495.386 723.004 609.922 409.502 339.186 200.42 113.081 203.646 123.566 257.015 2456.33 2305.69 594.99 337.851 1710.7 782.906 232.128 180.823 92.7699 88.0533 95.9516 53.2222
internal_count=3862565 51910 46376 10291 36085 5534 9645 5949 3363 3696 2926 1856 1139 1070 770 646 363 990 35722 33742 9672 3233 24070 8809 2557 1947 1171 776 429 244
cat_boundaries=0 1 2 3 4 5 6
cat_threshold=11 229 100 962 406 50
is_linear=0
shrinkage=0.08


Tree=116
num_leaves=31
num_cat=7
split_feature=35 34 42 43 3 23 41 17 4 32 11 13 6 6 6 18 3 18 1 13 3 3 19 41 13 2 19 41 32 3
split_gain=149.485 472.64 320.706 594.975 551.497 407.37 888.337 1077.51 304.818 285.763 275.532 322.968 236.085 332.631 497.743 654.601 818.102 304.674 228.86 221.467 363.106 213.029 230.724 277.147 203.377 199.149 294.414 191.764 189.768 279.926
threshold=0 1 2 3 271.57499694824224 2.5000000000000004 4 3.5000000000000004 5.5000000000000009 -3.1850000619888301 17.500000000000004 1399.1499633789065 641.52496337890636 196.0249938964844 288.19996643066412 943.09500122070324 294.63999938964849 729.42001342773449 2.5000000000000004 3226.424926757813 202.86499786376956 706.82501220703136 2202.0600585937505 5 336.05000305175787 1.5000000000000002 97.850002288818374 6 3.3149999380111699 571.29498291015636
decision_type=1 1 9 9 10 2 9 2 10 10 2 2 2 2 2 2 10 2 2 2 8 10 2 9 2 10 2 9 10 10
left_child=1 8 3 4 25 12 7 -7 19 -8 -4 18 13 -6 15 16 -15 -18 21 -1 -21 22 23 -12 28 -3 -27 -16 29 -5
right_child=-2 2 10 24 5 6 9 -9 -10 -11 11 -13 -14 14 27 -17 17 -19 -20 20 -22 -23 -24 -25 -26 26 -28 -29 -30 -31
leaf_value=0.021859942088784775 -0.0001633840593615642 -0.011814246618717314 -0.009966300633250616 0.010627423306960402 0.044770458611483481 0.10060052569837033 0.19367774190904577 0.8112265298138599 0.1386197657804327 -0.042855729774680273 0.16000804812553063 -0.016928211330262132 -0.01649054146166927 0.66458357199778351 0.20861188068130418 0.7134014901364496 -0.016650583635256726 0.30816817336661539 -0.081071697495729109 0.37516544795617812 0.0086602137742560256 0.31604868300100281 0.34943244361486631 -0.011708441136703175 -0.029955058355351276 0.33585888355957788 -0.016413705403399453 0.022665596096928496 -0.039231041258573754 0.14114110878340727
leaf_weight=5283.4014664567076 449808.39928916236 791.60448914440349 11958.212185906013 2950.1925526726991 600.08109568431973 23.927408257499337 57.104288494214416 31.81144150160253 152.02642388083041 76.45511588267982 112.04107841290534 289.20055662514642 195.94163406081498 19.333002140745521 38.406386747956276 18.338112118188292 57.454802876338363 27.245244404301047 39.765713458880782 30.067457817494869 40.743107063695788 32.660721205174923 21.594738633837551 123.63012902624905 1214.4522926197387 26.948628215119243 34.780226398725063 166.53755755024031 471.75052037602291 109.0627463972196
leaf_count=23290 3702191 5287 77781 20245 4112 113 277 157 205 762 336 2326 1633 92 75 175 449 33 389 27 195 52 130 879 12364 176 178 1417 4706 542
internal_value=0.000171292 0.00619175 0.000339591 0.0141718 0.0488192 0.0815924 0.190159 0.429174 0.0268665 0.0542165 -0.00726676 0.0447763 0.0632975 0.0801553 0.145028 0.272697 0.195014 0.087833 0.0989024 0.0237435 0.164285 0.123587 0.0991536 0.0762204 -0.00171173 -0.00102205 0.137376 0.0687967 0.00799741 0.0152802
internal_weight=474803 24994.8 19488.5 6911.43 2165.97 1312.64 189.298 55.7388 5506.24 133.559 12577.1 618.893 1123.34 927.396 327.315 122.371 104.033 84.7 329.692 5354.21 70.8106 289.927 257.266 235.671 4745.46 853.333 61.7289 204.944 3531.01 3059.26
internal_count=3860594 158403 134686 52793 14936 9295 1309 270 23717 1039 81893 4112 7986 6353 2241 749 574 482 1786 23512 222 1397 1345 1215 37857 5641 354 1492 25493 20787
cat_boundaries=0 1 2 3 4 5 6 7
cat_threshold=16 99 10 40 32 33 1
is_linear=0
shrinkage=0.08


Tree=117
num_leaves=31
num_cat=6
split_feature=22 19 13 34 36 41 32 38 12 3 12 7 7 17 18 6 4 38 24 4 32 32 41 1 20 4 4 13 22 4
split_gain=120.251 233.907 205.134 333.938 230.537 203.068 358.366 273.837 291.566 229.704 217.152 202.685 261.561 297.58 470.72 199.064 194.74 635.103 853.052 420.766 296.47 407.839 252.244 303.92 355.635 264.927 453.337 263.634 245.307 206
threshold=1.0000000180025095e-35 1416.5750122070315 1290.0699462890627 0 1 2 27.595000267028812 3 1445.0249633789065 409.46501159667974 35052.945312500007 369.01000976562506 351.00001525878912 4.5000000000000009 1083.0750122070315 537.02502441406261 9.5000000000000018 4 6.5000000000000009 13.500000000000002 -1.7949999570846555 3.1350001096725468 5 1.0000000180025095e-35 1.0000000180025095e-35 15.500000000000002 25.500000000000004 6221.0251464843759 4.5000000000000009 56.500000000000007
decision_type=2 2 2 1 9 9 10 1 2 10 2 2 2 2 2 2 10 1 2 10 8 10 9 2 2 10 10 2 2 10
left_child=1 2 -1 4 -4 6 10 8 11 -8 -3 12 13 14 -7 -9 -2 18 19 20 -18 -22 23 28 25 -25 -27 -28 -19 -26
right_child=16 5 3 -5 -6 7 9 15 -10 -11 -12 -13 -14 -15 -16 -17 17 22 -20 -21 21 -23 -24 24 29 26 27 -29 -30 -31
leaf_value=-0.00029390332349292422 0.0016797495260916161 -0.027445096443442087 0.12164387833130239 0.0041762490293951347 -0.025639837929719935 -0.053022580061469385 0.14481092033654638 0.0009972448104116603 0.024999693822317787 -0.044453735285712274 0.13514753374727517 -0.038935045141059117 0.2717413528955252 -0.018127440909472294 0.19451906787200429 -0.026560158935263981 -0.013263950606766679 -0.015788569682472185 0.47726515387517759 0.027945789506835114 0.2283643341458646 0.051937972180965603 -0.029800322218140222 -0.017144256158870885 -0.054415320220576872 0.12841530840625326 -0.019611764334795643 0.21060549671957871 0.23784664726646554 0.23606495409379519
leaf_weight=391198.63187938579 57561.756461834419 5419.3884060783312 321.66866184677929 943.46167580969632 87.789901430718601 84.218108858913183 131.23520076274872 3027.039133277256 3218.1991764437407 59.71417458448559 53.0854707127437 1016.4323802758008 24.249013802502304 731.93019721237943 118.11635612230748 3763.329566461849 88.441428211517632 1547.3793724454008 29.925088821910322 1584.8467601221055 191.53756059333682 149.16260811127722 1338.2986325342208 215.83566822204739 275.7735723699443 516.98626660788432 278.99010592512786 35.935545152053237 24.795581748709083 16.563198650255799
leaf_count=2964115 582698 60722 2238 12068 457 887 423 64762 23266 533 238 10657 192 7284 436 93621 721 9885 126 10456 566 1048 7048 1396 2274 1974 1935 76 77 28
internal_value=-8.86801e-05 -0.000591399 -0.000186357 0.0309109 0.0902071 -0.00960146 -0.0220698 -0.0036874 0.0101306 0.0856236 -0.0258679 -0.0140475 0.012344 0.00561126 0.0914843 -0.0142545 0.00314068 0.0165006 0.0530141 0.0469736 0.117244 0.151123 -0.0011792 0.0120303 0.0400639 0.061833 0.0823232 0.00665787 -0.0117884 -0.0379573
internal_weight=474055 410198 392552 1352.92 409.459 17646.9 5663.42 11983.5 5193.15 190.949 5472.47 1974.95 958.514 934.265 202.334 6790.37 63856.2 6294.47 2043.91 2013.99 429.142 340.7 4250.56 2912.26 1340.08 1047.75 831.912 314.926 1572.17 292.337
internal_count=3862207 3241899 2978878 14763 2695 263021 61916 201105 42722 956 60960 19456 8799 8607 1323 158383 620308 37610 12917 12791 2335 1614 24693 17645 7683 5381 3985 2011 9962 2302
cat_boundaries=0 1 2 3 4 5 6
cat_threshold=9 129 19 962 389 34
is_linear=0
shrinkage=0.08


Tree=118
num_leaves=31
num_cat=12
split_feature=1 7 37 35 47 5 18 37 47 38 42 41 32 19 17 32 4 37 38 16 19 17 19 1 32 34 42 17 31 7
split_gain=114.693 104.646 190.704 527.468 440.725 385.25 279.506 271.617 240.022 278.957 236.709 232.089 266.019 217.809 304.642 201.423 190.213 232.166 163.123 158.23 152.617 228.488 216.685 190.302 151.533 145.578 145.399 321.571 540.182 247.61
threshold=8.5000000000000018 1704.549987792969 0 1 2 14.500000000000002 1389.7750244140627 3 4 5 6 7 8.6649999618530291 4284.4252929687509 1.5000000000000002 -1.3949999809265134 2.5000000000000004 8 9 2.5000000000000004 2433.920043945313 22.500000000000004 3095.9499511718755 1.5000000000000002 1.5149999856948855 10 11 2.5000000000000004 inf 2511.900024414063
decision_type=2 2 1 1 1 2 2 1 1 1 9 9 10 2 2 8 8 1 1 2 2 2 2 2 8 1 9 2 8 2
left_child=1 -1 3 4 5 -3 7 -6 -4 10 -10 12 16 19 15 -15 17 20 -5 26 23 22 -22 24 -12 -24 27 28 -11 -29
right_child=-2 2 8 18 6 -7 -8 -9 9 13 11 -13 -14 14 -16 -17 -18 -19 -20 -21 21 -23 25 -25 -26 -27 -28 29 -30 -31
leaf_value=0.00013282042712065614 0.069459476806896014 0.16004456309267048 0.0025783896987503353 0.08257616296352803 0.31839083719494016 0.5588316665892884 0.015904992107534911 -0.012266543515306661 -0.09226361479694882 -0.099852988437315451 0.23387269103443536 -0.035527321721757467 -0.057989954939025763 0.34929273450823539 -0.064013363559084824 -0.088016094706828196 -0.021274201259660952 -0.041828002364974567 -0.023269163590793032 0.08519201258471959 -0.096474041903162985 -0.095162273262738281 0.23430451223861859 0.36592735008928401 -0.016735932649705364 0.075251841142176576 -0.032725816115233584 0.044934630398324973 1.0645451767267915 -0.095877332024810857
leaf_weight=463626.26351780922 152.00909517612308 53.741707041859627 3819.531146729365 94.931194620206952 33.998068972490728 21.790051789954305 226.11062127072364 32.657235726714134 110.71322296373546 5.2773963846266243 37.774526998400688 261.79499539732933 112.17202889546752 19.164432181045413 1409.7471312588314 10.39821991696954 100.41810650750995 63.263225831091404 842.81351515091956 89.184370892588049 25.204079069197178 34.8385399132967 78.89968285523355 33.899260386824608 26.118511870503426 124.38771460391581 1906.1441985225538 307.32928378263023 4.933638515183703 108.01112814841326
leaf_count=3727527 370 249 5644 224 115 110 2475 334 1082 134 135 1860 1164 79 44859 286 810 761 8873 1450 265 392 329 121 158 418 50389 5942 78 3225
internal_value=-1.94819e-05 -4.17813e-05 -0.00814062 0.0202731 0.100079 0.27509 0.0583456 0.202314 -0.0124204 -0.0242102 0.0132405 0.027109 0.0530036 -0.0339504 -0.0586836 0.195476 0.0777374 0.101166 -0.0117958 -0.0193857 0.123942 0.0956809 0.124779 0.212716 0.131428 0.152211 -0.0233857 0.0187786 0.462746 0.00831585
internal_weight=473774 473622 9995.25 1306.04 368.298 75.5318 292.766 66.6553 8689.2 4869.67 1009.48 898.771 636.976 3860.19 1439.31 29.5627 524.804 424.386 937.745 2420.88 361.122 263.33 228.491 97.7923 63.893 203.287 2331.7 425.551 10.211 415.34
internal_count=3859858 3859488 131961 12380 3283 359 2924 449 119581 113937 7495 6413 4553 106442 45224 365 3389 2579 9097 61218 1818 1404 1012 414 293 747 59768 9379 212 9167
cat_boundaries=0 1 2 3 4 5 6 7 8 9 10 11 12
cat_threshold=74 1 1 64 2 576 1 38 36 130 20 3
is_linear=0
shrinkage=0.08


Tree=119
num_leaves=31
num_cat=11
split_feature=33 2 43 13 42 45 12 17 41 3 7 12 3 17 12 3 11 34 42 18 41 7 3 34 34 34 3 11 11 48
split_gain=242.531 280.299 272.502 249.491 310.845 300.65 287.275 306.917 265.029 225.532 222.657 204.992 200.585 314.538 230.243 195.222 268.574 564.238 228.777 305.697 261.177 242.43 218.283 192.378 192.077 183.596 408.404 292.806 182.246 159.562
threshold=1.0000000180025095e-35 2.5000000000000004 0 1399.1499633789065 1 2 968.62500000000011 34.500000000000007 3 706.82501220703136 169.27500152587893 2404.1250000000005 487.29499816894537 12.500000000000002 2260.8999023437505 215.18499755859378 1.0000000180025095e-35 4 5 2185.7500000000005 6 595.52499389648449 266.33000183105474 7 8 9 84.564998626708999 2.5000000000000004 28.500000000000004 10
decision_type=2 8 9 2 9 9 2 2 9 10 2 2 10 2 2 10 2 1 9 2 9 2 10 1 1 1 10 2 2 9
left_child=-1 3 -3 5 -5 15 -6 9 10 11 -7 12 14 -14 -8 18 17 22 20 24 21 -2 -17 -13 -20 26 -22 -28 -25 -19
right_child=1 2 -4 4 6 8 7 -9 -10 -11 -12 23 13 -15 -16 16 -18 29 19 -21 25 -23 -24 28 -26 -27 27 -29 -30 -31
leaf_value=0.00034212553515249435 -0.099582573216256659 0.056221831932545936 -0.098195297821420988 0.00067248390448880577 -0.10507049780141139 -0.10166971086042451 0.098835855722556223 -0.09896408122136334 -0.073200760205737028 0.35877415903066345 0.1824775031838701 0.12392708947237539 0.50618472744589504 -0.08809130365225612 0.36569928309266764 -0.096611858807088308 -0.010311949397769547 -0.10106409413829402 0.01160843106831712 0.14779354305780057 -0.026060641910423878 0.12165395084589943 0.16488261921310174 -0.04471162938901227 -0.092589374146667083 0.056329457757506626 0.29691948747243485 0.084236285984486931 0.18131198834804627 0.042321293258250625
leaf_weight=469605.27716337144 108.16295279702172 98.786681193858385 236.10791178862564 402.51724672829732 43.832120399223641 26.155310861766338 127.20145300123841 42.839504749979824 396.95853019412607 24.869104944169521 54.271314080804586 194.40353629295714 23.893995481310416 7.4857915865723035 24.710956081282347 22.430689346045256 1665.3198490059003 121.16128481645137 357.34954741457477 78.694291647989303 63.46578568033874 44.84127501398325 229.08714046422392 114.59834040841088 155.39604530110955 662.04609524644911 102.95029342547059 69.324585012160242 28.511589891277254 84.180969713255763
leaf_count=3807388 1115 595 2297 5076 627 245 787 1038 6834 112 94 1495 179 288 64 246 19294 1016 1796 277 397 133 1309 1624 1498 2473 194 359 60 425
internal_value=0.000539687 0.0170727 -0.0538989 0.0215771 0.0567956 0.0129849 0.0910697 0.107226 -0.0462582 0.123413 0.0801102 0.112174 0.180281 0.364417 0.142245 0.0205661 0.00459448 0.0589305 0.0413307 0.000965922 0.0634372 -0.0326128 0.136149 0.0751874 -0.0215498 0.0799853 0.141424 0.211334 0.00029792 -0.0403191
internal_weight=475217 5611.55 334.895 5276.66 1034.86 4241.8 632.346 588.514 477.385 545.675 80.4266 520.806 183.292 31.3798 151.912 3764.41 2122.18 456.86 1642.23 591.44 1050.79 153.004 251.518 337.513 512.746 897.787 235.741 172.275 143.11 205.342
internal_count=3859335 51947 2892 49055 11350 37705 6274 5647 7173 4609 339 4497 1318 467 851 30532 22290 2996 8242 3571 4671 1248 1555 3179 3294 3423 950 553 1684 1441
cat_boundaries=0 1 2 3 4 5 6 7 8 9 10 11
cat_threshold=3 17 13 1 112 26 18 98 71 72 1
is_linear=0
shrinkage=0.08


Tree=120
num_leaves=31
num_cat=6
split_feature=18 17 45 19 22 22 21 17 41 42 11 19 19 18 32 32 23 43 27 18 39 18 7 7 19 32 42 13 32 13
split_gain=140.247 433.537 281.086 196.49 249.505 192.539 247.323 297.149 318.236 382.603 299.077 442.995 286.58 413.295 256.829 374.088 236.218 280.239 235.724 199.787 202.461 191.354 252.389 285.79 579.152 237.996 197.085 349.437 315.919 292.261
threshold=1043.309997558594 1.5000000000000002 0 3321.2500000000005 7.5000000000000009 1.0000000180025095e-35 1.0000000180025095e-35 25.500000000000004 1 2 2.5000000000000004 335.52499389648443 3095.9499511718755 3949.924926757813 7.5850000381469735 6.3550000190734872 2.5000000000000004 3 3.5000000000000004 8002.4899902343759 4 1201.0250244140627 74.000007629394545 80.274902343750014 1466.7500000000002 20.435000419616703 5 1039.4099731445315 40.379999160766609 1290.0699462890627
decision_type=2 2 9 2 2 2 2 2 9 9 2 2 2 2 10 10 2 9 8 2 9 2 2 2 2 10 9 2 10 2
left_child=-1 -2 3 5 -5 18 -7 8 9 14 11 -10 -12 -14 15 16 17 19 -3 20 -8 22 -20 24 -24 -23 27 -27 -29 -30
right_child=1 2 -4 4 -6 6 7 -9 10 -11 12 -13 13 -15 -16 -17 -18 -19 21 -21 -22 25 23 -25 -26 26 -28 28 29 -31
leaf_value=-6.6744498555030142e-05 0.04209358448476249 0.093555440823028829 -0.0087734545692907933 -0.0071832306565670825 0.23022079466545972 0.0086264682120068444 -0.011789383669026999 0.0052883372679865667 0.3226096281944385 0.014687075047176099 0.0092927098010061535 -0.027193984420245964 -0.018936952785423289 0.62209033072450193 0.038341487844543422 0.47219194017327448 0.34144785414594991 0.0062692275915407752 -0.011152836412669738 -0.045637556005392994 0.2602186781404362 -0.0012927449240901084 0.018116288871953067 0.0263772820256266 0.51673353116435106 0.013887249820899544 0.0083840176039820143 0.046550994725511184 0.32465597058102091 0.10670026826423624
leaf_weight=390216.85823459388 1824.722844441887 183.03480413975194 11775.801097562537 9039.5277098040096 28.421423013322055 17869.866030390607 20.138336561620235 1458.0559587040916 51.351009069941938 250.65360211394727 1059.96072273748 42.220797847025096 13.861811725888403 12.017802195157854 110.46923143044114 25.720563840121031 37.935589417815208 94.717210967093706 1366.7677713318262 19.721220667939633 134.33210849761963 33388.085237061605 41.838667639531195 3253.2857965379953 23.162131264340132 537.9650062690489 1948.1420115954243 189.99193360679783 68.171464225742966 93.211277248337865
leaf_count=2877051 10214 429 181353 129083 223 178721 241 15059 82 3062 8899 374 137 76 889 106 130 635 13875 156 565 374568 364 29999 48 5267 26354 2064 176 420
internal_value=0.000574568 0.00351997 0.00267336 0.00456283 -0.00643914 0.00616507 0.0123571 0.0323699 0.0534506 0.0961174 0.0273091 0.164774 0.0157146 0.278739 0.140847 0.179131 0.154566 0.128202 0.00297048 0.183604 0.224757 0.0025652 0.0177791 0.0296959 0.195792 0.000597587 0.0228407 0.0538096 0.116463 0.198769
internal_weight=475180 84963.2 83138.4 71362.6 9067.95 62294.7 21201 3331.16 1873.1 693.688 1179.41 93.5718 1085.84 25.8796 443.034 332.565 306.844 268.909 41093.7 174.192 154.47 40910.6 4685.05 3318.29 65.0008 36225.6 2837.48 889.34 351.375 161.383
internal_count=3860620 983569 973355 792002 129306 662696 209132 30411 15352 5784 9568 456 9112 213 2722 1833 1727 1597 453564 962 806 453135 44286 30411 412 408849 34281 7927 2660 596
cat_boundaries=0 1 2 3 4 5 6
cat_threshold=13 33 49 5 1 16
is_linear=0
shrinkage=0.08


Tree=121
num_leaves=31
num_cat=9
split_feature=1 45 0 44 38 42 47 4 47 42 38 3 35 3 3 21 1 3 11 18 33 7 3 7 1 11 3 19 1 3
split_gain=153.721 258.802 211.416 220.815 175.635 208.996 154.354 183.12 140.745 308.239 557.42 617.966 432.444 417.668 471.437 591.752 481.413 645.838 739.354 412.85 497.175 379.566 606.461 553.795 506.107 540.994 494.262 614.687 482.789 632.311
threshold=4.5000000000000009 0 1.5000000000000002 1 2 3 4 3.5000000000000004 5 6 7 47.329999923706062 8 160.74500274658206 124.79000091552736 1.5000000000000002 1.5000000000000002 117.36499786376955 16.500000000000004 1159.5849609375002 1.0000000180025095e-35 18.749992370605472 368.18499755859381 42.00000190734864 2.5000000000000004 17.500000000000004 35.100000381469734 18.755000114440922 1.5000000000000002 344.75500488281256
decision_type=2 9 2 9 1 9 1 10 1 9 1 8 1 10 8 2 2 10 2 2 2 2 8 2 2 2 10 2 2 10
left_child=8 2 -2 -4 5 -5 7 -7 9 10 -1 -12 13 14 15 16 17 18 -13 21 -21 -11 23 26 -24 -26 27 -23 -25 -30
right_child=1 -3 3 4 -6 6 -8 -9 -10 19 11 12 -14 -15 -16 -17 -18 -19 -20 20 -22 22 24 28 25 -27 -28 -29 29 -31
leaf_value=0.0095849740680616306 -0.039788307937561655 -0.034619856169008222 -0.016666488323012117 0.018799911851133676 0.037590680427752154 0.1361575379667162 0.027228123733756351 0.30660810622891826 0.0011505675863585033 -0.0080663397268394971 0.31116103256985578 0.17591848801653032 0.00055314916900484133 -0.020583459743158596 0.069371620577264925 0.69542713643420118 -0.073565971853900555 -0.019069078646326815 0.99697687186189854 -0.031703060467356652 0.055309142551145912 0.55594860554384806 -0.047614546736278768 -0.0015562686002753804 0.0356223721826315 0.55514004451720289 0.044483465201367985 0.11371615981497085 0.021742239536750054 0.13662854824653331
leaf_weight=32261.897307125619 221.62901053763926 432.43191069876775 317.91643116809428 140.94830801617354 962.47850414505228 148.27471615560353 51.268590401858091 55.414062693715096 327200.29260998173 40386.12304590689 39.812083009630442 62.761357363080606 35756.299374207971 12795.118152283132 741.53010719642043 7.3103104676119974 491.21903617936186 173.89660559780896 7.9030026756227008 5856.3705880256603 452.76182958623394 26.466489339247346 1964.9773926429916 9742.1452669680584 357.835910001304 13.305379514116792 1529.716707136482 83.828702834434807 2432.042023322545 350.8294748137705
leaf_count=384287 1279 3895 1044 1097 5614 505 64 102 1145304 565858 109 1106 990362 341418 6725 74 11505 3790 71 121570 3757 167 46291 153170 5957 125 21730 913 37494 5426
internal_value=0.000331001 0.0208274 0.0334668 0.0433517 0.0573984 0.102026 0.14559 0.182529 0.000229964 -0.0018398 0.00138585 -0.00389739 -0.00414885 -0.0159118 0.0242431 -0.0207906 -0.0279065 0.0638039 0.267745 -0.00604172 -0.0254588 -0.00388932 0.00633384 0.0125622 -0.0314317 0.054247 0.0562763 0.219834 0.00683831 0.0362257
internal_weight=475065 2330.36 1897.93 1676.3 1358.38 395.906 254.957 203.689 472734 145534 82337.7 50075.9 50036 14279.7 1484.62 743.09 735.78 244.561 70.6644 63196.4 6309.13 56887.3 16501.1 14165 2336.12 371.141 1640.01 110.295 12525 2782.87
internal_count=3860809 13600 9705 8426 7382 1768 671 607 3847209 2701905 1739447 1355160 1355051 364689 23271 16546 16472 4967 1177 962458 125327 837131 271273 218900 52373 6082 22810 1080 196090 42920
cat_boundaries=0 1 2 3 4 5 6 7 8 9
cat_threshold=41 1 516 42 4 4 25 199 8
is_linear=0
shrinkage=0.08


Tree=122
num_leaves=31
num_cat=13
split_feature=33 1 6 38 44 46 3 32 32 3 38 44 38 46 38 3 32 3 38 3 13 32 1 3 45 47 40 34 32 3
split_gain=148.794 123.857 221.575 216.426 105.794 366.068 670.16 356.91 305.224 295.516 288.404 230.088 415.925 215.821 280.889 231.903 230.231 227.575 211.81 208.097 236.641 208.056 496.881 225.174 240.266 210.634 330.46 341.265 304.833 206.926
threshold=2.5000000000000004 5.5000000000000009 55.000003814697273 0 1 2 35.694999694824226 -8.9349999427795392 -8.1149997711181623 inf 3 4 5 6 7 101.45999908447267 -0.30500000715255732 59.420000076293952 8 540.53500366210949 1837.549987792969 -10.284999847412108 1.0000000180025095e-35 128.30500030517581 9 10 11 12 -70.31499862670897 221.46500396728518
decision_type=2 2 2 1 9 1 10 8 10 8 1 9 1 1 1 10 8 10 1 10 2 8 2 10 9 1 1 1 10 10
left_child=1 4 3 -3 5 10 8 -8 -7 11 -1 13 19 21 15 -15 17 -16 -11 20 -13 22 23 25 -25 -6 -27 -28 -29 -26
right_child=-2 2 -4 -5 9 6 7 -9 -10 18 -12 12 -14 14 16 -17 -18 -19 -20 -21 -22 -23 -24 24 29 26 27 28 -30 -31
leaf_value=0.033382387648849716 0.088117717497403783 0.096358613566439322 -0.0234189670074492 -0.00036453640034568309 0.021310966733953267 -0.030372572837636797 -0.063351801915078831 0.012422287549836755 -0.12462402737299502 -0.0062725197193219343 0.0045373931565861128 0.02863484028239505 -0.03743215963948715 -0.037610300778955941 -0.09868542520425963 0.0077506674478850617 0.036911491699830462 0.0088215122393213007 0.042664621581686019 -0.027951718399344006 0.21088375631666442 -0.0011380964402818942 -0.011958263014321091 -0.032772094791031867 -0.0028603028392130635 0.15964012931951232 0.10173995378667082 -0.11459283735719 0.043174430766735848 0.040858655469954902
leaf_weight=2324.4361994210631 122.3326478828676 356.47258393839002 337.04756633052602 258.16754630208015 857.5461440263316 3855.4204270578921 430.33165061660111 5267.2735395934433 233.19942725077271 848.74936394765973 44968.42401368916 880.38431901857257 2757.8040483752266 952.87506079860032 146.60360023938119 2968.1392008457333 3247.6035554083064 897.43264808505774 1701.8620891496539 455.32916730642319 48.088018767535686 392022.10478575819 3527.5196541536134 558.41226925398223 1119.4772425964475 223.01136351935565 353.79386563971639 117.369265335612 235.95173775404692 1818.2320368569344
leaf_count=3900 373 818 2501 1078 1504 8169 1090 8987 1030 1585 210117 2717 31091 2162 494 5765 7223 2764 2542 2457 107 3501896 28640 7079 5144 501 1219 852 865 15367
internal_value=-9.99751e-05 -0.000122754 0.0287087 0.0572937 -0.000180786 0.00304878 -0.0110351 0.00669918 -0.0357483 -0.000624192 0.00596314 -0.000791771 -0.0195532 -0.000601811 0.012236 -0.00326452 0.0263441 -0.00627462 0.0265228 0.0162314 0.038074 -0.000864845 0.0112923 0.0268147 0.0150053 0.0499101 0.0762775 0.0470633 -0.00897992 0.0241165
internal_weight=473891 473769 951.688 614.64 472817 57079.1 9786.23 5697.61 4088.62 415738 47292.9 413188 4141.61 409046 8212.65 3921.01 4291.64 1044.04 2550.61 1383.8 928.472 400833 8811.31 5283.79 3496.12 1787.67 930.126 707.115 353.321 2937.71
internal_count=3860037 3859664 4397 1896 3855267 233293 19276 10077 9199 3621974 214017 3617847 36372 3581475 18408 7927 10481 3258 4127 5281 2824 3563067 61171 32531 27590 4941 3437 2936 1717 20511
cat_boundaries=0 1 2 3 4 5 6 7 8 9 10 11 12 13
cat_threshold=848 1 1 512 2 67 1 594 17 34 2 2 45
is_linear=0
shrinkage=0.08


Tree=123
num_leaves=31
num_cat=15
split_feature=44 13 35 37 46 47 13 47 37 43 37 1 2 42 13 7 47 37 20 18 43 2 32 32 42 4 4 32 32 42
split_gain=212.6 244.152 246.112 269.393 241.812 256.932 240.459 659.643 247.773 473.887 271.29 226.333 209.107 242.942 376.244 332.924 202.261 582.308 455.234 438.101 471.225 426.376 417.757 381.605 541.225 390.971 320.502 313.12 301.302 358.64
threshold=0 67.524993896484389 1 2 3 4 81.010009765625014 5 6 7 8 2.5000000000000004 1.5000000000000002 9 578.52499389648449 435.34999084472662 10 11 7.5000000000000009 42833.300781250007 12 inf -4.4749999046325675 2.6650000810623173 13 62.500000000000007 63.500000000000007 -0.14500000327825543 -6.2149999141693106 14
decision_type=9 2 1 1 1 1 2 1 1 9 1 2 10 9 2 2 1 1 2 2 9 8 8 10 9 8 8 10 10 9
left_child=1 2 -1 -4 5 11 7 -3 9 -8 -11 -5 13 14 15 -12 21 19 23 20 28 27 -23 -19 -25 -26 -27 -2 29 -18
right_child=16 6 3 4 -6 -7 8 -9 -10 10 12 -13 -14 -15 -16 -17 17 18 -20 -21 -22 22 -24 24 25 26 -28 -29 -30 -31
leaf_value=-0.0025065727278214766 -0.0020977639783823897 0.1744067451536695 0.027147061013401617 -0.017508238331217594 -0.026323664705993059 0.024115151465152033 -0.0083156986961542938 0.00077977456160992741 0.003542825908811898 0.16941989617915656 0.078935243065113098 0.031416888736652403 0.12202218319440053 0.016581601875996232 -0.019155401653811716 0.27236447854565343 -0.078194546523936495 0.00020498450902277745 -0.058420124019646275 0.12560509151495522 -0.049813926519441123 0.057914063036960284 0.010299851163644059 -0.001299223623033385 -0.02353314097339651 0.33531196423489101 0.011644880061441296 0.0045954754772349242 -0.027076877633097352 0.074522320259013966
leaf_weight=30475.909606840461 121731.22356098611 217.28635544702411 4251.4085926320404 2706.3872607424855 1528.4428580999374 3500.4377600047737 1662.0381523407996 393.92564736772329 9167.0626047505066 99.907750839367509 685.11735978163779 779.43406810797751 186.83643290400505 1784.3283687820658 245.40968650206923 62.111140858381987 114.00877795903943 165315.19080539152 905.78417173202615 113.49393518362194 3347.9990112701198 1494.7176947975531 5588.8997858958319 28546.610892703058 15274.375755752902 19.787143087945879 1870.846050100401 70718.510234087706 816.23426680185366 512.61493690393399
leaf_count=108594 181763 527 11845 27062 3338 5375 9285 1705 48379 185 2309 3922 476 9730 1288 142 8819 2141100 21668 3008 240986 2828 11234 569022 233143 58 12947 102732 65592 29720
internal_value=-0.00013594 0.00441297 0.00140031 0.0107206 0.00249659 0.00880541 0.0133949 0.0625043 0.0112343 0.0260916 0.0447236 -0.00656852 0.0399646 0.0345876 0.0661214 0.0950135 -0.000766825 -0.00245823 -0.00182674 -0.0296827 -0.0334234 0.00107126 0.020347 -0.00158391 -0.00805342 -0.0192741 0.0150323 0.000361766 0.00492037 0.0466782
internal_weight=474116 57746 43242 12766.1 8514.7 6986.26 14504 611.212 13892.8 4725.75 3063.71 3485.82 2963.8 2776.97 992.638 747.229 416370 216837 211933 4904.35 4790.86 199533 7083.62 211027 45711.6 17165 1890.63 192450 1442.86 626.624
internal_count=3858782 234162 160136 51542 39697 36359 74026 2232 71794 23415 14130 30984 13945 13469 3739 2451 3624620 3326063 2977938 348125 345117 298557 14062 2956270 815170 246148 13005 284495 104131 38539
cat_boundaries=0 1 2 3 4 5 6 7 8 9 10 11 12 13 14 15
cat_threshold=1 32 104 1 4 1 67 38 64 34 2 16 5 25 33
is_linear=0
shrinkage=0.08


Tree=124
num_leaves=31
num_cat=9
split_feature=36 47 38 3 37 4 23 3 18 4 39 37 18 35 19 37 12 12 26 12 40 3 1 17 3 3 7 4 17 12
split_gain=192.699 406.661 479.716 443.37 468.982 432.706 397.504 371.837 521.876 458.446 510.119 327.557 894.446 304.129 301.896 291.634 361.57 332.891 293.326 437.755 271.863 307.056 295.477 271.061 438.042 586.176 455.887 408.275 286.117 285.264
threshold=0 1 2 192.73500061035159 3 23.500000000000004 1.5000000000000002 513.95501708984386 2962.2500000000005 26.500000000000004 4 5 111.07500076293947 6 9969.9150390625018 7 903.85000610351574 8461.7250976562518 9.2500000000000018 438.77499389648443 8 70.15000152587892 1.5000000000000002 7.5000000000000009 245.31000518798831 192.73500061035159 12.50000047683716 18.500000000000004 64.500000000000014 1041.549987792969
decision_type=9 1 1 10 1 10 2 10 2 8 9 1 2 1 2 1 2 2 10 2 1 10 2 2 10 10 2 10 2 2
left_child=-1 -2 3 6 7 13 14 -5 9 10 -9 12 -8 -6 -3 16 18 23 20 -20 21 -4 -22 24 25 -18 -27 28 -25 -26
right_child=1 2 15 4 5 -7 11 8 -10 -11 -12 -13 -14 -15 -16 -17 17 -19 19 -21 22 -23 -24 27 29 26 -28 -29 -30 -31
leaf_value=0.000280442051103301 0.0015323684393818266 0.016975457717171554 0.21890180799294873 -0.01087627561040312 -0.092423451401570489 0.035484548868004992 0.58336088471415293 0.2927352376900178 -0.10350340556019853 -0.084133478856005639 0.069141700554582297 -0.038442915062746254 -0.065425557688337077 -0.031632043941624659 0.26715485536687444 -0.033847975442164245 0.047004602490200886 -0.075563754336428937 -0.089775719055805961 0.44390541671975486 -0.019531708542752865 0.0052030120958909765 -0.063947451834575356 -0.014052159675299205 0.16297752695314566 0.46848637212194422 0.12929081014799684 0.13661603747361972 0.18626646919971601 -0.025491571259312455
leaf_weight=401665.01491138211 37475.06116375979 7727.4742147456855 44.400567498058081 4294.948310110718 876.85743964277208 390.68447845429182 21.059759367257357 72.899277849122882 130.88732907176018 108.73103173449636 626.69109256751835 1256.7324335239828 38.392327953130007 1392.5560012832284 30.993657395243645 6184.9782896563411 129.40924641117454 218.77529277978465 18.23378356359899 21.359633259475231 6325.2718760049902 1396.2814707607031 1129.8036626954563 1141.6701576902997 65.12885457649827 52.230229345150292 49.291857404634356 143.92493991367519 47.533167493529618 243.79263302311301
leaf_count=3486871 57825 46464 97 32698 9415 2416 51 271 1279 853 2987 9810 324 12555 83 67931 930 4191 350 124 72225 16482 16335 14727 520 143 305 635 178 3966
internal_value=-0.000401384 -0.00422278 -0.0105338 -0.000981937 -0.0148471 -0.0421216 0.0110786 -0.0009034 0.0446924 0.068689 0.0924408 -0.0295728 0.140724 -0.0556673 0.0179749 -0.0199385 -0.0121133 0.017816 -0.0191333 0.198132 -0.0201003 0.0117078 -0.0262277 0.0287233 0.0765484 0.159896 0.303797 0.00935646 -0.0060453 0.0142427
internal_weight=473321 71656.1 34181 16968.9 7894.25 2660.1 9074.65 5234.16 939.209 808.321 699.59 1316.18 59.4521 2269.41 7758.47 17212.1 11027.1 2091.76 8935.35 39.5934 8895.76 1440.68 7455.08 1872.98 539.853 230.931 101.522 1333.13 1189.2 308.921
internal_count=3863041 376170 318345 119206 62474 24386 56732 38088 5390 4111 3258 10185 375 21970 46547 199139 131208 25595 105613 474 105139 16579 88560 21404 5864 1378 448 15540 14905 4486
cat_boundaries=0 1 2 3 4 5 6 7 8 9
cat_threshold=163 2 195 5 2 1 32 23 8
is_linear=0
shrinkage=0.08


Tree=125
num_leaves=31
num_cat=8
split_feature=6 35 34 22 42 7 47 6 3 45 7 3 17 14 7 32 19 6 3 19 3 7 42 4 6 3 37 13 34 13
split_gain=228.501 228.664 305.29 295.391 282.046 354.267 386.323 498.813 378.906 431.784 544.902 945.284 1430.72 778.496 449.177 325.863 372.749 292.103 300.653 290.88 272.029 267.407 384.724 573.913 353.979 322.28 320.971 266.213 312.416 335.881
threshold=494.68997192382818 0 1 1.0000000180025095e-35 2 1025.049987792969 3 6628.8649902343759 350.29499816894537 4 837.02502441406261 305.08499145507818 3.5000000000000004 1.0000000180025095e-35 981.70501708984386 40.379999160766609 5458.1999511718759 6628.8649902343759 215.18499755859378 991.42501831054699 753.33502197265636 1.0000000180025095e-35 5 2.5000000000000004 4092.8750000000005 344.75500488281256 6 444.05000305175787 7 28.024993896484379
decision_type=2 1 1 2 9 2 1 2 10 9 2 10 2 2 2 10 2 2 8 2 10 2 9 8 2 10 1 2 1 2
left_child=-1 2 3 -2 5 6 -4 8 9 10 15 13 -13 -12 -14 16 27 18 -6 -15 -20 22 23 24 -11 -24 -23 28 29 -8
right_child=1 -3 4 -5 17 -7 7 -9 -10 21 11 12 14 19 -16 -17 -18 -19 20 -21 -22 26 25 -25 -26 -27 -28 -29 -30 -31
leaf_value=-0.00067229012002264967 -0.026950795929645548 -0.00012846838373940965 0.011757711521788039 0.01834059483566422 0.010917492513227376 -0.0042982038404249089 0.29022932207564928 -0.0093828096147540972 -0.026192299496416264 0.20659208693953166 -0.061902326176708988 1.6703335786319691 0.1781049617214579 0.4542609751292509 1.0075956191135129 0.33093836058441434 0.60464153528916875 0.025326082654897157 -0.017385807467003082 0.14235538068818346 0.13849556001474983 0.23474070739082478 0.0025474859344859612 0.021479256892735391 0.59382226786399028 0.33412719588652445 0.018434924177255275 0.094009568360291645 -0.00023983484983278167 0.036975987181723964
leaf_weight=402434.99655984249 2711.8274427927099 37077.500888279174 6749.8480416340753 1396.0492331753485 5417.5434352033772 3339.7152466396801 56.497852786444128 1094.9918509814888 383.50773689942434 161.01538354763761 68.920337752439082 6.5160341896116725 20.794118636753414 40.915251624304801 5.2286128913983694 30.764046551659703 8.2433516047894937 3062.3081860127859 5628.4833632281516 35.949051694944501 72.572135488502681 35.060744253918529 329.29486909741536 129.47953279828653 16.672894107177854 19.893542476929724 2128.3468829893973 898.15595111506991 551.87373860320076 82.396123282145709
leaf_count=3089360 25523 525963 9491 10904 25871 29658 731 13252 4425 1166 899 62 401 194 112 100 148 14379 53585 326 114 138 6064 1103 100 88 27742 8991 8398 1388
internal_value=6.83979e-05 0.00423382 0.00892179 -0.0115306 0.0116906 0.018904 0.0249469 0.0395304 0.0502219 0.0565569 0.087104 0.220348 0.61022 0.13333 0.34477 0.0730435 0.068076 0.00344569 -0.00257756 0.308384 -0.0154015 0.0365508 0.0814073 0.144865 0.242927 0.020841 0.0231107 0.0652923 0.0279533 0.13059
internal_weight=473995 71560.4 34482.9 4107.88 30375 16194.1 12854.4 6104.52 5009.53 4626.02 1806.25 178.323 32.5388 145.785 26.0227 1627.93 1597.17 14180.9 11118.6 76.8643 5701.06 2819.76 656.356 307.168 177.688 349.188 2163.41 1588.92 690.768 138.894
internal_count=3860676 771316 245353 36427 208926 114977 85319 75828 62576 58151 21750 1994 575 1419 513 19756 19656 93949 79570 520 53699 36401 8521 2369 1266 6152 27880 19508 10517 2119
cat_boundaries=0 1 2 3 4 5 6 7 8
cat_threshold=48 16 40 2 6 32 2 33
is_linear=0
shrinkage=0.08


Tree=126
num_leaves=31
num_cat=7
split_feature=37 26 38 18 18 3 3 18 19 3 18 18 3 13 26 4 32 19 34 42 41 6 18 3 12 38 3 19 18 38
split_gain=134.494 228.862 471.972 565.157 865.805 598.68 773.31 608.914 470.966 270.129 237.155 216.332 417.914 226.593 199.065 382.195 245.28 195.311 182.41 265.403 378.822 383.294 923.852 478.521 342.909 367.398 389.652 339.08 824.704 335.461
threshold=0 7.5000000000000009 1 238.87000274658206 251.77500152587893 368.18499755859381 165.72499847412112 1507.6499633789065 4789.4101562500009 600.38500976562511 23550.625000000004 729.42001342773449 215.18499755859378 355.64004516601568 8.5000000000000018 67.500000000000014 -70.31499862670897 9969.9150390625018 2 3 4 467.17498779296881 472.02499389648443 473.33999633789068 2884.900024414063 5 84.564998626708999 7610.5651855468759 10890.474609375002 6
decision_type=1 10 1 2 2 10 8 2 2 10 2 2 10 2 10 10 8 2 1 9 9 2 2 10 2 1 8 2 2 1
left_child=1 17 3 -3 -5 6 -6 11 14 -10 -7 12 -8 -13 15 16 -4 18 19 20 -1 -22 -23 24 25 -24 -27 29 -29 -25
right_child=-2 2 8 4 5 10 7 -9 9 -11 -12 13 -14 -15 -16 -17 -18 -19 -20 -21 21 22 23 27 -26 26 -28 28 -30 -31
leaf_value=-0.01410859573321218 0.0009448712782289978 -0.07054592086256678 0.35380550733276084 0.71101994213048458 -0.030813961730005279 -0.090638549988137404 0.29159134799714903 0.054172431069579689 -0.10850264866336011 0.20417641554848967 0.15683446045930091 0.19894822887639177 -0.091138414777829052 0.42911343327044743 -0.03192799721112223 0.5672530003794265 0.0088306403013791984 -0.069157168375279063 -0.0044871115991730794 -0.0015616180997083254 0.01031353495623522 0.57641955315922544 -0.01998394291254902 0.018280455483263985 -0.079882543855453916 0.33337387578438554 0.056726425975061424 -0.022769297361151894 1.0912471481953701 0.12269301971232201
leaf_weight=2456.7244015394244 340639.27480637655 140.51942419353873 13.956320052966475 14.825371041893957 125.1023035235703 126.63228092947975 68.976178037002683 115.39518371317536 21.536922283936292 98.815636687446386 30.813638437073678 41.254012630321085 24.832936560735106 81.365531397983432 1093.8721012794413 8.6911186994984728 240.44508195132948 280.67650449764915 86217.11755561945 33725.282650822541 5381.0694092665799 21.090725813060999 505.31532208994031 334.43786163791083 206.17645481787622 34.311673695221543 647.08474777918309 10.256336260819809 7.2659816490486255 524.68627157295123
leaf_count=31258 2524340 1436 60 54 1116 2320 171 1045 864 936 232 189 370 265 20143 32 3617 6267 869627 324681 47677 46 3512 7054 2639 199 6287 178 66 3602
internal_value=0.000103431 -0.0020581 0.0232557 0.0735541 0.106905 0.0923273 0.138684 0.202587 -0.00342561 0.148223 -0.0422058 0.281719 0.190276 0.351677 -0.0169009 0.0455778 0.0277558 -0.00249463 -0.00235078 0.00184989 0.0131998 0.0219518 0.0493877 0.04449 0.0153476 0.0318927 0.069635 0.090794 0.43918 0.0836884
internal_weight=473238 132599 2247.03 769.717 629.197 614.372 456.926 331.824 1477.32 120.353 157.446 216.429 93.8091 122.62 1356.96 263.093 254.401 130351 130071 43853.7 10128.4 7671.69 2290.63 2269.53 1392.89 1186.71 681.396 876.646 17.5223 859.124
internal_count=3860283 1335943 32850 7198 5762 5708 3156 2040 25652 1800 2552 995 541 454 23852 3709 3677 1303093 1296826 427199 102518 71260 23583 23537 12637 9998 6486 10900 244 10656
cat_boundaries=0 1 2 3 4 5 6 7
cat_threshold=1 772 20 17 21 960 56
is_linear=0
shrinkage=0.08


Tree=127
num_leaves=31
num_cat=12
split_feature=3 46 47 34 47 31 34 32 47 34 32 11 12 23 44 3 32 32 3 42 42 43 18 3 16 19 47 1 18 11
split_gain=120.828 572.335 310.306 369.332 272.726 228.588 212.674 232.958 250.484 296.16 165.181 163.533 260.541 246.278 157.246 160.351 157.559 152.789 145.206 141.971 134.873 262.671 349.874 427.231 239.803 215.613 234.517 299.56 333.862 565.902
threshold=18.185000419616703 0 1 2 3 1.0000000180025095e-35 4 -0.57499998807907093 5 6 -2.195000052452087 1.5000000000000002 1131.424987792969 -1.0000000180025095e-35 7 9.7550001144409197 -0.96500000357627858 -70.31499862670897 9.4749999046325701 8 9 10 445.05000305175787 136.29499816894534 1.5000000000000002 2570.3549804687505 11 2.5000000000000004 4884.4501953125009 1.5000000000000002
decision_type=8 1 1 1 1 10 1 8 1 1 8 2 2 2 9 10 8 10 10 9 9 9 2 10 2 2 1 2 2 2
left_child=1 2 3 14 17 6 18 -8 9 11 -6 12 13 -9 15 -1 -16 -3 -4 -18 -2 22 23 -22 -23 26 -24 -28 -29 -30
right_child=20 4 5 -5 10 -7 7 8 -10 -11 -12 -13 -14 -15 16 -17 19 -19 -20 -21 21 24 25 -25 -26 -27 27 28 29 -31
leaf_value=0.069339706719971361 -0.0003277061905959909 -0.063026722544584426 0.049403340366981151 -0.034278163621115756 0.074126596376475618 -0.14565067657835357 0.033961522443526924 0.0065501152768201809 0.0050617348936940303 -0.03970352855651741 -0.053277857760519409 -0.10965770961839517 0.16859909605935408 -0.096662240289144621 0.17245618376016808 -0.012909591885765011 0.11927382330136867 -0.14489766944463539 0.0085464182945190117 -0.070425851751388116 -0.012009032573790442 0.0013963747217492256 0.0068938191874930842 0.021569625397719578 -0.036098035970180589 0.029468613779344822 -0.035826758800002446 -0.0094622660687438357 0.58007646195901008 0.079963049448784643
leaf_weight=462.10618575662374 322979.59686244745 321.49236743245274 950.69904183968902 3364.3249983889982 106.8808338791132 66.55278092622757 1119.7734557520598 2264.5378606617451 7397.5604679333046 2223.323647278361 166.72013698332012 83.929645134136081 59.97471347078681 158.30242443084717 22.061805599369109 225.83974741771817 20.296522118151188 267.08175003901124 1343.3781245462596 208.04958433937281 2900.2511905943975 104597.08453954686 2412.5153453899547 14799.612610169221 1103.2090898278402 951.02967389347032 2697.8560304907151 268.37096136482432 16.946701642125845 99.505027054343373
leaf_count=4286 2893617 803 2173 42242 158 335 1621 9555 11081 10645 678 526 110 854 515 2994 58 913 3740 4045 12944 715045 3573 73720 14494 8777 37423 2923 46 752
internal_value=0.000273674 -0.00568339 -0.00292826 -0.0219577 -0.0695009 0.00229751 0.00292863 -0.000957984 -0.0041671 -0.0184197 -0.00350795 0.000170474 0.00388382 -0.000193526 0.0223427 0.0423388 -0.0317005 -0.100178 0.0253675 -0.0514252 0.000547737 0.00272513 0.0102517 0.0160675 0.00100495 -0.00570113 -0.0117878 -0.0264081 0.0396227 0.152742
internal_weight=473659 20832.9 19970.7 4302.68 862.175 15668 15601.5 13307.4 12187.6 4790.07 273.601 2566.74 2482.81 2422.84 938.354 687.946 250.408 588.574 2294.08 228.346 452826 129846 24146.1 17699.9 105700 6446.22 5495.19 3082.68 384.823 116.452
internal_count=3860646 97332 94780 54140 2552 40640 40305 34392 32771 21690 836 11045 10519 10409 11898 7280 4618 1716 5913 4103 3763314 869697 140158 86664 729539 53494 44717 41144 3721 798
cat_boundaries=0 1 2 3 4 5 6 7 8 9 10 11 12
cat_threshold=1 4 33 2 8 1 84 1 18 56 4 2
is_linear=0
shrinkage=0.08


Tree=128
num_leaves=31
num_cat=10
split_feature=27 42 19 34 3 18 3 32 18 14 3 24 47 32 3 41 4 47 42 19 23 34 35 4 3 6 17 47 34 19
split_gain=213.479 338.235 208.234 205.873 139 131.511 240.946 201.196 194.496 263.833 228.761 226.531 214.443 201.18 358.749 268.573 259.511 283.131 276.403 301.354 361.251 233.993 338.892 260.574 250.598 209.31 390.451 432.835 437.342 521.238
threshold=5.5000000000000009 0 46.024999618530281 1 271.57499694824224 1043.309997558594 236.3850021362305 17.505000114440922 229.7749938964844 1.5000000000000002 706.82501220703136 1.0000000180025095e-35 2 -1.064999997615814 632.06500244140636 3 65.500000000000014 4 5 829.92501831054699 4.5000000000000009 6 7 33.500000000000007 335.66999816894537 196.0249938964844 1.5000000000000002 8 9 378.47000122070318
decision_type=8 9 2 1 8 2 10 10 2 2 10 2 1 10 10 9 10 1 9 2 2 1 1 10 10 2 2 1 1 2
left_child=1 4 3 -3 -1 8 7 -7 9 11 -10 13 -13 -2 15 16 17 -15 21 -20 -21 22 24 -24 -19 -17 27 28 29 -27
right_child=5 2 -4 -5 -6 6 -8 -9 10 -11 -12 12 -14 14 -16 25 -18 18 19 20 -22 -23 23 -25 -26 26 -28 -29 -30 -31
leaf_value=0.0365741834401377 -0.00097665968983039263 0.28142300569717515 0.051108327004432769 0.06289531889539958 -0.058326698026598518 0.0086894976667857976 0.00019956748630195774 0.064138543407042087 -0.0029068064276771598 0.26534415181974697 -0.028813510032425552 -0.070957099071827928 -0.0032579440014491963 0.0019403366621997494 0.041794663929260255 0.0036778575144471503 0.055188034437015608 0.5175822128156703 -0.038187773521526455 -0.091071012254667794 0.3080024018102453 -0.034595770248474787 0.0011630989525407511 0.17431958477350371 0.14287660300515978 0.27273264922766066 -0.0011147418717197813 0.030796426700239347 0.078942240894160118 0.94834017531639181
leaf_weight=205.21350422408432 175164.4939141043 57.329421009868383 211.97052478510886 82.935035314410925 190.44356980198063 23664.547419086332 60014.449970914167 426.34903474617749 107298.02443719539 24.078911502379924 2226.6834829724394 549.31352907558903 658.33176585193723 4904.547812582925 1540.7362592043355 88565.408960626461 384.62492706812918 14.131989370100198 3827.5449410108849 24.77767988294363 35.057257218752056 476.26459571579471 591.74519120343029 61.39071399718523 59.58768698759377 63.048011497128755 1270.8094628276303 692.53512291004881 233.44607327412814 8.2667633313685638
leaf_count=679 1125964 77 811 177 2141 155365 823680 1421 993371 137 34328 9861 1282 7186 16916 587263 1763 112 68129 639 207 5436 7370 269 935 743 9096 2101 2321 107
internal_value=0.000111759 0.0428194 0.0983524 0.176761 -0.00888048 4.41996e-05 0.00291248 0.00967081 -0.000576468 0.00054449 -0.0034335 0.000521647 -0.0340518 0.00067188 0.00348214 0.00289892 -0.0092867 -0.0117771 -0.0249934 -0.035312 0.142746 0.00856907 0.0369381 0.0171758 0.189061 0.00429194 0.0282897 0.0657586 0.145206 0.307877
internal_weight=473528 747.892 352.235 140.264 395.657 472780 84105.3 24090.9 388675 279150 109525 279126 1207.65 277918 102754 101213 10379.7 9995.05 5090.5 3887.38 59.8349 1203.12 726.856 653.136 73.7197 90833.5 2268.11 997.296 304.761 71.3148
internal_count=3859887 3885 1065 254 2820 3856002 980466 156786 2875536 1847837 1027699 1847700 11143 1836557 710593 693677 92046 90283 83097 68975 846 14122 8686 7639 1047 601631 14368 5272 3171 850
cat_boundaries=0 1 2 3 4 5 6 7 8 9 10
cat_threshold=41 72 4 32 2 18 108 1 4 81
is_linear=0
shrinkage=0.08


Tree=129
num_leaves=31
num_cat=8
split_feature=33 34 35 37 41 4 27 3 3 3 39 14 18 11 18 3 4 41 21 26 18 3 13 13 3 26 41 3 18 34
split_gain=224.051 216.812 343.085 376.748 385.219 478.928 382.867 368.282 270.843 229.262 209.038 209.399 207.107 270.212 283.312 267.642 517.878 443.188 237.858 273.375 231.52 227.697 246.787 207.467 229.322 204.851 196.638 196.213 190.944 185.32
threshold=1.0000000180025095e-35 0 1 2 3 inf 7.5000000000000009 157.53499603271487 311.69000244140631 753.33502197265636 4 3.5000000000000004 1043.309997558594 1.5000000000000002 23.22500038146973 339.64500427246099 inf 5 1.0000000180025095e-35 9.2500000000000018 19819.040039062504 726.79501342773449 100.00500106811525 148.02500152587893 294.63999938964849 1.5000000000000002 6 639.97497558593761 1389.7750244140627 7
decision_type=2 1 1 1 9 8 8 10 10 10 9 2 2 2 2 10 8 9 2 10 2 10 2 2 8 10 9 8 2 1
left_child=1 10 26 9 5 6 28 -7 -9 12 11 -1 13 27 23 -14 18 -18 -17 21 -21 -20 -23 24 -15 -6 -3 -4 -5 -16
right_child=-2 2 3 4 25 7 -8 8 -10 -11 -12 -13 15 14 29 16 17 -19 19 20 -22 22 -24 -25 -26 -27 -28 -29 -30 -31
leaf_value=-0.0019608204793355685 0.015621838640783686 -0.0086779782376931233 -0.0065540319139647174 0.18942730347528752 0.0025745468371410184 -0.00013668044199915163 -0.0070854338195571421 -0.21106126956616864 -0.60741292022917959 -0.06300936665048576 0.0028445034225790321 -0.050560993902432107 0.0099521145651876343 0.20673816940025902 -0.062037970400571026 -0.016642320719568102 -0.032032286312090263 -0.41030060561672294 0.003029907001606956 -0.0048728666234742757 0.30638883946268802 0.3628874145676918 0.016668866242669247 0.0047384834160597248 -0.076983993615382329 -0.038314375426318555 0.012057956836311966 0.026872319248715627 -0.080528673331828227 -0.016720067529364294
leaf_weight=70865.729932826478 5605.1551397335716 3609.1409330572933 44354.326813064516 92.415324747562408 94339.072964037536 43.20726422034204 39888.643701528199 46.198711721226573 14.496386801823972 473.09869417338632 162068.71859613992 571.96596940490417 8979.3854224625975 88.449328746646643 589.70284092985094 4308.4099973298144 58.703715398907661 28.473342211567797 575.3256748453714 24.468058174476027 40.789614754496142 24.446031692903489 28.582809895509854 152.98299128748477 22.966250163502991 790.73529786302242 15374.976208405336 1153.1256944723427 20.485882491338998 18342.072894066339
leaf_count=645739 51850 17705 322584 293 614106 96 322608 236 181 16050 1308551 8191 80105 394 3871 108875 269 335 13084 584 214 35 620 1032 366 12575 103274 9562 322 217476
internal_value=-0.000277498 -0.000468341 -0.00219224 -0.00310474 -0.000537913 -0.00711282 -0.00666904 -0.178648 -0.305726 -0.00748451 0.00125529 -0.00234994 -0.00715198 -0.00906475 -0.0170247 0.00164513 -0.0130117 -0.20632 -0.00964268 0.033836 0.189683 0.0176505 0.176274 0.0652149 0.148254 0.00223444 0.00811328 -0.00570703 0.140444 -0.0181733
internal_weight=472576 466971 233465 214481 135235 40105.4 40001.5 103.902 60.6951 79245.3 233506 71437.7 78772.2 64703.6 19196.2 14068.6 5089.2 87.1771 5002.02 693.612 65.2577 628.355 53.0288 264.399 111.416 95129.8 18984.1 45507.5 112.901 18931.8
internal_count=3861183 3809333 1846852 1725873 950417 323736 323223 513 417 775456 1962481 653930 759406 555285 223139 204121 124016 604 123412 14537 798 13739 655 1792 760 626681 120979 332146 615 221347
cat_boundaries=0 1 2 3 4 5 6 7 8
cat_threshold=28 24 9 34 1 16 17 1
is_linear=0
shrinkage=0.08


Tree=130
num_leaves=31
num_cat=7
split_feature=6 33 11 47 42 38 32 38 12 39 13 13 41 12 3 32 16 16 6 19 23 3 19 19 38 19 7 16 19 12
split_gain=173.56 197.584 173.968 359.842 309.727 566.33 253.855 251.826 348.018 413.695 715.759 1121.31 286.392 377.324 429.57 281.534 268.672 260.569 259.255 240.377 304.206 330.081 273.589 228.024 331.282 249.41 324.75 376.598 596.486 287.137
threshold=443.04998779296881 1.5000000000000002 5.5000000000000009 0 1 2 2.5349999666213994 3 426.87500000000006 4 240.02500152587893 197.11000061035159 5 15594.234863281252 307.99499511718756 24.765000343322757 1.5000000000000002 3.5000000000000004 55.000003814697273 630.02499389648449 1.5000000000000002 328.65000915527349 516.95501708984386 4789.4101562500009 6 879.52499389648449 189.22497558593753 2.5000000000000004 579.01501464843761 19888.900390625004
decision_type=2 2 2 1 9 1 8 1 2 9 2 2 9 2 10 10 2 2 2 2 2 10 2 2 1 2 2 2 2 2
left_child=2 -2 -1 -4 5 -5 23 -7 9 10 11 -9 -10 17 -15 18 -12 -14 19 20 21 22 -11 25 -25 26 -6 -28 -29 -27
right_child=1 -3 3 4 6 7 -8 8 12 15 16 -13 13 14 -16 -17 -18 -19 -20 -21 -22 -23 -24 24 -26 29 27 28 -30 -31
leaf_value=0.00014049842662230402 0.0034369410399592648 0.067659525818185864 0.0028171078511102622 -0.026418767566309564 -0.020481548195612521 0.096240008137459448 -0.033948706990817583 -0.11202048309185822 -0.0038619378885589185 -0.04664745662286527 -0.077046029861768797 0.86330528000527684 0.029117447362291857 0.43017277550382788 0.060207916220956267 0.13581165740204998 0.31128631483919478 0.25974708922367867 -0.057207898624444475 -0.095035003659104333 -0.0063015736082182548 0.43325209743525533 0.41268355740762153 0.13887869496929567 -0.045280306542492432 -0.035914058119954247 0.015909817422118219 0.52874397268294104 -0.095633342910944275 0.14542597093768481
leaf_weight=352968.8143230509 77481.932880078792 307.80727967061102 19288.334361318499 3654.7266061060363 2880.2975456044078 214.87970355711877 5114.1468449250096 13.018811087124051 1825.1201787833124 31.169221479445696 60.794223167933524 17.939668430015445 2703.608747708844 32.745470147579908 51.955009022727609 59.660107751842588 14.034680578857659 31.720374873839319 1144.0033143050969 63.945556981954724 93.413884436246008 27.03254236606881 11.310560434125362 141.20090145105496 103.42508015804924 2830.0237878364278 2135.3141532770824 23.046170454006642 17.027181573677808 57.00897549581714
leaf_count=2545430 835445 1631 28646 153725 40146 578 90670 198 29501 321 999 72 30262 202 547 490 96 137 17530 1091 1106 201 79 882 2375 48047 28883 115 241 628
internal_value=0.000236657 0.00369106 -0.000442592 -0.00526924 -0.0119483 -0.00133745 -0.0199502 0.0130123 0.00996838 -0.0230223 0.129636 0.453157 0.0209011 0.0368108 0.203237 -0.0343113 -0.0042116 0.031792 -0.0417151 0.0364078 0.0879967 0.214719 0.0756529 -0.0112305 0.0648445 -0.0135735 -0.00286081 0.0204697 0.263446 -0.0323332
internal_weight=473399 77789.7 395610 42640.9 23352.6 10051.1 13301.5 6396.35 6181.47 1536.32 105.787 30.9585 4645.15 2820.03 84.7005 1430.54 74.8289 2735.33 1370.88 226.872 162.926 69.5123 42.4798 8187.34 244.626 7942.72 5055.69 2175.39 40.0734 2887.03
internal_count=3860274 837076 3023198 477768 449122 237135 211987 83410 82832 22183 1365 270 60649 31148 749 20818 1095 30399 20328 2798 1707 601 400 121317 3257 118060 69385 29239 356 48675
cat_boundaries=0 1 2 3 4 5 6 7
cat_threshold=2 9 40 129 2 22 586
is_linear=0
shrinkage=0.08


Tree=131
num_leaves=31
num_cat=6
split_feature=5 3 3 32 47 9 20 47 6 2 37 39 42 3 5 3 4 18 0 2 37 21 6 6 13 20 32 4 3 10
split_gain=142.956 144.128 200.737 216.336 142.361 121.997 110.371 109.89 463.447 312.812 328.513 583.615 611.53 520.677 596.575 2094.03 422.623 317.846 441.038 673.131 621.562 529.594 467.443 373.318 532.774 426.53 392.6 308.74 282.862 269.005
threshold=37.500000000000007 639.97497558593761 611.73999023437511 -5.9549999237060538 0 1.5000000000000002 12.500000000000002 1 9324.1748046875018 2.5000000000000004 2 3 4 632.06500244140636 8.5000000000000018 606.76501464843761 1.0000000180025095e-35 16390.161132812504 1.5000000000000002 1.0000000180025095e-35 5 3.5000000000000004 3656.349975585938 7915.3498535156259 1198.7249145507815 2.5000000000000004 5.7149999141693124 9.5000000000000018 140.08000183105472 1.0000000180025095e-35
decision_type=2 10 10 8 1 2 2 1 2 8 1 9 9 8 2 10 10 2 2 10 1 2 2 2 2 2 10 10 8 2
left_child=5 2 4 -4 -2 7 -5 8 9 17 11 12 13 14 15 16 -11 29 23 21 22 -20 -21 25 -25 26 -19 -13 -10 -1
right_child=1 -3 3 6 -6 -7 -8 -9 28 10 -12 27 -14 -15 -16 -17 -18 18 19 20 -22 -23 -24 24 -26 -27 -28 -29 -30 -31
leaf_value=-0.0018272440304602467 -0.059469898142340431 -0.059053911310685943 0.52429018057775412 -0.047281123522992366 0.034392849256148765 -0.057866063957198684 0.17865817648401477 0.0008717350699083185 0.17082970212580448 -0.087024279962614831 -0.022525324004480259 -0.053590732088632985 -0.01607360750270781 0.10539195190146528 0.20375424641661344 1.9195417871203233 0.64465352970140255 0.046712159993281398 -0.057287352896421354 0.25496845366762172 -0.07280539794820301 0.39107829591836896 0.87288541420199706 -0.099656691797986668 0.70334992583812306 0.015670879176552438 0.23253753108862363 0.24276080813438605 -0.04350583889108408 0.011405380882356451
leaf_weight=124460.60262885666 114.19348670355976 117.87169209693093 9.1896454480010998 19.915127734653652 1095.6539313199464 232.84511027415283 45.340123829897493 325639.15314534144 40.186059165745974 8.963068319484595 6414.5320894105826 243.81958142260555 82.584516258444637 44.595509783132002 26.568112444598228 7.0951612307690075 11.579624827951193 137.93635424901731 551.58676851342898 62.764349802630022 46.862787105608732 17.391640542075038 8.9527857487555575 8.4473396795801836 14.138294472126288 373.52050699735992 154.00705868843943 24.785899418406188 2030.8259159497684 10675.483034202131
leaf_count=2313042 1078 2789 110 534 4842 2362 169 1143590 236 298 88309 8313 1465 535 136 78 19 2171 27734 716 1309 31 166 180 101 6434 1481 96 52092 199894
internal_value=0.000102412 0.0256087 0.033379 0.160882 0.0255335 2.65312e-05 0.109704 5.51459e-05 -0.0017731 -0.00123036 -0.0178941 0.0475663 0.159491 0.27957 0.474443 0.734655 0.325412 -0.000392422 0.0378682 -0.00744618 0.165945 -0.0435824 0.291465 0.0831502 0.403014 0.0722941 0.144739 -0.0262445 -0.0393469 -0.000781893
internal_weight=472721 1402.16 1284.29 74.4449 1209.85 471319 65.2553 471086 145447 143376 6864.52 449.991 181.386 98.8015 54.206 27.6379 20.5427 136512 1375.61 687.558 118.58 568.978 71.7171 688.05 22.5856 665.464 291.943 268.605 2071.01 135136
internal_count=3860310 9522 6733 813 5920 3850788 703 3848426 2704836 2652508 99249 10940 2531 1066 531 395 317 2553259 40323 29956 2191 27765 882 10367 281 10086 3652 8409 52328 2512936
cat_boundaries=0 1 2 3 4 5 6
cat_threshold=1 4 18 1 9 3
is_linear=0
shrinkage=0.08


Tree=132
num_leaves=31
num_cat=11
split_feature=47 38 17 32 16 13 6 34 40 39 39 41 43 12 12 13 17 12 6 14 12 35 37 5 6 12 17 17 26 36
split_gain=132.657 299.366 511.83 384.521 345.975 526.861 509.135 363.122 432.344 1280.14 380.12 379.877 435.85 333.8 475.82 542.325 1891.93 324.749 321.145 319.435 403.312 423.402 355.554 356.115 693.22 309.68 325.965 309.565 297.682 283.457
threshold=0 1 16.500000000000004 0.15500000119209292 2.5000000000000004 2314.674926757813 1133.0999755859377 2 3 4 5 6 7 870.69998168945324 1085.5250244140627 258.25001525878912 14.500000000000002 903.85000610351574 165.14997863769534 2.5000000000000004 9522.4003906250018 8 9 8.5000000000000018 5422.4248046875009 348.02499389648443 9.5000000000000018 100.50000000000001 9.2500000000000018 10
decision_type=1 1 2 10 2 2 2 1 1 9 9 9 9 2 2 2 2 2 2 2 2 1 1 2 2 2 2 2 10 9
left_child=-1 2 4 -3 7 25 -7 8 9 -2 29 -11 17 28 15 16 -15 -13 -5 -12 21 22 23 24 -21 26 -6 -4 -10 -9
right_child=1 3 27 18 5 6 -8 10 13 11 19 12 -14 14 -16 -17 -18 -19 -20 20 -22 -23 -24 -25 -26 -27 -28 -29 -30 -31
leaf_value=0.00099190320305193674 0.59720168664841877 0.0034926424503024869 -0.027564448498729549 -0.0090272099771983669 0.006150343909685674 -0.090285472156896515 0.56374634670954427 0.1269536053156344 -0.027894289980128606 -0.073774227204711634 -0.00029197040504895983 0.10115591277640409 0.0053714771113382619 0.18840091119011848 -0.0054835063674331655 0.028026060027378747 1.9081669001783299 0.41814744213656807 0.0028826741480589284 0.23568582057808701 -0.02756206825448972 -0.073628582052636629 -0.069964046941775826 0.038828032948452176 0.79775709006655515 -0.079478425808078776 0.29894692594276073 0.073352422888905588 0.081142730072333413 -0.024676193232444882
leaf_weight=219113.39019021112 24.887411523610353 98592.835259699496 7573.4968549642945 38598.006215645 55.539667681325227 10.749136296566574 26.147148832445964 70.593340401537716 10115.607245160732 227.38772313646041 65284.951135581243 253.93069199472666 715.69199857581407 83.131312279263511 1703.8206836404279 170.44951969059184 4.306055804481729 22.518143771216273 23198.8892891414 113.03655644087121 164.80708443582989 50.81916173058562 30.849012814462185 42.62905364157632 16.035460736602545 77.089563127374277 43.310406770557165 199.66667979885824 162.8243950905744 5086.0718970398884
leaf_count=330559 43 869034 306307 377290 889 337 166 883 272881 4611 1228136 1417 8771 2644 72547 7092 91 205 234246 1648 4248 2557 939 808 166 2056 375 3115 4352 121882
internal_value=-0.000448704 -0.00169774 -0.00532643 0.000391472 -0.00352107 0.0983481 0.373205 -0.00377813 -0.0158058 0.0289778 -0.00148683 0.0176195 0.0389172 -0.0203788 0.00984489 0.111117 0.273095 0.122544 -0.00455617 0.000154468 0.0698516 0.133216 0.179867 0.226134 0.305516 0.040708 0.134437 -0.0249722 -0.026167 -0.0224021
internal_weight=471833 252720 92330.3 160390 84557.2 212.836 36.8963 84344.3 13484.6 1244.42 70859.8 1219.53 992.141 12240.1 1961.71 257.887 87.4374 276.449 61796.9 65703.1 418.176 253.369 202.55 171.701 129.072 175.94 98.8501 7773.16 10278.4 5156.67
internal_count=3860295 3529736 2049166 1480570 1739744 3823 503 1735921 374654 15047 1361267 15004 10393 359607 82374 9827 2735 1622 611536 1238502 10366 6118 3561 2622 1814 3320 1264 309422 277233 122765
cat_boundaries=0 1 2 3 4 5 6 7 8 9 10 11
cat_threshold=2 45 65 9 1 2 6 36 40 33 2
is_linear=0
shrinkage=0.08


Tree=133
num_leaves=31
num_cat=12
split_feature=12 3 3 34 45 38 32 13 44 17 37 18 20 3 39 38 41 18 3 17 35 37 20 12 22 6 3 38 3 38
split_gain=215.342 268.886 311.659 381.351 490.7 310.705 236.433 233.739 231.31 319.296 226.587 224.559 385.895 560.027 336.033 260.709 447.118 751.879 1020.51 235.68 206.826 332.566 356.416 416.369 359.546 716.277 595.896 395.263 1650.96 335.973
threshold=740.50003051757824 74.524997711181655 37.284999847412116 0 1 2 2.8249999284744267 4104.8999023437509 3 3.5000000000000004 4 2962.2500000000005 1.0000000180025095e-35 805.22000122070324 5 6 7 3708.805053710938 416.05499267578131 5.5000000000000009 8 9 1.5000000000000002 35052.945312500007 1.0000000180025095e-35 1576.3500976562502 673.66000366210949 10 726.79501342773449 11
decision_type=2 10 8 1 9 1 10 2 9 2 1 2 2 10 9 1 9 2 8 2 1 1 2 2 2 2 10 1 10 1
left_child=11 2 7 4 5 6 -4 10 9 -3 -2 -1 13 14 -13 16 17 18 -14 -19 21 22 23 24 -10 27 29 28 -26 -27
right_child=1 8 3 -5 -6 -7 -8 -9 20 -11 -12 12 15 -15 -16 -17 -18 19 -20 -21 -22 -23 -24 -25 25 26 -28 -29 -30 -31
leaf_value=-0.00085863232882829013 0.049877426200698148 0.070265189776393691 0.073480938944369342 -0.0015888281585278413 -0.059214987491955126 0.017836852908425654 0.24313665845744278 0.16726686048581016 -0.0020441164001904952 0.011218249507792962 -0.029939285595442195 0.27810594671617284 0.99390750385725224 0.53656858762942916 0.039939177604550138 0.0039605951053977261 0.0024597105675696444 0.33643260134187231 0.15612109073315245 0.028313695044957312 0.0033764899229885249 -0.019699400485258884 -0.02685297111790166 0.41456598988218352 0.075428354100350509 0.20670852310737176 -0.074298485386034174 0.00077412294731474469 1.241575786425243 0.016774846465581555
leaf_weight=382404.75841362774 269.19109923858196 662.34518074057996 1686.3395802644081 1469.5426237247884 239.85329034179449 819.19427276961505 54.263232056517154 46.086788879707456 2957.3223879148718 5092.1235997402109 1245.0247956244275 44.939867207081988 15.552399169187991 18.049543429398909 242.50890840543434 3511.69228712318 238.40219203266315 19.28018163330853 23.166006549727172 90.300019628368318 59445.873744728509 6978.1235971415881 1622.7790297889151 16.761165062896907 89.1551732881926 299.55384854227304 77.125560422777198 1244.9006508704042 8.5115528735332173 88.448356479406357
leaf_count=2851713 1913 2420 7532 9969 1063 2249 187 229 65072 30650 6978 276 95 88 2324 43012 3025 95 170 1051 596019 152814 49490 192 1119 3872 2406 19943 112 726
internal_value=0.000142808 0.00380353 0.020381 0.0315637 0.0487969 0.0591087 0.07832 -0.0102162 0.00257377 0.0180146 -0.0156181 -0.000656478 0.0177324 0.104316 0.0771743 0.0109472 0.0724187 0.177624 0.492643 0.0825259 0.00135373 -0.00762821 0.00553423 0.016537 0.0151369 0.0432443 0.1288 0.0136038 0.160612 0.169171
internal_weight=471021 84412.5 5829.5 4269.19 2799.65 2559.8 1740.6 1560.3 78583 5754.47 1514.22 386609 4203.89 305.498 287.449 3898.39 386.701 148.299 38.7184 109.58 72828.6 13382.7 6404.56 4781.78 4765.02 1807.7 465.128 1342.57 97.6667 388.002
internal_count=3856804 954955 30120 21000 11031 9968 7719 9120 924835 33070 8891 2901849 50136 2688 2600 47448 4436 1411 265 1146 891765 295746 142932 93442 93250 28178 7004 21174 1231 4598
cat_boundaries=0 1 2 3 4 5 6 7 8 9 10 11 12
cat_threshold=14 37 348 1 26 2 520 4 1 58 136 352
is_linear=0
shrinkage=0.08


Tree=134
num_leaves=31
num_cat=7
split_feature=37 2 1 38 3 3 34 3 42 3 7 12 3 34 12 18 7 13 38 17 13 13 4 1 7 32 3 7 4 38
split_gain=169.845 412.672 410.983 357.144 377.897 271.534 441.764 404.549 421.245 296.503 237.39 178.454 387.469 454.816 415.732 515.079 333.587 713.555 407.189 808.854 271.032 193.932 181.023 288.325 167.938 314.914 250.663 246.264 241.908 190.386
threshold=0 1.5000000000000002 1.5000000000000002 1 386.30499267578131 251.96500396728518 2 153.31500244140628 3 131.45500183105472 2907.5749511718755 3533.7751464843755 584.10998535156261 4 9522.4003906250018 12408.750000000002 184.00003051757815 504.42501831054693 5 19.500000000000004 578.52499389648449 444.05000305175787 41.500000000000007 1.0000000180025095e-35 34.024993896484382 -16.414999961853024 205.59500122070315 116.77499389648439 1.0000000180025095e-35 6
decision_type=1 8 2 1 8 10 1 10 9 10 2 2 10 1 2 2 2 2 1 2 2 2 10 2 2 8 10 2 8 1
left_child=1 10 3 4 5 7 -7 8 9 -3 11 21 13 14 15 16 -13 -18 19 -19 -20 22 24 -24 -1 26 -26 28 29 -27
right_child=-2 2 -4 -5 -6 6 -8 -9 -10 -11 -12 12 -14 -15 -16 -17 17 18 20 -21 -22 -23 23 -25 25 27 -28 -29 -30 -31
leaf_value=-0.0059528343295774016 -0.00012290004528626349 0.1777962200966263 -0.011159817349317976 -0.023007146722068602 0.018034300936654254 0.038928931718919507 0.25047261285742478 0.025983776207676348 0.00076646336436425957 0.4351181473276961 0.062192414242386689 -0.010111928751557957 -0.039044850547056469 -0.017063775040691193 0.0017952626282054177 0.61066766260426442 0.53041934529382861 -0.019031842870169968 0.29617475268291193 0.96951289260499229 0.022144396876353917 -0.018135732921306096 0.039860653278991527 0.34083732836302538 0.40044495584617146 0.10560930716881711 0.074814715237539062 -0.0054416370140339685 0.09200608922200372 0.0050146500015830139
leaf_weight=5014.7532502859831 457520.30794795637 79.308722920715809 664.07395761180669 249.53361458657309 391.74468212109059 118.61826036311686 175.80786564853042 336.34060737397522 73.877601530402899 44.874074131250381 422.1647429051809 66.877299903891981 323.83841256145388 264.99700337322429 134.66141448123381 16.139163231477141 34.058572345413268 8.8313591484911758 28.015616614371538 13.237796385306863 131.63883807417005 3265.431942500174 104.44075961224735 25.305996432900429 23.393653016537428 129.18870405992493 42.826422538608313 1877.0700460867956 393.49221440404654 920.14335202518851
leaf_count=33125 3751817 162 5274 2083 1996 508 501 1888 275 175 2184 509 3185 2106 948 98 142 137 25 118 885 28663 520 29 53 1564 232 13881 1815 5576
internal_value=0.000155116 0.00842292 0.0410741 0.0646692 0.0821095 0.113385 0.175075 0.0793973 0.170103 0.250601 0.00316638 0.00122239 0.0332864 0.0668226 0.115828 0.171097 0.145998 0.194381 0.131401 0.394963 0.0660907 -0.00155641 0.00478999 0.0985636 0.00334171 0.0171067 0.189851 0.0136611 0.0385131 0.0184536
internal_weight=472895 15374.7 2134.18 1470.11 1220.57 828.827 294.426 534.401 198.06 124.183 13240.5 12818.3 1022.3 698.457 433.46 298.799 282.659 215.782 181.724 22.0692 159.654 11796 8530.61 129.747 8400.87 3386.11 66.2201 3319.89 1442.82 1049.33
internal_count=3860474 108657 12862 7588 5505 3509 1009 2500 612 337 95795 93611 8153 4968 2862 1914 1816 1307 1165 255 910 85458 56795 549 56246 23121 285 22836 8955 7140
cat_boundaries=0 1 2 3 4 5 6 7
cat_threshold=66 465 71 34 84 44 44
is_linear=0
shrinkage=0.08


Tree=135
num_leaves=31
num_cat=11
split_feature=7 38 4 4 10 34 47 1 1 6 38 3 36 8 19 37 34 11 47 19 37 32 37 14 7 47 12 17 16 3
split_gain=145.865 275.515 193.285 275.007 179.793 236.733 215.735 299.335 193.676 176.618 171.263 159.39 157.687 160.81 212.786 151.255 209.933 171.904 194.667 155.304 148.955 260.255 141.816 234.265 140.581 139.731 232.979 140.682 316.974 283.675
threshold=1483.5499267578127 0 28.500000000000004 27.500000000000004 1.5000000000000002 1 2 1.0000000180025095e-35 1.5000000000000002 1576.3500976562502 3 571.29498291015636 4 1.0000000180025095e-35 2312.4050292968755 5 6 11.500000000000002 7 1923.1250000000002 8 -6.2149999141693106 9 4.5000000000000009 6805.6748046875009 10 173.00000762939456 24.500000000000004 2.5000000000000004 706.82501220703136
decision_type=2 1 8 8 2 1 1 2 2 2 1 10 9 2 2 1 1 2 1 2 1 8 1 2 2 1 2 2 2 10
left_child=-1 4 3 9 15 6 7 -6 -7 11 -4 -3 13 14 -10 16 -2 -17 22 -18 21 -13 23 -19 25 -21 -27 29 -29 -28
right_child=1 2 10 -5 5 8 -8 -9 12 -11 -12 20 -14 -15 -16 17 19 18 -20 24 -22 -23 -24 -25 -26 26 27 28 -30 -31
leaf_value=0.00040208291756668811 -0.026487862064907722 -0.016924120059163973 -0.03000598277898572 0.33496843954492328 0.3274688303129859 -0.030900799015784665 0.03852079640993486 0.0059352271978261638 0.33388797274161514 -0.03422972251900297 -0.12104615008756196 0.35461453100892143 -0.044764211591450921 -0.033144991976400494 0.091547965925003569 0.0019955334957603411 -0.029579880999162426 -0.08596628295861479 -0.0099835353130046187 0.01039250971510163 0.018379679650150055 0.014344104913954187 -0.073015050634463521 0.25435938619548676 -0.025834050767814566 0.43273974295192152 0.062337056376179742 -0.034241163142673073 0.4016063024992379 0.29091678858001613
leaf_weight=460352.05475873197 668.36190021038055 1232.182344426983 364.93754510208964 14.105050597339867 54.207930325064808 314.54331291094422 90.301544771529734 28.154880870133638 27.479546491988003 2186.9908886753256 220.31705204071477 26.592342224903405 69.873891361989081 50.034697261638939 148.49589553149417 2215.06770470622 280.01834653131664 28.266326745273545 1092.2016725745052 508.67640349641442 535.13634766603354 31.339319003280252 664.67283190623857 23.881859332788736 212.16240945272148 10.762525284662841 688.2482655919157 164.29290286358446 11.421487862244247 36.595216182991862
leaf_count=3698167 5909 20507 1624 49 346 2187 195 348 176 58670 4946 76 493 468 740 17025 2018 1411 3479 728 16625 291 12843 169 1501 80 6184 2499 81 276
internal_value=0.000175114 -0.00853251 -0.0238487 -0.0176562 0.00105911 0.0373048 0.117138 0.217556 0.0125979 -0.0188958 -0.0668587 -0.000523 0.0592654 0.0894503 0.129391 -0.00323682 0.0118595 -0.012915 -0.0312438 0.025331 0.0335526 0.145434 -0.0636374 0.0586441 0.0349069 0.0439823 0.0627312 0.0583093 -0.00591095 0.0738774
internal_weight=472351 11999.3 4611.6 4026.35 7387.72 783.092 172.664 82.3628 610.427 4012.24 585.255 1825.25 295.884 226.01 175.975 6604.63 2580.54 4024.09 1809.02 1912.18 593.068 57.9317 716.821 52.1482 1632.16 1420 911.32 900.558 175.714 724.843
internal_count=3860111 161944 102788 96218 59156 4953 889 694 4064 96169 6570 37499 1877 1384 916 54203 19276 34927 17902 13367 16992 367 14423 1580 11349 9848 9120 9040 2580 6460
cat_boundaries=0 1 2 3 4 5 6 7 8 9 10 11
cat_threshold=838 16 4 144 136 104 48 4 68 16 2
is_linear=0
shrinkage=0.08


Tree=136
num_leaves=31
num_cat=11
split_feature=14 47 3 4 34 38 6 3 4 42 38 47 17 44 7 12 17 43 45 47 19 5 19 13 19 20 12 47 19 13
split_gain=141.806 95.6294 93.139 256.812 216.734 223.465 213.23 206.358 212.911 180.335 314.634 468.723 581.293 277.592 400.458 409.806 236.287 197.861 388.722 674.785 742.058 646.813 253.469 168.079 227.227 156.107 236.109 157.149 141.045 284.696
threshold=30.500000000000004 0 687.51501464843761 inf 1 2 249.00000762939456 779.00500488281261 4.5000000000000009 3 4 5 1.0000000180025095e-35 6 74.000007629394545 95.000030517578139 21.500000000000004 7 8 9 173.004997253418 1.0000000180025095e-35 180.004997253418 2676.9250488281255 3095.9499511718755 1.5000000000000002 500.00001525878912 10 367.37500000000006 300.02499389648443
decision_type=2 1 10 8 1 1 2 10 10 9 1 1 2 9 2 2 2 9 9 1 2 2 2 2 2 2 2 1 2 2
left_child=2 -2 -1 4 6 7 9 23 -9 10 11 12 -4 14 -11 -16 -15 18 19 20 -12 -22 -23 -6 -25 27 -27 -19 -8 -30
right_child=1 -3 3 -5 5 -7 28 8 -10 13 17 -13 -14 16 15 -17 -18 25 -20 -21 21 22 -24 24 -26 26 -28 -29 29 -31
leaf_value=9.1536774385571318e-05 -0.45391378925038317 -0.10151904248766805 0.59168820655826515 -0.19290440450316002 -0.039110694787789953 -0.033005439684610852 -0.040450938101257466 0.077317877989862921 -0.02006607823659997 0.0087991615122539821 -0.0870502951603499 0.047751954101929429 -0.091342453099948276 -0.015981577280021645 0.39127781834072245 0.087052144121048031 0.088587758489767146 -0.091627335390850648 0.010299193984054678 0.016998325097083412 0.8005108575804728 0.60357434255125197 0.066191972076617075 0.32692307630596895 -0.0088458949641615232 0.33173465599836893 -0.057240649254442277 0.012759764140323329 0.096356476525480739 -0.0085104388693883065
leaf_weight=459754.52579859248 6.05854132771492 26.422676164191216 29.018526927568018 47.431723880581558 544.83363306801766 2926.8449681028724 800.61917240149342 381.0736537175253 230.64666282758117 274.58910436276346 17.522954195737839 57.758576982654631 10.996090874075888 1787.3393471806776 40.124983986839652 96.465966016054153 149.89453782117926 138.68630694039166 274.21691490197554 75.359502759762108 25.655262939631939 8.1858693752437848 17.903446817304939 19.471810732968152 38.213645492680371 20.622330867219716 19.3664292213507 275.95356282964349 174.63525858498178 3233.0481146061793
leaf_count=3677584 43 540 89 457 5178 57977 14891 1679 1083 1337 499 72 322 27913 89 492 2103 2842 2897 190 182 4 390 26 370 61 176 519 2418 57373
internal_value=-9.94785e-05 -0.167249 -8.7963e-05 -0.00713153 -0.00637641 -0.0210493 0.00172071 0.00780449 0.0405997 0.0168824 0.0456724 0.175587 0.40399 0.00476085 0.0644821 0.176422 -0.00789047 0.0293073 0.0684304 0.170855 0.362909 0.515284 0.234803 -0.025362 0.104493 -0.00743338 0.143355 -0.022155 -0.0102353 -0.00313627
internal_weight=471503 32.4812 471471 11716.5 11669 4141.08 7527.96 1214.24 611.72 3319.66 971.246 97.7732 40.0146 2348.41 411.18 136.591 1937.23 873.473 418.844 144.627 69.2675 51.7446 26.0893 602.519 57.6855 454.629 39.9888 414.64 4208.3 3407.68
internal_count=3859796 583 3859213 181629 181172 66313 114859 8336 2762 40177 8243 483 411 31934 1918 581 30016 7760 4162 1265 1075 576 394 5574 396 3598 237 3361 74682 59791
cat_boundaries=0 1 2 3 4 5 6 7 8 9 10 11
cat_threshold=2 90 581 40 9 4 1 33 3 4 4
is_linear=0
shrinkage=0.08


Tree=137
num_leaves=31
num_cat=14
split_feature=12 11 45 38 39 38 45 41 11 34 12 36 14 19 5 40 16 7 36 39 45 17 21 7 19 41 5 13 43 12
split_gain=169.233 193.697 395.017 358.757 260.473 256.6 218.724 187.366 221.591 186.668 407.717 265.605 222.633 185.608 184.478 178.157 175.489 549.435 171.414 184.927 165.443 221.901 163.744 160.541 218.918 219.814 336.181 286.206 231.908 1144.16
threshold=740.50003051757824 3.5000000000000004 0 1 2 3 4 5 4.5000000000000009 6 765.10003662109386 7 1.0000000180025095e-35 4284.4252929687509 6.5000000000000009 8 1.0000000180025095e-35 2211.3750000000005 9 10 11 18.500000000000004 2.5000000000000004 256.80001831054693 2433.920043945313 12 9.5000000000000018 1585.8000488281252 13 24444.895507812504
decision_type=2 2 9 1 9 1 9 9 2 1 2 9 2 2 2 1 2 2 9 9 9 2 2 2 2 9 2 2 9 2
left_child=-1 3 5 4 -2 18 -6 -4 -9 10 12 15 -8 14 22 -12 -13 -18 19 -3 23 -22 -7 -16 25 26 27 -25 29 -27
right_child=1 2 7 -5 6 13 9 8 -10 -11 11 16 -14 -15 20 -17 17 -19 -20 -21 21 -23 -24 24 -26 28 -28 -29 -30 -31
leaf_value=-0.00066269891036707261 -0.071955926451803917 0.21910724790822375 -0.020899987004726277 -0.0024313738064993314 0.0036864773568952907 0.0051745204592972063 0.14375612788749095 -0.043277430039673048 0.00022846344400116687 0.035718866482964434 0.2745307227220275 0.028444291504355672 0.55704767524590637 -0.010644717783943181 0.0010599482900224232 0.036075146825733505 -0.14798931093086695 0.91054444161145853 -0.0019098851707065403 0.034998997941346303 -0.0050754048850959552 0.023275321536833093 0.24541758010388998 0.032160763314989571 -0.0014742896809399773 -0.083387432664161681 -0.0098667078089940373 0.1404370700473403 0.04737219035943728 0.57022568430246701
leaf_weight=388488.52456602489 153.70087446738034 40.002923082560301 5522.4149567461573 4102.6385643770918 1138.6672638675664 16633.832564516924 15.932574500329791 807.38238093303517 10409.450118794222 2648.978036032524 57.834227007813752 380.38475847744849 17.508663301821798 2689.2942917831242 1413.882803724613 48.266979702748358 6.9333726507611555 5.733305148081854 24450.424598608166 274.62458018492907 3638.0526481613051 3435.3449315270409 18.176834766287357 896.39279900188558 1120.3273636791855 37.440505034755915 1245.9036082415842 189.22036484768614 3097.1411514997017 31.61348519846797
leaf_count=2904618 2561 148 97192 27975 12851 201451 206 9010 129077 21974 236 5594 21 46564 16528 321 196 46 217318 1394 41585 43670 109 10070 19757 1462 17424 2176 28896 185
internal_value=4.31386e-05 0.00328717 0.00200027 0.0146834 0.0303155 0.00506763 0.0340242 -0.0088476 -0.00290048 0.0447297 0.0880627 0.0715988 0.360141 0.00953238 0.011244 0.178504 0.0372512 0.331134 -0.0011439 0.056608 0.0176459 0.00868145 0.00543676 0.025498 0.0307575 0.0373257 0.0184108 0.0510331 0.0510349 0.188539
internal_weight=473016 84527.5 75950.9 8576.58 4473.94 59211.7 4320.24 16739.2 11216.8 3181.57 532.594 499.153 33.4412 34446.6 31757.3 106.101 393.051 12.6667 24765.1 314.628 15105.3 7073.4 16652 8031.92 6618.04 5497.71 2331.52 1085.61 3166.2 69.054
internal_count=3860615 955997 884016 71981 44006 648737 41445 235279 138087 28594 6620 6393 227 429877 383313 557 5836 242 218860 1542 181753 85255 201560 96498 79970 60213 29670 12246 30543 1647
cat_boundaries=0 1 2 3 4 5 6 7 8 9 10 11 12 13 14
cat_threshold=5 928 2 778 1 48 32 74 12 33 2 4 22 32
is_linear=0
shrinkage=0.08


Tree=138
num_leaves=31
num_cat=11
split_feature=31 45 38 20 46 11 21 38 43 47 19 4 2 47 42 37 17 38 12 16 33 1 4 19 10 15 38 11 12 5
split_gain=201.448 266.7 319.696 227.065 225.133 199.66 325.855 277.521 388.163 390.942 470.882 483.366 409.882 360.001 392.083 662.788 477.6 357.542 508.719 423.189 357.364 342.281 459.237 518.755 454.094 328.889 321.868 298.846 304.236 600.924
threshold=1.0000000180025095e-35 0 1 1.0000000180025095e-35 2 8.5000000000000018 3.5000000000000004 3 4 5 2896.5000000000005 32.500000000000007 2.5000000000000004 6 7 8 12.500000000000002 9 1898.8000488281252 1.5000000000000002 1.0000000180025095e-35 2.5000000000000004 1.0000000180025095e-35 296.05000305175787 1.5000000000000002 1.5000000000000002 10 9.5000000000000018 461.05001831054693 2.5000000000000004
decision_type=10 9 1 2 1 2 2 1 9 1 2 10 8 1 9 1 2 1 2 2 2 2 8 2 2 2 1 2 2 2
left_child=5 2 3 -2 -3 6 -1 8 -7 10 11 12 -10 14 16 17 21 19 -19 27 -18 -9 23 -23 -25 -12 -22 -16 29 -29
right_child=1 4 -4 -5 -6 7 -8 13 9 -11 25 -13 -14 -15 15 -17 20 18 -20 -21 26 22 -24 24 -26 -27 -28 28 -30 -31
leaf_value=-0.00093318828062339296 -0.013330195396768815 0.020740985016359331 -0.1068202470718264 0.20521541802460067 -0.0058860415206867861 -0.033547853932780196 0.2612948816007914 -0.0040312923368016722 0.050238755192138378 0.0054758447670981104 -0.03106081833131738 -0.094246155678671575 -0.064193348899715799 0.0061233687305439731 -0.036236533938720478 -0.04349082325543701 -0.037366925735629497 -0.030344369097038529 0.028823136879672452 -0.056889888959668122 -0.077090263860188316 0.38811793741328293 -0.065083951969473947 0.052717948524848977 0.44825006537100032 0.2737522444911113 0.084217866804922187 0.85150543165250636 0.061967480046036638 0.12958776028824492
leaf_weight=400509.39720852801 151.56878308858722 7460.5532378652133 253.2308341707103 38.067779820412397 2793.0489229848608 1050.2419266439974 30.330447577405721 2403.0761029246496 4847.5626887287945 8415.4839087557048 835.4505068231374 163.50720749981701 208.96440114639699 29434.028738247929 197.38126779114828 1432.175862597418 5772.4290268110344 1684.7879053151701 2075.974257811089 236.55881533026695 100.73031972930767 41.870682315435261 108.68369670864195 233.53474846668541 20.181782248895615 23.286321504041553 284.45576525619254 9.1010777298361045 1596.0290065496229 39.010133684147149
leaf_count=3096087 955 21362 1734 159 11822 7288 41 74292 39684 20099 9181 1786 2246 120793 3873 39212 236701 54435 69477 4650 4621 632 2049 5527 153 106 2349 96 28373 721
internal_value=-1.15755e-05 0.0108421 -0.0493008 0.029011 0.0134747 -0.000263 -0.000913331 0.00399226 0.0132212 0.0166309 0.0321013 0.0411322 0.0455098 0.000847958 -0.00871525 0.00509371 -0.0198985 0.0170647 0.00231048 0.0436269 -0.0323885 0.00742611 0.0755314 0.127234 0.0841804 -0.0227952 0.0422191 0.0567761 0.0679423 0.266151
internal_weight=472451 10696.5 442.867 189.637 10253.6 461754 400540 61214.5 15544.5 14494.3 6078.77 5220.03 5056.53 45670 16236 7271.02 8964.96 5838.84 3760.76 2078.08 6157.62 2807.35 404.271 295.587 253.717 858.737 385.186 1841.52 1644.14 48.1112
internal_count=3860504 36032 2848 1114 33184 3824472 3096128 728344 80390 73102 53003 43716 41930 647954 527161 200837 326324 161625 123912 37713 243671 82653 8361 6312 5680 9287 6970 33063 29190 817
cat_boundaries=0 1 2 3 4 5 6 7 8 9 10 11
cat_threshold=32 552 1 209 35 4 4 42 43 14 40
is_linear=0
shrinkage=0.08


Tree=139
num_leaves=31
num_cat=8
split_feature=44 3 39 38 43 15 22 23 38 3 13 34 37 37 14 6 3 18 18 31 13 7 7 18 3 3 17 7 7 7
split_gain=115.778 258.682 228.397 251.126 293.864 519.551 356.28 249.72 208.27 184.493 319.122 318.848 312.582 253.234 550.187 517.877 189.336 264.529 276.268 219.654 203.175 180.249 178.55 170.007 168.786 262.372 245.256 182.754 251.506 199.364
threshold=0 inf 1 2 3 1.0000000180025095e-35 2.5000000000000004 1.5000000000000002 4 473.33999633789068 183.57498168945315 5 6 7 1.0000000180025095e-35 2014.6750488281252 726.79501342773449 3949.924926757813 4528.0000000000009 inf 1156.6250000000002 332.54998779296881 55.000003814697273 251.77500152587893 663.64498901367199 527.82501220703136 12.500000000000002 369.01000976562506 448.00003051757818 750.00003051757824
decision_type=9 8 9 1 9 2 2 2 1 10 2 1 1 1 2 2 10 2 2 8 2 2 2 2 8 10 2 2 2 2
left_child=2 -2 24 4 5 6 -4 -8 -3 -6 11 12 -11 14 -13 -16 19 23 -19 -12 -21 22 -7 -18 25 26 -1 -27 -29 -30
right_child=1 8 3 -5 9 21 7 -9 -10 10 16 13 -14 -15 15 -17 17 18 -20 20 -22 -23 -24 -25 -26 27 -28 28 29 -31
leaf_value=0.017910337803836426 -0.00094068620173127994 -0.0045916832085483332 -0.022931951758107919 -0.0061852702956430375 0.0069731533425803037 0.022664475776280772 0.015052532807862508 0.38272221412601254 0.042820445030660903 0.20788695395060203 -0.060693014492698379 0.041374008967231965 0.030995803856401116 -0.0054628083296817988 0.51498585266382002 -0.061705512728234622 0.12210187238890481 0.32602212618520399 0.060949799980770047 0.0049063979742035293 0.29828926859785976 -0.015014726566576223 0.23312945412059968 -0.091166338766378127 -0.0099502874197804833 0.032772469605028547 -0.047512011958616346 0.22224350819898334 -0.052971018506340901 0.1029750487702169
leaf_weight=5549.5599684081972 411257.08882459113 961.14667097385973 3873.5097247427329 19147.266511293128 23699.101433645003 36.372884759679437 23.762219880707562 23.529792724177241 1549.0671373261139 160.57763686776161 387.32685418240726 203.64811222068965 125.23477203398943 424.19034177809954 33.476364008150995 14.190515735652296 32.307025162503123 33.241417442914099 103.56117560621351 51.788046511821449 21.328899957239628 44.834806607104838 88.728950157761574 92.167265767231584 1423.3247794862837 733.63504159450531 392.68098600395024 85.219908110797405 68.842417653650045 220.5546230264008
leaf_count=15685 3622239 1761 25136 69611 99438 188 236 23 2388 252 6063 1653 732 2652 167 257 88 91 997 402 128 449 225 1294 3660 1878 1738 119 323 515
internal_value=-0.000318423 -0.00078441 0.00305864 0.000946266 0.00557952 -0.0142968 -0.0202673 0.197984 0.0248189 0.00878729 0.0343846 0.0645683 0.134046 0.032703 0.0948662 0.343304 -0.00581955 0.0485755 0.125359 -0.0366858 0.0904889 0.122613 0.171938 -0.035813 0.0151788 0.0202518 0.013587 0.0559869 0.101449 0.0658782
internal_weight=470861 413767 57094 48620.1 29472.9 4090.74 3920.8 47.292 2510.21 25382.1 1683.04 961.318 285.812 675.505 251.315 47.6669 721.721 261.277 136.803 460.444 73.1169 169.937 125.102 124.474 8473.82 7050.49 5942.24 1108.25 374.617 289.397
internal_count=3860388 3626388 234000 210082 140471 26257 25395 259 4149 114214 14776 5713 984 4729 2077 424 9063 2470 1088 6593 530 862 413 1382 23918 20258 17423 2835 957 838
cat_boundaries=0 1 2 3 4 5 6 7 8
cat_threshold=1 1 618 3 133 16 32 20
is_linear=0
shrinkage=0.08


Tree=140
num_leaves=31
num_cat=14
split_feature=26 38 34 19 16 45 42 38 19 12 19 44 47 20 34 35 41 16 11 38 21 11 19 34 32 23 35 12 41 12
split_gain=128.1 335.201 105.904 106.804 101.408 86.3131 211.604 315.69 310.012 528.826 403.717 316.674 684.292 792.409 874.349 1196.07 524.825 480.632 381.992 362.06 475.085 373.362 582.326 483.53 711.423 355.626 333.89 303.382 568.448 288.195
threshold=1.0000000180025095e-35 0 1 258.72500610351568 4.5000000000000009 2 3 4 502.27499389648443 4147.6750488281259 7610.5651855468759 5 6 1.5000000000000002 7 8 9 1.0000000180025095e-35 2.5000000000000004 10 1.0000000180025095e-35 3.5000000000000004 451.77499389648443 11 81.255001068115249 7.5000000000000009 12 266.40020751953131 13 22.024999618530277
decision_type=8 1 1 2 2 9 9 1 2 2 2 9 1 2 1 1 9 2 2 1 2 2 2 1 8 2 1 2 9 2
left_child=1 -1 -3 -4 5 6 7 -2 9 11 -10 12 13 14 15 -9 17 18 -17 21 -21 22 23 24 -16 26 -25 28 -26 -28
right_child=4 2 3 -5 -6 -7 -8 8 10 -11 -12 -13 -14 -15 19 16 -18 -19 -20 20 -22 -23 -24 25 27 -27 29 -29 -30 -31
leaf_value=-0.052395264494478698 -0.0018626052121945341 0.12092848019820412 -0.046238912890634039 0.065728759683460425 -0.098144921245903044 -0.00068116261800403046 -0.0049259419250847238 0.5243144366798308 -0.014996090423327002 0.14193125759248898 0.10688509420642067 0.006156860237897183 0.012628906898003018 0.63435253069324571 0.02974031981970799 0.19317651265217187 0.013772461973327647 0.43771582117912422 -0.09006827670541695 -0.061343911362639787 0.3432227861063688 -0.067293689516056021 0.51188266149349482 -0.062298992345335286 -0.030618494838525565 0.47574897403497901 -0.049436222469994864 0.55661501725648133 0.28991988320076806 0.14793238260517963
leaf_weight=196.41568914311938 14596.726495777257 169.92965510673821 70.730570299550891 237.9424323104322 67.836317271227017 424541.7059492456 14727.745914491359 42.675992212258279 3030.8817236553878 222.66035362053663 184.52302079508081 7091.3861751919612 4079.5181522257626 15.826568223536013 214.53092216141522 177.45235132984817 211.39653999824077 42.963843759149313 36.790390396490693 331.59572013840079 19.679284203797579 135.94622159097344 19.107835081405938 253.34017700236291 53.107875593006611 10.191430050879715 74.646345916204154 17.677226400002837 125.64773412048817 129.47792592458427
leaf_count=1846 153752 231 348 515 1265 3552792 75586 213 18829 749 415 15302 13839 133 2691 1502 2420 142 572 2858 71 2351 184 4236 605 148 1368 70 757 1509
internal_value=-0.000289172 0.0345362 0.0698477 0.0388146 -0.00033914 -0.000325035 0.0029723 0.00671085 0.0142823 0.0196781 -0.00800167 0.0175974 0.031138 0.0706287 0.0659237 0.154313 0.110365 0.186268 0.144537 0.0319485 -0.0376085 0.05572 0.0749691 0.0654673 0.127361 0.00817844 -0.00205936 0.240459 0.209195 0.0722186
internal_weight=471130 675.018 478.603 308.673 470455 470387 45845.5 31117.8 16521 13305.6 3215.4 13083 5991.57 1912.05 1896.23 511.279 468.603 257.207 214.243 1384.95 351.275 1033.67 897.727 878.62 410.964 467.656 457.464 196.433 178.756 204.124
internal_count=3857299 2940 1094 863 3854359 3853094 300302 224716 70964 51720 19244 50971 35669 21830 21697 4849 4636 2216 2074 16848 2929 13919 11568 11384 4123 7261 7113 1432 1362 2877
cat_boundaries=0 1 2 3 4 5 6 7 8 9 10 11 12 13 14
cat_threshold=305 80 8 41 552 2 4 4 1 3 324 2 32 3
is_linear=0
shrinkage=0.08


Tree=141
num_leaves=31
num_cat=12
split_feature=40 34 38 45 17 47 13 12 12 35 4 38 45 3 37 34 41 2 12 12 3 39 17 11 12 13 12 32 3 19
split_gain=103.092 352.168 288.98 259.195 231.945 431.818 358.71 326.008 511.233 413.402 314.233 453.242 302.433 379.142 550.843 541.205 1181.63 785.224 852.431 2158.32 1657.94 1383.48 1305.74 2499.52 1035.15 581.336 670.157 537.86 465.676 442.627
threshold=0 1 2 3 5.5000000000000009 4 2314.674926757813 1695.3499755859377 1319.8750000000002 5 69.500000000000014 6 7 500.60501098632818 8 9 10 1.0000000180025095e-35 675.45001220703136 1319.8750000000002 562.31500244140636 11 19.500000000000004 13.500000000000002 870.69998168945324 3226.424926757813 3075.119995117188 5.1849999427795419 584.10998535156261 466.02499389648443
decision_type=1 1 1 9 2 1 2 2 2 1 8 1 9 8 1 1 9 8 2 2 10 9 2 2 2 2 2 8 10 2
left_child=-1 -2 3 -3 6 10 -4 8 -8 -10 -6 -12 13 -7 15 16 17 18 -15 20 -20 -22 23 24 27 29 28 -23 -27 -21
right_child=1 2 4 -5 5 12 7 -9 9 -11 11 -13 -14 14 -16 -17 -18 -19 19 25 21 22 -24 -25 -26 26 -28 -29 -30 -31
leaf_value=0.0017094656516366228 -0.0043225859931145189 -0.0094680789082872262 0.0031644829779313918 -0.057874474008586356 0.0061113893998624201 -0.0080481025390706194 0.052623952865581101 -0.025997261436550848 0.33818336738207599 -0.013074354688012315 0.006990571522772604 -0.16864157770618332 -0.014238174125911806 0.0024336613790677175 -0.0019388768641165231 0.021396367300580504 -0.034227684288399958 -0.089394535690843199 -0.087380172883157581 0.44687354975045457 0.34928790552362982 1.7971852884023587 -0.09037350570523589 2.8641517447973581 0.27299898314342219 1.517836909521352 0.2582831247175516 0.91457265122178455 0.45729385667522887 0.055673243720595789
leaf_weight=148396.51633278583 117915.32512452855 3909.8968618046492 136651.81720386376 858.24059933423996 27418.736168162897 9891.7958073494956 448.55343613238074 213.99331062007695 70.376627957914025 37.275813336949795 230.96803794149309 151.77795279398561 21319.019980888348 72.937641583383083 2837.8315529560205 1110.4306868643034 219.78074263175949 51.59018164826557 13.869509279727934 21.375175054185092 19.592349324375391 9.1139279250055605 4.4985687960870555 5.8166244607418767 8.0078138699755055 5.3443096242845041 32.073923487449065 8.5777157978154737 5.2554892655462027 138.12255975184962
leaf_count=893831 956707 14498 1145748 4197 39554 184078 3711 2844 376 522 377 560 476229 2010 62292 51099 13704 2059 575 506 364 97 228 80 282 100 565 129 115 3146
internal_value=-3.64583e-05 -0.000836928 0.00116065 -0.0182839 0.00162281 -0.00237257 0.00347133 0.057914 0.0901979 0.246756 0.00510651 -0.0668798 -0.00818471 0.000751982 0.0198256 0.0552929 0.115083 0.196717 0.245261 0.310461 0.695128 0.890302 1.18462 1.36661 1.02767 0.178269 0.440534 1.36925 0.992009 0.1081
internal_weight=472079 323682 205767 4768.14 200999 63576.5 137422 770.199 556.206 107.652 27801.5 382.746 35775 14456 4564.22 1726.39 615.957 396.176 344.586 271.648 69.4765 55.607 36.0147 31.5161 25.6995 202.171 42.6737 17.6916 10.5998 159.498
internal_count=3860583 2966752 2010045 18695 1991350 838149 1153201 7453 4609 898 40491 937 797658 321429 137351 75059 23960 10256 8197 6187 1755 1180 816 588 508 4432 780 226 215 3652
cat_boundaries=0 1 2 3 4 5 6 7 8 9 10 11 12
cat_threshold=12 66 128 7 2 48 531 4 17 16 32 2
is_linear=0
shrinkage=0.08


Tree=142
num_leaves=31
num_cat=10
split_feature=42 38 19 3 18 19 12 3 23 19 19 3 1 37 1 45 19 32 35 32 32 17 35 45 38 18 26 38 12 41
split_gain=135.42 332.941 315.361 462.078 352.39 638.929 570.077 544.762 766.588 666.731 521.779 421.502 368.704 352.251 307.385 420.574 383.837 492.803 432.119 316.9 268.428 262.445 257.834 247.164 326.606 395.929 354.615 318.261 274.604 257.956
threshold=0 1 42.524999618530281 153.31500244140628 344.52499389648443 480.02499389648443 208.19998931884768 133.35500335693362 1.0000000180025095e-35 187.82500457763675 516.95501708984386 144.98000335693362 1.5000000000000002 2 3.5000000000000004 3 180.004997253418 -4.0950000286102286 4 -16.414999961853024 2.2849999666213994 6.5000000000000009 5 6 7 40.774999618530281 2.5000000000000004 8 15594.234863281252 9
decision_type=9 1 2 10 2 2 2 10 2 2 2 10 2 1 2 9 2 8 1 8 10 2 1 9 1 2 8 1 2 9
left_child=-1 2 22 4 5 6 -4 8 -8 -10 -7 12 -6 -5 15 16 17 -15 -18 -20 -19 -12 -2 27 29 26 -26 -3 -29 -25
right_child=1 23 3 13 11 10 7 -9 9 -11 21 -13 -14 14 -16 -17 18 20 19 -21 -22 -23 -24 24 25 -27 -28 28 -30 -31
leaf_value=-0.00042850056301845928 -0.036052389969214407 0.028270664360126544 0.038845545961423804 -0.026987266209928768 -0.017706416705216096 0.68666699859824987 -0.044339780644430657 0.044119864732983766 0.81111420387296196 0.13105811063917636 0.26776253368928016 0.38984060438352891 0.48007515234888287 0.57213769634770617 0.30363081560976063 -0.0086598103819879885 0.19047424217199407 -0.019330846502522175 0.37525541015598396 -0.048074085309662284 0.26886646991106217 -0.1115422570055455 0.014585497717093297 0.003342309660596377 0.26046754830061636 -0.0062442643415618719 0.0059184840950925466 0.0035307261149157233 0.052467282462989838 -0.015014128205064654
leaf_weight=322830.83757160592 744.88365192664787 3892.9861663077027 410.21437126258388 708.36371866473928 310.30289587611333 17.817067310214043 17.056448326446116 47.302873176056892 28.538692559115589 13.634707749821244 87.249625466763973 18.546742873266339 9.8246501218527538 21.888243913650513 29.226158898323774 503.74307530513033 86.281500712502748 35.996555691584945 12.118942808359861 171.10320608317852 48.621737304143608 13.478037911467252 4371.06731764297 7204.9428489953279 35.051633964292705 25300.03824340587 48425.063955644611 41623.423939629924 747.04162820149213 15304.880504145287
leaf_count=2897281 7302 9359 4432 10066 3720 131 230 441 149 174 458 109 131 78 204 5504 638 306 51 2300 159 312 34644 28674 96 242847 257069 278285 4795 72883
internal_value=0.000494887 0.00247889 0.0186635 0.0414254 0.0849583 0.120093 0.0816662 0.246551 0.40822 0.591251 0.287598 0.0190522 -0.0024296 0.0152099 0.0478642 0.0399115 0.102487 0.233788 0.0544008 -0.0190347 0.146268 0.217009 0.00717065 0.00160249 -0.000707025 0.00186732 0.0061026 0.00640748 0.0043925 -0.00913973
internal_weight=473072 150241 7707.26 2591.31 973.966 635.292 516.747 106.533 59.2298 42.1734 118.545 338.674 320.128 1617.34 908.979 879.753 376.01 106.507 269.504 183.222 84.6183 100.728 5115.95 142533 96270 73760.2 48460.1 46263.5 42370.5 22509.8
internal_count=3862828 965547 71539 29593 10287 6327 5426 994 553 323 901 3960 3851 19306 9240 9036 3532 543 2989 2351 465 770 41946 894008 601569 500012 257165 292439 283080 101557
cat_boundaries=0 1 2 3 4 5 6 7 8 9 10
cat_threshold=56 8 48 6 17 8 1 193 1 17
is_linear=0
shrinkage=0.08


Tree=143
num_leaves=31
num_cat=13
split_feature=34 38 47 42 37 41 12 2 38 17 20 19 7 41 12 19 19 15 14 11 41 0 12 17 15 17 41 37 43 42
split_gain=113.892 299.94 411.678 385.281 536.915 437.007 423.459 391.657 381.046 376.918 363.362 355.2 504.866 300.513 368.68 282.373 662.296 560.226 611.986 380.922 370.899 862.125 865.812 564.151 361.843 325.838 293.875 462.936 370.803 676.945
threshold=0 1 2 3 4 5 19888.900390625004 1.0000000180025095e-35 6 1.5000000000000002 1.5000000000000002 1054.0250244140627 1131.4749755859377 7 5032.6252441406259 494.27499389648443 414.52499389648443 1.0000000180025095e-35 1.0000000180025095e-35 20.500000000000004 8 1.5000000000000002 289.77499389648443 6.5000000000000009 1.0000000180025095e-35 1.0000000180025095e-35 9 10 11 12
decision_type=1 1 1 9 1 9 2 8 1 2 2 2 2 9 2 2 2 2 2 2 9 2 2 2 2 2 9 1 9 9
left_child=1 2 -1 7 5 6 -5 15 -7 11 -8 -3 -13 -10 -15 16 25 20 -19 -17 21 22 -18 -24 -21 -4 27 -27 29 -28
right_child=-2 9 3 4 -6 8 10 -9 13 -11 -12 12 -14 14 -16 19 17 18 -20 24 -22 -23 23 -25 -26 26 28 -29 -30 -31
leaf_value=0.0059346251999925614 -0.00076763272412277723 0.010261606651750788 -0.010618629578821629 -0.05629907259240393 -0.046200616566122232 0.020450982153001313 0.42341131262080439 -0.027686319042805937 -0.065719255032886587 -0.00025152895818609654 0.0022978459533203504 0.32986613411994214 -0.0075441775719735614 -0.0078205333336442799 0.34423432796567105 -0.021485811743258046 -0.00091607931158254078 -0.093282728649708227 0.51814238251717992 0.064504751485135514 0.019517565563452632 -0.038803804696995153 0.64700477603062212 0.092955286749947214 -0.094299913745620578 0.28559277764868479 0.17143377800096918 -0.018412574135180586 0.021830552951171533 -0.028662181434087323
leaf_weight=19547.350234775804 342570.31026938022 38721.481290121097 4039.032488711644 1389.383908654796 3613.2982269016793 3119.5682420940138 21.856524011585861 3105.6980007388629 695.42604430112988 42093.926330140792 32.782657647505403 53.766094909980893 60.114905335940421 1786.8783705197275 19.242471143603325 4144.0159250751603 32.813650698401034 14.567214467097072 37.31293190876022 623.87541393644642 341.9163415057119 69.68526192381978 46.512596920132637 15.742929502390323 107.67643963894807 22.84856509976089 290.05944199627265 1373.037083061412 3220.2218980689067 171.30602529272437
leaf_count=28343 2638476 261688 60254 29515 65373 53769 86 61269 7655 386532 403 333 449 11487 47 119729 528 362 66 17199 7291 1520 315 328 3912 248 3766 29827 67175 2358
internal_value=-5.10813e-06 0.00202271 -0.00299571 -0.00915755 -0.0211441 -0.0082824 -0.0473799 -0.00189509 0.00182775 0.00499188 0.17075 0.0106765 0.151756 -0.0213854 -0.00404732 0.00360851 0.0115198 0.0960812 0.346463 -0.0120906 0.0704436 0.164935 0.331624 0.506899 0.0411304 0.00633886 0.0198282 -0.0114404 0.031629 0.0981058
internal_weight=471382 128811 47882.1 28334.8 10678.4 7065.14 1444.02 17656.3 5621.12 80929.3 54.6392 38835.4 113.881 2501.55 1806.12 14550.6 9675.06 558.551 51.8801 4875.57 506.671 164.754 95.0692 62.2555 731.552 9116.51 5077.47 1395.89 3681.59 461.365
internal_count=3860303 1221827 572825 544482 168335 102962 30004 376147 72958 649002 489 262470 782 19189 11534 314878 174038 10410 428 140840 9982 2691 1171 643 21111 163628 103374 30075 73299 6124
cat_boundaries=0 1 2 3 4 5 6 7 8 9 10 11 12 13
cat_threshold=24 225 2 26 35 32 160 6 2 19 64 8 10
is_linear=0
shrinkage=0.08


Tree=144
num_leaves=31
num_cat=9
split_feature=37 26 19 3 3 18 21 39 11 36 33 34 19 19 3 19 23 13 18 13 34 3 4 34 45 7 3 34 40 23
split_gain=182.957 218.481 347.278 520.629 612.587 489.973 235.392 231.635 253.887 214.892 305.581 292.789 280.783 574.286 475.333 1548.67 530.087 416.527 580.735 574.834 338.106 287.209 496.978 286.536 285.544 469.204 534.941 502.642 279.289 263.21
threshold=0 7.5000000000000009 378.47000122070318 282.07499694824224 165.72499847412112 2294.8249511718755 1.0000000180025095e-35 1 6.5000000000000009 2 1.0000000180025095e-35 3 65.52500152587892 127.39000320434572 43.870000839233406 103.52500152587892 3.5000000000000004 85.77500152587892 23.22500038146973 72.014999389648452 4 473.33999633789068 1.5000000000000002 5 6 77.675003051757827 271.57499694824224 7 8 7.5000000000000009
decision_type=1 10 2 8 10 2 2 9 2 9 2 1 2 2 8 2 2 2 2 2 1 10 8 1 9 2 8 1 1 2
left_child=1 -1 -3 4 -4 7 -5 -6 -9 12 28 -12 -2 14 15 -14 23 18 19 -16 -18 22 -21 -17 25 -20 27 -27 29 -11
right_child=9 2 3 6 5 -7 -8 8 -10 10 11 -13 13 -15 17 16 20 -19 24 21 -22 -23 -24 -25 -26 26 -28 -29 -30 -31
leaf_value=-0.0012182163399231704 0.00033613703822967813 -0.011360686927994102 -2.929329369819743e-06 -0.0088603800256896355 0.42505025331579882 -0.0020163841662093661 0.085647436217596393 0.23089929526354891 0.065688936179408963 0.010185248002327861 0.091998466929671632 -0.08356259394866962 -0.034537262057277758 0.0042510266910867458 -0.021380692853982478 0.19866674075617829 0.051710810676989835 0.004036935308027163 0.044167019129498657 0.065875921766378312 0.45343368632921954 0.42229879008305587 0.31680004081149926 -0.016320734293050608 0.020804914178022219 -1.948183513805522e-05 0.055401269173453935 0.51487937368340309 -0.0083094357004761515 0.16536959408801813
leaf_weight=261973.47101846879 95160.611243904568 1274.7384253023192 249.30839185323566 875.74911949643865 28.051230942830443 94.180812933016568 208.90448769938666 211.81951636308804 82.803155632689595 4930.0853838929906 350.12358803488314 66.853594500105828 306.21624295413494 71134.743933819933 101.76882741507143 150.51247365074232 33.109126585070044 4773.7876997122075 442.61093614553101 121.47453922498971 66.804697901010513 33.602840360719711 86.479934758506715 58.889273555483669 3450.3624132850673 26.323402227368206 64.274837160483003 37.25756127666682 25341.696124964161 70.956592039205134
leaf_count=1983183 694940 13656 1849 17070 26 819 2439 712 603 28139 2351 1258 2647 865616 1012 572 162 44624 4880 845 197 259 200 406 30673 162 700 156 159247 568
internal_value=0.000420372 -0.000971321 0.0204034 0.0435302 0.0991961 0.158524 0.00934184 0.205382 0.184467 0.00220359 -0.00396498 0.0640532 0.00328154 0.00674706 0.0249513 0.0929982 0.219256 0.0203677 0.0382313 0.138101 0.37087 0.205291 0.170225 0.146915 0.0297037 0.081729 0.218153 0.382681 -0.00490101 0.0123623
internal_weight=471808 264999 3025.56 1750.82 666.163 416.855 1084.65 322.674 294.623 206809 30759.7 416.977 176049 80888.2 9753.47 615.532 309.316 9137.94 4364.16 343.326 99.9138 241.557 207.954 209.402 4020.83 570.467 127.856 63.581 30342.7 5001.04
internal_count=3859971 2020357 37174 23518 4009 2160 19509 1341 1315 1839614 191563 3609 1648051 953111 87495 3984 1337 83511 38887 2316 359 1304 1045 978 36571 5898 1018 318 187954 28707
cat_boundaries=0 1 2 3 4 5 6 7 8 9
cat_threshold=5 2 163 54 34 42 34 42 8
is_linear=0
shrinkage=0.08


Tree=145
num_leaves=31
num_cat=21
split_feature=37 42 36 47 43 38 47 4 45 39 15 18 45 39 37 23 10 37 39 23 7 7 37 41 43 38 47 42 39 18
split_gain=145.722 314.995 346.238 464.505 326.781 405.041 836.983 833.05 760.764 964.526 765.721 863.242 560.101 611.256 520.871 575.584 511.38 500.001 1087.13 1654.34 603.342 347.696 362.847 313.666 358.752 512.12 720.115 941.304 533.398 356.335
threshold=0 1 2 3 4 5 6 1.0000000180025095e-35 7 8 1.0000000180025095e-35 363.02499389648443 9 10 11 2.5000000000000004 1.0000000180025095e-35 12 13 -1.0000000180025095e-35 939.85003662109386 58.375000000000007 14 15 16 17 18 19 20 385.27499389648443
decision_type=1 9 9 1 9 1 1 8 9 9 2 2 9 9 1 2 2 1 9 2 2 2 1 9 9 1 1 9 9 2
left_child=1 2 4 -4 -1 6 7 8 10 -10 11 16 13 -9 15 -11 -6 18 19 -14 -21 -15 -23 24 25 26 -3 29 -29 -28
right_child=-2 23 3 -5 5 -7 -8 12 9 14 -12 -13 17 21 -16 -17 -18 -19 -20 20 -22 22 -24 -25 -26 -27 27 28 -30 -31
leaf_value=0.003917282206017959 -0.0010048894667822393 0.0024463172339337503 0.0081851062066504946 -0.031266558468678769 0.28560904787312053 0.010124049590100168 0.014259344279472216 0.28023424084647025 0.85299303860993358 0.0663843523936683 0.93216938701491459 -0.084896228124133999 2.4296483592090556 0.028845044527023359 -0.074139327505189354 0.66182970947916109 0.74710305191628001 -0.051879677154709446 -0.081439007099331689 -0.081505052281906229 1.653883740231944 0.40424311089847276 0.096113007196138689 -0.0025566259568807004 0.0003539845051043074 -0.0041640221828410694 0.047078008303138026 -0.062270392722638908 0.10038497378117484 -0.031819072488581242
leaf_weight=26483.082227418898 294832.91150176531 2825.3138485886157 4506.9354690890759 3314.854773468338 155.55191210051998 13591.129586097319 3800.5651820786297 92.054265468381345 9.1465625064447522 32.770099321380258 11.229704328812657 39.147046237718314 3.4130990514531732 608.68709696969017 129.73958905786276 15.213018800131975 17.051633303985 392.02540571801364 14.887772019486874 5.7949800314381719 1.6464780345559118 20.814012981951237 290.54976080358028 94554.825479075895 18771.297964919358 3853.7572693559341 711.97462023468688 137.79849940771237 2027.9844103124924 754.73958972888067
leaf_count=214876 2259865 4478 6380 42623 1713 120246 10394 956 118 423 114 1087 77 8050 2718 74 42 6167 973 377 68 152 3700 773490 326096 27387 6572 3573 24521 12894
internal_value=8.47613e-05 0.00189798 0.00702358 -0.00852351 0.00968498 0.0176214 0.0356374 0.0799947 0.180546 0.0491982 0.276036 0.254275 0.0511734 0.0828657 0.0105988 0.211162 0.3312 -0.0269445 0.261062 0.971333 0.302463 0.064019 0.132781 -0.000321835 0.00694235 0.0189239 0.032687 0.0562978 0.0896222 0.00643539
internal_weight=472007 177174 53536.3 7821.79 45714.5 19231.4 5640.29 1839.72 409.85 186.869 222.98 211.751 1429.87 1012.11 177.723 47.9831 172.604 417.768 25.7423 10.8546 7.44146 920.051 311.364 123638 29082.9 10311.6 6457.81 3632.5 2165.78 1466.71
internal_count=3860204 1600339 421328 49003 372325 157449 37203 26809 6289 3333 2956 2842 20520 12858 3215 497 1755 7662 1495 522 445 11902 3852 1179011 405521 79425 52038 47560 28094 19466
cat_boundaries=0 1 2 3 4 5 6 7 8 9 10 11 12 13 14 15 16 17 18 19 20 21
cat_threshold=114 34 147 2 12 768 4 36 2 41 2 18 16 1 2 20 12 419 2 17 2
is_linear=0
shrinkage=0.08


Tree=146
num_leaves=31
num_cat=8
split_feature=9 21 45 35 36 42 7 41 25 44 0 12 43 6 19 17 18 45 13 19 12 18 11 19 12 12 17 2 17 4
split_gain=103.003 118.401 425.555 396.097 316.578 266.987 371.701 341.056 323.272 314.64 312.792 282.173 376.443 934.981 681.491 248.208 539.517 352.321 489.184 426.754 270.954 315.883 1069.76 235.52 257.769 226.305 358.403 222.656 341.854 240.884
threshold=1.5000000000000002 1.0000000180025095e-35 0 1 2 3 136.77490234375003 4 9.5000000000000018 5 1.5000000000000002 2553.269897460938 6 432.00001525878912 1196.0849609375002 12.500000000000002 7202.9499511718759 7 745.70999145507824 1577.2000122070315 655.62500000000011 644.57498168945324 7.5000000000000009 451.77499389648443 306.00006103515631 10981.675292968752 16.500000000000004 1.5000000000000002 6.5000000000000009 1.0000000180025095e-35
decision_type=2 2 9 1 9 9 2 9 8 9 2 2 9 2 2 2 2 9 2 2 2 2 2 2 2 2 2 8 2 10
left_child=1 -1 27 4 -4 6 9 8 -7 10 -5 12 13 -10 -15 16 17 18 -11 -20 21 -19 23 24 -23 -9 -27 -3 29 -29
right_child=-2 2 3 5 -6 7 -8 25 11 15 -12 -13 -14 14 -16 -17 -18 20 19 -21 -22 22 -24 -25 -26 26 -28 28 -30 -31
leaf_value=-0.00013261678538210303 -0.049259881656613685 -0.029763540401642752 0.12198322062287506 0.06775920228997008 -0.0099851871969650514 0.17574637971242751 0.015879211615575199 -0.014212865202770502 -0.011536360731250509 -0.033955404984601707 0.36486942723688032 -0.045003277492545561 0.026835288070897793 0.51858496475086679 0.017008341405054105 0.020455999883050035 0.25154349415316157 0.092629461132970228 0.58296443308641765 -0.021469577214666694 -0.033335451894481907 0.3922040855573472 0.7909390370846181 -0.04320157679555859 -0.07278331528967108 0.15162470873292136 -0.01893071938696031 0.077792687623920595 -0.008147880450698643 0.35427739558643589
leaf_weight=455641.57474802341 270.65353169606533 2485.0312043783488 109.53422684967518 47.797495678067207 4410.0852057121228 103.3294158289209 2343.5575608471408 2702.7954643721459 93.693650270579383 313.4762659559492 43.150861620903015 268.13218180229887 1095.8603899478912 54.990321753546596 25.318868350004777 735.25586571730673 106.68145301588811 442.65397700993344 16.186025547562171 13.892267783638088 85.463749275542796 25.428368713241071 18.954634298104793 32.728917157044634 10.901072237640618 142.143913460779 177.09624990588054 57.944549088831991 255.32085218105931 30.933353833854198
leaf_count=3690682 2726 32431 249 170 49417 240 28474 22143 1072 3744 106 2888 6444 287 256 8587 346 2861 202 142 966 200 76 330 160 303 1613 242 2519 52
internal_value=7.83833e-05 0.000106681 0.00681716 0.0127592 -0.00652466 0.0225489 0.0370873 0.00929127 0.0385363 0.063545 0.208724 0.0295685 0.0453143 0.151448 0.360454 0.0562162 0.0808727 0.0619004 -0.00426129 0.303794 0.0972825 0.120152 0.258572 0.112452 0.252679 -0.00666697 0.0570103 -0.0213357 0.0388913 0.174021
internal_weight=472161 471890 16248.3 13419.1 4519.62 8899.49 4236.13 4663.36 1641.32 1892.57 90.9484 1538 1269.86 174.003 80.3092 1801.62 1066.37 959.685 343.555 30.0783 616.131 530.667 88.013 69.0584 36.3294 3022.04 319.24 2829.23 344.199 88.8779
internal_count=3859928 3857202 166520 131276 49666 81610 46364 35246 11187 17890 276 10947 8059 1615 543 17614 9027 8681 4088 344 4593 3627 766 690 360 24059 1916 35244 2813 294
cat_boundaries=0 1 2 3 4 5 6 7 8
cat_threshold=40 8 33 9 33 1 1 6
is_linear=0
shrinkage=0.08


Tree=147
num_leaves=31
num_cat=10
split_feature=47 6 41 3 2 38 23 3 37 37 37 12 35 36 41 3 17 4 19 12 13 19 2 38 16 22 3 18 2 3
split_gain=99.8979 420.512 294.236 518.682 650.977 530.789 631.601 571.83 525.591 462.362 431.881 583.38 556.177 417.823 537.914 446.657 587.487 508.927 401.312 366.676 1025.78 311.525 377.636 335.069 460.197 308.221 305.016 301.85 287.023 335.084
threshold=0 9324.1748046875018 1 153.31500244140628 1.0000000180025095e-35 2 7.5000000000000009 663.64498901367199 3 4 5 3533.7751464843755 6 7 8 513.95501708984386 9.5000000000000018 1.5000000000000002 439.94999694824224 1605.9750976562502 375.22500610351568 3572.525024414063 inf 9 1.0000000180025095e-35 3.5000000000000004 459.39500427246099 16390.161132812504 2.5000000000000004 251.96500396728518
decision_type=1 2 9 10 8 1 2 10 1 1 1 2 1 9 9 10 2 10 2 2 2 2 8 1 2 2 10 2 10 10
left_child=1 2 3 -1 -5 6 7 -6 -7 19 11 12 -4 14 15 28 17 -17 -13 -9 -21 22 -12 24 -23 -15 -27 -20 -10 -30
right_child=-2 -3 10 4 5 8 -8 9 13 -11 21 18 -14 25 -16 16 -18 -19 27 20 -22 23 -24 -25 -26 26 -28 -29 29 -31
leaf_value=0.045560010096593877 0.00064926780346232426 -0.036802509765541704 -0.0038098097252355716 0.006136539057163503 -0.012589811076787397 0.23562685564170466 0.32721984059289655 0.069460256869560019 -0.090838164171376704 -0.025227306106667801 -0.001359711729510611 0.54309473802620578 -0.056236896073545532 -0.047176270673014477 -0.089414130394014454 0.34922684193626624 -0.089464484392099378 -0.089955101286188818 0.031725047434518733 1.0029993003585496 0.17873405214241284 -0.089424940101160658 -0.044579702649341628 -0.061715703436276088 0.083763257482746739 0.26923129414436742 -0.08748514869319754 0.3281676516105933 0.45012553858195054 -0.08698459431803357
leaf_weight=1819.0644664429128 325633.70492822421 2172.9031366331619 2536.5522191636264 40128.222608553711 2307.5696081416681 35.846611393615603 39.232067598961294 182.52870108699426 83.380448985844851 170.00778239080682 85223.479641763493 13.408838334027676 2653.5946952544618 4414.9256341290893 130.54924221057445 102.51943655498326 36.300207870081067 20.216857159510255 120.22897913260385 10.507136235944925 120.23215281171724 152.55398122686893 1313.7968078460544 1092.6860619545914 275.5722101861611 39.079802033957094 25.255258084158413 26.902062924578786 15.851799225434663 13.998240040615199
leaf_count=6777 1146683 57870 73052 1093076 39944 107 346 2499 1194 2863 1206145 230 76920 102357 1659 398 468 241 2276 164 1210 3398 10167 25806 2843 305 942 188 73 235
internal_value=-0.000129006 -0.00187348 -0.00134312 0.00362988 0.00203749 -0.0191922 0.00843331 0.00398221 -0.0350355 0.0831112 -0.00398881 -0.0260357 -0.0307302 -0.0375004 0.0400004 0.103023 0.193266 0.276886 0.124112 0.138296 0.244978 -0.00264637 -0.00201587 -0.0385402 0.0215479 -0.0445436 0.129199 0.0859279 -0.0146291 0.198247
internal_weight=470911 145277 143104 49695.3 47876.2 7748 2830.08 2790.85 4917.92 483.276 93408.8 5350.69 5190.15 4882.08 402.816 272.267 159.037 122.736 160.54 313.268 130.739 88058.1 86537.3 1520.81 428.126 4479.26 64.3351 147.131 113.23 29.85
internal_count=3860436 2713753 2655883 1254858 1248081 155005 47026 46680 107979 6736 1401025 152666 149972 107872 4268 2609 1107 639 2694 3873 1374 1248359 1216312 32047 6241 103604 1247 2464 1502 308
cat_boundaries=0 1 2 3 4 5 6 7 8 9 10
cat_threshold=4 52 389 2 49 18 32 41 32 768
is_linear=0
shrinkage=0.08


Tree=148
num_leaves=31
num_cat=10
split_feature=32 12 40 47 2 3 40 34 38 4 37 19 32 38 2 44 3 4 3 3 4 44 11 32 16 19 34 19 3 0
split_gain=211.678 252.613 239.936 229.167 563.841 296.629 330.702 249.272 214.557 259.84 215.935 218.223 199.917 217.947 199.581 191.736 186.427 193.695 164.747 216.57 183.086 224.591 173.246 167.971 273.94 382.628 198.827 266.483 404.013 269.237
threshold=-10.284999847412108 6510.6250000000009 0 1 inf 117.36499786376955 2 3 4 19.500000000000004 5 42.524999618530281 -70.31499862670897 6 inf 7 276.84500122070318 12.500000000000002 221.46500396728518 527.82501220703136 42.500000000000007 8 6.5000000000000009 -70.31499862670897 1.0000000180025095e-35 203.02500152587893 9 612.02499389648449 339.64500427246099 1.5000000000000002
decision_type=8 2 1 1 8 10 1 1 1 10 1 2 10 1 8 9 10 10 10 10 10 9 2 10 2 2 1 2 10 2
left_child=1 2 -1 4 16 6 -5 -8 9 -7 11 -10 13 -9 18 -6 17 -4 -12 23 21 22 -21 24 -20 -26 -25 -28 -29 -30
right_child=-2 -3 3 5 15 8 7 12 10 -11 14 -13 -14 -15 -16 -17 -18 -19 19 20 -22 -23 -24 26 25 -27 27 28 29 -31
leaf_value=-0.11269319581881225 -0.00043476498582600435 -0.02782882730960045 -0.025979416493464892 0.1295197034648819 -0.026870489229989209 -0.035823639894454508 -0.060318908947727783 0.063812994849609103 0.054412607613474384 0.090666426946793485 0.0023663935153233509 -0.044635628004327438 0.080551763356340164 -0.068843981710504223 -0.055113510092054625 0.061355953142143316 0.0064063200950201819 -0.16000863790644065 -0.0030274997718412154 -0.033378494430228244 0.15367986145059187 -0.030239116161920109 0.17488397168093545 0.026983230255103106 0.52730252240256048 0.084601478479284509 0.073051986067216024 0.04611629735088444 0.44849178491992997 0.20106552828795643
leaf_weight=84.521264197304845 459749.60314741795 995.2900655384874 1820.1065455395728 319.48382152244449 184.81394341867417 771.09241746366024 140.86792984418571 153.52539725415409 203.53228500741534 120.13028448261321 540.29844386875629 473.65951464755926 563.68421858968213 143.82431735750288 145.07777840644121 1072.4542332608253 1543.2582189925015 71.727355863898993 368.7050342457369 40.397614855319262 52.421782378805801 412.42709848703817 69.617211795412004 248.28364589717239 13.808624420315025 131.34520789608359 351.10489089926705 90.078245243988931 36.631502044852823 121.51180517417379
leaf_count=438 3792409 8444 3355 445 471 7864 1148 591 1497 573 3657 6159 1703 892 847 2168 2179 251 4397 211 211 10687 201 2720 76 994 3228 998 202 1677
internal_value=-0.00016908 0.0106562 0.0143792 0.015527 0.00254876 0.0266045 0.0596536 0.0357255 0.0161822 -0.0185654 0.0255483 -0.01465 0.0519508 -0.000520711 0.0359478 0.048387 -0.0142284 -0.031061 0.0414272 0.0523264 0.0111527 -0.0031485 0.0984097 0.0697116 0.0336222 0.126716 0.0915906 0.11597 0.181349 0.258378
internal_weight=471033 11283.7 10288.4 10203.9 4692.36 5511.51 1321.39 1001.9 4190.12 891.223 3298.9 677.192 861.034 297.35 2621.71 1257.27 3435.09 1891.83 2476.63 1936.33 574.864 522.442 110.015 1361.47 513.859 145.154 847.61 599.326 248.222 158.143
internal_count=3860693 68284 59840 59402 8424 50978 4779 4334 46199 8437 37762 7656 3186 1483 30106 2639 5785 3606 29259 25602 11310 11099 412 14292 5467 1070 8825 6105 2877 1879
cat_boundaries=0 1 2 3 4 5 6 7 8 9 10
cat_threshold=1 2 2 80 149 20 321 1 1 10
is_linear=0
shrinkage=0.08


Tree=149
num_leaves=31
num_cat=15
split_feature=36 21 41 37 12 34 42 18 5 34 35 34 23 4 4 43 25 16 40 12 13 45 6 43 4 8 2 34 35 34
split_gain=94.0883 194.661 219.216 217.347 481.949 423.658 519.771 578.945 236.902 202.85 187.882 182.251 149.65 143.577 259.019 234.505 187.115 351.889 132.293 132.228 278.426 334.819 225.375 146.152 127.371 121.033 113.373 222.707 540.639 137.605
threshold=0 1.5000000000000002 1 2 180.00000762939456 3 4 531.04998779296886 1.5000000000000002 5 6 7 3.5000000000000004 25.500000000000004 26.500000000000004 8 9.5000000000000018 1.0000000180025095e-35 9 487.02499389648443 578.52499389648449 10 3298.575073242188 11 17.500000000000004 3.5000000000000004 1.0000000180025095e-35 12 13 14
decision_type=9 2 9 1 2 1 9 2 2 1 1 1 2 10 10 9 10 2 1 2 2 9 2 9 10 2 8 1 1 1
left_child=1 2 9 4 11 6 7 8 -6 13 -7 12 -4 15 -15 16 25 -18 -5 24 21 -21 23 -23 26 -1 29 28 -28 -20
right_child=-2 -3 3 18 5 10 -8 -9 -10 -11 -12 -13 -14 14 -16 -17 17 -19 19 20 -22 22 -24 -25 -26 -27 27 -29 -30 -31
leaf_value=0.016348213949413774 0.00059024932287300876 0.084220099374411425 0.011355825487826319 0.0068642356654740125 0.26302032909035861 0.14108141353604348 -0.034396177441038206 0.12998058874054072 0.57358436097745091 -0.0071568331008424555 -0.042166940505577712 -0.069374584396332997 0.25993758589304305 0.18631322260789532 0.031684372774318716 -0.033442429956894698 -0.038655549970962835 0.39375561533166087 0.013866445935614044 0.27299378195871848 -0.02121262148964187 -0.029780713178423159 0.19956369076598904 0.030740386779524089 0.013591806841913941 0.1522959209214467 0.29299476549897491 -0.013834132001478606 -0.043185357798105797 -0.031996561077280765
leaf_weight=3178.3138958117925 447894.84154634288 157.06864715926349 124.7516093570739 1800.7341519314796 29.366003412753344 34.911562287248671 72.519988167099655 119.75895680021495 33.82806046679616 4430.5448042792268 167.08041751571 283.03716614842415 17.698368826881051 83.361849185079336 411.9330676458776 605.63000752869993 24.153493154793978 24.025138205848634 448.56643894687295 24.444546824321151 2006.3787624705583 352.85453807702288 42.99049591133371 862.84229838475585 623.21757486881688 42.472389087546617 43.294127436354756 1805.9089467409067 71.837900441139936 6109.2358072632924
leaf_count=14392 3729364 413 719 8605 86 60 550 373 143 26713 1268 2248 108 143 1459 5611 163 75 1475 58 12070 2045 102 3699 2595 201 87 9388 389 35957
internal_value=0.000328559 -0.00454688 -0.00513274 -0.0109854 0.0273387 0.0846498 0.150129 0.221263 0.429267 0.0048998 -0.00533394 -0.0336372 0.0394695 0.0171122 0.0577096 0.0119668 0.0204194 0.176974 -0.0133872 -0.0163333 -0.00259997 0.0265038 0.0193939 0.0131821 -0.0213145 0.018141 -0.0238802 -0.00678841 0.0965436 -0.0288871
internal_weight=471928 24032.8 23875.7 15075.3 882.952 457.465 255.473 182.953 63.1941 8800.43 201.992 425.487 142.45 4369.89 495.295 3874.59 3268.96 48.1786 14192.3 12391.6 3289.51 1283.13 1258.69 1215.7 9102.06 3220.79 8478.84 1921.04 115.132 6557.8
internal_count=3860559 131195 130782 82025 5555 2480 1152 602 229 48757 1328 3075 827 22044 1602 20442 14831 238 76470 67865 17974 5904 5846 5744 49891 14593 47296 9864 476 37432
cat_boundaries=0 1 2 3 4 5 6 7 8 9 10 11 12 13 14 15
cat_threshold=40 52 1 20 48 42 16 112 14 8 2 9 16 1 1
is_linear=0
shrinkage=0.08


end of trees

feature_importances:
MONTHLY_PREMIUM=412
TENURE_BAND=332
POLICY_OWNER_AGE_BAND=251
CHANNEL_ACQUISITION=249
PREMIUM_CHANGE_3M=204
MARKETING_OPTIN=196
PAYMENT_FREQUENCY_DESC=189
TOTAL_OUT_OF_POCKET_ROLL12M=180
LHC_LOADING_RATE=178
HOSPITAL_TIER=151
EXTRAS_TIER=146
INCOME_TIER=135
TOTAL_BENEFIT_PAID_ROLL12M=130
STATE_CODE=130
TOTAL_BENEFIT_PAID_ROLL6M=120
HOSPITAL_EXCESS_AMT=112
PAYMENT_METHOD_DESC=107
TOTAL_CLAIM_COUNT_ROLL12M=99
ARREARS_FLAG=97
SCALE=95
TOTAL_OUT_OF_POCKET_ROLL6M=91
ACTIVE_CHILD_COUNT=90
TOTAL_BENEFIT_PAID_ROLL3M=78
TOTAL_CLAIM_COUNT_ROLL6M=74
PRODUCT_HOLDINGS=73
TOTAL_OUT_OF_POCKET_ROLL3M=71
ARREARS_FLAG_LAG2M=68
YOUNGEST_DEPENDANT_AGE_BAND=46
NEGATIVE_SENTIMENT_CALLS_LAST_6M=45
MONTHS_SINCE_LAST_CLAIM=34
NO_BENEFIT_PAID_FLAG_ROLL12M=33
NO_BENEFIT_PAID_FLAG_ROLL6M=32
TOTAL_CLAIM_COUNT_ROLL3M=30
HOSPITAL_CLAIM_COUNT_ROLL12M=27
REVERSAL_FLAG_ROLL12M=27
LAST_SERVICE_RATING=27
LAST_NPS_RATING=25
ACTIVE_ADULT_COUNT=23
LAST_OVERALL_EXPERIENCE_RATING=17
HOSPITAL_CLAIM_COUNT_ROLL6M=15
REVERSAL_FLAG_ROLL6M=14
NO_BENEFIT_PAID_FLAG_ROLL3M=13
CALL_NEGATIVE_SENTIMENT=12
MONTHS_SINCE_LAST_SURVEY=10
HOSPITAL_CLAIM_COUNT_ROLL3M=8
REVERSAL_FLAG_ROLL3M=2
HAS_EVER_SURVEYED=1
RESOLUTION_TIME=1

parameters:
[boosting: gbdt]
[objective: binary]
[metric: auc,average_precision]
[tree_learner: serial]
[device_type: cpu]
[data_sample_strategy: bagging]
[data: ]
[valid: ]
[num_iterations: 150]
[learning_rate: 0.08]
[num_leaves: 31]
[num_threads: 4]
[seed: 42]
[deterministic: 1]
[force_col_wise: 1]
[force_row_wise: 0]
[histogram_pool_size: -1]
[max_depth: -1]
[min_data_in_leaf: 100]
[min_sum_hessian_in_leaf: 0.001]
[bagging_fraction: 0.6]
[pos_bagging_fraction: 1]
[neg_bagging_fraction: 1]
[bagging_freq: 1]
[bagging_seed: 400]
[bagging_by_query: 0]
[feature_fraction: 0.7]
[feature_fraction_bynode: 1]
[feature_fraction_seed: 30056]
[extra_trees: 0]
[extra_seed: 12879]
[early_stopping_round: 0]
[early_stopping_min_delta: 0]
[first_metric_only: 0]
[max_delta_step: 0]
[lambda_l1: 0]
[lambda_l2: 0]
[linear_lambda: 0]
[min_gain_to_split: 0]
[drop_rate: 0.1]
[max_drop: 50]
[skip_drop: 0.5]
[xgboost_dart_mode: 0]
[uniform_drop: 0]
[drop_seed: 17869]
[top_rate: 0.2]
[other_rate: 0.1]
[min_data_per_group: 100]
[max_cat_threshold: 32]
[cat_l2: 10]
[cat_smooth: 10]
[max_cat_to_onehot: 4]
[top_k: 20]
[monotone_constraints: ]
[monotone_constraints_method: basic]
[monotone_penalty: 0]
[feature_contri: ]
[forcedsplits_filename: ]
[refit_decay_rate: 0.9]
[cegb_tradeoff: 1]
[cegb_penalty_split: 0]
[cegb_penalty_feature_lazy: ]
[cegb_penalty_feature_coupled: ]
[path_smooth: 0]
[interaction_constraints: ]
[verbosity: -1]
[saved_feature_importance_type: 0]
[use_quantized_grad: 0]
[num_grad_quant_bins: 4]
[quant_train_renew_leaf: 0]
[stochastic_rounding: 1]
[linear_tree: 0]
[max_bin: 127]
[max_bin_by_feature: ]
[min_data_in_bin: 3]
[bin_construct_sample_cnt: 200000]
[data_random_seed: 175]
[is_enable_sparse: 1]
[enable_bundle: 1]
[use_missing: 1]
[zero_as_missing: 0]
[feature_pre_filter: 1]
[pre_partition: 0]
[two_round: 0]
[header: 0]
[label_column: ]
[weight_column: ]
[group_column: ]
[ignore_column: ]
[categorical_feature: 34,35,36,37,38,39,40,41,42,43,44,45,46,47,48,49]
[forcedbins_filename: ]
[precise_float_parser: 0]
[parser_config_file: ]
[objective_seed: 16083]
[num_class: 1]
[is_unbalance: 0]
[scale_pos_weight: 35.7129]
[sigmoid: 1]
[boost_from_average: 1]
[reg_sqrt: 0]
[alpha: 0.9]
[fair_c: 1]
[poisson_max_delta_step: 0.7]
[tweedie_variance_power: 1.5]
[lambdarank_truncation_level: 30]
[lambdarank_norm: 1]
[label_gain: ]
[lambdarank_position_bias_regularization: 0]
[eval_at: ]
[multi_error_top_k: 1]
[auc_mu_weights: ]
[num_machines: 1]
[local_listen_port: 12400]
[time_out: 120]
[machine_list_filename: ]
[machines: ]
[gpu_platform_id: -1]
[gpu_device_id: -1]
[gpu_device_id_list: ]
[gpu_use_dp: 0]
[num_gpu: 1]

end of parameters

pandas_categorical:null
