tree
version=v4
num_class=1
num_tree_per_iteration=1
label_index=0
max_feature_idx=49
objective=binary sigmoid:1
feature_names=ACTIVE_ADULT_COUNT ACTIVE_CHILD_COUNT INCOME_TIER MONTHLY_PREMIUM LHC_LOADING_RATE TOTAL_CLAIM_COUNT_ROLL3M TOTAL_BENEFIT_PAID_ROLL3M TOTAL_OUT_OF_POCKET_ROLL3M HOSPITAL_CLAIM_COUNT_ROLL3M REVERSAL_FLAG_ROLL3M NO_BENEFIT_PAID_FLAG_ROLL3M TOTAL_CLAIM_COUNT_ROLL6M TOTAL_BENEFIT_PAID_ROLL6M TOTAL_OUT_OF_POCKET_ROLL6M HOSPITAL_CLAIM_COUNT_ROLL6M REVERSAL_FLAG_ROLL6M NO_BENEFIT_PAID_FLAG_ROLL6M TOTAL_CLAIM_COUNT_ROLL12M TOTAL_BENEFIT_PAID_ROLL12M TOTAL_OUT_OF_POCKET_ROLL12M HOSPITAL_CLAIM_COUNT_ROLL12M REVERSAL_FLAG_ROLL12M NO_BENEFIT_PAID_FLAG_ROLL12M MONTHS_SINCE_LAST_CLAIM MONTHS_SINCE_LAST_SURVEY LAST_OVERALL_EXPERIENCE_RATING LAST_NPS_RATING LAST_SERVICE_RATING RECENT_LOW_RATING_FLAG HAS_EVER_SURVEYED HAD_COMPLAINT_FLAG ARREARS_FLAG_LAG2M PREMIUM_CHANGE_3M NEGATIVE_SENTIMENT_CALLS_LAST_6M POLICY_OWNER_AGE_BAND SCALE STATE_CODE CHANNEL_ACQUISITION TENURE_BAND YOUNGEST_DEPENDANT_AGE_BAND PRODUCT_HOLDINGS HOSPITAL_TIER EXTRAS_TIER HOSPITAL_EXCESS_AMT PAYMENT_METHOD_DESC PAYMENT_FREQUENCY_DESC ARREARS_FLAG MARKETING_OPTIN CALL_NEGATIVE_SENTIMENT RESOLUTION_TIME
feature_infos=[0:7] [0:13] [0:3] [0.31999999284744263:2041.0799560546875] [0:70] [0:186] [-750:349363] [-23.020000457763672:83716.25] [0:43] [0:3] [0:3] [0:347] [-1000:353626] [-23.020000457763672:83837.75] [0:87] [0:6] [0:6] [0:540] [-750:353626] [-1294:83837.75] [0:92] [0:7] [0:11] [-1:13] [-1:14] [0:10] [0:10] [0:10] [0:1] [0:1] [0:1] [0:1] [-714.989990234375:964.84002685546875] [0:6] -1:2:1:4:3:6:5:0 -1:5:3:0:4 -1:7:6:1:3:4:0:5 -1:0:5:2:4:3:1:6 -1:5:8:2:6:3:1:4:9:0:7 -1:0:1:2 -1:1:2:3:0 -1:1:5:2:0:4 -1:3:5:4:1:0 -1:3:0:2:5:1 -1:1:0 -1:0:2:5:3:1 -1:0:1 -1:2:0:1 -1:0 -1:3:1
tree_sizes=3293 3199 3293 3306 3288 3296 3266 3359 3366 3357 3312 3322 3346 3316 3319 3388 3381 3338 3411 3306 3324 3337 3371 3325 3324 3312 3336 3373 3318 3387 3326 3320 3344 3390 3381 3375 3391 3270 3373 3353 3384 3381 3376 3371 3391 3394 3384 3369 3410 3371 3409 3381 3352 3383 3347 3373 3414 3430 3419 3344 3395 3394 3490 3349 3454 3390 3383 3416 3422 3406 3385 3403 3369 3400 3369 3408 3349 3385 3489 3358 3432 3392 3421 3397 3376 3351 3371 3432 3430 3469 3391 3385 3339 3349 3424 3386 3344 3350 3414 3367 3320 3410 3395 3367 3374 3416 3338 3369 3363 3422 3376 3435 3323 3408 3391 3351 3415 3453 3339 3356 3395 3372 3335 3360 3408 3359 3338 3417 3410 3414 3329 3377 3381 3388 3409 3382 3390 3354 3382 3351 3317 3404 3451 3373 3361 3320 3394 3376 3413 3373

Tree=0
num_leaves=31
num_cat=18
split_feature=2 36 3 18 44 37 41 6 3 35 37 32 37 37 37 44 0 3 40 44 3 44 0 44 37 37 33 41 41 3
split_gain=7.64018e+06 4.06546e+06 3.64944e+06 1.28972e+06 529562 467627 312814 302847 374765 299979 285250 246518 214518 153468 148882 125908 121625 119618 107248 105881 77411.6 75285.7 75040.1 74725.8 72583.6 70164.8 68607.5 68541.9 63113.2 60803.9
threshold=inf 0 475.18000793457037 1.0000000180025095e-35 1 2 3 9263.1186523437518 254.75000000000003 4 5 -4.4749999046325675 6 7 8 9 1.5000000000000002 254.75000000000003 10 11 319.09500122070318 12 1.5000000000000002 13 14 15 1.0000000180025095e-35 16 17 552.32000732421886
decision_type=8 9 10 2 9 1 9 2 10 1 1 10 1 1 1 9 2 8 1 9 10 9 2 9 1 1 2 9 9 10
left_child=1 2 3 4 24 15 -6 8 14 29 -3 -2 -8 -12 -7 -5 -11 19 -14 -16 -13 -18 -17 27 -1 -23 -15 -10 -21 -4
right_child=11 10 9 5 6 7 12 -9 23 16 13 20 18 26 17 22 21 -19 -20 28 -22 25 -24 -25 -26 -27 -28 -29 -30 -31
leaf_value=-0.59928967873591166 0.54004384327617316 -2.1505470813758034 -2.9515695947896301 -0.13365135888751611 -0.019127091854717726 -2.7915093233135275 -1.3022029418575176 -1.0844294998030199 -1.8643581613807987 -1.792340692320856 -0.76758436818128306 -0.19947247556187087 -2.007274520784148 -1.1635870701879383 -1.254206916527131 -1.5191336201242578 -1.6132821625984231 0.20378555914381291 -1.6116451074815599 -1.6168972308347458 -1.5024984700975503 -2.1049988726655577 -2.0275542792794692 -1.9365183265634092 -1.290247041069267 -2.9910500202834172 -2.973125870962142 -2.616238964782247 -2.1189635794293018 -3.4690084653530384
leaf_weight=3956.5927555896342 8442.5469068773091 1511.7079586796463 1722.3101348690689 353.66371954232454 759.37810153141618 1754.4311841912568 6912.1286824978888 1371.3790562562644 888.77492527663708 787.05067404359579 13936.13195168972 1965.4442716613412 11817.702476426959 13009.804910760373 1121.5644046515226 6133.1970605924726 305.40023007243872 157.73754404857755 8742.6158460229635 2187.0976448506117 342.67032010853291 666.19496924057603 2665.3227240704 1234.5349088832736 2187.1380384787917 5994.7662197574973 135.49264252185822 18011.289474915713 15783.817934766412 9309.8072940856218
leaf_count=69223 30409 55194 80109 4202 7454 77993 181049 32318 29191 25395 273746 24942 412271 319246 28771 177301 9182 1220 262371 65550 9836 23812 93704 42021 56731 281606 6338 763344 572397 492225
internal_value=-1.71187 -1.87719 -2.10861 -1.88785 -1.50814 -2.14051 -1.65462 -2.25437 -2.29292 -3.11862 -1.03056 0.33974 -1.70217 -0.968783 -2.05652 -1.61636 -2.73674 -1.99129 -1.83793 -2.00833 -0.392924 -2.8415 -1.67315 -2.53954 -0.835046 -2.89782 -1.18444 -2.57893 -2.05539 -3.38886
internal_weight=144168 133417 104824 86038.4 34375.6 51662.8 28231.8 42510.6 41139.2 18785.5 28593.1 10750.7 27472.4 27081.4 21004.6 9152.18 7753.41 19250.2 20560.3 19092.5 2308.11 6966.36 8798.52 20134.6 6143.73 6660.96 13145.3 18900.1 17970.9 11032.1
internal_count=4509151 4443964 3789440 2877111 989099 1888012 863145 1612805 1580487 912329 654524 65187 855691 599330 745931 275207 339995 667938 674642 666718 34778 314600 271005 834556 125954 305418 325584 792535 637947 572334
cat_boundaries=0 1 2 3 4 5 6 7 8 9 10 11 12 13 14 15 16 17 18
cat_threshold=128 1 4 16 1 16 4 4 16 1 2 1 1 2 37 4 17 17
is_linear=0
shrinkage=1


Tree=1
num_leaves=31
num_cat=21
split_feature=47 2 36 3 18 35 37 6 3 35 37 37 4 37 37 3 3 46 37 47 35 40 45 45 35 40 45 3 37 45
split_gain=6.56742e+06 1.30702e+06 1.14107e+06 1.14848e+06 600340 413898 258298 262832 370194 122330 110133 100836 99080.2 99039 93679.9 93116 73219.1 71486.5 48402.9 40967.6 83896.7 38800.6 35150.8 33138.3 32869.6 32616.8 20204.3 19748.8 15856.8 15615.5
threshold=0 inf 1 475.18000793457037 1.0000000180025095e-35 2 3 9263.1186523437518 254.75000000000003 4 5 6 inf 7 8 552.32000732421886 9.4849996566772479 9 10 11 12 13 14 15 16 17 18 24.98499965667725 19 20
decision_type=1 8 9 10 2 1 1 2 10 1 1 1 8 1 1 10 10 1 1 1 1 1 9 9 1 1 9 8 1 9
left_child=1 2 3 4 12 15 24 8 11 13 -4 -8 14 -7 -1 -5 -13 19 -12 -2 -21 -14 -16 -15 29 -24 -18 -23 -22 -6
right_child=17 -3 10 5 6 9 7 -9 -10 -11 18 16 21 23 22 -17 26 -19 -20 20 28 27 25 -25 -26 -27 -28 -29 -30 -31
leaf_value=0.3173412789696658 -0.054396913536033945 0.13286345394830007 0.6966566406907857 1.4410450005513249 0.26050443683462887 0.66350276813833153 1.2403643670966309 0.29392229510704093 0.95420190332654453 0.52703712893419086 0.22831466032611672 0.15402074479340078 0.37520667655793133 0.85211940990866175 0.40424444087583594 2.3188983887222214 0.50465983638541578 0.16486558399335138 0.30523360331445981 0.22740465245444888 -0.047592520751044108 0.29085435181232538 0.5872202515874142 1.495323825676661 0.39203485711674341 0.40535878758609806 0.62853024308438499 0.15477073482850653 0.0071552972356645483 0.62005163102144545
leaf_weight=27361.9848498106 334053.83372442424 140375.44303700328 3759.1072437465191 1178.1031545214355 927.99495069682598 1782.8533264547586 1533.0139527395368 10432.695803642273 28471.178218349814 2788.9795468896627 127570.54577201605 2454.1550585776567 39301.517872318625 721.61551621556282 17082.463630616665 2250.729748249054 11425.933548375964 11268.676725961268 89451.400463432074 9409.1536996513605 65999.575898040086 41343.10010664165 27808.147574052215 3511.6178848147392 31784.946355685592 8456.8736694008112 40091.536013096571 8174.6176522821188 69513.896085828543 6814.381703466177
leaf_count=13962 3143297 21110 3849 2879 397 1589 3036 3840 42406 1988 47593 1184 24642 914 13210 10407 9242 41104 42211 33130 375873 17529 28623 7772 18011 4522 38117 2749 544260 5610
internal_value=0.188683 0.350191 0.407057 0.504632 0.474011 1.2646 0.600604 0.672557 0.719677 0.970397 0.267497 0.599376 0.373997 1.17472 0.438155 2.01141 0.580832 -0.0343008 0.260031 -0.0389865 -0.00346487 0.315697 0.499968 1.38795 0.42847 0.544934 0.601277 0.268335 -0.0195103 0.577348
internal_weight=1.1671e+06 676855 536479 315698 303465 12233.9 133936 94408.5 83975.8 8805.07 220781 55504.6 169529 6016.09 80709.5 3428.83 53971.6 490245 217022 478976 144923 88819.2 53347.5 4233.23 39527.3 36265 51517.5 49517.7 135513 7742.38
internal_count=4505056 367392 346282 252629 227080 25549 121843 97825 93985 12263 93653 51579 105237 10275 60317 13286 48543 4137664 89804 4096560 953263 44920 46355 8686 24018 33145 47359 20278 920133 6007
cat_boundaries=0 1 2 3 4 5 6 7 8 9 10 11 12 13 14 15 16 17 18 19 20 21
cat_threshold=2 128 1 4 8 16 16 4 4 1 4 4 24 4 42 40 9 2 42 20 8
is_linear=0
shrinkage=0.08


Tree=2
num_leaves=31
num_cat=19
split_feature=2 36 38 34 44 37 41 38 38 18 3 44 38 37 18 38 37 7 34 17 37 3 3 38 43 0 4 37 34 12
split_gain=50280.5 57324 78979.9 49597.3 31440.7 33819.1 19442.1 19361.7 12505.6 11355.1 9905.64 11571.5 8675.77 8006.13 7996.98 6842.03 6836.72 6645.6 7100.17 6311.24 6167.08 5802.68 5090.54 4587.1 4409.11 4204.05 4345.66 4188.58 3982.18 3608.51
threshold=inf 0 1 2 3 4 5 6 7 1.0000000180025095e-35 502.35499572753912 8 9 10 1.0000000180025095e-35 11 12 9.2000002861022967 13 1.0000000180025095e-35 14 394.02499389648443 44.149999618530281 15 16 1.5000000000000002 1.5000000000000002 17 18 591.42495727539074
decision_type=8 9 1 1 9 1 9 1 1 2 10 9 1 1 2 1 1 2 1 2 1 8 10 1 9 2 8 1 1 2
left_child=1 2 3 10 22 6 -6 19 14 -9 11 17 20 15 -5 27 -16 18 29 -8 -3 23 -4 -7 -10 26 28 -14 -11 -1
right_child=-2 12 4 8 5 21 7 9 24 25 -12 -13 13 -15 16 -17 -18 -19 -20 -21 -22 -23 -24 -25 -26 -27 -28 -29 -30 -31
leaf_value=0.22497351807472021 0.10830784621516845 0.13735462178716992 0.11626507966496709 0.11332164515124796 0.17197873551014656 0.18225041232518488 0.17368267592689293 0.2243872936242256 0.061174970584350161 0.30551513532352753 0.11320841528908406 0.13308751535651847 0.19907356972763157 0.10659147398693389 0.1012544303627096 0.092033720723691398 0.16237588334344252 0.17320006510824568 0.16542456217412435 0.21908919287668702 0.17823424304180766 0.21862306600950798 0.16470468086738368 0.15237060147978501 0.10686572797601361 0.31031709726158713 0.29110250180579367 0.13916894594820536 0.2191659165563318 0.28564104105049631
leaf_weight=37545.203844983131 152290.99728704989 89340.003586694598 33171.319155849516 57107.463557917625 44961.069965858012 59630.784294575453 31369.32452050969 45929.328800123185 16130.172318458557 4555.93852077052 11159.996077781543 17419.713620863855 8198.2885856106877 114097.84716941044 14230.367308495566 19493.984606221318 70093.523953622207 28731.122168477625 12140.297837752849 52177.486295353621 32582.653356567025 14565.067544888705 23881.060655757785 76398.806485764682 86893.128956817091 17593.647818380967 18966.807751910761 99918.401000149548 16360.588491957635 7533.8283397182822
leaf_count=151456 65564 105594 42178 223442 119948 121000 125677 137435 189465 15410 206429 39955 39206 192488 68503 64890 497640 168532 49923 301291 48116 61746 31796 230772 748034 84756 64870 203776 78266 26998
internal_value=0.151531 0.157195 0.16919 0.141332 0.191937 0.200204 0.219398 0.230792 0.120962 0.254019 0.184796 0.192543 0.130845 0.122038 0.136428 0.13584 0.152092 0.204593 0.220356 0.202016 0.148293 0.170621 0.136541 0.165494 0.0997186 0.277741 0.263371 0.143729 0.238225 0.23506
internal_weight=1.31447e+06 1.16218e+06 798546 358985 439561 382509 231914 186953 244455 103406 114530 103370 363631 241709 141431 127611 84323.9 85950.5 57219.3 83546.8 121923 150595 57052.4 136030 103023 57477 39883.3 108117 20916.5 45079
internal_count=4505156 4439592 3785522 2370377 1415145 1341171 927653 807705 1727084 380737 643293 436864 654070 500360 789585 307872 566143 396909 228377 426968 153710 413518 73974 351772 937499 243302 158546 242982 93676 178454
cat_boundaries=0 1 2 3 4 5 6 7 8 9 10 11 12 13 14 15 16 17 18 19
cat_threshold=128 44 67 1 105 17 256 12 2 643 51 336 4 64 4 643 32 16 68
is_linear=0
shrinkage=0.08


Tree=3
num_leaves=31
num_cat=13
split_feature=47 2 37 44 46 47 1 40 37 6 32 37 44 3 37 32 3 44 34 2 18 37 3 3 1 18 4 0 3 4
split_gain=3.83574e+06 298681 120813 81236.4 55087.5 33420.8 53273 17071.9 13467.4 12662.7 11177.9 10973.7 9495.87 11405.1 7898.2 7669.11 11289.4 6764.86 6042.99 5774.77 5718.87 5110.07 4958.41 5774.16 4765.99 4761.21 4418.87 4378.33 4190.85 3726.43
threshold=0 inf 1 2 3 4 1.0000000180025095e-35 5 6 9263.1186523437518 26.775000572204593 7 8 35.924999237060554 9 -4.4749999046325675 319.09500122070318 10 11 2.5000000000000004 1.0000000180025095e-35 12 254.75000000000003 552.32000732421886 1.5000000000000002 1.0000000180025095e-35 1.5000000000000002 1.5000000000000002 inf inf
decision_type=1 8 1 9 1 1 2 1 1 2 8 1 9 8 1 10 10 9 1 8 2 1 10 10 2 2 8 2 8 8
left_child=1 2 17 8 5 12 11 29 -4 10 14 27 13 -2 22 -3 -17 -1 -15 21 -10 -8 -9 -24 -23 -19 -13 -7 -14 -5
right_child=4 15 3 7 -6 6 19 9 20 -11 -12 26 28 18 -16 16 -18 25 -20 -21 -22 24 23 -25 -26 -27 -28 -29 -30 -31
leaf_value=0.15557742091426896 -0.072917228372661944 0.11145306284739932 0.24799973533684871 0.24829538434197801 0.12042001988483937 -0.0574138534689905 -0.063952259048625171 0.30669113366979117 0.15486802107524925 0.22131367614767089 0.27451727712830348 -0.023316460230868318 -0.063326305504477182 0.073790827356783842 0.29102439291931365 0.14433648401776608 0.33855482671572623 0.20130900885500716 -0.018128083840447201 -0.050176588280177778 0.21695257884638414 0.10335067320192705 0.3476381464135585 0.28654313930152098 0.20647188292410903 0.22265703080260704 0.016234440293356647 0.023599839806844207 0.21820724696381186 0.17404878312259561
leaf_weight=13775.128386542201 13627.081783484668 106267.17211136222 22441.816823974252 30869.115911781788 13159.137580446899 64402.630736004561 664.96731304563582 79823.218030624092 33698.625321313739 13901.360311359167 87342.44247546047 46640.53623791784 324206.34031154215 8367.7438738215715 108463.59911655635 24297.761369839311 2079.364551961422 121558.27416296303 10087.29067674838 975.58958559855819 13221.038200035691 4871.1102554798126 53620.670181795955 12142.490797385573 6976.601505054161 148597.39020909369 29523.202947612852 4572.5750644598156 338.74668721109629 5031.4939382225275
leaf_count=4951 62536 15060 9275 12702 41310 336494 6703 41854 11610 4892 62532 383470 2977373 28368 51091 5338 813 45614 74781 3967 4902 20509 31785 7106 17652 57025 148651 35715 437 997
internal_value=0.129058 0.231634 0.251339 0.276657 -0.0412117 -0.0453397 -0.01479 0.29081 0.19687 0.29615 0.299205 -0.0289233 -0.0589281 -0.0174082 0.307693 0.121037 0.159647 0.210256 0.0235793 0.137289 0.172326 0.151905 0.32007 0.336358 0.163936 0.213051 -0.00798437 -0.0520357 -0.0630325 0.237823
internal_weight=1.40554e+06 877131 744487 460556 528414 515254 158627 391194 69361.5 355294 341392 145139 356627 32082.1 254050 132644 26377.1 283931 18455 13488.3 46919.7 12512.7 145586 65763.2 11847.7 270156 76163.7 68975.2 324545 35900.6
internal_count=4505513 367547 346336 238746 4137966 4096656 953161 212959 25787 199260 194368 904330 3143495 165685 131836 21211 6151 107590 103149 48831 16512 44864 80745 38891 38161 102639 532121 372209 2977810 13699
cat_boundaries=0 1 2 3 4 5 6 7 8 9 10 11 12 13
cat_threshold=2 6 1 1 4 8 88 20 1 25 1 15 16
is_linear=0
shrinkage=0.08


Tree=4
num_leaves=31
num_cat=21
split_feature=47 36 32 46 47 35 18 31 46 38 37 4 37 38 38 6 37 34 36 38 1 40 36 32 31 40 37 45 36 32
split_gain=2.90478e+06 81641.3 62212.6 40853.4 29453.4 53184.6 22155.3 13882.8 13062 10620.9 9902.5 8999.51 8567.4 7960.1 7293.59 7626.33 6236.6 5575.53 5349.67 6239.69 5031.62 4674.89 4463.75 4401.1 4219.12 4192.65 3231.33 3071.88 2957.66 2948.78
threshold=0 1 -8.7150001525878888 2 3 4 1.0000000180025095e-35 1.0000000180025095e-35 5 6 7 58.500000000000007 8 9 10 9263.1186523437518 11 12 13 14 1.5000000000000002 15 16 -17.144999504089352 1.0000000180025095e-35 17 18 19 20 -10.085000038146971
decision_type=1 9 10 1 1 1 2 10 1 1 1 8 1 1 1 2 1 1 9 1 2 1 9 8 10 1 1 9 9 10
left_child=1 2 8 4 7 12 11 18 17 22 -3 26 -6 -14 15 -8 -12 -1 19 -2 -11 23 -7 -19 -15 -13 -4 -10 -22 -18
right_child=3 10 6 -5 5 9 14 -9 27 20 16 25 13 24 -16 -17 29 21 -20 -21 28 -23 -24 -25 -26 -27 -28 -29 -30 -31
leaf_value=0.16485651488880121 -0.059645902310090926 0.15072253466366667 0.19993616291922844 0.099449566160723035 -0.055245296618671946 0.24358683202064613 0.26183315954168579 0.098714598604744297 0.15076198580701158 0.033548408798677619 0.24526299243935756 0.19683327731616268 -0.043421428776666104 0.0069724387503608135 0.22897796268907439 0.19149711563810776 0.15805911747550569 0.15745047682724791 -0.076180328236961387 -0.03123369738069846 0.15874459944860933 0.16312401657074976 0.10247630515576521 0.20763968317705203 0.21571341694128385 0.13934759103513253 0.2387560547099383 0.087271763111165482 0.030526248832668856 0.18345234595849649
leaf_weight=61553.468549385667 193819.72022712603 172157.97590151429 19534.629046827555 13203.836072281003 63296.46326206252 3672.3465190418065 147051.00922200829 3660.144842620939 9216.1264502108097 11334.59001287818 8763.2434378713369 75667.637561529875 32888.600785240531 36938.321377359331 98348.960766814649 10575.495091490448 43698.93021902442 12684.080557391047 78964.070592917502 66533.526638986543 4325.406531650573 25551.287363797426 2436.8423961140215 94427.362081341445 630.28044485673308 9362.3788028359413 54937.730837911367 10646.274718314409 1592.8606745898724 88623.605465345085
leaf_count=24623 2257741 51920 6791 41010 341235 9726 70472 18299 3199 110057 4029 24652 268017 201305 38916 3337 16138 2872 391262 474666 13363 8279 3778 50117 1543 2379 23940 7146 4539 28443
internal_value=0.113688 0.197061 0.213675 -0.0394482 -0.0431155 -0.0144305 0.23173 -0.0562559 0.178643 0.0969159 0.163658 0.208327 -0.0338835 -0.0146876 0.246313 0.257098 0.179431 0.184963 -0.0579275 -0.0523866 0.0647291 0.194265 0.18756 0.201677 0.0104717 0.190543 0.228632 0.116851 0.124555 0.175053
internal_weight=1.4561e+06 942800 629556 513297 500093 157116 415478 342977 214079 23362 313244 159502 133754 70457.2 255975 157627 141086 194216 339317 260353 17252.9 132663 6109.19 107111 37568.6 85030 74472.4 19862.4 5918.27 132323
internal_count=4503794 367253 266723 4136541 4095531 953563 170487 3141968 96236 141463 100530 57762 812100 470865 112725 73809 48610 85891 3123669 2732407 127959 61268 13504 52989 202848 27031 30731 10345 17902 44581
cat_boundaries=0 1 2 3 4 5 6 7 8 9 10 11 12 13 14 15 16 17 18 19 20 21
cat_threshold=2 128 1 4 32 1 82 4 20 44 300 16 96 160 300 6 128 5 4 5 128
is_linear=0
shrinkage=0.08


Tree=5
num_leaves=31
num_cat=21
split_feature=47 2 36 46 44 47 39 31 41 37 31 37 37 38 38 37 38 39 36 3 3 44 45 37 41 18 44 32 3 18
split_gain=2.30719e+06 91754.9 52641.8 36186.1 35197.2 25706.7 35236.9 12035.2 11638.9 10601.6 6409.23 6157.11 5981.28 5762.69 5209.2 5195.39 4587.78 4543.45 4062.76 3974.64 3852.66 3694.78 6184.77 3628.4 3391.8 3593.5 3098.57 3045.72 3904.62 3011.38
threshold=0 inf 1 2 3 4 5 1.0000000180025095e-35 6 7 1.0000000180025095e-35 8 9 10 11 12 13 14 15 302.81500244140631 1.0000000180025095e-35 16 17 18 19 1.0000000180025095e-35 20 -4.4749999046325675 319.09500122070318 1.0000000180025095e-35
decision_type=1 8 9 1 9 1 9 10 9 1 10 1 1 1 1 1 1 9 9 8 10 9 9 1 9 2 9 10 10 2
left_child=1 2 4 5 15 7 16 14 24 26 13 -10 -4 19 18 -1 -7 -15 -2 -11 -17 22 -16 -14 -6 -26 -8 -3 -29 -13
right_child=3 27 12 -5 8 6 9 -9 11 10 -12 29 23 17 21 20 -18 -19 -20 -21 -22 -23 -24 -25 25 -27 -28 28 -30 -31
leaf_value=0.17858003422347904 -0.01259125234081832 0.10222995847214746 0.21915075717334576 0.090813727156900267 0.1830827594935994 0.061279297597158798 0.019986107054919714 0.087141377090206196 0.19101962436363365 0.018195827455492072 0.17865092370579433 0.20451193634563061 0.14351229213834554 0.10750053370015994 -0.059043398509194898 0.021764275971144269 0.17123339292579753 -0.022115738043207864 -0.060859001340004173 0.12668854002899674 0.13667926951214482 -0.061981820381018661 0.020682729431451725 0.16244226480589244 0.10668898921739843 0.1908918427668447 -0.051734906889406719 0.12269718902108449 0.22536471416587334 0.22008613615966163
leaf_weight=22483.960416987538 30273.976942878217 95353.387032225728 8891.3793684691191 13804.011959459633 60619.155883908272 3993.5423019677401 4107.9392017778009 3869.2228864934295 94685.546574890614 14244.507933013141 1210.9335361048579 125945.8747914806 146207.27667693794 1783.1860992833972 17686.361320842057 1936.503097563982 6344.3404836580157 58913.18417044729 17683.932718090713 2547.6234283931553 52163.13705869019 252530.3470031023 9605.7842965405434 120604.18369068205 8555.8717320561409 5224.4313871189952 62665.042759189382 23547.392938539386 2636.2067678421736 215264.6693020314
leaf_count=8441 193771 15004 3935 41056 24600 12466 19228 18307 35106 65537 3188 60226 47694 6276 99794 3098 9634 466174 76734 11106 15426 2697840 57267 42313 2126 1448 360781 5240 812 101561
internal_value=0.102785 0.173943 0.183112 -0.0369168 0.196667 -0.0405339 -0.0137308 -0.0531261 0.20426 -0.0238726 -0.00397583 0.209272 0.154246 -0.0068303 -0.0547818 0.146098 0.128983 -0.0183048 -0.0303984 0.0346352 0.132541 -0.0589576 -0.0309969 0.152075 0.174847 0.138512 -0.0473155 0.108866 0.133034 0.214331
internal_weight=1.48538e+06 984119 862582 501264 586879 487460 155810 331650 510296 145472 78699.4 435896 275703 77488.5 327780 76583.6 10337.9 60696.4 47957.9 16792.1 54099.6 279822 27292.1 266811 74399.5 13780.3 66773 121537 26183.6 341211
internal_count=4506189 367030 345974 4139159 252032 4098103 954390 3143713 225067 932290 552281 196893 93942 549093 3125406 26965 22100 472450 270505 76643 18524 2854901 157061 90007 28174 3574 380009 21056 6052 161787
cat_boundaries=0 1 2 3 4 5 6 7 8 9 10 11 12 13 14 15 16 17 18 19 20 21
cat_threshold=2 128 1 1 4 1 17 20 4 16 659 643 88 385 2 160 1 32 4 1 1
is_linear=0
shrinkage=0.08


Tree=6
num_leaves=31
num_cat=20
split_feature=47 2 46 36 47 1 44 31 44 41 37 36 2 27 41 37 27 37 37 18 6 45 2 45 42 1 45 44 36 45
split_gain=1.87084e+06 53475.7 33527.2 29142.8 24091.1 29072.9 18972.6 9987.14 6600.57 5590.1 5436.51 4490.57 3996.74 3944.66 4035.05 3604.02 3572.76 3485.75 3475.71 3436.42 3595.94 3007.63 2880.36 2876.08 2799.73 2734.34 2482.24 2533.7 2473.02 2359.95
threshold=0 inf 1 2 3 1.0000000180025095e-35 4 1.0000000180025095e-35 5 6 7 8 inf inf 9 10 2.5000000000000004 11 12 1.0000000180025095e-35 9263.1186523437518 13 inf 14 15 1.5000000000000002 16 17 18 19
decision_type=1 8 1 9 1 2 9 10 9 9 1 9 8 8 9 1 8 1 1 2 2 9 8 9 9 2 9 9 9 9
left_child=1 3 4 6 7 8 15 11 10 -8 -6 16 18 -12 -15 -1 -2 -5 -7 -11 -21 -10 24 -9 -18 -20 27 -26 -27 -4
right_child=2 -3 29 17 5 12 9 23 21 19 13 -13 -14 14 -16 -17 22 -19 25 20 -22 -23 -24 -25 26 28 -28 -29 -30 -31
leaf_value=0.16048968538757405 0.28073049301754333 0.10433993205526086 0.094301870817393871 0.18838628372880695 -0.048091701146028169 -0.078262155865041802 0.15745366966045457 0.15982189763241381 0.080633061897787767 0.17213526152497971 0.31487141545173253 -0.070238332298280012 -0.1120023567140505 -0.031298988032012767 0.010692260940760864 0.12326599966438669 -0.029588283806123529 0.13907232402798564 0.06232966723787213 0.18859292173482264 0.1500021929560271 0.0026261271484268492 -0.10295721998392511 0.020071570388414797 0.027772740061209934 0.15748686569127443 -0.053798544117540682 -0.042749747882296012 0.057028212244524479 -0.023009376143086041
leaf_weight=24790.211282014847 211.82302917540073 115011.44439642131 13305.187678836286 9662.4819246083498 59904.615284252912 676.03445182740688 78340.197374284267 1539.0385971516371 4326.74713749066 179241.62378557026 231.99016970396042 73906.743044588715 599.9546675235033 39215.626125134528 23369.381788734347 53143.427274599671 49215.714600019157 268815.75402374566 5457.4569999091327 263098.31180784106 16417.831267908216 11705.783465771005 5945.594076231122 2434.3606857843697 4853.8687540423125 6829.65189332515 170823.91247953847 9932.0823081247509 2085.2965347133577 1198.4483265429735
leaf_count=8642 1530 21178 36624 3933 352796 7113 28277 3365 14170 76589 1396 391544 2056 362773 127369 18507 666720 89696 21317 115715 4945 46667 23444 14949 25316 14876 1880587 134823 3715 4464
internal_value=0.093475 0.155686 -0.0351531 0.162295 -0.0388248 -0.0128866 0.172027 -0.0513849 -0.0245444 0.177382 -0.0308511 -0.0529753 0.0904835 -0.0143998 -0.0156227 0.135143 -0.047676 0.14079 0.0985562 0.180778 0.186326 0.02373 -0.0479669 0.0746546 -0.0465746 0.106853 -0.0510743 -0.0195857 0.134229 0.0846575
internal_weight=1.49629e+06 1.00852e+06 487769 893510 473266 154403 615032 318863 138754 537098 122722 314890 15648.4 62817 62585 77933.6 240983 278478 15048.4 458758 279516 16032.5 240771 3973.4 234826 14372.4 185610 14786 8914.95 14503.6
internal_count=4505096 367482 4137614 346304 4096526 954248 252675 3142278 905171 225526 844334 3123964 49077 491538 490142 27149 2732420 93629 47021 197249 120660 60837 2730890 18314 2707446 39908 2040726 160139 18591 41088
cat_boundaries=0 1 2 3 4 5 6 7 8 9 10 11 12 13 14 15 16 17 18 19 20
cat_threshold=2 1 128 4 1 2 17 20 160 38 88 16 16 8 8 17 8 1 128 13
is_linear=0
shrinkage=0.08


Tree=7
num_leaves=31
num_cat=16
split_feature=34 36 43 2 31 44 43 44 46 37 35 34 31 12 42 32 34 32 42 31 32 37 33 27 33 7 37 27 42 32
split_gain=8673.01 8156.34 5427.58 3328.28 3237.84 2418.29 2073.96 1797.4 3926.41 2297.67 2512.01 2810.82 1491.75 1414.2 1564.4 1366.82 1321.8 1507.46 1236.67 1538.42 1477.72 1224.75 1174.96 1428.45 1120.51 1088.22 953.745 964.565 933.465 952.864
threshold=0 1 2 inf 1.0000000180025095e-35 3 4 5 6 7 8 9 1.0000000180025095e-35 195.5350036621094 10 -4.0750000476837149 11 -1.955000042915344 12 1.0000000180025095e-35 -4.0750000476837149 13 1.0000000180025095e-35 9.2500000000000018 1.0000000180025095e-35 483.00001525878912 14 1.0000000180025095e-35 15 -81.404998779296861
decision_type=1 9 9 8 10 9 9 9 1 1 1 1 10 2 9 8 1 8 9 10 8 1 2 8 2 2 1 8 9 8
left_child=1 3 12 4 7 -3 26 -1 9 13 11 -11 15 14 -9 -2 -5 -18 19 20 -8 -7 -17 25 -12 -24 27 -4 -26 -30
right_child=2 5 6 16 -6 21 18 8 -10 10 24 -13 -14 -15 -16 22 17 -19 -20 -21 -22 -23 23 -25 28 -27 -28 -29 29 -31
leaf_value=0.082835199007537844 0.10038776602695032 0.11371488161621703 0.39628302780821195 0.092260790117935323 0.1361249945926819 0.087089750982732556 0.092249640699639104 0.075869311521680902 0.14494308779030185 0.10889126946705739 0.10226631898482888 0.058820228161377192 0.129055630393687 0.099106340715206076 0.097260222994523249 0.083832018448518508 0.091189890309730973 0.054710746049799724 0.081202457448458498 0.12243015713503307 0.065897376134939178 0.074579168145227803 -0.096212272760830594 -0.018828633133986077 0.15179115726314499 0.73578455043336533 0.03593106168184642 0.061833442973146954 0.31462619535466652 -0.01577015783453499
leaf_weight=57352.522064978257 35578.415630549192 12496.028052121401 55.313019685447216 21041.181478634477 13360.874213853851 67839.885105863214 14950.690134976059 67895.489786842838 11041.36121321097 11664.43750817515 353082.58562948182 18938.35970819369 5245.6911902874708 52090.309576286003 32931.607363771647 201402.27704172581 10701.91911906004 22476.883815258741 85096.633074775338 3421.8533144034445 152867.86577182077 202986.46956087276 15.461049173027275 1036.2056461367756 323.67849649488926 28.80835897102952 13416.642689697444 24550.764593012631 58.738324429839849 1142.070679474622
leaf_count=101800 107314 10353 52 6773 16639 114576 83230 164086 11959 40044 1203709 231646 8129 138153 58608 642537 3679 22150 221957 6228 712877 286784 210 11143 2473 137 114736 171215 416 11298
internal_value=0.086141 0.090712 0.0779982 0.0955056 0.0971695 0.0793038 0.0706764 0.0963114 0.0977187 0.0967498 0.100061 0.0779344 0.0868529 0.088397 0.0828731 0.0859266 0.0765001 0.0664572 0.0732702 0.0693238 0.0682451 0.0777189 0.0833857 0.000184055 0.101968 0.44521 0.0531756 0.0625598 0.0335322 0.000388154
internal_weight=1.49509e+06 957424 537667 674102 619882 283322 294360 606521 549169 538127 385210 30602.8 243307 152917 100827 238061 54220 33178.8 256337 171240 167819 270826 202483 1080.48 354607 44.2694 38022.7 24606.1 1524.49 1200.81
internal_count=4504911 2425146 2079765 2013433 1980831 411713 1310295 1964192 1862392 1850433 1489586 271690 769470 360847 222694 761341 32602 25829 1024292 802335 796107 401360 654027 11490 1217896 347 286003 171267 14187 11714
cat_boundaries=0 1 2 3 4 5 6 7 8 9 10 11 12 13 14 15 16
cat_threshold=71 128 12 1 32 1 1 4 1 6 42 64 56 48 43 3
is_linear=0
shrinkage=0.08


Tree=8
num_leaves=31
num_cat=19
split_feature=47 46 47 35 32 36 44 45 44 31 3 3 36 44 45 36 1 41 31 3 45 29 36 46 4 41 4 44 1 47
split_gain=1.5807e+06 24379.4 21071.2 30935.7 13025.3 10759.8 7786.75 10327.5 5252.02 5030.35 4870.74 4097.75 3585.39 3193.7 3895.31 3159.24 3046.95 2993.2 2853.12 2685.46 2667.81 2654.65 2626.81 2450.62 2171.07 2079.3 2068.63 1908.83 1827.62 1672.2
threshold=0 1 2 3 -10.085000038146971 4 5 6 7 1.0000000180025095e-35 1.0000000180025095e-35 1.0000000180025095e-35 8 9 10 11 1.5000000000000002 12 1.0000000180025095e-35 806.76501464843761 13 1.0000000180025095e-35 14 15 16.500000000000004 16 1.0000000180025095e-35 17 1.0000000180025095e-35 18
decision_type=1 1 1 1 10 9 9 9 9 10 10 10 9 9 9 9 2 9 8 8 9 2 9 1 8 9 10 9 2 1
left_child=4 2 6 9 10 8 7 -2 -6 11 23 -4 16 21 -15 19 -5 -10 -9 26 29 24 25 -1 -13 -12 -8 -27 -19 -3
right_child=1 20 3 12 5 -7 15 18 17 -11 22 13 -14 14 -16 -17 -18 28 -20 -21 -22 -23 -24 -25 -26 27 -28 -29 -30 -31
leaf_value=0.10595480809943512 -0.052851106544449113 0.050169739349997002 0.22556129895549229 0.055640203354319122 0.12502180697482992 0.1259954616312477 -0.05562814376607926 0.015653504495250319 0.1341763196683298 0.097443865828068438 0.098406400161925034 -0.048475744202081499 0.013390365881804563 0.064504585517734039 -0.026552570985003014 -0.071585357845747627 0.12200355870854435 0.15044976251517697 0.098404641470991122 0.069660905732069053 -0.057435083362707681 0.17044836993832127 0.11428972620540666 0.054972468399449845 -0.02534679243176843 0.11108779575058893 -0.029987071321447942 0.13569560212554943 0.16357162328942523 0.10752721381458441
leaf_weight=19614.402180507779 18675.822046497837 8557.1445496939123 385.38265132904053 11661.026422360912 56794.301280975342 205415.69605925679 198322.49978731573 8713.2079347297549 60320.944797247648 1863.2722312659025 12465.778049424291 78043.73772059381 6926.5246224962175 4197.9314966276288 10522.863707114011 73183.174997225404 7138.2636566590518 280942.84557472169 3842.5203306041658 1147.7957278061658 1097.1499490179121 382.03860611096025 99222.056676641107 8715.3137593716383 38930.947749830782 23082.130142107606 22412.444763900712 160149.75090505183 89596.865125536919 5248.1092158891261
leaf_count=3702 104529 28206 341 106786 15980 62771 2356808 49245 19893 4940 3030 544000 20256 12672 40710 385116 14565 105582 11781 19422 4557 1518 35264 7152 208632 9019 215013 75014 30187 8246
internal_value=0.0778773 -0.038382 -0.0414704 -0.0176945 0.135217 0.141402 -0.0531327 -0.0151466 0.147886 -0.0330859 0.121955 -0.0349245 0.0626597 -0.0356846 -0.000560006 -0.0571533 0.080796 0.150903 0.0409458 -0.0523877 0.0624084 -0.0400905 0.124999 0.0902707 -0.0407781 0.130416 -0.0530247 0.132588 0.153618 0.0719223
internal_weight=1.51757e+06 501252 486349 160052 1.01632e+06 693071 326297 31231.6 487655 134326 323249 132463 25725.8 132078 14720.8 295066 18799.3 430861 12555.7 221883 14902.4 117357 294920 28329.7 116975 195698 220735 183232 370540 13805.3
internal_count=4504937 4137343 4096334 954420 367594 234413 3141914 165555 171642 812813 133181 807873 141607 807532 53382 2976359 121351 155662 61026 2591243 41009 754150 122327 10854 752632 87063 2571821 84033 135769 36452
cat_boundaries=0 1 2 3 4 5 6 7 8 9 10 11 12 13 14 15 16 17 18 19
cat_threshold=2 1 4 32 128 1 32 1 128 2 9 160 17 13 128 1 16 1 4
is_linear=0
shrinkage=0.08


Tree=9
num_leaves=31
num_cat=18
split_feature=47 47 35 45 44 36 44 1 37 44 3 3 42 45 3 37 4 3 37 37 3 3 4 11 27 35 43 37 44 3
split_gain=1.34267e+06 20691 27701.9 11124.1 11567.6 7977.39 6968.54 4942.26 4128.11 2782.92 2779.3 2567.04 2531.89 2465.21 2458.57 2308.01 2302.38 2288.36 2103.89 1878.49 1742.05 1683.81 1649.75 2202.66 1572.82 1455.7 1389.13 1369.68 1342.1 1750.61
threshold=0 1 2 3 4 5 6 1.5000000000000002 7 8 1.0000000180025095e-35 1.0000000180025095e-35 9 10 35.345001220703132 11 1.0000000180025095e-35 268.01499938964849 12 13 291.16500854492193 1.0000000180025095e-35 42.500000000000007 120.00000000000001 1.0000000180025095e-35 14 15 16 17 19.025000572204593
decision_type=1 1 1 9 9 9 9 2 1 9 10 10 9 9 10 1 8 10 1 1 8 10 8 2 8 1 9 1 9 10
left_child=5 3 8 4 26 6 10 15 9 13 -1 -11 14 -3 -5 -4 28 21 -16 -7 -18 -8 23 -17 -14 -19 -2 -9 -10 -30
right_child=1 2 7 12 -6 19 17 27 16 11 -12 -13 24 -15 18 22 20 25 -20 -21 -22 -23 -24 -25 -26 -27 -28 -29 29 -31
leaf_value=0.063427601237529746 0.092782091742034875 0.073645229445269161 -0.061938428522777186 0.18420751638305391 -0.044947024152580055 0.10869932240306225 0.10134507133028253 -0.038783041819856749 0.014475332070182654 0.19607259000466296 0.11318604416280642 -0.049239087226258381 0.22037497122565292 -0.04194883388541238 -0.078130380357699938 0.021881181131507658 -0.003388041662146696 0.12591168288904461 -0.035379352706812209 0.12140497138120333 0.07086535050492096 0.13016795824825128 0.078409065353310686 1.1123049050607505 -0.057095158761426623 0.14240028376930355 0.037052293338913633 0.10815493503821864 0.22833032856959906 -0.032666053470602224
leaf_weight=7915.2765575796366 4712.3406246900558 2351.9027131013572 1491.0207677129656 312.95895072817802 15885.779436277226 168440.65080167353 13443.299728766084 423.22630137577653 4516.3100200369954 274.30897733569145 77790.562667325139 57574.989386066794 130.82105228304863 2352.665164642036 8382.2200781386346 10081.855052303523 26953.521555643529 44158.732536330819 61543.180044395849 138782.25820167363 2186.1393747627735 369769.05463518202 5263.2949491217732 11.86994346231222 225858.87968194298 186018.2623501271 7403.4993626400828 10264.763290457428 165.16865714266896 39175.98521681875
leaf_count=5343 10835 5019 23401 475 198422 54794 2865 3591 16451 185 25233 327888 555 12045 98629 84136 130781 19927 645748 45855 10801 138218 15637 100 2188932 75293 31120 16564 202 316606
internal_value=0.0724399 -0.0365572 -0.0133142 -0.0482484 -4.22224e-05 0.125223 0.129956 0.0598268 -0.0281745 -0.043257 0.108591 -0.0480759 -0.0528034 0.0159062 -0.0395134 0.032854 -0.0152456 0.132944 -0.0405203 0.114443 0.00218266 0.129157 0.0420704 0.0231635 -0.056932 0.139249 0.058835 0.102401 -0.0268287 -0.0315703
internal_weight=1.49363e+06 487317 163087 324230 28001.6 1.00632e+06 699095 27536 135551 62553.9 85705.8 57849.3 296228 4704.57 70238.4 16848 72997.1 613389 69925.4 307223 29139.7 383212 15357 10093.7 225990 230177 12115.8 10688 43857.5 39341.2
internal_count=4505651 4138123 963407 3174716 240377 367528 266879 143429 819978 345137 30576 328073 2934339 17064 744852 123274 474841 236303 744377 100649 141582 141083 99873 84236 2189487 95220 41955 20155 333259 316808
cat_boundaries=0 1 2 3 4 5 6 7 8 9 10 11 12 13 14 15 16 17 18
cat_threshold=2 4 32 8 1 128 1 20 1 17 8 16 18 12 1 14 16 1
is_linear=0
shrinkage=0.08


Tree=10
num_leaves=31
num_cat=19
split_feature=47 47 35 2 31 31 36 38 38 36 38 37 45 38 45 37 35 3 32 2 34 2 3 36 2 37 3 38 38 3
split_gain=1.15623e+06 20158.8 22351.5 10006.5 9962.37 6812.28 6103.65 5872.82 5220.18 5013.19 4541.03 3832.8 3461.08 3222.15 2913.34 2826.32 2736.95 2677.37 2616.31 2314.18 2018.77 1992.04 1900.93 1879.05 2647.96 2290.66 1856.14 1837.62 1803.15 1794.88
threshold=0 1 2 inf 1.0000000180025095e-35 1.0000000180025095e-35 3 4 5 6 7 8 9 10 11 12 13 18.605000495910648 inf inf 14 inf 806.76501464843761 15 1.5000000000000002 16 9.4849996566772479 17 18 1.0000000180025095e-35
decision_type=1 1 1 8 10 10 9 1 1 9 1 1 9 1 9 1 1 8 8 8 1 8 8 9 8 1 10 1 1 10
left_child=3 4 5 6 8 10 18 23 14 19 15 -12 -6 -13 -2 17 -9 -3 -1 22 -21 -19 -10 24 25 -4 -17 -14 -18 -20
right_child=1 2 7 -5 12 -7 -8 16 9 -11 11 13 27 -15 -16 26 28 21 29 20 -22 -23 -24 -25 -26 -27 -28 -29 -30 -31
leaf_value=0.12700910578356883 -0.026331666768064199 -0.055885533222568277 0.095237482757775466 0.092200186333547138 0.10180793145628729 0.09449507860588606 0.10961758446604261 0.13010416360825752 -0.0175960507734798 -0.055410535922676578 -0.055392453716335992 -0.044304904572822976 -0.073349657042582825 -0.0067855231101196312 -0.059092019182320918 0.12845867145858247 0.1317644899991619 0.060414814894999246 0.071240527962122158 0.027644776610785526 -0.11614718870185717 -0.05582656435363087 0.11591942343228925 -0.030776999653808732 -0.092811496266506741 0.015709817946706412 -0.023640882928821823 0.05802181118543287 0.036401754813157911 0.11672037318029872
leaf_weight=480156.05893567204 19264.077394284308 1924.1613466106355 3854.3430085480213 92617.242087312043 3732.580674296245 2976.9698538221419 266482.12932196259 6256.4739231094718 59136.901308745146 41982.289722707123 40055.145516116172 26239.848620984703 1559.9258540105075 33177.841752696782 182308.47998301871 527.47004124522209 1633.6168726049364 8512.9218962155282 5770.5770464912057 814.4923220872879 2687.8949678987265 1061.145796328783 690.43570607714355 3759.2216377854347 945.02409625612199 5827.0915645938367 19379.174555998296 1195.0856851115823 5701.4153376072645 147714.50469277054
leaf_count=172249 211088 6770 27904 21102 9339 6395 93659 7689 462373 204661 256513 223677 13444 199320 2253169 1006 2743 38466 4989 1704 10563 2636 3053 14605 6763 58284 85589 4809 25776 74652
internal_value=0.0681168 -0.0345041 -0.0115753 0.117239 -0.0463449 -0.0251675 0.119816 0.0534454 -0.0484189 -0.0339712 -0.0278913 -0.0362625 0.0517591 -0.0233594 -0.0559626 -0.00136397 0.0911495 0.0301987 0.124101 -0.0197522 -0.0829606 0.0475312 -0.0160552 0.0177842 0.034976 0.0474857 -0.0196008 -0.0163588 0.0577909 0.11501
internal_weight=1.46794e+06 475204 161832 992741 313372 133855 900123 27977.2 306885 105312 130878 99472.8 6487.59 59417.7 201573 31404.9 13591.5 11498.2 633641 63329.7 3502.39 9574.07 59827.3 14385.7 10626.5 9681.43 19906.6 2755.01 7335.03 153485
internal_count=4504990 4138339 964136 366651 3174203 820372 345549 143764 3146611 682354 813977 679510 27592 422997 2464257 134467 36208 47872 251890 477693 12267 41102 465426 107556 92951 86188 86595 18253 28519 79641
cat_boundaries=0 1 2 3 4 5 6 7 8 9 10 11 12 13 14 15 16 17 18 19
cat_threshold=2 4 32 128 417 300 128 643 20 14 36 8 105 8 112 128 104 300 2
is_linear=0
shrinkage=0.08


Tree=11
num_leaves=31
num_cat=18
split_feature=47 46 47 1 31 2 38 37 36 38 38 36 38 44 3 37 45 44 38 2 3 44 46 41 3 19 19 6 1 18
split_gain=986783 20457.4 17867.1 16559.2 6736.32 6053.4 5159.39 4937.25 4146.03 3818.9 3647.79 3339 2984.04 2941.76 4406.21 2821.18 2689.69 2555.39 2815.53 2521.91 2419.62 2388.38 2184.22 2173.24 2150.89 2000.41 1868.11 1804.77 1798.95 1808.56
threshold=0 1 2 1.0000000180025095e-35 1.0000000180025095e-35 inf 3 4 5 6 7 8 9 10 1.0000000180025095e-35 11 12 13 14 2.5000000000000004 541.10498046875011 15 16 17 18.605000495910648 97.565002441406264 74.924999237060561 2828.0400390625005 2.5000000000000004 731.02499389648449
decision_type=1 1 1 2 10 8 1 1 9 1 1 9 1 9 10 1 9 9 1 8 10 9 1 9 8 2 2 2 2 2
left_child=5 2 4 6 10 8 15 -8 13 -5 28 12 16 14 22 24 -12 20 -19 -11 -9 -17 -1 -23 -4 26 27 -22 -2 -30
right_child=1 -3 3 9 -6 -7 7 17 -10 19 11 -13 -14 -15 -16 21 -18 18 -20 -21 25 23 -24 -25 -26 -27 -28 -29 29 -31
leaf_value=0.1157754530140436 -0.022052938478458305 0.059730198809813992 -0.041127185671864713 0.11695395791455243 0.053530759892200623 0.089999253012107483 -0.05282243434940459 0.015834714366388943 0.10355287926955674 0.044969193744172242 0.022711696716902534 -0.066794759458504355 -0.053688160974177446 0.11759901514214977 0.10380089701923068 0.12019755914600254 -0.037671456589283794 -0.0036886815718162802 -0.040589721520557065 -0.10523360148119551 0.088058923961981977 -0.038755791473244879 -0.064311242146549819 0.015684395203976249 0.048557354197848686 0.1327484627557477 1.4898333375398951 1.353466139595682 0.014594029225533899 0.22723816757422369
leaf_weight=601.62967993319035 20814.546793656424 15163.01732910797 2031.627667170018 5289.2914286181331 4260.1917734909803 87177.21052710712 40475.422725390643 9431.2301332689822 259647.92105470598 11635.134311033413 5008.2296661045402 61269.37575202994 119819.90124578029 554657.66131086648 68861.446793496609 825.62255267798901 81616.355198463425 24253.032316979021 29140.00063232705 762.2778404392302 26.593474980443716 12680.421317271888 1520.1269974112511 7442.7333374284208 10859.477720547467 105.37918679043651 15.079388860613106 9.8983205668628198 863.87568475678563 363.77116975560784
leaf_count=118 116020 41066 6987 5717 18318 21102 281496 30489 94053 39818 36085 366018 1803666 225048 23286 696 796577 151762 296345 3523 451 61195 3713 28868 44668 1655 44 36 4635 1570
internal_value=0.0643066 -0.0316623 -0.0347487 -0.0127682 -0.0463352 0.110113 -0.0221538 -0.0310215 0.112094 0.0600891 -0.0478035 -0.0503788 -0.0455038 0.115635 0.100302 0.0049647 -0.0341782 -0.0170048 -0.0238362 0.0357049 0.021019 -0.0131543 -0.0132472 -0.0186321 0.0343965 0.332548 0.740813 0.431298 -0.016495 0.0776038
internal_weight=1.43663e+06 464162 448999 154983 294016 972466 137297 103457 885289 17686.7 289756 267714 206444 625641 70983.2 33839.9 86624.6 62981.2 53393 12397.4 9588.18 20948.8 2121.76 20123.2 12891.1 156.95 51.5712 36.4918 22042.2 1227.65
internal_count=4505025 4137705 4096639 953750 3142889 367320 904692 762278 346218 49058 3124571 3002346 2636328 252165 27117 142414 832662 480782 448107 43341 32675 90759 3831 90063 51655 2186 531 487 122225 6205
cat_boundaries=0 1 2 3 4 5 6 7 8 9 10 11 12 13 14 15 16 17 18
cat_threshold=2 1 4 643 20 128 82 641 128 338 1 43 8 1 336 1 1 35
is_linear=0
shrinkage=0.08


Tree=12
num_leaves=31
num_cat=17
split_feature=47 44 45 47 35 32 3 37 3 31 35 37 3 42 41 47 35 37 24 3 34 19 35 13 17 3 43 21 32 44
split_gain=869536 16350.3 13830.2 10968.1 16080.7 5036.29 3732 3863.43 3612.53 3277.44 3106.27 2833.97 2674.17 2106.14 2098.57 1990.72 2589.38 1939.87 1899.66 1867.88 1822.08 1803.21 2005.92 2216.99 1858.44 1733.6 1675.7 1546.52 1499.27 1483.22
threshold=0 1 2 3 4 -10.085000038146971 1.0000000180025095e-35 5 529.47500610351574 1.0000000180025095e-35 6 7 inf 8 9 10 11 12 -1.0000000180025095e-35 595.50500488281261 13 180.02500152587893 14 90.02500152587892 1.0000000180025095e-35 475.18000793457037 15 3.5000000000000004 -10.085000038146971 16
decision_type=1 9 9 1 1 10 10 1 8 8 1 1 8 9 9 1 1 1 2 8 1 2 1 2 2 10 9 2 8 9
left_child=5 2 9 11 6 29 -5 28 15 20 17 -3 13 27 18 -4 -17 -6 -9 21 -2 22 23 24 -10 -11 -12 -13 -8 -1
right_child=1 3 8 4 10 -7 7 14 19 25 26 12 -14 -15 -16 16 -18 -19 -20 -21 -22 -23 -24 -25 -26 -27 -28 -29 -30 -31
leaf_value=0.079554181308842731 0.060284893135363962 -0.071285640908056253 -0.046963210984861087 0.17294978909773889 0.10252917694879593 0.10788701753060925 0.070878054407978411 -0.031506783215451951 0.89760526821623077 0.084516486105804617 -0.034827639103274542 -0.030539001208450513 0.16054388454665117 -0.04792878858557531 0.0012088045489704175 -0.021004670496595997 0.081012763533636276 0.02974389065017884 0.17337139139987234 0.029633650054527734 0.0010372184580441052 0.085716460525993132 0.14068661236313509 1.8302973753572043 0.15072745960651809 0.19538569860041949 0.031001995055890279 0.71890336839482916 -0.049285343433077937 0.097337718061081602
leaf_weight=33935.372508876026 7641.664581855759 25653.641124468297 17978.412297775969 571.62247036397457 6173.1062826365232 655938.63150204718 673.14694857597351 35882.202306129038 48.304262788966298 7575.3846590295434 3138.5332975871861 57601.369073716924 411.3223689198494 177713.18559607491 22651.132062152028 9965.9475733302534 1884.7996705919504 3818.8807009160519 292.00129290297627 1348.8594494313002 5882.2518065869808 363.04063292779028 147.01917573809624 9.9256490431725961 38.171244919300079 1024.7217012196779 11583.613984189928 17.627497842535377 51926.583970699459 259874.08171329647
leaf_count=17803 18479 373890 102755 333 12820 234216 2620 314073 619 11685 54896 674938 438 1951887 121841 38982 2318 9963 1124 19819 34027 3788 516 144 444 3290 57400 192 324961 115238
internal_value=0.0605202 -0.0308119 0.0105354 -0.0364108 -0.0180495 0.103988 -0.0309371 -0.0319858 -0.0232714 0.0590879 0.0403494 -0.0460138 -0.0432589 -0.043617 -0.0178892 -0.030184 -0.00472869 0.0747686 -0.0298447 0.0820629 0.0345604 0.198673 0.367139 0.63231 0.567925 0.0977268 0.016954 -0.0303045 -0.0477385 0.0952837
internal_weight=1.40176e+06 452016 53908.5 398108 136711 949748 111997 111425 31784.5 22124 24714.1 261397 235744 235332 58825.3 29829.2 11850.7 9991.99 36174.2 1955.32 13523.9 606.461 243.42 96.4012 86.4755 8600.11 14722.1 57619 52599.7 293809
internal_count=4505499 4138242 236866 3901376 900031 367257 764952 764619 169385 67481 135079 3001345 2627455 2627017 437038 144055 41300 22783 315197 25330 52506 5511 1723 1207 1063 14975 112296 675130 327581 133041
cat_boundaries=0 1 2 3 4 5 6 7 8 9 10 11 12 13 14 15 16 17
cat_threshold=2 1 12 4 32 20 8 18 17 38 4 32 105 15 1 35 1
is_linear=0
shrinkage=0.08


Tree=13
num_leaves=31
num_cat=20
split_feature=38 34 36 37 12 41 38 40 34 35 44 36 37 27 32 36 37 33 41 18 34 18 41 38 38 7 11 4 41 31
split_gain=11951.1 4529.86 3658.39 3365.84 2162.73 2055.2 1887.94 1861.06 1768.58 1870.46 1469.52 1455.77 1351.94 1192.13 1101.15 1076.56 997.643 2282.5 1614.31 1750.36 931.957 890.425 876.286 862.431 860.407 850.894 1146.94 1479.7 846.287 824.697
threshold=0 1 2 3 639.02499389648449 4 5 6 7 8 9 10 11 1.0000000180025095e-35 -2.5249999761581416 12 13 1.0000000180025095e-35 14 4396.7600097656259 15 1.0000000180025095e-35 16 17 18 306.02499389648443 6.5000000000000009 inf 19 1.0000000180025095e-35
decision_type=1 1 9 1 2 9 1 1 1 1 9 9 1 8 8 9 1 2 9 2 1 2 9 1 1 2 2 8 9 10
left_child=1 6 4 15 8 -4 -1 20 9 22 -7 14 -9 -14 -5 -3 17 -12 -19 25 -8 24 -2 -18 -10 26 27 -20 -23 -16
right_child=2 3 5 11 -6 10 7 12 21 -11 16 -13 13 -15 29 -17 23 18 19 -21 -22 28 -24 -25 -26 -27 -28 -29 -30 -31
leaf_value=0.051852674775283179 0.051567557793615437 0.014798387026595252 0.07545753380359338 0.067257367867044587 0.084591362920832525 0.087768740777706786 0.070489886080422309 0.041674824699394472 0.059346865931709854 0.080109560859129458 0.061216977730204299 0.04277289912442709 0.43647230451276836 0.024008487981643106 0.055744964185596393 0.042010502676411654 0.060055866373590019 -0.084468394449044221 0.037453895690236272 1.2896270954160205 0.036903476716027284 0.058498219364260036 0.064805067166058133 0.046343911622062403 0.074723730924914841 -0.087675280483490173 1.028324059193203 0.90673410145214994 0.084523625426105281 0.087142017593420495
leaf_weight=60725.547710184008 71662.842859536409 11166.523237399757 36734.905440803617 70400.889402747154 56828.737339191139 8427.6432209182531 12728.413165796548 46876.971718395129 38848.599333336577 28903.189353285357 66033.426503881812 43901.645016796887 44.874291051179171 73186.811557583511 330478.69832675532 56927.650433264673 40680.989648412913 42.575535723939538 36.29113444685936 17.305184289813042 9195.9423121046275 9581.7848128601909 59062.373668052256 108902.09665874206 60668.082446819171 17.580120533704758 21.299856942147017 19.143099971115589 55983.181513108313 5442.3967044949532
leaf_count=218198 176077 26729 34332 336181 140970 5684 21420 320812 83921 53311 108080 112873 166 604780 1440881 185019 49841 804 697 150 27580 23632 122173 179410 81569 403 174 199 138919 9790
internal_value=0.0572547 0.0501813 0.0651918 0.0541498 0.0701921 0.0578778 0.0400341 0.0349778 0.0676742 0.0616418 0.0549942 0.0566595 0.0310584 0.0242579 0.0581588 0.0375509 0.0537166 0.0619255 0.36937 0.504821 0.0564257 0.073499 0.0575528 0.0500768 0.0687345 0.414346 0.529362 0.337642 0.080742 0.0562536
internal_weight=1.36355e+06 721076 642472 518318 381539 260933 202759 142033 324710 159628 224198 450224 120109 73231.7 406322 68094.2 215771 66187.6 154.195 111.619 21924.4 165082 130725 149583 99516.7 94.3142 76.7341 55.4342 65565 335921
internal_count=4504775 3304429 1200346 2111473 820572 379774 1192956 974758 679602 351561 345442 1899725 925758 604946 1786852 211748 339758 110507 2427 1623 49000 328041 298250 229251 165490 1473 1070 896 162551 1450671
cat_boundaries=0 1 2 3 4 5 6 7 8 9 10 11 12 13 14 15 16 17 18 19 20
cat_threshold=300 48 160 4 20 256 1 3 32 1 130 106 90 35 32 32 19 641 80 1
is_linear=0
shrinkage=0.08


Tree=14
num_leaves=31
num_cat=20
split_feature=38 34 38 45 38 36 3 38 38 44 36 4 43 45 45 3 45 3 6 38 3 31 43 3 36 33 34 31 43 46
split_gain=10202.1 3635.7 2286.82 2255.72 6599.75 2423.12 2646.52 1861.76 1857.38 1678.78 1505.88 1425.03 1668.04 1147.48 1066.95 990.155 1336.78 922.587 897.495 930.954 896.479 844.81 856.634 743.831 1076.46 712.16 694.324 653.973 624.777 930.453
threshold=0 1 2 3 4 5 329.38500976562506 6 7 8 9 1.5000000000000002 10 11 12 24.98499965667725 13 1.0000000180025095e-35 467.60005187988287 14 inf inf 15 449.04499816894537 16 1.5000000000000002 17 1.0000000180025095e-35 18 19
decision_type=1 1 1 9 1 9 10 1 1 9 9 8 9 9 9 10 9 10 2 1 8 8 9 8 9 2 1 10 9 1
left_child=1 10 23 5 13 6 11 -6 -7 -10 14 -2 -13 -5 20 26 21 -15 19 -14 -1 22 -17 -3 -25 -24 -4 -16 -9 -30
right_child=3 2 15 4 7 8 -8 28 9 -11 -12 12 18 17 27 16 -18 -19 -20 -21 -22 -23 25 24 -26 -27 -28 -29 29 -31
leaf_value=0.048330388584068212 0.056596310854365277 0.044111304351583606 0.063107918210334027 0.040304812560550796 0.078178732900613571 0.071646053332989623 0.082179081448492411 0.038611110500053523 0.091954888706749643 0.051318878745343154 0.036270193580844143 0.029413277445488155 0.060277719482031471 0.08008276038169769 0.057052973847148643 0.042451662822659206 0.012665442538149534 -0.051050062391154664 0.091673292321800451 0.074661060725144501 0.08396993706974934 0.018036593968950177 0.027473818453618539 0.070714662930404057 0.041837735499761629 0.43995157163568654 0.0356804501982819 0.092571398297535287 0.056219505405830733 -0.033709635452801423
leaf_weight=206908.1794344075 113106.80488499254 109768.29775566794 11316.016873046756 1322.3169633131474 17279.169067179784 40364.658711886033 58268.928470615298 25086.821209980175 6741.4764107465744 186733.59545894712 38941.031188154593 6635.7253445163369 50612.283422429115 367.49435789883137 156363.17368135415 67719.948392312974 21450.006141714752 5231.0603882968426 11857.542921744287 69297.467608571053 4617.8718888387084 17605.643272103742 40735.101773871109 18457.197051336989 15203.594197977334 26.806640552356839 12614.497365489602 3389.5855916664004 41775.813540896401 749.54323530569673
leaf_count=851514 275083 410258 19059 2286 20657 35787 150488 63671 3693 293323 95459 9802 120821 199 613113 519909 194017 17831 22085 101952 1561 132841 273546 113408 40325 179 35054 3836 81310 1674
internal_value=0.0527982 0.0463097 0.0398377 0.0602008 0.0485731 0.0621636 0.0668145 0.0546989 0.0559999 0.0527321 0.0512767 0.0632575 0.0687012 -0.0265359 0.0528496 0.0335947 0.0311483 -0.0423667 0.0706722 0.0686013 0.0491061 0.0342888 0.0369296 0.0472983 0.0577052 0.0277383 0.0486914 0.057803 0.0486876 0.0546216
internal_weight=1.36055e+06 725117 314897 635431 91812.2 543618 309779 84891.3 233840 193475 410220 251510 138403 6920.87 371279 171468 147538 5598.55 131767 119910 211526 126088 108482 143429 33660.8 40761.9 23930.5 159753 67612.2 42525.4
internal_count=4504741 3304079 1738596 1200662 187628 1013034 680231 167312 332803 297016 1565483 529743 254660 20316 1470024 1174605 1120492 18030 244858 222773 853075 926475 793634 563991 153733 273725 54113 616949 146655 82984
cat_boundaries=0 1 2 3 4 5 6 7 8 9 10 11 12 13 14 15 16 17 18 19 20
cat_threshold=300 71 264 13 129 128 512 129 1 130 34 2 35 13 80 13 161 32 9 1
is_linear=0
shrinkage=0.08


Tree=15
num_leaves=31
num_cat=15
split_feature=32 45 46 31 4 19 40 4 37 37 36 43 46 2 40 31 7 43 37 2 45 43 6 7 12 42 43 33 32 11
split_gain=5000.86 2832.56 3072.44 3975.6 1861.72 1788.11 1523.82 1718.21 1373.11 1322.08 1368.54 994.791 958.599 1509.64 876.512 1009.04 745.099 738.496 726.862 696.342 694.226 671.334 1110.53 1012.21 794.995 724.87 582.693 625.594 2191.3 614.06
threshold=-8.7150001525878888 0 1 1.0000000180025095e-35 1.5000000000000002 1027.2249755859377 2 1.5000000000000002 3 4 5 6 7 1.0000000180025095e-35 8 1.0000000180025095e-35 44.00000190734864 9 10 inf 11 12 507.02496337890631 250.00000762939456 8635.8847656250018 13 14 1.0000000180025095e-35 -3.7050000429153438 7.5000000000000009
decision_type=8 9 1 10 10 2 1 8 1 1 9 9 1 8 1 10 2 9 1 8 9 9 2 2 2 9 9 2 8 2
left_child=20 2 3 4 6 12 7 -2 -6 10 19 -9 14 16 15 -3 -14 -7 -16 -8 -1 23 25 24 -11 -23 -12 29 -29 -28
right_child=1 5 -4 -5 8 17 9 11 -10 21 26 -13 13 -15 18 -17 -18 -19 -20 -21 -22 22 -24 -25 -26 -27 27 28 -30 -31
leaf_value=0.050563184002322341 0.049643788742477768 0.0499208142995246 0.071095278306363294 0.086339436755307017 0.064208440282456578 -0.001611900946224012 0.05349574959489959 0.087583416851983634 0.048574483477740946 0.040119903451348478 0.023634842527334117 0.050144359126277155 -0.067378143201556176 0.061923900229719185 0.046290222165059486 -0.096313203836048356 0.069932776009643011 0.029220747250883448 0.034131158769305524 0.026887791511584231 0.077765457910034655 0.059495992091271273 0.055206743878736877 0.024708291647729429 0.070047626937074961 0.042439137952380107 0.035912666068183531 1.1068161431439909 0.05653031229419838 0.065823161131849495
leaf_weight=7196.547939363867 49813.860594928265 80905.443346984684 40922.853976398706 17692.748583123088 73210.448753368109 7866.5691384971142 217840.29512440227 15468.208294462413 71646.728369407356 82551.384331624955 14527.732302498072 6586.9327761121094 1640.6931793354452 1439.4393329620361 51383.482761422172 303.12081324309111 299.01481331884861 13520.499093849212 82505.496379392222 6482.06970089674 42013.469664057717 16854.410241225734 57580.436969699338 27903.394329698756 6100.4296665601432 343024.96612676233 17728.158125333488 15.941913336515425 62.780518356710672 5839.8704428821802
leaf_count=22616 101423 152300 47499 22587 213540 91533 934233 5738 140083 470679 37054 8613 4943 1036 211579 1145 722 65185 302599 9077 87382 43882 192027 235960 21821 1033792 37169 54 763 9244
internal_value=0.0487761 0.0478368 0.0495969 0.048744 0.0480876 0.0399677 0.046687 0.0578664 0.0564836 0.045677 0.0503365 0.0764644 0.0421305 -0.000148033 0.0427947 0.0493689 -0.046211 0.0178928 0.0388006 0.0527245 0.0738134 0.0433856 0.0448902 0.0379935 0.0421793 0.0432408 0.0362937 0.0440575 0.269221 0.0433241
internal_weight=1.36093e+06 1.31172e+06 1.07185e+06 1.03093e+06 1.01324e+06 239864 868381 71869 144857 796512 262497 22055.1 218477 3379.15 215098 81208.6 1939.71 21387.1 133889 224322 49210 534015 417460 116555 88651.8 359879 38174.5 23646.8 78.7224 23568
internal_count=4506278 4396280 3565238 3517739 3495152 831042 3141529 115774 353623 3025755 1027594 14351 674324 6701 667623 153445 5665 156718 514178 943310 109998 1998161 1269701 728460 492500 1077674 84284 47230 817 46413
cat_boundaries=0 1 2 3 4 5 6 7 8 9 10 11 12 13 14 15
cat_threshold=13 1 9 105 40 163 4 1 1 33 114 34 33 1 37
is_linear=0
shrinkage=0.08


Tree=16
num_leaves=31
num_cat=16
split_feature=47 47 35 45 31 32 31 3 43 32 2 42 3 33 26 2 43 32 2 24 34 45 42 35 3 34 43 35 43 42
split_gain=803380 11027.1 14596.4 7183.88 3957.23 3702.71 3380.26 2375.76 2142.57 2118 1926.14 1847.28 2145.71 2070.52 1466.18 1421.35 1817.72 1302.11 1222.26 1174.91 1252.03 1743.12 1245.45 1167.17 1741.1 1163.79 1049.84 1035.03 1028.83 1018.2
threshold=0 1 2 3 1.0000000180025095e-35 -17.144999504089352 1.0000000180025095e-35 1.0000000180025095e-35 4 -7.7550001144409171 inf 5 70.314998626708999 1.0000000180025095e-35 1.5000000000000002 inf 6 -2.8950001001358028 2.5000000000000004 -1.0000000180025095e-35 7 8 9 10 59.68499946594239 11 12 13 14 15
decision_type=1 1 1 9 8 10 10 10 9 8 8 9 10 2 8 8 9 10 8 2 1 9 9 1 10 1 9 1 9 9
left_child=5 3 6 4 27 -1 7 -3 14 -9 11 12 -5 17 -4 19 -17 -13 23 20 -11 22 -22 -10 -25 -14 29 -2 -23 -12
right_child=1 2 8 10 -6 -7 -8 9 18 15 26 13 25 -15 -16 16 -18 -19 -20 -21 21 28 -24 24 -26 -27 -28 -29 -30 -31
leaf_value=0.082975477734589215 0.043896295479135101 0.10466266669446528 1.0294740688579469 0.10005522274626331 0.04074384858463527 0.094332450971124443 0.053707147286012114 0.041927940418046726 0.056855182269929909 -0.050878302650202947 -0.11266405619642247 -0.045120287505616696 -0.059478058335818831 0.02240943647904178 -0.020707482333091953 0.014763743474418894 -0.1165104525568985 -0.058234435387895307 -0.038375381196172419 0.09707048394048283 0.054402263689850454 -0.042723027794027722 -0.015251546184223979 0.095676075503049046 0.0050655434734324161 -0.033577489991123859 -0.11299728926649584 -0.030620025480317531 -0.025995812897396036 -0.0043963075541356769
leaf_weight=262492.97773518413 1262.4964309409261 788.74455303698778 8.5229174271225929 717.80734503641725 7754.6940424330533 612288.50368890166 2887.245382796973 2276.0801911875606 14676.25076212734 25356.372304320335 906.26015395671129 75681.129971181974 14078.137130860239 2324.0536142475903 4929.3983641322702 894.21722908318043 2788.287364885211 134699.04876806773 1250.7213056068867 432.90962395444512 2305.4788711555302 45377.929386019707 5647.4141392372549 1641.9540706351399 7826.2696416694671 53412.792648943141 4725.8116810843349 19729.448308486491 49221.203337024897 1427.9512305408716
leaf_count=131042 6578 696 16 2344 38350 236915 6313 9316 25210 207881 4033 806400 223810 27604 64423 1559 9737 1335408 4328 1509 9972 270170 26468 2509 47332 512119 19841 195780 275373 3398
internal_value=0.0451373 -0.0374432 -0.0208961 -0.0462365 -0.00808886 0.0909246 -0.0319412 -0.0337741 0.0293454 -0.0345872 -0.0500425 -0.049007 -0.0375251 -0.0526848 -0.0188567 -0.0359063 -0.0849096 -0.0535168 0.0387217 -0.0345002 -0.0349456 -0.0309981 0.00498349 0.0427315 0.0207571 -0.038994 -0.0913149 -0.0261321 -0.0340233 -0.0467327
internal_weight=1.35981e+06 485029 168309 316720 28746.6 874781 137976 135089 30333.1 134300 287973 280913 68208.7 212704 4937.92 132024 3682.5 210380 25395.2 128341 127908 102552 7952.89 24144.5 9468.22 67490.9 7060.02 20991.9 94599.1 2334.21
internal_count=4506434 4138477 962812 3175665 240708 367957 818994 812681 143818 811985 2934957 2907685 738273 2169412 64439 802669 11296 2141808 79379 791373 789864 581983 36440 75051 49841 735929 27272 202358 545543 7431
cat_boundaries=0 1 2 3 4 5 6 7 8 9 10 11 12 13 14 15 16
cat_threshold=2 4 32 8 35 17 4 96 8 8 24 96 6 16 42 41
is_linear=0
shrinkage=0.08


Tree=17
num_leaves=31
num_cat=14
split_feature=38 32 41 37 3 38 13 43 37 4 7 18 46 32 33 3 4 6 2 38 38 43 37 37 46 2 44 3 27 32
split_gain=9228.26 3048.43 2668.66 2330.95 1716.87 1982.37 2194.96 1631.4 1514.5 1410.87 1039.53 1029.19 1000.8 922.985 839.419 1299.31 790.994 775.488 779.774 1377.26 832.703 723.4 741.55 711.684 695.313 1877.85 685.472 924.325 663.256 629.687
threshold=0 -10.085000038146971 1 2 inf 3 358.35002136230474 4 5 5.5000000000000009 1600.0500488281252 2211.025024414063 6 -6.5150001049041739 1.0000000180025095e-35 488.73500061035162 1.0000000180025095e-35 521.49996948242199 inf 7 8 9 10 11 12 1.0000000180025095e-35 13 35.345001220703132 1.0000000180025095e-35 -1.7949999570846555
decision_type=1 8 9 1 8 1 2 9 1 8 2 2 1 8 2 8 10 2 8 1 1 9 1 1 1 8 9 10 8 8
left_child=1 -1 8 -3 5 12 11 9 13 -4 21 -7 28 -2 -11 -16 29 18 19 23 -20 -8 -23 -9 -6 -26 -14 -28 -5 -10
right_child=2 3 7 4 24 6 10 17 16 14 -12 -13 26 -15 15 -17 -18 -19 20 -21 -22 22 -24 -25 25 -27 27 -29 -30 -31
leaf_value=0.064606316346050199 0.070599936000757466 0.022126390204667869 0.054766216529807843 0.26241282722675685 0.085321960721795612 0.03375624485412107 0.034281436562009451 0.038076983199732434 0.061205507147161393 0.077570356030136858 -0.0063171431799368552 0.05140720633889348 0.092920861430437526 0.037088771893159345 -0.056121616074369565 0.44257856868637852 0.0601049862373986 0.063011689059753642 0.015313229123156798 0.057801250882509835 0.049283850935904275 0.35374585323753494 0.016635375812901684 0.05111745369735908 -0.074088046194079313 0.076847785526615059 -0.11906296718598727 0.054518447658661789 0.040008981079236755 0.0428670523407794
leaf_weight=23415.092342959717 5461.0858550928533 76989.374057974666 34023.201639700681 85.841651365160942 6516.7647848315537 184756.68895521946 24224.628188870847 50578.521705243737 14526.279080923647 30158.884915078059 8598.321919798851 23873.397083254531 3897.134142767638 142937.12052050792 51.289407443255186 96.053948581218719 37286.222540508956 34080.794371789321 8223.1592905819416 109448.78657902032 10614.94916125387 31.852993011474609 42824.091131404042 58000.588953938335 715.56673572957516 2007.6643274500966 208.6421994715929 3328.5284896716475 306188.78744007833 68455.004382446408
leaf_count=62026 5552 253508 81515 219 1909 966831 184314 106737 30719 28752 99216 131879 4795 284228 270 295 75687 66126 10756 182139 9938 4 428998 139737 1823 766 677 5191 1163165 177903
internal_value=0.0424234 0.0362218 0.0496887 0.035251 0.036914 0.0363858 0.0315413 0.0544551 0.0437388 0.0659376 0.0198714 0.035776 0.040774 0.0383194 0.078501 0.268984 0.0504221 0.0517266 0.050105 0.0514543 0.0344894 0.0232283 0.0169684 0.045047 0.0711356 0.0371873 0.0697778 0.0442796 0.0400713 0.0460773
internal_weight=1.3116e+06 707662 603942 684247 607258 598018 284309 335276 268666 64329.4 75678.9 208630 313709 148398 30306.2 147.343 120268 270947 236866 218028 18838.1 67080.6 42855.9 108579 9240 2723.23 7434.3 3537.17 306275 82981.3
internal_count=4505675 3305321 1200354 3243295 2989787 2985289 1811242 626265 574089 110832 712532 1098710 1174047 289780 29317 565 284309 515433 449307 428613 20694 613316 429002 246474 4498 2589 10663 5868 1163384 208622
cat_boundaries=0 1 2 3 4 5 6 7 8 9 10 11 12 13 14
cat_threshold=300 3 4 260 4 4 1 80 129 12 2 4 1 2
is_linear=0
shrinkage=0.08


Tree=18
num_leaves=31
num_cat=15
split_feature=47 47 39 45 38 32 31 31 38 32 3 24 38 4 18 38 1 42 38 38 38 32 32 3 12 34 18 42 38 17
split_gain=725353 9773.91 8403.58 6025.88 3616.2 3582.18 3419.07 3172.43 2888.98 2388.38 2362.64 2448.95 2315.25 2302.74 1804.38 1742.75 1362.14 1313.19 1643.96 1150.61 1093.34 1168.74 992.534 972.798 961.816 889.428 889.074 880.358 1601.86 1129.7
threshold=0 1 2 3 4 inf 1.0000000180025095e-35 1.0000000180025095e-35 5 -7.7550001144409171 624.65499877929699 -1.0000000180025095e-35 6 23.500000000000004 454.27499389648443 7 1.5000000000000002 8 9 10 11 -2.6550000905990596 -10.085000038146971 128.69499969482425 742.22497558593761 12 946.04998779296886 13 14 9.5000000000000018
decision_type=1 1 9 9 1 8 10 10 1 8 8 2 1 8 2 1 2 9 1 1 1 10 10 10 2 1 2 9 1 2
left_child=5 3 8 7 27 19 9 12 -3 23 11 13 -2 20 -12 -15 -10 18 -6 -1 21 -11 -14 -4 -17 26 -20 28 29 -5
right_child=1 2 6 4 17 -7 -8 -9 16 10 14 -13 22 15 -16 24 -18 -19 25 -21 -22 -23 -24 -25 -26 -27 -28 -29 -30 -31
leaf_value=0.091231152000704502 -0.044340802101171362 -0.020854591095362324 0.10193796634151352 0.011038136730851337 0.012517512415193168 0.076095702078201391 0.050302050887220888 0.072013510137539635 0.019108349148080732 -0.012426996820199343 0.091826963807715364 0.11153463780468956 0.035187578142413078 0.029837053999683422 -0.023409731531168751 -0.028019253232451673 0.084829763961256313 -0.056037677291446854 -0.097791034608824948 0.08415867164883728 -0.049443829172141122 -0.041129815643230677 -0.011834117737795902 0.0078431487881072855 0.012857915342778779 -0.049448183552983915 0.40412885836383516 -0.039585186501373298 -0.03056570790738343 0.15708405119007032
leaf_weight=326953.309863545 13089.227860393003 3662.8887260183692 1038.6116694137454 4656.8006541896611 3978.8534228280187 221688.35393951088 3472.6203066427261 2607.6326619237661 3004.4104219600558 13426.052893009037 1724.1587970275432 746.34220918267965 4207.7196538951248 4052.7267712205648 1754.5684038512409 45343.575062990189 6149.2576838433743 222938.22997415252 37.358779903501272 278211.51394683123 49950.782414602116 28043.366769267246 9056.7072687726468 2177.3629922531545 4009.6854663453996 11154.078385384753 57.120811305940151 27215.481471760198 14952.933218067512 365.58212754316628
leaf_count=133890 163605 8665 2351 21471 42520 121822 7455 4055 6964 69524 9765 2200 17447 12273 25357 217055 7428 2444236 291 111727 406861 155411 54899 13856 18787 179134 106 149242 94553 1466
internal_value=0.0392992 -0.0386069 -0.0230644 -0.0469417 -0.05047 0.0847956 -0.0281887 -0.0121556 0.0392034 -0.0299788 -0.0314505 -0.0330075 -0.0204886 -0.0337524 0.0337049 -0.0205542 0.0631897 -0.0544816 -0.0316774 0.0879826 -0.0414626 -0.0318294 0.00307971 0.0382314 -0.0246932 -0.0473074 0.185977 -0.0302166 -0.017439 0.0216258
internal_weight=1.30973e+06 482874 168556 314318 285356 826853 155740 28961.3 12816.6 152267 149051 145573 26353.7 144826 3478.73 53406 9153.67 238166 15227.4 605165 91420.2 41469.4 13264.4 3215.97 49353.3 11248.6 94.4796 47190.8 19975.3 5022.38
internal_count=4504416 4136977 963952 3173025 2933019 367439 940895 240006 23057 933440 917233 882111 235951 879911 35122 248115 14392 2666287 222051 245617 631796 224935 72346 16207 235842 179531 397 266732 117490 22937
cat_boundaries=0 1 2 3 4 5 6 7 8 9 10 11 12 13 14 15
cat_threshold=2 4 1 8 643 641 56 512 1 28 300 914 1 25 129
is_linear=0
shrinkage=0.08


Tree=19
num_leaves=31
num_cat=22
split_feature=38 32 34 41 38 36 36 2 34 35 34 40 45 27 48 4 42 38 32 34 36 45 44 31 11 44 46 44 32 46
split_gain=7532.38 3293.38 3025.82 2308.26 1936.73 1909.58 1654.89 2670.24 1535.19 1440.58 1382.19 1099.7 1018.35 1075.74 937.267 840.386 772.41 749.359 743.815 720.103 715.283 752.423 705.525 687.909 685.193 684.273 652.452 638.19 593.136 563.694
threshold=0 -17.144999504089352 1 2 3 4 5 inf 6 7 8 9 10 1.0000000180025095e-35 11 1.0000000180025095e-35 12 13 -8.7150001525878888 14 15 16 17 1.0000000180025095e-35 45.500000000000007 18 19 20 -3.0249999761581416 21
decision_type=1 8 1 9 1 9 9 8 1 1 1 1 9 8 9 10 9 1 8 1 9 9 9 10 2 9 1 9 10 1
left_child=3 -2 5 8 14 -3 7 9 -1 10 23 29 26 -14 20 -10 -11 28 -8 -15 21 -4 -7 -5 -21 -26 -13 -20 -9 -6
right_child=1 2 4 6 11 22 18 17 15 16 -12 12 13 19 -16 -17 -18 -19 27 24 -22 -23 -24 -25 25 -27 -28 -29 -30 -31
leaf_value=0.079226981529068083 0.063307508992314174 0.038437613455474751 0.039987658306392455 0.038024024609553578 0.038423429012047004 0.058183996987420356 0.068619850933271692 0.05898177361513314 0.046273406813115238 0.093335368783017431 0.055781350868687768 0.024351048109859344 0.28968188587241495 0.022958818225653259 0.19792547184441969 0.074675657685955965 0.058563016690357038 -0.0071285168121950513 0.065409167965959608 0.0069173209564724241 0.023398221186386167 0.023292898088300196 0.021772516359140858 0.08250207360266909 0.40121719310454207 0.063258990464032203 0.063530367376237337 0.035130554278961404 0.010239259295092696 -0.046631475107704511
leaf_weight=19743.858759025112 22717.513276161626 424283.77035023086 87444.692540736869 76070.849303480238 25914.825010329485 3603.4077542647719 4672.0084239169955 2874.0935526937246 32938.883690185845 4478.2966649737209 56407.344572924078 79477.979643870145 90.102933000773191 31217.888399071991 222.22724638134241 8359.4345753006637 55119.303569005802 6160.1718452498317 4611.3022468462586 58603.084308736026 34294.449806572869 21671.322719136253 62097.006129795685 2292.5275661200285 40.248420357704163 809.81797640770674 2816.6928977258503 131525.60704998672 3598.0216571688652 508.4680849686265
leaf_count=12926 44705 1673648 320690 195414 64063 5321 3989 1748 51637 9692 118314 593840 184 209028 1364 10944 128909 9957 3814 495975 90640 68951 149801 1981 161 3443 4739 222638 6105 1241
internal_value=0.0375233 0.0332541 0.032435 0.0464577 0.0266696 0.0364709 0.0439346 0.0484928 0.0608247 0.0508115 0.0462135 0.0215659 0.019242 0.0133942 0.0337558 0.0520099 0.0611911 0.012854 0.0372307 0.0131212 0.0335038 0.0366744 0.0237659 0.0393202 0.00795035 0.0792604 0.0256889 0.0361562 0.0318353 0.0367728
internal_weight=1.26467e+06 855813 833096 408852 343112 489984 347810 207001 61042.2 194368 134771 199479 173056 90761.1 143633 41298.3 59597.6 12632.3 140809 90671 143410 109116 65700.4 78363.4 59453.2 850.066 82294.7 136137 6472.12 26423.3
internal_count=4505862 3727794 3683089 778068 1854319 1828770 702561 472120 75507 454310 315709 1372674 1307370 708791 481645 62581 138601 17810 230441 708607 480281 389641 155122 197395 499579 3604 598579 226452 7853 65304
cat_boundaries=0 1 2 3 4 5 6 7 8 9 10 11 12 13 14 15 16 17 18 19 20 21 22
cat_threshold=659 71 20 320 130 128 112 32 3 1 12 1 1 530 8 163 13 1 1 1 1 1
is_linear=0
shrinkage=0.08


Tree=20
num_leaves=31
num_cat=14
split_feature=47 46 47 37 31 39 3 31 24 37 31 4 3 2 3 2 39 46 3 2 34 33 45 2 40 34 2 48 37 3
split_gain=643424 13347 8552.59 6333.66 4085.89 3622.35 2299.37 2167.88 1977.44 1949.8 1873.72 1915.26 1890.84 1570.43 1629.91 1517.77 1511.6 1335.32 3560.79 3396.7 1252.26 1693.81 1237.16 1188.19 1146.16 1141.38 1130.59 1097.5 1076.84 1069.12
threshold=0 1 2 3 1.0000000180025095e-35 4 inf inf -1.0000000180025095e-35 5 1.0000000180025095e-35 13.500000000000002 291.16500854492193 inf 475.18000793457037 inf 6 7 35.345001220703132 inf 8 1.0000000180025095e-35 9 1.0000000180025095e-35 10 11 inf 12 13 488.73500061035162
decision_type=1 1 1 1 10 9 8 8 2 1 10 8 8 8 10 8 9 1 10 8 1 2 9 10 1 1 8 9 1 8
left_child=7 2 4 16 6 26 9 17 10 13 11 15 -13 14 25 20 -4 -1 19 22 21 29 -19 -14 -15 -2 -5 -16 -18 -7
right_child=1 -3 3 5 -6 8 -8 -9 -10 -11 -12 12 23 24 27 -17 28 18 -20 -21 -22 -23 -24 -25 -26 -27 -28 -29 -30 -31
leaf_value=0.082106193074789821 -0.059666241911856543 0.034024516751610279 0.0018370746679139938 0.047276082795144073 0.025185768480210331 -0.012836882918408867 0.13312925724496191 0.070286827679097469 0.11092916610715772 -0.059094408274989164 0.067599310245869695 -0.0098518802424676678 0.036277026518374819 -0.03393583829305942 -0.027842602709117398 -0.13271005087482382 -0.043265177489552803 0.032135573105562545 0.080089529656495184 0.059523435994054207 -0.034411300778257749 0.21288267628405178 -0.10527716690905228 0.1778891860998679 -0.12582177493528843 -0.043739212798037837 -0.14920330304564761 0.1835927408332885 -0.073933266178051585 0.15318366322316687
leaf_weight=624733.07657192275 37684.568009488285 15850.602309342474 4270.9789765551686 7046.0094591006637 4726.72512322478 12631.281316608191 439.19418115541339 135227.65358173475 768.0894223600626 100980.88992137462 1605.747547082603 28893.18537222594 2095.8897038884461 1334.5483487769961 28261.083610124886 887.2009684368968 56224.193981995806 560.1765688508749 16700.501953452826 3032.7996034547687 38738.177186517045 222.84433465078473 1652.8968111798167 462.95682562142611 2624.3632842749357 125227.74005800858 192.55830851942301 157.99733032844961 8478.294699119404 253.22394882515073
leaf_count=273379 409301 41404 9125 12293 18370 72745 439 79535 2442 840444 3238 124913 9650 3731 654492 3462 273872 576 6753 1665 332550 722 4578 1454 12875 1202145 699 3079 105294 450
internal_value=0.0347392 -0.0381639 -0.0406288 -0.0258515 -0.0486082 -0.0123143 -0.0497838 0.0794986 -0.0168619 -0.0500549 -0.0180061 -0.0196389 -0.00401451 -0.0453754 -0.0443458 -0.028958 -0.0442527 0.0814248 0.0620292 0.00453319 -0.0271825 -0.00578751 -0.0708255 0.0618981 -0.0952506 -0.0474298 0.0420494 -0.0266671 -0.0473019 -0.00957402
internal_weight=1.26197e+06 480058 464208 162771 301437 93797.2 296710 781907 86558.6 296271 85790.5 84184.8 31452 195290 191331 52732.7 68973.5 646679 21946.4 5245.87 51845.5 13107.3 2213.07 2558.85 3958.91 162912 7238.57 28419.1 64702.5 12884.5
internal_count=4505675 4139189 4097785 952909 3144876 564618 3126506 366486 551626 3126067 549184 545946 136017 2285623 2269017 409929 388291 286951 13572 6819 406467 73917 5154 11104 16606 1611446 12992 657571 379166 73195
cat_boundaries=0 1 2 3 4 5 6 7 8 9 10 11 12 13 14
cat_threshold=2 1 4 20 1 105 1 1 3 5 12 96 1 4
is_linear=0
shrinkage=0.08


Tree=21
num_leaves=31
num_cat=22
split_feature=47 46 38 36 44 37 32 44 32 45 6 41 33 37 47 1 48 15 23 34 44 46 44 35 37 35 41 7 43 34
split_gain=564049 10040.6 7444.96 6714.65 6093.06 3322.85 3322.31 2981.84 2906.61 2856.54 2830.37 2052.68 2031.31 2005.46 1974.34 2454.21 1797.26 1784.64 1653.39 1451.1 1434.53 1308.57 1763.57 1245.49 1217.52 1199.22 1185.46 1309.65 1180.92 1247.86
threshold=0 1 2 3 4 5 inf 6 7.9449999332427987 7 32.000007629394538 8 1.0000000180025095e-35 9 10 1.5000000000000002 11 1.0000000180025095e-35 1.0000000180025095e-35 12 13 14 15 16 17 18 19 1.0000000180025095e-35 20 21
decision_type=1 1 1 9 9 1 8 9 8 9 2 9 2 1 1 2 9 2 2 1 9 1 9 1 1 1 9 2 9 1
left_child=6 2 4 9 8 14 -1 -5 18 20 28 -12 26 17 -6 16 -16 -14 -2 -20 -4 -8 -23 -17 -13 -10 -9 -28 -11 -30
right_child=1 -3 3 7 5 -7 21 12 25 10 11 24 13 -15 15 23 -18 -19 19 -21 -22 22 -24 -25 -26 -27 27 -29 29 -31
leaf_value=0.07910612706585525 -0.045283722479100716 0.027356621075231999 0.0039227832781636562 0.062647070346619385 -0.051139272127881157 -0.067216284994783881 0.068801364271161541 0.011247764102793528 -0.0051707598295179878 -0.086517466488957528 -0.020446178654254514 0.029643245123654707 0.16951319464418052 -0.020284564238425486 -0.037957833198496806 0.059993931140500049 0.18596935037972057 0.79539344117229305 0.044010208617062327 -0.030815062522361086 0.075954090617606856 0.014770322366169613 0.07368142067105872 -0.063896316751089963 -0.00882199963279468 0.046098591953721173 -0.062529006180805619 -0.039800861881399363 -0.007703721472748103 -0.032425340489275797
leaf_weight=549618.8881610781 17370.296934695914 15469.070699002594 4140.5949916988611 1594.5354472026229 119948.72346659005 62825.758291553706 189028.5397869572 1988.5864699482918 7116.7936427351087 2089.1676761470735 18580.408348727971 14252.680082827806 299.71899416856468 585.85888804495335 44975.888588089496 2588.0800070390105 230.56721376441419 32.299450719729066 2901.2586936298758 3845.5335499756038 3089.9815805479884 6882.6808210387826 6165.5852363146842 641.61181611567736 8347.5987799372524 4941.9459265228361 33486.846483938396 31478.499613031745 18186.869693830609 46615.963843075559
leaf_count=245975 94082 41364 23224 2866 1789753 698288 110797 5465 30072 8397 132296 109851 2668 2215 390136 4790 1402 182 11179 31810 4632 8162 2967 4562 51834 28711 155400 140707 98441 272828
internal_value=0.0329654 -0.0360207 -0.0381889 -0.0258348 -0.0467231 -0.0515018 0.0758812 -0.0454829 -0.0161945 -0.0139946 -0.0172526 -0.000753786 -0.04803 0.0701732 -0.0456318 -0.0320025 -0.0368157 0.223664 -0.0322292 0.00138089 0.0346574 0.06711 0.0426071 0.0353698 0.0154382 0.0158745 -0.0496504 -0.0515083 -0.0274123 -0.0254895
internal_weight=1.21932e+06 467625 452156 184770 267386 231211 751696 69466.3 36175.8 115303 108073 41180.7 67871.8 917.877 168385 48436.1 45206.5 332.018 24117.1 6746.79 7230.58 202077 13048.3 3229.69 22600.3 12058.7 66953.9 64965.3 66892 64802.8
internal_count=4505056 4137155 4095791 1011006 3084785 2888931 367901 309503 195854 701503 673647 293981 306637 5065 2190643 400890 391538 2850 137071 42989 27856 121926 11129 9352 161685 58783 301572 296107 379666 371269
cat_boundaries=0 1 2 3 4 5 6 7 8 9 10 11 12 13 14 15 16 17 18 19 20 21 22
cat_threshold=2 1 300 128 1 105 1 8 3 97 4 1 15 2 1 1 24 41 32 16 34 100
is_linear=0
shrinkage=0.08


Tree=22
num_leaves=31
num_cat=20
split_feature=47 46 47 35 31 38 32 37 37 38 38 40 32 38 38 12 38 4 4 46 45 45 38 45 42 32 6 32 4 43
split_gain=498633 10012.4 7147.83 9461.46 3550.87 3362.95 3088.5 2718.5 2657.08 3079.58 2266.34 2029.94 1819.3 1339.71 1265.43 1250.61 1513.44 1203.22 1175.42 1155.45 1463.09 1125.21 1032.87 1344.35 1059.89 1009.73 1006.95 961.25 930.789 1262.69
threshold=0 1 2 3 1.0000000180025095e-35 4 inf 5 6 7 8 9 -2.7749999761581416 10 11 840.82498168945324 12 23.500000000000004 11.500000000000002 13 14 15 16 17 18 -10.085000038146971 74.649997711181655 -2.4050000905990596 27.500000000000004 19
decision_type=1 1 1 1 10 1 8 1 1 1 1 1 10 1 1 2 1 8 8 1 9 9 1 9 9 8 2 10 10 9
left_child=6 2 4 8 7 -5 -1 10 13 11 18 -10 22 -4 -9 21 -17 27 -2 -8 -21 -11 -12 -24 -25 -15 -20 -7 -26 -30
right_child=1 -3 3 5 -6 17 19 14 9 15 12 -13 -14 25 -16 16 -18 -19 26 20 -22 -23 23 24 28 -27 -28 -29 29 -31
leaf_value=0.076056240774969072 -0.033661717671797112 0.028729052121635443 -0.062874992633293311 -0.007193499682028235 0.024995300697013462 0.053760217380945559 0.065922970592090305 -0.022292214509964686 0.052527057791311206 0.037659951858170872 -0.047054932834683046 -0.04504231969452465 -0.050433165212553463 0.065496640369685971 -0.058526723833854162 0.091300288329345197 -0.0033097362056153023 0.072448739486328129 -0.01912554602878937 0.01533929457759577 0.069604813762495055 -0.016137248289953922 0.026592339413244081 -0.0032107676790046873 -0.039472610542295714 -0.037955227949062788 0.024281234086403588 -0.0047023715569388226 0.21788552960946964 -0.0072276063451398413
leaf_weight=530254.32510103285 19547.697312697768 15802.940717648715 17857.561144011095 14916.095850560814 4735.9481736905873 3670.2586706504226 182987.13577007875 6683.0953828766942 1423.9666586518288 2673.7235893420875 19830.451990302652 29800.196884542704 92227.030302887782 613.64690148830414 87208.822510584258 1711.7317165657878 2919.2144180759788 6560.7235955633223 9752.1509987041354 6743.4695575982332 6040.1302077583969 34347.471584368497 3030.0299298707396 7906.0332401115447 25608.768262121826 37717.377961248159 5268.0373036358505 3532.1881008949131 193.98697874322534 735.25207874551415
leaf_count=245970 155888 41082 156382 106262 18418 10995 110601 28815 3652 9283 392776 264409 1216146 1558 811414 5650 16305 10801 58062 7954 3096 171717 22243 95627 297677 183448 35269 13444 2034 8526
internal_value=0.0316994 -0.0338365 -0.0360812 -0.0224377 -0.0436934 0.0191239 0.0728858 -0.0448636 -0.0316721 -0.0215852 -0.0392042 -0.0405773 -0.0434746 -0.0447485 -0.0559503 -0.00734159 0.0318509 0.0476303 -0.0207245 0.0642985 0.0410457 -0.0122461 -0.0322828 -0.0244467 -0.028943 -0.0362896 -0.00390147 0.0250893 -0.0366048 0.0420338
internal_weight=1.1823e+06 456274 440471 157744 282727 28679.3 726025 277991 129065 72876.3 184099 31224.2 149532 56188.6 93891.9 41652.1 4630.95 13763.2 34567.9 195771 12783.6 37021.2 57304.5 37474.1 34444 38331 15020.2 7202.45 26538 929.239
internal_count=4505504 4137883 4096801 953906 3142895 141502 367621 3124477 812404 471016 2284248 268061 2035029 341388 840229 202955 21955 35240 249219 121651 11050 181000 818883 426107 403864 185006 93331 24439 308237 10560
cat_boundaries=0 1 2 3 4 5 6 7 8 9 10 11 12 13 14 15 16 17 18 19 20
cat_threshold=2 1 4 32 417 105 20 44 659 1 300 129 531 1 42 8 32 8 17 1
is_linear=0
shrinkage=0.08


Tree=23
num_leaves=31
num_cat=20
split_feature=38 32 41 43 38 36 3 45 44 36 3 13 1 46 37 37 45 38 41 36 37 32 32 44 3 38 3 27 42 38
split_gain=4998.39 3072.64 2388.62 2212.29 1866.2 1866.73 1603.09 1457.66 1217.62 1128.45 963.201 919.516 901.388 855.691 748.239 737.096 698.923 1927.55 672.869 702.271 618.247 579.426 575.324 1049.6 1114.04 543.679 870.924 548.874 535.522 513.553
threshold=0 -10.085000038146971 1 2 3 4 inf 5 6 7 312.17500305175787 1786.6750488281252 1.0000000180025095e-35 8 9 10 11 12 13 14 15 -7.7550001144409171 -10.085000038146971 16 432.49000549316412 17 665.52999877929699 5.5000000000000009 18 19
decision_type=1 8 9 9 1 9 8 9 9 9 8 2 2 1 1 1 9 1 9 9 1 8 10 9 10 1 10 8 9 1
left_child=2 -2 12 -4 5 7 9 10 -7 11 -3 14 16 -9 -6 -10 17 -1 19 -5 -12 -18 23 24 -16 26 27 -25 -23 -17
right_child=1 4 3 18 6 8 -8 13 15 -11 20 -13 -14 -15 22 29 21 -19 -20 -21 -22 28 -24 25 -26 -27 -28 -29 -30 -31
leaf_value=0.024224458609151726 0.053900091084379396 0.033116255040271436 0.065398165570529479 0.0029160846217094272 0.010765120336090608 0.054633935030894039 0.063073537235877788 0.022560303939470863 0.026550953691758205 -0.00064674029461826059 0.049428618906186855 0.0051267580585064847 0.043988875863772196 -0.059816648365522446 0.030727084364406396 0.018676726803001871 0.067676060386843734 -0.068435880823193823 0.043787028239195613 0.044709922145949793 0.031344040733010066 0.04197635728361665 0.026264522756054804 0.3988293383554003 0.10806718310712325 0.0089461069013497645 0.14732220608071647 0.022520526610469882 0.02738757999086875 0.0010066250794609987
leaf_weight=9589.0633014775813 26462.342890670523 179868.99811619148 33630.519143523648 5649.1770374719054 28282.457550806925 7420.4702569004148 6011.6649136841297 50583.192770790309 86305.706764638424 14261.888667378575 45976.396153410897 18912.440404995345 35001.618202185258 820.10605249926448 12687.091631621122 63120.306483391672 2741.0109941307455 1680.0702323298901 75304.4391839616 4727.1987784542143 16632.62963023223 20364.022059561685 241080.15669722855 24.842878451570868 1315.5936397016048 43688.957558330148 368.9202046263963 16906.200907412916 78832.613751783967 12645.876475270838
leaf_count=23992 73580 614693 38746 10689 124595 11835 3483 170495 230282 54546 211898 210884 70983 2208 29561 135086 3342 7310 134425 5327 69580 46584 1555152 33 7455 344697 2166 88596 186804 35581
internal_value=0.0299876 0.0270556 0.0395572 0.0479891 0.0262171 0.029635 0.0220865 0.0334933 0.0229435 0.0214344 0.0360895 0.0223007 0.0327664 0.0212419 0.0232446 0.021494 0.0292995 0.0103617 0.0411491 0.021981 0.0446372 0.031389 0.0243601 0.0182412 0.0379934 0.0137063 0.0257074 0.0230727 0.0303895 0.015728
internal_weight=1.1409e+06 873376 267520 119311 846914 463374 383540 293881 169492 377529 242478 363267 148208 51403.3 344354 162072 113207 11269.1 85680.8 10376.4 62609 101938 316072 74991.6 14002.7 60988.9 17300 16931 99196.6 75766.2
internal_count=4504608 3976406 528202 189187 3902826 1481658 2421168 1068874 412784 2417685 896171 2363139 339015 172703 2152255 400949 268032 31302 150441 16016 281478 236730 2027660 472508 37016 435492 90795 88629 233388 170667
cat_boundaries=0 1 2 3 4 5 6 7 8 9 10 11 12 13 14 15 16 17 18 19 20
cat_threshold=643 35 13 336 128 13 1 163 1 4 51 32 514 16 128 105 1 4 9 80
is_linear=0
shrinkage=0.08


Tree=24
num_leaves=31
num_cat=19
split_feature=32 41 43 34 31 4 36 37 36 2 37 4 44 18 2 32 45 43 46 44 45 2 45 37 25 34 37 44 35 13
split_gain=2686.32 1734.46 2538.29 2316.7 1413.71 1409.75 939.641 797.768 796.949 674.231 655.861 616.643 577.036 520.335 517.531 512.877 494.997 476.304 462.515 1315.19 546.831 625.005 474.278 474.04 583.542 447.528 447.274 561.083 2149.65 4036.04
threshold=-17.144999504089352 0 1 2 1.0000000180025095e-35 1.5000000000000002 3 4 5 1.0000000180025095e-35 6 1.5000000000000002 7 1.0000000180025095e-35 1.0000000180025095e-35 6.5850000381469735 8 9 10 11 12 inf 13 14 7.5000000000000009 15 16 17 18 2378.1000976562505
decision_type=8 9 9 1 10 10 9 1 9 8 1 10 9 2 8 10 9 9 1 9 9 8 9 1 8 1 1 9 1 2
left_child=9 2 -2 4 6 10 11 -7 13 -1 25 18 -8 -4 -13 -9 -6 26 22 -20 21 -21 23 24 -3 -5 -12 28 29 -28
right_child=1 3 8 5 16 7 12 15 -10 -11 17 14 -14 -15 -16 -17 -18 -19 19 20 -22 -23 -24 -25 -26 -27 27 -29 -30 -31
leaf_value=0.040384890448035851 0.066343568974664147 0.30403409857809427 -0.015279432452565092 0.021263014222020777 -0.023897824592457446 0.021221023186528531 0.049788676365917266 0.035190772412378307 0.043332863431875444 0.065922991901928102 -0.0023343861400209566 0.04348869161264611 0.021552498236571717 0.026462496331933285 0.027080434963194847 0.057858257642868324 0.057545021162779444 0.024241250811048644 0.065553264867021496 -0.0937297997267144 0.025871165148361137 0.051693176678288849 0.028235569204758976 0.043303768230098794 0.023756194231850995 0.012208283305050607 0.23488947239196978 0.015522722935384406 0.027995704474364023 1.6783923910184948
leaf_weight=13445.608591705561 17133.736887924373 47.714680980890989 4336.6156713906676 56909.1852319967 494.9019109942019 23422.265219319612 4818.0417732931674 29865.323678739369 5312.5615935511887 13026.021325958893 8829.214020434767 38533.127477863804 119975.4128707163 3417.3703374303877 18072.433856874704 8126.6343554025516 13424.321855906397 164871.03181018867 7881.3688733540475 548.46784245595336 5696.603208206594 288.7118922919035 437146.29012649879 27436.931536119431 13108.107820218429 90837.807339505292 153.06762962415814 8841.60204673931 995.17752953991294 13.488975938409565
leaf_count=40794 12777 204 8280 265412 1482 61081 6878 109177 6520 13466 104616 112925 270269 7707 49982 28939 18765 834622 8791 1757 7976 191 1737233 93896 60767 559065 1099 76853 3125 178
internal_value=0.0277653 0.027165 0.0460833 0.0266354 0.029437 0.0217323 0.028916 0.0328659 0.0194863 0.0529515 0.01967 0.030342 0.0226408 0.00311324 0.03825 0.0400289 0.0546735 0.0228631 0.0294331 0.0435516 0.0170121 -0.0430645 0.0290071 0.0372995 0.0247539 0.0156972 0.0107919 0.0223682 0.0746594 0.33187
internal_weight=1.13701e+06 1.11054e+06 30200.3 1.08034e+06 687472 392865 673553 61414.2 13066.5 26471.6 331451 548760 124793 7753.99 56605.6 37992 13919.2 183704 492154 14415.2 6533.78 837.18 477739 40592.8 13155.8 147747 18832.6 10003.3 1161.73 166.557
internal_count=4504827 4450567 35284 4415283 2371116 2044167 2350869 199197 22507 54260 1844970 2073722 277147 15987 162907 138116 20247 1020493 1910815 18715 9924 1948 1892100 154867 60971 824477 185871 81255 4402 1277
cat_boundaries=0 1 2 3 4 5 6 7 8 9 10 11 12 13 14 15 16 17 18 19
cat_threshold=16 4 71 130 6 128 5 1 32 32 1 2 32 8 65 8 16 1 1
is_linear=0
shrinkage=0.08


Tree=25
num_leaves=31
num_cat=21
split_feature=47 44 45 38 36 32 2 41 37 46 12 2 43 47 35 4 38 32 47 35 35 47 33 36 43 27 37 32 46 44
split_gain=449464 9552.04 7778.94 6799.5 6531.42 3262.19 3220.89 3089.24 3048.44 2574.93 2837.01 2091.2 2056.02 1764.77 2317.38 1758.34 1741.48 1571.79 1465.34 3547.09 1443.27 1791.84 1339.94 1279.64 1264.99 1229.54 1209.14 1208.56 1183.98 1741.37
threshold=0 1 2 3 4 inf inf 5 6 7 574.59497070312511 inf 8 9 10 11.500000000000002 11 2.2549999952316289 12 13 14 15 1.0000000180025095e-35 16 17 7.5000000000000009 18 39.944999694824226 19 20
decision_type=1 9 9 1 9 8 8 9 1 1 2 8 9 1 1 8 1 8 1 1 1 1 2 9 9 8 1 10 1 9
left_child=5 2 17 8 6 -1 9 12 11 10 16 13 -8 25 -15 -12 -5 -2 27 26 -4 24 -6 -16 -22 -3 -20 -18 -7 -30
right_child=1 3 20 4 22 28 7 -9 -10 -11 15 -13 -14 14 23 -17 18 -19 19 -21 21 -23 -24 -25 -26 -27 -28 -29 29 -31
leaf_value=0.07056402406607315 0.0042926427984563108 0.096561725831222592 -0.046174723986710763 -0.0020255801174965493 -0.048908707136659006 0.059695485808997847 0.07332357951518112 -0.12162822305986941 -0.064244343647859664 0.054298234331164437 -0.0066766139052834086 -0.1194522253882366 -0.074308941606605144 -0.037992137612341013 0.018025021798239119 0.044307276297499837 -0.040652300167164312 0.044118550663161921 -0.041979710619561753 0.065055173378706643 0.05558595322685321 0.056591437758581657 0.044218502050694143 -0.067155575592203365 -0.038623201135491662 -0.048026713900780768 -0.005003455217833761 0.10103033843442429 0.0045169849362819885 0.066668180277813904
leaf_weight=490411.30259092897 10875.470654472709 377.63012089766562 18502.332375897095 21965.193239558488 66747.4471995309 169687.85559590533 1150.5731608271599 3475.0072331726551 60590.106639303267 3545.5697931312025 10850.822556156665 2274.8413748219609 1248.3515800535679 38877.184978686273 8130.1593590714037 7203.2554443702102 34370.469118842855 15215.324463665485 12321.605228967965 3181.9641701690853 1044.962780199945 2133.6783433109522 1003.676780352369 1300.5715404078364 6814.1489289291203 115983.37279758789 10482.860858216882 389.68393930606544 6233.6339987665415 5371.1519903838634
leaf_count=245445 44216 4615 89333 112723 304424 110879 994 13726 704486 7005 87648 11427 4134 326982 69573 42719 276119 46629 73338 6287 11195 4185 5106 4467 40492 1788043 55073 2961 8115 2866
internal_value=0.0254512 -0.0354666 -0.00404904 -0.0396961 -0.0279753 0.0671743 -0.0159531 -0.0735937 -0.0488586 -0.0127088 -0.0150666 -0.043271 -0.00349093 -0.0422213 -0.0293677 0.013665 -0.021338 0.0275073 -0.0283162 -0.0139505 -0.0329409 -0.0084158 -0.0475221 0.00621926 -0.0260754 -0.0475575 -0.0249919 -0.0390639 0.0580048 0.033283
internal_weight=1.13176e+06 460056 54585.9 405470 177936 671704 110185 5873.93 227534 104311 100766 166944 2398.92 164669 48307.9 18054.1 82711.8 26090.8 60746.6 25986.4 28495.1 9992.79 67751.1 9430.73 7859.11 116361 22804.5 34760.2 181293 11604.8
internal_count=4505205 4137900 236050 3901850 992257 367305 682727 18854 2909593 663873 656868 2205107 5128 2193680 401022 130367 526501 90845 413778 134698 145205 55872 309530 74040 51687 1792658 128411 279080 121860 10981
cat_boundaries=0 1 2 3 4 5 6 7 8 9 10 11 12 13 14 15 16 17 18 19 20 21
cat_threshold=2 1 14 300 128 16 105 1 4 4 32 641 4 32 32 4 128 38 4 1 1
is_linear=0
shrinkage=0.08


Tree=26
num_leaves=31
num_cat=19
split_feature=47 44 45 47 35 38 37 32 38 38 37 31 38 4 3 38 12 37 2 38 47 35 45 1 43 3 12 3 2 37
split_gain=392458 7555.58 7448.48 6524.17 5966.67 3633.42 2975.27 2900.89 2591.59 2461.23 2058.51 1969.32 2228.39 1816.3 1661.54 1635.15 1413.93 1352.1 1327.37 1155.39 1395.58 1771.84 1131.82 1078 1015.19 1013.74 1101.55 957.803 956.607 919.728
threshold=0 1 2 3 4 5 6 inf 7 8 9 1.0000000180025095e-35 10 1.5000000000000002 514.92498779296886 11 742.22497558593761 12 inf 13 14 15 16 4.5000000000000009 17 475.18000793457037 160.00000762939456 806.76501464843761 inf 18
decision_type=1 9 9 1 1 1 1 8 1 1 1 8 1 10 8 1 2 1 8 1 1 1 9 2 9 8 2 8 8 1
left_child=7 2 11 9 6 -6 8 -1 16 23 13 12 14 18 -2 25 28 -7 -11 -4 24 -22 -19 27 29 26 -8 -3 -5 -21
right_child=1 3 19 4 5 17 15 -9 -10 10 -12 -13 -14 -15 -16 -17 -18 22 -20 20 21 -23 -24 -25 -26 -27 -28 -29 -30 -31
leaf_value=0.067801912943052989 -0.020881088483182819 -0.029915504565778153 -0.14264905776312753 0.01848211205010996 0.051186956509429948 -0.046078801088918285 -0.035138276706429272 0.055783758856343228 -0.025180883377767593 -0.044740014157149101 -0.060354516629205802 0.054580903456341132 0.059668435570557711 -0.014785982614963991 0.056847135834609708 -0.046752997624509275 0.0978866977656416 0.031573163509305793 -0.11191180831132089 0.033584045158202604 -0.024492516910490276 0.058226063279055773 -0.017308096048560977 0.12527346545421178 -0.054017172395014683 0.10890782831552005 0.0030014610898767852 0.071584124417454778 -0.079698164069940472 -0.073753188193378977
leaf_weight=471941.82149637863 10412.849591888487 45152.837522042915 600.28542721271515 8094.3618284240365 9398.8943169228733 4907.7422343716025 16196.260471474379 176653.03571734577 25479.573871683329 129692.4058132153 61478.939191308804 9622.1420491207391 4177.600763566792 13387.68297085166 2118.1041399985552 56422.121101694182 1379.9432381764054 5269.4783483706415 1910.5151517391205 1724.5168223809451 8635.8392510861158 2040.6436163447797 7110.6858989410102 293.3405362740159 14058.819456292316 374.78818962723017 6916.0425569079816 602.95982456579804 689.21376442909241 714.23770374804735
leaf_count=245680 47162 268018 2540 31741 17695 35812 72571 121491 186624 1903443 666366 18776 5949 149575 18950 438300 3709 25784 10154 14091 32406 3967 55718 1242 86546 496 29793 2026 1950 6079
internal_value=0.0247305 -0.0327767 -0.00474088 -0.0366193 -0.022916 0.0111794 -0.0307886 0.0645286 -0.0115586 -0.0443381 -0.0480693 0.0257408 0.00914766 -0.0428564 -0.00773653 -0.0393635 0.0225831 -0.0105885 -0.0457152 -0.0336353 -0.0311756 -0.00865055 0.00350636 -0.0275919 -0.0457716 -0.0215998 -0.0237255 -0.028578 0.0107783 0.00197539
internal_weight=1.09746e+06 448863 54105 394758 142239 26686.8 115552 648595 35643.1 252519 206470 26330.7 16708.6 144991 12531 79909.2 10163.5 17287.9 131603 27774.3 27174.1 10676.5 12380.2 46049.1 16497.6 23487.1 23112.3 45755.8 8783.58 2438.75
internal_count=4504654 4137483 236466 3901017 900193 135009 765184 367171 224024 3000824 2729538 90837 72061 2063172 66112 541160 37400 117314 1913597 145629 143089 36373 81502 271286 106716 102860 102364 270044 33691 20170
cat_boundaries=0 1 2 3 4 5 6 7 8 9 10 11 12 13 14 15 16 17 18 19
cat_threshold=2 1 14 4 32 594 106 659 643 105 300 643 20 129 4 32 1 42 116
is_linear=0
shrinkage=0.08


Tree=27
num_leaves=31
num_cat=18
split_feature=47 47 35 32 38 38 37 38 2 36 36 3 38 36 2 32 36 38 40 32 32 40 37 3 38 37 0 13 32 1
split_gain=348351 5628.04 7087.21 2871.86 2620.77 2290.84 2150.38 2317.93 2118.17 1878.55 1841.03 2420.86 1682.96 1680.25 1557.91 1397.67 1372.79 1251.55 1183.18 1208.65 1164.2 1154.02 1128.76 1127.44 1375.12 1117.9 1983.16 1510.29 1219.12 1092.71
threshold=0 1 2 inf 3 4 5 6 inf 7 8 475.18000793457037 9 10 1.5000000000000002 -7.7550001144409171 11 12 13 -1.4350000023841856 -2.4050000905990596 14 15 18.605000495910648 16 17 2.5000000000000004 5150.8552246093759 31.404999732971195 3.5000000000000004
decision_type=1 1 1 8 1 1 1 1 8 9 9 8 1 9 8 10 9 1 1 10 8 1 1 10 1 1 2 2 8 2
left_child=3 4 6 -1 16 -4 15 21 10 14 11 12 20 -9 22 23 29 -13 -15 -20 -6 -8 -7 24 -3 28 27 -27 -19 -2
right_child=1 2 5 -5 8 9 7 13 -10 -11 -12 17 -14 18 -16 -17 -18 25 19 -21 -22 -23 -24 -25 -26 26 -28 -29 -30 -31
leaf_value=0.064857742238847702 -0.0076037085872151548 -0.081095003238693023 0.050815283833013085 0.052655755484044775 0.0080608401289486171 -0.054060487864246713 0.04033755164906775 -0.051492057491053872 -0.10242948776318649 -0.044469079332253088 -0.053039213250113633 -0.030883215365385089 -0.045072389444744967 0.019336730615236074 -0.064119844159667053 -0.047804471120640672 -0.054578606701617058 -0.002728821189444361 0.0055343450980336259 -0.025277223351582015 -0.031659570758229914 -0.042517043528014206 0.026720701597026292 -0.025532708759532303 0.1136964887099102 -0.055893401552182038 0.89033943135406535 0.21479026656536565 0.056901279859230824 0.12166286074817899
leaf_weight=450400.65438886359 19773.873797880486 319.63323641940951 8303.1492101475596 170057.7222761251 5364.6280540302396 1187.7666334547102 1121.3986075222492 5263.5089556351304 3546.5345155224204 4508.7467380203307 55408.293913567439 14693.286343135871 120984.12014976889 10757.506033431739 1516.4900393299758 39815.29704336077 4305.9506715238094 7142.8193529676646 14980.553604241461 17864.962749410421 39460.29944736138 23886.797694865614 14835.506443852559 14561.225763466209 792.85216604918242 2938.733927546069 14.615923974663017 138.12242736667395 3167.2957208957523 427.56711456552148
leaf_count=245295 103564 1766 14193 121842 42605 20593 3051 22279 18105 16516 361614 542255 1514573 45942 8939 262444 20259 158451 80325 100785 304227 222355 83165 79289 1419 45454 142 1081 57291 1541
internal_value=0.0229766 -0.0317281 -0.0197651 0.0615134 -0.0386168 0.015025 -0.0279266 -0.0189808 -0.0410374 0.00152997 -0.0401658 -0.0364826 -0.040164 -0.00883869 0.013373 -0.0398311 -0.0136187 -0.0147688 -0.00367919 -0.0112209 -0.0268998 -0.0387871 0.0207155 -0.0196021 0.0580231 0.00291959 -0.0391992 -0.0437422 0.0155746 -0.00486535
internal_weight=1.05754e+06 437082 159715 620458 277366 30351.7 129364 73874.7 252859 22048.5 249312 193904 165809 48866.5 17539.8 55489 24507.4 28094.9 43603 32845.5 44824.9 25008.2 16023.3 15673.7 1112.49 13401.6 3091.47 3076.86 10310.1 20201.4
internal_count=4501360 4134223 963061 367137 3171162 143406 819655 474737 3045798 129213 3027693 2666079 1861405 249331 112697 344918 125364 804674 227052 181110 346832 225406 103758 82474 3185 262419 46677 46535 215742 105105
cat_boundaries=0 1 2 3 4 5 6 7 8 9 10 11 12 13 14 15 16 17 18
cat_threshold=2 4 32 641 82 20 36 128 160 82 73 193 32 4 1 16 41 113
is_linear=0
shrinkage=0.08


Tree=28
num_leaves=31
num_cat=21
split_feature=47 44 47 35 45 32 34 37 36 42 37 36 46 44 43 2 37 32 26 2 32 32 47 23 37 35 34 31 40 34
split_gain=307093 7757.59 5744.78 5466.81 5447.57 2978.96 2488.74 2191.76 1806.25 1955.87 1695.85 1474.39 1438.04 2298.1 1393.52 1377.7 1439.8 1305.61 1170.44 1164.22 1242.26 1141.87 1122.2 1183.76 1950.38 1149.87 1106.12 1103.79 1090.54 1084.77
threshold=0 1 2 3 4 inf 5 6 7 8 9 10 11 12 13 inf 14 -10.085000038146971 2.5000000000000004 inf -2.5249999761581416 21.154999732971195 15 5.5000000000000009 16 17 18 1.0000000180025095e-35 19 20
decision_type=1 9 1 1 9 8 1 1 9 9 1 9 1 9 9 8 1 8 8 8 10 10 1 2 1 1 1 8 1 1
left_child=5 4 7 10 14 -1 -6 -3 9 29 17 -5 18 -14 -2 16 -13 -4 -11 20 -20 -22 23 -16 -25 -24 28 -8 -18 -9
right_child=1 2 3 11 6 -7 27 8 -10 12 -12 15 13 -15 22 -17 26 -19 19 -21 21 -23 25 24 -26 -27 -28 -29 -30 -31
leaf_value=0.062351976474070425 0.031930384324672607 -0.066491572838558652 0.054895242776744624 -0.065300012264361704 0.046739429370263964 0.049677632745347582 -0.019256475293949225 0.02805317720037195 -0.052660024429727337 0.10038187229000115 -0.019777783887279857 -0.062899708833194692 0.048765151899547735 -0.089784082293453485 -0.050874953012507058 -0.082965190357851604 0.062526981437486764 -0.041477228719582343 -0.028722912698465476 -0.079342378444742179 -0.045712214191926046 -0.0018741318580681877 0.050197320415235808 0.39716384807836541 -0.010948964930128716 -0.023647013231402225 -0.013984739592955018 0.033865594568559323 0.020110321071815158 -0.022584027601173395
leaf_weight=434639.53282001615 2363.4598133340478 20556.583820381202 916.46499326080084 1501.3597688227892 14529.595434146002 163266.34727545828 8090.139008210972 4372.2780353147537 48972.422582006082 386.05462552886456 60445.558199817315 1274.9707132410258 2794.0195444859564 1055.7020422071218 13780.082314638421 868.33851713687181 5420.6128082089126 49109.738981163129 57760.501526723616 4463.8227848634124 85684.530527212657 3979.3125692624599 1589.605689894408 88.69441806152463 317.23224836029112 8645.8429937809706 4022.5828662160784 3625.0163345299661 13711.644317565486 7075.5333350179717
leaf_count=245536 19825 373693 2616 5648 28848 121560 51649 54345 295540 3626 436669 22617 8185 7553 88060 2613 8933 324798 854492 19472 1173634 72714 2630 759 2021 30414 46947 11815 48214 135274
internal_value=0.0218742 -0.0299099 -0.0339663 -0.0209421 -0.0012729 0.0588911 0.0246259 -0.0415068 -0.0391301 -0.0351731 -0.0288039 0.0114718 -0.0375145 0.0107711 -0.0266487 0.016052 0.019578 -0.0397038 -0.0387377 -0.0390913 -0.0378726 -0.0437667 -0.0323286 -0.0469086 0.0877375 -0.0121528 0.0241362 -0.00281653 0.0321543 -0.00323649
internal_weight=1.02531e+06 427402 374372 137271 53029.7 597906 26244.8 237101 216544 167572 110472 26799.5 156124 3849.72 26784.9 25298.1 24429.8 50026.2 152274 151888 147424 89663.8 24421.5 14186 405.927 10235.4 23154.8 11715.2 19132.3 11447.8
internal_count=4500700 4133604 3897583 899055 236021 367096 92312 2998528 2624835 2329295 764083 134972 2139676 15738 143709 129324 126711 327414 2123938 2120312 2100840 1246348 123884 90840 2780 33044 104094 63464 57147 189619
cat_boundaries=0 1 2 3 4 5 6 7 8 9 10 11 12 13 14 15 16 17 18 19 20 21
cat_threshold=2 1 4 32 32 14 18 160 1 20 57 1 2 34 16 4 80 9 30 4 13
is_linear=0
shrinkage=0.08


Tree=29
num_leaves=31
num_cat=18
split_feature=47 44 38 36 45 37 32 40 5 6 38 32 36 42 26 32 34 22 14 45 35 19 39 18 32 41 17 47 45 34
split_gain=271694 6471.66 6291.67 5690.64 5388.07 2635.9 2629.68 2379.61 1677.41 1573.69 1525.87 1375.73 1393.79 1576.73 1426.34 1322.72 1274.36 1273.31 1249.77 1196 2408.12 1233.05 1178.25 1130.41 1106.04 1088.42 1045.29 1032.49 1011.79 998.324
threshold=0 1 2 3 4 5 inf 6 8.5000000000000018 467.60005187988287 7 -10.085000038146971 8 9 2.5000000000000004 1.3949999809265139 10 7.5000000000000009 1.0000000180025095e-35 11 12 5258.1799316406259 13 7978.1999511718759 -2.2849999666213985 14 1.0000000180025095e-35 15 16 17
decision_type=1 9 1 9 9 1 8 1 2 2 1 8 9 9 8 8 1 2 2 9 1 2 9 2 10 9 2 1 9 1
left_child=6 4 5 7 15 10 -1 8 23 25 -3 -12 13 -13 -15 -2 19 -7 -11 20 -9 24 -6 28 -22 29 -18 -16 -4 -5
right_child=1 2 3 9 22 17 -8 16 -10 18 11 12 -14 14 27 -17 26 -19 -20 -21 21 -23 -24 -25 -26 -27 -28 -29 -30 -31
leaf_value=0.059925994332256483 0.0013871695553170635 -0.047164816488079166 -0.017467335448413085 0.084093161976312364 0.018517069316391577 -0.05701165429249401 0.047881074492402698 0.037953761250774889 0.1144946319651256 0.0069552531456242087 0.032487271124289327 0.023370125938507701 -0.057124284365141949 0.18194234628199063 -0.036733467760747568 0.042071932151704329 -0.020006623259967455 0.83321968293418391 -0.056300959883567495 -0.040485627807307807 -0.0043352534276695819 0.1589343918515212 -0.029741587926169155 0.34095481277457557 -0.044670625658134656 -0.047252689764338954 0.0079494367846157706 -0.017042232198997889 0.016816042574899184 -0.035705318477400924
leaf_weight=418562.70478091389 7857.6536386776716 50546.441839458421 7786.2437396422029 774.63910545408726 3688.2166902925819 51823.898276299238 160482.38584209234 4676.958496928215 973.55653357505798 7271.4090805575252 2201.3582804966718 3675.0984117239714 11891.275115637109 202.35200372897089 55818.825331749395 14648.571692217141 15621.38494845666 10.284753256477414 2756.8399194665253 18713.878031855449 7226.904074922204 227.1485310383141 26521.729423103854 64.937637083232403 10933.027581501752 49970.25554382056 18935.893549414352 24531.858703017235 18781.188127018511 1021.0248278751969
leaf_count=245460 29637 1022425 47949 1373 15149 703508 121797 28537 4184 31775 19992 51036 78580 1221 846251 37963 88752 114 15204 137902 44521 750 154091 96 80404 256869 147571 187039 102199 3745
internal_value=0.0210776 -0.0279784 -0.0317487 -0.0202089 -0.00177004 -0.0412751 0.0565877 -0.00877676 0.0113493 -0.0394337 -0.0358576 -0.0300404 -0.0314755 -0.0278444 -0.0301836 0.0278552 -0.0160557 -0.0568241 -0.0104343 -0.0254565 -0.0132498 -0.0262875 -0.023842 0.00758305 -0.0286188 -0.0450592 -0.00468656 -0.0307215 0.0067682 0.0161546
internal_weight=998198 419153 366437 165735 52716.2 200701 579045 103941 27605.9 61794.2 148867 98320.8 96119.4 84228.1 80553 22506.2 76335.2 51834.2 10028.2 41777.9 23064 18387.1 30209.9 26632.4 18159.9 51765.9 34557.3 80350.7 26567.4 1795.66
internal_count=4506094 4138837 3901997 991831 236840 2910166 367257 682865 154428 308966 2206544 1184119 1164127 1085547 1034511 67600 528437 703622 46979 292114 154212 125675 169240 150244 124925 261987 236323 1033290 150148 5118
cat_boundaries=0 1 2 3 4 5 6 7 8 9 10 11 12 13 14 15 16 17 18
cat_threshold=2 1 300 128 12 105 4 32 161 1 10 9 24 1 16 4 4 104
is_linear=0
shrinkage=0.08


Tree=30
num_leaves=31
num_cat=16
split_feature=47 46 47 35 32 38 38 38 3 11 3 45 34 43 31 25 24 34 46 3 2 45 38 27 45 34 3 2 20 13
split_gain=239504 5706.76 5020.64 4663.79 2571.92 2218.22 2031.56 2014.13 1746.54 1580.6 1463.02 1453.65 1434.48 1418.48 1334.93 1269.62 1210.26 1183.35 1106.83 2606.9 3295.72 1066.43 1054.27 976.813 908.909 900.308 888.169 885.298 871.857 838.436
threshold=0 1 2 3 inf 4 5 6 inf 9.5000000000000018 514.92498779296886 7 8 9 1.0000000180025095e-35 3.5000000000000004 -1.0000000180025095e-35 10 11 18.605000495910648 inf 12 13 1.0000000180025095e-35 14 15 541.10498046875011 inf 1.0000000180025095e-35 37.879997253417976
decision_type=1 1 1 1 8 1 1 1 8 2 8 9 1 9 10 10 2 1 1 10 8 9 1 8 9 1 10 8 2 2
left_child=4 2 5 6 -1 11 17 -5 9 -7 14 12 29 16 15 -8 -9 -4 -6 20 21 -20 -19 -13 -24 -11 -12 -3 -15 -2
right_child=1 27 3 7 18 8 10 13 -10 25 26 23 -14 28 -16 -17 -18 22 19 -21 -22 -23 24 -25 -26 -27 -28 -29 -30 -31
leaf_value=0.057456542497001745 -0.024636286543253935 0.024049163999851193 -0.022053430395511487 0.047484051730109597 0.04710964190684816 -0.030322331998241692 -0.032056529926636997 -0.033340051322612314 0.1310389770794039 0.03207552214533721 0.15611598382869413 0.16451361535990278 -0.031690245511809829 0.023178298321096746 0.044177084158809186 0.095125335210908255 0.21112114112933472 0.044291847555369086 0.019187200068401383 0.057995668999182605 0.036420141877003293 -0.12524916684576304 -0.054606266051430111 -0.044786084207680703 0.0082780552283239078 -0.015011090991589498 -0.11191597938747851 -0.11228923243038194 -0.035977350877874376 0.051914800188427437
leaf_weight=402161.99993022159 1499.994550799951 15078.586195491254 12861.961730588228 7668.7067433968186 144935.3852606304 83026.361496351659 89193.153814006597 7156.7738317037001 452.6335593983531 3981.6563472636044 416.69715370237827 142.86686551384628 18148.016412593424 11513.185168467462 1523.5669815130532 505.19133060052991 132.00008383765817 4329.4107512421906 408.23001370951533 5341.4902760386467 2619.7728954777122 1705.522173628211 1778.6781449168921 129873.17302011419 8274.0750640407205 7437.9810381103307 97.668330773711205 311.10169321298599 1850.8678463902324 2350.6904097571969
leaf_count=245052 11487 40395 61454 13564 110461 595853 687764 47682 373 27851 387 659 265537 56257 3700 1421 429 14600 444 3267 2268 5048 7792 2163254 33074 56533 610 936 22827 19742
internal_value=0.0199415 -0.0264988 -0.0283645 -0.0166757 0.0540821 -0.0353378 -0.0236196 0.0125 -0.0257301 -0.0264841 -0.0293171 -0.0413312 -0.0222799 -0.000506827 -0.030079 -0.0313402 -0.0288732 -0.00443116 0.0453273 0.0196876 -0.0235407 -0.0978559 0.0113328 -0.0445527 -0.00289155 0.00142142 0.105222 0.0212931 0.0149743 0.0220379
internal_weight=966777 409605 394215 147302 557172 246913 118980 28321.5 94898.6 94446 91736.3 152015 21998.7 20652.8 91221.9 89698.3 7288.77 27244.1 155010 10075 4733.53 2113.75 14382.2 130016 10052.8 11419.6 514.365 15389.7 13364.1 3850.68
internal_count=4500721 4134181 4092850 951561 366540 3141289 810802 140759 680610 680237 693882 2460679 296766 127195 692885 689185 48111 116920 121488 11027 7760 5492 55466 2163913 40866 84384 997 41331 79084 31229
cat_boundaries=0 1 2 3 4 5 6 7 8 9 10 11 12 13 14 15 16
cat_threshold=2 1 4 32 300 515 82 10 4 42 2 1 5 512 32 18
is_linear=0
shrinkage=0.08


Tree=31
num_leaves=31
num_cat=18
split_feature=47 44 47 35 3 3 34 36 3 37 33 36 42 31 43 37 3 21 37 35 26 7 21 12 5 36 47 37 36 35
split_gain=209601 5902.27 4177.14 3873.01 3372.33 2298.18 2253.11 2169.05 2063.58 1978.4 1961.91 1955.79 2105.86 1815.6 1702.32 1435.67 1224 1208.58 1324.45 1381.5 2636.35 2526.47 2166.73 2160.07 1172.95 1223.91 1152.26 1091.8 1041.98 997.844
threshold=0 1 2 3 432.49000549316412 inf 4 5 18.605000495910648 6 1.0000000180025095e-35 7 8 inf 9 10 72.735000610351577 1.0000000180025095e-35 11 12 9.2500000000000018 231.42501068115237 1.5000000000000002 1442.174987792969 5.5000000000000009 13 14 15 16 17
decision_type=1 9 1 1 10 8 1 9 8 1 2 9 9 8 9 1 10 2 1 1 10 2 2 2 2 9 1 1 9 1
left_child=13 4 10 -4 6 7 8 -5 27 -9 11 12 14 -1 -3 -11 -16 -18 -19 20 22 -22 -20 -24 25 29 -8 -2 -12 -6
right_child=1 2 3 5 24 -7 26 9 -10 15 28 -13 -14 -15 16 -17 17 18 19 -21 21 -23 23 -25 -26 -27 -28 -29 -30 -31
leaf_value=0.053940773720909649 0.012013924113934732 -0.042490919268090066 0.029766738839838769 -0.046387397050159242 0.13766966802069699 0.11598035742325259 -0.039358231465097322 -0.072606497134690362 0.025904880596714478 -0.021966225620069349 0.33413717010114796 -0.053735443211345539 -0.037681063009034406 0.041836204937797057 0.06487046468508384 -0.0014497946087300624 -0.015479720084518912 0.26834977769324747 0.041480350622591373 -0.0017540699435818841 1.7347487498306648 -0.093339423665303664 1.1866190975845812 -0.097445806321815348 -0.011864455504510638 -0.027340708754407816 -0.0034409756032934549 -0.059116157307751063 0.019014111997198407 0.057567636486521093
leaf_weight=442996.98858955875 2340.9894137457013 12728.174390283413 10418.319130506366 19460.208973199129 1682.2104381863028 778.29077729210258 13501.686958197504 3956.2361002964899 16380.926928395405 63824.108036126941 58.680090600624681 33666.749801963568 136242.3016032083 96598.134238380939 1412.4964410811663 33187.329075464979 28885.250180728734 151.51084516756237 252.54392352886498 1573.2904026843607 13.064306135289373 7.6842249557375899 22.419367972761393 13.393272424116729 1288.4252056591213 662.85188308358192 9913.6962248720229 3358.4807355534285 3304.4968997938558 2559.7476383522153
leaf_count=288030 9523 315179 22602 96309 21993 416 85171 81758 43549 463823 494 242793 2025747 79319 7331 236020 336649 1511 4438 18895 120 184 159 281 13500 2924 35900 16333 45932 7574
internal_value=0.0192034 -0.0245537 -0.0282808 -0.0170241 0.000680246 -0.0210467 -0.00685902 -0.021934 0.0114737 -0.0172147 -0.0350671 -0.0360157 -0.0327204 0.0517738 -0.0177165 -0.0149485 -0.00795328 -0.0112827 0.0483228 0.0290334 0.18088 1.05772 0.124061 0.706402 0.056064 0.0739079 -0.0241411 -0.029983 0.0255624 0.0895823
internal_weight=941241 401646 349957 131624 51689 121206 45495.8 120428 22080.4 100968 218332 214969 181302 539595 45059.8 97011.4 32331.7 30919.2 2033.91 1882.4 309.105 20.7485 288.357 35.8126 6193.24 4904.81 23415.4 5699.47 3363.18 4241.96
internal_count=4504457 4137108 3900641 900928 236467 878326 190476 877910 69405 781601 2999713 2953287 2710494 367349 684747 699843 369568 362237 25588 24077 5182 304 4878 440 45991 32491 121071 25856 46426 29567
cat_boundaries=0 1 2 3 4 5 6 7 8 9 10 11 12 13 14 15 16 17 18
cat_threshold=2 1 4 8 14 104 16 192 17 35 5 8 1 145 4 13 48 17
is_linear=0
shrinkage=0.08


Tree=32
num_leaves=31
num_cat=11
split_feature=38 41 2 32 43 2 36 38 32 4 1 34 7 45 3 3 19 12 7 7 1 7 32 12 2 45 46 31 42 34
split_gain=2557.03 1717.24 1565.99 2342.1 1500.27 1548.14 1244.89 1262.43 1032.96 996.578 999.251 845.162 798.134 710.768 690.496 655.381 878.298 1649.42 901.191 798.124 890.146 1794.65 784.376 958.958 641.722 567.856 785.712 625.456 557.802 533.484
threshold=0 1 inf -6.9349999427795401 2 2.5000000000000004 3 4 -2.6550000905990596 inf 1.0000000180025095e-35 5 1405.0000610351565 6 282.89500427246099 806.76501464843761 7051.2500000000009 656.04998779296886 62.00000190734864 42.50000190734864 2.5000000000000004 48.000007629394538 31.404999732971195 720.00003051757824 inf 7 8 1.0000000180025095e-35 9 10
decision_type=1 9 8 10 9 8 9 1 8 8 2 1 2 9 10 10 2 2 2 2 2 2 10 2 8 9 1 10 9 1
left_child=1 9 6 14 28 -6 7 8 13 10 11 -1 15 -2 -4 29 18 -18 19 22 21 -21 -17 -24 -13 27 -27 -10 -3 -9
right_child=2 4 3 -5 5 -7 -8 12 25 -11 -12 24 -14 -15 -16 16 17 -19 -20 20 -22 -23 23 -25 -26 26 -28 -29 -30 -31
leaf_value=0.025860275808624499 -0.01194124009379989 0.029880045724748294 0.063670884548034337 -0.0059256395249895578 0.033561333978903714 -0.00015992585125459752 0.0070741458442457944 0.0085075502250857669 0.019813488288263612 0.30476903750680656 0.032350356278662569 0.011770424556949965 -0.0092667826753403057 0.036315295125952017 0.018877496468785754 0.077117216410095349 1.3331682843227877 0.10605761802626155 -0.0032983406863924371 1.467733110089223 0.071195005227104632 0.18851331616445585 0.82204757104112491 -0.019572538084412023 -0.022920500838592473 0.01163709778874196 -0.084302362667667968 0.049840960048386888 0.063846682901949475 0.015927008274138083
leaf_weight=31479.335955107585 2078.4348533591256 4165.05666272901 11599.602029152215 5582.086960054934 67929.135375918821 9995.4230716209859 101219.42933169007 91323.93285267707 199628.70196744334 78.340681023895741 28750.058380840346 56232.543752234429 9917.408272113651 32677.233923395164 2718.7045221589506 542.59809301421046 10.017420813441275 23.354176358319819 704.62871252372861 12.10489915404469 24.660076458007097 16.705207412131131 20.444389658048749 15.037768105044959 3633.1669895239174 43093.440625625663 553.3371074013412 4540.5326765496284 12781.603177767247 193911.4841460241
leaf_count=83626 11572 9038 7484 17433 148941 18265 347369 873978 869795 65 70564 175894 138675 145486 3956 5008 47 485 10786 121 50 284 159 127 7901 173271 1903 7604 12429 1357545
internal_value=0.0182531 0.0258842 0.0159088 0.0380295 0.0339334 0.0292321 0.015262 0.0166927 0.02052 0.0195275 0.019343 0.0152491 0.0130449 0.0334365 0.0551657 0.0138175 0.0690262 0.474409 0.0589016 0.128299 0.424004 0.725992 0.100947 0.465359 0.00966347 0.0187094 0.0104184 0.0204803 0.0555211 0.0135524
internal_weight=915259 215045 700214 19900.4 94871.2 77924.6 680313 579094 282572 120173 120095 91345 296522 34755.7 14318.3 286605 1369.55 33.3716 1336.18 631.55 53.4702 28.8101 578.08 35.4822 59865.7 247816 43646.8 204169 16946.7 285235
internal_count=4499861 526723 3973138 28873 188673 167206 3944265 3596896 1209631 338050 337985 267421 2387265 157058 11440 2248590 17067 532 16535 5749 455 405 5294 286 183795 1052573 175174 877399 21467 2231523
cat_boundaries=0 1 2 3 4 5 6 7 8 9 10 11
cat_threshold=643 35 5 130 336 116 32 13 1 49 48
is_linear=0
shrinkage=0.08


Tree=33
num_leaves=31
num_cat=16
split_feature=47 38 2 36 47 35 34 37 32 41 33 18 46 32 36 46 38 32 34 10 12 4 37 20 38 32 4 4 35 33
split_gain=190002 5764.91 2839.34 2716 2623.33 4161.37 2294.93 2249.76 2198.62 1843.33 1431.96 1414.2 1300.05 1298.1 1294.42 1242.38 1226.7 1124.17 1061.72 1050.13 1018.49 960.934 909.457 905.832 884.269 860.936 1079.51 855.579 848.557 793.66
threshold=0 1 inf 2 3 4 5 6 inf 7 1.0000000180025095e-35 2968.190063476563 8 -6.9349999427795401 9 10 11 -7.7550001144409171 12 1.0000000180025095e-35 65.009998321533217 1.5000000000000002 13 11.500000000000002 14 -2.7749999761581416 1.5000000000000002 13.500000000000002 15 1.0000000180025095e-35
decision_type=1 1 8 9 1 1 1 1 8 9 2 2 1 10 9 1 1 8 1 2 2 8 1 2 1 10 10 10 1 2
left_child=8 2 3 11 10 22 9 13 -1 -4 12 17 14 -7 16 -10 -3 -2 -9 25 -5 29 -6 -23 -19 -18 -27 -13 -22 -15
right_child=1 4 6 20 5 7 -8 18 15 -11 -12 27 -14 21 -16 -17 19 24 -20 -21 28 23 -24 -25 -26 26 -28 -29 -30 -31
leaf_value=0.051866887975359821 0.079307773132384157 -0.042991134833340043 0.077994534520294881 -0.039590648571117597 -0.067941059073045512 0.015444977363099839 -0.078011678699833067 -0.021224218436327963 0.042171410961907026 -0.091228424126261642 0.020058749155696422 0.04308157249098276 -0.0028037465681345353 -0.033200574918943543 -0.050502252489958224 0.01177953042136862 -0.019603431159746915 -0.008254666455246331 -0.042135096851107987 0.0029074695982070822 0.064996389860961581 -0.0009246227099693195 0.044912443531515092 0.48614924908435636 0.013028361708010402 -0.040624990116294599 -0.0051250171153693572 0.16040407816130081 -0.01356622401889541 0.082646078488887803
leaf_weight=368097.22212428972 1273.8610856644809 61468.918002443388 1274.5971791818738 12966.093426717445 481.60641421377659 10247.35561138019 5816.3200887739658 26579.469679106027 136409.10310360417 597.31839843839407 2918.0935836657882 1777.4741089083254 7110.9537707008421 15755.650223448873 39773.097095794976 9188.139363758266 29167.978049986064 23190.13912769407 37682.738151637837 6402.3147065127268 941.86412326619029 11089.714495968074 6962.6449905410409 24.490410447120667 27066.036826934665 48580.283677675761 6179.4944674530998 512.5166043639183 11660.086410734802 387.79969564452767
leaf_count=245196 4063 1385125 1023 62092 4065 58813 20782 176258 110666 2128 42434 10865 26406 136113 317530 11014 360810 143475 364776 88943 2794 52735 12071 57 131727 604692 70866 2069 52394 2752
internal_value=0.0164313 -0.0250682 -0.00687205 -0.00237727 -0.0301648 -0.0201801 -0.0532937 -0.0244028 0.0485753 0.0237985 -0.0355752 0.00782203 -0.0363924 -0.00882644 -0.0376391 0.0402535 -0.0342633 0.00508973 -0.0334908 -0.0283199 -0.0238403 -0.0179544 0.03753 0.000148656 0.0032085 -0.0307054 -0.0366189 0.0693392 -0.00765368 -0.0304177
internal_weight=911583 397889 87076.3 79388.1 310813 109211 7688.24 101767 513694 1871.92 201601 53820 198683 37505 191572 145597 151799 51530 64262.2 90330.1 25568 27257.7 7444.25 11114.2 50256.2 83927.8 54759.8 2289.99 12602 16143.4
internal_count=4504734 4137858 433412 409479 3704446 807640 23933 791504 366876 3151 2896806 292199 2854372 250470 2827966 121680 2510436 279265 541034 1125311 117280 191657 16136 52792 275202 1036368 675558 12934 55188 138865
cat_boundaries=0 1 2 3 4 5 6 7 8 9 10 11 12 13 14 15 16
cat_threshold=2 643 161 4 8 112 106 16 1 128 1 40 11 16 2 16
is_linear=0
shrinkage=0.08


Tree=34
num_leaves=31
num_cat=11
split_feature=47 46 47 35 44 3 32 37 37 44 44 3 36 22 13 3 2 46 3 2 3 10 26 1 18 6 18 3 7 3
split_gain=162668 5059.32 3971.01 3224.69 2639.97 3325.67 2306.12 1897.08 1724.21 1535.62 2856.91 1398.15 1264.73 1260.53 1402.64 1251.32 1244.75 1204.69 2639.29 2720.75 1026.22 981.108 1016.69 952.377 912.014 887.901 950.522 1071.73 1370.59 876.965
threshold=0 1 2 3 4 35.924999237060554 inf 5 6 7 8 inf 9 6.5000000000000009 1786.6750488281252 128.69499969482425 inf 10 19.025000572204593 inf 59.68499946594239 1.0000000180025095e-35 1.0000000180025095e-35 3.5000000000000004 9588.1250000000018 380.52000427246099 427.77499389648443 77.475002288818374 1600.0500488281252 1.0000000180025095e-35
decision_type=1 1 1 1 9 8 8 1 1 9 9 8 9 2 2 10 8 1 10 8 8 2 8 2 2 2 2 10 2 10
left_child=6 2 4 12 5 -2 -1 13 29 -3 -11 21 16 -6 -15 20 -4 -8 19 -19 -10 22 -9 -24 25 -23 -27 28 -28 -5
right_child=1 9 3 8 7 -7 17 11 15 10 -12 -13 -14 14 -16 -17 -18 18 -20 -21 -22 24 23 -25 -26 26 27 -29 -30 -31
leaf_value=0.049525597358465026 -0.046427509808566587 0.050320193224435324 0.027160153222973778 0.11625273834828236 -0.061180068100711707 0.01256492950008054 0.039354592409316803 0.094569940716966394 -0.0097969889086498632 0.025355366666876412 -0.083212513003997693 0.10807334434548499 -0.01959183928884323 1.1578726719544756 -0.096613521174364489 -0.019932262729064596 -0.087766745703885707 -0.10135299987567312 0.050697284077708613 0.025954123037273399 0.022858695709186208 -0.027867799463836294 -0.035275479601415569 0.0084270491581734594 -0.066582761999323156 0.17979919883016024 0.026858270165925281 -0.00013393372419242232 0.32844905005202052 -0.031847555744064268
leaf_weight=354941.76061695814 9332.1749186217785 6834.242875078693 17297.510511090979 257.22173969447613 16530.49256802164 17746.327128703706 131745.01842140034 391.80262008309364 16927.652716722339 6496.5316467657685 2037.8041157089174 454.58315620571375 5881.4116861894727 11.46711266692728 11.350295784883199 43580.721713734791 624.93321719020605 2098.277503285557 4669.6648418903351 2201.7785912491381 9681.2864456214011 6584.9616582589224 168352.72595698014 3253.0258742850274 1824.1763568585739 211.03854924347252 280.88912459462881 6824.7100619757548 146.86085121333599 49355.718402290717
leaf_count=245305 62198 15871 111279 161 370852 102980 110919 2488 79503 11001 14198 424 18642 55 147 353406 2025 5565 3234 2239 43863 91467 2318421 43855 31736 2496 2815 110034 754 344666
internal_value=0.0156571 -0.0229281 -0.0247691 -0.0143143 -0.0312417 -0.00776588 0.0460898 -0.0343445 -0.019657 0.0220613 -0.000568159 -0.0320561 0.012578 -0.0603234 0.533841 -0.0115841 0.0231399 0.0374232 0.00905467 -0.0361673 0.00208432 -0.0323969 -0.0341531 -0.034447 -0.0133662 -0.00645604 0.0124353 0.00756522 0.130404 -0.0310735
internal_weight=886588 390932 375563 143606 231957 27078.5 495656 204878 119803 15368.6 8534.34 188325 23803.9 16553.3 22.8174 70189.7 17922.4 140715 8969.72 4300.06 26608.9 187870 171998 171606 15872.6 14048.5 7463.5 7252.46 427.75 49612.9
internal_count=4502599 4135337 4094267 953545 3140722 165178 367262 2975544 821599 41070 25199 2604490 131946 371054 202 476772 113304 121957 11038 7804 123366 2604066 2364764 2362276 239302 207566 116099 113603 3569 344827
cat_boundaries=0 1 2 3 4 5 6 7 8 9 10 11
cat_threshold=2 1 4 9 1 18 20 2 1 128 1
is_linear=0
shrinkage=0.08


Tree=35
num_leaves=31
num_cat=17
split_feature=47 44 38 36 2 45 3 47 32 37 37 33 37 34 41 31 38 19 43 32 38 42 41 32 38 32 18 2 32 3
split_gain=141723 4457.36 4795.5 5195.61 3151.59 2573.15 2325.45 2294.45 2258.9 1668.75 1443.55 1441.11 1431.82 1321.31 1496.51 1209.67 1161.41 1102.26 1072.65 1031.61 1040.09 1068.84 1073.15 1009.32 988.432 974.757 1104.3 1794.57 960.837 924.102
threshold=0 1 2 3 inf 4 665.52999877929699 5 inf 6 7 1.0000000180025095e-35 8 9 10 1.0000000180025095e-35 11 69.005001068115249 12 -17.144999504089352 13 14 15 -2.5249999761581416 16 1.794999957084656 18018.814453125004 1.0000000180025095e-35 -1.4350000023841856 502.35499572753912
decision_type=1 9 1 9 8 9 8 1 8 1 1 2 1 1 9 8 1 2 9 8 1 9 9 10 1 8 2 10 10 10
left_child=8 5 10 4 6 15 7 23 -1 29 -3 19 -13 14 -6 16 -2 -18 -7 -5 -21 -22 -23 -4 -20 -8 -27 -28 -26 -9
right_child=1 2 3 11 13 18 25 9 -10 -11 -12 12 -14 -15 -16 -17 17 -19 24 20 21 22 -24 -25 28 26 27 -29 -30 -31
leaf_value=0.047573158127967717 0.049930985377369251 -0.065240700193561901 -0.0049758900021179319 0.034873585224056598 0.072156997743962364 0.2769239480557098 -0.024248965701326265 0.014008723344501284 0.035433495103546472 -0.011392765742887164 -0.034785621940310409 0.16155939241155021 -0.021809445600253344 -0.086918986065119719 -0.097644684176975111 0.042665653702436586 -0.031373862971038884 0.015858412954411479 -0.11806509913718795 -0.052900394559411278 -0.018632119051048314 0.024485887005193909 -0.044420499460273842 -0.023696696043586749 0.0077579600502963222 0.077819975669669833 0.0509924121621219 0.60754591494690946 -0.026166761543562719 0.093059665662116875
leaf_weight=344963.9298053626 3104.4751732908189 11064.343169512227 30098.236302558333 1306.9984593912959 809.44471066445112 69.347543198615313 566.70688794460148 32103.457458391786 137081.52208888903 23936.973685644567 102176.5366159752 464.00608539022505 641.57405793108046 4478.9940227344632 548.66387951374054 9066.6890064869076 5558.8850547727197 7334.3454703409225 604.42399974539876 19169.987437989563 24262.07437632978 1518.566695459187 29633.653001472354 47550.063465564512 7864.8900542445481 1902.3016075231135 81.704567876644433 67.887037147767842 16664.361966630444 975.17230058833957
leaf_count=245722 4609 331359 320453 4995 795 246 9623 165950 121848 153499 1855082 4596 3474 18627 2441 18830 23211 44114 2585 167051 128747 4359 168117 540206 42967 16366 794 225 99893 5100
internal_value=0.0152446 -0.0210402 -0.0243888 -0.0175039 -0.0084873 0.00116669 -0.00603998 -0.00749191 0.0441209 0.00469442 -0.0377668 -0.0342603 0.0564135 -0.0660603 0.00334631 0.0193126 0.00608939 -0.00450218 -0.0168804 -0.0355857 -0.0368204 -0.0312426 -0.0410548 -0.0164401 -0.0178009 0.0686267 0.0942777 0.303565 -0.0152831 0.0163342
internal_weight=865670 383625 333357 220116 143120 50267.4 137283 134664 482045 57015.6 113241 76996.9 1105.58 5837.1 1358.11 25064.4 15997.7 12893.2 25203 75891.3 74584.3 55414.3 31152.2 77648.3 25133.7 2618.6 2051.89 149.592 24529.3 33078.6
internal_count=4505884 4138314 3901859 1715418 1234079 236455 1212216 1185208 367570 324549 2186441 481339 8070 21863 3236 90764 71934 67325 145691 473269 468274 301223 172476 860659 145445 27008 17385 1019 142860 171050
cat_boundaries=0 1 2 3 4 5 6 7 8 9 10 11 12 13 14 15 16 17
cat_threshold=2 1 44 128 14 4 105 16 34 112 16 721 2 256 25 16 129
is_linear=0
shrinkage=0.08


Tree=36
num_leaves=31
num_cat=14
split_feature=47 44 38 45 32 41 32 40 45 27 34 32 39 16 31 33 4 19 23 34 4 12 32 47 38 32 30 38 45 13
split_gain=123264 4028.22 4474.03 2710.78 2244.34 2189.73 2433.22 1705.59 1571.84 1388.55 1345.19 1281.35 1124.13 1136.58 1086.34 1073.04 1950.73 1149.5 1068.62 1015.54 1014.37 998.204 995.665 988.207 969.604 961.469 1124.67 955.832 1091.95 1014.43
threshold=0 1 2 3 inf 4 -4.2449998855590811 5 6 7.5000000000000009 7 -10.085000038146971 8 2.5000000000000004 1.0000000180025095e-35 1.0000000180025095e-35 67.500000000000014 1798.049987792969 1.0000000180025095e-35 9 inf 544.65020751953136 -81.404998779296861 10 11 -10.085000038146971 1.0000000180025095e-35 12 13 497.05000305175787
decision_type=1 9 1 9 8 9 8 1 9 8 1 8 9 2 10 2 10 2 2 1 8 2 10 1 1 10 2 1 9 2
left_child=4 3 8 10 -1 6 -4 14 9 -3 -2 21 24 -14 20 17 25 19 -15 -13 -8 22 -11 27 -5 26 -17 28 -7 -29
right_child=1 2 5 12 -6 23 7 -9 -10 11 -12 15 13 18 -16 16 -18 -19 -20 -21 -22 -23 -24 -25 -26 -27 -28 29 -30 -31
leaf_value=0.045338817894421901 0.035740658612708573 0.10645301049471804 0.026540275853412627 0.067585227935268208 0.033046372736216585 0.035507571193425305 -0.021000702520385089 -0.050465584289339616 -0.050358243574299952 -0.01975116667158067 -0.00133324050718517 -0.01858194132355331 -0.024915929212186331 -0.10173793507006428 0.052018415125110871 0.1067782983838905 0.99980377969653789 -0.052211190257064131 0.62730643892937799 -0.033696696889701276 0.23858133240804885 -0.024285393018177261 0.10607658152697726 0.010329479344689991 -0.01906934401012797 -0.0017757912868747224 0.66627629884314088 -0.023430251373105265 -0.10126428326086855 0.014244991199290784
leaf_weight=333627.88853511773 14499.572061043233 485.68484649527818 6535.1264540795237 1715.2168544009328 132935.07348700054 4210.9912247024477 73501.910564076155 13285.609620492905 24834.942094257101 624.36546234972775 11029.099733095616 43144.54756449908 21567.826992328279 21.121827184222639 1340.1891931667924 272.8661723639816 13.124208560213445 14689.66164358519 32.926913971081376 84098.168199243024 96.470961112529039 1727.1961763743311 1132.5145724099129 26986.072242531925 1582.9065311104059 1712.9501038566232 25.109614270739257 22621.656946806237 400.56678747199476 5733.1617382057011
leaf_count=246131 29224 4419 37576 5213 121707 16169 531506 82706 481497 5885 61426 581635 131228 252 3508 3380 60 328197 34 1439188 197 24022 10677 106114 8645 29366 128 171587 2753 40143
internal_value=0.0143285 -0.0196315 -0.0228732 0.00141156 0.0418364 -0.0129891 -0.0205593 -0.0240505 -0.0317221 -0.0285902 0.0197294 -0.029037 -0.0173547 -0.0239977 -0.0193581 -0.0301972 0.0276406 -0.031022 0.342402 -0.0285758 -0.0206604 0.0189019 0.0613595 -0.00102245 0.0261432 0.0212958 0.153926 -0.0103154 0.023434 -0.015807
internal_weight=844485 377922 327473 50448.7 466563 154712 94759.3 88224.2 172761 147926 25528.7 147441 24920 21621.9 74938.6 143956 2024.05 141932 54.0487 127243 73598.4 3484.08 1756.88 59952.4 3298.12 2010.93 297.976 32966.4 4611.56 28354.8
internal_count=4504573 4136735 3900713 236022 367838 992259 655493 617917 2908454 2426957 90650 2422538 145372 131514 535211 2381954 32934 2349020 286 2020823 531703 40584 16562 336766 13858 32874 3508 230652 18922 211730
cat_boundaries=0 1 2 3 4 5 6 7 8 9 10 11 12 13 14
cat_threshold=2 1 300 14 35 2 13 15 1 11 4 850 129 13
is_linear=0
shrinkage=0.08


Tree=37
num_leaves=31
num_cat=20
split_feature=47 44 3 45 47 35 31 42 34 36 46 3 2 46 31 36 34 3 46 44 44 3 47 35 39 36 4 2 18 34
split_gain=110647 3784.95 2751.34 2582.25 2527.15 3324.79 1404.3 1335.29 1319.43 1219.87 1164.67 3342.62 3158.59 1130.61 1166.98 1123.64 1038.19 1122.47 1007.35 1631.53 917.211 861.221 855.859 1177.28 989.05 845.747 822.954 961.459 902.171 856.971
threshold=0 1 inf 2 3 4 inf 5 6 7 8 35.345001220703132 inf 9 1.0000000180025095e-35 10 11 729.52001953125011 12 13 14 488.73500061035162 15 16 17 18 22.500000000000004 inf 160.09999847412112 19
decision_type=1 9 8 9 1 1 8 9 1 9 1 10 8 1 10 9 1 10 1 9 9 10 1 1 9 9 8 8 2 1
left_child=6 3 4 16 7 15 10 8 -3 -10 -1 12 -12 14 25 -6 -2 -18 -9 21 -15 -20 24 -24 -5 -7 27 -17 -28 -30
right_child=1 2 -4 22 5 13 -8 18 9 -11 11 -13 -14 20 -16 26 17 -19 19 -21 -22 -23 23 -25 -26 -27 28 -29 29 -31
leaf_value=0.042726767423552678 0.033216226735764028 -0.044256671200227526 0.095747462962904248 0.013155207951341119 -0.033478032177436744 -0.039298314533404023 0.030439122697333565 -0.033548292406972179 -0.0048283910490105062 -0.039039680476197651 -0.12394569534813309 0.043745385674436331 0.030109621188471995 0.050847928593833094 0.04909192541028045 0.011636915076958755 -0.0042799451155448847 0.1349565849159878 0.023448747435438837 -0.085536674885725361 -0.10407773687806986 0.16163805310858748 -0.01326316044764911 0.053042080430022384 -0.040496723932811431 -0.019086771777924259 0.0087347025056521664 -0.15016059068623264 -0.028195341395424994 0.079890265893779844
leaf_weight=355611.17041282728 14471.601705512032 9632.8345600552857 1257.3783763647079 2727.6384055390954 2737.8068086840212 15803.845117600635 84164.360301529989 139948.73900372349 34345.960129168816 8271.0321615710855 1765.5105016939342 8745.0286260936409 1645.7575298156589 2191.0294202268124 1485.9518318586051 11726.723509195261 10596.283245151863 383.97949003614485 2364.1192598342896 872.88123296573758 275.29951233416796 328.77232444286346 8649.3440031409264 2126.6911757271737 11346.608645563945 82661.137586511672 2959.018577164039 239.86155264079571 537.34513562172651 3699.2525199837983
leaf_count=274083 29310 241734 916 13380 9687 87262 79412 2206560 474153 61831 5177 6817 1647 3807 3950 96051 57776 3755 6797 7026 1307 1220 34186 4104 93570 679380 7761 1177 3787 6911
internal_value=0.0131701 -0.0191658 -0.02236 0.0012397 -0.022824 -0.0139038 0.0397611 -0.0284886 -0.0175265 -0.0114757 0.0418944 0.0175448 -0.0496221 -0.0199525 -0.0212748 0.0143862 0.019146 0.000588616 -0.0324762 0.00951109 0.0335546 0.0403201 -0.0171009 -0.000140657 -0.0300988 -0.0223367 0.0212387 0.0083938 0.0426297 0.0663033
internal_weight=823573 371641 321339 50302.1 320082 124317 451932 195764 52249.8 42617 367767 12156.3 3411.27 102417 99950.9 21900 25451.9 10980.3 143515 3565.77 2466.33 2692.89 24850.3 10776 14074.2 98465 19162.2 11966.6 7195.62 4236.6
internal_count=4504534 4137398 3901317 236081 3900401 901080 367136 2999321 777718 535984 287724 13641 6824 775706 770592 125374 90841 61531 2221603 15043 5114 8017 145240 38290 106950 766642 115687 97228 18459 10698
cat_boundaries=0 1 2 3 4 5 6 7 8 9 10 11 12 13 14 15 16 17 18 19 20
cat_threshold=2 1 14 4 9 17 96 224 1 1 58 15 1 2 2 4 32 1 104 96
is_linear=0
shrinkage=0.08


Tree=38
num_leaves=31
num_cat=16
split_feature=47 46 31 47 37 24 36 1 45 46 45 37 42 17 10 19 36 37 43 31 34 1 43 34 17 19 21 8 18 7
split_gain=98477.9 2814.47 3695.15 2431.1 2076.59 1793.12 1528.73 1433.05 1330.22 1187.43 1715.96 1174.2 1559.56 1224.69 1210.47 1320.43 1156.14 1131.87 1234.08 1114.62 1112.23 1092.5 1979.69 1237.51 1046.5 2795.64 971.291 914.965 1620.94 1637.19
threshold=0 1 1.0000000180025095e-35 2 3 -1.0000000180025095e-35 4 1.5000000000000002 5 6 7 8 9 18.500000000000004 1.0000000180025095e-35 2418.799926757813 10 11 12 inf 13 3.5000000000000004 14 15 92.500000000000014 188.02500152587893 2.5000000000000004 4.5000000000000009 8724.2202148437518 503.94999694824224
decision_type=1 1 10 1 1 2 9 2 9 1 9 1 9 2 2 2 9 1 9 8 1 2 9 1 2 2 2 2 2 2
left_child=9 2 3 11 -5 6 -6 17 -4 19 -11 12 -2 14 16 27 21 18 -8 -1 -20 -14 23 -23 -13 -26 -27 -16 29 -29
right_child=1 -3 8 4 5 -7 7 -9 -10 10 -12 24 13 -15 15 -17 -18 -19 20 -21 -22 22 -24 -25 25 26 -28 28 -30 -31
leaf_value=0.040361703284004201 -0.0075838079687637096 0.015529695071207812 0.046384551717553651 -0.060622617545792241 -0.032019063356654873 0.10505900260362909 -0.02921599448078923 0.024779031669158111 -0.071729551031361347 -0.011674090035356079 0.040311035815306775 -0.035602621903156391 -0.025036591627184968 -0.057866141890967282 -0.0063994590617544519 0.12141727124648563 -0.050918871435112138 0.00043523830711588156 0.004622389877639607 0.029807187985840807 -0.025683873155501406 0.36171169126052122 0.0032573636040307457 -0.025773121591950394 1.6451280893345495 -0.090371354277585247 0.53231851894759774 1.4736074898449576 0.023685499016638887 -0.085564408099034456
leaf_weight=342881.05743499473 33866.444478973746 14737.629915419966 6737.7712298054248 5599.2156539093703 19915.677271390334 847.96013012342155 28921.975994549692 7956.0247832778841 663.12627118453383 7519.8237718921155 8827.6920493077487 69604.037970702164 78537.257087273523 7787.9857624601573 4478.6318300599232 628.92886280175298 11351.111936056986 37710.975892812014 20909.744144299999 78743.449200907722 12303.340759716928 171.37810424249619 1533.3965239934623 80.817148867994547 8.2452528066933137 53.885640220250934 22.821835628710687 12.192594153806569 40.259636271744967 6.6669449787586919
leaf_count=273910 577041 41188 20627 106785 96600 2580 237609 16541 3660 11352 7281 839539 1298483 195991 78235 9905 101870 252513 127347 74702 106947 2272 17783 1736 44 1187 39 128 458 155
internal_value=0.0120041 -0.0187165 -0.0201595 -0.0213686 -0.0129708 -0.01089 -0.0116607 -0.00789588 0.0357672 0.0375703 0.0164155 -0.0267805 -0.022512 -0.0273428 -0.0248909 0.0127843 -0.0270143 -0.0105003 -0.0171346 0.0383905 -0.00660851 -0.0236268 0.0382469 0.241293 -0.0352551 0.245351 0.0948899 -0.00227218 0.310394 0.922432
internal_weight=802460 364488 349750 342349 134165 128566 127718 107802 7400.9 437972 16347.5 208184 138495 104629 96840.6 5166.68 91674 99846 62135.1 421625 33213.1 80322.8 1785.59 252.195 69689 84.9527 76.7075 4537.75 59.1192 18.8595
internal_count=4504508 4137263 4096075 4071788 946922 840137 837557 740957 24287 367245 18633 3124866 2284057 1707016 1511025 88881 1422144 724416 471903 348612 234294 1320274 21791 4008 840809 1270 1226 78976 741 283
cat_boundaries=0 1 2 3 4 5 6 7 8 9 10 11 12 13 14 15 16
cat_threshold=2 1 4 16 105 13 1 42 105 17 129 5 11 15 4 22
is_linear=0
shrinkage=0.08


Tree=39
num_leaves=31
num_cat=17
split_feature=47 38 44 38 42 12 4 36 31 19 31 34 36 34 4 46 44 42 45 9 47 35 6 6 43 12 14 11 34 6
split_gain=81708.1 3666.64 3279.29 1917.1 2441.33 1706.19 1607.7 1509.68 1501.86 1275.2 1139.62 1106.46 1151.84 1068 1025.09 926.318 1320.02 911.897 849.905 766.692 763.971 1078.29 907.894 1061.76 880.584 918.397 1232.66 2452.71 797.164 786.677
threshold=0 1 2 3 4 1.0000000180025095e-35 18.500000000000004 5 1.0000000180025095e-35 37.004999160766609 inf 6 7 8 62.500000000000007 9 10 11 12 1.0000000180025095e-35 13 14 878.00003051757824 1777.674987792969 15 7626.7500000000009 3.5000000000000004 18.500000000000004 16 1637.899841308594
decision_type=1 1 9 1 9 2 8 9 8 2 8 1 9 1 10 1 9 9 9 2 1 1 2 2 9 2 2 2 1 2
left_child=10 5 8 -4 13 17 -7 14 9 -3 15 12 18 -5 -6 -1 -17 -2 -8 -13 22 -22 -15 24 28 -26 -27 -28 29 -24
right_child=1 2 3 4 7 6 11 -9 -10 -11 -12 19 -14 20 -16 16 -18 -19 -20 -21 21 -23 23 -25 25 26 27 -29 -30 -31
leaf_value=0.038623490397130193 0.0056967117370303874 -0.022078287359951307 -0.038233468493567749 -0.031918407740957375 -0.024150198278070984 -0.0028155307973600063 -0.021554064564245835 -0.04641752388424706 0.024805542904021434 0.010917178223337988 0.027303592290718767 0.0068657781131130774 0.012275774111784668 -0.017794537713106476 0.097617973486097506 -0.013500187880671352 0.040134992301452205 -0.019209127609141882 0.089699865088320868 0.13562993180871252 0.034455623134310935 -0.0049010156746437834 0.063461582747787695 -0.018215858791630062 0.055592940202258918 0.1497668472288938 1.705690838976295 -0.087968591692775822 -0.043966621344963271 0.51082200072999595
leaf_weight=334379.00469880179 13545.729728298262 18867.914453400299 47880.282793712802 13685.2829285115 67974.900376769714 21362.006896937266 493.85418506339192 24778.97300559096 11529.350743124261 12438.077471676283 81001.380496619269 8452.0966193843633 2748.544211005792 45200.578833498992 445.35939978342503 5363.4628971870989 6490.4878857880831 30789.959284408018 4134.8230515476316 306.68319834768772 5566.3802988994867 22154.718454070389 123.4819018682465 4007.6896940050647 2888.2926168572158 58.857708778232336 10.619798498228194 9.0261695943772775 1043.1973542366177 31.59379318729043
leaf_count=274083 64625 100459 1302024 215498 817237 136974 2941 198590 38312 83392 79250 42953 10784 642334 3872 8265 5383 157080 17428 1077 19666 163055 1467 62567 37296 647 52 172 16783 120
internal_value=0.0121779 -0.0158692 -0.0202406 -0.0239395 -0.0202956 -0.00097923 0.0115812 -0.0294904 0.000121612 -0.00896897 0.0358459 0.0306407 0.0534427 -0.011252 -0.0233542 0.0378444 0.0158671 -0.0116028 0.0778088 0.0113614 -0.00776093 0.00301244 -0.0133579 0.0111798 0.0394647 0.0627197 0.332914 0.88161 -0.0184812 0.145237
internal_weight=787763 360528 278695 235859 187979 81833.7 37498 93199.2 42835.3 31306 427234 16136 7377.22 94779.7 68420.3 346233 11854 44335.7 4628.68 8758.78 81094.4 27721.1 53373.3 8172.76 4165.07 2966.8 78.5037 19.646 1198.27 155.076
internal_count=4504386 4137405 3703543 3481380 2179356 433862 212157 1019699 222163 183851 366981 75183 31153 1159657 821109 287731 13648 221705 20369 44030 944159 182721 761438 119104 56537 38167 871 224 18370 1587
cat_boundaries=0 1 2 3 4 5 6 7 8 9 10 11 12 13 14 15 16 17
cat_threshold=2 643 1 32 25 128 116 128 96 1 1 25 32 4 9 6 2
is_linear=0
shrinkage=0.08


Tree=40
num_leaves=31
num_cat=15
split_feature=47 2 38 32 37 41 34 32 33 34 31 18 36 47 35 4 44 41 37 4 18 6 3 3 18 32 44 3 45 38
split_gain=74007.1 3103.38 3702.38 2468.71 1714.79 1714.65 1743.08 1673.42 1514.13 1698.71 1392.39 1384.7 1312.03 1353.03 1409.68 1330.69 1273.77 1297.29 1138.53 1096.05 1055.08 1463.5 1199.27 1079.05 1077.86 1044.98 1028.81 875.811 868.91 1042.73
threshold=0 inf 1 -2.6550000905990596 2 3 4 inf 1.0000000180025095e-35 5 1.0000000180025095e-35 1.0000000180025095e-35 6 7 8 1.5000000000000002 9 10 11 11.500000000000002 249.97498321533206 200.00000762939456 578.52499389648449 612.56500244140636 218.87500000000003 7.5750000476837167 12 1.0000000180025095e-35 13 14
decision_type=1 8 1 10 1 9 1 8 2 1 10 2 9 1 1 10 9 9 1 8 2 2 10 10 2 10 9 10 9 1
left_child=7 2 4 8 16 6 -3 -1 9 -4 12 -6 13 15 -15 -5 17 -2 26 -13 21 22 -10 -24 -23 -21 -11 -20 29 -17
right_child=1 5 3 10 11 -7 -8 -9 20 18 -12 19 -14 14 -16 28 -18 -19 27 25 -22 24 23 -25 -26 -27 -28 -29 -30 -31
leaf_value=0.037040313251266534 -0.024946580497430274 0.061477600222683233 -0.029485513135251575 -0.033879771171913306 -0.0060670688095980797 -0.078149059363068138 -0.060171073486265318 0.025892865072746664 0.086044281461079855 0.03035347017720404 0.018619208582688347 0.00696876100822587 -0.043933464696919604 0.020930071056557403 -0.019082237756125379 0.094743587006995825 0.04264412035480513 0.0017825313008893492 0.11519523493188338 0.030398659006704316 0.024662215055973231 1.1628987525830183 1.0307661061559703 0.15612372806132502 0.30204897453283908 0.10526822805897318 -0.0026390096491694928 -0.022312278379039478 -0.040037402731382246 0.0020412097113313215
leaf_weight=293754.10820202157 31301.902065418661 1326.1567388065159 23547.254078167491 68438.194118405692 23217.302489269525 7748.2176669277251 1720.1276062726974 121970.88837201893 401.07426685467362 7177.7034106161445 4270.2291321260855 16382.71547909081 26230.820279374719 6596.0674244333059 38438.112437007949 1065.2840402955189 2577.9782508332282 18485.731043994427 300.92112921923399 10377.273382788524 1066.6126058837399 15.21230313554406 17.00888826418668 19.237412448972464 23.986457322724164 1348.0996986217797 38469.035228429362 19909.37997808028 1751.232778112404 2808.5289397183806
leaf_count=245867 196363 1412 490632 1366301 134207 36170 6366 121789 3060 21148 16979 128655 224352 51136 371309 16798 3568 95336 198 59697 14986 100 190 407 160 6244 597551 226603 28743 38505
internal_value=0.0108611 -0.0159638 -0.0146393 -0.0200861 -0.00200139 -0.0582016 -0.00718517 0.0337697 -0.00969266 -0.0110488 -0.0264061 0.00838941 -0.0277291 -0.0241544 -0.0132213 -0.0308055 -0.0121854 -0.0150269 -0.00445156 0.0203335 0.068877 0.167845 0.12587 0.566557 0.636129 0.0390066 0.00254832 -0.0202548 0.00659804 0.0277123
internal_weight=770756 355031 344237 240546 103691 10794.5 3046.28 415725 90947.4 89404.3 149598 51325.4 145328 119097 45034.2 74063.2 52365.6 49787.6 65857 28108.1 1543.13 476.519 437.321 36.2463 39.1988 11725.4 45646.7 20210.3 5625.05 3873.81
internal_count=4504832 4137176 4093228 3469158 624070 43948 7778 367656 1355035 1336132 2114123 328803 2097144 1872792 422445 1450347 295267 291699 845500 194596 18903 3917 3657 597 260 65941 618699 226801 84046 55303
cat_boundaries=0 1 2 3 4 5 6 7 8 9 10 11 12 13 14 15
cat_threshold=2 659 20 16 112 96 128 4 9 2 35 105 1 41 12
is_linear=0
shrinkage=0.08


Tree=41
num_leaves=31
num_cat=14
split_feature=47 45 37 47 35 42 0 10 1 4 2 19 36 3 45 37 34 4 23 18 18 8 3 23 34 34 39 36 2 2
split_gain=62932.8 2192.52 2556.8 1837.58 1929.62 1356.46 1041.14 1006.04 1005.24 983.657 1038.87 972.614 1005.05 953.886 855.563 1131.3 1246.19 954.508 938.936 1103.66 853.084 982.068 1171.95 843.7 908.029 827.304 901.135 809.313 854.061 776.404
threshold=0 1 2 3 4 5 3.5000000000000004 1.0000000180025095e-35 1.0000000180025095e-35 69.500000000000014 inf 1410.9599609375002 6 1.0000000180025095e-35 7 8 9 69.500000000000014 9.5000000000000018 830.47500610351574 7978.1999511718759 12.500000000000002 571.40499877929699 1.0000000180025095e-35 10 11 12 13 inf inf
decision_type=1 9 1 1 1 9 2 2 2 8 8 2 9 10 9 1 1 10 2 2 2 2 10 2 1 1 9 9 8 8
left_child=8 23 -3 5 6 14 13 11 29 10 -6 12 25 -5 -4 16 -16 -18 -17 -20 -9 -22 -23 24 -2 26 -7 28 -15 -1
right_child=1 2 3 4 9 7 -8 20 -10 -11 -12 -13 -14 27 15 18 17 -19 19 -21 21 22 -24 -25 -26 -27 -28 -29 -30 -31
leaf_value=0.028324499318455088 0.0081509673522693789 -0.042392800959970056 -0.049565325468340027 0.084174618808802282 0.0038002736542407521 0.40521498570162889 0.5256134511363415 0.0066942971720255406 0.03860217351729333 0.033953110594755552 -0.13824079361786926 -0.044477376921342161 -0.040605105890752599 -0.008283849412745032 0.079613713351597129 -0.010984774793701347 -0.012151489347466099 0.48886775549881306 -0.093238971769955478 0.74561350094812573 -0.069435901108407597 -0.094810783833330511 0.68477852508582915 0.020655420817726113 -0.023700229387840707 -0.017273968621687293 -0.043429017996839785 -0.030048583848285994 -0.053365564256123078 0.044900284593240726
leaf_weight=283390.76323369145 13946.608106762171 23081.523316194303 1563.9069478446618 649.19924309849739 15682.771963000298 28.740538269281387 23.019769981503487 11524.301651025191 100913.92504398711 8928.2308929879218 336.61812387406826 13349.963648092933 16060.685862798244 76149.545764954761 2627.5351814301684 6211.738689834252 1864.5607264172286 24.65790840331465 18.000158811919391 22.69263325072825 1448.7192594306543 24.782174813561141 24.583213957026601 12669.419522116892 9707.643892201595 108070.59698615223 9378.9712927434593 15174.893301274627 2787.9424904286861 19317.827260404825
leaf_count=266588 78095 492635 31554 471 87128 244 8 172857 83054 17002 1566 292812 126982 585192 43630 77154 45330 137 207 51 28497 274 205 116758 124719 1505723 215803 83500 9140 17702
internal_value=0.010137 -0.0146173 -0.0167627 -0.0147352 -0.0071236 -0.0200271 -0.0123333 -0.0219979 0.0316875 0.0126697 0.000815541 -0.0238886 -0.0218304 -0.0124653 0.00553971 0.0135806 0.0440451 -0.00558268 -0.00846204 0.374553 -0.000688168 -0.0574792 0.293413 0.00399469 -0.00492726 -0.0192585 -0.0420138 -0.0131319 -0.00987481 0.0293823
internal_weight=755004 351382 315058 291977 119732 172244 94784.6 159911 403623 24947.6 16019.4 146889 133539 94761.6 12333.1 10769.2 4516.75 1889.22 6252.43 40.6928 13022.4 1498.08 49.3654 36323.7 23654.3 117478 9407.71 94112.4 78937.5 302709
internal_count=4505018 4137674 3818102 3325467 784007 2541460 678311 2343397 367344 105696 88694 2141564 1848752 678303 198063 166509 89097 45467 77412 258 201833 28976 479 319572 202814 1721770 216047 677832 594332 284290
cat_boundaries=0 1 2 3 4 5 6 7 8 9 10 11 12 13 14
cat_threshold=2 8 18 4 32 1 193 32 73 29 15 64 1 131
is_linear=0
shrinkage=0.08


Tree=42
num_leaves=31
num_cat=16
split_feature=32 48 31 40 4 43 41 4 34 44 44 39 44 17 43 34 13 12 2 43 46 13 41 17 41 32 19 40 2 32
split_gain=1293.48 1050.49 969.144 987.594 812.813 878.441 998.797 1615.21 2101.41 741.543 2459.36 634.255 642.487 550.79 525.37 510.765 517.387 571.872 490.796 473.345 465.592 548.906 438.043 425.854 412.384 402.857 402.586 397.607 413.039 360.806
threshold=-10.085000038146971 0 1.0000000180025095e-35 1 1.5000000000000002 2 3 1.5000000000000002 4 5 6 7 8 1.0000000180025095e-35 9 10 205.17499542236331 639.02499389648449 1.5000000000000002 11 12 11.250007629394533 13 12.500000000000002 14 -2.2849999666213985 1027.2249755859377 15 2.5000000000000004 -1.955000042915344
decision_type=8 9 10 1 8 9 9 10 1 9 9 9 9 2 9 1 2 2 8 9 1 2 9 2 9 10 2 1 8 8
left_child=20 2 4 -4 11 6 -6 8 22 -5 -11 12 14 24 -2 -13 17 -17 -3 -18 26 -22 -8 -16 25 -7 -1 28 -26 -10
right_child=1 18 3 9 5 13 7 -9 29 10 -12 15 -14 -15 23 16 19 -19 -20 -21 21 -23 -24 -25 27 -27 -28 -29 -30 -31
leaf_value=0.041743620973013686 0.23599125251147229 0.089753441444908613 -0.13458914123001869 0.048537602372768184 0.047547191645030018 -0.056441119419785794 0.15999919194046167 0.018483437133366455 -0.52395022534003177 0.040930066279726542 -0.061330155727770612 0.009795325260484003 0.010969927241751543 0.013578723533644706 0.050741107982533631 0.0038683868728122662 -0.0002003714658628712 0.022520672655201374 -0.042632330983620945 -0.018026261636539954 -0.049335993457923534 0.028570361360355314 -0.077315599848583341 -0.018952166804852125 0.022370460951910358 -0.0014903078385404575 0.0138563532759142 0.0054981098474217458 -0.019682697421985498 -0.24616080939627466
leaf_weight=12785.237924041227 79.572345711290836 1430.6510270275176 224.3161186799407 7772.1054828250781 8296.8463630545884 1259.4695257600397 120.77645380049944 28839.639742820524 34.310352776199579 5604.4339544493705 2057.8568516094238 86420.264051654842 69779.676311721094 138505.44021192519 3363.5921082682908 143179.13950969512 64649.980792242568 11354.206084503792 204.89268808532506 11172.98271624418 975.16020222194493 1424.0421486049891 74.986399399116635 673.47591161355376 15909.534731252119 2651.2761791553348 4471.8256445871666 116802.89555616491 1649.7691880678758 234.07741694431752
leaf_count=49434 112 11253 1184 17145 10902 3392 172 147915 411 6952 13339 535071 553745 722630 7420 936428 645816 95845 1292 191527 2196 2263 291 2903 55444 6411 27588 449770 5256 1396
internal_value=0.00967802 0.00912703 0.0089817 0.0286667 0.00854451 0.0115725 0.0230461 0.0160952 -0.131949 0.0311065 0.0134661 0.00610785 0.0127818 0.0100126 0.0434934 0.00455099 0.00258299 0.00523885 0.0731688 -0.00282953 0.0299263 -0.00309482 0.0697568 0.039018 0.00644121 -0.0191385 0.0345172 0.00718662 0.0184089 -0.271555
internal_weight=742002 722346 720711 15658.7 705052 314379 37600.6 29303.8 464.151 15434.4 7662.29 390673 73896.3 276778 4116.64 316777 230356 154533 1635.54 75823 19656.3 2399.2 195.763 4037.07 138273 3910.75 17257.1 134362 17559.3 268.388
internal_count=4505503 4424022 4411477 38620 4372857 1403990 161087 150185 2270 37436 20291 2968867 564180 1242903 10435 2404687 1869616 1032273 12545 837343 81481 4459 463 10323 520273 9803 77022 510470 60700 1807
cat_boundaries=0 1 2 3 4 5 6 7 8 9 10 11 12 13 14 15 16
cat_threshold=1 1 5 16 20 2 1 1 1 2 13 13 1 3 16 2
is_linear=0
shrinkage=0.08


Tree=43
num_leaves=31
num_cat=10
split_feature=47 46 3 47 35 32 41 25 43 4 32 35 11 45 4 3 17 18 4 32 5 25 41 7 41 1 3 17 18 4
split_gain=56428.1 2689.87 1835.86 1621 1667.22 1598.24 1277.39 1260.81 881.302 876.57 1075.52 1065.46 1493.83 954.13 884.453 981.08 948.389 1998.42 848.177 844.147 905.7 795.329 802.941 770.591 740.747 794.433 1425.67 1816.95 1820.44 953.185
threshold=0 1 inf 2 3 inf 4 2.5000000000000004 5 1.5000000000000002 -2.8950001001358028 6 48.500000000000007 7 5.5000000000000009 170.31500244140628 6.5000000000000009 4725.3498535156259 69.500000000000014 4.8150000572204599 3.5000000000000004 8.2500000000000018 8 421.75494384765631 9 3.5000000000000004 326.02499389648443 7.5000000000000009 1196.2650146484377 1.0000000180025095e-35
decision_type=1 1 8 1 1 8 9 10 9 10 10 1 2 9 10 10 2 2 10 10 2 10 9 2 9 2 10 2 2 10
left_child=5 2 3 9 6 -1 7 -5 -8 10 -2 12 13 14 15 -11 17 19 21 20 -17 22 -6 -20 25 -12 27 -27 -29 -28
right_child=1 -3 -4 4 18 -7 8 -9 -10 11 24 -13 -14 -15 -16 16 -18 -19 23 -21 -22 -23 -24 -25 -26 26 29 28 -30 -31
leaf_value=0.032696193729528013 -0.015318594851880927 0.01832901211020075 0.084516452351293486 -0.027368951699458736 -0.014196507667703275 0.021485618371802368 -0.034293610675076656 0.11243436632926407 -0.0044598001898941584 -0.0025378021719907797 -0.042347779915087806 -0.021208360342682135 0.60231754032915952 -0.017805977880176894 0.01535427942294205 0.062261284779067387 -0.055843457264869237 0.89777849899850992 0.018687521082734818 0.3145563214529728 0.39945778170897234 0.13133943008129223 0.015194802430572602 0.53171841970660549 -0.02460986628597284 -0.091969125452101383 -0.028367088088314462 0.97149913769640661 -0.095976507679894588 0.68913697456747647
leaf_weight=275144.70132585615 66620.31014250312 14942.842723324895 1150.5629346054047 38760.445425475948 8862.5156561220065 115577.68994039483 7087.5365165900439 417.2956803329289 59247.767573690042 459.46711162850261 24331.796795343049 15205.70751613332 27.332450684159994 4530.937922116369 5004.0256818309426 424.13447435386479 127.19666519016027 24.097185637801886 37.286204371601343 160.60997324436903 57.944571970030665 325.40389948897064 18048.648930846713 37.66664251871407 82747.485789031722 33.661196483299136 344.86404414102435 35.921387551352382 14.292643597349523 12.271380258724092
leaf_count=245415 1105630 41125 942 363053 61175 121548 93725 994 353849 3886 411515 181536 99 42929 43536 3271 1361 48 202 766 243 1037 79052 62 1340084 508 6375 129 275 122
internal_value=0.0084963 -0.0148787 -0.0163638 -0.0167123 -0.0098603 0.02938 -0.0144195 -0.0258733 -0.00765206 -0.0212592 -0.0233057 -0.00756379 0.0116278 0.010142 0.0303587 0.0905016 0.144342 0.18253 0.00775587 0.155712 0.102791 0.00701914 0.00551588 0.276505 -0.0282546 -0.0404028 0.0659937 0.362801 0.667659 -0.00371323
internal_weight=739802 349080 334137 332987 132825 390722 105513 39177.7 66335.3 200162 174141 26021.5 10815.7 10788.4 6257.48 1253.45 793.983 666.786 27311.5 642.689 482.079 27236.6 26911.2 74.9528 107520 24772.8 441.011 83.8752 50.214 357.135
internal_count=4504492 4137529 4096404 4095462 953149 366963 811621 364047 447574 3142313 2864638 277675 96139 96040 53111 9575 5689 4328 141528 4280 3514 141264 140227 264 1759008 418924 7409 912 404 6497
cat_boundaries=0 1 2 3 4 5 6 7 8 9 10
cat_threshold=2 1 4 32 34 35 32 9 22 2
is_linear=0
shrinkage=0.08


Tree=44
num_leaves=31
num_cat=14
split_feature=32 48 45 45 38 38 38 12 34 46 13 3 34 2 6 37 32 5 30 2 4 38 34 42 32 3 33 31 3 44
split_gain=1430.27 867.859 829.065 721.122 5274.84 1454.53 1280.14 1040.24 959.246 935.135 895.272 1017.08 943.238 705.802 697.522 658.064 588.755 550.33 504.8 497.097 684.504 491.748 487.641 514.284 457.088 451.985 582.628 447.073 444.898 443.128
threshold=-10.085000038146971 0 1 2 3 4 5 622.02502441406261 6 7 100.00000762939455 657.08499145507824 8 inf 69.000007629394545 9 -3.4050000905990596 29.500000000000004 1.0000000180025095e-35 2.5000000000000004 58.500000000000007 10 11 12 -81.404998779296861 461.02499389648443 1.0000000180025095e-35 1.0000000180025095e-35 665.52999877929699 13
decision_type=8 9 9 9 1 1 1 2 1 1 2 8 1 8 2 1 10 2 2 8 8 1 1 9 10 10 2 10 10 9
left_child=2 3 24 5 -5 8 22 15 -2 10 11 27 17 14 -11 18 -3 -12 -7 25 -21 -18 23 -6 -1 -10 -27 -8 -26 -17
right_child=1 16 -4 4 6 7 9 -9 19 13 12 -13 -14 -15 -16 29 21 -19 -20 20 -22 -23 -24 -25 28 26 -28 -29 -30 -31
leaf_value=0.020820299482788844 0.03737609691047216 0.10366054766250563 -0.0083863747623583954 -0.085735295382205215 -0.013840448320580392 0.0097989652744163037 0.007443036668703322 0.01401926284863182 0.016278996149246348 -0.09608116833191066 0.020566871859399902 0.063499707585777693 -0.013746194130543359 0.033762297233264633 0.021118582757542196 0.016101016596591366 0.092405067506939456 0.49250544641899952 0.32243706269792383 -0.038078321510386245 0.015441463253425498 -0.046175742330938581 0.016127022613735019 0.065697853551223193 0.054711705861881309 0.051064723706379767 0.28288583424974179 -0.067397759350532327 0.0037109987238345384 0.0023001820198086578
leaf_weight=6661.557463821955 16940.806156221777 1011.4950752304867 3073.7399555211887 4211.9988620113581 609.77624482475221 147485.23726950539 80866.996982362121 122991.52022121148 24611.98598937504 1445.8495990149677 5802.9099312089384 2089.2605833616108 26382.356334694661 544.88142196275294 419.23778523132205 15876.570264462382 255.74431509897113 15.85687002725899 33.06077363807708 2567.4833759833127 3782.7866346687078 417.85650264238939 4401.175644883886 3628.7597081009299 8396.2316426709294 1299.9679198246449 73.297094956040382 514.08368041925132 1258.8020716728643 239657.74308931688
leaf_count=22433 31950 5693 19063 19721 2010 883724 423033 1009786 66010 5084 38621 12616 308888 540 1427 38386 1450 172 224 7161 6291 5434 11555 7007 27325 3262 225 2218 12766 1530764
internal_value=0.00831503 0.0077279 0.0297508 0.00759108 0.00223192 0.00881055 0.00516234 0.00757907 0.0219529 0.0029859 0.00401377 0.0083852 -0.00731767 -0.0463362 -0.0697368 0.00561403 0.0650715 0.0218155 0.00986836 0.0138635 -0.00619717 0.00712518 0.0348705 0.0542494 0.0369176 0.0187712 0.063438 0.00697027 0.0480623 0.00315752
internal_weight=727329 707939 19390.3 706254 130933 575320 126721 526044 49276.3 118081 115671 83470.3 32201.1 2409.97 1865.09 403053 1685.1 5818.77 147518 32335.5 6350.27 673.601 8639.71 4238.54 16316.6 25985.3 1373.27 81381.1 9655.03 255534
internal_count=4504839 4423252 81587 4410675 832892 3577783 813171 3462884 114899 792599 785548 437867 347681 7051 6511 2453098 12577 38793 883948 82949 13452 6884 20572 9017 62524 69497 3487 425251 40091 1569150
cat_boundaries=0 1 2 3 4 5 6 7 8 9 10 11 12 13 14
cat_threshold=1 13 13 129 129 512 100 1 4 106 646 77 18 1
is_linear=0
shrinkage=0.08


Tree=45
num_leaves=31
num_cat=15
split_feature=47 38 44 36 2 37 3 3 40 3 32 45 38 34 12 36 2 3 34 36 37 32 34 12 17 3 8 3 37 3
split_gain=46438.1 3307.84 2798.45 1777.48 2008.4 1755.99 1465.57 1462.14 1395.16 1366.66 1363.74 1280.8 1987.68 1212.42 1197.19 1165.56 1180.66 1250.17 1127.85 1093.19 1033.91 939.808 1220.23 1289.93 1212.74 1191.08 1791.49 2021.97 1139.16 1030.49
threshold=0 1 2 3 inf 4 475.18000793457037 514.92498779296886 5 161.69499969482425 inf 6 7 8 720.00003051757824 9 1.5000000000000002 806.76501464843761 10 11 12 -4.4749999046325675 13 20424.821289062504 5.5000000000000009 340.70500183105474 1.0000000180025095e-35 308.58499145507818 14 308.58499145507818
decision_type=1 1 9 9 8 1 8 10 1 10 8 9 1 1 2 9 8 8 1 9 1 8 1 2 2 10 2 10 1 10
left_child=10 2 7 4 6 -4 8 -2 -3 14 -1 -10 13 -13 -5 16 17 21 -6 -9 -18 -7 23 24 29 26 27 -25 -24 -23
right_child=1 3 5 9 18 15 -8 19 11 -11 -12 12 -14 -15 -16 -17 20 -19 -20 -21 -22 22 28 25 -26 -27 -28 -29 -30 -31
leaf_value=0.030346045841792426 -0.0061400833410385361 0.017220210551616814 -0.055470739746822761 -0.0082576019331490266 0.019645539959859175 0.0079783573131609695 0.042484718318067868 0.057795260998250435 0.0010183991420847085 -0.02718678155975434 0.019878557996240581 -0.05180167660870106 -0.040093438143107812 0.079347869910239954 0.048349951157162452 -0.039730820472815981 0.10246456498602154 0.099198795141345913 -0.064844548612408237 -0.07207066280317781 -0.050393941068031342 -0.012037894960092459 -0.011460957485702885 0.27987253650309479 -0.031061255318341661 0.018743116611479645 0.18639437204667508 1.7872917724873363 -0.038843786057673885 0.020277383832959153
leaf_weight=266426.88229842111 30821.783042494208 26082.969699546695 11292.011039382312 19531.120133878663 1320.0083901844919 8335.866856132634 5957.5159278996289 3810.0766040105373 52817.971661468968 31725.626386933029 113631.62523530237 621.07798765972257 11338.061095546931 1598.2981565706432 2724.6316352523863 21759.910348578356 283.6434786086902 587.20762297976762 4308.4872647151351 458.23748425394297 9671.4857025882229 31532.738093594089 14453.966573833954 12.94845922291279 17126.820812610909 271.13657385390252 150.46089916862547 10.166092684492467 29878.726217110176 7897.1459309253842
leaf_count=245747 164312 153455 406173 106857 2784 215993 53211 36906 394409 194198 121780 3963 79618 5378 11313 198553 4393 11957 17826 3103 166859 393874 314466 169 341408 3349 769 63 697283 155214
internal_value=0.00790658 -0.0132808 -0.0204412 -0.00474445 0.00136726 -0.0251082 0.00402548 -6.30428e-05 0.00154737 -0.0165223 0.0272164 -0.00461334 -0.0265384 0.0425788 -0.0013275 -0.0226877 -0.0195997 -0.017219 -0.04511 0.0438197 -0.0459864 -0.0178423 -0.0199664 -0.0122171 -0.0132864 0.123497 0.28713 0.942856 -0.0299207 -0.00556569
internal_weight=726439 346380 188354 158026 104044 153264 98415.9 35090.1 92458.4 53981.4 380059 66375.4 13557.4 2219.38 22255.8 141972 120212 110257 5628.5 4268.31 9955.13 109670 101334 57001.4 56556.7 444.712 173.575 23.1146 44332.7 39429.9
internal_count=4505383 4137856 3114844 1023012 710644 2910523 690034 204321 636823 312368 367527 483368 88959 9341 118170 2504350 2305797 2134545 20610 40009 171252 2122588 1906595 894846 890496 4350 1001 232 1011749 549088
cat_boundaries=0 1 2 3 4 5 6 7 8 9 10 11 12 13 14 15
cat_threshold=2 300 1 128 16 4 13 512 34 128 112 129 64 14 34
is_linear=0
shrinkage=0.08


Tree=46
num_leaves=31
num_cat=10
split_feature=47 44 38 3 27 6 19 32 3 33 11 3 45 45 12 34 3 42 34 3 12 18 17 12 42 7 18 39 32 32
split_gain=39363.6 2743.35 2710.09 2069.7 1558.43 1478.4 1942.24 1455.79 1371.78 1180.91 1038.96 1282.67 1029.22 921.498 995.251 930.464 914.169 866.132 1313.84 1534.17 1421.2 1694.37 860.215 842.81 1141.73 1701.99 949.538 1558.96 832.295 820.809
threshold=0 1 2 432.49000549316412 7.5000000000000009 32.000007629394538 103.82500076293947 inf inf 1.0000000180025095e-35 8.5000000000000018 217.59500122070315 3 4 515.95001220703136 5 475.18000793457037 6 7 400.40000915527349 131.39994812011722 75.125000000000014 4.5000000000000009 23.375000000000004 8 55.00001525878907 498.27499389648443 9 -17.144999504089352 -1.6950000524520872
decision_type=1 9 1 10 8 2 2 8 8 2 2 8 9 9 2 1 8 9 1 10 2 2 2 2 9 2 2 9 8 10
left_child=7 3 4 12 -3 8 -7 -1 29 28 -11 -12 -2 16 15 17 -6 18 19 20 21 -15 -5 24 25 26 -18 -28 -8 -4
right_child=1 2 5 22 13 6 9 -9 -10 10 11 -13 -14 14 -16 -17 23 -19 -20 -21 -22 -23 -24 -25 -26 -27 27 -29 -30 -31
leaf_value=0.028914068663347781 0.015096482492400419 0.12094133467788776 -0.0093474004174852361 0.075165876972186935 -0.026282112693072481 0.02289122991079005 0.043128985516886445 0.017971639629269388 0.083423154807412761 -0.016925259172901972 0.20856103158261019 0.036625179951875836 -0.010638451379201486 0.23916800860241508 -0.064921779618814859 -0.04950400120552715 0.10939461888872605 -0.016152482199718585 -0.0065560508004641428 -0.092101488900092024 -0.086100157719974174 1.0528122736425316 0.01752529502279003 -0.010720418062335056 0.022035641915707064 1.1703633338356108 1.1361217596148969 -0.08488903661039153 -0.010605299241869131 -0.023271151130599316
leaf_weight=261264.5766678527 16013.97737602517 460.03621240798384 52170.028777334839 3414.0647128596902 59062.065629320219 16482.119358426891 1894.9954406460747 110817.45540914126 885.05839831754565 804.04154688864946 443.31567837670445 743.28185317106545 26211.0646247603 29.046695403754711 7330.0759844267741 7570.3173888288438 207.7286327239126 7910.0809627771378 227.54438226344064 37.088693428784609 19.017986821010709 37.563158798962831 3219.7470050984994 10577.75041623693 1462.7816429724917 11.358398139011113 15.56688553839922 11.738990504760295 69675.853568953462 56378.203355582431
leaf_count=245879 42913 4565 391261 17675 1084148 141849 9114 121360 672 7000 1284 6562 147707 285 246383 194325 5948 143024 5924 674 378 104 28440 442127 57105 181 92 532 667428 489688
internal_value=0.00762957 -0.0119069 -0.01482 0.00564897 -0.025943 -0.00952264 -0.00193057 0.0256551 -0.0157704 -0.00749212 0.0532857 0.100861 -0.000877343 -0.0266607 -0.0405332 -0.0292661 -0.0221488 -0.010646 0.110707 0.312249 0.523855 0.698005 0.0471898 -0.00229813 0.0498257 0.205572 0.167694 0.611201 -0.00918257 -0.0165792
internal_weight=715388 343306 294447 48858.9 94969.8 199477 90043.6 372082 109433 73561.5 1990.64 1186.6 42225 94509.7 23160.7 15830.7 71349 8260.34 350.261 122.717 85.6278 66.6099 6633.81 12286.9 1709.17 246.393 235.035 27.3059 71570.8 108548
internal_count=4504627 4137388 3900653 236735 2185795 1714858 833237 367239 881621 691388 14846 7846 190620 2181230 591097 344714 1590133 150389 7365 1441 767 389 46115 505985 63858 6753 6572 624 676542 880949
cat_boundaries=0 1 2 3 4 5 6 7 8 9 10
cat_threshold=2 1 44 8 5 30 1 4 1 1
is_linear=0
shrinkage=0.08


Tree=47
num_leaves=31
num_cat=17
split_feature=48 38 36 4 43 41 18 23 49 38 41 36 34 40 43 42 41 1 4 16 17 18 1 34 1 42 34 19 12 5
split_gain=791.59 729.411 977.674 948.439 893.963 866.896 618.206 613.547 571.381 528.602 873.965 719.606 434.641 457.221 432.812 467.089 428.442 519.62 520.746 449.273 422.753 455.714 406.971 393.372 421.185 390.485 422.406 497.681 374.482 476.624
threshold=0 1 2 3.5000000000000004 3 4 4396.7600097656259 1.0000000180025095e-35 5 6 7 8 9 10 11 12 13 4.5000000000000009 9.5000000000000018 1.0000000180025095e-35 4.5000000000000009 210.02500152587893 3.5000000000000004 14 4.5000000000000009 15 16 3897.119995117188 7626.7500000000009 16.500000000000004
decision_type=9 1 9 8 9 9 2 2 9 1 9 9 1 1 9 9 9 2 10 2 2 2 2 1 2 9 1 2 2 2
left_child=1 3 7 6 -5 -6 23 9 -9 20 11 -11 13 -12 -4 -16 17 -14 -19 -18 21 -3 -22 24 -1 -8 -27 -28 29 -21
right_child=-2 2 14 4 5 -7 25 8 -10 10 12 -13 16 -15 15 -17 19 18 -20 28 22 -23 -24 -25 -26 26 27 -29 -30 -31
leaf_value=0.018295117376476683 0.059415248552791969 0.001564983831515135 -0.021782474013946115 -0.025052352401545488 0.056794758553629511 0.02051412477809595 -0.015973459077116649 0.49418155377490053 0.011199034202943247 0.045093111720711808 0.0053889961738082795 -0.047526236789314787 0.017472458062398829 -0.019060001523207949 -0.0067821268618782947 0.00473658003843131 0.0063905691286261267 0.077680856881768831 0.39903219549210794 0.01822826063936854 -0.009188080204312464 0.023526179771851841 0.053357617412915261 -0.0033346213852663061 0.28529880431752597 0.23358984546344502 0.024605251331724323 0.23721292489024112 -0.022517007331753863 0.068456413561909304
leaf_weight=5740.9838915802538 1837.570184760727 56875.917126406915 6188.602941038087 2437.2288737222552 4774.5976582821459 36064.392113799229 230.75448333099484 15.677697038743645 172883.53729717527 644.28592308238149 14153.835392399225 3054.1315366690978 26273.89847480692 7471.6850456269458 37988.336514384486 55338.977900222875 193432.53106517717 133.49773280043155 42.563261020928621 18128.852312137373 28510.143434820697 6766.7460338640958 681.72862827265635 22774.172164341435 38.061705864965916 127.90711266919971 344.91764877550304 88.556664813309908 1316.133925232105 1295.5012031281367
leaf_count=16613 13330 389321 34534 6267 4510 88675 996 127 1384968 1142 93170 10137 183410 46357 155938 222156 1051680 898 88 114163 500989 81172 8150 78400 61 191 782 129 9095 7811
internal_value=0.00697655 0.00683964 0.00596575 0.0144323 0.0219628 0.0247687 0.00333191 0.00732792 0.0112428 0.0054415 0.00725561 -0.0313133 0.00780071 -0.00306311 -0.00131188 4.77336e-05 0.00877716 0.0183834 0.155368 0.00759001 0.000243714 0.00389999 -0.00772743 0.00139789 0.020019 0.073045 0.107997 0.0665057 0.0187801 0.0215782
internal_weight=705656 703818 631197 72621.6 43276.2 40839 29345.4 531681 172899 358781 265947 3698.42 262248 21625.5 99515.9 93327.3 240623 26450 176.061 214173 92834.5 63642.7 29191.9 28553.2 5779.05 792.136 561.381 433.474 20740.5 19424.4
internal_count=4505260 4491930 4295306 196624 99452 93185 97172 3882678 1385095 2497583 1517951 11279 1506672 139527 412628 378094 1367145 184396 986 1182749 979632 470493 509139 95074 16674 2098 1102 911 131069 121974
cat_boundaries=0 1 2 3 4 5 6 7 8 9 10 11 12 13 14 15 16 17
cat_threshold=1 513 162 34 16 2 160 16 34 32 3 1 35 4 100 24 72
is_linear=0
shrinkage=0.08


Tree=48
num_leaves=31
num_cat=13
split_feature=47 44 45 32 4 12 34 32 42 45 32 43 13 7 42 19 32 34 43 18 4 3 4 1 42 3 45 42 22 9
split_gain=35631.3 1740.89 1856.38 1404.93 1818.78 1609.33 1312.4 1256.26 1014.42 1042.06 1042.89 936.904 1183.25 1557.33 890.946 771.048 991.928 736.154 945.011 1069.04 953.459 1643.29 838.153 701.086 684.575 676.928 679.009 667.361 884.047 665.174
threshold=0 1 2 -2.8950001001358028 1.5000000000000002 1.0000000180025095e-35 3 inf 4 5 -10.085000038146971 6 185.80002593994143 145.20000457763675 7 580.02499389648449 -1.4350000023841856 8 9 124.07500076293947 3.5000000000000004 475.18000793457037 15.500000000000002 1.0000000180025095e-35 10 110.75500106811525 11 12 6.5000000000000009 1.0000000180025095e-35
decision_type=1 9 9 10 8 2 1 8 9 9 10 9 2 2 9 2 8 1 9 2 8 10 8 2 9 10 9 9 2 2
left_child=7 2 -2 6 25 24 14 23 9 10 -8 12 13 -4 29 16 -13 27 19 22 21 -21 -19 -1 -6 -5 -27 28 -7 -3
right_child=1 3 11 4 5 17 8 -9 -10 -11 -12 15 -14 -15 -16 -17 -18 18 -20 20 -22 -23 -24 -25 -26 26 -28 -29 -30 -31
leaf_value=0.024348480661684595 0.016850498443780101 0.025668981476004903 0.05443711784472436 0.012722864505250517 -0.004107269792533434 -0.011244382158319166 0.031265626997165355 0.016551280623372737 -0.016959401843498575 -0.046125122412946917 -0.022631028575606883 0.06945164489216045 -0.055789270613041286 0.40685188263106126 -0.0018470212397466044 -0.079993133176315748 -0.019690814590480284 0.52657882804654732 -0.02317357537913323 -0.029231309602489826 -0.00018740021676619381 0.6703849658954536 0.1242193797994005 0.034003858290312675 -0.030682922912742452 -0.074651830306701861 -0.026697088475263191 0.013151519431040462 0.65630572487256811 0.20016262917495861
leaf_weight=188890.74668175541 25089.720095798373 8196.8568290583789 1427.0488253179938 2729.0021050795913 8274.0528901172802 11460.881451033987 8305.2590405908413 109396.00587391295 68284.285580737516 1998.1561562926508 3176.5047465725802 834.53519460372627 636.18516213167459 85.03339422494173 23300.348327321932 1279.2632382800803 18707.606687233783 38.451239163056016 13949.206428418402 50.299019882455468 1843.1070522861555 37.511020279489458 239.60960210114717 64586.368140313774 24951.558051676489 1926.6621167785488 91138.32396988105 22807.229441249743 12.710680540651081 142.2420166619122
leaf_count=188767 91112 60877 10786 20450 59717 120482 93013 121774 1062336 39946 54614 4036 9357 299 169529 13968 107369 189 185432 536 17074 193 792 56798 231302 51144 1538283 193689 26 785
internal_value=0.00626889 -0.012302 0.00181006 -0.0146178 -0.0190225 -0.0104047 -0.00764749 0.0237164 -0.0130001 0.00705379 0.0163405 -0.0146195 0.0355786 0.0742555 0.00618721 -0.0198134 -0.015884 -0.00139949 -0.0154712 0.0330526 0.0120829 0.269633 0.179859 0.0268087 -0.0240754 -0.0265492 -0.0277008 0.00523618 -0.0104957 0.0286111
internal_weight=703795 340922 48059.4 292862 179459 83664.6 113404 362873 81764.2 13479.9 11481.8 22969.7 2148.27 1512.08 31639.4 20821.4 19542.1 50439 16158.2 2208.98 1930.92 87.81 278.061 253477 33225.6 95794 93065 34280.8 11473.6 8339.1
internal_count=4504675 4137336 236927 3900409 2419309 809432 1481100 367339 1249909 187573 147627 145815 20442 11085 231191 125373 111405 518413 204216 18784 17803 729 981 245565 291019 1609877 1589427 314197 120508 61662
cat_boundaries=0 1 2 3 4 5 6 7 8 9 10 11 12 13
cat_threshold=2 1 14 3 3 7 34 9 23 4 19 2 32
is_linear=0
shrinkage=0.08


Tree=49
num_leaves=31
num_cat=11
split_feature=37 38 36 34 2 36 34 26 4 19 2 41 45 2 12 6 41 38 16 12 11 13 14 4 4 11 38 19 19 7
split_gain=939.747 908.535 868.813 805.368 800.451 716.636 1057.72 812.906 1286.42 748.598 677.171 635.222 617.638 571.089 560.92 643.007 569.865 575.366 554.828 893.07 943.044 883.403 546.576 518.593 998.19 627.771 526.693 509.161 631.64 865.753
threshold=0 1 2 3 inf 4 5 9.2500000000000018 35.500000000000007 969.89999389648449 1.0000000180025095e-35 6 7 inf 622.02502441406261 9263.1186523437518 8 9 2.5000000000000004 348.97499084472662 9.5000000000000018 940.06500244140636 1.5000000000000002 34.500000000000007 35.500000000000007 10.500000000000002 10 942.30499267578136 1364.8750000000002 533.54992675781261
decision_type=1 1 9 1 8 9 1 10 10 2 8 9 9 8 2 2 9 1 2 2 2 2 2 10 10 2 1 2 2 2
left_child=2 3 14 -2 -5 6 7 -3 11 10 18 -9 -11 -7 16 -16 17 -1 -8 20 21 -20 -18 -14 -25 26 -26 -13 29 -29
right_child=1 5 -4 4 -6 13 9 8 -10 12 -12 27 23 -15 15 -17 22 -19 19 -21 -22 -23 -24 24 25 -27 -28 28 -30 -31
leaf_value=-0.0022825585717106563 0.018131594864359026 0.0072818903516989695 -1.1069512160424026e-05 0.0072408812108055208 -0.022650770471838753 -0.0070633470133840736 -0.0015659462993081851 0.4523680446645772 0.80226327973108069 -0.052808683393850177 0.02213757129297448 -0.0017896171969698387 -0.014204103170504093 0.042599104692913441 0.023986737717476062 -0.010993830920874737 0.0082297565073963797 0.033760621764556478 -0.14069142665985188 0.013247419885859282 1.0525814928179238 0.77933526606637127 0.4121420564547511 0.4527220577254214 0.13697542854197114 -0.088100531543953434 -0.037137720942519582 0.16615263385258597 0.033732662296361932 0.67503069788390246
leaf_weight=3778.1655376413837 46684.8044619672 168368.06596083101 42173.168639969081 68328.02775069885 6258.5942122060806 61480.264012889937 98663.664886240382 17.833416022360325 15.833349125459788 2634.0766333602369 8528.4754346888512 408.13671756815165 14780.151644826867 1518.5334494095296 37952.487523546442 3690.1131629957817 115352.29099329188 11400.207097288687 17.125799453351647 78.094506096560508 12.539247354958205 10.950207944959404 21.445559919811785 38.251350653357804 329.514300275594 196.41403524391353 164.70488311164081 131.2242502826266 196.12381593883038 25.565216572955251
leaf_count=25753 133057 1163029 176852 233348 15872 279027 928686 57 59 60929 52752 3239 272518 2314 349107 25602 677529 96091 402 999 119 7 152 152 1851 2074 1481 410 1885 194
internal_value=0.00587882 0.00390788 0.0102811 0.00989141 0.00473203 0.00187857 0.00353462 0.00766245 0.0883829 -0.00203153 0.000509317 0.073871 -0.017061 -0.00586534 0.0128017 0.020887 0.0102237 0.0247932 -0.00135798 0.17149 0.475757 0.218138 0.00830412 -0.0109484 0.0549196 0.0328869 0.0809701 0.0582918 0.129427 0.249127
internal_weight=693255 478887 214368 121271 74586.6 357616 294617 169163 794.717 125454 107311 778.883 18143.1 62998.8 172195 41642.6 130552 15178.4 98782.4 118.71 40.6153 28.076 115374 15509 728.885 690.633 494.219 761.05 352.913 156.789
internal_count=4505547 3154461 1351086 382277 249220 2772184 2490843 1168873 5844 1321970 982965 5785 339005 281341 1174234 374709 799525 121844 930213 1527 528 409 677681 278076 5558 5406 3332 5728 2489 604
cat_boundaries=0 1 2 3 4 5 6 7 8 9 10 11
cat_threshold=98 643 162 116 128 15 16 32 4 212 328
is_linear=0
shrinkage=0.08


Tree=50
num_leaves=31
num_cat=11
split_feature=47 47 39 3 44 37 32 6 46 3 3 0 12 40 5 37 17 19 32 37 4 12 3 32 45 4 19 12 36 21
split_gain=32045.7 1606.64 1486.75 1246.65 1738.99 1206.12 1137.08 939.308 890.005 1996.02 962.276 875.213 1330.22 849.279 824.64 838.003 1292.28 852.28 816.17 787.594 781.32 852.606 758.433 950.808 718.378 756.236 2512.97 997.316 709.179 872.574
threshold=0 1 2 475.18000793457037 3 4 inf 9263.1186523437518 5 35.345001220703132 806.76501464843761 1.5000000000000002 4712.7150878906259 6 27.500000000000004 7 59.500000000000007 2811.2500000000005 26.775000572204593 8 13.500000000000002 1260.049987792969 24.98499965667725 -1.1150000095367429 9 27.500000000000004 37.004999160766609 5874.6250000000009 10 1.0000000180025095e-35
decision_type=1 1 9 8 9 1 8 2 1 10 8 2 2 1 2 1 2 2 10 1 8 2 10 8 9 10 2 2 9 2
left_child=6 3 18 7 -5 -4 -1 11 10 -10 -8 12 13 -2 15 17 -17 20 -3 -6 -13 -22 23 -15 -14 -26 -27 -28 -23 -30
right_child=1 2 5 4 19 -7 8 -9 9 -11 -12 14 24 22 -16 16 -18 -19 -20 -21 21 28 -24 -25 25 26 27 -29 29 -31
leaf_value=0.024864807892897765 -0.045254848619846327 0.026481367104397871 -0.01823026234772197 0.040020620697877263 -0.0016971670771023116 -0.0020246677061336155 0.015153272580512694 -0.065976608924327246 -0.050838126854271616 0.033740113557711691 0.0510405365129592 -0.028385277385429716 -0.083398050385892195 0.28356870154838376 0.14409209842375514 -0.040615033016299415 0.22390775869999144 -0.069906864536603275 -0.050186713745993948 -0.031487772934249654 -0.01000269163343776 0.1558244524963803 -0.015094125483686802 0.023611518013663568 0.051728202398983535 1.2632549838722624 0.49152330883737566 -0.04283002536498727 -0.011274040703544387 0.17637208363560375
leaf_weight=247285.46577806585 5948.0323541769758 11486.333858329803 48765.928755580913 5148.8988536940888 18751.674821308348 73989.072506911121 95121.741143016145 2769.9861044147983 3906.0622265841812 3289.8112035710365 5034.9978486578912 18490.725223486312 229.08381290081888 95.081685099750757 180.48268712870777 22834.278521640226 118.81298901792616 2057.2532806098461 963.16785089671612 8140.89350390248 15881.312805858441 329.69277361407876 97098.300989140756 1700.5731002725661 1756.2851067297161 14.097214832901953 32.582285488024354 71.209152925759554 877.33536679577082 193.59735735878348
leaf_count=245949 54869 19871 382613 38090 655076 556304 106516 24220 7973 2983 4122 355647 5599 265 2052 261800 721 47067 2822 213557 189563 1768 1263492 13890 28902 47 144 738 12123 1746
internal_value=0.00508192 -0.0125471 -0.0057926 -0.017052 -0.0025727 -0.00846419 0.0218801 -0.0197702 0.0150049 -0.0121706 0.0169574 -0.0190079 -0.0146472 -0.0159109 -0.0266578 -0.0271649 -0.0392287 -0.0198296 0.0205499 -0.0107277 -0.0169552 -0.00472571 -0.01414 0.0373765 0.0483459 0.0645497 0.261038 0.124915 0.0551086 0.0224381
internal_weight=692563 337925 135205 202720 32041.5 122755 354638 170679 107353 7195.87 100157 167909 106945 104842 60963.5 60783 22953.1 37829.9 12449.5 26892.6 35772.7 17281.9 98894 1795.65 2103.26 1874.17 117.889 103.791 1400.63 1070.93
internal_count=4500529 4132986 961610 3171376 906723 938917 367543 2264653 121594 10956 110638 2240433 1367946 1332516 872487 870435 262521 607914 22693 868633 560847 205200 1277647 14155 35430 29831 929 882 15637 13869
cat_boundaries=0 1 2 3 4 5 6 7 8 9 10 11
cat_threshold=2 4 1 1 20 1 1 105 105 32 74
is_linear=0
shrinkage=0.08


Tree=51
num_leaves=31
num_cat=15
split_feature=32 3 3 46 46 12 38 42 34 43 37 36 33 5 27 26 2 2 38 42 3 41 23 3 19 41 38 13 42 45
split_gain=791.288 689.881 917.098 1001.18 741.188 717.185 686.716 993.44 838.448 690.533 686.958 647.729 675.366 1190.65 652.828 709.928 610.852 597.87 575.947 664.117 515.851 510.434 481.549 647.752 623.718 600.751 538.889 669.982 465.053 453.731
threshold=-3.1249999999999996 9.9849996566772479 128.69499969482425 0 1 131.39994812011722 2 3 4 5 6 7 1.0000000180025095e-35 27.500000000000004 7.5000000000000009 7.5000000000000009 2.5000000000000004 1.5000000000000002 8 9 676.45498657226574 10 -1.0000000180025095e-35 690.44500732421886 342.00999450683599 11 12 358.35002136230474 13 14
decision_type=8 10 10 1 1 2 1 9 1 9 1 9 2 2 8 10 8 8 1 9 10 9 2 10 2 9 1 2 9 9
left_child=1 4 3 -3 -1 -5 7 16 -9 21 -8 14 -13 28 15 18 -2 -11 19 -12 -4 -10 23 -16 25 -24 27 -26 -14 -27
right_child=6 2 20 5 -6 -7 10 8 9 17 11 12 13 -15 22 -17 -18 -19 -20 -21 -22 -23 24 -25 26 29 -28 -29 -30 -31
leaf_value=0.014686885905304415 0.0066315104672565964 0.057344938963803091 0.013089684900791992 -0.095160578036101673 -0.18042455330623239 0.033247157499917565 0.00074455111362340082 0.003058803594821019 0.058540274765272536 0.026185090861014688 0.45301805311302334 -0.0037634707352669368 0.19293567301917058 1.0886532167661458 0.0030100986406856045 0.55428111444844397 -0.020520305706283614 -0.010088999274089237 0.021983278126906824 0.0485467258523034 -0.012728138965929803 0.0012151685180199353 -0.0077167673063773604 0.08848123293741525 -0.011791182696270736 0.041178430185423588 0.00089209849337210188 0.029222860303166832 -0.04108322724002627 0.017903438647250039
leaf_weight=255.03891189955175 57488.564701404888 5277.5244714580476 65483.564697650727 516.25404338911176 243.64950212463737 604.13585617765784 283178.82985916734 12948.58131836541 6014.9524724055082 18357.668331312016 43.966820849105716 36934.659401768818 123.08998276945204 8.0897569581866247 76904.26878687134 21.397128949407488 5841.8277428955771 3455.3475575279444 318.02396265324205 70.744069565087557 5358.236937974114 1201.5618247217499 5192.4196370597929 571.69746132846922 3363.7717785593122 6174.3800655812956 38432.255712976679 10524.332238620147 91.828194120898843 41154.974649037234
leaf_count=575 359827 15142 543404 1430 906 796 1787501 38268 13318 79410 92 175303 1191 53 411419 179 22078 12582 1926 268 68793 7319 26245 5925 18573 36027 476584 49083 1626 349085
internal_value=0.00555079 0.0131511 0.0137566 0.0427636 -0.0806408 -0.0259206 0.00457969 0.0104541 0.0199973 0.027549 0.00334981 0.00670413 -0.00292462 0.135875 0.00866171 0.104461 0.00412628 0.0204296 0.0822186 0.227469 0.0111369 0.0490104 0.00842356 0.00364079 0.0119579 0.0181165 0.00577562 0.0192752 0.100012 0.0209478
internal_weight=686156 77738.4 77239.7 6397.91 498.688 1120.39 608417 105309 41978.1 29029.5 503109 219930 37157.7 223.008 182772 454.132 63330.4 21813 432.735 114.711 70841.8 7216.51 182318 77476 104842 52521.8 52320.4 13888.1 214.918 47329.4
internal_count=4504928 631046 629565 17368 1481 2226 3873882 532802 150897 112629 3341080 1553579 178173 2870 1375406 2465 381905 91992 2286 360 612197 20637 1372941 417344 955597 411357 544240 67656 2817 385112
cat_boundaries=0 1 2 3 4 5 6 7 8 9 10 11 12 13 14 15
cat_threshold=1 1 521 56 3 36 5 130 68 18 50 1 82 40 8
is_linear=0
shrinkage=0.08


Tree=52
num_leaves=31
num_cat=17
split_feature=47 38 2 37 6 32 2 45 47 34 38 32 3 36 25 42 35 6 38 42 14 36 2 3 45 6 40 38 3 40
split_gain=26045.3 2396.5 2103.16 1797.49 1750.47 1703.74 1490.01 1403.23 1393.1 1286.35 1251.77 1227.96 1148.56 1141.34 1027.44 1017.64 969.801 917.026 998.306 979.163 862.459 834.321 831.754 1190.43 2364.8 820.762 778.492 847.799 1605.26 1519.09
threshold=0 1 inf 2 9263.1186523437518 -3.5449999570846553 inf 3 4 5 6 inf 121.73500061035158 7 inf 8 9 507.02496337890631 10 11 1.0000000180025095e-35 12 inf 1.0000000180025095e-35 13 20.149963378906254 14 15 529.47500610351574 16
decision_type=1 1 8 1 2 8 8 9 1 1 1 8 10 9 8 9 1 2 1 9 2 9 8 10 9 2 1 1 10 1
left_child=11 6 3 4 5 12 13 -5 17 -8 15 -1 -3 -2 -10 -9 -16 -7 -19 20 -20 26 23 24 -13 -15 -18 29 -29 -28
right_child=1 2 -4 7 -6 8 9 10 14 -11 -12 22 -14 25 16 -17 21 18 19 -21 -22 -23 -24 -25 -26 -27 27 28 -30 -31
leaf_value=0.023371980766539568 0.011126262896212548 0.094988208067563903 -0.077636198595072731 0.0069380316588727887 -0.058960232010468343 -0.020022754417622687 0.047094385051632867 -0.0033786402627031167 0.10770233236838797 -0.048752015632892977 -0.037262577543752604 -0.12710244455177314 0.010024940272784959 -0.024471415966534342 0.036698859347695872 -0.032277649586945997 -0.054153717361462135 -0.023046921923092649 0.083425090013433428 0.00078618970506769419 -0.022451037588322783 -0.041417127368677635 0.035263125572024163 0.012496995916779559 0.01132492414369657 0.0061415131673392357 0.065840973872153305 0.0063755814603417725 0.14303445274045429 -0.019292505723139574
leaf_weight=242430.72323906887 50661.782427828759 1082.9842547029257 3358.3711309377104 8426.0273354155943 4440.5275826808065 81277.380299215671 1049.7247934117913 18108.592480893247 553.19474129937589 5905.1050630249083 38761.649735945277 1172.6958521641791 17045.847577186301 12278.932408044115 3869.5552680101246 13699.89860750176 1750.1759147122502 6170.300467456691 2103.4399222806096 5985.915419800207 642.90643951110542 3682.7740895785391 9755.7465487318113 91702.391450148076 2379.0492174094543 10312.789255628362 1442.3205968365073 26224.347299814224 561.89569005928934 17633.167057508603
leaf_count=246076 292319 5352 20403 86308 63878 1425508 1415 130076 1665 22654 711634 3446 336966 68250 7068 105792 12113 229513 25651 101195 11191 22508 10918 104235 2983 49144 3217 170738 4084 229190
internal_value=0.00487195 -0.0109727 -0.0147424 -0.0139096 -0.00937452 -0.00808006 0.00109918 -0.0239214 -0.0108466 -0.0342879 -0.0276065 0.0202419 0.0151005 0.00445905 -0.000780749 -0.0158317 -0.00186863 -0.0166778 0.00156502 0.0189607 0.0584273 -0.0047843 0.0130155 0.0107369 -0.0347062 -0.0104924 -0.00194265 6.11969e-05 0.00923883 -0.0128243
internal_weight=684470 337030 256821 253463 174467 170026 80208.3 78996.2 151897 6954.83 70570.1 347441 18128.8 73253.5 55717.4 31808.5 55164.2 96179.9 14902.6 8732.26 2746.35 51294.7 105010 95254.1 3551.75 22591.7 47611.9 45861.7 26786.2 19075.5
internal_count=4505490 4137832 3704050 3683647 2649837 2585959 433782 1033810 2243641 24069 947502 367658 342318 409713 450583 235868 448918 1793058 367550 138037 36842 441850 121582 110664 6429 117394 419342 407229 174822 232407
cat_boundaries=0 1 2 3 4 5 6 7 8 9 10 11 12 13 14 15 16 17
cat_threshold=2 643 105 8 4 96 80 161 26 8 40 16 146 8 8 36 1
is_linear=0
shrinkage=0.08


Tree=53
num_leaves=31
num_cat=15
split_feature=47 2 47 44 38 32 38 3 38 38 2 32 46 3 32 38 38 3 35 42 38 45 34 12 19 12 3 12 32 5
split_gain=22621.1 2280.91 2093.94 1404.39 1299.48 1186.27 1262.6 1023.79 974.789 897.992 854.948 1423.43 2066.68 3265.58 1726.61 947.851 844.202 901.089 805.106 871.812 944.603 803.521 785.879 757.551 911.013 805.356 886.974 969.273 799.687 786.15
threshold=0 inf 1 2 3 -2.6550000905990596 4 85.514999389648452 5 6 inf -4.4749999046325675 7 59.68499946594239 -4.4749999046325675 8 9 754.63000488281261 10 11 12 13 14 1.0000000180025095e-35 129.02500152587893 339.77000427246099 72.735000610351577 25052.765625000004 16.314999580383304 5.5000000000000009
decision_type=1 8 1 9 1 10 1 8 1 1 8 10 1 10 8 1 1 8 1 9 1 9 1 2 2 2 10 2 10 2
left_child=10 2 3 7 21 6 -4 8 -2 22 11 12 -1 14 -14 -12 -6 23 -7 -20 -21 -5 -3 -18 -25 -26 27 28 29 -27
right_child=1 9 5 4 16 18 -8 -9 -10 -11 15 -13 13 -15 -16 -17 17 -19 19 20 -22 -23 -24 24 25 26 -28 -29 -30 -31
leaf_value=0.012867129919286194 0.10748584266119231 0.01349042458902361 0.024299451362541923 0.020376873776598987 -0.029906355213903956 0.011399629098124833 -0.0021716555718947913 0.013566968217654398 -0.021900284299472109 -0.085917628932049045 0.017363941271182383 0.021455487591360584 -0.29154736085217431 0.019043207418772835 -0.078364146007373986 0.053578935915720376 -0.02537507412364989 0.033704764487245846 0.00030215343746132058 0.01056619830853185 -0.022998680941835922 -0.074856500172064508 -0.048619813634877371 0.0042463362827460703 -0.031694697570020296 -0.0023764038157385475 -0.01394064309506554 0.79073620723457905 0.48411452451152709 0.093885842681136186
leaf_weight=108632.7890704954 376.32975525408983 1743.9880959391594 18675.056252914481 7558.7032324559987 37760.970031305682 11927.949587482959 30125.686190678738 17307.406133661047 10822.551045365632 2932.0255142655224 9471.9202451156452 206182.98623497412 269.31069459021091 3259.205887844786 2502.683945517987 9092.4158836975694 44314.328718135133 2274.2071993080899 26612.877150507644 6278.3141197385266 36852.473135922104 603.39227726683021 5156.067378602922 16775.965825414285 16734.425212657545 1784.1989531926811 36092.375422371551 10.800189718604086 24.720673732459545 780.48391214944422
leaf_count=123113 706 3833 89517 44428 1341140 66663 234448 94839 76001 18892 12458 212287 1317 3446 5966 8628 529430 25434 233370 44099 280587 5957 21348 238348 247738 22514 511404 5 56 7345
internal_value=0.00390771 -0.0108888 -0.00973574 -0.0150231 -0.0178604 -0.00190554 0.00796284 0.00137156 -0.0174759 -0.0488486 0.0184476 0.0174818 0.0103365 -0.0352454 -0.0990758 0.0351395 -0.0194822 -0.0161664 -0.00780213 -0.0110862 -0.0181115 0.0132537 -0.0329247 -0.0171412 -0.0120876 -0.0170314 -0.0106896 0.0344374 0.0312829 0.0269181
internal_weight=672937 333525 323693 193221 164715 130472 48800.7 28506.3 11198.9 9832.08 339411 320847 114664 6031.2 2771.99 18564.3 156552 118792 81671.6 69743.7 43130.8 8162.1 6900.06 116517 72203 55427 38692.6 2600.2 2589.4 2564.68
internal_count=4505317 4138102 4094029 3145345 2973799 948684 323965 171546 76707 44073 367215 346129 133842 10729 7283 21086 2923414 1582274 624719 558056 324686 50385 25181 1556840 1027410 789062 541324 29920 29915 29859
cat_boundaries=0 1 2 3 4 5 6 7 8 9 10 11 12 13 14 15
cat_threshold=2 4 1 129 898 512 661 1 643 40 9 24 521 13 112
is_linear=0
shrinkage=0.08


Tree=54
num_leaves=31
num_cat=17
split_feature=48 1 34 32 45 45 41 34 40 3 16 34 41 4 46 7 3 34 18 23 37 33 8 3 46 2 40 46 44 45
split_gain=903.993 582.145 682.991 552.793 750.136 477.389 446.53 1499.44 678.118 490.587 445.269 578.951 427.944 603.016 424.074 423.563 713.411 600.568 440.102 422.003 376.027 613.081 378.879 373.687 2423.36 872.246 700.339 629.783 1477.57 1394.03
threshold=0 2.5000000000000004 1 -10.085000038146971 2 3 4 5 6 101.90499877929689 1.0000000180025095e-35 7 8 inf 9 470.52499389648443 194.46500396728518 10 7222.8249511718759 9.5000000000000018 11 1.5000000000000002 11.500000000000002 806.76501464843761 12 inf 13 14 15 16
decision_type=9 2 1 8 9 9 9 1 1 8 2 1 9 8 1 2 10 1 2 2 1 2 2 8 1 8 1 1 9 9
left_child=1 3 -3 4 -1 -2 7 -5 -9 -10 15 20 13 -13 -6 23 -17 18 -18 -4 -12 22 -22 27 -25 26 -26 -8 -29 -30
right_child=5 2 19 6 14 -7 10 8 9 -11 11 12 -14 -15 -16 16 17 -19 -20 -21 21 -23 -24 24 25 -27 -28 28 29 -31
leaf_value=0.028197443158745207 0.073881618332477403 0.044916062956840482 0.0085280235715043413 0.050027907810277238 0.0007357341258578551 -0.051735260610494667 0.0010336755561814706 0.018461038679338931 0.036895438684328145 -0.032649406625296827 0.020842321145266615 0.012119234758664943 -0.010432476547443843 -0.49887390329987347 -0.06481455862458424 0.010048361391268974 -0.0097136841003657194 -0.026536374559840308 0.025003678580809808 0.10695946524611633 0.0040366711976318409 0.37750808931205143 0.35039035984304773 0.047755824010188429 -0.15178431775436138 0.016856236850287667 -0.041384436649774384 0.040633075811472373 0.01610431339769109 -0.056264526916396537
leaf_weight=11503.695496866945 1632.0408122730441 3839.9225459434092 33566.185025655199 5348.8280217992142 3630.6884232498705 215.20294812181965 466545.71991737885 5148.0998832853511 760.21498168259859 4444.792878898792 23114.037140168715 9763.5822773464024 14109.839109390508 14.802549647167323 764.67688201181591 11327.836711371318 11605.057911683805 12705.123471758328 2926.126191298943 281.09298804495484 16671.801970072556 28.241939963772893 20.238018544856459 6206.1035056854598 458.20659509673715 1349.5850607231259 1859.2519024256617 8275.402281710878 5071.2981560397893 2553.2448026333004
leaf_count=48718 10921 16462 262632 7220 22403 2537 3139049 10550 1803 14753 162363 104922 141637 151 1861 68841 101512 215736 16652 1314 92817 49 133 19075 1516 1633 3910 13958 7509 12403
internal_value=0.00348069 0.00332519 0.0129817 0.00274403 0.0174706 0.0593672 0.00236039 0.0156724 -0.0021082 -0.0224489 0.00200856 0.00832747 -0.00152155 0.0113341 -0.0106441 0.00125013 -0.00682372 -0.013841 -0.00272082 0.00934271 0.0142306 0.00508368 0.0044566 0.00188257 0.0172895 -0.0342716 -0.0640462 0.00156727 0.0172243 -0.00818265
internal_weight=665741 663894 37687.2 626206 15899.1 1847.24 610307 15701.9 10353.1 5205.01 594605 63722.5 23888.2 9778.38 4395.37 530883 38564.1 27236.3 14531.2 33847.3 39834.3 16720.3 16692 492319 9873.15 3667.04 2317.46 482446 15899.9 7624.54
internal_count=4505040 4491582 280408 4211174 72982 13458 4138192 34326 27106 16556 4103866 502072 246710 105073 24264 3601794 402741 333900 118164 263946 255362 92999 92950 3199053 26134 7059 5426 3172919 33870 19912
cat_boundaries=0 1 2 3 4 5 6 7 8 9 10 11 12 13 14 15 16 17
cat_threshold=1 2 5 13 16 48 8 22 33 1 14 35 1 4 1 2 12
is_linear=0
shrinkage=0.08


Tree=55
num_leaves=31
num_cat=15
split_feature=47 44 37 41 35 47 35 37 42 1 3 4 41 19 46 3 2 0 19 11 23 16 24 42 37 37 6 18 40 18
split_gain=19765.9 1854.01 2128.49 1540.62 1581.51 1368.2 1179.51 834.773 800.115 782.084 848.641 1721 1074.56 761.719 758.836 2127.56 1448.04 750.11 853.068 1071.95 931.038 789.635 879.689 726.77 704.701 703.589 687.803 696.212 684.945 750.364
threshold=0 1 2 3 4 5 6 7 8 1.0000000180025095e-35 552.32000732421886 inf 9 279.75500488281256 10 35.345001220703132 inf 1.5000000000000002 2961.5500488281255 24.500000000000004 3.5000000000000004 1.5000000000000002 8.5000000000000018 11 12 13 196.2749938964844 15375.594726562502 14 18018.814453125004
decision_type=1 9 1 9 1 1 1 1 9 2 10 8 9 2 1 10 8 2 2 2 2 2 2 9 1 1 2 2 1 2
left_child=9 3 -3 4 7 8 -7 -2 25 10 14 -12 -13 -9 -1 16 -16 23 19 -19 21 22 -21 26 -5 -4 27 -10 -8 -30
right_child=1 2 5 24 -6 6 28 13 17 -11 11 12 -14 -15 15 -17 -18 18 -20 20 -22 -23 -24 -25 -26 -27 -28 -29 29 -31
leaf_value=0.017121200559899775 0.17210875766053751 -0.049202098884371395 -0.013680816705468333 0.026966462930497363 0.016384697907557946 0.012713196576147272 -0.030253798352540794 0.10924170407383126 -0.032477575702047241 0.024252853698209488 -0.0029309588550718115 -0.010387782929702572 -0.40822941195097306 -0.011228356379381601 -0.097873108442169773 0.024223959339718503 0.0052907589198617454 -0.022902614851364106 -0.055760997834219887 0.00084054975017489964 0.78159981455480432 0.14921820027491425 0.67727810685661538 -0.0075859742020016078 -0.0074632764853750731 0.024830746732012941 0.0015897792937496671 0.178560676364485 -0.0052657535018467028 -0.069847887993915656
leaf_weight=233429.24572839681 618.56427508685738 9762.0869413046166 6705.997314312961 4303.3018068820238 9140.3787570241839 20884.96998952888 8298.609632646665 816.40333078056574 18572.835217550397 82553.008500097319 9932.8643392659724 83.531122844666243 100.12701948359609 570.72795762587339 2074.8140541762114 5670.9513585213572 1500.5321842990816 60505.885301112197 4959.5515094583388 1082.8760544797406 10.956590610556303 332.91000524489209 12.445629567839203 58087.981081354432 32268.786337111145 5531.6705784555525 5186.7509285258129 100.58776174113154 82473.272187395953 1167.7043312583119
leaf_count=256757 3754 406832 92959 9154 39709 102199 49491 6342 251251 83245 13225 123 682 11252 5516 5991 2069 1194314 138657 27813 200 5176 231 789165 166349 117537 68202 930 645439 10290
internal_value=0.00379929 -0.0100569 -0.012511 0.00453273 0.030556 -0.0112012 -0.00444558 0.0947357 -0.0159334 0.0174922 0.0152845 -0.00741772 -0.250077 0.0592478 0.0162309 -0.00624646 -0.0545764 -0.0175493 -0.0238356 -0.0212796 0.0469565 0.0413207 0.00852659 -0.0124191 -0.00340579 0.00373324 -0.0241722 -0.0313408 -0.00834384 -0.00616664
internal_weight=666740 331395 283677 47718.2 11146.1 273915 112825 2005.7 161090 335345 252792 10116.5 183.658 1387.13 242676 9246.3 3575.35 148853 66904.6 61945.1 1439.19 1428.23 1095.32 81948.2 36572.1 12237.7 23860.2 18673.4 91939.6 83641
internal_count=4504854 4137246 3900686 236560 61057 3493854 807419 21348 2686435 367608 284363 14030 805 17594 270333 13576 7585 2475939 1366391 1227734 33420 33220 28044 1109548 175503 210496 320383 252181 705220 655729
cat_boundaries=0 1 2 3 4 5 6 7 8 9 10 11 12 13 14 15
cat_threshold=2 1 16 21 17 4 9 104 1 16 1 32 70 36 8
is_linear=0
shrinkage=0.08


Tree=56
num_leaves=31
num_cat=12
split_feature=47 31 46 38 44 42 36 32 2 33 34 3 32 18 5 3 20 1 3 2 7 3 36 47 18 38 32 44 32 42
split_gain=18097.9 1943.55 1871.83 1468.44 1349.31 1176.15 1139.79 1007.97 948.781 1024.13 1019.58 972.282 2028.39 1172.32 2139.48 4691.04 1697.98 1020.69 1518.1 873.611 857.627 1006.39 846.537 835.436 860.65 866.694 827.354 815.041 760.875 717.761
threshold=0 1.0000000180025095e-35 1 2 3 4 5 15.135000228881838 inf 1.0000000180025095e-35 6 125.5749969482422 -4.2449998855590811 513.52499389648449 21.500000000000004 571.40499877929699 1.5000000000000002 4.5000000000000009 541.10498046875011 inf 18.750001907348636 128.69499969482425 7 8 2815.075073242188 9 inf 10 0.20499999821186068 11
decision_type=1 10 1 1 9 9 9 8 8 2 1 8 8 2 2 10 2 2 10 8 2 10 9 1 2 1 8 9 10 9
left_child=26 2 3 4 7 19 8 -2 9 10 29 12 -12 14 16 -16 17 -13 -19 22 28 -22 -5 24 25 -24 -1 -4 -7 -6
right_child=1 -3 27 5 6 20 -8 -9 -10 -11 11 13 -14 -15 15 -17 -18 18 -20 -21 21 -23 23 -25 -26 -27 -28 -29 -30 -31
leaf_value=0.019038366697208372 -0.012415077364221924 0.024660114471215088 0.040019910500503963 -0.014353286246774804 -0.045770415742760112 -0.012179699926005988 -0.043306920439181329 0.019262661074163238 -0.076370588338458265 0.036479106592715228 0.11895341008487757 -0.0038151808925901611 -0.031942065089057448 -0.022835076766694797 -0.084891074070976111 3.1387693991423573 0.64315379194718603 0.052354687120371363 0.62721199217692891 -0.049256239906365615 0.022887626493833531 -0.012085103748706217 0.035245817980810029 0.020320678192498064 0.038241422854521215 -0.011443758778555958 0.010369446060287642 -0.0019900969389766076 -0.032478019729991245 -0.0058216180407905894
leaf_weight=228524.2722831564 19581.36015997082 9948.8339023068547 6188.320999911055 13675.895443318412 13087.71364209638 37274.649570146576 13219.492208246142 9570.8078901600093 1790.5122251994908 2191.884046244435 582.74789658468217 42806.68685624795 26345.107924557291 30780.226845001336 8.325190610252319 4.4243759764358392 26.037189063616097 111.09174994006753 39.982371332123876 2098.9458300918341 7916.6859974898398 15728.430587409064 2872.9215390402824 20748.319207411259 3182.5897069005296 21691.123843731359 101868.39011290111 5658.038315102458 17306.085654132068 3707.319880453404
leaf_count=245453 142634 35548 14983 85313 437915 237436 162315 49568 13643 38719 3754 871828 399322 881499 215 93 245 1285 589 9250 49351 123739 16886 98433 30985 219934 121779 15080 130512 67231
internal_value=0.00314858 -0.0101589 -0.0112476 -0.0124542 -0.0176192 -0.00651325 -0.0209976 -0.00201511 -0.0185648 -0.0177016 -0.0187123 -0.0156637 -0.0286765 -0.0109162 -0.0023838 1.03379 -0.00269115 -0.0030826 0.204493 0.00150547 -0.0131007 -0.000375789 0.00321948 0.00817638 -0.000901902 -0.00597343 0.0163655 0.0199552 -0.0186158 -0.0369609
internal_weight=658537 328145 318196 306349 163854 142496 134702 29152.2 121482 119692 117500 100705 26927.9 73776.8 42996.5 12.7496 42983.8 42957.8 151.074 64269.8 78225.9 23645.1 62170.8 48495 27746.6 24564 330393 11846.4 54580.7 16795
internal_count=4505537 4138305 4102757 4072694 3070855 1001839 2878653 192202 2716338 2702695 2663976 2158830 403076 1755754 874255 308 873947 873702 1874 460801 541038 173090 451551 366238 267805 236820 367232 30063 367948 505146
cat_boundaries=0 1 2 3 4 5 6 7 8 9 10 11 12
cat_threshold=2 1 300 1 25 131 64 88 4 129 2 25
is_linear=0
shrinkage=0.08


Tree=57
num_leaves=31
num_cat=11
split_feature=47 37 38 36 2 47 4 36 43 32 38 4 25 33 34 2 32 46 32 4 25 13 19 22 13 12 18 19 34 18
split_gain=13414.4 1886.36 2385.04 2116.43 1231.85 1194.15 1122.47 1102.49 1005.7 961.194 1020.04 1013.79 897.528 893.116 886.953 982.406 886.125 1203.59 933.95 866.903 1056.79 987.776 1839.45 847.221 1359.67 1122.05 1370.74 1524.68 959.019 913.945
threshold=0 1 2 3 2.5000000000000004 4 34.500000000000007 5 6 -3.0249999761581416 7 29.500000000000004 6.5000000000000009 1.0000000180025095e-35 8 inf -4.4749999046325675 9 -10.085000038146971 45.500000000000007 9.5000000000000018 1324.0999755859377 2111.3750000000005 2.5000000000000004 578.24993896484386 274.02499389648443 628.85000610351574 1616.424987792969 10 3284.7150878906255
decision_type=1 1 1 9 8 1 10 9 9 10 1 8 10 2 1 8 10 1 8 10 10 2 2 2 2 2 2 2 1 2
left_child=14 3 6 4 5 12 23 8 -4 10 -9 -11 -2 -5 -1 16 17 -16 -19 20 21 -8 -23 28 25 -25 -27 -28 -3 -29
right_child=1 2 7 13 -6 -7 19 9 -10 11 -12 -13 -14 -15 15 -17 -18 18 -20 -21 -22 22 -24 24 -26 26 27 29 -30 -31
leaf_value=0.0084263423473419224 0.00049137660906619176 -0.015667874436686383 -0.035787334224761352 -0.030380488521854803 -0.031500714123660352 0.017051460122008838 0.043021899698987988 -0.0077350166311751026 0.00026785319654448389 -0.016637835224752449 0.021688989681432482 0.0060511739936691964 -0.069646387174591734 0.10027138914241052 0.011871410946131287 0.039647594849992571 0.02026294419675994 -0.14559193608489762 -0.020286845305323108 -0.0062033989563744394 0.5177478904542907 0.66246497478396327 0.022252784837689003 -0.092168243102631275 -0.00023557662806325715 0.6431584787319552 -0.03999903631453295 -0.088259190287711745 -0.031350351384761395 0.60776331324216315
leaf_weight=92739.587647980079 56590.579742598813 53279.257749527693 11799.032864587381 15118.333742698655 5818.9634081269614 39805.181223835796 551.43864404503256 11916.335376342759 8535.4592179525644 28830.061376534402 20514.295217159204 22393.396188130602 1192.2816916410811 342.43937002215534 75904.089970603585 12340.186190383509 140952.49014971033 431.13854122720659 3253.0661548543721 928.50834045605734 38.710967971943319 50.578352001495659 66.468155554030091 65.72878006985411 1084.714116783347 52.007111865561455 93.397281337995082 15.505840622819958 47080.623313400429 54.554479974322021
leaf_count=112047 969866 812511 76544 121891 57996 249003 7525 65986 45200 240827 124669 136989 29841 3106 87108 14227 147567 1338 5357 13815 174 329 729 1475 26916 488 2163 410 1152013 529
internal_value=0.0035589 -0.00790701 -0.0125128 0.000128187 0.00425659 0.00638916 -0.0211186 -0.00395763 -0.0206604 0.000104434 0.0108817 -0.00671886 -0.000955834 -0.0274689 0.0150458 0.0176808 0.0164525 0.00970399 -0.0349505 0.0446242 0.111358 0.0878246 0.298902 -0.0221778 0.0404032 0.197169 0.285433 0.171616 -0.0230295 0.453719
internal_weight=651838 326218 207350 118868 103407 97588 103361 103989 20334.5 83654.1 32430.6 51223.5 57782.9 15460.8 325621 232881 220541 79588.3 3684.2 1635.7 707.196 668.485 117.047 101726 1365.91 281.193 215.465 163.458 100360 70.0603
internal_count=4508639 4140995 2709292 1431703 1306706 1248710 2019077 690215 121744 568471 190655 377816 999707 124997 367644 255597 241370 93803 6695 22572 8757 8583 1058 1996505 31981 5065 3590 3102 1964524 939
cat_boundaries=0 1 2 3 4 5 6 7 8 9 10 11
cat_threshold=2 104 300 163 4 27 41 17 3 1 15
is_linear=0
shrinkage=0.08


Tree=58
num_leaves=31
num_cat=12
split_feature=47 36 33 37 47 35 45 42 34 45 18 3 3 4 21 27 37 27 3 34 19 3 17 3 42 11 19 6 19 11
split_gain=12909.2 1371.48 1344.75 1180.95 1218.05 1250.57 1064.73 805.897 782.209 768.008 1197.46 1356.68 954.769 748.238 732.947 724.269 712.772 712.587 694.08 696.403 688.644 669.971 735.519 665.179 735.136 1528.07 5265.44 661.308 657.364 634.361
threshold=0 1 1.0000000180025095e-35 2 3 4 5 6 7 8 469.02499389648443 541.10498046875011 781.52499389648449 14.500000000000002 3.5000000000000004 2.5000000000000004 9 3.5000000000000004 9.4849996566772479 10 3597.1350097656255 806.76501464843761 63.500000000000007 729.52001953125011 11 4.5000000000000009 180.02500152587893 38.075008392333991 3897.119995117188 2.5000000000000004
decision_type=1 9 2 1 1 1 9 9 1 9 2 10 8 10 2 8 1 8 10 1 2 8 2 10 9 2 2 2 2 2
left_child=8 2 -2 6 9 16 21 13 -1 12 11 28 15 -4 -12 -5 17 -6 -19 29 -17 22 -3 24 25 -13 -27 -23 -11 -20
right_child=1 3 7 4 5 -7 -8 -9 -10 10 14 23 -14 -15 -16 20 -18 18 19 -21 -22 27 -24 -25 -26 26 -28 -29 -30 -31
leaf_value=0.0077624491314065352 -0.032696632426919371 -0.0052238570791810872 0.13087719593363592 0.11547378171623293 0.2309116202885495 0.015533928249559664 -0.041443162511037954 -0.044020854113695197 0.016513915016355459 -0.017405549191965877 -0.05007651627438884 0.21129887584173659 0.038981103351700602 0.47045263853966141 0.48368477634602491 -0.0083028569546476812 0.0047089857930472743 0.040498912561036805 -0.011415126309191503 -0.023693477076467972 -0.039891610314426514 0.4281686752560348 0.26512961218793979 -0.096075110442394862 0.069472967984609224 3.5540807528465108 -0.093756555914618289 0.053745225041589767 0.48830498230251079 0.011836132945870272
leaf_weight=91464.291727231815 18638.829599486664 4448.8767384910025 237.42835923470557 298.11165624111891 78.713532611727715 25968.847772195935 11488.9942410402 149.11569852568209 229621.42002692819 18456.771532312967 7935.6891786761116 120.70351506024599 2696.7192822950892 50.332201514393091 16.499103481415659 132312.78209953848 35390.464819062501 1695.3181529864669 27758.583399442956 19576.823827746324 4569.351422075415 45.409411219879985 65.349599066656083 119.96455928403884 715.55669630458578 3.9115971932187659 7.1827889196574688 90.073223483283073 16.4652877477929 10294.84753039293
leaf_count=111353 155151 87599 1381 1192 23 112273 384837 1417 255700 214521 208760 1857 37103 115 69 2086191 236980 5097 190915 198432 111914 329 731 2766 23472 74 201 1550 109 72659
internal_value=0.0026601 -0.00862554 -0.0294293 -0.00731966 -0.00613909 -1.66297e-05 -0.0283729 0.109295 0.0140217 -0.0105597 -0.0228082 -0.0121188 -0.00815879 0.183882 -0.0489691 -0.00908607 -0.00427786 -0.00963173 -0.0099525 -0.0114366 -0.00935734 0.00394224 -0.00131012 0.0802364 0.105198 0.273158 1.19238 0.17924 -0.0169548 -0.00512346
internal_weight=644333 323248 19075.7 304172 288033 120764 16138.7 436.876 321086 167270 27392.7 19440.6 139877 287.761 7952.19 137180 94794.8 59404.3 59325.6 57630.3 136882 4649.71 4514.23 967.319 847.355 131.798 11.0944 135.483 18473.2 38053.4
internal_count=4504771 4137718 158064 3979654 3504608 816379 475046 2913 367053 2688229 451829 243000 2236400 1496 208829 2199297 704106 467126 467103 462006 2198105 90209 88330 28370 25604 2132 275 1879 214630 263574
cat_boundaries=0 1 2 3 4 5 6 7 8 9 10 11 12
cat_threshold=2 56 16 4 32 10 41 3 13 5 7 1
is_linear=0
shrinkage=0.08


Tree=59
num_leaves=31
num_cat=17
split_feature=31 45 27 12 19 38 21 41 38 43 4 37 48 40 5 37 4 38 42 38 38 42 45 7 19 35 37 18 12 18
split_gain=581.07 1128.16 618.895 500.531 618.794 625.781 600.111 504.299 756.614 747.952 704.214 1298.98 607.322 566.609 525.075 490.096 623.333 456.557 423.34 487.685 421.491 473.566 415.276 412.405 400.943 387.855 660.422 638.996 476.138 854.101
threshold=1.0000000180025095e-35 0 5.5000000000000009 622.02502441406261 3597.1350097656255 1 2.5000000000000004 2 3 4 inf 5 6 7 6.5000000000000009 8 13.500000000000002 9 10 11 12 13 14 250.00000762939456 5258.1799316406259 15 16 25250.820312500004 4316.2500000000009 3887.174926757813
decision_type=10 9 8 2 2 1 2 9 1 9 8 1 9 1 2 1 10 1 9 1 1 9 9 2 2 1 1 2 2 2
left_child=2 -2 18 7 25 23 -7 10 9 -9 -4 -12 15 -11 -15 16 -10 22 -1 -20 21 -18 -3 -6 -8 26 28 -28 29 -5
right_child=1 17 3 4 5 6 24 8 12 13 11 -13 -14 14 -16 -17 20 -19 19 -21 -22 -23 -24 -25 -26 -27 27 -29 -30 -31
leaf_value=0.018843350107404008 -0.089306762443972842 -0.058133577198115613 -0.0013389646980575889 0.018085294493659254 0.0094009106024337229 0.0026548176992967697 0.35498459147211675 -0.028084828327056208 0.0051920953989406625 0.038270762904814216 0.089913357719945242 -0.20284860088438439 0.10430347021339806 0.010351904065027083 0.12350639201881476 -0.0020433433652901609 0.23428868304463124 0.028478032203384046 0.17135316562452046 -0.017045223709655603 0.03332303821105706 0.023214852625230896 0.015699712154547175 -0.041300477112207058 -0.022653422246142828 0.010361567257666144 -0.017498554346576576 0.062460921765281639 -0.023331110719577271 0.12461342830585155
leaf_weight=635.07311521284282 590.91379699204117 774.0706899818033 260620.22120990278 4988.7734348145314 1334.1060832715593 8081.7115369471721 51.772062052041292 2233.1109876781702 96205.891445448622 7660.7600555932149 142.92082963883877 274.54571761982515 370.36239262809977 16933.883735834621 266.58867494575679 104307.04239411233 168.29084623605013 12276.799159610644 329.09093581000343 124.14661311358213 724.91908148117363 127.80772089026868 1282.990060553886 4456.6703232789878 27.577995233237743 98694.86838910589 11697.395327667939 676.64442957192659 1436.5511331330054 533.16075379261747
leaf_count=3613 3306 7881 1775232 61795 18686 73719 119 6328 705882 13048 312 1627 2120 44839 599 631512 272 26571 918 462 3060 373 3809 90432 205 751162 220192 16569 29007 10546
internal_value=0.00255535 0.0181548 0.0021817 0.00207624 0.0064491 -0.00948347 0.00479852 0.000898516 0.00363845 0.016189 -0.00150521 -0.105326 0.00195353 0.0201755 0.0120986 0.00176553 0.00585139 0.0226315 0.0624574 0.120495 0.0680306 0.146916 -0.0122305 -0.0295686 0.223737 0.00833247 -0.00203063 -0.0131156 0.0176719 0.0283709
internal_weight=638029 14924.8 623104 622016 131979 13951.8 8161.06 490036 228999 27094.3 261038 417.467 201904 24861.2 17200.5 201534 97226.9 14333.9 1088.31 453.238 1021.02 296.099 2057.06 5790.78 79.3501 118027 19332.5 12374 6958.49 5521.93
internal_count=4504196 41567 4462629 4457636 1272432 183161 74043 3185204 1408033 64814 1777171 1939 1343219 58486 45438 1341099 709587 38261 4993 1380 3705 645 11690 109118 324 1089271 338109 236761 101348 72341
cat_boundaries=0 1 2 3 4 5 6 7 8 9 10 11 12 13 14 15 16 17
cat_threshold=32 178 35 513 34 6 1 9 58 32 41 110 6 26 1 1 40
is_linear=0
shrinkage=0.08


Tree=60
num_leaves=31
num_cat=11
split_feature=47 47 37 4 33 6 17 37 3 19 34 43 2 34 2 43 3 2 4 34 37 7 18 19 7 17 18 18 43 3
split_gain=11483.9 1312.97 1176.91 765.998 743.328 882.911 856.954 1181.9 1114.9 897.473 1363.79 1039.62 878.827 821.488 803.064 786.577 747.578 737.463 726.006 1174.44 1105.89 1284.61 1746.05 1611.91 1190.67 1172.17 1322.83 1527.29 882.919 1166.17
threshold=0 1 2 1.0000000180025095e-35 1.0000000180025095e-35 3071.4052734375005 1.0000000180025095e-35 3 449.04499816894537 203.27500152587893 4 5 inf 6 1.5000000000000002 7 358.03500366210943 inf 1.5000000000000002 8 9 48.000007629394538 10664.989746093752 502.72500610351568 684.72500610351574 4.5000000000000009 2012.0400390625002 2111.5749511718755 10 110.75500106811525
decision_type=1 1 1 8 2 2 2 1 8 2 1 9 8 1 8 9 10 8 10 1 1 2 2 2 2 2 2 2 9 8
left_child=17 4 -3 -4 5 6 8 9 13 10 11 -8 18 -2 -6 -11 -15 -1 -9 20 21 22 25 -24 -23 26 28 -28 -20 -30
right_child=1 2 3 -5 14 -7 7 12 -10 15 -12 -13 -14 16 -16 -17 -18 -19 19 -21 -22 24 23 -25 -26 -27 27 -29 29 -31
leaf_value=0.01229938575982749 -0.05245168482285531 -0.011671441861678089 -0.0033109486205555043 0.012266188948822865 0.036155441737825408 -0.040561159316091326 0.24267078970998662 -0.004247038979607624 0.015938376873204041 -0.059596607945493596 -0.0079118284332879481 -0.025442630551952054 -0.059299116733555188 -0.016859739274054188 -0.074630798759484251 -0.022228911805239004 -0.052275636053366457 0.029648300508225582 0.22339814012612613 -0.016111099115248266 0.0053106899622079309 -0.0045926730328956005 0.84234337582055774 -0.088851425242650356 0.16518711290548829 -0.0057914599445111105 0.98386730666956357 0.10384143874224605 0.6575116446867989 0.014779060762005974
leaf_weight=301724.935961226 5252.4661962836981 50850.568024901208 43994.420076660812 37361.42549657356 3357.5469299796969 7273.2016621534713 243.46524336235598 70057.14401038806 5328.8073503188789 4782.4667980135418 9392.2899606651627 150.28437551809475 1721.5913672726601 53227.157312572002 478.42229485930875 14775.21178039955 4108.9894796684384 16540.708545030095 408.602245493792 3480.2739711157046 2552.3938666563481 1257.1690481365658 40.741901858709753 16.804017170332372 334.75612728204578 340.46055799303576 26.640667445957661 23.984602599404752 19.081139802932739 339.84493739716709
leaf_count=346451 77613 391738 409338 161399 43127 180944 1550 1689940 107063 66087 93025 2244 12348 574324 5203 145976 53418 21039 4704 50817 32045 19563 146 328 4532 5690 30 247 37 4395
internal_value=0.00243097 -0.00824084 -0.00212544 0.00384214 -0.0125188 -0.013241 -0.0121239 -0.00776004 -0.0191893 -0.0215044 -0.00173295 0.142243 -0.0027544 -0.0221801 0.0223382 -0.0314083 -0.0193944 0.013201 -0.00152091 0.0200818 0.0435288 0.0781249 0.14031 0.570425 0.0311093 0.118947 0.170854 0.56694 0.144729 0.0476211
internal_weight=639462 321196 132206 81355.8 188990 185154 177881 109963 67917.4 29343.7 9786.04 393.75 80619.5 62588.6 3835.97 19557.7 57336.1 318266 78897.9 8840.75 5360.48 2808.09 1216.16 57.5459 1591.93 1158.61 818.154 50.6253 767.528 358.926
internal_count=4505361 4137871 962475 570737 3175396 3127066 2946122 2133704 812418 308882 96819 3794 1824822 705355 48330 212063 627742 367490 1812474 122534 71717 39672 15577 474 24095 15103 9413 277 9136 4432
cat_boundaries=0 1 2 3 4 5 6 7 8 9 10 11
cat_threshold=2 4 20 6 32 12 64 7 84 73 5
is_linear=0
shrinkage=0.08


Tree=61
num_leaves=31
num_cat=13
split_feature=47 37 42 34 44 23 37 45 35 19 47 15 45 13 19 7 17 14 35 1 49 19 7 13 16 13 34 19 7 1
split_gain=8853.86 1399.09 1244.43 1832.19 996.812 1165.12 925.305 861.723 851.877 921.891 769.725 752.065 740.466 793.335 1676.87 1494.12 1219.14 771.463 737.788 719.099 679.293 674.456 864.663 667.179 706.239 941.594 1231.25 1210.95 824.482 1229
threshold=0 1 2 3 4 1.0000000180025095e-35 5 6 7 3597.1350097656255 8 1.0000000180025095e-35 9 338.27499389648443 203.27500152587893 104.00000381469728 11.500000000000002 5.5000000000000009 10 1.0000000180025095e-35 11 652.52499389648449 276.20010375976568 5150.8552246093759 1.0000000180025095e-35 219.4999923706055 12 532.54998779296886 92.00000381469728 2.5000000000000004
decision_type=1 1 9 1 9 2 1 9 1 2 1 2 9 2 2 2 2 2 1 2 9 2 2 2 2 2 1 2 2 2
left_child=19 4 3 8 5 -2 23 10 9 11 -8 -3 13 14 -13 16 -16 -18 -12 -1 -10 -4 -23 24 -5 26 28 -28 -26 -30
right_child=1 2 21 6 -6 -7 7 -9 20 -11 18 12 -14 -15 15 -17 17 -19 -20 -21 -22 22 -24 -25 25 -27 27 -29 29 -31
leaf_value=0.0097620159986740295 -0.025134332234662948 0.0039098590444975488 -0.0088367282123088028 0.0097294119781938544 -0.048755750725223916 0.05277263330420949 -0.012266246067643776 0.017552820068584871 0.49101142713936891 -0.080510133707426865 0.031026418394776142 -0.086440153978529985 0.023696306872046713 0.12670469371660981 2.0213289806168868 -0.086657468341827179 0.33388135329841162 1.2902384733128149 -0.0017025287326040647 0.018665521888930562 -0.026139118087148513 -0.043897609652646268 -0.01065473773204101 -0.074222088319375851 0.078117780145491034 0.024936317095769579 -0.046961987212115128 0.31410408356536901 0.22134800418247561 0.78043937425785759
leaf_weight=237320.60305101145 5757.148425117135 8409.841712386813 127709.16789741116 36977.676946558524 8527.3056511313189 1561.8564638607204 39239.962639471516 12689.827762013767 16.266967038623989 788.25985423964448 5665.1144815366715 21.611411303281784 329.5615703384392 141.96970399282873 6.7767190998420146 9.2285259319469315 11.277334304526448 10.355072592385113 19745.347293414176 76857.738560668193 23270.417134607211 8548.1717490144074 12090.111104394309 554.32052141008899 264.73096394725144 5773.0412440588698 396.93991233268753 69.918555750045925 310.28514571860433 27.384093487635255
leaf_count=284714 61299 310395 1171643 535237 406257 19494 528818 102447 62 40215 16358 956 12043 3932 115 414 245 46 126300 83300 416753 112734 148603 13005 2907 96012 7070 793 2057 238
internal_value=0.00240829 -0.00698168 -0.00576925 -0.000749623 -0.0301479 -0.00850919 0.00378457 -0.00149922 -0.0174614 0.00242419 -0.00524096 0.0097389 0.102096 0.218466 0.475214 0.797713 1.085 0.791674 0.00560574 0.0119401 -0.0257668 -0.0110045 -0.0244236 0.012992 0.0140982 0.0377083 0.106666 0.00696353 0.180818 0.266689
internal_weight=633102 318924 303078 154730 15846.3 7319 121715 77340.3 33015.6 9728.88 64650.4 8940.62 530.78 201.219 59.2491 37.6377 28.4091 21.6324 25410.5 314178 23286.7 148347 20638.3 44374.3 43820 6842.3 1069.26 466.858 602.4 337.669
internal_count=4504462 4136448 3649398 2216418 487050 80793 1431242 773923 785176 368361 671476 328146 17751 5708 1776 820 406 291 142658 368014 416815 1432980 261337 657319 644314 109077 13065 7863 5202 2295
cat_boundaries=0 1 2 3 4 5 6 7 8 9 10 11 12 13
cat_threshold=2 16 25 96 1 73 7 17 4 3 9 2 6
is_linear=0
shrinkage=0.08


Tree=62
num_leaves=31
num_cat=6
split_feature=47 44 38 19 1 37 1 2 13 4 37 21 1 7 41 6 19 17 6 19 9 8 18 12 8 4 4 19 13 4
split_gain=7822.01 1476.83 2017.14 1153.78 1118.79 1114.92 1117.97 916.585 847.494 887.393 862.127 927.545 842.126 925.955 828.942 1499.4 823.025 814.049 2210.47 811.202 1043.19 808.424 784.451 768.973 732.666 691.846 674.828 1016.94 1711.6 1168.33
threshold=0 1 2 69.005001068115249 1.5000000000000002 3 3.5000000000000004 2.5000000000000004 1703.0999755859377 1.5000000000000002 4 1.0000000180025095e-35 3.5000000000000004 39.004999160766609 5 1.0000000180025095e-35 103.82500076293947 5.5000000000000009 7863.0000000000009 1.0000000180025095e-35 1.0000000180025095e-35 1.5000000000000002 1425.1899414062502 901.77502441406261 14.500000000000002 59.500000000000007 15.500000000000002 1027.2249755859377 785.07501220703136 14.500000000000002
decision_type=1 9 1 2 2 1 2 8 2 10 1 2 2 2 9 2 2 2 2 2 2 2 2 2 2 10 8 2 2 10
left_child=-1 3 8 4 -2 6 7 14 9 10 11 -3 -11 -14 -4 25 -5 18 19 20 -13 -17 23 -7 -12 -16 27 28 29 -8
right_child=1 2 5 16 -6 22 26 -9 -10 12 24 17 13 -15 15 21 -18 -19 -20 -21 -22 -23 -24 -25 -26 -27 -28 -29 -30 -31
leaf_value=0.011376928981215055 -0.0086208639151170562 -0.017084257703807004 -0.0064081538813674493 0.090418268154502657 0.03453434475821248 -0.009790273495546592 0.10646862287363583 -0.030063209227632798 -0.049353919042780289 0.010689907454717255 -0.03760680270033049 0.40110127352828961 0.29818535122261586 -0.087732438535243124 -0.0066033709121165142 0.025189558413718918 0.019211540486602723 0.01456439974538796 1.309152278754057 -0.0060662114231289175 -0.087554224606593914 -0.037445524076937152 -0.032266248093736453 0.032075247390831077 0.50462214278673589 0.079639359945044647 0.021237900735256977 -0.027053257017268809 0.6426707755870138 0.66738786879896084
leaf_weight=311467.95540274587 26363.717679716647 56691.369197243359 40931.529196033254 1117.8211306557059 4501.0896102972329 71831.930753916036 549.04405823722482 5998.1764765176922 5527.516136724269 4144.5737495003268 13875.450013614958 95.413491332437843 133.24518881831318 56.732394957914948 26400.528284257278 25707.28162340587 14703.863810620736 2603.8871024060063 10.208636902272699 166.32770435744897 39.549586170352995 1390.1299944678321 9762.7056874814443 2922.1022524745204 15.966872743796555 609.04533667769283 1206.2964343093336 236.28805406577885 45.083576181903481 24.840616822242737
leaf_count=367414 129049 1387614 417296 4617 16149 572849 4079 43182 221422 69958 427312 859 928 1273 248563 273391 86139 72108 21 3833 942 14616 103728 22185 133 4237 7917 2864 228 54
internal_value=0.00236838 -0.00646452 -0.00872866 0.00667687 -0.00232744 -0.0041269 0.00145695 0.000267115 -0.0190828 -0.0169355 -0.0190099 -0.0148187 0.0182394 0.18294 0.00218136 0.00867884 0.0242424 0.0291857 0.151408 0.11218 0.257906 0.0219763 -0.0109378 -0.00815377 -0.036957 -0.00465866 0.0597778 0.114136 0.168035 0.130748
internal_weight=629130 317662 270975 46686.5 30864.8 187615 103098 101037 83360.2 77832.7 73498.2 59606.8 4334.55 189.978 95038.5 54107 15821.7 2915.39 311.499 301.291 134.963 27097.4 84516.7 74754 13891.4 27009.6 2061.55 855.256 618.968 573.885
internal_count=4504960 4137546 3901592 235954 145198 1715189 1016427 1001285 2186403 1964981 1892822 1465377 72159 2201 958103 540807 90756 77763 5655 5634 1801 288007 698762 595034 427445 252800 15142 7225 4361 4133
cat_boundaries=0 1 2 3 4 5 6
cat_threshold=2 1 44 105 43 19
is_linear=0
shrinkage=0.08


Tree=63
num_leaves=31
num_cat=11
split_feature=47 32 2 37 4 44 32 42 4 47 37 17 24 17 37 17 11 17 1 37 4 4 5 4 43 19 19 11 43 36
split_gain=6411.28 1301.96 1067.47 1002.2 1258.69 1094.9 722.502 715.939 1294.07 711.392 644.647 868.066 682.807 633.77 845.638 750.283 627.467 662.256 598.737 595.679 582.901 580.931 769.458 736.237 666.281 904.769 2278.59 664.417 574.979 1122.8
threshold=0 -3.8950001001358028 inf 1 11.500000000000002 2 inf 3 20.500000000000004 4 5 2.5000000000000004 4.5000000000000009 1.0000000180025095e-35 6 20.500000000000004 31.500000000000004 34.500000000000007 6.5000000000000009 7 inf 21.500000000000004 12.500000000000002 25.500000000000004 8 289.77499389648443 203.27500152587893 23.500000000000004 9 10
decision_type=1 10 8 1 10 9 8 9 10 1 1 2 2 2 1 2 2 2 2 1 8 10 2 10 9 2 2 2 9 9
left_child=6 2 9 5 28 13 -1 8 10 -2 11 -6 -12 14 -3 -15 18 -18 -7 -11 -4 22 -9 24 25 26 -23 -26 29 -5
right_child=1 3 20 4 7 16 -8 21 -10 19 12 -13 -14 15 -16 -17 17 -19 -20 -21 -22 23 -24 -25 27 -27 -28 -29 -30 -31
leaf_value=0.012950367609366614 -0.0025847945635179954 0.037364463418220736 -0.060163105145822744 -0.010228018642331095 0.53421186546959654 -0.022349800705710274 0.0045685378963953071 -0.03957873412204832 0.013030691130482384 0.081642790406739205 0.091503249336266385 0.14918503049324766 0.69524974865525013 0.04021010501688381 -0.038723457774155624 -0.086408501028267679 0.2975657664293509 0.030917631872674059 0.307366277603072 0.009457993915129765 -0.0058430032626725159 0.16787421967726537 0.15480098008936213 0.011378413972577741 0.02539416799105566 0.034583710053554644 0.93117292928145423 0.58615955844409628 -0.0030509838712283856 -0.049448035259329191
leaf_weight=211829.448607984 64434.950462355744 1404.8330705668777 2708.32502829656 49223.697810028912 60.605578043498099 59409.292304917006 95485.883874550462 1874.6833178251982 1433.4200355526991 735.04142398387194 781.82470323843881 98.195471856743097 12.175301220733671 4004.0360989132896 2750.525153439492 323.72405167575926 68.873781961156055 443.25936146453023 35.269051855430007 42091.538692832924 2371.2771649956703 107.85480239335448 140.07409581542015 3729.8974866038188 464.28257813956589 105.02013399358839 32.593812841922045 13.928209918551145 71892.574981959071 5154.4272306123748
leaf_count=245289 1080636 3424 10262 1049773 143 735250 121333 19987 16956 2154 6710 379 120 26602 31593 4020 434 8089 162 272009 5571 791 882 34841 3817 1033 80 114 766089 56365
internal_value=0.00211931 -0.00588372 0.00102968 -0.00969901 -0.00570266 -0.0175859 0.0103461 0.0234543 0.0608076 0.00272672 0.133323 0.278585 0.0995079 0.00931233 -0.0130031 0.0307388 -0.0213945 0.0667776 -0.0221542 0.0107182 -0.0348052 0.00956558 -0.0260647 0.0257059 0.0995506 0.203894 0.345012 0.0408721 -0.0077477 -0.013954
internal_weight=623222 315906 112341 203565 135125 68439.8 307315 8854.56 2386.22 107262 952.801 158.801 794 8483.12 4155.36 4327.76 59956.7 512.133 59444.6 42826.6 5079.6 6468.33 2014.76 4453.58 723.68 245.469 140.449 478.211 126271 54378.1
internal_count=4504908 4138286 1370632 2767654 1958080 809574 366622 85853 24308 1354799 7352 522 6830 65639 35017 30622 743935 8523 735412 274163 15833 61545 20869 40676 5835 1904 871 3931 1872227 1106138
cat_boundaries=0 1 2 3 4 5 6 7 8 9 10 11
cat_threshold=2 20 1 8 4 72 4 2 4 37 163
is_linear=0
shrinkage=0.08


Tree=64
num_leaves=31
num_cat=12
split_feature=47 34 37 32 18 12 31 3 4 11 18 48 34 44 37 45 36 3 3 12 3 33 37 1 3 11 27 43 45 27
split_gain=5603.7 1200.1 1405.62 1311.67 1046.79 1105.23 1026.65 955.077 896.165 838.418 960.902 727.489 723.222 715.185 867.624 692.772 687.947 678.357 658.821 729.585 638.504 637.694 624.463 619.87 596.329 681.336 595.319 588.053 958.499 946.654
threshold=0 1 2 -1.5950000286102293 9588.1250000000018 3422.650024414063 1.0000000180025095e-35 24.98499965667725 69.500000000000014 2.5000000000000004 427.77499389648443 3 4 5 6 7 8 18.605000495910648 90.944999694824233 159.99998474121097 70.314998626708999 1.5000000000000002 9 1.0000000180025095e-35 676.45498657226574 1.0000000180025095e-35 1.0000000180025095e-35 10 11 8.5000000000000018
decision_type=1 1 1 10 2 2 10 10 10 2 2 9 1 9 1 9 9 10 10 2 10 2 1 2 10 2 8 9 9 10
left_child=12 3 4 7 5 11 13 -2 21 10 23 16 -1 17 -15 -7 -3 22 19 20 -16 26 -5 -10 25 -12 -4 28 29 -28
right_child=1 2 8 6 -6 15 -8 -9 9 -11 24 -13 -14 14 18 -17 -18 -19 -20 -21 -22 -23 -24 -25 -26 -27 27 -29 -30 -31
leaf_value=0.01320506154005084 0.034790571629005014 -0.02886677238434153 0.136368272658625 0.021268046392306041 -0.053724438972310627 0.10097251073746165 0.030178636865866332 0.0027442628421956495 0.054345973049317146 -0.076243515374279799 0.432200850924992 0.11931208935679316 0.0053398326754472902 -0.0049544015688695068 -0.03805840430000533 -0.017073061271731051 0.0042704642584761952 0.020388664844522487 -0.026228623384220537 0.017109916188326083 0.017638623206353069 0.11937402386006911 -0.042633522670517336 0.59592694414715208 0.78770719750847196 -0.09589371438228636 -0.0041701765480427304 -0.026428535670416097 -0.050144943427222477 0.12646417345778474
leaf_weight=175497.10481160227 6363.0687519330531 4715.1820215880871 153.10028084274381 1564.7749773487449 2157.9206655872986 1151.4397745598108 4400.4841319508851 92130.400119078346 614.26509676594287 226.21208310499787 45.231686547398567 326.38475433271378 130509.49344998505 55684.097371000331 4676.2997712409124 441.06499047158286 26467.455392374191 9140.6757721100003 31098.404931927565 5549.8931456599385 1833.8755265325308 207.21926188003272 2587.6656006164849 13.830042649060486 16.289152164012194 23.896144684404135 14611.957256113645 45391.322338929633 3048.5821325066499 363.86368807125837
leaf_count=203392 23801 44192 418 7836 47308 21296 12743 944693 4445 2953 165 2188 163910 752211 45842 10741 401755 30902 338824 43500 13915 1357 15003 41 42 316 238632 1063761 62549 6389
internal_value=0.00214092 -0.00534912 -0.0125904 -0.00198173 0.000262303 0.00378183 -0.00772597 0.00481458 -0.0195919 0.0579597 0.100507 0.000495475 0.00985121 -0.00921344 -0.0115564 0.0688051 -0.000748164 0.00820808 -0.0200687 -0.00420124 -0.0223689 -0.0207377 -0.0186048 0.0662711 0.352257 0.249649 -0.0211944 -0.0215748 -0.00933167 -0.000995522
internal_weight=621011 315005 99975.2 215030 35259.4 33101.5 116536 98493.5 64715.8 939.724 713.512 31509 306007 112136 98842.6 1592.5 31182.6 13293.1 43158.5 12060.1 6510.18 63776 4152.44 628.095 85.417 69.1278 63568.8 63415.7 18024.4 14975.8
internal_count=4505120 4137818 1908548 2229270 527480 480172 1260776 968494 1381068 7962 5009 448135 367302 1248033 1194292 32037 445947 53741 442081 103257 59757 1373106 22839 4486 523 481 1371749 1371331 307570 245021
cat_boundaries=0 1 2 3 4 5 6 7 8 9 10 11 12
cat_threshold=2 15 34 1 60 1 41 44 88 13 12 13
is_linear=0
shrinkage=0.08


Tree=65
num_leaves=31
num_cat=15
split_feature=47 42 38 32 26 34 17 35 6 17 17 23 22 41 2 38 32 46 31 38 45 41 43 38 34 22 6 13 17 45
split_gain=4613.81 1081.25 1223.11 1063.88 758.58 742 1456.52 904.921 788.878 1825.41 713.545 706.884 2119.73 744.131 687.71 1058.2 850.199 1460.29 1173.85 677.814 654.006 864.247 914.321 961.742 1126.84 1308.34 1163.28 1519.9 965.635 925.726
threshold=0 1 2 -3.254999995231628 1.0000000180025095e-35 3 15.500000000000002 4 27235.712890625004 17.500000000000004 3.5000000000000004 1.5000000000000002 3.5000000000000004 5 inf 6 -8.7150001525878888 7 1.0000000180025095e-35 8 9 10 11 12 13 2.5000000000000004 602.40020751953136 1276.400085449219 5.5000000000000009 14
decision_type=1 9 1 8 8 1 2 1 2 2 2 2 2 9 8 1 10 1 8 1 9 9 9 1 1 2 2 2 2 9
left_child=14 2 5 10 -4 6 11 -7 -8 -10 -3 -2 13 -13 16 -16 17 -1 -19 -18 -6 22 23 24 26 -26 28 -28 29 -22
right_child=1 3 4 -5 20 7 8 -9 9 -11 -12 12 -14 -15 15 -17 19 18 -20 -21 21 -23 -24 -25 25 -27 27 -29 -30 -31
leaf_value=0.0042765986436373096 -7.8241106551393548e-05 0.031246204022340882 0.12609625249251549 -0.011759237085793788 0.023195662709273195 0.0038391899681729665 -0.04792282043857065 -0.030618263747832275 1.4990917629467857 0.077708139712177174 -0.0084479135047276829 0.062235526166744437 1.5715380530426919 -0.0021597304596800847 0.0050671268303806418 0.046794467722982173 -0.00549110938257945 -0.079405770260018355 -0.0055030543649974631 0.012405147260109793 -0.046706547705531294 0.0075787025499587319 -0.020323757845494554 -0.00025861540384315549 -0.076712341026355782 0.55750332592554264 0.40445522482461843 -0.095810807375152546 -0.055419316224283421 0.21572929590394396
leaf_weight=88253.433922667056 14829.42614883557 6428.1229043444619 325.64186235889792 139593.48731233086 10130.593551577535 6782.6261681152973 4454.4215811849572 17386.878430581186 5.994945667916908 163.19854759494774 5278.1960443807766 2585.3838447416201 5.7438505026511839 2067.7374919913709 8052.594466294162 7532.5025559831411 14655.633542925119 2449.0492503643036 3138.0871667973697 178496.19368022308 120.55040219798684 63977.124400457833 18605.375078055542 18313.179015130736 374.07573043555021 22.044210001826286 163.00574765913188 51.037644173949957 245.13803846202791 299.31360801402479
leaf_count=109428 385769 56089 971 1451892 56549 321481 172437 411596 134 3327 69576 78097 53 43680 12478 8746 20614 5913 4369 205499 1957 683207 239653 141755 6009 146 1538 936 3990 2939
internal_value=0.00186154 -0.00496112 -0.000395579 -0.00981594 0.00417113 -0.0110471 -0.00111498 -0.020951 -0.0414826 0.128071 0.0133487 0.0084617 0.0356448 0.0337489 0.00890137 0.0252678 0.00801259 0.00176562 -0.0378974 0.0110476 0.00381795 0.00189413 -0.00762742 0.00443601 0.0713349 -0.0403982 0.121573 0.285169 0.0707442 0.144405
internal_weight=614786 312208 160908 151300 112627 48281.4 24111.9 24169.5 4623.62 169.193 11706.3 19488.3 4658.87 4653.12 302577 15585.1 286992 93840.6 5587.14 193152 112301 102171 38193.7 19588.3 1275.17 396.12 879.045 214.043 665.002 419.864
internal_count=4500828 4133781 2556224 1577557 1139650 1416574 683497 733077 175898 3461 125665 507599 121830 121777 367047 21224 345823 119710 10282 226113 1138679 1082130 398923 159270 17515 6155 11360 2474 8886 4896
cat_boundaries=0 1 2 3 4 5 6 7 8 9 10 11 12 13 14 15
cat_threshold=2 25 40 44 17 36 643 1 641 8 19 8 4 12 4
is_linear=0
shrinkage=0.08


Tree=66
num_leaves=31
num_cat=15
split_feature=47 38 2 12 36 6 32 3 18 32 35 45 34 19 6 38 45 3 36 43 32 38 34 32 34 3 36 34 7 19
split_gain=3761.88 1150.17 1039.34 1005.06 870.692 868.037 760.423 726.45 898.549 705.236 702.875 648.478 665.12 628.964 645.134 690.619 787.027 628.923 605.037 731.991 859.309 711.382 741.977 735.419 831.704 596.633 588.744 735.862 905.196 801.098
threshold=0 1 inf 1.0000000180025095e-35 2 9263.1186523437518 -4.4749999046325675 121.73500061035158 3672.5400390625005 4.6150000095367441 3 4 5 52.049999237060554 42.049804687500007 6 7 85.514999389648452 8 9 1.0000000180025095e-35 10 11 31.404999732971195 12 552.32000732421886 13 14 22.774963378906254 2961.5500488281255
decision_type=1 1 8 2 9 2 10 8 2 10 1 9 1 2 2 1 9 10 9 9 10 1 1 10 1 10 9 1 2 2
left_child=1 3 4 18 6 7 17 8 -6 13 -2 12 -8 14 -5 16 -16 -3 21 20 -20 22 25 -23 -25 -1 27 28 -11 -30
right_child=10 2 -4 9 5 -7 11 -9 -10 26 -12 -13 -14 -15 15 -17 -18 -19 19 -21 -22 23 -24 24 -26 -27 -28 -29 29 -31
leaf_value=0.022028503799098601 0.012748631958606409 0.086402064692790589 -0.075239181259670981 0.087104968160119825 -0.019202606433150655 -0.054361572543996699 0.093206527302734252 -0.003606218516259539 0.14822089312500178 0.44231161895980131 0.0045936347936184332 -0.052549205599450526 -0.045615685633970678 0.00057602557141687159 0.15962328310241336 -0.01353445940901684 -0.045119602243347552 -0.01389523293187726 -0.051218172071528727 -0.045752199944551333 0.31727921410348581 -0.021027084226152622 -0.022379631950562664 0.27869927711515924 -0.083662992491240193 0.18487955580865678 -0.0069377718895085715 0.044736703169883471 -0.095443594853747551 0.57279787619074474
leaf_weight=6867.6528785470873 84074.671778215095 446.77179935947061 1622.9444850767031 1137.2546890340745 30359.454195380211 2594.5938325172756 411.34146596491337 81380.586163819069 206.55397334136069 71.074117198586464 346175.35958702303 7426.6773779569194 456.20554845407605 19715.038277963176 351.0136509463191 1618.4314300119877 179.10797248408198 3832.5641435068101 81.8266411870718 3742.4919136464596 80.191968478262424 10560.761817111634 2946.2643106933683 99.376646346412599 62.554089181125164 147.06460838392377 1503.3690912462771 4437.3683341993019 57.048058921471238 14.374532854184507
leaf_count=38837 113536 4222 14315 8727 467034 62800 4334 2046268 1940 331 1217381 96805 6376 165317 1275 14147 1279 44077 453 30912 211 95059 18736 348 681 854 10930 36930 811 100
internal_value=0.00210585 -0.00752177 -0.011623 0.00231714 -0.0108117 -0.00861525 -0.0307892 -0.00755576 -0.0180712 0.0123833 0.0061876 -0.0449453 0.020518 0.00597677 0.0383815 0.0125916 0.0908938 -0.00342398 -0.00958868 -0.0384295 0.123546 -0.00412376 0.011264 -0.0184156 0.150763 0.0254065 0.0366067 0.0508046 0.224436 0.0390469
internal_weight=612660 182410 128738 53672.3 127115 114541 12573.6 111947 30566 29084.1 430250 8294.22 867.547 23000.8 3285.81 2148.55 530.122 4279.34 24588.2 3904.51 162.019 20683.7 9960.98 10722.7 161.931 7014.72 6083.23 4579.87 142.497 71.4226
internal_count=4505026 3174109 2748171 425938 2733856 2578042 155814 2515242 468974 239847 1330917 107515 10710 190745 25428 16701 2554 48299 186091 31576 664 154515 58427 96088 1029 39691 49102 38172 1242 911
cat_boundaries=0 1 2 3 4 5 6 7 8 9 10 11 12 13 14 15
cat_threshold=4 659 26 24 32 20 129 1 224 2 641 102 84 224 64
is_linear=0
shrinkage=0.08


Tree=67
num_leaves=31
num_cat=10
split_feature=12 36 18 20 3 3 34 38 44 3 0 2 41 39 37 2 12 12 13 3 18 3 12 17 3 41 34 18 17 37
split_gain=553.923 648.187 634.206 710.752 1149.29 618.577 538.747 464.619 475.841 624.628 458.548 455.488 450.594 409.063 401.414 420.005 765.88 1019.12 605.893 413.298 395.297 397.987 392.196 532.583 661.013 555.415 538.833 668.386 661.743 588.397
threshold=676.47500610351574 0 2968.190063476563 1.0000000180025095e-35 781.52499389648449 117.89500045776369 1 2 3 562.46499633789074 3.5000000000000004 inf 4 5 6 2.5000000000000004 214.25000762939456 234.50001525878909 173.30002593994143 inf 4725.3498535156259 110.75500106811525 348.97499084472662 1.0000000180025095e-35 461.02499389648443 7 8 222.02502441406253 1.5000000000000002 9
decision_type=2 9 2 2 10 10 1 1 9 8 2 8 9 9 1 10 2 2 2 8 2 10 2 2 10 9 1 2 2 1
left_child=1 2 10 4 13 6 -2 -3 9 -9 22 12 -10 -4 15 -14 -17 -18 -19 -16 -8 -22 23 24 -1 -25 -27 29 -29 -28
right_child=5 7 3 -5 -6 -7 20 8 11 -11 -12 -13 14 -15 19 16 17 18 -20 -21 21 -23 -24 25 -26 26 27 28 -30 -31
leaf_value=-0.0012678438206238133 0.036530428376931962 0.01295165717218047 0.25641768463558784 0.020231876568495406 0.64964348755729551 0.0042107780340492045 -0.0010257348286154128 0.026752746791421762 0.028395364319451361 -0.043781514129040175 0.28538946217083422 0.020709769884715578 0.00083879593030298681 0.056136871708290376 -0.012201222730595953 -0.0096626932843894234 0.64318163825813723 0.48014903072104725 0.065778321110631227 0.074678206174387737 0.043960609321579372 0.24985519430627004 -0.0055397594695694727 -0.007572065194539063 0.022454792335930701 -0.0052680871997700697 0.027248211173948357 0.034837315147870605 0.00037677550548697192 0.0099151995070986196
leaf_weight=186102.05388278142 7562.6351420264691 8392.5499568022788 80.495992715004832 4977.3702388966922 25.240022532176226 107485.52182716317 5680.3790679718368 4980.6219418952242 2009.8232450317591 958.09892521798611 36.38412382081151 3424.053613005206 11089.587365143932 344.97210108092986 80090.85479974281 291.78324008919299 27.564223405905068 26.182651361450553 164.30513570737094 351.97644443437457 358.37899166531861 72.186514714732766 46037.614771985915 16184.281517883763 7833.771506249439 16181.505449257325 20373.871617886703 3902.7465835041367 41376.695817839587 32663.359382544179
leaf_count=999197 34111 19691 426 63346 196 1142918 41615 10979 4450 2826 90 7399 77763 3364 364290 1676 54 95 813 218 931 148 475267 91338 101935 180721 161703 29951 401474 282611
internal_value=0.00140814 0.000205939 0.00179572 0.028943 0.125144 0.00624958 0.0222762 -0.00514178 -0.00661125 0.0153734 0.00139825 -0.00795134 -0.00899477 0.0940288 -0.00981324 0.00409931 0.0751001 0.188524 0.122734 -0.0118196 0.0045686 0.0784799 0.00137037 0.00235037 -0.0003096 0.00629783 0.00825827 0.0104848 0.00334701 0.0165806
internal_weight=609087 487928 376120 5428.08 450.708 121159 13673.6 111807 103415 5938.72 370692 97476.1 94052.1 425.468 92042.3 11599.4 509.835 218.052 190.488 80442.8 6110.94 430.566 370656 324618 193936 130682 114498 98316.7 45279.4 53037.2
internal_count=4501596 3281873 2791619 67332 3986 1219723 76805 490254 470563 13805 2724287 456758 449359 3790 444909 80401 2638 962 908 364508 42694 1079 2724197 2248930 1101132 1147798 1056460 875739 431425 444314
cat_boundaries=0 1 2 3 4 5 6 7 8 9 10
cat_threshold=144 70 1 1 16 2 18 1 65 104
is_linear=0
shrinkage=0.08


Tree=68
num_leaves=31
num_cat=13
split_feature=47 36 38 44 32 32 45 38 40 32 4 46 44 32 32 38 40 44 46 32 20 18 19 6 7 19 32 19 12 19
split_gain=3858.7 1272.1 1496.51 1001.85 957.519 823.207 815.311 758.623 834.073 729.189 1010.9 685.328 1455.27 750.122 731.975 642.44 630.01 625.57 892.535 618.462 607.663 812.55 778.522 1071.39 823.147 707.787 1241.3 1112.22 1254.49 1110.1
threshold=0 1 2 3 -17.144999504089352 5.8550000190734872 4 5 6 2.2549999952316289 1.0000000180025095e-35 7 8 -17.144999504089352 0.59499999880790722 9 10 11 12 -0.11499999836087225 3.5000000000000004 2012.0400390625002 3352.7299804687505 2073.9499511718755 1193.4749755859377 597.97500610351574 6.8949999809265146 331.01499938964849 2230.0500488281255 452.02499389648443
decision_type=1 9 1 9 8 8 9 1 1 8 10 1 9 8 10 1 1 9 1 10 2 2 2 2 2 2 10 2 2 2
left_child=11 -2 3 5 -4 -3 9 16 15 10 -6 -1 13 -13 -14 -9 19 18 -5 -8 21 -10 23 25 -25 26 -23 -28 29 -29
right_child=1 2 4 17 6 -7 7 8 20 -11 -12 12 14 -15 -16 -17 -18 -19 -20 -21 -22 22 -24 24 -26 -27 27 28 -30 -31
leaf_value=0.008377345689421431 -0.026838567206962056 -0.011212950345934574 0.036515164728677475 -0.018032344813776136 -0.014575097336598007 0.02169984614579016 0.11705876879859581 -0.09351518548260801 -0.0041951655887700317 0.028648992151099392 0.064333009509411399 -0.064366450913245249 -0.048902650156416948 0.029592608735989338 0.02342024082707839 -0.020086504420985151 0.008546732190383417 -0.073432778368643412 0.059450734912786747 0.017019494487214123 -0.044467758872439596 0.042057394224079267 -0.022276676475227415 -0.031759444886424529 0.041722295012399761 0.027959074086212267 0.088134657951122672 0.68761762032628782 -0.0038466125813028818 0.26247630343701528
leaf_weight=285782.3795885779 16383.275653517805 11599.558116909117 4411.2376309339888 60992.037207755027 7096.866713065654 8375.3379447632469 714.29551757872105 817.29244135692716 142645.25925513683 10564.594855624717 1217.2989486819133 612.02353203296661 5392.1367523930967 4877.9058020934463 1074.0121326949447 10151.697781570256 14652.989210020751 1275.0555786304176 966.54016066715121 886.18464961647987 2214.2612906754948 1253.8373355455697 2971.9871727968566 3091.4771355474368 1425.5636042500846 6936.5131277628243 290.34256515977904 67.411791773978621 54.580860009416938 94.283634737599641
leaf_count=347973 144872 90268 21332 1784204 51880 46171 1288 4362 1504222 51774 4837 1470 11136 4831 1146 70006 85222 21357 3976 2997 31638 16700 47989 42957 14382 88822 3199 678 988 1079
internal_value=0.00108187 -0.00514794 -0.00394132 -0.0130298 -0.000366249 0.00258716 -0.00115167 -0.00274118 -0.00430242 0.0146934 -0.00302195 0.00759229 -0.0111726 0.0191179 -0.03689 -0.0256378 0.0137743 -0.0179651 -0.0168236 0.0612842 -0.00284774 -0.00226769 0.0147189 0.0230396 -0.00856884 0.0394565 0.0847582 0.190439 0.327779 0.43972
internal_weight=608888 311150 294767 83208.5 211558 19974.9 207147 188268 172015 18878.8 8314.17 297738 11956.1 5489.93 6466.15 10969 16253.5 63233.6 61958.6 1600.48 161046 158831 16186 13214 4517.04 8696.97 1760.46 506.619 216.276 161.695
internal_count=4503756 4137200 3992328 1945976 2046352 136439 2025020 1916529 1827022 108491 56717 366556 18583 6301 12282 74368 89507 1809537 1788180 4285 1752654 1721016 216794 168805 57339 111466 22644 5944 2745 1757
cat_boundaries=0 1 2 3 4 5 6 7 8 9 10 11 12 13
cat_threshold=2 41 36 1 8 512 1 1 2 129 1 2 1
is_linear=0
shrinkage=0.08


Tree=69
num_leaves=31
num_cat=11
split_feature=47 38 34 18 42 3 38 41 49 1 45 37 3 12 38 3 5 1 3 32 5 6 13 19 19 32 8 18 38 18
split_gain=2710.85 1160.96 927.132 920.026 782.779 1022.48 955.621 706.537 698.294 676.346 651.296 718.907 758.075 1410.42 740.586 1233.51 1213.56 1013.13 722.723 827.907 696.313 786.796 679.98 639.848 760.28 2383.33 635.259 1436.46 1421.27 1196.71
threshold=0 1 2 946.04998779296886 3 48.065000534057624 4 5 6 6.5000000000000009 7 8 72.735000610351577 1083.5250244140627 9 194.46500396728518 1.5000000000000002 1.5000000000000002 754.63000488281261 -3.0249999761581416 5.5000000000000009 2828.0400390625005 5150.8552246093759 85.27500152587892 103.82500076293947 -4.0750000476837149 1.0000000180025095e-35 4725.3498535156259 10 5098.6503906250009
decision_type=1 1 1 2 9 8 1 9 9 2 9 1 10 2 1 10 2 2 8 10 2 2 2 2 2 8 2 2 1 2
left_child=1 2 -1 -2 5 -3 7 -7 -6 -4 20 18 13 -13 15 16 17 -14 26 -20 21 23 -17 -8 25 -25 27 -12 29 -29
right_child=3 4 9 -5 8 6 10 -9 -10 -11 11 12 14 -15 -16 22 -18 -19 19 -21 -22 -23 -24 24 -26 -27 -28 28 -30 -31
leaf_value=-0.02692390746258555 0.003883822919748486 0.23281598270532849 0.018148160243498627 0.013228135404391951 0.36691604746864492 -0.0093377455286625822 0.0016907792240540625 -0.040880957634774714 -0.014797007019169148 0.21220976560039426 0.0014996135891034601 0.0200188206037572 0.73544629086474633 0.33461731499466252 -0.022333910879589098 -0.01605774845285456 -0.084409655979934578 -0.084546072308599812 -0.004399057234039664 0.12040646090492989 -0.041841629553426428 0.24918280231892298 0.52994729776365346 1.0162292473780281 0.046669214493476795 0.079177171967374727 -0.033262747001366388 0.67832927139623733 0.045202059230540534 0.18473547501836218
leaf_weight=3280.1996182277799 343922.31699532177 117.16943659447134 17039.095645990223 83882.389345530421 30.685652991756797 17972.318700250238 2766.2556238807738 6082.5207602428272 69663.068655395182 115.72012555599213 35911.517514237203 1149.2933310382068 46.270908962935209 99.065610999241471 15867.980933779385 270.87231887551025 26.941843925043941 12.182104766368864 644.52331494726241 720.36450055101886 890.55154364695773 106.70581107074395 15.429145821370183 21.483212815597653 3174.6653644773178 90.763172007165849 2981.2348357485607 37.140618905425072 1666.9941142532043 204.67404310777783
leaf_count=22742 1060323 206 102541 270734 176 794739 17417 175213 1059655 145 638687 10320 409 254 186744 6672 708 287 8761 9101 10692 506 189 90 24067 715 64795 123 36477 1402
internal_value=0.00224366 -0.00596322 0.0119932 0.00571602 -0.00824867 -0.00335617 -0.00366143 -0.0173275 -0.0146268 0.0194459 0.00126916 -0.00144994 -0.0150822 0.0449843 -0.0197088 0.0905241 0.359807 0.564553 0.0042061 0.0614712 0.0242452 0.033839 0.0133671 0.0300429 0.0539039 0.258523 0.00229151 0.00509412 0.0727195 0.2502
internal_weight=608810 181006 20435 427805 160571 90876.9 90759.7 24054.8 69693.8 17154.8 66704.9 59654.5 17488 1248.36 16239.7 371.696 85.3949 58.453 42166.4 1364.89 7050.42 6159.87 286.301 6053.17 3286.91 112.246 40801.6 37820.3 1908.81 241.815
internal_count=4504890 3173833 125428 1331057 3048405 1988574 1988368 969952 1059831 102686 1018416 964929 205583 10574 195009 8265 1404 696 759346 17862 53487 42795 6861 42289 24872 805 741484 676689 38002 1525
cat_boundaries=0 1 2 3 4 5 6 7 8 9 10 11
cat_threshold=4 641 17 25 32 36 2 8 57 8 2
is_linear=0
shrinkage=0.08


Tree=70
num_leaves=31
num_cat=13
split_feature=47 36 38 37 43 18 12 19 4 22 18 37 38 19 11 12 19 35 41 42 18 11 38 19 31 10 44 12 19 34
split_gain=2544.13 1226.32 1173.39 1268.45 1141.4 965.735 1026.3 807.052 826.188 1037.73 736.259 834.147 894.989 1438.56 2096.57 2352.09 863.54 670.609 1035.48 881.49 932.01 1799.61 656.482 655.976 3251.98 1516.1 739.905 641.336 827.48 632.755
threshold=0 1 2 3 4 9588.1250000000018 4316.2500000000009 998.67999267578136 24.500000000000004 2.5000000000000004 5970.8249511718759 5 6 614.92501831054699 10.500000000000002 5219.3249511718759 998.67999267578136 7 8 9 7222.8249511718759 13.500000000000002 10 3352.7299804687505 inf 1.5000000000000002 11 1.0000000180025095e-35 47.024999618530281 12
decision_type=1 9 1 1 9 2 2 2 10 2 2 1 1 2 2 2 2 1 9 9 2 2 1 2 8 2 9 2 2 1
left_child=-1 2 27 5 -3 6 17 -5 -9 -10 11 -8 13 -13 15 -15 -16 18 19 -4 -21 -22 -6 26 25 -25 -20 -2 -29 -30
right_child=1 4 3 7 22 -7 10 8 9 -11 -12 12 -14 14 16 -17 -18 -19 23 20 21 -23 -24 24 -26 -27 -28 28 29 -31
leaf_value=0.0070541081641364465 0.00037714361811830771 -0.035547502304341137 0.070533556963157149 -0.0062930432537765934 -0.030854350265472303 -0.036882487447967238 0.065302945134775317 -0.02855608767804137 0.017371140690965455 0.27565564411658267 0.021064776695097435 -0.089720449365348551 0.11552042078033907 0.44933975114365593 1.1468242478974686 2.2282614340419111 0.20552904925096804 0.00060634876244796516 0.044318538239995625 0.0046310540844812691 -0.088730293649120495 1.3090204390047526 -0.0019026734838910795 -0.017370992180660044 1.7393251231572948 0.54359012947521312 -0.014234755256623899 0.051161008674441434 0.025757419679780819 -0.0014317424517107579
leaf_weight=296368.64842137229 24136.587864723057 12943.652970974334 3538.2427802830935 109524.89548335364 6189.6267740409821 3596.1164875125978 585.33943517552689 17133.117949250271 833.04221773287281 113.06868524616584 1136.7818471174687 18.683691726997495 155.80617276392877 8.8594629378058016 7.7247362690977743 10.272332157939672 32.397729082498699 65570.831503240392 1743.5036546550691 2594.9578229431063 13.900586379226299 10.236506898421792 26203.480694293045 180.161334738601 7.8180473875254384 37.202189658768475 6646.4769555046223 4164.7678484767675 11023.757193798199 10885.466588817537
leaf_count=367349 139431 145884 109525 1719264 61640 75828 11768 481533 10554 766 25200 527 1504 215 112 89 779 854679 5374 49979 453 154 178100 3087 40 199 95758 22029 65225 73245
internal_value=0.00175834 -0.00332018 -0.00123031 -0.00381827 -0.0154726 0.00369737 0.00547099 -0.00887724 -0.0245373 0.0482384 0.0627288 0.120553 0.245609 0.462959 0.715357 1.40449 0.386756 0.00407711 0.0194692 0.0445012 0.00919852 0.504054 -0.00744253 0.00154778 0.136296 0.0786386 -0.00206692 0.00977245 0.0184734 0.0122598
internal_weight=605415 309047 263710 213499 45336.8 85895.3 82299.2 127604 18079.2 946.111 1955.87 819.084 233.744 77.938 59.2543 19.1318 40.1225 80343.3 14772.5 6157.34 2619.09 24.1371 32393.1 8615.16 225.182 217.364 8389.98 50210.6 26074 21909.2
internal_count=4500290 4132941 3747317 3447387 385624 1235270 1159442 2212117 492853 11320 40194 14994 3226 1722 1195 304 891 1119248 264569 160111 50586 607 239740 104458 3326 3286 101132 299930 160499 138470
cat_boundaries=0 1 2 3 4 5 6 7 8 9 10 11 12 13
cat_threshold=2 131 642 106 37 32 56 17 52 9 424 1 92
is_linear=0
shrinkage=0.08


Tree=71
num_leaves=31
num_cat=10
split_feature=47 38 37 11 45 4 23 3 17 3 1 38 37 5 12 7 3 3 1 0 19 38 17 36 40 1 3 3 39 3
split_gain=2387.93 1930.87 747.657 863.567 856.459 959.578 1077.77 850.716 1281.4 817.537 814.847 780.916 1426.35 1751.61 2314.4 1253.96 797.866 2039.64 4082.9 896.621 760.998 1001.69 955.092 756.151 737.044 720.296 849.548 716.621 1086.57 970.094
threshold=0 1 2 31.500000000000004 3 41.500000000000007 2.5000000000000004 475.18000793457037 3.5000000000000004 650.12500000000011 2.5000000000000004 4 5 1.5000000000000002 32.000007629394538 982.04998779296886 571.40499877929699 562.46499633789074 1.0000000180025095e-35 1.5000000000000002 1364.8750000000002 6 1.0000000180025095e-35 7 8 2.5000000000000004 282.89500427246099 617.47998046875011 9 488.73500061035162
decision_type=1 1 1 2 9 10 2 8 2 10 2 1 1 2 2 2 8 10 2 2 2 1 2 9 1 2 8 10 9 8
left_child=1 25 7 4 5 -4 -7 20 9 10 11 12 13 16 -15 27 17 19 -19 -9 22 -22 -3 24 -10 -1 -27 29 -29 -16
right_child=-2 2 3 -5 -6 6 -8 8 23 -11 -12 -13 -14 14 15 -17 -18 18 -20 -21 21 -23 -24 -25 -26 26 -28 28 -30 -31
leaf_value=0.011885502211191692 0.004251220733533072 -0.017387872151252853 -0.0053533689654115665 0.077782236290100559 -0.0269445059699863 0.059128345304909513 0.51269047654097188 0.3574378467986169 0.16415689860960256 -0.010839212923540151 0.12713598878426591 0.019508929037349458 -0.0083120783762333488 2.4166961087100964 1.0268975685416337 1.5489859771876051 -0.022972460712897286 2.4351235817551209 -0.087574083672650252 0.035078260506122713 0.0061516032961554017 -0.049086419489951919 5.2806479417025375e-05 -0.054212391115794761 -0.00041509551243523501 0.11900641905869641 -0.0051989821413505341 -0.088160483896595018 1.0957097835742535 0.12213362523082215
leaf_weight=19726.22848951444 422756.11721414002 33875.3389027128 13654.789640087634 589.67457294277847 31472.217785663903 116.66694322461262 47.053030031733215 84.338807996362448 166.87030884856358 1622.569637754932 826.25855397153646 3003.330706495326 419.8840167215094 3.8043248988687983 8.5384385986253601 5.8265737374313167 158.52795097185299 7.5550539535470334 8.9940241081640107 159.94968936452642 3134.8885044548661 6377.2563565243036 49401.125415039714 1748.1904412470758 11391.997034703847 890.7473569996655 583.19329012185335 7.1759520955383778 16.079605816397819 67.881423356477171
leaf_count=120052 1330456 449669 220467 11886 560206 933 178 469 1634 41180 9864 98493 10600 49 136 158 4848 297 247 4053 29793 180966 923826 19321 477282 2834 3629 239 211 2260
internal_value=0.000968284 -0.00676033 -0.00979519 -0.0184022 -0.0196585 -0.00304278 0.189482 -0.0062836 0.00881113 0.0382242 0.0548852 0.039779 0.10267 0.189333 0.478141 0.408238 0.118571 0.204597 1.0641 0.146371 -0.00949031 -0.0309269 -0.00704174 -0.00533658 0.0021006 0.0159088 0.0698621 0.341555 0.730404 0.223223
internal_weight=602333 179577 158377 45880.4 45290.7 13818.5 163.72 112496 19707.8 6400.71 4778.15 3951.89 948.556 528.672 109.306 105.502 419.366 260.838 16.5491 244.288 92788.6 9512.14 83276.5 13307.1 11558.9 21200.2 1473.94 99.6754 23.2556 76.4199
internal_count=4506236 3175780 3049265 793670 781784 221578 1111 2255595 671341 173104 131924 122060 23567 12967 3053 3004 9914 5066 544 4522 1584254 210759 1373495 498237 478916 126515 6463 2846 450 2396
cat_boundaries=0 1 2 3 4 5 6 7 8 9 10
cat_threshold=4 641 105 42 12 65 82 131 8 1
is_linear=0
shrinkage=0.08


Tree=72
num_leaves=31
num_cat=14
split_feature=47 2 31 36 32 3 3 38 17 2 19 41 44 45 37 40 2 41 18 32 46 10 40 2 40 46 38 16 18 7
split_gain=2354.7 1012.94 1040.08 1097.83 940.573 1062.4 770.361 838.092 780.25 893.138 1256.37 763.207 733.527 1439.85 683.855 637.992 627.321 605.649 597.831 553.555 535.39 519.779 519.334 517.75 507.899 691.129 503.102 550.522 692.207 670.963
threshold=0 inf 1.0000000180025095e-35 1 -3.0249999761581416 128.69499969482425 502.35499572753912 2 25.500000000000004 2.5000000000000004 1946.0250244140627 3 4 5 6 7 1.5000000000000002 8 687.84997558593761 23.685000419616703 9 2.5000000000000004 10 inf 11 12 13 2.5000000000000004 295.02499389648443 62.00000190734864
decision_type=1 8 10 9 8 10 8 1 2 10 2 9 9 9 1 1 10 9 2 10 1 2 1 8 1 1 1 2 2 2
left_child=18 2 3 17 5 15 7 8 -6 -10 -11 22 -4 -14 -9 -5 -8 -2 24 -15 26 -18 -3 -20 25 -1 -16 -28 -29 -30
right_child=1 11 12 4 6 -7 16 14 9 10 -12 -13 13 19 20 -17 21 -19 23 -21 -22 -23 -24 -25 -26 -27 27 28 29 -31
leaf_value=0.013975118235512346 -0.04441779388665746 0.033549233387576129 0.047424782874684296 0.1289120196853058 -0.00042397820292520229 0.0056575763624232599 0.014122558792093284 -0.0031300335188941121 0.045766943651720217 0.6319848345750374 -0.095084651084560212 -0.044543605457163481 0.030024038112284619 -0.079725786647619257 -0.0092676735799850848 0.035628700912189053 -0.039736606340425869 -0.012403076675276686 0.010548707666185963 0.070053565063827025 0.019752718495926965 0.3693362591166931 -0.036817833390153647 0.042729745063201686 0.0018062352433546082 -0.03393691972996743 -0.022382814414547089 0.31413432414235715 0.96180193160762995 -0.026048010608604899
leaf_weight=39493.098426046781 6119.6846325695515 1664.0830953791738 4233.3769853231497 636.62330103851855 73142.699348444119 28709.409707778017 19137.508643197827 59619.604420479853 1344.6838055886328 39.394893571734428 24.777333378791809 6715.98110078834 3630.0736798625439 1364.2609656653367 41917.549598247744 1816.7981631536968 1787.1131078535691 9944.4496295880526 69796.617566455156 178.5930777862668 2860.0843967795372 20.102746907854453 1110.8915044292808 3353.3597255218774 177436.83630116004 2025.6905197380111 41094.441951049026 69.40793772181496 4.546533375978469 136.95180298388004
leaf_count=46997 68252 3550 15314 2569 487904 565789 569052 810530 7828 107 248 36563 5841 12485 500776 9846 45692 86113 82327 1069 7944 269 4362 4172 229751 3916 894557 394 90 3035
internal_value=0.000619433 -0.0042689 -0.00344902 -0.00430277 -0.00310347 0.00997565 -0.00479341 -0.00618761 0.00071179 0.0596818 0.351258 -0.0299974 0.0227295 0.00251966 -0.00971721 0.0605049 0.00986795 -0.0246192 0.00576243 -0.0619863 -0.0142785 -0.0351862 0.00534849 0.012024 0.00367054 0.0116347 -0.0154497 -0.0217159 0.107199 0.00569295
internal_weight=599429 307323 297832 288426 272362 31162.8 241199 220254 74551.6 1408.86 64.1722 9490.96 9406.3 5172.93 145703 2453.42 20944.7 16064.1 292106 1542.85 86083 1807.22 2774.97 73150 218956 41518.8 83222.9 41305.3 210.906 141.498
internal_count=4507342 4140179 4095704 4060995 3906630 578204 3328426 2713413 496087 8183 355 44475 34709 19395 2217326 12415 615013 154365 367163 13554 1406796 45961 7912 86499 280664 50913 1398852 898076 3519 3125
cat_boundaries=0 1 2 3 4 5 6 7 8 9 10 11 12 13 14
cat_threshold=2 56 659 16 2 14 106 2 6 1 8 9 1 320
is_linear=0
shrinkage=0.08


Tree=73
num_leaves=31
num_cat=10
split_feature=47 2 40 19 43 12 19 43 3 43 41 7 35 3 12 13 34 36 17 35 3 11 7 12 3 12 17 3 13 13
split_gain=2149.83 1387.37 939.595 840.683 873.726 834.137 1520.28 826.264 759.478 725.798 983.345 692.552 740.967 743.221 650.973 805.747 999.028 909.58 710.515 822.391 778.996 810.899 1280.94 854.31 641.136 842.477 1209.58 2600.78 1751.55 2770.99
threshold=0 inf 1 3150.4750976562505 2 871.02502441406261 693.29998779296886 3 24.98499965667725 4 5 26.324998855590824 6 56.079999923706062 7626.7500000000009 2550.0500488281255 7 8 24.500000000000004 9 562.46499633789074 29.500000000000004 1718.9350585937502 2827.765014648438 601.87500000000011 25052.765625000004 18.500000000000004 657.08499145507824 434.17500305175787 856.57501220703136
decision_type=1 8 1 2 9 2 2 9 10 9 9 2 1 10 2 2 1 9 2 1 10 2 2 2 10 2 2 10 2 2
left_child=-1 2 3 5 -5 6 8 -4 -2 10 -3 12 -10 -14 15 -7 17 18 19 -17 -20 22 -22 -24 -16 -26 27 28 -27 -30
right_child=1 9 7 4 -6 14 -8 -9 11 -11 -12 -13 13 -15 24 16 -18 -19 20 -21 21 -23 23 -25 25 26 -28 -29 29 -31
leaf_value=0.0054840031888387653 0.029765917708475569 0.049922288863810595 0.010200968365021179 0.0041673467438654082 -0.044673830281572173 0.012239255965968917 -0.021689747047821339 -0.020515100333654522 0.02076040256117791 -0.047295733984346028 -0.060220567022696077 0.0058314388994873583 -0.02351628930385484 -0.0037266045026287664 -0.02541249930949185 0.17243687937319954 -0.042852536889139412 -0.088016967603659124 0.18522273981296508 -0.053164165975311137 0.50094636420506822 -0.087830961367539512 2.5371129601347513 0.90905130673509915 -0.00011426426650883479 -0.082436386242085116 0.083976414655158205 -0.092063468064481915 2.1137259849225383 -0.087833780220679808
leaf_weight=291598.34081347939 5275.4546276535839 1289.1364627666771 6841.08307308238 3986.8933517900296 5688.5449616976548 32449.555012888275 23649.940005774843 30947.41145320097 6928.6287165721878 6983.5578971225768 853.79334410745651 61889.614337289473 13867.67833904922 97809.197848340264 5347.2414785753936 432.26238739537075 304.6243634680286 106.73585349600762 95.247468409128487 134.59436167823151 31.931612847140059 9.5400320508051646 3.6247095570433867 4.7870331003796309 1102.5749249155633 6.0188188445754376 308.91829884401523 22.823278193129227 12.981416025198998 5.0949929603375486
leaf_count=367677 27789 1632 60497 80940 158354 588075 439437 250671 62796 36812 5817 851086 145189 1275606 83033 6421 7676 1147 1052 3181 312 422 85 146 39725 469 10298 786 212 254
internal_value=0.000567118 -0.0041124 -0.00316914 -0.00145235 -0.02459 -0.000556219 -0.00258614 -0.0149532 -0.000154112 -0.0348357 0.00596292 -0.00102861 -0.00460825 -0.00618347 0.00997182 0.0145452 0.0811556 0.126277 0.159176 0.120974 0.319354 0.575464 0.732313 1.6106 -0.012589 0.034428 0.141458 0.519929 1.09962 1.4932
internal_weight=597988 306389 297263 259475 9675.44 249799 209421 37788.5 185771 9126.49 2142.93 180495 118606 111677 40378.6 33572.9 1123.35 818.723 711.988 566.857 145.131 49.8834 40.3434 8.41174 6805.65 1458.41 355.837 46.9185 24.0952 18.0764
internal_count=4507597 4139920 4095659 3784491 239294 3545197 2801903 311168 2362466 44261 7449 2334677 1483591 1420795 743294 608517 20442 12766 11619 9602 2017 965 543 231 134777 51744 12019 1721 935 466
cat_boundaries=0 1 2 3 4 5 6 7 8 9 10
cat_threshold=2 6 42 36 4 16 16 54 192 33
is_linear=0
shrinkage=0.08


Tree=74
num_leaves=31
num_cat=12
split_feature=33 35 32 45 34 45 37 25 13 34 42 37 17 37 17 43 18 42 3 19 13 3 32 3 37 3 17 10 18 16
split_gain=700.598 512.408 583.385 790.812 434.323 582.435 417.82 411.632 391.301 363.663 497.067 409.458 395.361 438.485 1394.58 369.791 386.192 419.54 507.333 1183.53 523.399 437.808 358.645 375.036 415.484 372.645 454.379 1250.71 519.658 353.302
threshold=1.0000000180025095e-35 0 -10.085000038146971 1 2 3 4 7.5000000000000009 1627.0250244140627 5 6 7 18.500000000000004 8 32.500000000000007 9 1120.1250000000002 10 247.36500549316409 1237.549987792969 1.0000000180025095e-35 62.155000686645515 -81.404998779296861 665.52999877929699 11 657.08499145507824 18.500000000000004 1.0000000180025095e-35 218.87500000000003 2.5000000000000004
decision_type=2 1 8 9 1 9 1 8 2 1 9 1 2 1 2 9 2 9 8 2 2 10 10 10 1 10 2 2 2 2
left_child=1 9 3 -3 8 6 -6 -4 -2 15 11 29 -12 14 -14 -1 -17 18 19 21 -20 -18 -5 24 -24 -26 28 -28 -27 -11
right_child=4 2 7 22 5 -7 -8 -9 -10 10 12 -13 13 -15 -16 16 17 -19 20 -21 -22 -23 23 -25 25 26 27 -29 -30 -31
leaf_value=-0.0074425076995328797 0.050046302267345334 -0.013551232746012692 0.036900357087074148 0.0099132944471580341 0.034936125743398445 -0.0528589650759115 -0.050039034472207755 5.1249671612825267e-05 0.17010876031169439 0.030651980262117996 -0.00577462410194143 -0.0084280332070446225 -0.0064063469845812553 0.027458698035292734 0.7579295645248384 0.027438693793793836 0.40329059206921553 0.036985679424854701 0.25634231820276132 0.64846837289722437 0.0025564563266417921 0.017633734769746404 0.21182383687238648 -0.0091191572567302665 0.043504247520664056 0.70283804347682821 -0.025910194375410828 1.55019333369245 -0.11433722884011248 0.27593282310710471
leaf_weight=1540.3376948577352 1174.6052168328315 3978.7345363439526 1947.1194588432554 3998.3458420410752 4035.8967579719611 660.71452406584285 400.11864189431071 541864.64931806363 203.88682191073895 6413.7734216749668 14543.721449132077 2127.3845642744564 44.298153771087527 1330.3163562500849 23.320275247097015 4525.2608310244977 26.043190345168114 545.76094720326364 76.186222648248076 38.987108146771789 163.88831834075972 68.105126323178411 89.421060998924077 834.7902668537572 5162.9860543673858 6.7287691039964583 7.2249965313822013 5.8163532307371497 19.168063996359706 37.805187068879604
leaf_count=7957 5719 24115 14014 16385 36915 10824 7519 4175299 734 48036 84472 12592 252 8893 84 16538 87 1936 105 110 613 286 319 10653 19259 114 164 65 685 276
internal_value=0.00144793 0.00116041 0.000599776 0.0166636 0.0276192 0.0167177 0.0271762 0.000183188 0.0673159 0.0110849 0.00649078 0.0220065 -0.00186751 0.0387677 0.224062 0.0271809 0.0369726 0.0843223 0.148573 0.277806 0.0830939 0.124314 0.0285227 0.040715 0.0485771 0.0452767 0.291921 0.677021 0.0979893 0.0320396
internal_weight=595895 589420 557915 14103.2 6475.22 5096.73 4436.02 543812 1378.49 31505.2 24520.6 8578.96 15941.7 1397.93 67.6184 6984.57 5444.23 918.971 373.21 133.135 240.075 94.1483 10124.5 6126.14 5291.35 5201.92 38.9382 13.0413 25.8968 6451.58
internal_count=4505020 4443309 4261072 71759 61711 55258 44434 4189313 6453 182237 154605 60904 93701 9229 336 27632 19675 3137 1201 483 718 373 47644 31259 20606 20287 1028 229 799 48312
cat_boundaries=0 1 2 3 4 5 6 7 8 9 10 11 12
cat_threshold=16 42 2 13 37 99 10 43 2 5 33 64
is_linear=0
shrinkage=0.08


Tree=75
num_leaves=31
num_cat=14
split_feature=47 36 2 38 32 31 41 2 38 32 38 30 44 44 17 32 32 18 12 37 12 41 35 18 42 37 6 38 32 17
split_gain=1740.65 1139.31 898.607 950.585 768.585 795.477 625.868 604.559 928.784 848.351 617.892 594.014 592.268 795.291 582.692 566.215 550.681 522.676 765.004 743.53 1106.86 868.274 610.87 591.337 587.165 541.25 618.906 516.469 501.831 898.609
threshold=0 1 inf 2 -2.5249999761581416 1.0000000180025095e-35 3 inf 4 -4.4749999046325675 5 1.0000000180025095e-35 6 7 42.500000000000007 0.2650000005960465 -4.4749999046325675 2211.025024414063 515.95001220703136 8 501.01000976562506 9 10 13545.875000000002 11 12 9263.1186523437518 13 -1.1950000524520872 16.500000000000004
decision_type=1 9 8 1 10 10 9 8 1 10 1 2 9 9 2 8 8 2 2 1 2 9 1 2 9 1 2 1 10 2
left_child=7 -2 3 12 -5 11 -4 9 -9 10 -1 17 15 16 27 -3 -14 24 19 21 -21 23 -23 -19 -6 -20 28 -8 29 -27
right_child=1 2 6 4 5 -7 14 8 -10 -11 -12 -13 13 -15 -16 -17 -18 18 25 20 -22 22 -24 -25 -26 26 -28 -29 -30 -31
leaf_value=0.01655819160609482 -0.024426228407764459 -0.013709616176063574 -0.059271372912373214 0.0082864027924861548 0.0018277338049951907 0.03387530519160159 -0.073691775964861428 0.0020719733255936991 0.042693030906522045 0.0077150339133155036 -0.0036478507038228305 0.15818017764514058 0.011516393811708889 -0.070006915473998704 0.2094384095319364 0.013567370572527921 -0.011769612469291889 0.00022864017696237767 -0.030419807503975303 -0.00014697239365563488 0.46608030261785849 0.30725199579633322 -0.011478357400135909 0.26459197745617347 -0.011342928198023614 0.14527930732525735 -0.045114138512282888 -0.0056339154805879789 0.014308543927663854 -0.015680469442385495
leaf_weight=10834.291627275757 15770.343968973495 7441.5797396730632 2756.0689416890964 72806.360053500161 36403.589431506582 3729.4706062274054 829.24596171826124 7704.5753301568329 6767.2161386813968 173875.64887829591 90654.879604069516 144.78426358941942 7128.6208714740351 1424.8897767548915 74.48602344468236 14096.385435699485 73666.000022911001 294.40172089356929 2234.3728571548127 858.66178460000083 33.875161929987371 205.28511845227331 55.14800549345091 66.357432670425624 53494.914088247344 533.12720361119136 973.32892427942716 4805.6753259608522 5597.1683786753565 380.34912491776049
leaf_count=11946 147565 58196 18846 681434 424568 10100 5565 12455 8685 211835 121965 543 222044 23442 214 83818 1743123 5198 22124 11351 224 1545 976 774 547917 6262 10840 17382 86861 7825
internal_value=0.000717976 -0.00349228 -0.00235309 -0.00158105 0.0019698 -0.00240971 -0.0280345 0.00516019 0.0210979 0.00432258 -0.00148952 -0.00374591 -0.00766567 -0.0107599 -0.0128294 0.0041429 -0.00971506 -0.00397773 0.0122932 0.0651942 0.0173537 0.131535 0.241831 0.0475375 -0.00601065 0.0040533 0.0143668 -0.0157902 0.0232812 0.0782596
internal_weight=595641 305804 290034 281569 177811 105005 8465.48 289837 14471.8 275365 101489 101275 103757 82219.5 5709.41 21538 80794.6 101131 11232.1 1513.73 892.537 621.192 260.433 360.759 89898.5 9718.35 7483.97 5634.92 6510.64 913.476
internal_count=4505623 4138737 3991172 3949165 1818542 1137108 42007 366886 21140 345746 133911 1127008 2130623 1988609 23161 142014 1965167 1126465 153980 20068 11575 8493 2521 5972 972485 133912 111788 22947 100948 14087
cat_boundaries=0 1 2 3 4 5 6 7 8 9 10 11 12 13 14
cat_threshold=2 24 52 37 643 1 1 2 73 50 48 11 68 262
is_linear=0
shrinkage=0.08


Tree=76
num_leaves=31
num_cat=17
split_feature=47 35 38 41 6 38 45 47 42 34 4 3 23 41 34 42 4 45 12 8 12 3 34 4 2 34 4 48 35 2
split_gain=1645.25 837.676 722.521 806.39 720.414 685.912 2813.67 697.375 610.781 914.517 866.048 659.418 1012.18 616.409 632.725 602.744 991.285 1011.82 1021.39 869.495 755.604 817.487 1004.77 1099.82 775.185 615.168 599.068 587.37 603.166 569.245
threshold=0 1 2 3 9263.1186523437518 4 5 6 7 8 6.5000000000000009 44.149999618530281 1.5000000000000002 9 10 11 24.500000000000004 12 720.00003051757824 12.500000000000002 901.77502441406261 440.03500366210943 13 1.0000000180025095e-35 1.0000000180025095e-35 14 1.5000000000000002 15 16 2.5000000000000004
decision_type=1 1 1 9 2 1 9 1 9 1 8 8 2 9 1 9 8 9 2 2 2 10 1 10 8 1 10 9 1 8
left_child=1 8 15 4 -4 6 7 -2 10 13 -1 12 -12 14 -10 25 19 18 -18 20 21 -17 23 24 -23 29 -15 28 -7 -3
right_child=5 2 3 -5 -6 27 -8 -9 9 -11 11 -13 -14 26 -16 16 17 -19 -20 -21 -22 22 -24 -25 -26 -27 -28 -29 -30 -31
leaf_value=0.061908548944928095 -0.087833379696885969 0.027986568766550927 -0.0018309362684070427 -0.015649552725792871 -0.048632079474090081 0.00968394275923023 -0.0043311327150478548 -0.22153861924994434 0.28656214472872427 -0.011842852178316154 -0.030541091850275735 -0.03973196819044493 0.23745586465716964 0.06579054423019795 -0.060541042495125014 -0.0062856513808580176 0.05241013137156221 0.011132113949292253 0.17432996007609539 0.4621470399484745 -0.078993353127430915 0.48208009752990388 0.031420774810079849 -0.096630988833667331 -0.092765487417442727 -0.022050256056425202 0.25461480866627817 0.069706795142410169 0.0018385389220476186 -0.08589561983255635
leaf_weight=3003.3244297020137 615.06496331840754 3312.4089655829594 61387.211860375246 75935.080746449064 2179.7281637280248 77851.209585743025 13060.992694521323 420.23898596316576 27.043694576248527 7063.2092324038967 214.26792105287313 1212.9800732745789 155.76077069342136 1064.635375850834 371.5891517046839 5319.032224688679 1969.492114931345 3102.0526107205078 566.19114921800792 25.585941968485713 783.6177668236196 99.856454072520137 558.7059020716697 38.579430516809225 17.67029364220798 7267.6397175556049 119.614192802459 855.92350075207651 322537.99000734743 306.94031531177461
leaf_count=42584 3888 26659 1510463 1250643 60224 108246 30091 1699 41 83848 1967 16648 913 8608 3557 48497 10439 22432 1817 27 8549 582 4365 379 199 67925 250 2960 1183837 2210
internal_value=0.000148842 -0.00633108 -0.00790364 -0.0100845 -0.00343522 0.00289629 -0.0144428 -0.140746 0.0130206 0.00049041 0.03659 -0.0112139 0.0822702 0.0552533 -0.0305567 0.00511446 0.0171086 0.0419617 0.0793207 -0.00334191 -0.0050889 0.00450911 0.0848346 0.257496 0.395651 -0.00863869 0.084152 0.00350571 0.00336428 0.0182782
internal_weight=591444 176102 162870 139502 63566.9 415341 14096.3 1035.3 13232.4 8646.09 4586.33 1583.01 370.029 1582.88 398.633 23367.8 12480.8 5637.74 2535.68 6843.05 6817.46 6033.84 714.812 156.106 117.527 10887 1184.25 401245 400389 3619.35
internal_count=4504547 3173826 3015410 2821330 1570687 1330721 35678 5587 158416 96304 62112 19528 2880 12456 3598 194080 97286 34688 12256 62598 62571 54022 5525 1160 781 96794 8858 1295043 1292083 28869
cat_boundaries=0 1 2 3 4 5 6 7 8 9 10 11 12 13 14 15 16 17
cat_threshold=4 16 145 37 128 32 1 10 67 21 64 48 12 72 5 1 24
is_linear=0
shrinkage=0.08


Tree=77
num_leaves=31
num_cat=12
split_feature=47 2 6 37 4 38 36 3 7 4 7 40 48 6 3 45 3 4 19 3 38 4 40 37 38 19 3 19 19 34
split_gain=1286.11 1041.23 729.984 722.162 833.912 1633.42 838.609 1181.21 981.844 1123.97 982.968 840.238 813.226 699.935 848.258 820.35 791.1 667.588 642.211 635.775 801.227 635.025 714.542 623.112 591.561 747.79 966.45 801.848 639.576 600.075
threshold=0 inf 9263.1186523437518 1 19.500000000000004 2 3 194.46500396728518 51.774993896484382 4.5000000000000009 68.755001068115249 4 5 642.51000976562511 578.52499389648449 6 585.36999511718761 30.500000000000004 97.565002441406264 9.4849996566772479 7 inf 8 9 10 6029.6950683593759 781.52499389648449 673.79998779296886 2811.2500000000005 11
decision_type=1 8 2 1 10 1 9 10 2 10 2 1 9 2 10 9 10 10 2 10 1 8 1 1 1 2 10 2 2 1
left_child=23 2 3 19 6 -6 13 8 11 18 -11 -8 -9 15 -15 16 -5 -7 -10 20 -2 -3 -23 -1 25 27 29 -21 -26 -27
right_child=1 21 -4 4 5 17 7 12 9 10 -12 -13 -14 14 -16 -17 -18 -19 -20 24 -22 22 -24 -25 28 26 -28 -29 -30 -31
leaf_value=0.014667417819277325 0.11249751112990959 -0.053078250625701769 -0.032810801175674358 0.0040176142313466685 0.060627656006225661 0.02883258227469393 0.05229815406290584 -0.034845354844588186 0.15258448305251054 0.68975859862843547 0.13514534726734323 -0.037910112130553238 0.21067879418960356 0.023458645968824871 -0.019530348775003453 -0.0056807764434788485 0.040353323814115126 -0.025523030096864553 0.022750540001463253 -0.014674144359594028 0.0039501955765839352 0.032283433764704529 -0.033217519610077378 0.0027941844406640256 -0.0040119536238809386 0.1554738918310668 0.65733195115560761 -0.054565644960670498 -0.052674798906854087 -0.079949407881237666
leaf_weight=31800.200445086695 605.58304622024298 4176.6163291055709 5014.6473437817767 57456.821891470347 4280.3563527343795 2398.265039853286 842.16564457956702 11067.733439837582 268.27847705967724 30.47617893666029 62.180915538221598 2948.661382926628 87.016976819373667 15927.624152993551 3601.9222213849425 85097.217640607385 4109.0602382353973 3642.3964837538078 2675.2181787882 17236.674840146676 1500.563743673265 1640.1403030008078 3004.2435144269839 255694.11292785499 69441.938049157616 171.15086076455191 19.028206542134285 3967.0737560393754 1772.6557767151389 106.35280515486374
leaf_count=36134 1614 27541 84846 783247 36429 22170 6137 120578 1383 23 410 29063 582 289554 147156 1238001 124997 39161 21039 281682 12273 3463 13207 331864 718116 1421 126 89001 39533 3409
internal_value=0.00027473 -0.00336066 -0.002549 -0.00202448 0.000766401 0.0228948 -0.000473618 -0.01688 0.00931978 0.04322 0.317565 -0.0178316 -0.03293 0.00130246 0.01553 -0.000591979 0.0064417 -0.00393623 0.034584 -0.00774834 0.0357138 -0.0304434 -0.0100882 0.00410811 -0.00873648 -0.0203637 0.105789 -0.0221376 -0.00522252 0.0679699
internal_weight=590646 303152 294331 289316 194495 10321 184174 17981.7 6826.98 3036.15 92.6571 3790.83 11154.8 166193 19529.5 146663 61565.9 6040.66 2943.5 94821 2106.15 8821 4644.38 287494 92714.9 21500.3 296.532 21203.7 71214.6 277.504
internal_count=4504160 4136162 4091951 4007105 2859930 97760 2762170 179215 58055 22855 433 35200 121160 2582955 436710 2146245 908244 61331 22422 1147175 13887 44211 16670 367998 1133288 375639 4956 370683 757649 4830
cat_boundaries=0 1 2 3 4 5 6 7 8 9 10 11 12
cat_threshold=2 20 30 162 8 1 12 784 8 18 268 6
is_linear=0
shrinkage=0.08


Tree=78
num_leaves=31
num_cat=8
split_feature=47 32 17 3 3 36 18 41 6 6 3 26 32 33 11 34 45 36 3 3 3 12 3 18 0 39 19 6 3 37
split_gain=1526.22 1010.04 1008.68 977.529 866.79 821.067 867.255 768.111 747.201 783.795 961.651 1013.77 924.516 1231.92 708.748 702.715 698.428 852.397 671.5 694.701 662.598 637.32 957.257 823.481 666.949 740.665 627.601 657.192 635.54 621.55
threshold=0 -3.8950001001358028 1.0000000180025095e-35 632.85498046875011 24.98499965667725 1 295.02499389648443 2 295.02499389648443 42.049804687500007 158.09000396728518 7.5000000000000009 0.2650000005960465 1.0000000180025095e-35 50.500000000000007 3 4 5 322.66500854492193 806.76501464843761 322.66500854492193 488.52499389648443 224.1350021362305 498.27499389648443 1.5000000000000002 6 12.525000095367433 281.77496337890631 150.32500457763675 7
decision_type=1 10 2 10 10 9 2 9 2 2 10 10 10 2 2 1 9 9 8 10 10 2 10 2 2 9 2 2 10 1
left_child=-1 4 3 7 -2 6 26 -3 9 10 -8 14 -13 20 18 -11 17 -10 -12 -20 -14 -7 24 -24 25 -23 27 28 -4 -18
right_child=1 2 5 -5 -6 21 8 -9 16 15 11 12 13 -15 -16 -17 29 -19 19 -21 -22 22 23 -25 -26 -27 -28 -29 -30 -31
leaf_value=0.0042259290540084243 0.02557443234473222 -0.00052182745219444388 0.068635027923457353 0.098302897956219978 4.0968317735312675e-05 -0.026193429265424364 -0.024716518059928139 -0.022039537102842038 0.21476643680810747 -0.015775290596496478 0.026216302335196444 -0.09033856302156798 0.26697400345276395 0.95284637483211254 0.40843907157680159 -0.05247347699366256 -0.015607670471137525 -0.031221262869284745 -0.021719151571090979 0.15614204093024978 0.0089305909785908667 0.24046394830746409 0.31237792721109908 -0.024524807144975957 -0.018535537483378394 0.032080902420236791 0.0066852086474482033 0.35135351509832441 0.0048961918751119007 0.013059460681367737
leaf_weight=286815.90260273777 9298.3115073982626 13888.072526077274 2028.8375694965944 474.47811776027083 100227.58622712817 15883.097040256951 6344.2943385895342 45190.618171717972 82.282965088263154 16030.151352357119 5911.9610131182708 83.725341424578801 178.27358284499496 13.665661446284501 28.484229695051908 4220.4708933669608 5976.4224610936362 4380.5040346251335 4069.1573042850941 145.57289276178926 99.081933534238487 112.01869554817677 46.730950215831399 7276.0846858522855 1979.2054913155735 4282.612936316058 26267.784118592041 43.070721183903515 1976.5870571704581 25314.785351061029
leaf_count=366827 41814 142886 24068 8533 1329511 147906 85703 479406 170 268313 92697 2649 1228 149 200 133591 70245 112295 112967 1375 2457 519 258 77173 16355 25827 379471 518 37265 542758
internal_value=4.70539e-05 -0.00392363 -0.00741582 -0.0160665 0.00220866 -0.00353575 -0.000166856 -0.016985 -0.00489698 -0.0128464 -0.000112403 0.0147116 0.143929 0.211327 0.00994323 -0.0234573 0.00335728 -0.0262158 0.00882234 -0.015576 0.174791 -0.0152836 -0.00264342 -0.0223748 0.0200258 0.0373926 0.0112041 0.0405237 0.0371813 0.00758098
internal_weight=588670 301854 192328 59553.2 109526 132775 103195 59078.7 72878.8 37124.8 16874.2 10529.9 374.747 291.021 10155.2 20250.6 35754 4462.79 10126.7 4214.73 277.356 29579.7 13696.7 7322.82 6373.84 4394.63 30316.3 4048.5 4005.42 31291.2
internal_count=4505134 4138307 2766982 630825 1371325 2136157 1868119 622292 1426797 701329 299425 213722 6483 3834 207239 401904 725468 112465 207039 114342 3685 268038 120132 77431 42701 26346 441322 61851 61333 613003
cat_boundaries=0 1 2 3 4 5 6 7 8
cat_threshold=2 161 5 30 32 1 2 68
is_linear=0
shrinkage=0.08


Tree=79
num_leaves=31
num_cat=15
split_feature=47 34 38 45 2 34 37 35 32 9 38 19 19 38 3 2 3 38 6 2 18 3 34 45 42 8 18 18 38 42
split_gain=803.415 764.738 696.346 949.569 939.698 673.514 645.838 878.607 783.858 767.553 909.441 731.729 3196.47 1130.31 993.847 1235.51 912.212 1157.17 729.699 712.673 686.166 683.922 644.69 725.901 1193.26 647.746 617.656 885.375 653.123 586.948
threshold=0 1 2 3 2.5000000000000004 4 5 6 39.944999694824226 1.0000000180025095e-35 7 203.27500152587893 172.52500152587893 8 146.03499603271487 1.0000000180025095e-35 150.32500457763675 9 275.00001525878912 1.5000000000000002 454.27499389648443 77.475002288818374 10 11 12 1.0000000180025095e-35 755.54998779296886 802.57498168945324 13 14
decision_type=1 1 1 9 10 1 1 1 10 2 1 2 2 1 10 8 10 1 2 8 2 10 1 9 9 2 2 2 1 9
left_child=2 -2 3 5 -5 -1 8 9 -4 11 29 12 -8 22 -14 16 -16 18 -18 21 -20 -10 23 24 -13 -24 -25 -28 -29 -11
right_child=1 -3 6 4 -6 -7 7 -9 19 10 -12 13 14 -15 15 -17 17 -19 20 -21 -22 -23 25 26 -26 -27 27 28 -30 -31
leaf_value=-0.025897956058270083 0.0065606804408259098 -0.00032144432022884902 -0.0023356130387472327 -0.088513470468599545 0.35354998459520559 0.031544930065396701 -0.00055716056834416428 -0.02232178385340362 0.66026556653899615 0.34574794672440445 -0.078826349790798306 0.34339663201931797 0.052042053741669064 -0.058950408348681232 0.94779559959256154 -0.04867581817329162 0.2727679310536632 -0.076181383339290309 0.68600505093747244 -0.093450238200100261 0.14388251225841817 0.070016318712558034 -0.038469087922831678 -0.030964579054537558 -0.080508084370277774 0.1133042037719138 0.3259432359339825 0.11065544252810977 -0.040665033542487683 -0.0069911165927303599
leaf_weight=1537.826233824715 196321.09785090713 218164.87631593505 113971.48329822661 735.06335336156189 32.119854971766472 8493.090810643509 13923.962375995703 26643.787681087153 12.683689527213572 110.83287028595805 81.877682087011635 112.22659746836871 267.78632554039359 3150.3604197259992 13.727194708772002 74.871234233491123 218.63562110066414 52.689272643998265 61.278956286609173 181.17264655884355 19.760573037900031 1327.4890082273632 1875.6259866361506 697.4614897724241 65.293891321867704 199.0682425852865 79.162107644602656 401.93519100081176 323.2128316052258 49.205173172987998
leaf_count=9739 586443 745293 2269076 7303 153 41404 195164 504865 46 405 1911 831 2916 75291 60 818 2167 827 166 3295 276 19216 19929 9196 757 1479 402 3517 2394 379
internal_value=0.00102047 0.00293842 -0.00352962 0.0161395 -0.0691047 0.0227214 -0.00482603 -0.0125805 -0.00157402 -0.000658415 0.141047 -0.00225043 0.00787867 -0.0237175 0.173608 0.247431 0.30799 0.283065 0.337507 0.0554706 0.553815 0.0756026 0.00599115 0.0427096 0.191501 -0.0237917 0.0239709 0.0719065 0.0441741 0.243262
internal_weight=589200 414486 174714 10798.1 767.183 10030.9 163916 48422.8 115493 21779 241.916 21537.1 14632.7 6904.35 708.749 440.963 366.092 352.364 299.675 1521.35 81.0395 1340.17 3753.99 1679.29 177.52 2074.69 1501.77 804.31 725.148 160.038
internal_count=4505718 1331736 3173982 58599 7456 51143 3115383 823750 2291633 318885 2695 316190 202394 113796 7230 4314 3496 3436 2609 22557 442 19262 38505 17097 1588 21408 15509 6313 5911 784
cat_boundaries=0 1 2 3 4 5 6 7 8 9 10 11 12 13 14 15
cat_threshold=4 28 129 13 17 105 32 586 90 864 13 32 10 72 48
is_linear=0
shrinkage=0.08


Tree=80
num_leaves=31
num_cat=7
split_feature=47 1 42 7 45 4 13 38 17 3 4 19 13 45 6 1 39 41 2 20 19 3 19 13 6 13 11 20 4 1
split_gain=947.519 644.677 603.938 887.834 909.321 885.677 1420.97 746.289 1177.75 730.891 897.381 855.896 1297.97 1160.88 2451.36 797.027 685.845 680.566 992.027 979.031 658.735 1374.22 714.467 752.74 686.011 1330.22 1167.55 5397.22 642.575 622.468
threshold=0 1.0000000180025095e-35 1 298.02490234375006 2 27.500000000000004 6497.7551269531259 3 2.5000000000000004 475.18000793457037 6.5000000000000009 91.20999908447267 75.00000381469728 4 20.149963378906254 1.0000000180025095e-35 5 6 1.0000000180025095e-35 1.0000000180025095e-35 4250.0749511718759 781.52499389648449 5258.1799316406259 234.02500152587893 19888.224609375004 747.54998779296886 21.500000000000004 3.5000000000000004 9.5000000000000018 5.5000000000000009
decision_type=1 2 9 2 9 10 2 1 2 10 8 2 2 9 2 2 9 9 8 2 2 10 2 2 2 2 2 2 10 2
left_child=2 -2 3 7 5 -5 16 8 -1 28 11 12 -11 14 -14 -16 -7 18 -13 -20 24 -22 23 -23 -19 -26 -27 -28 -9 -4
right_child=1 -3 29 4 -6 6 -8 9 -10 10 -12 17 13 -15 15 -17 -18 20 19 -21 21 22 -24 -25 25 26 27 -29 -30 -31
leaf_value=0.022851730159622226 0.0012062900314767663 0.0089839618375340876 -0.008174512059531373 -0.0023659805213419221 -0.036757780502391653 0.24841964305062841 0.55746000372418658 -0.0027368207901547204 0.16422396107388224 0.050706536726559323 -0.047245183012142582 0.020747317636025137 1.2334937754167843 0.056250922489133902 0.45029706627652055 -0.090733523340116348 -0.024791215386824217 -0.0074716606029764368 0.22900091187174379 0.95000757078007991 0.0066380225836272224 1.2345596183340231 0.22007518123181721 0.40053576848791722 -0.086678905307456408 0.43822569847902565 5.4543969340546301 -0.082967699566691866 0.042289718164933106 0.088257863976439574
leaf_weight=1859.886882007122 328214.33277789829 86098.103868946899 109768.43153420486 7981.1836381528992 6752.5133494546171 88.021705087274313 43.861353122163564 34604.789649426471 473.07059238106012 3332.9913168221246 991.3582149296999 203.17439246410504 21.610392684582621 120.1994193517603 52.78732527140528 26.014523176010698 177.15801285719499 4296.702781913802 101.08193648327142 13.684875747188924 206.8632865936961 10.807493132073434 58.284291679272428 19.282748475670815 27.287257937248796 17.827494853874672 1.7175626950338472 3.2737538400106132 2154.7685431633145 430.08056933991611
leaf_count=8890 1196842 133528 1665363 233923 217410 415 118 666107 1562 118694 15838 3540 300 3714 1017 641 2344 192484 715 179 9391 48 740 270 2207 139 70 267 23979 3155
internal_value=0.000742635 0.00282256 -0.00421449 0.00199062 -0.0149928 0.00277607 0.135663 0.00724804 0.0512989 0.00501453 0.02479 0.0331781 0.0631455 0.251073 0.435331 0.271689 0.0658963 0.0117078 0.123083 0.314974 0.00380615 0.11945 0.383514 0.700092 -0.00403966 0.290262 0.741017 1.8225 -9.74591e-05 -0.00779745
internal_weight=588151 414312 173839 63640.2 15042.7 8290.22 309.041 48597.5 2332.96 46264.5 9504.95 8513.59 3553.6 220.612 100.412 78.8018 265.18 4959.99 317.941 114.767 4642.05 295.238 88.3745 30.0902 4346.81 50.1061 22.8188 4.99132 36759.6 110199
internal_count=4503890 1330370 3173520 1505002 454210 236800 2877 1050792 10452 1040340 350254 334416 124366 5672 1958 1658 2759 210050 4434 894 205616 10449 1058 318 195167 2683 476 337 690086 1668518
cat_boundaries=0 1 2 3 4 5 6 7
cat_threshold=4 9 14 129 3 1 2
is_linear=0
shrinkage=0.08


Tree=81
num_leaves=31
num_cat=11
split_feature=47 38 36 34 4 37 16 12 36 3 3 3 32 3 23 33 38 34 12 38 32 4 3 1 7 12 12 13 44 38
split_gain=731.918 850.098 946.831 892.047 960.036 882.695 1525.09 1216.26 864.083 840.9 1288.39 852.613 770.621 651.217 783.811 639.975 547.969 586.053 543.05 529.619 497.254 939.18 603.579 1388.43 700.411 1261.39 1194.67 919.53 569.727 768.857
threshold=0 1 2 3 23.500000000000004 4 1.0000000180025095e-35 59.974945068359382 5 585.36999511718761 388.27499389648443 406.06500244140631 -4.0750000476837149 488.73500061035162 -1.0000000180025095e-35 1.0000000180025095e-35 6 7 1210.5750122070315 8 -1.7949999570846555 1.5000000000000002 754.63000488281261 1.0000000180025095e-35 620.72500610351574 1260.049987792969 1679.600036621094 1494.7049560546877 9 10
decision_type=1 1 9 1 8 1 2 2 9 8 10 10 8 10 2 2 1 1 2 1 10 10 10 2 2 2 2 2 9 1
left_child=1 8 16 15 18 6 12 -8 9 10 -1 -12 -6 14 -13 -4 17 -3 -5 -14 -18 22 28 24 25 -24 -27 -28 29 -22
right_child=-2 2 3 4 5 -7 7 -9 -10 -11 11 13 19 -15 -16 -17 20 -19 -20 -21 21 -23 23 -25 -26 26 27 -29 -30 -31
leaf_value=-0.0083896082677915769 0.0026989603231409014 0.046025043964855177 -0.058161459209318193 -0.030796506920583472 0.48384051488311913 0.010289888857237084 0.87497577046886488 0.17948511027200517 -0.017282999002577876 -0.090020459095337083 0.95845982408330399 0.67949224488433546 0.15761218086740508 0.48520494029814765 -0.031420262106230459 0.12735741858768232 0.0062882510181327886 -0.018620517701804583 0.013649897719392767 -0.085643704068580878 0.096597408893032602 0.019437854368813387 0.15422271645544838 -0.011284708184360391 -0.08646857451591404 1.3090444670934205 -0.086803114850833099 0.74237815957809217 -0.012698658700829464 0.0029978164827412783
leaf_weight=112.79920520540327 414177.43064473197 3366.9806194603443 3637.0063943369314 9203.28557077609 24.724034689366817 5324.1215560361743 29.609902488067746 35.250429968349636 29404.197713931208 94.825154311023653 13.637782432138918 12.411805309355257 85.51568103954196 57.262553243897855 49.552625376731157 123.0311554633081 54482.144886506954 1219.7796046100557 2175.1298619504087 133.41174124646932 590.17566354386508 9255.74286010582 76.74504276085645 334.37182534765452 27.611378808971494 13.636897743679581 13.692250568885354 22.833319212310016 44581.657793294173 8788.4067778391764
leaf_count=2032 1330877 16913 48959 106448 73 44409 24 279 1140868 2013 119 93 519 296 573 1130 758408 8412 24211 1904 876 108616 1109 4917 723 74 403 113 847039 52640
internal_value=0.000872449 -0.00349308 -0.000941785 -0.0167338 -0.00892317 0.0180834 0.147465 0.496989 -0.0157997 0.109132 0.190446 0.359253 0.0604741 0.290713 0.110979 -0.051953 0.00173108 0.0288304 -0.0223 0.0126623 0.000677023 -0.00412175 -0.00812661 0.0803631 0.278685 0.358131 0.670097 0.431545 -0.00892835 0.00899405
internal_weight=587467 173290 143545 20771.1 17011 5632.63 308.512 64.8603 29744.7 340.489 245.664 132.865 243.651 119.227 61.9644 3760.04 122774 4586.76 11378.4 218.927 118187 63704.9 54449.1 488.891 154.519 126.908 50.1625 36.5256 53960.2 9378.58
internal_count=4505070 3174193 2028199 227956 177867 47208 2799 303 1145994 5126 3113 1081 2496 962 666 50089 1800243 25325 130659 2423 1774918 1016510 907894 7339 2422 1699 590 516 900555 53516
cat_boundaries=0 1 2 3 4 5 6 7 8 9 10 11
cat_threshold=4 32 193 48 1 2 128 38 208 1 512
is_linear=0
shrinkage=0.08


Tree=82
num_leaves=31
num_cat=11
split_feature=34 1 45 18 41 42 42 13 7 18 11 12 11 4 18 12 48 37 12 27 18 17 18 18 23 34 33 41 34 41
split_gain=407.633 1095.43 484.766 641.871 596.963 509.572 417.769 399.909 429.396 477.202 1096.8 672.556 396.68 376.296 367.338 771.692 365.255 377.411 585.556 706.88 1434.07 1223.43 580.976 487.121 1710.17 391.932 373.267 481.739 354.948 793.629
threshold=0 1.5000000000000002 1 946.04998779296886 2 3 4 212.50001525878909 108.00000762939455 391.02499389648443 3.5000000000000004 281.00001525878912 10.500000000000002 1.0000000180025095e-35 88.099998474121108 50.049999237060554 5 6 92.024993896484389 7.5000000000000009 731.02499389648449 5.5000000000000009 325.22500610351568 348.02499389648443 8.5000000000000018 7 1.0000000180025095e-35 8 9 10
decision_type=1 2 9 2 9 9 9 2 2 2 2 2 2 10 2 2 9 1 2 10 2 2 2 2 2 1 2 9 1 9
left_child=-1 2 3 16 -4 -5 7 -3 9 10 -9 -12 13 -6 15 -10 17 18 22 -20 -21 -22 25 24 -24 -2 -27 -28 29 -19
right_child=1 6 4 5 12 -7 -8 8 14 -11 11 -13 -14 -15 -16 -17 -18 28 19 20 21 -23 23 -25 -26 26 27 -29 -30 -31
leaf_value=0.002974821595820863 -0.044906983679846413 0.018706147169351286 -0.0206834206710548 -0.0071815925653284053 -0.00067724967244479569 0.01386844770887642 0.0037922772666230554 0.077556768938863277 0.0030534579532316614 0.074588093117617535 0.25345467070408262 0.8040893796214631 -0.038093050160071126 -0.079858889855296628 0.035375026060682872 0.54136223212695711 0.06653170376213266 0.032203838126479284 -0.021740640950323496 -0.0011921240539887578 0.8657891524239324 0.18430272143813792 0.059694794762965381 0.038432430615856931 0.85939950095668605 -0.0023908769885159571 0.34553947817348757 -0.0092459991940182767 -0.0027298584960502282 0.00022911270472495185
leaf_weight=294630.29986997484 1411.5198164284229 4560.9905967628583 18397.363334410824 9772.0204385709949 37893.591194019886 29771.315887901699 4977.6480616382323 101.51414751121774 42.225363172590733 469.6229246344883 29.738646062556654 27.163835234940052 1992.4201426792424 388.0481601478532 2337.2191743245348 28.579059280455112 488.03619921114296 6378.0014182440937 18663.348321895115 228.16307113971561 24.354714829009026 54.783031041733921 86.289028071798384 919.36345255794004 21.348600845783949 28031.889031089377 35.243923785164952 61.211098054423928 102028.01960503589 22360.858440870652
leaf_count=2321476 7905 24935 210109 90789 245599 343731 35001 392 133 3219 186 89 35418 2733 16700 112 2435 60003 199020 3187 172 560 628 7400 113 191891 308 402 549493 150220
internal_value=0.000876236 -0.00124435 -0.00228537 -0.00056438 -0.00874684 0.00866821 0.0218529 0.0336371 0.0561782 0.11509 0.235156 0.516314 -0.00329038 -0.00147989 0.0408134 0.220333 -0.00258379 -0.00277086 -0.00871674 -0.0197591 0.100588 0.394031 -0.00186642 0.0572846 0.218306 -0.0039229 -0.00184963 0.155255 -0.00051772 0.00733398
internal_weight=586212 291582 279007 220336 58671.4 39543.3 12574.7 7597.05 3036.06 628.04 158.417 56.9025 40274.1 38281.6 2408.02 70.8044 180792 180304 49537.5 18970.6 307.301 79.1377 30566.9 1027 107.638 29539.9 28128.3 96.455 130767 28738.9
internal_count=4504359 2182883 2102116 1608257 493859 434520 80767 45766 20831 3886 667 275 283750 248332 16945 245 1173737 1171302 411586 202939 3919 732 208647 8141 741 200506 192601 710 759716 210223
cat_boundaries=0 1 2 3 4 5 6 7 8 9 10 11
cat_threshold=28 13 50 18 50 1 65 1 32 33 20
is_linear=0
shrinkage=0.08


Tree=83
num_leaves=31
num_cat=10
split_feature=47 6 16 38 6 34 17 6 6 6 37 11 43 17 37 19 19 17 33 27 38 38 43 12 6 19 23 41 3 3
split_gain=689.644 770.475 792.006 827.211 798.128 886.291 1234.46 1118.32 1222.89 1663.18 852.914 1303.24 1046.69 866.421 785.861 782.954 752.307 984.507 713.337 674.983 670.335 658.676 600.423 585.589 599.858 573.386 657.646 568 608.015 786.608
threshold=0 7863.0000000000009 1.0000000180025095e-35 1 331.19998168945318 2 2.5000000000000004 569.72506713867199 553.00006103515636 348.00003051757818 3 38.500000000000007 4 50.500000000000007 5 1946.0250244140627 2961.5500488281255 37.500000000000007 1.0000000180025095e-35 9.2500000000000018 6 7 8 1000.0000305175782 454.52499389648443 3150.4750976562505 4.5000000000000009 9 729.52001953125011 432.49000549316412
decision_type=1 2 2 1 2 1 2 2 2 2 1 2 9 2 1 2 2 2 2 10 1 1 9 2 2 2 2 9 8 10
left_child=1 2 15 25 -5 14 7 8 9 -7 12 21 16 -13 27 -1 19 20 -17 23 -18 -12 -16 24 -8 -4 -27 -6 29 -29
right_child=-2 -3 3 4 5 6 10 -9 -10 -11 11 13 -14 -15 22 18 17 -19 -20 -21 -22 -23 -24 -25 -26 26 -28 28 -30 -31
leaf_value=-0.0037232568915640117 0.0023244985796608058 -0.041989416011083885 -0.0041599540102925485 0.0021893263290453024 -0.037567324946827622 1.5054567571702315 -0.005891445166786192 -0.092997450505599974 1.5134029845695514 -0.086155230207867889 0.054430641981988492 0.37370490326269939 0.013659734809003947 0.017709870097572369 0.074361065242782035 -0.036489561359198265 0.43334328729651561 -0.089992861593122461 0.087551046257161091 0.67298764897944963 -0.072110131844965994 -0.038348598620909176 -0.066577773375804825 -0.012528343324574143 0.26121203100575252 -0.08176869413407184 0.8134794839209194 0.087381021691713384 -0.095966409288172877 0.20074981587626023
leaf_weight=141149.87234215555 411864.67429521959 3298.7772944329772 4821.6061733509414 7497.6708936728537 175.80198967270553 5.9805822698399451 84.324538039974868 16.444144938606769 8.9028211832046527 14.128166892565785 596.12128907255828 91.383392686024308 1224.6546754082665 83.949147151317447 377.86562483385205 6744.3838501495775 118.77143503772095 36.508882185444236 310.37491686199792 12.340149564668534 23.33740515820682 2567.4846961193252 376.01986242877319 245.32471977453679 148.70606834767386 826.55519583821297 5.2851055343635371 1233.8624627599493 84.674030590802431 573.87963727721944
leaf_count=2448522 1331210 83979 137538 117157 1782 44 1117 289 23 287 4547 504 23447 1137 3052 219287 1215 853 5728 96 308 42459 5481 4209 1754 40883 166 15442 1479 10775
internal_value=0.000544974 -0.00369758 -0.00295216 0.0114909 0.0209856 0.038409 0.0189231 0.434062 0.732806 0.387209 0.0153532 -0.00902202 0.0580661 0.203255 0.0745235 -0.00502321 0.13792 0.280559 -0.0310324 0.0888092 0.375756 -0.0208153 0.00411287 0.0737391 0.164558 -0.0147162 -0.0760807 0.100046 0.11296 0.123371
internal_weight=584620 172755 169456 21251.6 15598.1 8100.47 5278.36 45.4557 29.0116 20.1087 5232.91 3338.94 1893.97 175.333 2822.1 148205 669.313 178.618 7054.76 490.695 142.109 3163.61 753.885 478.355 233.031 5653.45 831.84 2068.22 1892.42 1807.74
internal_count=4504770 3173560 3089581 416044 237457 120300 82289 643 354 331 81646 48647 32999 1641 38011 2673537 9552 2376 225015 7176 1523 47006 8533 7080 2871 178587 41049 29478 27696 26217
cat_boundaries=0 1 2 3 4 5 6 7 8 9 10
cat_threshold=4 34 82 67 40 57 268 16 8 17
is_linear=0
shrinkage=0.08


Tree=84
num_leaves=31
num_cat=11
split_feature=1 34 38 33 5 34 18 42 19 18 38 42 43 7 18 38 19 3 34 4 38 4 39 16 14 19 4 18 4 4
split_gain=415.545 410.042 448.088 367.884 420.231 374.952 321.349 785.656 825.861 414.482 383.884 332.687 308.584 764.827 574.441 540.163 1116.09 452.075 429.288 640.148 479.153 412.679 595.411 545.263 417.638 392.548 515.893 385.725 375.214 2136.19
threshold=2.5000000000000004 0 1 1.5000000000000002 3.5000000000000004 2 4396.7600097656259 3 1237.549987792969 4725.3498535156259 4 5 6 92.00000381469728 3887.174926757813 7 129.02500152587893 781.52499389648449 8 inf 9 12.500000000000002 10 1.0000000180025095e-35 1.5000000000000002 165.0100021362305 20.500000000000004 2432.4299316406255 43.500000000000007 42.500000000000007
decision_type=2 1 1 2 2 1 2 9 2 2 1 9 9 2 2 1 2 10 1 8 1 10 9 2 2 2 10 2 8 8
left_child=3 6 -3 12 -5 -6 10 8 -8 -10 11 -2 13 14 28 16 -16 18 20 -20 -15 -22 23 24 -23 26 -24 -21 29 -1
right_child=1 2 -4 4 5 -7 7 -9 9 -11 -12 -13 -14 17 15 -17 -18 -19 19 27 21 22 25 -25 -26 -27 -28 -29 -30 -31
leaf_value=-0.00029347271084131574 0.085198577000098211 0.017499592751822883 -0.0024294401629997658 -0.031511992808327505 0.15405337296123089 -0.045509070003288112 0.57076566371697601 -0.0089062566473818126 0.4259540366240504 -0.034257607920218335 -0.003269543734799288 0.013158229975104848 0.00063936608402953251 -0.051964799937810835 0.48542334805534637 0.017722977626777187 0.034466493476372692 -0.06518235711568493 -0.020056075682889803 -0.10931851096342511 -0.003495976707524454 -0.018876040345841141 0.34759625420118467 0.43108840980601459 0.41667165180090915 -0.00055176582448243508 -0.048583696888450392 -0.39539289857746668 -0.022443419034154227 1.041618451780961
leaf_weight=63455.059136956232 954.6858473662287 12518.114405493485 17043.813645313494 189.80027175368741 287.30779010127299 75.812369149178267 43.614397268742323 137.92440801952034 18.257123403251171 39.89068700466305 1340.2682258365676 738.62907209247351 435613.56030758121 1256.6933581512421 49.914213111624122 7787.0465765802655 118.54243832547218 1045.2171909362078 15907.974610277452 123.39948659436777 18929.826236492256 58.558685192838311 50.659892198629677 47.230841975659132 18.554288574960083 531.74907101783901 35.972523849457502 39.924189324490726 5197.9144970625639 12.596354821696876
leaf_count=689582 3766 133716 131053 1567 1040 873 134 1111 41 331 7700 3175 2749816 9175 96 91389 439 30180 345880 663 278429 608 127 248 47 4333 268 457 19290 53
internal_value=0.000254071 0.00899698 0.00601265 -0.000267095 0.0649552 0.115378 0.0358216 0.125106 0.280092 0.110239 0.0288852 0.0540361 -0.00033263 -0.0040249 0.000578711 0.0209292 0.158667 -0.0132973 -0.0118316 -0.0216604 -0.00427175 -0.00120024 0.057295 0.21703 0.0859219 0.0251756 0.18309 -0.179249 -0.00177907 -8.66856e-05
internal_weight=583669 32835.2 29561.9 550833 552.92 363.12 3273.27 239.687 101.762 58.1478 3033.58 1693.31 550280 114667 76621.1 7955.5 168.457 38045.8 37000.5 16071.3 20929.2 19672.6 742.725 124.344 77.113 618.381 86.6324 163.324 68665.6 63467.7
internal_count=4505587 281027 264769 4224560 3480 1913 16258 1617 506 372 14641 6941 4221080 1471264 800849 91924 535 670415 640235 347000 293235 284060 5631 903 655 4728 395 1120 708925 689635
cat_boundaries=0 1 2 3 4 5 6 7 8 9 10 11
cat_threshold=2 550 56 18 449 48 35 528 30 65 1
is_linear=0
shrinkage=0.08


Tree=85
num_leaves=31
num_cat=17
split_feature=33 1 38 6 43 21 36 6 41 4 37 7 34 38 43 41 38 36 37 34 34 22 10 13 6 32 34 43 22 38
split_gain=513.899 408.457 384.154 369.541 339.235 332.318 470.759 673.044 317.545 1464.61 1844.01 476.107 419.221 382.954 707.94 994.006 594.902 391.894 383.912 895.292 452.389 431.373 405.042 457.752 374.156 393.489 419.226 382.454 443.548 381.032
threshold=1.5000000000000002 4.5000000000000009 0 275.00001525878912 1 1.0000000180025095e-35 2 20.149963378906254 3 inf 4 34.000007629394538 5 6 7 8 9 10 11 12 13 6.5000000000000009 1.5000000000000002 1070.8750610351565 2426.5749511718755 -4.9249999523162833 14 15 1.0000000180025095e-35 16
decision_type=2 2 1 2 9 2 9 2 9 8 1 2 1 1 9 9 1 9 1 1 1 2 2 2 2 8 1 9 2 1
left_child=1 5 -3 -2 -5 8 7 -7 9 24 11 -11 -12 14 17 16 -16 -10 20 -20 21 22 -15 -24 25 26 27 28 -1 -27
right_child=3 2 -4 4 -6 6 -8 -9 13 10 12 -13 -14 18 15 -17 -18 -19 19 -21 -22 -23 23 -25 -26 29 -28 -29 -30 -31
leaf_value=0.049314477692543567 -0.027267608238731488 0.055158565732886702 -0.0022847842510847144 -0.046581076537168337 0.12893575598806364 0.49031310653443189 0.0091810403774318268 0.060423779658981637 0.17880016066961929 -0.0825211164751396 -0.12912805363564539 0.19892677140003923 -0.32510942246685143 -0.0062501102385674571 -0.02738057333365617 0.0065808837526923217 0.050725028092806088 -0.023106887499430948 0.001594213548693461 -0.014896977970574965 0.0080754918127046126 0.26662362394800365 -0.12526840452531796 0.16169452166731138 -0.014989137861187636 -0.0057117129384166325 0.0014018430032541598 0.022434537517001588 0.25685352993836696 0.00054684005243967255
leaf_weight=199.48694402445108 190.05815314128995 1683.6293451329693 1337.6111561839934 82.880750658921897 443.62149645527825 31.976530136540532 21717.493316643755 85.98226788174361 52.487908320501447 61.195098361000419 191.67530659493059 103.57178249955177 178.08561485540122 24031.6209780192 706.74425139836967 50463.466009381227 5175.4062244351953 5111.0310265952721 78889.538657686207 28735.684415108524 60688.323222610983 37.404627864947543 44.709107477916405 174.15710193570703 12576.414951233892 95948.891219008714 11557.36993683828 6183.1322017014027 98.421407676767558 177270.69114490598
leaf_count=1999 1488 7904 9256 757 1488 75 212564 348 74 189 891 180 1416 232837 1967 158492 6373 15760 567730 278989 582592 105 737 1400 150025 840817 108955 39176 578 1278556
internal_value=0.000645697 0.000562526 0.0299013 0.0683531 0.10287 0.000409782 0.0100916 0.16313 3.12417e-05 -0.00171174 -0.134019 0.0889946 -0.229593 0.00211894 0.007614 0.0102131 0.04131 -0.0207128 0.000363737 -0.00280987 0.00438308 -0.00484271 -0.00526343 0.103075 -0.00147904 -0.000895674 0.0105482 0.026815 0.114052 -0.00165122
internal_weight=584053 583336 3021.24 716.56 526.502 580315 21835.5 117.959 558480 304369 534.528 164.767 369.761 254111 61509.1 56345.6 5882.15 5163.52 192601 107625 84976.2 24287.9 24250.5 218.866 303834 291258 18038.4 6481.04 297.908 273220
internal_count=4503718 4499985 17160 3733 2245 4482825 212987 423 4269838 2422782 2676 369 2307 1847056 182666 166832 8340 15834 1664390 846719 817671 235079 234974 2137 2420106 2270081 150708 41753 2577 2119373
cat_boundaries=0 1 2 3 4 5 6 7 8 9 10 11 12 13 14 15 16 17
cat_threshold=900 40 32 35 6 14 643 34 16 2 32 50 30 18 19 32 674
is_linear=0
shrinkage=0.08


Tree=86
num_leaves=31
num_cat=11
split_feature=1 47 44 37 3 44 46 31 43 18 6 7 6 45 3 47 3 32 45 34 32 20 6 37 19 19 18 18 19 18
split_gain=421.498 439.502 846.752 1492.77 868.326 802.299 1326.2 765.602 746.492 1210.14 5332.81 11159 3807.13 1283.56 841.425 761.172 1241.68 767.752 624.177 1132.21 605.373 596.024 791.642 1096.54 1101.18 1066.59 954.875 1408.14 968.682 691.376
threshold=3.5000000000000004 0 1 2 inf 3 4 1.0000000180025095e-35 5 178.87500000000003 85.099975585937514 1.0000000180025095e-35 165.07492828369143 6 690.44500732421886 7 676.45498657226574 -3.1249999999999996 8 9 13.414999961853029 1.5000000000000002 20.149963378906254 10 97.565002441406264 74.924999237060561 210.02500152587893 118.77499771118165 85.27500152587892 1120.1250000000002
decision_type=2 1 9 1 8 9 1 10 9 2 2 2 2 9 8 1 8 10 9 1 10 2 2 1 2 2 2 2 2 2
left_child=1 -1 20 8 5 6 7 18 9 10 13 -12 14 15 -13 16 -4 -17 -5 -20 -3 22 29 24 25 -24 27 -27 -29 -21
right_child=-2 2 3 4 -6 -7 -8 -9 -10 -11 11 12 -14 -15 -16 17 -18 -19 19 21 -22 -23 23 -25 -26 26 -28 28 -30 -31
leaf_value=0.0027928582565360711 0.017546469785880373 0.0065240497928903008 -0.082758353832558834 -0.0021500409354038735 0.06766443297492665 -0.043712497532509741 0.034438182925219815 0.033433851572550771 -0.048060961972110093 -0.065999186104219981 5.5996990025485456 -0.083337067530267789 3.3929373814543617 -0.078562728935419018 1.319460341073605 0.73337555692864376 1.7275844672962088 -0.085141143723424392 -0.041985108076595952 -0.019834622207715997 0.050863108562550441 -0.086467311501782093 0.09289630617216002 -0.0052846949405464094 0.029465448075579548 0.12482579749169295 0.015484518568556942 1.0573070054225204 0.40297306856868165 0.07469999185261339
leaf_weight=279651.16944696382 9457.2378125819378 41934.938149576541 31.464294770732522 201698.74938639137 1127.0653107874095 3017.421152128838 6160.0945520568639 3601.8101835567504 6275.2111816186225 271.57743663876317 3.3471446181647506 14.272725954651838 2.735553591977804 153.27463251585141 3.3857194553129366 34.696607722900808 2.6272103181108823 9.2998703280463797 7276.0748272602214 12337.702170783654 2067.9275137339719 568.29888168210164 489.25593862682581 5676.6683116103522 2312.7681016908027 42.39062814693898 40.631146599538624 29.090672206133604 28.829679857008159 515.82252088841051
leaf_count=363272 66669 221659 1464 2861678 907 33862 14812 13856 379047 14961 52 707 68 5738 26 248 92 255 229246 137703 10385 13932 5483 84947 36670 369 481 119 165 6504
internal_value=0.000794513 0.000519168 -0.00163092 -0.0034207 -0.00239307 -0.00271704 -0.00220329 -0.00316534 -0.0403608 0.0505698 0.176649 1.31849 0.61584 0.0594795 0.185627 0.301842 0.056753 0.560359 -0.00373597 -0.0146411 0.00860778 -0.00559965 -0.00346206 0.0152954 0.0548238 0.148756 0.342665 0.47519 0.731614 -0.0160409
internal_weight=584836 575379 295727 251725 244923 243796 240778 234618 6801.89 526.681 255.104 23.7411 20.394 231.363 17.6584 78.088 34.0915 43.9965 231016 29317.5 44002.9 22041.5 21473.2 8619.63 2942.97 630.198 140.942 100.311 57.9204 12853.5
internal_count=4505377 4438708 4075436 3843392 3440734 3439827 3405965 3391153 402658 23611 8650 853 801 7797 733 2059 1556 503 3377297 515619 232044 286373 272441 128234 43287 6617 1134 653 284 144207
cat_boundaries=0 1 2 3 4 5 6 7 8 9 10 11
cat_threshold=2 1 16 2 1 4 1 4 13 96 34
is_linear=0
shrinkage=0.08


Tree=87
num_leaves=31
num_cat=12
split_feature=47 44 37 3 38 11 41 44 7 7 3 3 5 6 38 26 2 38 32 38 38 4 37 18 18 18 7 1 37 32
split_gain=675.235 726.907 1685.15 923.987 751.869 1175.21 903.779 698.826 667.321 666.816 910.815 1140.74 1106.87 654.52 616.72 575.544 552.831 881.106 777.823 587.242 555.139 689.389 1038.1 544.435 729.625 531.169 497.451 602.149 521.094 481.992
threshold=0 1 2 9.4849996566772479 3 1.0000000180025095e-35 4 5 1496.1500244140627 982.04998779296886 206.86499786376956 182.4049987792969 2.5000000000000004 11435.425292968752 6 2.5000000000000004 inf 7 -4.4749999046325675 8 9 1.0000000180025095e-35 10 4396.7600097656259 5506.9501953125009 2321.8249511718755 1076.225036621094 1.0000000180025095e-35 11 17.644999504089359
decision_type=1 9 1 10 1 2 9 9 2 2 10 10 2 2 1 8 8 1 10 1 1 8 1 2 2 2 2 2 1 8
left_child=16 -2 -3 14 7 -6 9 8 15 23 11 -11 -13 -8 -4 -5 18 -18 19 -1 21 22 -20 -7 -25 -14 27 -12 -28 -29
right_child=1 2 3 4 5 6 13 -9 -10 10 26 12 25 -15 -16 -17 17 -19 20 -21 -22 -23 -24 24 -26 -27 28 29 -30 -31
leaf_value=0.013814290783966423 0.0063809886126512463 -0.044360267397434365 0.084090243262228276 0.10224441837175791 -0.0091157641307635772 -0.0081330766172494594 0.013090434093996781 -0.072078206854477078 -0.051569448580791884 0.029036621490689977 -0.060176080346931247 0.44044481601470326 0.0054309188445993443 -0.077746303630134905 0.0053448768296972191 -0.009085252442472028 -0.00076825578562141647 0.039886135001515263 -0.069324043465562535 -0.0061188937326447958 0.0062739526744376353 0.0043061608819164625 0.00042781525526160798 0.090974470936270299 0.005656090564414286 0.20774326224698669 0.096673191672594139 0.19253094880944752 -0.017709647022024107 -0.042174956653976102
leaf_weight=10576.067225622945 44579.016141722444 6664.5553481110837 1249.9962181067094 298.53109386353754 72604.412688741926 45600.658362115268 47918.392056372017 1183.496636051219 2394.7621704225894 825.61950454302132 134.75302165560424 89.246979972347617 141.56486004870385 513.103754715994 1302.2577168065473 66249.912013481196 7369.4490261357278 6349.560691089835 2577.8137628361583 88902.813260408118 155156.27433702815 8011.6492683086544 2900.6779038757086 798.60633975686505 3260.8084605713375 200.95413838885725 271.01623668987304 254.3466222230345 2742.1081713726744 71.807295960374177
leaf_count=12077 236116 405750 5330 2714 623640 479122 436505 21518 102848 5944 1592 297 1240 6006 6372 1726773 12325 8685 5592 122431 191959 10551 3862 7204 32310 886 2582 2024 31390 778
internal_value=-0.000397433 -0.00304332 -0.00469236 -0.00362488 -0.00412275 -0.00132346 0.00417864 -0.0111236 -0.0100789 -0.00289919 0.0257972 0.0841407 0.18951 0.0121256 0.0442618 -0.00858584 0.0024128 0.0180763 0.00161135 -0.00399893 0.00492067 -0.0106409 -0.0325185 -0.00563385 0.0224407 0.124127 0.00468047 0.0820821 -0.00715939 0.140857
internal_weight=581194 299350 254771 248106 245554 175427 102823 70126.7 68943.2 54391.5 4731.42 1257.39 431.766 48431.5 2552.25 66548.4 281844 13719 268125 99478.9 168646 13490.1 5478.49 49660.1 4059.41 342.519 3474.03 460.907 3013.12 326.154
internal_count=4506423 4138941 3902825 3497075 3485373 1631520 1007880 1853853 1832335 565369 46733 8367 2423 442511 11702 1729487 367482 21010 346472 134508 211964 20005 9454 518636 39514 2126 38366 4394 33972 2802
cat_boundaries=0 1 2 3 4 5 6 7 8 9 10 11 12
cat_threshold=2 1 16 44 7 2 596 643 1 641 41 72
is_linear=0
shrinkage=0.08


Tree=88
num_leaves=31
num_cat=13
split_feature=47 46 12 17 38 41 42 11 45 42 19 17 6 46 45 32 42 14 32 18 1 41 32 17 16 7 45 35 19 12
split_gain=593.084 750.707 679.297 1128.05 1287.78 1040.73 712.359 716.436 629.796 580.17 587.38 578.319 574.567 573.995 1138.29 677.407 563.94 831.51 927.789 595.973 1736.36 546.17 565.74 529.242 529.181 629.905 556.375 683.342 658.573 694.035
threshold=0 1 1.0000000180025095e-35 4.5000000000000009 2 3 4 9.5000000000000018 5 6 3597.1350097656255 12.500000000000002 323.52502441406256 7 8 -1.0249999761581419 9 2.5000000000000004 15.135000228881838 154.25000762939456 2.5000000000000004 10 -1.5950000286102293 14.500000000000002 2.5000000000000004 9.2000002861022967 11 12 1728.8750000000002 676.47500610351574
decision_type=1 1 2 2 1 9 9 2 9 9 2 2 2 1 9 10 9 2 10 2 2 9 8 2 2 2 9 1 2 2
left_child=13 2 5 -4 24 8 -6 16 -2 11 12 -9 -11 -1 -15 21 17 19 -19 20 -8 -16 -23 -12 26 -26 27 -5 29 -29
right_child=1 -3 3 4 6 -7 7 9 -10 10 23 -13 -14 14 15 -17 -18 18 -20 -21 -22 22 -24 -25 25 -27 -28 28 -30 -31
leaf_value=0.0033970527053134194 -0.013967161665131875 0.015551327139384544 0.0076267772209110728 0.007680965320129597 0.019916238856006734 -0.0024902661736458005 -0.10011514247913056 0.047466308481453126 -0.041586818710266996 -0.0077741992645245063 0.074816992099385693 -0.036125061404132935 0.039794849928244946 0.010435004026933028 -0.010577056820296034 0.018035613005812936 -0.0021730665648393922 0.087751291537393319 0.74524298882494566 -0.034148917291273943 0.79542315834395516 -0.14950429698196124 -0.05669941814708105 -0.059675780024710988 0.34921614955065949 0.03110857008187955 -0.032731412484718538 -0.027006159447207263 -0.043509108752214913 0.0042067691578638279
leaf_weight=270659.8737198473 36011.219318419462 14098.209581888281 70608.000390678644 8539.1397310150205 12209.783679026878 79627.054347884434 39.011100999079645 676.71566532878205 6193.7421759546269 2132.4553660778329 235.32055750396103 2438.0747012202628 6829.8670239835046 5763.4738663155586 1414.9497109083459 1061.7898573707789 14750.147934726439 70.394318671897054 17.065533610992134 7326.0809077094309 21.489234616979957 492.93536651972681 2856.6039917990565 916.80157380062155 41.911092323483899 805.75600348203443 10762.454901411198 9186.472985337954 5318.4138140513096 9051.4749256353825
leaf_count=348577 474780 41134 1016895 330370 145654 770892 486 5010 89004 24123 1629 24686 59547 7309 2248 1215 160465 450 56 75716 38 1645 6241 12410 184 18620 306087 216243 163949 196859
internal_value=2.2672e-05 -0.00246706 -0.00336212 3.22665e-05 -0.00583662 -0.00787499 0.00325882 -0.00248182 -0.0180293 0.0122574 0.021543 -0.0179066 0.0284765 0.00265051 -0.0147837 -0.0396803 -0.0112567 -0.0291414 0.216044 -0.0320839 0.217973 -0.0526259 -0.0701476 -0.0322057 -0.0157528 0.0468367 -0.0169944 -0.0117035 -0.0187307 -0.0115152
internal_weight=580157 297907 283809 161977 91368.8 121832 47663.2 35453.4 42205 13229.2 10114.4 3114.79 8962.32 282250 11589.8 5826.28 22224.2 7474.04 87.4599 7386.58 60.5003 4764.49 3349.54 1152.12 43705.6 847.667 42858 32095.5 23556.4 18237.9
internal_count=4502522 4135287 4094153 2759477 1742582 1334676 510270 364616 563784 127405 97709 29696 83670 367235 18658 11349 237211 76746 506 76240 524 10134 7886 14039 1232312 18804 1213508 907421 577051 413102
cat_boundaries=0 1 2 3 4 5 6 7 8 9 10 11 12 13
cat_threshold=2 1 424 34 8 13 3 1 5 16 36 7 17
is_linear=0
shrinkage=0.08


Tree=89
num_leaves=31
num_cat=7
split_feature=1 33 13 41 47 8 10 0 41 14 19 40 22 8 35 6 7 24 39 21 40 19 6 17 6 5 6 19 4 19
split_gain=397.854 401.067 487.981 660.492 433.155 642.99 572.854 544.468 783.166 696.809 744.041 689.524 628.215 657.937 720.109 1010.27 1539.81 666.923 654.087 622.184 610.349 573.891 575.902 550.812 933.687 526.796 722.971 1080.13 1132.62 1303.88
threshold=2.5000000000000004 1.0000000180025095e-35 1377.0250244140627 0 1 1.5000000000000002 1.0000000180025095e-35 1.5000000000000002 2 2.5000000000000004 1058.4599609375002 3 2.5000000000000004 1.0000000180025095e-35 4 1911.1999511718752 2020.8498535156252 7.5000000000000009 5 3.5000000000000004 6 37.004999160766609 3732.2998046875005 4.5000000000000009 4159.9497070312509 5.5000000000000009 400.00003051757818 299.97500610351568 4.5000000000000009 143.02500152587893
decision_type=2 2 2 9 1 2 2 2 9 2 2 1 2 2 1 2 2 2 9 2 1 2 2 2 2 2 2 2 8 2
left_child=1 4 3 -3 5 6 7 9 11 25 -11 -9 13 18 15 16 -15 -16 20 -20 -10 22 -17 24 -24 -1 -27 28 29 -28
right_child=-2 2 -4 -5 -6 -7 -8 8 12 10 -12 -13 -14 14 17 21 -18 -19 19 -21 -22 -23 23 -25 -26 26 27 -29 -30 -31
leaf_value=-0.0026361755309136682 0.0090264310383068678 -0.023452820987818326 0.066577321522459612 0.036568607174233672 0.0011295345063328925 -0.040790984573687641 0.013909835024036629 -0.01563237886936307 0.10219564332432043 0.18100296191693524 -0.041487007166808629 -0.055812244211650645 0.16452530198606666 0.25965068970582672 -0.025111536135129967 -0.084871517764755891 1.6135387404571211 0.50107847593874921 -0.015655732548382841 0.33362375804114963 0.0078065525804077432 0.0094507092908011833 1.2308335419401613 0.22421799789128632 -0.084236202171935934 -0.027485977815232921 0.04838001500240828 0.024958506585292226 -0.061098850253881024 0.3396848616776037
leaf_weight=79391.512585555727 32698.701795423869 2153.6312762061134 1185.2975247653667 2555.9136970485561 389339.28792884154 2965.9419401255436 11585.545562581508 25554.897223569278 452.17791726673022 271.33358394959942 149.03209410374984 3056.8975227950141 146.85606629354879 136.03266657656059 462.2938009861391 19.735229437472299 5.5975171155296257 15.947762500727547 14163.958662843914 32.715583975659683 8665.0878626087215 278.51238714158535 10.838776709977536 28.552066671429202 5.0722668892703942 1199.4729591710493 171.55884527787566 2734.6841162405908 124.13343006139621 230.41215997328982
leaf_count=1192455 281209 24166 13116 19386 1295091 93713 214763 678464 2921 3489 3144 40790 3465 5183 13458 1076 78 72 379291 66 140982 19288 85 661 305 25684 3453 45113 1452 2876
internal_value=0.000454448 -5.78831e-05 0.0206965 0.00914921 -0.000283944 -0.00390786 -0.00317314 -0.00461455 -0.0109648 -0.000618147 0.102124 -0.0199432 -0.000438266 -0.00143636 0.063379 0.13073 0.313159 -0.00740991 -0.00411245 -0.0148508 0.0126085 0.0591535 0.27478 0.434413 0.811604 -0.00113321 0.0256191 0.0451537 0.150128 0.215358
internal_weight=579792 547093 5894.84 4709.54 541198 151859 148893 137307 53035.2 84272.1 420.366 28611.8 24423.4 24276.5 962.582 484.341 141.63 478.242 23313.9 14196.7 9117.27 342.711 64.1983 44.4631 15.911 83851.8 4460.26 3260.79 526.104 401.971
internal_count=4505295 4224086 56668 43552 4167418 2872327 2778614 2563851 1286185 1277666 6633 719254 566931 563466 40206 26676 5261 13530 523260 379357 143903 21415 2127 1051 390 1271033 78578 52894 7781 6329
cat_boundaries=0 1 2 3 4 5 6 7
cat_threshold=50 4 35 2 17 1 8
is_linear=0
shrinkage=0.08


Tree=90
num_leaves=31
num_cat=8
split_feature=36 1 38 21 45 34 18 18 36 26 43 42 18 18 27 4 4 18 18 6 11 13 32 7 33 3 38 4 2 11
split_gain=509.41 391.168 390.498 381.5 478.255 461.077 500.696 607.814 424.171 433.593 437.326 638.18 478.689 473.655 503.026 413.539 678.276 369.425 468.568 348.704 657.484 347.141 332.197 329.292 327.859 581.505 412.69 419.163 386.312 385.496
threshold=0 3.5000000000000004 1 1.0000000180025095e-35 2 3 42.20000076293946 32.425001144409187 4 7.5000000000000009 5 6 25250.820312500004 1425.1899414062502 7.5000000000000009 1.0000000180025095e-35 4.5000000000000009 1196.2650146484377 2544.650024414063 3732.2998046875005 8.5000000000000018 1070.8750610351565 14.25500011444092 806.02502441406261 1.0000000180025095e-35 217.59500122070315 7 22.500000000000004 1.0000000180025095e-35 4.5000000000000009
decision_type=9 2 1 2 9 1 2 2 9 10 9 9 2 2 8 10 10 2 2 2 2 2 10 2 2 8 1 8 8 2
left_child=24 3 21 -2 8 15 7 -7 17 -10 11 13 -13 -11 -15 19 -17 -5 -19 -6 -21 23 -22 -3 -1 26 27 28 -26 -27
right_child=1 2 -4 4 5 6 -8 -9 9 10 -12 12 -14 14 -16 16 -18 18 -20 20 22 -23 -24 -25 25 29 -28 -29 -30 -31
leaf_value=-0.0042712169324595579 0.0010984256780086307 0.046959349297658125 0.0049040927590917145 -0.0038686300830699754 -0.0058719562754531466 -0.056667379202206901 -0.041673712864258798 0.51060419812748226 0.015281009487294155 0.54802943226124878 -0.0056710242624890793 0.029110848216810249 0.37283223336036858 0.50645127802273882 -0.087000642935728817 0.4600850301376046 -0.11337614088569538 0.2882417292387231 -0.036374302199162434 0.5160410959210141 -0.0090297890446285906 -0.038023701360337961 0.24924889044719883 0.28201546461934274 0.28218432210040806 0.042821487517744512 -0.0048220462579845139 0.059721159388988004 0.0080882592416714385 -0.085882469857608806
leaf_weight=125160.41607759288 428365.76578870625 2814.1764592016116 4738.0681264693849 84.255272249691188 782.21418630843982 24.909982829354703 2082.4154988203663 23.485508498270065 12486.897485675989 44.4898413089104 198.66316173505038 200.44163461076096 29.784229945158586 15.755588673055172 21.774053683737293 34.595079533755779 21.344307630555704 111.66161540988833 38.192379006184638 23.030473126797006 120.14319779025391 317.61300042783841 43.378505198401399 38.667429943569005 157.61225174739957 318.25647610425949 191.64619867969304 193.89926729351282 41.59341112524271 279.96175924642012
leaf_count=591222 3660504 13149 42986 387 9506 206 30294 22 136754 166 3955 1127 116 5 499 96 237 167 242 79 1388 2866 215 204 389 2317 1163 720 245 3987
internal_value=0.000616625 0.00187026 0.0195061 0.0015567 0.013536 -0.0144325 -0.0355948 0.21862 0.0202014 0.0182226 0.0904722 0.147113 0.0705151 0.331091 0.162141 0.0294919 0.241274 0.124823 0.205509 0.0175674 0.115849 0.0411827 0.0594855 0.0501453 -0.00387471 0.0380433 0.0947748 0.139894 0.224954 -0.017411
internal_weight=579005 452662 7908.53 444753 16387.4 3155.52 2130.81 48.3955 13231.9 12997.8 510.909 312.245 230.226 82.0195 37.5296 1024.71 55.9394 234.109 149.854 968.766 186.552 3170.46 163.522 2852.84 126343 1182.97 584.751 393.105 199.206 598.218
internal_count=4505213 3905170 59205 3845965 185461 42043 30522 228 143418 142622 5868 1913 1243 670 504 11521 333 796 409 11188 1682 16219 1603 13353 600043 8821 2517 1354 634 6304
cat_boundaries=0 1 2 3 4 5 6 7 8
cat_threshold=74 832 7 35 33 12 8 598
is_linear=0
shrinkage=0.08


Tree=91
num_leaves=31
num_cat=10
split_feature=47 18 38 45 12 18 42 1 42 13 10 7 27 45 41 38 19 18 18 12 45 3 43 19 18 7 10 1 8 7
split_gain=850.471 596.811 516.423 673.755 501.502 647.982 493.328 442.865 438.591 573.539 765.87 1057.75 506.025 499.141 650.619 578.005 762.185 530.013 511.494 779.636 798.434 755.863 682.379 1153.75 2280.51 6025.93 997.279 768.174 846.103 882.526
threshold=0 946.04998779296886 1 2 871.02502441406261 160.09999847412112 3 1.5000000000000002 4 267.92500305175787 1.0000000180025095e-35 9.2000002861022967 5.5000000000000009 5 6 7 3150.4750976562505 5506.9501953125009 402.07499694824224 439.29998779296881 8 56.079999923706062 9 1319.924987792969 1425.1899414062502 641.10009765625011 2.5000000000000004 3.5000000000000004 1.5000000000000002 1855.124938964844
decision_type=1 2 1 9 2 2 9 2 9 2 2 2 8 9 9 1 2 2 2 2 9 10 9 2 2 2 2 2 2 2
left_child=2 -2 3 4 5 -1 7 -3 9 -4 -11 -12 -10 14 15 16 -13 -18 -16 21 22 -20 23 -21 25 -25 -27 28 -26 -30
right_child=1 6 8 -5 -6 -7 -8 -9 12 10 11 13 -14 -15 18 -17 17 -19 19 20 -22 -23 -24 24 27 26 -28 -29 29 -31
leaf_value=0.010431853017493296 0.0002354122701585491 -0.0072165251419577334 0.0036444847441442379 -0.061655460685404048 -0.063745856083633076 0.06106743274971109 0.012564840128781537 0.015136233845128402 0.088999937589570935 -0.018271892922675403 0.81917840044468038 0.012007171170518844 -0.0104354337644366 -0.032380725239169419 -0.035709367884705745 -0.026279390501329925 0.37085017786346286 -0.085117832153280337 0.70969351106829981 -0.00531932451346122 -0.008875806525453965 0.16631696882707267 0.062907173874615127 3.3847847296714599 0.031083339060623109 -0.084239693766429619 0.91651508165553697 1.421767667819368 1.0056651218096608 -0.083644854917834244
leaf_weight=7380.1084875930683 330114.36401671357 19460.320815882878 47338.192663345719 729.43205604329705 462.99588540382683 2071.4343656525016 51758.010770454071 8006.6275011138059 328.81176203489304 20658.95202102483 10.439627968939019 240.26645566988736 84980.815408521914 1209.1293507098453 355.91777102323249 1751.1584530780092 78.310929570347071 20.609126561321318 17.820373530499637 80.311673236079514 816.07755067152902 203.2752161223907 880.33037118567154 5.4824328105896738 76.459098316263407 11.643303053453565 14.079222640953958 3.1563694276846936 13.077291639987381 7.484094181796535
leaf_count=39055 1059939 84883 954355 7417 2692 9319 175008 11496 1725 620530 184 5656 1401136 31661 6881 49628 634 654 73 2325 16942 3072 14813 106 3037 562 26 93 512 544
internal_value=-0.000242395 0.00173187 -0.00500331 0.0120501 0.0175294 0.0215293 0.00796733 -0.000700431 -0.00614456 -0.00162767 -0.0110626 0.0146383 -0.010051 0.0131864 0.0252437 -0.00767009 0.0864075 0.275853 0.0528488 0.0679004 0.051422 0.210113 0.095688 0.223021 0.379576 0.976763 0.463523 0.193554 0.153596 0.60917
internal_weight=579085 409339 169746 10644 9914.54 9451.54 79225 27466.9 159102 73792.2 26454 5795.03 85309.6 5784.59 4575.46 2090.34 339.187 98.9201 2485.11 2129.2 1908.1 221.096 1092.02 211.693 131.382 31.205 25.7225 100.177 97.0205 20.5614
internal_count=4504958 1331326 3173632 58483 51066 48374 271387 96379 3115149 1712288 757933 137403 1402861 137219 105558 56572 6944 1288 48986 42105 38960 3145 22018 7205 4880 694 588 4186 4093 1056
cat_boundaries=0 1 2 3 4 5 6 7 8 9 10
cat_threshold=4 129 13 17 11 7 22 4 6 1
is_linear=0
shrinkage=0.08


Tree=92
num_leaves=31
num_cat=10
split_feature=33 38 2 17 38 6 3 3 3 12 36 3 37 38 37 25 4 38 45 12 19 10 0 20 12 19 12 6 38 47
split_gain=367.895 501.38 410.65 354.651 745.727 682.925 422.446 347.898 420.036 343.185 311.71 588.706 507.743 420.348 408.554 268.777 256.035 291.62 248.43 332.252 416.428 365.053 292.18 276.781 485.744 774.588 285.964 259.469 247.762 240.661
threshold=1.0000000180025095e-35 0 2.5000000000000004 26.500000000000004 1 1911.1999511718752 754.63000488281261 302.81500244140631 665.52999877929699 13330.554687500002 2 278.34500122070318 3 4 5 inf 27.500000000000004 6 7 214.25000762939456 3597.1350097656255 1.0000000180025095e-35 1.5000000000000002 1.0000000180025095e-35 1985.8150024414065 1560.4749755859377 20424.821289062504 1777.674987792969 8 9
decision_type=2 1 8 2 1 2 10 10 10 2 9 8 1 1 1 8 8 1 9 2 2 2 2 2 2 2 2 2 1 1
left_child=29 -2 3 10 5 9 7 -7 -9 -5 11 12 -3 -14 16 -6 17 -13 19 20 21 22 -12 28 25 -25 -26 -20 -21 -1
right_child=1 2 -4 4 15 6 -8 8 -10 -11 18 14 13 -15 -16 -17 -18 -19 27 23 -22 -23 -24 24 26 -27 -28 -29 -30 -31
leaf_value=0.0018301463748987624 -0.013264621559649938 0.40864080114047968 -0.065869986035235237 -0.093818598172527981 0.12792534209214615 0.35944822174863561 0.63772425791901621 -0.098550404539570563 0.2762329172919874 0.24966568818145754 0.074029592856179036 0.1441143067043853 0.13425830365867258 -0.049651657568771775 -0.10378064289256425 -0.058231506254711719 0.33116022364865372 -0.07980051527673665 -0.097992972473932571 0.028192902981329121 0.45753055823029698 0.26396275586016632 -0.036612185783987311 0.029430581475143228 -0.021933646173316911 0.39994842049186247 0.1067689737571355 0.070705316823298156 -0.059026121987123606 -0.0014532206483782615
leaf_weight=280308.82365977205 2050.6901252972893 29.875862549059093 245.32285471446812 59.496175466105342 70.343959229532629 82.408617231063545 19.576652142219245 32.104695042595267 47.387113282456994 27.094031228683889 598.10556169599295 66.226699331775308 410.92127198167145 97.009411386214197 150.29225148819387 168.63288321741857 22.378743231296539 64.723405255936086 212.20330421905965 335.8112212754786 17.124876715242863 52.268774595111609 205.14822296611965 96.912895086221397 464.71967464219779 57.556247850880027 144.95049009099603 80.480567930266261 525.36041335668415 291394.21471554029
leaf_count=367834 28721 191 1927 1099 211 98 111 632 99 129 2964 296 987 989 1522 1536 160 1523 2653 2440 42 238 1830 730 3999 270 335 431 5611 4078149
internal_value=0.000370737 0.0193921 0.0346177 0.0406571 0.103332 0.191373 0.286714 0.244271 0.124868 0.0136575 0.0319077 0.0743363 0.125498 0.098853 -0.0138393 -0.00329738 0.0761246 0.0383535 0.018781 0.0269952 0.0669214 0.0591026 0.0457721 0.00572452 0.0407713 0.167488 0.0086657 -0.0499003 -0.0253734 0.00015663
internal_weight=578138 6435.13 4384.44 4139.11 507.044 268.067 181.477 161.9 79.4918 86.5902 3632.07 841.428 537.807 507.931 303.621 238.977 153.329 130.95 2790.64 2497.96 872.647 855.523 803.254 1625.31 764.139 154.469 609.67 292.684 861.172 571703
internal_count=4507757 61774 33053 31126 3915 2168 940 829 731 1228 27211 5668 2167 1976 3501 1747 1979 1819 21543 18459 5074 5032 4794 13385 5334 1000 4334 3084 8051 4445983
cat_boundaries=0 1 2 3 4 5 6 7 8 9 10
cat_threshold=161 260 106 65 592 34 532 13 522 2
is_linear=0
shrinkage=0.08


Tree=93
num_leaves=31
num_cat=15
split_feature=42 41 27 47 34 4 47 38 32 4 47 18 12 23 38 37 37 34 45 3 18 44 47 34 1 4 3 32 17 19
split_gain=368.16 485.081 475.882 450.452 744.888 407.155 506.51 482.042 423.359 412.301 494.215 400.327 457.301 393.381 385.981 823.479 628.524 423.329 401.524 840.153 438.188 387.68 521.938 536.367 576.232 530.839 1057.14 610.973 519.76 503.17
threshold=0 1 5.5000000000000009 2 3 62.500000000000007 4 5 86.125000000000014 64.500000000000014 6 1120.1250000000002 375.00001525878912 3.5000000000000004 7 8 9 10 11 585.36999511718761 7222.8249511718759 12 13 14 3.5000000000000004 2.5000000000000004 326.02499389648443 31.404999732971195 9.5000000000000018 633.10000610351574
decision_type=9 9 8 1 1 10 1 1 10 10 1 2 2 2 1 1 1 1 9 8 2 9 1 1 2 8 8 10 2 2
left_child=1 3 -2 -1 13 14 7 11 -9 10 -8 12 -7 -5 18 -16 21 -18 19 -3 -20 -17 -23 29 -25 26 28 -28 -26 -24
right_child=2 5 -4 4 -6 6 9 8 -10 -11 -12 -13 -14 -15 15 16 17 -19 20 -21 -22 22 23 24 25 -27 27 -29 -30 -31
leaf_value=-0.0052241384249922416 0.076688115060218442 0.0057216661913551481 0.0017809247494282746 -0.0071999775085731443 -0.094772481698625718 0.16190963690385363 0.2642128104552382 -0.012517072737328721 0.23772838648422551 -0.01411352914113043 -0.035645300688539598 -0.10119992890162254 0.43542370458356416 0.23259756424358077 0.16918785387831414 0.014920280699260576 -0.079216560748197037 -0.011925401479539986 -0.0049505621344129464 -0.027593237189751766 0.027274598529402588 0.0039697992889862078 0.00025504267215526415 -0.019016264501424636 0.25422389626477121 -0.034476508932742997 0.035627303415529561 0.98544582213637233 0.7288782523641093 0.065116429699847947
leaf_weight=1467.8223450500518 543.83877723990008 89083.517848374788 281622.70508387644 123.02748487330973 1102.6013764757663 143.3218360170722 80.100744704017416 240.66286204569042 52.750514142215252 871.54271311219782 62.723453119397163 25.344226021319628 53.810660038143396 67.973013129085302 162.34652001969516 8684.3895036475733 596.60556452628225 48094.456856689125 76574.676554322476 5123.256031062454 2799.2577723709401 31224.930963216349 5820.2778996424749 21281.64826685586 40.290046262554824 179.96053723618388 204.85764357447624 4.4280028920620671 23.305335506796837 881.37399943359196
leaf_count=2190 2073 595474 1854747 507 7666 631 715 1565 55 6089 111 211 114 48 323 44948 3769 655722 584563 50121 22148 39795 42539 574298 192 2509 5749 133 128 6275
internal_value=-0.000140791 -0.00211645 0.00192523 -0.0354285 -0.0699747 -0.00180055 0.0393568 0.103896 0.0314024 0.00653344 0.132525 0.189571 0.23657 0.0742514 -0.00201721 -0.00556411 -0.00582095 -0.012766 0.0003779 0.00390948 -0.00381361 -0.000871968 -0.00317087 -0.0110118 -0.0171083 0.0721822 0.142522 0.0557233 0.428167 0.00877226
internal_weight=577238 295071 282167 2761.42 1293.6 292310 1530.26 515.89 293.413 1014.37 142.824 222.477 197.132 191 290780 117199 117037 48691.1 173581 94206.8 79373.9 68345.5 59661.1 28436.1 21734.5 452.842 272.881 209.286 63.5954 6701.65
internal_count=4505408 2648588 1856820 10411 8221 2638177 9491 2576 1620 6915 826 956 745 555 2628686 1376380 1376057 659491 1252306 645595 606711 716566 671618 631823 583009 8711 6202 5882 320 48814
cat_boundaries=0 1 2 3 4 5 6 7 8 9 10 11 12 13 14 15
cat_threshold=40 16 2 32 1 92 4 838 2 52 1 44 1 2 2
is_linear=0
shrinkage=0.08


Tree=94
num_leaves=31
num_cat=12
split_feature=47 2 32 31 4 34 42 34 32 42 43 42 13 19 44 36 13 4 42 19 18 19 43 33 36 1 2 2 32 32
split_gain=434.756 875.11 674.867 650.678 568.879 774.66 751.1 602.269 637.995 565.335 561.085 536.062 500.79 761.082 571.417 641.273 495.364 470.679 784.749 988.092 560.03 1261.45 470.481 469.055 463.049 581.56 443.901 436.026 567.767 558.688
threshold=0 inf -2.8950001001358028 1.0000000180025095e-35 1.5000000000000002 1 2 3 -1.8849999904632566 4 5 6 100.00000762939455 2811.2500000000005 7 8 1494.7049560546877 2.5000000000000004 9 157.52500152587893 1007.9649658203126 888.02499389648449 10 1.0000000180025095e-35 11 4.5000000000000009 1.5000000000000002 inf -2.2849999666213985 -6.5150001049041739
decision_type=1 8 8 10 8 1 9 1 10 9 9 9 2 2 9 9 2 8 9 2 2 2 9 2 9 2 10 8 10 8
left_child=27 2 22 4 7 6 16 26 11 -3 -11 -9 14 17 15 -7 -6 18 19 -14 21 -21 -2 -19 25 -10 -4 28 -1 -29
right_child=1 9 3 -5 5 12 -8 8 24 10 -12 -13 13 -15 -16 -17 -18 23 -20 20 -22 -23 -24 -25 -26 -27 -28 29 -30 -31
leaf_value=-0.0023285696752128873 -0.0023926333864920878 -0.047653737663016768 -0.015378948525775789 0.020622845905999276 0.029149857992183149 0.10702880477571039 0.0026502652376969786 0.012705319066922348 -0.035940877082957019 0.034113748907546537 -0.026720857581907946 -0.0058018194582105925 0.59937500340555794 -0.050407898069594802 -0.016089666563139926 0.0021112397827532186 -0.047662893392660423 0.0032297461519950246 0.021680253096966577 0.031293221874498747 -0.094771746881059479 0.58325170452361019 0.016267244679541437 0.073554237156931809 -0.0074748129954317205 0.28963332068325615 -0.059997339273026029 0.051076046601307122 0.0050698850582559666 0.0088061940938287606
leaf_weight=121542.50697732996 14194.64738147147 4281.0744138220325 24581.866615427542 7437.8241419349797 11204.647674175678 379.06514801830053 43157.015812806785 20119.450644593919 4731.1457419842482 1436.0168002927676 2941.6656979909167 19930.310350326821 34.511744080111384 1543.5256209680811 30877.290704431944 8976.299748330377 564.39126427809242 20337.895745760878 667.84807870676741 75.387547045946121 50.043257941957563 40.863213092088699 22125.962886974565 625.67592182150111 54781.204194315593 35.376100308261812 1514.9965342847863 2441.152090231888 146281.41052286699 11103.61283664871
leaf_count=162246 290920 27478 686640 26183 84488 756 424012 306711 49676 3274 13663 236053 169 21680 335864 49230 5676 226670 6153 888 811 150 344601 3392 951808 119 40168 3917 183963 17299
internal_value=0.000167767 -0.00196902 -0.00121559 -0.00268681 -0.00339669 0.000579227 0.00753817 -0.00714612 -0.0043098 -0.0270279 -0.00673294 0.00349717 -0.00543017 0.00388149 -0.0108417 0.006479 0.0254446 0.00771972 0.0654246 0.199878 0.128988 0.225312 0.0089785 0.00532864 -0.00956123 -0.0334543 -0.0179623 0.00242058 0.00171236 0.0164244
internal_weight=578015 296646 287987 251667 244229 118534 54926.1 125694 99597.5 8658.76 4377.68 40049.8 63608.4 23375.8 40232.7 9355.36 11769 21832.2 868.654 200.806 166.294 116.251 36320.6 20963.6 59547.7 4766.52 26096.9 281369 267824 13544.8
internal_count=4504658 4137233 4092818 3457297 3431114 1159939 514176 2271175 1544367 44415 16937 542764 645763 259913 385850 49986 90164 238233 8171 2018 1849 1038 635521 230062 1001603 49795 726808 367425 346209 21216
cat_boundaries=0 1 2 3 4 5 6 7 8 9 10 11 12
cat_threshold=2 83 17 80 56 5 11 1 26 8 36 18
is_linear=0
shrinkage=0.08


Tree=95
num_leaves=31
num_cat=14
split_feature=36 38 45 23 44 3 12 32 47 3 41 34 34 17 42 45 13 3 37 1 3 3 9 37 20 13 45 23 32 34
split_gain=315.123 425.812 938.181 420.334 409.979 659.928 446.513 414.363 508.107 682.712 795.503 704.359 539.713 770.2 783.552 1120.89 695.372 1403.92 521.535 695.401 904.057 1067.52 507.542 464.449 1738.42 1291.2 700.279 575.379 508.703 522.423
threshold=0 1 2 1.0000000180025095e-35 3 585.36999511718761 574.59497070312511 -7.7550001144409171 4 158.09000396728518 5 6 7 7.5000000000000009 8 9 348.02496337890631 194.46500396728518 10 1.0000000180025095e-35 595.50500488281261 676.45498657226574 1.0000000180025095e-35 11 1.0000000180025095e-35 1231.4500122070315 12 2.5000000000000004 -1.5950000286102293 13
decision_type=9 1 9 2 9 8 2 8 1 10 9 1 1 2 9 9 2 10 1 2 10 10 2 1 2 2 9 2 8 1
left_child=3 2 -2 -1 5 -3 7 -6 -9 10 11 -10 13 14 15 16 18 -18 -11 20 -20 -22 -16 24 25 26 28 -25 -12 -30
right_child=1 4 -4 -5 6 -7 -8 8 9 12 23 -13 -14 -15 22 -17 17 -19 19 -21 21 -23 -24 27 -26 -27 -28 -29 29 -31
leaf_value=-0.00070805738528748497 0.019338383313703682 0.024846662164045425 -0.10306120302260752 0.004653361998561395 0.022352448128371585 -0.038494761195672078 0.0025014837435259878 -0.0039510858074082748 0.29343378627557032 -0.010830053452213797 0.2923231017869003 0.048223564897988132 -0.031651685077346683 -0.085689599989781859 -0.024724441279698754 -0.020474386950423678 0.51568897329289587 0.08490316354209769 0.11853115759779108 -0.0083744579635812687 0.6527323894383732 -0.08770203053761122 0.37855182921297437 -0.0051346388117369333 0.91729890781365475 0.55099010847877283 -0.041897965071583741 -0.051926972131998976 0.11896556399020193 -0.026805146007699083
leaf_weight=299169.25687416393 8451.468469068408 6049.891561280936 410.97797366138548 136190.46557266737 2701.6389167001471 1274.4478388307616 31806.141788684297 48465.050396705046 77.350664168596268 393.12166596669704 61.935578625649214 640.64712031930685 17902.534448997583 651.62936427025124 2821.5528766168281 1069.287247268483 69.978678598999977 157.13980495836586 401.46549582015723 227.29839193448424 44.776311750523746 17.267745491117239 20.115562956780195 12011.61523347348 14.207201465964316 29.543447066098452 665.41280788369477 1955.6672565164044 329.13364901207387 292.20767873711884
leaf_count=2486420 18885 14521 2407 1349313 9835 4259 168366 66959 164 3973 462 2434 184986 9486 31103 13299 89 1513 3225 2140 168 385 97 97933 41 131 7355 19246 2555 3290
internal_value=-8.97721e-05 -0.00340574 0.0135526 0.000969095 -0.00456144 0.0138251 -0.00565823 -0.00850955 -0.00945361 -0.0161451 -0.00341201 0.0783082 -0.0247553 -0.00367526 0.00655189 0.0403126 0.0896699 0.217635 0.0636844 0.104729 0.162453 0.446659 -0.021793 -0.0072783 0.0366231 0.0278106 0.0163502 -0.011678 0.0726257 0.051895
internal_weight=574373 139014 8862.45 435360 130151 7324.34 122827 91020.6 88318.9 39853.9 16077.7 717.998 23776.2 5873.63 5222 2380.34 1311.05 227.118 1083.93 690.808 463.51 62.0441 2841.67 15359.7 1392.44 1378.23 1348.69 13967.3 683.277 621.341
internal_count=4505040 669307 21292 3835733 648015 18780 629235 460869 451034 384075 133611 2598 250464 65478 55992 24792 11493 1602 9891 5918 3778 553 31200 131013 13834 13793 13662 117179 6307 5845
cat_boundaries=0 1 2 3 4 5 6 7 8 9 10 11 12 13 14
cat_threshold=128 1 13 1 2 52 8 40 24 41 33 73 14 18
is_linear=0
shrinkage=0.08


Tree=96
num_leaves=31
num_cat=17
split_feature=37 38 45 38 3 46 38 34 38 42 0 34 37 34 37 22 42 43 32 2 6 42 38 32 19 20 11 4 13 32
split_gain=383.817 471.989 416.193 1844.72 769.798 845.143 646.561 811.2 611.315 563.573 613.952 582.993 489.737 474.191 650.832 418.956 413.282 394.936 376.646 371.389 370.406 344.196 1056.86 425.03 495.729 2326.88 476.279 476.672 891.672 1090.23
threshold=0 1 2 3 158.09000396728518 4 5 6 7 8 1.5000000000000002 9 10 11 12 1.5000000000000002 13 14 -0.89499998092651356 2.5000000000000004 11435.425292968752 15 16 -3.8950001001358028 7051.2500000000009 1.5000000000000002 3.5000000000000004 6.5000000000000009 131.68999481201175 -0.7250000238418578
decision_type=1 1 9 1 10 1 1 1 1 9 2 1 1 1 1 2 9 9 8 8 2 9 1 8 2 2 2 8 2 8
left_child=1 -1 6 9 5 8 7 -2 13 10 -4 -12 17 14 16 -15 -5 -8 -17 -7 -14 22 23 -19 26 -26 27 -25 -29 -30
right_child=2 -3 3 4 -6 19 12 -9 -10 -11 11 -13 20 15 -16 18 -18 21 -20 -21 -22 -23 -24 24 25 -27 -28 28 29 -31
leaf_value=-0.0063299539506772627 0.029748994964513192 0.004458064307291113 -0.058867737685761458 0.21335820055509061 -0.015425646342816056 -0.10646817160956971 -0.075659697371864496 0.0020550162868034636 -0.0039652842453049512 -0.10205726533264844 0.20524652742866004 -0.12812399012419431 -0.0056273486706420904 0.0081146671358653215 0.020385251542855035 0.28972185254056021 0.073940560230172467 -0.015815005978454321 0.045155332117914691 0.016591422354161382 0.046613539428241632 0.00074893667808084165 0.0019734836108621879 0.1442880055664876 -0.12875580857589694 2.0747698632927465 0.035602817421367207 -0.053572840753615923 0.70124113784999398 -0.02082170303751257
leaf_weight=30151.462468614336 9835.7620468325913 186194.29306869558 451.64693947508931 164.55534478276968 23709.81220509042 624.55334743112326 412.20528176613152 21683.737384657376 16602.981670327485 1671.0935688903555 116.96938814595342 40.350614502094686 118178.63869306189 9285.7515584630892 2104.8484907653183 62.90489966981113 879.09868895821273 390.32656206935644 112.15729597210884 209.64066717401147 875.06566347880289 140594.72663707461 8612.9212606627261 746.07907743752003 10.08708517346531 4.4069957053288809 1110.9558496423997 213.55993258208036 24.735729049891233 29.158485524356365
leaf_count=247685 21960 1615622 2756 259 289787 2180 2012 64720 99090 10314 176 322 629280 42072 7256 116 2660 3409 439 288 3640 1343400 97168 5902 254 93 9049 1482 66 186
internal_value=0.000293056 0.00295435 -0.00131185 -0.00764443 -0.00464782 0.00385546 -0.00013943 0.0107037 0.00612276 -0.0779658 -0.0112745 0.124643 -0.00139998 0.0193937 0.0462545 0.0104152 0.0977392 0.0016072 0.133035 -0.0755422 -0.00524293 0.00182207 0.0153503 0.0607144 0.0749635 0.541237 0.0717824 0.11144 0.0198074 0.310582
internal_weight=575104 216346 358759 56036.4 53756.3 30046.5 302722 31519.5 29212.3 2280.06 608.967 157.32 271203 12609.3 3148.5 9460.81 1043.65 152149 175.062 834.194 119054 151737 11142.2 2529.31 2138.98 14.4941 2124.49 1013.53 267.454 53.8942
internal_count=4503643 1863307 2640336 457715 444147 154360 2182621 86680 151892 13568 3254 498 2095941 52802 10175 42627 2919 1463021 555 2468 632920 1461009 117609 20441 17032 347 16685 7636 1734 252
cat_boundaries=0 1 2 3 4 5 6 7 8 9 10 11 12 13 14 15 16 17
cat_threshold=114 137 13 129 1 129 36 562 32 34 9 5 1 24 2 1 524
is_linear=0
shrinkage=0.08


Tree=97
num_leaves=31
num_cat=21
split_feature=45 38 46 41 33 45 35 40 38 34 38 36 42 36 43 41 34 19 5 41 2 19 43 18 34 35 3 2 34 3
split_gain=358.665 3460.76 886.31 764.699 490.222 487.782 480.99 517.977 496.541 467.245 413.734 502.84 419.671 443.635 401.774 457.102 390.435 662.697 549.731 624.468 501.11 384.934 379.538 639.401 448.69 462.749 1069.91 502.442 391.259 379.452
threshold=0 1 2 3 1.0000000180025095e-35 4 5 6 7 8 9 10 11 12 13 14 15 180.02500152587893 6.5000000000000009 16 1.0000000180025095e-35 547.50003051757824 17 21695.574218750004 18 19 273.19500732421881 1.0000000180025095e-35 20 101.90499877929689
decision_type=9 1 1 9 2 9 1 1 1 1 1 9 9 9 9 9 1 2 2 9 8 2 9 2 1 1 8 10 1 10
left_child=4 5 3 6 10 -2 7 9 -8 -3 11 -1 13 -12 -13 -16 18 -18 -5 -20 21 -21 23 29 -25 26 -26 -28 -24 -14
right_child=1 2 -4 16 -6 -7 8 -9 -10 -11 12 14 22 -15 15 -17 17 -19 19 20 -22 -23 28 24 25 -27 27 -29 -30 -31
leaf_value=-0.004478628975415312 -0.013398149319716468 0.037048422658371709 -0.048641963190072593 0.01389061519514845 0.024172189180757912 -0.093881932233347759 -0.03301223120871314 -0.066167444517195875 -0.008191754495132578 -0.014711838578893681 -0.014729822157029683 -0.028550068091369105 0.038790149526077948 -0.0022806974990629424 0.00079607593215698174 0.0084859487614792201 0.0061698601864849456 -0.015382936655490185 -0.025176290547584558 -0.00010996210066026501 -0.02013267056872942 0.21661357409025189 0.02798980842720834 0.19528780377967431 0.72734050968996333 0.0028280287777747559 0.034193574237724969 0.40084526404541299 0.0036980923004205943 -0.0039417323388083146
leaf_weight=47711.44732149411 591.15208815596998 3159.0341619625688 2481.9295005025342 9358.1423150240444 5764.3804534929805 3037.8195151044056 7326.4376595970243 497.01149207074195 17454.709375256207 1719.3573205131106 21061.79111866653 2296.5185685520992 1385.8832942415029 140397.35233539518 89786.140077062417 110197.21799797215 46533.583010181785 11359.13564240234 223.02474721288309 62.725297343917191 99.829601019620895 320.22092196904123 7358.881123183528 134.94017899828032 18.530689754523337 581.1311204272788 157.54859294276685 28.201551316538826 10032.280989573104 32946.99843506224
leaf_count=221728 2285 33239 7810 50973 50067 17765 60488 4074 226778 24981 108531 9919 4209 1668793 521490 635255 266180 154879 2609 288 452 1035 46845 603 20 4009 4980 309 55038 316087
internal_value=4.41716e-05 -0.00420128 -0.00142862 -0.000234431 0.000985965 -0.0808441 -0.0108345 0.0108475 -0.0155402 0.0188131 0.000697997 0.00290846 -0.00188303 -0.00390545 0.00465098 0.00503365 0.00447043 0.00194065 0.0190066 0.0871078 0.13667 0.181115 0.00431925 -0.000452684 0.0653516 0.0400314 0.140795 0.0898605 0.013987 -0.00221681
internal_weight=574083 104224 100595 98113.2 469859 3628.97 30156.6 5375.4 24781.1 4878.39 464095 249991 214104 161459 202280 199983 67956.7 57892.7 10063.9 705.801 482.776 382.946 52644.4 35253.2 920.352 785.412 204.281 185.75 17391.2 34332.9
internal_count=4501719 853836 833786 825976 3647883 20050 349560 62294 287266 58220 3597816 1388392 2209424 1777324 1166664 1156745 476416 421059 55357 4384 1775 1323 432100 330217 9921 9318 5309 5289 101883 320296
cat_boundaries=0 1 2 3 4 5 6 7 8 9 10 11 12 13 14 15 16 17 18 19 20 21
cat_threshold=13 129 1 50 2 24 2 274 22 451 43 56 90 2 3 4 4 41 8 1 105
is_linear=0
shrinkage=0.08


Tree=98
num_leaves=31
num_cat=14
split_feature=26 42 38 42 20 34 45 47 32 2 32 46 3 32 42 36 3 3 37 34 8 44 32 34 38 11 12 23 20 3
split_gain=262.992 293.163 248.398 596.547 505.547 422.011 435.467 385.199 1002.42 809.812 825.033 746.921 1732.43 1762.77 654.526 631.718 574.636 551.229 540.036 502.413 774.525 441.481 422.595 398.902 373.672 677.89 530.402 491.3 428.225 408.339
threshold=1.0000000180025095e-35 0 1 2 5.5000000000000009 3 4 5 -2.6550000905990596 inf -4.694999933242797 6 117.89500045776369 -10.085000038146971 7 8 57.694999694824226 333.27499389648443 9 10 1.0000000180025095e-35 11 -1.6950000524520872 12 13 29.500000000000004 1777.2249145507815 10.500000000000002 1.0000000180025095e-35 19.025000572204593
decision_type=8 9 1 9 2 1 9 1 10 8 10 1 10 8 9 9 10 10 1 1 2 9 10 1 1 2 2 2 2 8
left_child=1 -1 3 -2 5 -5 -7 9 18 10 11 -4 13 -13 16 -16 -10 -17 24 20 -20 -15 -11 -23 25 -9 -27 29 -29 -26
right_child=2 -3 7 4 -6 6 -8 8 14 22 -12 12 -14 21 15 17 -18 -19 19 -21 -22 23 -24 -25 27 26 -28 28 -30 -31
leaf_value=-0.026448603591841039 -0.0010611940268320348 0.071720196190139446 -0.0045984434035095641 0.014338731598332074 0.09093620867371198 0.013168791070909229 -0.0069938098176041642 -0.006411399316719313 -0.046502927428795041 0.038895475067148369 0.0044152330638973884 -0.34598283630111054 0.018564952604528534 0.0073766641485259032 -0.0091907494442290023 -0.020516441921636736 3.3879008474711701e-05 -0.061467970475373383 0.040446351935228997 -0.0026362333425161955 0.36029497054553211 -0.063570282373023618 -0.0058516695434482138 -0.16616346925940448 0.056766652823863888 0.44410702460140072 0.082448239943751847 0.13144281312145284 0.67471533372098336 0.013337385373913452
leaf_weight=274.32661320082843 96673.692949704127 646.95114982267842 63518.265167506412 33979.171424937202 477.66973900073208 11474.853724038752 16998.315786976367 7995.6778226923198 1751.1389174130745 5481.5587728787214 129338.59599949419 165.50248701870441 1540.3441569451243 352.08659463003278 56787.955950369767 10674.814802334178 56133.196728317882 2619.9406938855536 787.83075952163199 49910.209583763673 51.628984775394201 909.23368867114186 1792.4309588614851 350.72751367092133 1472.8302341951057 34.343224860727787 106.23161934223026 36.53871461097151 12.449603719636796 23392.733066917863
leaf_count=2036 601825 1787 85766 156046 1269 42026 63902 65556 29954 8041 163101 926 1647 440 828658 112554 1058743 35018 5331 849923 115 2169 2775 1325 6162 62 508 358 100 376692
internal_value=0.000271228 0.0429801 0.000202777 0.00288501 0.00894642 0.00832075 0.00113361 -0.000828289 -0.00321663 0.00165767 0.000685775 -0.00653132 -0.0435346 -0.0973472 -0.00767072 -0.0128696 -0.00137373 -0.0285651 0.00358495 -0.00159841 0.0594102 -0.0718207 0.027869 -0.0939518 0.011541 -0.00334544 0.170804 0.0164018 0.269507 0.0159098
internal_weight=575741 921.278 574820 159604 62930 62452.3 28473.2 415216 211768 203449 196175 66836.2 3317.89 1777.55 127967 70082.7 57884.3 13294.8 83800.5 50749.7 839.46 1612.05 7273.99 1259.96 33050.8 8136.25 140.575 24914.6 48.9883 24865.6
internal_count=4504815 3823 4500992 865068 263243 261974 105928 3635924 3369734 266190 255374 92273 6507 4860 2064927 976230 1088697 147572 1304807 855369 5446 3934 10816 3494 449438 66126 570 383312 458 382854
cat_boundaries=0 1 2 3 4 5 6 7 8 9 10 11 12 13 14
cat_threshold=11 523 56 92 3 2 1 24 129 104 1 2 90 80
is_linear=0
shrinkage=0.08


Tree=99
num_leaves=31
num_cat=14
split_feature=44 3 3 35 42 34 47 38 45 34 38 44 40 42 38 19 19 42 13 19 4 32 3 3 32 3 19 6 17 5
split_gain=345.282 1299.76 911.342 665.5 611.574 546.381 502.567 836.268 765.645 812.627 761.727 743.598 639.508 1360 770.75 1352.48 827.807 665.686 753.872 2084.93 718.333 869.695 736.388 970.581 620.1 1020.82 587.193 569.711 530.996 655.807
threshold=0 9.4849996566772479 inf 1 2 3 4 5 6 7 8 9 10 11 12 52.049999237060554 40.45000076293946 13 1.0000000180025095e-35 2543.0749511718755 21.500000000000004 inf 206.86499786376956 238.36499786376956 -2.5249999761581416 125.5749969482422 2111.3750000000005 689.02499389648449 4.5000000000000009 3.5000000000000004
decision_type=9 10 8 1 9 1 1 1 9 1 1 9 1 9 1 2 2 9 2 2 10 8 10 10 8 10 2 2 2 2
left_child=1 4 6 5 -1 -3 -2 -8 11 10 26 24 13 14 16 -16 -12 18 19 20 21 -14 -23 -24 25 -9 -10 -20 29 -11
right_child=2 3 -4 -5 -6 -7 7 8 9 28 12 -13 17 -15 15 -17 -18 -19 27 -21 -22 22 23 -25 -26 -27 -28 -29 -30 -31
leaf_value=-0.067917194495135016 0.0014446395418477873 -0.010195087115865311 0.036856461124191803 0.020857279700315909 -0.012315218748341629 0.010474876461170211 0.0030691899133980056 0.07185512911292094 -0.047508759540237817 -0.028331968078275521 -0.089184699029788692 -0.05607269136368058 -0.021490662750579783 -0.0059194242815506929 0.24421814103990788 -0.04737013154366336 0.41764858300208202 -0.020921279726928824 -0.032134925156623174 1.6742789839044967 0.44540962428106429 -0.087521368994750021 0.73563889790011405 0.18619922516413351 -0.0065908115975447734 0.0031745048186239051 0.079035259397913282 0.087319199487928698 -0.062588017596196088 0.12849820823543923
leaf_weight=1440.1992457499728 250187.93376821 12509.239749202505 4083.9056901978329 22453.942808141001 10111.319380539469 23632.680628428236 80700.194541854784 1469.441199969966 3130.7838519157376 5836.1700789041352 24.889362217858434 1789.9687836740632 289.66515915724449 897.7780624027364 196.67537328135222 211.05293908761814 120.35542145464569 4295.6526478736196 906.43408108199947 5.4095441768877199 35.484090911224484 52.774697908200324 23.128351304680109 186.49335040897131 120855.34099759441 24111.418532876414 253.6979183757212 355.83417119819205 3602.2403249742929 175.78614105051383
leaf_count=3368 327697 61122 4731 102093 32089 73329 576903 7579 46035 162595 364 28720 7600 13333 1030 1956 568 77036 26958 82 190 934 142 3722 2205393 541219 3260 10906 177399 5885
internal_value=-4.9262e-05 0.00520927 -0.000781444 0.0100443 -0.0193169 0.00331986 -0.00108904 -0.00362943 -0.00683119 -0.0212797 -0.00639874 -0.00482186 0.00766293 0.0552504 0.152904 0.0910498 0.309489 -0.00363256 0.0362959 0.110897 0.0965031 0.0740769 0.179576 0.246821 -0.00419573 0.00711973 -0.0379111 0.00153926 -0.0382597 -0.0237463
internal_weight=573946 70147.4 503799 58595.9 11551.5 36141.9 499715 249527 168826 20600.3 10986.1 148226 7601.63 1450.75 552.973 407.728 145.245 6150.88 1855.22 592.955 587.546 552.062 262.396 209.622 146436 25580.9 3384.48 1262.27 9614.2 6011.96
internal_count=4504238 272001 4232237 236544 35457 134451 4227506 3899809 3322906 539995 194116 2782911 144821 17251 3918 2986 932 127570 50534 12670 12588 12398 4798 3864 2754191 548798 49295 37864 345879 168480
cat_boundaries=0 1 2 3 4 5 6 7 8 9 10 11 12 13 14
cat_threshold=1 32 35 96 2 658 13 22 257 2 4 18 12 9
is_linear=0
shrinkage=0.08


Tree=100
num_leaves=31
num_cat=15
split_feature=36 45 43 4 7 46 31 3 3 32 47 21 32 11 7 6 44 42 31 34 43 47 34 41 42 3 47 24 37 13
split_gain=375.666 367.922 451.446 666.36 501.101 451.064 596.846 500.956 713.67 413.489 466.101 459.61 1673.31 1006.69 579.169 2112.51 564.671 549.953 1814.67 397.841 383.635 382.761 1226.55 590.304 401.273 390.648 377.845 377.586 360.436 573.644
threshold=0 1 2 inf 12.550000190734865 3 1.0000000180025095e-35 657.08499145507824 571.40499877929699 -3.0249999761581416 4 1.0000000180025095e-35 -1.514999985694885 1.5000000000000002 4685.3649902343759 2426.5749511718755 5 6 1.0000000180025095e-35 7 8 9 10 11 12 729.52001953125011 13 9.5000000000000018 14 3729.7651367187505
decision_type=9 9 9 8 2 1 10 8 10 8 1 2 8 2 2 2 9 9 8 1 9 1 1 9 9 10 1 2 1 2
left_child=1 20 3 21 -5 6 7 8 -4 -9 11 14 -13 -14 16 -16 17 18 -11 -19 26 22 24 25 -3 28 -1 -25 29 -24
right_child=-2 2 5 4 -6 -7 -8 9 -10 10 -12 12 13 -15 15 -17 -18 19 -20 -21 -22 -23 23 27 -26 -27 -28 -29 -30 -31
leaf_value=-0.079919531992385329 -0.0045616137610284173 -0.083118716411782034 0.0026887562482062477 -0.072897921699044424 -0.3365449703271271 -0.03878817087280241 -0.099868095584545 -0.08010614485542035 -0.091913041069664261 0.16748169361327667 0.02566719859311388 1.722483475479722 1.4865064065880587 -0.086239620709604989 3.8762228547823057 -0.085931159403117269 -0.083677180638485643 -0.045773299849034034 1.1218592993462255 0.14209249571310084 0.0024284745982518533 -0.0048890804459050018 0.024963653677520167 -0.056995850662115988 0.17278002919536048 0.22917501809427246 -0.011536357081770253 0.24584384813812957 -0.016760177065215681 0.48122937053693315
leaf_weight=649.76301500760019 87864.300376954488 43.835254911333323 52410.166060337331 166.71605617296882 63.792338728089817 1757.3873053882271 362.90475282608531 145.06462878792081 515.38137004582677 67.583917238749564 856.46040428429842 5.2668076808331534 3.0265562070999357 18.687256977776997 1.2007207511924196 3.0459485913161188 91.007810525014065 106.3175149303861 15.715817722491918 206.50062190648168 387951.86471362761 28078.362884061062 61.335808113217354 3522.99580583442 251.92725177481771 42.785827508196235 2533.264259701129 26.547951333224773 4642.2104474483058 24.752294024452567
leaf_count=3803 439131 342 316202 589 532 4980 2133 6531 28808 412 3101 199 30 1278 101 257 11339 2351 122 1807 3257595 314752 364 44944 895 147 9108 23 52632 33
internal_value=0.000250955 0.00112356 -0.00338482 -0.0102642 -0.145861 0.00110697 0.00238637 0.00306795 0.00176754 0.0483512 0.0619055 0.121781 0.443259 0.132976 0.104129 1.03434 0.0960196 0.137305 0.31029 0.0788025 0.00220124 -0.00941523 -0.0241647 -0.0298889 0.133375 -0.0114459 -0.0254158 -0.0545771 -0.0136474 0.1399
internal_weight=572490 484626 93491 36925.3 230.508 56565.7 54808.3 54445.4 52925.5 1519.88 1374.81 518.353 26.9806 21.7138 491.372 4.24667 487.126 396.118 83.2997 312.818 391135 36694.8 8616.39 8320.63 295.763 4771.08 3183.03 3549.54 4728.3 86.0881
internal_count=4504541 4065410 794904 415253 1121 379651 374671 372538 345010 27528 20997 17896 1507 1308 16389 358 16031 4692 534 4158 3270506 414132 99380 98143 1237 53176 12911 44967 53029 397
cat_boundaries=0 1 2 3 4 5 6 7 8 9 10 11 12 13 14 15
cat_threshold=163 13 13 1 4 1 16 72 2 1 1 33 3 1 66
is_linear=0
shrinkage=0.08


Tree=101
num_leaves=31
num_cat=8
split_feature=12 3 19 32 45 13 19 34 32 7 47 12 1 46 3 3 38 12 13 3 11 19 18 47 38 6 38 18 18 18
split_gain=276.422 558.412 397.071 320.441 447.868 296.152 465.935 787.608 1159.67 1419.95 411.568 494.938 371.208 386.645 410.65 336.199 332.729 320.966 316.575 818.734 292.778 566.492 599.222 526.339 429.684 431.35 370.384 361.319 280.459 475.302
threshold=622.02502441406261 203.86499786376956 2666.525024414063 -6.1849999427795401 0 11.250007629394533 180.02500152587893 1 -6.5150001049041739 82.00000381469728 2 100.04999923706056 2.5000000000000004 3 146.03499603271487 665.52999877929699 4 160.00000762939456 173.30002593994143 502.35499572753912 6.5000000000000009 7051.2500000000009 10664.989746093752 5 6 421.50498962402349 7 647.27499389648449 124.07500076293947 32.425001144409187
decision_type=2 10 2 8 9 2 2 1 10 2 1 2 2 1 10 10 1 2 2 10 2 2 2 1 1 2 1 2 2 2
left_child=3 2 -2 4 5 12 7 8 10 -10 11 28 13 14 -1 -8 17 -14 -9 -20 -5 23 -23 24 25 -22 -25 -27 29 -7
right_child=1 -3 -4 20 -6 6 15 18 9 -11 -12 -13 16 -15 -16 -17 -18 -19 19 -21 21 22 -24 26 -26 27 -28 -29 -30 -31
leaf_value=0.039825299542522272 0.015344232275733057 0.00030269021906018648 -0.013215172236730495 -0.00054412637082689569 -0.013942058876341009 0.94483777071572739 0.0214506953117986 0.036256223605218921 0.0016920047667245207 1.0179633725890909 0.0028633786839008875 0.14792187028642481 0.1261121635823042 -0.075778936260454552 -0.015375661637969638 -0.048905552723418649 0.025976585512635118 0.44216457841070439 0.02449637934504461 0.67113878063987797 -0.027631947207068581 0.022620394423110649 0.36234843127643368 -0.016304455391497476 -0.061948189214478228 0.09641862974806209 0.007315835592955065 -0.10870564234410905 0.89126197197368628 -0.09459133224906402
leaf_weight=1325.1575887380168 30339.242781476351 87335.574609584117 3472.2334505913313 415282.94686433492 3552.4468527082354 4.6184068284928799 3865.4207777241245 2132.9799094118644 14.641686347313223 22.05017946055159 96.099846770986915 94.803277613827959 96.30430742027238 434.4107385315001 2470.3848197294865 489.75556678394787 328.56451119575649 26.148237001150846 40.476208353415132 18.150599902495742 1955.3961646365933 89.29590589273721 52.920285051688552 8665.9793905135011 2090.9671966182068 338.74116543028504 8319.3448266906198 65.602323739789426 9.7132307221181691 7.2125023505650461
leaf_count=3317 174180 1090001 25606 2892432 23474 92 28034 11279 271 88 307 1298 374 1298 21020 7004 1427 113 176 180 14284 1215 275 109196 30460 1431 66059 564 10 204
internal_value=0.000288676 0.00368215 0.0124114 -0.000621079 0.0108644 0.0185388 0.0292203 0.0572018 0.189505 0.612426 0.125382 0.226579 0.00307063 -0.00428567 0.00389694 0.0135389 0.0720632 0.178985 0.0411095 0.224694 -0.00101621 -0.0101018 0.149037 -0.0111576 -0.0356467 -0.0120274 -0.00474062 0.0631384 0.572705 0.311168
internal_weight=573038 121147 33811.5 451891 15029.3 11476.9 6795.92 2440.75 249.139 36.6919 212.447 116.347 4680.97 4229.95 3795.54 4355.18 451.017 122.453 2191.61 58.6268 436861 21578.2 142.216 21436 4450.71 2359.74 16985.3 404.343 21.5441 11.8309
internal_count=4505669 1289787 199786 3215882 99966 76492 48943 13905 2270 359 1911 1604 27549 25635 24337 35038 1914 487 11635 356 3115916 223484 1490 221994 46739 16279 175255 1995 306 296
cat_boundaries=0 1 2 3 4 5 6 7 8
cat_threshold=7 32 4 1 48 1 914 816
is_linear=0
shrinkage=0.08


Tree=102
num_leaves=31
num_cat=12
split_feature=19 21 31 45 46 43 44 3 44 32 43 2 27 26 3 24 32 18 34 33 7 4 1 43 32 35 44 41 37 1
split_gain=455.62 475.824 327.225 797.768 430.183 414.454 369.708 415.478 393.054 313.325 305.235 275.692 267.003 349.686 534.128 281.041 236.513 270.371 213.547 208.241 230.807 316.53 208.266 206.89 203.14 252.094 674.278 590.521 555.343 398.797
threshold=3597.1350097656255 2.5000000000000004 1.0000000180025095e-35 0 1 2 3 502.35499572753912 4 -3.8950001001358028 5 1.0000000180025095e-35 7.5000000000000009 7.5000000000000009 541.10498046875011 2.5000000000000004 0.88499999046325695 3672.5400390625005 6 1.5000000000000002 1718.9350585937502 62.500000000000007 5.5000000000000009 7 8.8649997711181658 8 9 10 11 1.0000000180025095e-35
decision_type=2 2 10 9 1 9 9 10 9 8 9 8 8 10 10 2 8 2 1 2 2 8 2 9 8 1 9 9 1 2
left_child=2 -2 12 5 16 -4 7 9 11 -6 -3 -8 13 15 -15 -1 17 18 -5 22 21 -21 24 -17 -14 26 27 28 -26 -28
right_child=1 10 3 4 6 -7 8 -9 -10 -11 -12 -13 19 14 -16 23 -18 -19 -20 20 -22 -23 -24 -25 25 -27 29 -29 -30 -31
leaf_value=0.061239539546623936 -0.015680272702422077 0.25415886436631818 0.026914229889331565 -0.093829699499339503 -0.15245459901908751 -0.12506372996372345 0.018517228565381266 0.17779790732690198 -0.057901601482420191 0.033331657172539393 -0.0060732176978389877 -0.090805152044119666 0.001337960225984708 -0.0092251815361722635 0.34908236069254278 0.036950466935959193 0.035543017432283872 -0.094687915680137694 0.017793748273254768 -0.028751543928933667 0.26623974535188455 0.10562087328624381 0.03579682770164138 -0.062369878929265869 0.17976853178787708 -0.00076512129845440291 -0.015226677419428744 0.0039510531155659261 0.039191930560535604 0.082766210667936782
leaf_weight=611.27426589187235 13340.83104088367 59.000253403093666 162.78289488004521 103.91547063551843 64.171979888342321 387.62465915363282 1244.5110999848694 119.03163818828762 1120.8143108724616 613.61375072039664 58.002742450684309 167.50480873603374 335474.9857997846 51.540931256487966 55.082443614024669 234.42976585123688 5953.1005916274153 153.15600253921002 3193.3210109090433 224.17587731825188 30.410334585234523 224.60518771689385 1049.3532339502126 291.045415379107 242.47471314575523 179707.79663066356 23078.403797902341 2803.2159518059343 694.51471786573529 268.88910063682124
leaf_count=2237 207647 126 664 543 245 2560 1597 152 8837 838 557 434 2789617 297 253 1663 13505 1033 8942 2328 123 432 5034 2109 1056 1102489 329253 12070 6740 2235
internal_value=0.000274082 -0.0142715 0.000624688 0.0130306 0.0171206 -0.0804381 -0.00757717 0.0399502 -0.0225291 0.0157416 0.146355 0.00554852 0.000322337 0.0373521 0.175879 0.0243587 0.025884 0.00921878 0.0140452 0.00023767 0.0529518 0.0384989 0.000191178 -0.0185439 0.000122277 -0.00184987 -0.00904286 0.022489 0.0770846 -0.0140981
internal_weight=571784 13457.8 558326 13283.5 12733.1 550.408 3329.65 796.817 2532.83 677.786 117.003 1412.02 545042 1243.37 106.623 1136.75 9403.49 3450.39 3297.24 543799 479.191 448.781 543320 525.475 542270 206795 27087.5 3740.21 936.989 23347.3
internal_count=4505616 208330 4297286 39350 36126 3224 12103 1235 10868 1083 683 2031 4257936 6559 550 6009 24023 10518 9485 4251377 2883 2760 4248494 3772 4243460 1453843 351354 19866 7796 331488
cat_boundaries=0 1 2 3 4 5 6 7 8 9 10 11 12
cat_threshold=32 1 33 2 1 8 64 35 1 1 4 32
is_linear=0
shrinkage=0.08


Tree=103
num_leaves=31
num_cat=12
split_feature=35 4 1 7 38 17 19 4 22 3 0 17 34 42 38 42 19 3 6 6 4 38 45 4 37 41 3 42 35 15
split_gain=334.678 535.365 372.072 623.236 587.134 824.349 2154.1 514.571 305.75 304.808 485.162 411.927 332.26 326.464 293.819 340.221 311.397 628.336 288.756 413.125 278.868 421.554 601.363 783.377 631.997 474.569 738.805 653.74 451.411 438.953
threshold=0 69.500000000000014 2.5000000000000004 51.774993896484382 1 10.500000000000002 251.02500152587893 33.500000000000007 3.5000000000000004 729.52001953125011 1.5000000000000002 39.500000000000007 2 3 4 5 6029.6950683593759 657.08499145507824 1412.1250000000002 1325.8499755859377 1.5000000000000002 6 7 12.500000000000002 8 9 541.10498046875011 10 11 1.5000000000000002
decision_type=1 10 2 2 1 2 2 10 2 10 2 2 1 9 1 9 2 10 2 2 10 1 9 10 1 9 8 9 1 2
left_child=1 2 9 4 5 7 -7 -4 -5 12 11 -11 13 -1 16 18 -14 -18 19 -16 -2 22 23 -22 -25 26 27 -26 -23 -30
right_child=20 -3 3 8 -6 6 -8 -9 -10 10 -12 -13 14 -15 15 -17 17 -19 -20 -21 21 28 -24 24 25 -27 -28 -29 29 -31
leaf_value=0.048977339271621671 -0.00074947572788888652 0.44178815280532946 0.069510335325459346 -0.014966163600244737 0.030223886716716046 0.92058184234856544 0.013279772452112782 0.43009477052824957 0.19434001593322148 0.00738760153413409 0.32067635860675742 0.2726527333767545 -0.024276402605667834 0.0075166100643076087 0.020912637820857935 -0.0061186376445429196 -0.13921498701694277 0.65240855981831458 -0.058826897212996693 0.35118845831888384 0.050616500480925863 0.0037501073478126258 -0.0033260751387316906 0.37311548434536962 0.24889645083315443 -0.0049934209220871238 -0.033599322026127747 0.031769307226513666 -0.021163274523536592 0.22966609304700075
leaf_weight=1724.7315517989919 467977.41722664144 18.238729022443295 614.93695472599939 1866.4050951576792 2925.5046593579464 27.77842793148011 42.172270017210394 26.416684620082378 45.761695105116814 287.41205059364438 45.472485187929124 43.082352966070175 3646.2629652111791 4102.1441721161827 5489.2236492722295 9990.7591542536393 12.874779368285092 12.793623013421891 295.31152665661648 24.346105846110731 4969.0848642922938 50510.017106619198 6467.2951809258666 19.873116564005613 175.16471365746111 4550.4180391328409 259.67421880690381 193.40101745724678 6050.1344438251108 44.983993950532749
leaf_count=4857 3920397 27 2799 13878 13837 85 321 20 261 943 83 46 23549 17836 38215 65455 236 9 3110 159 24227 265682 37574 184 228 24066 1298 639 44479 95
internal_value=0.000433742 0.00848339 0.008233 0.0270178 0.0464585 0.111241 0.373582 0.0843624 -0.00995708 0.00417306 0.0756762 0.0419668 0.00311043 0.0198517 -0.00190862 0.00283251 -0.0222611 0.255345 0.0182117 0.022371 -3.10774e-05 0.00455922 0.0157509 0.0278764 0.00619365 0.00405727 0.0686636 0.142576 0.00126726 -0.0192804
internal_weight=572459 31241.6 31223.4 5548.98 3636.81 711.304 69.9507 641.354 1912.17 25674.4 375.967 330.494 25298.4 5826.88 19471.6 15799.6 3671.93 25.6684 5808.88 5513.57 541217 73240 16634.9 10167.6 5198.53 5178.66 628.24 368.566 56605.1 6095.12
internal_count=4504595 185726 185699 31201 17062 3225 406 2819 14139 154498 1072 989 153426 22693 130733 106939 23794 245 41484 38374 4318869 398472 88216 50642 26415 26231 2165 867 310256 44574
cat_boundaries=0 1 2 3 4 5 6 7 8 9 10 11 12
cat_threshold=16 544 67 17 521 10 141 9 64 4 9 40
is_linear=0
shrinkage=0.08


Tree=104
num_leaves=31
num_cat=8
split_feature=37 13 34 4 17 3 16 38 17 17 43 6 5 6 3 13 11 11 42 45 17 3 11 32 13 25 42 24 26 38
split_gain=309.307 369.944 306.419 278.697 659.951 466.836 300.08 473.066 371.566 1192.7 276.23 426.942 575.76 597.079 362.58 493.625 435.603 1389.24 348.658 309.817 276.818 423.075 272.021 309.691 251.987 241.445 309.984 257.071 260.511 232.945
threshold=0 8582.9746093750018 1 41.500000000000007 1.5000000000000002 388.27499389648443 1.0000000180025095e-35 2 11.500000000000002 8.5000000000000018 3 2828.0400390625005 7.5000000000000009 4670.9252929687509 358.03500366210943 3729.7651367187505 24.500000000000004 26.500000000000004 4 5 5.5000000000000009 336.76499938964849 1.5000000000000002 2.4150000810623173 422.14996337890631 6.5000000000000009 6 2.5000000000000004 7.5000000000000009 7
decision_type=1 2 1 10 2 10 2 1 2 2 9 2 2 2 8 2 2 2 9 9 2 10 2 8 2 8 9 2 10 1
left_child=1 3 -3 6 5 -5 -1 8 9 -8 14 19 13 -13 15 18 -16 -18 20 -12 24 -22 23 -21 -9 26 27 28 -2 -28
right_child=25 2 -4 4 -6 -7 7 10 -10 -11 11 12 -14 -15 16 -17 17 -19 -20 22 21 -23 -24 -25 -26 -27 29 -29 -30 -31
leaf_value=0.0032689206876963875 0.020451066157297682 -0.0009829710802637579 0.18639129545608485 -0.04147859539439501 -0.02963580899606864 0.33766936975773471 -0.069483984945482663 0.13885906190829989 0.060904986822899937 0.58446902195694594 0.25423618423022987 0.43281946087380735 0.033090868511635951 0.015721639410563183 -0.032410590122722981 0.40979248093666526 0.87856390709854315 -0.057870468429603805 -0.063304610873425371 0.32150328428534763 -0.0095855678358207543 0.4135600621432366 -0.012991626128035325 -0.0095385118784537693 0.41425877044871406 -0.00018922022610492209 0.088727167584007005 -0.039784455971854746 0.21566849696006735 -0.0028181354400620244
leaf_weight=14895.658300847746 563.12644730275497 103.29110205196775 128.43038418004289 27.989541565999389 124.63578893430531 80.732893542386591 31.316210919991136 48.177330756559968 91.200562769081444 41.506439209915698 19.407725036842749 54.293975756270811 284.69113633688539 36.889123477973044 246.66512807551771 36.867837403900921 14.693316812627016 32.712962040677667 64.847909647040069 33.848173765465617 84.534709755331278 18.416881995275617 1956.6855301181786 38.838533977046609 38.062340809032321 552441.5502998865 630.46363029442728 550.10607652668841 47.434253209969029 254.64070931822062
leaf_count=100478 3098 753 289 205 626 252 303 169 533 96 158 178 2048 199 1778 44 71 311 509 65 537 102 15360 187 71 4367079 1382 5991 315 2169
internal_value=0.000252275 0.0104156 0.11087 0.00914947 0.0960171 0.240061 0.00802761 0.0303627 0.158817 0.303247 0.0227587 0.010707 0.0891259 0.264078 0.0716916 0.136242 0.0102742 0.232372 0.0965421 -0.00362761 0.146913 0.0661104 -0.00731043 0.144618 0.260408 -8.76315e-05 0.027345 -0.000118788 0.0356174 0.0626527
internal_weight=573022 18534.4 231.721 18302.7 233.358 108.722 18069.3 3173.66 164.023 72.8227 3009.63 2424.65 375.874 91.1831 584.978 290.907 294.071 47.4063 254.039 2048.78 189.191 102.952 2029.37 72.6867 86.2397 554487 2045.77 1160.67 610.561 885.104
internal_count=4505356 125322 1042 124280 1083 457 123197 22719 932 399 21787 18195 2425 377 3592 1432 2160 382 1388 15770 879 639 15612 252 240 4380034 12955 9404 3413 3551
cat_boundaries=0 1 2 3 4 5 6 7 8
cat_threshold=66 44 138 8 40 2 41 598
is_linear=0
shrinkage=0.08


Tree=105
num_leaves=31
num_cat=6
split_feature=37 38 45 4 26 38 21 3 4 41 1 4 4 38 1 17 4 19 17 32 32 3 3 1 16 4 3 9 4 1
split_gain=225.426 526.735 1808.86 712.964 348.635 315.645 481.449 323.29 595.395 715.656 314.625 309.568 351.64 407.594 473.678 409.895 374.373 330.206 717.99 338.504 423.199 437.719 361.812 328.174 362.821 300.363 519.343 296.292 287.153 286.931
threshold=0 1 2 1.5000000000000002 6.2500000000000009 3 2.5000000000000004 336.76499938964849 inf 4 5.5000000000000009 9.5000000000000018 30.500000000000004 5 4.5000000000000009 51.500000000000007 15.500000000000002 110.02499771118165 5.5000000000000009 31.404999732971195 15.135000228881838 182.4049987792969 461.02499389648443 1.5000000000000002 1.0000000180025095e-35 69.500000000000014 291.16500854492193 1.0000000180025095e-35 19.500000000000004 2.5000000000000004
decision_type=1 1 9 8 10 1 2 10 8 9 2 10 10 1 2 2 10 2 2 8 10 10 10 2 2 10 10 2 10 2
left_child=5 2 -2 -4 11 6 7 10 -9 -10 25 -3 13 15 -15 17 -16 -13 19 20 21 -19 23 24 28 -1 -27 -8 -23 -21
right_child=1 4 3 -5 -6 -7 27 8 9 -11 -12 12 -14 14 16 -17 -18 18 -20 29 -22 22 -24 -25 -26 26 -28 -29 -30 -31
leaf_value=-0.0027537765950638969 -0.10115484400680243 0.0023937161637205429 -0.025739258536580073 0.01284199964120792 -0.023096095684495992 0.00063627239246171819 0.1967995312154521 -0.010670558649639235 -0.28462943052326201 -0.032726880361586587 0.097879176608980462 0.013077367022885556 -0.0021510523446558634 0.0074770304293482557 0.31901046053046217 0.22850418933430977 0.024602734366970899 -0.072088534811691057 0.024466834959863112 -0.045911792501027018 0.3708271370627641 -0.033632138637882045 0.012498419502557302 0.28750949991709163 0.33654464983270765 -0.023269098266093264 0.23739358046004583 -0.057752041742246803 0.16662921910783737 0.18547212279828859
leaf_weight=89116.297629510984 1342.806173725985 220427.46227297932 5381.9489496247843 7122.0207568202168 3288.1089739843737 200425.8923587841 119.97358703403734 30137.470689018257 100.8042038124986 235.09014295320958 200.14760816469789 1479.2519302512519 5181.6756073720753 5601.421788595384 56.376216162927449 76.692057713633403 54.23733220435679 59.599050240591168 1175.5685608695494 114.66208531102166 52.230743066174909 77.090411427430809 88.535445077810436 143.46963892504573 45.662161821965128 106.8032294055447 90.260925848968327 38.706685483921319 112.98724231822416 48.939324147999287
leaf_count=671474 7145 1975317 20278 16805 46339 1162591 304 522671 796 1375 621 7450 30622 31633 104 178 213 346 6834 784 139 489 569 451 124 665 335 511 380 130
internal_value=9.99258e-05 0.00189059 -0.0132722 -0.00376111 0.00277297 -0.00130734 -0.00454945 -0.00473399 -0.0118511 -0.117773 -0.00231109 0.00313536 0.014513 0.0239122 0.0106957 0.0454771 0.174653 0.04148 0.063377 0.124926 0.153611 0.132097 0.158114 0.192112 0.134053 -0.00253561 0.0961217 0.134707 0.0854086 0.0233038
internal_weight=572502 251931 13846.8 12504 238084 320571 120146 119987 30473.4 335.894 89513.5 234796 14368.4 9186.72 5712.04 3474.69 110.614 3398 1918.74 743.176 579.575 527.344 467.745 379.209 235.74 89313.4 197.064 158.68 190.078 163.601
internal_count=4507673 2146330 44228 37083 2102102 2361343 1198752 1197937 524842 2171 673095 2055763 80446 49824 31950 17874 317 17696 10246 3412 2498 2359 2013 1444 993 672474 1000 815 869 914
cat_boundaries=0 1 2 3 4 5 6
cat_threshold=5 129 32 304 36 564
is_linear=0
shrinkage=0.08


Tree=106
num_leaves=31
num_cat=19
split_feature=34 35 33 45 43 38 41 34 38 39 40 47 36 47 42 38 47 43 24 32 7 1 47 38 19 32 32 32 33 6
split_gain=355.069 908.408 401.411 385.093 822.52 389.579 383.29 706.796 785.131 1009.46 775.72 723.605 451.577 409.061 362.922 596.525 811.996 714.861 641.012 795.038 388.725 405.467 385.372 608.501 410.48 576.742 842.173 763.576 452.836 427.923
threshold=0 1 1.0000000180025095e-35 2 3 4 5 6 7 8 9 10 11 12 13 14 15 16 6.5000000000000009 39.944999694824226 42.50000190734864 5.5000000000000009 17 18 597.97500610351574 2.8349999189376835 -1.7949999570846555 -2.6550000905990596 1.0000000180025095e-35 173.80002593994143
decision_type=1 1 2 9 9 1 9 1 1 9 1 1 9 1 9 1 1 9 2 8 2 2 1 1 2 10 8 10 2 2
left_child=6 -2 -3 4 -4 -5 7 8 11 -10 -9 -1 14 -12 -8 17 -17 -16 -18 -20 21 -19 23 24 25 26 27 -22 -26 -28
right_child=1 2 3 5 -6 -7 12 10 9 -11 13 -13 -14 -15 15 16 18 20 19 -21 22 -23 -24 -25 28 -27 29 -29 -30 -31
leaf_value=0.024111100650761188 0.012526083744712235 -0.0047023241530256606 0.26914224788027724 0.055807838672114071 0.0014914630714238789 -0.027600050272609464 0.0059116250638028616 0.027706231285369781 0.36774728819164204 -0.059083394671789961 -0.0081055149086358275 0.09575804083294244 -0.0042421665890525007 -0.08935004885794999 -0.0037809493283612878 0.0042867735709869528 -0.014814992142928973 0.0063713449213673506 0.087232511113172193 0.79865031368214012 0.14726916792353717 0.10425138251699569 0.016896983864168717 0.0033288789176298302 0.023201908128757533 0.2786282287205078 -0.068889183248564717 0.53297705597520617 0.43595730413986084 0.090421517997743783
leaf_weight=2083.7352786241099 22566.821358493064 204205.3416736651 121.05765191186219 743.22303574346006 177.78313592681661 676.45263558556326 116056.75434605335 1765.2955410648137 37.414706708863378 679.27078663883731 779.19589593913406 1590.9968857802451 81098.763709125109 807.81768461782485 34517.454131651786 28049.739728956483 35051.358909347095 29701.568309852155 214.90307434415445 10.546924469061194 120.69379136990756 273.35433489177376 8095.9908573230496 941.55229355581105 564.27351252967492 129.14703937945887 149.68131208792329 45.131672103889287 17.539999711327255 386.65940707549453
leaf_count=3155 122735 1389561 594 4633 1194 10399 1381428 4333 67 2540 1177 1628 426930 5790 313350 35673 482254 194863 2106 28 694 798 101631 6142 6161 878 1754 245 135 1989
internal_value=-0.000264732 -0.00270808 -0.00437809 0.0341241 0.115118 0.0161503 0.00136215 0.018947 0.0400365 -0.0362942 -0.00871651 0.0549814 0.000955628 -0.0491507 0.00261319 -0.000155591 -0.00587138 0.00467436 -0.0139501 0.120514 0.0118931 0.00726396 0.0251819 0.0536676 0.0865717 0.123255 0.0946778 0.252245 0.0356453 0.0459613
internal_weight=571660 228491 205924 1718.52 298.841 1419.68 343169 7743.73 4391.42 716.685 3352.31 3674.73 335425 1587.01 254326 138270 63326.5 74943 35276.8 225.45 40425.6 29974.9 10450.7 2354.68 1413.13 831.313 702.166 165.825 581.814 536.341
internal_count=4504865 1529116 1406381 16820 1788 15032 2975749 18690 7390 2607 11300 4783 2957059 6967 2530129 1148701 520061 628640 484388 2134 315290 195661 119629 17998 11856 5560 4682 939 6296 3743
cat_boundaries=0 1 2 3 4 5 6 7 8 9 10 11 12 13 14 15 16 17 18 19
cat_threshold=60 24 8 40 916 16 48 657 2 8 2 161 2 11 818 2 44 1 50
is_linear=0
shrinkage=0.08


Tree=107
num_leaves=31
num_cat=16
split_feature=47 34 35 38 37 43 4 3 38 4 3 34 6 42 40 22 16 34 20 18 3 17 36 3 42 4 45 42 3 45
split_gain=283.576 535.035 503.778 640.243 621.88 690.672 614.429 611.124 790.143 1070.45 820.055 797.728 703.565 785.622 654.092 559.18 556.671 1045.74 982.776 804.774 612.858 600.314 574.168 695.274 542.907 596.623 538.424 535.155 861.347 531.8
threshold=0 1 2 3 4 5 62.500000000000007 502.35499572753912 6 34.500000000000007 166.73500061035159 7 1412.1250000000002 8 9 6.5000000000000009 1.0000000180025095e-35 10 1.0000000180025095e-35 628.85000610351574 278.34500122070318 12.500000000000002 11 238.36499786376956 12 16.500000000000004 13 14 101.90499877929689 15
decision_type=1 1 1 1 1 9 8 10 1 10 8 1 2 9 1 2 2 1 2 2 10 2 9 10 9 8 9 9 8 9
left_child=2 -2 -1 24 7 6 16 8 10 11 12 29 14 -14 -5 -13 22 18 19 -18 -21 26 23 -6 25 -4 -22 28 -7 -10
right_child=1 -3 3 4 5 27 -8 -9 9 -11 -12 15 13 -15 -16 -17 17 -19 -20 20 21 -23 -24 -25 -26 -27 -28 -29 -30 -31
leaf_value=0.00078708815974219205 0.0039839792367477511 -0.001849785829547039 0.053732887322493206 0.30435726752315384 0.75180900675429851 0.39006627352362233 0.18899850967862011 0.0046542108301396712 -0.053305276739974698 0.21794389963452709 -0.018557694273088798 -0.053091533562176489 0.28880450307395211 -0.076955548473017929 0.013882149665542826 0.25298902576493693 -0.052218443866883534 -0.059970357491749539 -0.092357266651304004 0.52491418814362212 -0.068430704705464293 0.066013272301146356 -0.030983565227386125 0.091436144057779389 -0.002546065809325477 -0.011294296555175793 0.28399494272091036 -0.062190766684600267 -0.019602857989194027 0.017870507242000195
leaf_weight=96054.557771671331 190390.09443407832 213359.98230534792 2507.670585857355 40.213142547756433 11.345485009253023 33.374499276280403 99.69981780089438 14779.558726638701 938.62767589092255 107.6374263484031 8293.1990450797603 6727.6058155786886 113.63752552121878 53.835713525302708 4687.0096036167815 38.417883898597211 118.44831360271201 459.12755271000788 149.39386396296322 30.829116642475128 33.849675595760345 236.68837981834076 3942.6704183844849 101.38995655812323 18234.294801933458 1411.1597952456214 212.78804942872375 4447.7569013850298 2076.9728607891593 2292.9312706140336
leaf_count=1466631 585777 744293 30264 255 74 19 633 688778 32777 1433 136273 221484 288 791 60774 111 1632 6340 2294 130 503 2249 57899 923 277764 11144 628 74935 38352 59438
internal_value=-0.000248626 0.000901204 -0.00300813 -0.00805765 -0.0130711 -0.0289854 -0.0077436 -0.00806788 -0.0161436 -0.0329615 -0.00322936 -0.0356958 0.0227352 0.183878 0.0170263 -0.0512778 -0.0114616 0.03542 0.0910286 0.135775 0.179084 0.157026 -0.0258094 0.14503 0.00326466 0.0302396 0.244367 -0.0464255 -0.0130622 -0.00290364
internal_weight=571985 403750 168235 72180.1 50027 11954.3 5396.23 38072.7 23293.1 10105.2 13187.9 9997.58 4894.7 167.473 4727.22 6766.02 5296.53 1241.12 781.997 632.604 514.155 483.326 4055.41 112.735 22153.1 3918.83 246.638 6558.1 2110.35 3231.56
internal_count=4504886 1330070 3174816 1708185 1389013 186611 73305 1202402 513624 315243 198381 313810 62108 1079 61029 221595 72672 13776 7436 5142 3510 3380 58896 997 319172 41408 1131 113306 38371 92215
cat_boundaries=0 1 2 3 4 5 6 7 8 9 10 11 12 13 14 15 16
cat_threshold=4 28 48 647 57 10 336 70 18 8 26 16 3 1 9 4
is_linear=0
shrinkage=0.08


Tree=108
num_leaves=31
num_cat=14
split_feature=49 38 16 34 36 19 38 47 32 12 32 19 2 12 35 12 37 47 6 19 47 36 22 17 11 23 42 40 38 23
split_gain=242.624 264.72 240.647 425.703 535.171 465.38 685.754 893.211 943.12 937.148 672.62 632.183 521.652 498.136 440.043 431.229 344.269 561.754 322.533 321.428 315.237 733.054 614.129 596.561 779.75 1056.93 643.592 599.737 583.747 1755.7
threshold=0 1 1.0000000180025095e-35 2 3 150.004997253418 4 5 -1.0249999761581419 208.52500152587893 -1.8849999904632566 116.72499847412111 1.0000000180025095e-35 427.15000915527349 6 698.50500488281261 7 8 421.50498962402349 85.27500152587892 9 10 2.5000000000000004 22.500000000000004 48.500000000000007 1.5000000000000002 11 12 13 5.5000000000000009
decision_type=9 1 2 1 9 2 1 1 8 2 10 2 10 2 1 2 1 1 2 2 1 9 2 2 2 2 9 1 1 2
left_child=1 -1 20 5 15 6 7 -4 9 10 12 -11 -9 -10 -8 -5 17 18 -7 -12 21 23 -23 27 26 -26 -25 28 29 -2
right_child=2 -3 3 4 -6 16 14 8 13 11 19 -13 -14 -15 -16 -17 -18 -19 -20 -21 -22 22 -24 24 25 -27 -28 -29 -30 -31
leaf_value=0.17721237095056677 0.0043150988734009677 -0.0063356784485828054 0.010169891654942973 -0.074789345009661098 -0.0068338154044056045 -0.021094794975903795 0.047356743947052228 0.12020983802429278 0.097660890688658977 -0.092745312691344492 0.7554328655178334 0.28896450390749634 0.52090174054715932 -0.092389783853756499 -0.031910929147324144 0.2735857672314943 0.0048176925703679353 0.021565648300404246 0.19557760531026339 0.35807821173493876 0.00063167402168938774 -0.020495911227071534 0.24472129656138833 -0.068855930144026856 0.0034256344691379254 0.369906269910595 -0.0077238162742464637 0.00082958055732548156 -0.033971056365666163 0.56568161104119863
leaf_weight=93.209084590896964 2290.415616906248 105.48118019686081 940.70219748094678 31.665035371668637 18232.223799717904 55.750768970698118 736.02429124852642 63.884878370910883 733.9582466292195 63.369524689391255 33.817679400555789 49.428394664078951 30.828526553697884 100.33090797811747 1112.7747901957482 80.68130574002862 40235.41558533482 1278.0250343312509 208.06041632965207 21.194374063052237 362199.20146853337 16555.955364230089 56.066653218585998 2143.0309119147714 174.99279881187249 70.71717322897166 2279.8961422001594 115598.17197886592 6196.076242197305 36.220290863420814
leaf_count=307 33662 644 1130 260 196637 322 6427 472 5163 1022 95 318 101 1670 7384 200 347819 8657 265 181 1197084 203139 385 99031 5180 297 68852 2248998 68552 545
internal_value=-1.78709e-05 0.0883701 -4.85944e-05 0.00457388 -0.00571841 0.00870798 0.0351894 0.0670357 0.116419 0.248665 0.379858 0.0745211 0.250632 0.0748056 -0.000268725 0.16106 0.00624664 0.0432245 0.149789 0.602345 -0.000631485 -0.00377805 -0.019589 -0.00173701 -0.0298112 0.108902 -0.0375172 -0.000681176 -0.0211485 0.0129984
internal_weight=571808 198.69 571609 64008.1 18344.6 45663.6 3886.31 2037.51 1096.81 262.523 149.725 112.798 94.7134 834.289 1848.8 112.346 41777.3 1541.84 263.811 55.0121 507601 145402 16612 128790 4668.64 245.71 4422.93 124121 8522.71 2326.64
internal_count=4504799 951 4503848 578123 197097 381026 23963 10152 9022 2189 849 1340 573 6833 13811 460 357063 9244 587 276 3925725 2728641 203524 2525117 173360 5477 167883 2351757 102759 34207
cat_boundaries=0 1 2 3 4 5 6 7 8 9 10 11 12 13 14
cat_threshold=2 262 54 32 457 2 9 2 1 4 193 42 1 544
is_linear=0
shrinkage=0.08


Tree=109
num_leaves=31
num_cat=8
split_feature=31 40 44 45 41 32 38 34 12 3 13 20 12 3 41 32 38 13 19 6 6 32 16 13 1 6 32 3 22 3
split_gain=423.593 583.208 434.508 976.913 275.319 308.161 295.124 220.332 214.327 546.668 554.57 529.222 371.606 780.712 511.942 664.525 717.168 654.325 862.775 671.423 1126.14 925.018 462.133 399.45 397.189 385.029 343.257 555.924 501.477 341.489
threshold=1.0000000180025095e-35 0 1 2 3 -17.144999504089352 4 5 622.02502441406261 358.03500366210943 612.02499389648449 1.0000000180025095e-35 1876.1999511718752 552.32000732421886 6 -4.0750000476837149 7 856.57501220703136 2811.2500000000005 1777.674987792969 1911.1999511718752 21.154999732971195 1.0000000180025095e-35 2093.3000488281255 4.5000000000000009 1325.8499755859377 3.3249999284744267 488.73500061035162 1.0000000180025095e-35 77.475002288818374
decision_type=10 1 9 9 9 8 1 1 2 10 2 2 2 10 9 10 1 2 2 2 2 10 2 2 2 2 10 10 2 10
left_child=8 -2 4 -4 -3 -6 -7 -5 -1 10 -10 12 -11 14 15 -14 17 -17 19 21 -21 22 -19 -22 26 -24 27 -20 -29 -12
right_child=1 2 3 7 5 6 -8 -9 9 11 29 -13 13 -15 -16 16 -18 18 24 20 23 -23 25 -25 -26 -27 -28 28 -30 -31
leaf_value=-0.0012138353294553644 -0.12923262629623142 0.010887096036340495 0.018701597486372852 -0.0028751159469369357 -0.052700818775305913 0.073466958221693593 0.028541209592673044 -0.070351316700326905 0.015204965793191801 0.00050730164652155335 0.020847696255187956 -0.011340498079400893 0.010551566577270426 -0.018044268909778487 0.019831640595732954 -0.061828040954781498 -0.038456286701192728 -0.0055055082766613797 0.050094513971196949 1.1443760826409044 0.08353894801897109 0.58744260212752319 0.33833393081902663 0.6647987811620979 0.49410603027748756 0.00039660279945925267 0.0054503226442807204 0.73857697129397526 0.21558323121625175 -0.0026522489790508819
leaf_weight=439855.87220625894 170.31626413948834 3040.7702021645382 4838.8351607369259 428.49330100882798 205.20241983421147 1656.9326154012233 2244.9170434493572 1200.9980982397683 31221.27165365126 21006.716465267818 4564.3306659497321 26728.132564432104 416.81585966516286 1557.0572529990459 1382.5118844357785 69.401507724542171 130.55494926357642 64.005086825694889 86.244069484993815 15.161250169388948 19.664236827753488 41.216830778401345 93.284744469448924 12.299263740889726 16.148032551631331 28.070437236689031 157.3624065972399 16.872480503749102 38.526856378652155 29767.677398730069
leaf_count=3187300 1253 8319 8122 1398 737 4262 5580 11861 211358 286715 25995 445567 3316 32571 16364 877 1555 662 605 92 223 125 358 62 24 149 1504 238 298 248054
internal_value=-6.05014e-05 0.0137921 0.0156645 0.000653173 0.0292708 0.042751 0.0478805 -0.0527334 -0.000403193 0.00263313 0.00748891 -0.00350242 0.00482686 0.0267172 0.0536463 0.0914986 0.135432 0.167952 0.197886 0.301796 0.576543 0.244653 0.16843 0.307202 0.107643 0.260166 0.0867722 0.177119 0.374867 0.000471994
internal_weight=571076 13786.5 13616.1 6468.33 7147.82 4107.05 3901.85 1629.49 557289 117433 65553.3 51880 25151.9 4145.2 2588.14 1205.63 788.812 658.257 588.856 273.702 47.1248 226.577 185.36 31.9635 315.154 121.355 299.006 141.643 55.3993 34332
internal_count=4505544 41532 40279 21381 18898 10579 9842 13259 4464012 1276712 485407 791305 345738 59023 26452 10088 6772 5217 4340 1671 377 1294 1169 285 2669 507 2645 1141 536 274049
cat_boundaries=0 1 2 3 4 5 6 7 8
cat_threshold=1 2 44 19 780 2 33 370
is_linear=0
shrinkage=0.08


Tree=110
num_leaves=31
num_cat=7
split_feature=21 38 35 42 17 32 17 17 17 19 19 17 17 18 32 6 34 39 3 6 18 37 18 42 3 3 18 17 17 17
split_gain=322.827 318.252 376.719 516.822 637.207 524.797 540.514 689.813 484.994 1724.58 872.029 520.238 1381.55 1796.18 1896.08 445.135 442.047 631.378 1224.81 1903.23 1349.34 689.019 631.371 403.501 662.035 1405.76 536.778 444.363 362.536 400.116
threshold=1.0000000180025095e-35 0 1 2 106.50000000000001 11.965000152587892 25.500000000000004 9.5000000000000018 11.500000000000002 342.00999450683599 238.00500488281253 21.500000000000004 22.500000000000004 7222.8249511718759 -3.254999995231628 1911.1999511718752 3 4 601.87500000000011 1637.899841308594 4125.8000488281259 5 5506.9501953125009 6 194.46500396728518 174.08499908447268 7222.8249511718759 15.500000000000002 12.500000000000002 7.5000000000000009
decision_type=2 1 1 9 2 8 2 2 2 2 2 2 2 2 10 2 1 9 10 2 2 1 2 9 8 10 2 2 2 2
left_child=-1 2 3 4 -2 6 7 -5 9 10 -9 -10 13 15 -15 -13 17 18 -4 22 -21 23 -20 24 25 -19 -26 -28 29 -3
right_child=1 28 16 5 -6 -7 -8 8 11 -11 -12 12 -14 14 -16 -17 -18 21 19 20 -22 -23 -24 -25 26 -27 27 -29 -30 -31
leaf_value=-0.001092420521042532 -0.0076808455653921874 -0.0085630502720670226 0.064055410101916371 -0.0089265488597582935 0.45702609823425916 -0.0069932395050214284 0.028323180566643954 0.45618263553185168 0.093992296412365561 0.013273106049503054 1.236240457728409 0.13374441654010402 0.11077932681111062 2.5905694305294551 0.57350835135925127 0.63971850292390875 -0.0045697340811280476 0.12641729004053773 0.047028402321308227 2.0113684174638649 0.61587100124750815 -0.024124776664399938 0.70368171522453604 -0.046722723357093633 -0.072184163909691915 0.65509101836350159 0.5960728273183209 0.1045695531512172 -0.011011435196493129 0.035774679631020101
leaf_weight=548527.88421528111 1033.5366945575224 2305.4010178945027 365.85288089746609 166.48156101070344 19.235820318572223 401.70625962677877 460.25569619925227 25.728065346833318 386.73009354318492 45.277897018706426 14.252912273397667 25.877887396374717 128.31254821026232 5.258365559624508 6.8917386720422638 19.523336417973042 4434.063896519132 172.17946964036673 45.586551699321717 6.7409917642362442 12.960238283034412 981.59394104406238 11.796024583280085 117.02261886745691 139.00155306095257 39.591240925714374 13.288911543320863 103.15850158873945 7284.5264818312135 2994.7520753983408
leaf_count=4289086 12714 16721 1916 2931 194 10821 12256 273 7139 1023 95 365 1781 108 118 63 44810 422 400 53 237 9217 133 920 2144 139 68 753 66145 21019
internal_value=-0.000713262 0.00884172 0.020156 0.0449753 0.000802464 0.0723856 0.0977717 0.136547 0.173362 0.351373 0.734267 0.146856 0.256852 0.582525 1.44646 0.351322 0.00955112 0.040589 0.125119 0.414938 1.09336 0.0169368 0.182015 0.0848849 0.118136 0.225255 0.0339586 0.16066 0.000570236 0.0164892
internal_weight=570294 21766.6 9181.91 2739.07 1052.77 1686.3 1284.59 824.334 657.853 85.2589 39.981 572.594 185.864 57.5513 12.1501 45.4012 6442.84 2008.77 442.937 77.0838 19.7012 1565.84 57.3826 584.242 467.22 211.771 255.449 116.447 12584.7 5300.15
internal_count=4504064 214978 111093 49881 12908 36973 26152 13896 10965 1391 368 9574 2435 654 226 428 61212 16402 2739 823 290 13663 533 4446 3526 561 2965 821 103885 37740
cat_boundaries=0 1 2 3 4 5 6 7
cat_threshold=178 17 50 18 1 32 25
is_linear=0
shrinkage=0.08


Tree=111
num_leaves=31
num_cat=10
split_feature=47 44 38 32 42 36 32 43 44 46 32 3 4 6 2 18 18 4 3 1 13 3 43 23 13 1 32 23 45 18
split_gain=313.21 666.26 842.603 689.416 666.47 625.477 895.353 577.853 571.135 1187.74 550.852 545.413 566.778 491.125 481.198 462.511 1026.17 792.482 673.101 524.598 517.921 514.778 476.435 1886.27 477.517 486.257 417.205 409.19 402.427 386.576
threshold=0 1 2 -17.144999504089352 3 4 5.5450000762939462 5 6 7 5.2850000858306894 754.63000488281261 1.0000000180025095e-35 19888.224609375004 1.0000000180025095e-35 64.099998474121108 124.07500076293947 69.500000000000014 24.98499965667725 4.5000000000000009 33.000003814697273 710.01501464843761 8 3.5000000000000004 121.05000305175783 1.0000000180025095e-35 3.1450001001358037 1.5000000000000002 9 368.32499694824224
decision_type=1 9 1 8 9 9 10 9 9 1 10 8 10 2 10 2 2 10 10 2 2 10 9 2 2 2 10 2 9 2
left_child=-1 4 8 -4 10 6 -5 -7 9 28 29 15 26 -14 -6 -9 17 18 20 22 -17 -18 23 -20 25 -25 -13 -16 -3 -2
right_child=1 2 3 5 14 7 -8 11 -10 -11 -12 12 13 -15 27 16 21 -19 19 -21 -22 -23 -24 24 -26 -27 -28 -29 -30 -31
leaf_value=0.0017436031731348604 0.087855748698922057 -0.047732909986555029 0.032604102265356302 -0.0056024048266930084 0.0019767114150408918 -0.050908682002992027 -0.044090154521408964 -0.0046924792209721827 -0.063073084468872484 0.053864849063305638 -0.026371259373696856 0.039543787151476766 -0.033647334259208059 0.25693243270260868 0.016328168206795755 0.28431754482542632 0.0031560113397338329 0.49732450142545487 -0.052889706939872258 0.29725168817502329 -0.013072704185132698 -0.084488360415184871 0.02468376232046118 -0.087603138744221362 0.70400486481126567 0.58846169623077149 0.13267328535657302 0.080821401475279872 -0.0098895842845679264 0.021928651451068478
leaf_weight=279220.4296569135 1400.5027334028855 1831.8687323048653 3981.3781720842235 23626.399634493515 38353.415706131142 1337.6382973766886 4625.7637025294825 52373.077134650695 1283.7214236296713 1862.4131506280974 573.23719653300941 845.30678455298766 634.41280254302546 39.546050213743001 2188.9559071287513 120.81055128201842 71323.149468414718 24.161795400083065 94.803425320889801 47.37330961599946 54.335849210619926 431.49066954338923 4547.9440837027505 13.260704725049436 35.772920852061361 13.994145425967872 484.21137442020699 883.83981314487755 79222.960351785528 959.01668715151027
leaf_count=367572 4690 78608 17604 213093 211675 10642 52022 503074 26203 5831 3868 4996 6302 141 7328 298 793668 177 1713 132 392 7576 46543 301 100 35 4016 1984 2127272 6636
internal_value=-0.000174023 -0.00200013 -0.00361016 -0.000280943 0.00703226 -0.00109583 -0.0118998 0.00121002 -0.0101192 -0.0093006 0.0438212 0.00174571 0.0431664 -0.0165969 0.00441615 0.00110294 0.00505987 0.0402804 0.0380397 0.0323643 0.192058 0.00262897 0.0296977 0.162327 0.511801 0.259526 0.0734616 0.0348786 -0.010752 0.06106
internal_weight=572435 293215 248856 164655 44359 160673 28252.2 132421 84201 82917.2 2932.76 131084 2003.48 673.959 41426.2 129080 76707.1 4952.46 4928.29 4753.15 175.146 71754.6 4705.78 157.831 63.0278 27.2549 1329.52 3072.8 81054.8 2359.52
internal_count=4504492 4136920 3900739 1662825 236181 1645221 265115 1380106 2237914 2211711 15194 1369464 15455 6443 220987 1354009 850935 49691 49514 48824 690 801244 48692 2149 436 336 9012 9312 2205880 11326
cat_boundaries=0 1 2 3 4 5 6 7 8 9 10
cat_threshold=2 1 45 1 58 2 2 1 32 2
is_linear=0
shrinkage=0.08


Tree=112
num_leaves=31
num_cat=18
split_feature=48 34 36 38 41 34 38 36 34 19 29 36 38 42 38 45 42 22 34 35 32 2 43 4 17 11 6 20 11 22
split_gain=245.807 362.363 217.183 382.694 208.683 915.062 634.947 414.824 594.38 324 329.464 254.48 312.683 300.297 331.297 237.083 250.711 231.308 453.013 453.399 519.98 407.563 383.624 767.754 615.867 1159.71 3040.61 882.863 706.377 3709.49
threshold=0 1 2 3 4 5 6 7 8 58.07500076293946 1.0000000180025095e-35 9 10 11 12 13 14 1.0000000180025095e-35 15 16 21.154999732971195 1.0000000180025095e-35 17 42.500000000000007 9.5000000000000018 1.5000000000000002 20.149963378906254 1.0000000180025095e-35 4.5000000000000009 1.5000000000000002
decision_type=9 1 9 1 9 1 1 9 1 2 2 9 1 9 1 9 9 2 1 1 10 10 9 10 2 2 2 2 2 2
left_child=4 -2 3 -3 5 6 -1 8 -8 11 -11 13 -13 -7 -15 16 -9 -6 19 20 21 22 23 24 -19 26 -26 28 29 -27
right_child=1 2 -4 -5 17 9 7 15 -10 10 -12 12 -14 14 -16 -17 -18 18 -20 -21 -22 -23 -24 -25 25 27 -28 -29 -30 -31
leaf_value=0.043661996816375552 0.056995961402398196 0.15855359609036904 -0.030640452743951947 -0.094563819406898106 -0.0010976386581851073 -0.077057539230555055 0.25621864690952928 0.13845905053887672 -0.0095208378395974756 0.0075823798039478356 0.19547690092907533 0.044542876737465528 -0.026753988933013308 0.00618386381128777 -0.06350789409297776 -0.03986718268373992 -0.060311195423264012 -0.026275811764168298 -0.0042025340865485088 0.0042803947126279999 -0.045418309563870489 -0.010550232420821582 0.02700122945725382 0.36644336615506357 -0.10566048463694036 -0.0029375920518228834 3.0717219729868441 -0.0060819072329857697 0.13632684020239269 2.3188695846176364
leaf_weight=5252.4699526326731 1147.4267125912011 100.94828894920647 701.87825037562288 52.170773434918374 473563.19999034947 896.2914558397606 75.301176466047764 95.670567571651191 152.49756564572453 2300.1259790435433 61.317612463608384 630.16792005486786 1012.4609519736841 1143.5736767407507 696.78750162757933 1301.022880429402 61.257112289313227 359.5823555404786 30600.448691154947 40911.590136164567 667.10077451879624 1518.1935283181956 7019.7546385689639 55.37239783629775 5.3706841433886421 17.301429766463119 3.0066030495800078 364.92419168259948 487.32916171546094 5.9076956650242201
leaf_count=8081 6453 212 6234 564 3680300 3706 69 85 462 7495 177 1309 2708 2871 2546 5840 217 6925 378570 307206 6741 13423 46809 122 209 376 67 8816 6802 105
internal_value=-7.94731e-05 0.0279004 -0.0116765 0.0718012 -0.000177895 0.00958016 0.0299566 -0.0127523 0.0854026 -0.0114066 0.0124613 -0.024303 0.000701919 -0.0391712 -0.0204031 -0.0285659 0.0619037 -0.000418314 0.00350409 0.00809001 0.0229099 0.0275671 0.0345237 0.0744009 0.0619939 0.0979057 1.0347 0.0889415 0.156863 0.58806
internal_weight=571260 2002.42 854.997 153.119 569258 13678.9 6938.22 1685.75 227.799 6740.73 2361.44 4379.28 1642.63 2736.65 1840.36 1457.95 156.928 555579 82015.9 51415.4 10503.8 9836.74 8318.55 1298.79 1243.42 883.84 8.37729 875.462 510.538 23.2091
internal_count=4505500 13463 7010 776 4492037 35566 14754 6673 531 20812 7672 13140 4017 9123 5417 6142 302 4456471 776171 397601 90395 83654 70231 23422 23300 16375 276 16099 7283 481
cat_boundaries=0 1 2 3 4 5 6 7 8 9 10 11 12 13 14 15 16 17 18
cat_threshold=1 51 66 708 16 120 657 34 8 128 18 42 645 8 33 22 17 33
is_linear=0
shrinkage=0.08


Tree=113
num_leaves=31
num_cat=7
split_feature=7 1 45 47 41 34 32 3 12 12 39 23 13 19 2 32 33 32 5 12 3 2 32 42 19 3 43 32 1 22
split_gain=228.066 232.455 395.392 320.981 529.4 615.53 709.551 683.632 431.32 1320.58 416.171 504.795 557.519 832.569 477.414 440.99 387.938 383.371 376.798 340.409 394.489 331.405 337.232 351.068 396.449 313.344 292.844 279.736 277.466 274.884
threshold=6888.4750976562509 2.5000000000000004 0 1 2 3 31.404999732971195 166.73500061035159 720.00003051757824 501.01000976562506 4 9.5000000000000018 1433.8399658203127 1728.8750000000002 1.0000000180025095e-35 -0.89499998092651356 1.0000000180025095e-35 21.154999732971195 32.500000000000007 110.04998779296876 158.09000396728518 2.5000000000000004 -6.9349999427795401 5 1237.549987792969 9.9849996566772479 6 6.2249999046325692 4.5000000000000009 2.5000000000000004
decision_type=2 2 9 1 9 1 10 10 2 2 9 2 2 2 10 8 2 10 2 2 10 8 8 9 2 10 9 8 2 2
left_child=1 -1 25 4 21 6 10 -8 9 -9 14 12 16 -14 -6 -16 17 -12 -7 27 -21 22 23 28 -25 -3 -27 -17 -4 -28
right_child=-2 2 3 -5 5 18 7 8 -10 -11 11 -13 13 -15 15 19 -18 -19 -20 20 -22 -23 -24 24 -26 26 29 -29 -30 -31
leaf_value=-0.0002933204339794938 -0.032237791751853241 -0.055005554642599076 -0.01900613771626453 0.0098359047070462041 -0.035560268196775227 -0.05438730785702884 0.64707218682351131 -0.096011179409122391 -0.094328229772374983 0.89019782334204589 -0.046496106612405823 0.5224372594797666 0.5867759087603327 0.060068228943591984 -0.091148321016776584 0.46431337358352365 0.56932094721603266 0.52670291938472236 0.23890433830658889 0.37134489705350299 -0.005661823856362538 -0.072496689432462319 0.0082126936455734056 0.27051954940954465 -0.088186834966142269 0.1840231434174002 0.024800532172504466 0.15773852779096764 0.17922585340383207 -0.12675767796779247
leaf_weight=535993.87439520902 1399.0029927373398 327.45107519160956 193.97776710195467 13085.958496546838 1749.4814114253968 2881.4265355623793 19.185529408976436 21.556919849477708 34.387258259113878 14.558362631127236 221.64755120268092 15.50252745952457 28.02426719898358 61.047009574482217 82.294343310873955 25.792139088734984 7.1966511216014615 7.7280982546508303 28.309708329383284 20.60769430315122 128.68014767859131 298.75772376172245 4545.8644095945638 104.58554844511673 24.301081671379507 63.704215154051781 7882.4732691640966 72.850640944205225 58.915164742618799 77.341114239883609
leaf_count=4209461 17315 763 3004 18557 28613 50057 61 368 836 93 5121 51 101 1283 1462 159 60 73 230 157 1628 6388 100985 953 634 127 53890 496 157 1680
internal_value=2.31594e-05 0.000102608 0.00671706 0.00144339 -0.0088706 -0.0263594 0.00270209 0.223674 0.108456 0.301538 -0.00547333 0.0764245 0.0551917 0.225785 -0.0189075 0.0693164 -0.00903796 -0.027184 -0.0513573 0.122579 0.0463802 0.00929963 0.0142777 0.0864943 0.188279 0.0216766 0.0248331 0.237899 0.0261413 0.0232987
internal_weight=569476 568077 32083.6 23732.6 10646.7 5420.28 2510.54 89.6881 70.5025 36.1153 2420.85 341.146 325.644 89.0713 2079.71 330.225 236.572 229.376 2909.74 247.931 149.288 5226.4 4927.64 381.78 128.887 8350.97 8023.52 98.6428 252.893 7959.81
internal_count=4504763 4487448 277987 221527 202970 90849 40562 1358 1297 461 39204 6689 6638 1384 32515 3902 5254 5194 50287 2440 1785 112121 105733 4748 1587 56460 55697 655 3161 55570
cat_boundaries=0 1 2 3 4 5 6 7
cat_threshold=42 4 34 10 1 49 2
is_linear=0
shrinkage=0.08


Tree=114
num_leaves=31
num_cat=11
split_feature=34 1 49 23 39 47 3 32 32 3 18 3 32 2 37 47 38 23 3 11 38 36 36 4 39 18 18 11 7 4
split_gain=331.505 458.312 325.698 300.261 1285.14 817.511 937.143 570.648 330.78 699.238 321.247 266.773 355.772 352.119 538.693 546.268 715.756 515.421 452.996 543.158 758.492 463.597 336.949 335.183 334.353 570.568 499.166 668.991 1265.71 566.364
threshold=0 1.5000000000000002 1 2.5000000000000004 2 3 418.39500427246099 -0.49500000476837153 86.125000000000014 224.1350021362305 18018.814453125004 641.55499267578136 -7.7550001144409171 1.0000000180025095e-35 4 5 6 3.5000000000000004 56.079999923706062 3.5000000000000004 7 8 9 15.500000000000002 10 1196.2650146484377 1681.5650024414065 15.500000000000002 196.00000762939456 4.5000000000000009
decision_type=1 2 9 2 9 1 10 10 10 10 2 10 8 8 1 1 1 2 8 2 1 9 9 10 9 2 2 2 2 10
left_child=11 2 -2 8 5 6 7 -5 -3 -10 -11 12 -1 -14 -15 -16 22 18 19 -18 -21 -20 -17 -19 25 -23 27 29 -29 -27
right_child=1 3 -4 4 -6 -7 -8 -9 9 10 -12 -13 13 14 15 16 17 23 21 20 -22 24 -24 -25 -26 26 -28 28 -30 -31
leaf_value=0.017243105199705743 0.1255981215098679 0.0061585540525217796 -0.0025538579218406842 1.1759364481011618 0.03071785191360258 0.016656428455199847 -0.098461790224326717 0.4933447460307494 0.43115773401872132 -0.013518651898633096 0.2613566266749146 -0.00882140398348665 0.0035426524233554469 0.025564617083169365 0.0027193983184535943 -0.065514269699109201 0.028882967389859876 -0.069533178670947465 -0.034556888760265789 0.38375960683263155 0.0095250956645240165 -0.040076360571857352 -0.023952782872574369 0.021741003690575959 0.011305898565208495 -0.037314961143720626 -0.0053931216750457709 0.8548289773730694 0.12572946518764352 0.18771656522936184
leaf_weight=10254.195063448045 126.98744974005967 10046.066344331368 254266.32156989985 15.063515318091961 1719.3398525563534 23.082850217819214 9.1712836385704559 16.342066152952611 35.574376441538334 136.58496796805412 33.981118390336633 13688.000112050795 221542.00202556775 3841.3990185286384 27323.7303075362 1454.3403901644051 708.76529806666076 1139.113738166634 2441.4459359738976 61.498780546709895 79.307074196636677 2439.6427167104557 8953.8823834219947 332.69844879023731 9559.4071557344869 192.75968781113625 1037.1902609891258 20.104307573288679 62.960931686684489 113.86056283861399
leaf_count=59013 354 68694 2030868 90 10590 35 322 193 84 669 28 179351 1754786 35334 36635 13483 3877 14948 21314 181 442 32913 127336 2447 90266 2979 16204 81 646 741
internal_value=0.000293878 -0.00176813 -0.00248989 0.0134866 0.0437868 0.396757 0.612984 0.820746 0.00821698 0.108532 0.0412435 0.00209365 0.00260616 0.0020726 -0.00337696 -0.00536867 -0.0130985 -0.00351302 0.000480972 0.057394 0.200908 -0.00256626 -0.0298175 -0.0489009 0.00327439 -0.0165739 0.0236102 0.100806 0.302194 0.0462484
internal_weight=571675 266429 254393 12035.2 1783 63.6597 40.5769 31.4056 10252.2 206.14 170.566 305246 291558 281304 59762.1 55920.7 28597 18188.8 16716.9 849.571 140.806 15867.4 10408.2 1471.81 13425.9 3866.52 1426.88 389.685 83.0652 306.62
internal_count=4504904 2111927 2031222 80705 11230 640 605 283 69475 781 697 2392977 2213626 2154613 399827 364493 327858 187039 169644 4500 623 165144 140819 17395 143830 53564 20651 4447 727 3720
cat_boundaries=0 1 2 3 4 5 6 7 8 9 10 11
cat_threshold=29 2 2 4 82 2 305 72 26 58 1
is_linear=0
shrinkage=0.08


Tree=115
num_leaves=31
num_cat=11
split_feature=37 2 1 38 3 3 34 6 19 3 3 3 19 11 4 44 7 38 38 7 13 38 33 19 6 38 34 13 34 41
split_gain=235.967 586.06 958.778 841.06 519.676 1633.29 398.218 394.781 1473.75 539.474 560.773 418.152 501.348 397.117 367.145 249.208 394.692 271.965 231.566 227.525 212.466 365.787 473.954 484.268 506.855 415.009 382.215 349.005 582.704 342.913
threshold=0 1.5000000000000002 1.5000000000000002 1 150.32500457763675 131.68499755859378 2 42.049804687500007 85.27500152587892 729.52001953125011 322.66500854492193 299.66500854492193 320.00500488281256 9.5000000000000018 9.5000000000000018 3 1254.029968261719 4 5 207.02500152587893 1433.8399658203127 6 1.0000000180025095e-35 2308.900024414063 2240.1750488281255 7 8 1231.4500122070315 9 10
decision_type=1 10 2 1 8 10 1 2 2 10 8 10 2 2 10 9 2 1 1 2 2 1 2 2 2 1 1 2 1 9
left_child=1 15 3 4 5 19 -6 14 -9 10 11 12 -10 -11 -8 16 17 -1 -4 -3 27 -22 -23 26 -25 -26 29 -2 -29 -24
right_child=20 2 18 -5 6 -7 7 8 9 13 -12 -13 -14 -15 -16 -17 -18 -19 -20 -21 21 22 23 24 25 -27 -28 28 -30 -31
leaf_value=0.11975504001677781 -9.794858260288578e-05 -0.037962145482669199 0.14157724630701951 -0.044349855237488897 0.029258085836060439 0.73092669366432961 -0.025561508786188934 0.55253792048838857 0.26767776129993609 0.10165428218599283 -0.034993548395605256 0.4235033286617309 0.0041442931510796196 0.56524857414521279 0.22651131985273729 0.0012745526754656992 0.19292061570093502 0.0060216999235552862 -0.039049543707265454 0.26984297076418418 0.011269272500939637 -0.013254290877696804 0.21464251618251379 -0.097263130037974335 0.12651074769240564 -0.051485549055433781 0.01358661132300472 -0.055863150376444008 0.023953871507923715 -0.081588660313026987
leaf_weight=152.97720628790557 514531.08685611433 46.874090254306793 39.259374340996146 252.21310030994937 359.08348745899275 35.279491614550352 139.23439764324576 58.857694594189525 83.697134006768465 20.121793873608112 139.42287323949859 35.003598184324801 103.12590196263045 28.681914382148534 50.353534420020878 15108.801100280834 99.822297537699342 795.80177376698703 657.01781719829887 22.867259785532951 5830.1983793689869 23569.942783885286 199.27144209947437 222.61100336606614 203.73144689714536 133.5018453525845 167.13594529381953 630.57647250499576 6910.8379747357685 27.926988814724609
leaf_count=249 3889188 252 152 1807 1916 179 1104 150 200 138 1222 62 583 119 193 109551 125 1977 5844 48 29913 367360 953 4882 1158 2976 1918 15095 66799 464
internal_value=6.97474e-05 0.00902274 0.0490933 0.0878295 0.11688 0.287351 0.100435 0.136727 0.178191 0.124458 0.0907309 0.169751 0.122208 0.374108 0.0413877 0.00389199 0.0416053 0.0256853 -0.0273924 0.0629631 -0.000225835 -0.00673242 -0.0110121 0.044258 -0.00357383 0.0582714 0.112166 0.000152467 0.0172376 0.176326
internal_weight=570655 18228.5 2071.09 1374.82 1122.6 105.021 1017.58 658.499 468.911 410.053 361.25 221.827 186.823 48.8037 189.588 16157.4 1048.6 948.779 696.277 69.7414 552427 30354.3 24524.1 954.179 559.844 337.233 394.334 522073 7541.41 227.198
internal_count=4506577 125871 13969 7973 6166 479 5687 3771 2474 2324 2067 845 783 257 1297 111902 2351 2226 5996 300 4380706 409624 379711 12351 9016 4134 3335 3971082 81894 1417
cat_boundaries=0 1 2 3 4 5 6 7 8 9 10 11
cat_threshold=66 480 68 1 6 16 576 276 43 32 35
is_linear=0
shrinkage=0.08


Tree=116
num_leaves=31
num_cat=6
split_feature=0 1 6 3 36 18 6 45 42 3 3 45 13 4 17 43 8 18 18 0 32 36 3 4 3 17 18 19 18 19
split_gain=340.57 174.73 340.767 343.309 323.236 314.147 377.292 312.774 368.755 305.858 287.84 273.301 363.887 244.691 305.604 381.116 455.042 445.615 941.516 1067.22 407.839 412.533 349.317 442.407 806.749 345.939 628.121 653.289 637.357 519.26
threshold=3.5000000000000004 2.5000000000000004 4670.9252929687509 657.08499145507824 0 5970.8249511718759 4159.9497070312509 1 2 806.76501464843761 578.52499389648449 3 4270.0400390625009 4.5000000000000009 13.500000000000002 4 1.5000000000000002 124.07500076293947 154.25000762939456 1.5000000000000002 31.404999732971195 5 358.03500366210943 2.5000000000000004 488.73500061035162 6.5000000000000009 914.52499389648449 1200.8750000000002 576.52499389648449 563.37500000000011
decision_type=2 2 2 8 9 2 2 9 9 10 10 9 2 8 2 9 2 2 2 2 10 9 10 10 10 2 2 2 2 2
left_child=1 -1 3 4 7 -6 11 8 -3 -5 -10 12 -7 14 15 16 -9 20 19 -19 21 -17 25 -24 -25 -20 27 28 -27 -30
right_child=-2 2 -4 9 5 6 -8 13 10 -11 -12 -13 -14 -15 -16 17 -18 18 22 -21 -22 -23 23 24 -26 26 -28 -29 29 -31
leaf_value=7.6119975148326841e-05 0.20904883391761572 0.25111331874889781 -0.046730911649167151 -0.036317758472288582 -0.010698973789465199 0.063615106359471499 0.42596878166349622 0.00089832971081214635 -0.0027372243619958568 0.024911965006721232 0.13110387918126495 -0.02928110163918899 0.39705194015568873 0.0049535806491732325 -0.0011560441272468647 0.26943875139820889 0.38447964898315379 0.47985630400135421 0.051292052987407528 0.097959244287465955 0.25607862847807106 -0.0066374904150413505 0.02706646352358321 -0.092495300935222957 0.39290474871233344 -0.058697960804697663 0.059839636720472766 0.65502480517912387 0.46032037840797679 -0.034404610607486612
leaf_weight=537591.11566325708 50.080532797146589 59.291416620835662 761.20693224482238 1958.2261623687809 5604.9098075623624 78.208217041101307 18.737895513884723 2473.0550056588836 266.5928261782974 711.95519950473681 167.41939630755223 126.56337487883866 28.609533068723977 11735.633756099036 2754.0579097238369 25.450800262391567 19.95291434135288 68.607857204973698 498.97500287089497 147.55052098585293 40.758717142045498 1504.9936142568476 2593.3659795306157 35.730200450867414 56.671040014363825 38.764992888085544 180.96498599881306 25.157774519175291 56.487683409824967 17.874608693644404
leaf_count=4223503 210 137 11346 23084 30870 460 59 22077 2557 4279 729 944 106 76535 46588 88 194 186 3750 1306 62 14709 37447 449 137 483 1575 148 265 257
internal_value=0.000436596 0.000418256 0.00615604 0.00744246 0.0100016 -0.00675794 0.0805878 0.0143098 0.0767322 -0.019992 0.0477906 0.0528576 0.139831 0.0128935 0.0217477 0.0298509 0.00395249 0.0419661 0.0571331 0.219172 0.00632223 -0.000329274 0.0471371 0.0331952 0.205208 0.0929003 0.157932 0.2863 0.204301 0.341402
internal_weight=569697 569647 32055.8 31294.6 28624.4 5857.03 252.119 22767.4 493.304 2670.18 434.012 233.381 106.818 22274.1 10538.4 7784.36 2493.01 5291.35 3720.15 216.158 1571.2 1530.44 3503.99 2685.77 92.4012 818.225 319.25 138.285 113.127 74.3623
internal_count=4504540 4504330 280827 269481 242118 32439 1569 209679 3423 27363 3286 1510 566 206256 129721 83133 22271 60862 46003 1492 14859 14797 44511 38033 586 6478 2728 1153 1005 522
cat_boundaries=0 1 2 3 4 5 6
cat_threshold=144 2 1 1 8 16
is_linear=0
shrinkage=0.08


Tree=117
num_leaves=31
num_cat=5
split_feature=31 40 32 5 18 38 1 19 32 38 13 4 4 36 17 26 6 1 4 32 4 3 13 12 34 3 32 4 5 4
split_gain=354.093 484.099 378.421 233.41 360.117 206.719 236.556 185.917 183.954 298.918 300.183 267.058 252.405 252.059 242.783 370.321 234.76 298.808 396.043 483.321 332.746 531.599 356.432 428.294 323.329 363.807 475.197 455.159 536.86 450.159
threshold=1.0000000180025095e-35 0 0.59499999880790722 10.500000000000002 3887.174926757813 1 4.5000000000000009 1.0000000180025095e-35 -1.5950000286102293 2 2093.3000488281255 14.500000000000002 18.500000000000004 3 99.500000000000014 9.2500000000000018 664.85000610351574 1.5000000000000002 25.500000000000004 9.2550001144409197 22.500000000000004 514.92498779296886 154.87500000000003 501.01000976562506 4 146.03499603271487 21.154999732971195 20.500000000000004 2.5000000000000004 45.500000000000007
decision_type=10 1 10 2 2 1 2 2 10 1 2 10 10 9 2 10 2 2 10 10 10 8 2 2 1 10 10 10 2 10
left_child=8 -2 5 4 -4 -3 -7 -6 11 -10 12 -1 14 -13 -11 -16 17 24 19 20 21 -19 -22 -24 -14 29 -27 -28 -29 -26
right_child=1 2 3 -5 7 6 -8 -9 9 10 -12 13 16 -15 15 -17 -18 18 -20 -21 22 -23 23 -25 25 26 27 28 -30 -31
leaf_value=0.0019773910990428492 -0.11767379399711474 0.027620442719349981 0.024961583473263806 -0.069198979035866484 0.25364208555154444 -0.0074506612659183159 0.11248769955218389 0.078472398062742768 -0.0039072426608135714 0.0011794294480775361 -0.018652674667446953 -0.0044789309827715324 -0.0081718021655818283 -0.033537708325210538 0.050279958712593505 0.41423903665517037 -0.027829431903346427 0.055604030050537503 0.021541545910300611 -0.015993688675080386 0.10358911442705844 0.461650418476935 0.69059858046917855 0.24684650313872589 -0.0021244966260438028 0.011061466994115208 0.32118763309150133 -0.047801451046392628 0.18994267330944806 0.29894743000659629
leaf_weight=255761.78252616519 169.8229072727263 1564.2016084352508 5614.9051163075492 151.90598499518819 41.770875224843621 5534.073070990853 107.28418335597962 541.13181113312021 159812.7394028143 111350.10565685717 4613.658315813198 18478.815851595718 1736.8002382910345 2122.2156307380646 274.93118767021224 19.137175241019577 582.34791194554418 118.4060890423134 423.68906205706298 91.744353994727135 30.295984696596861 24.990664033219218 25.029446515254676 31.361897656694055 55.844147086143494 1432.804286897881 58.814581074751914 119.45216573448852 123.77887001773342 73.77016669511795
leaf_count=1945022 1202 3399 14561 1128 96 19321 151 1597 1160969 1124569 95489 99797 10506 9118 1719 91 3658 584 2516 571 202 84 101 120 375 8522 77 804 267 156
internal_value=0.000118682 0.012813 0.0145238 0.0287736 0.0311748 0.00198677 -0.00516059 0.0910251 -0.000193916 -0.00163524 0.00136112 0.00127159 0.00215333 -0.00749088 0.00137115 0.0739654 0.0198696 0.0262599 0.0723599 0.139263 0.20117 0.126368 0.324906 0.443807 0.0167165 0.0397314 0.0302852 0.121476 0.0731852 0.169231
internal_weight=571088 13725.1 13555.3 6349.71 6197.81 7205.56 5641.36 582.903 557363 281000 121187 276363 116573 20601 111644 294.068 4929.13 4346.78 745.517 321.828 230.084 143.397 86.6873 56.3913 3601.26 1864.46 1734.85 302.046 243.231 129.614
internal_count=4506772 41455 40253 17382 16254 22871 19472 1693 4465317 2411380 1250411 2053937 1154922 108915 1126379 1810 28543 24885 4178 1662 1091 668 423 221 20707 10201 9670 1148 1071 531
cat_boundaries=0 1 2 3 4 5
cat_threshold=1 137 964 216 40
is_linear=0
shrinkage=0.08


Tree=118
num_leaves=31
num_cat=10
split_feature=18 38 13 39 5 47 7 15 34 13 18 20 13 7 47 21 13 19 19 17 5 34 37 41 39 13 13 47 18 17
split_gain=210.686 531.947 283.029 353.285 364.337 388.168 373.863 859.192 450.788 508.544 964.391 426.73 353.313 480.587 327.429 319.74 305.626 396.28 833.428 342.438 297.652 272.474 292.332 358.998 358.809 369.265 859.523 1188.69 1239.11 406.433
threshold=2968.190063476563 0 212.50001525878909 1 5.5000000000000009 2 82.00000381469728 1.0000000180025095e-35 3 90.02500152587892 7222.8249511718759 1.5000000000000002 205.17499542236331 18.750001907348636 4 2.5000000000000004 167.02496337890628 673.79998779296886 1058.4599609375002 12.500000000000002 1.5000000000000002 5 6 7 8 1188.0000610351565 1433.8399658203127 9 15375.594726562502 8.5000000000000018
decision_type=2 1 2 9 2 1 2 2 1 2 2 2 2 2 1 2 2 2 2 2 2 1 1 9 9 2 2 1 2 2
left_child=-1 -2 3 -3 6 -6 12 8 9 10 -8 14 -5 -14 -11 -7 19 -18 -19 -16 -20 22 24 -24 -4 -26 27 28 29 -27
right_child=1 2 21 4 5 15 7 -9 -10 11 -12 -13 13 -15 16 -17 17 18 20 -21 -22 -23 23 -25 25 26 -28 -29 -30 -31
leaf_value=-0.00065881931837444621 0.019907779231785102 -0.074030937871255753 0.3892177929242312 0.017203179335603277 0.012087421752337617 -0.054134384930667342 1.2825425034384461 0.3729002558414421 -0.010945035228665292 0.01693854731500791 -0.038946575708667261 -0.058291194443956487 -0.041143947359107619 0.4773232133144476 -0.029665005526897693 0.41556570506794127 0.22740167756508878 1.4158158175108568 0.68936896195547004 0.27968776254010286 -0.090545439904591268 -0.0082750785014833288 -0.016551063006830433 0.017429504747432326 -0.0087499614887541852 0.56330527192822122 0.030493072676190943 0.037269483399764804 0.86748243805833769 0.053788393325770983
leaf_weight=517450.67785650596 11441.799921960541 293.43851220048964 18.650089273694903 5569.2361313425936 2009.0460600322112 958.28711010375991 6.7759107374586147 58.976855875225738 341.3302937541157 71.034343808889389 7.3878060486167669 78.069600603543222 21.129378436831757 24.95739233866334 43.709413466276601 9.3661066647618991 42.403294617542997 6.3367672890890416 6.1171701217535865 48.104839677223936 6.4172229678370059 21617.091679244215 3660.80179777788 4335.4363085564692 655.30929740448482 14.418530918192117 660.11453314684331 91.000916805118322 29.870567596517503 32.841859131585807
leaf_count=3861806 81029 5686 90 59959 2498 25429 123 183 4568 80 96 1290 292 156 761 68 370 78 46 259 168 384432 36645 26998 5570 76 5040 190 121 609
internal_value=-0.000170335 0.0046757 0.000390453 0.0123971 0.0151216 -0.00796179 0.0259732 0.0803867 0.054156 0.12092 0.593253 0.102783 0.0190286 0.239622 0.158891 -0.0495881 0.224758 0.363124 0.66809 0.132416 0.290077 -0.00331463 0.00797495 0.00187143 0.0402367 0.0361208 0.0716227 0.233104 0.464155 0.209235
internal_weight=569610 52159.5 40717.7 9602.12 9308.69 2976.7 6331.99 716.664 657.687 316.356 14.1637 302.193 5615.32 46.0868 224.123 967.653 153.089 61.2745 18.8712 91.8143 12.5344 31115.5 9498.44 7996.24 1502.21 1483.56 828.246 168.132 77.131 47.2604
internal_count=4504716 642910 561881 102110 96424 27995 68429 8022 7839 3271 219 3052 60407 448 1762 25497 1682 662 292 1020 214 459771 75339 63643 11696 11606 6036 996 806 685
cat_boundaries=0 1 2 3 4 5 6 7 8 9 10
cat_threshold=519 2 2 51 2 7 26 50 2 4
is_linear=0
shrinkage=0.08


Tree=119
num_leaves=31
num_cat=11
split_feature=31 45 46 46 45 11 9 47 19 13 42 41 17 3 34 42 13 19 12 3 17 12 18 3 36 32 45 18 7 1
split_gain=239.542 981.34 445.658 432.371 409.457 375.113 220.636 217.698 799.791 647.087 852.898 807.655 723.613 630.869 907.41 747.335 826.268 4032.23 6500.52 1487.29 609.099 1479.62 1555.57 551.983 542.414 531.959 731.799 925.858 3075.01 567.399
threshold=1.0000000180025095e-35 0 1 2 3 1.0000000180025095e-35 1.0000000180025095e-35 4 188.02500152587893 283.89997863769537 5 6 6.5000000000000009 562.46499633789074 7 8 160.40000152587893 165.0100021362305 2230.0500488281255 585.36999511718761 2.5000000000000004 1377.3750610351565 1756.4799804687502 585.36999511718761 9 inf 10 368.32499694824224 1.0000000180025095e-35 1.5000000000000002
decision_type=10 9 1 1 9 2 2 1 2 2 9 9 2 8 1 9 2 2 2 10 2 2 2 10 9 8 9 2 2 2
left_child=7 3 6 -2 -4 -6 -3 8 13 10 11 12 -10 -1 15 16 20 18 19 -18 21 -15 -23 24 -16 -22 27 28 -27 -30
right_child=1 2 4 -5 5 -7 -8 -9 9 -11 -12 -13 -14 14 23 -17 17 -19 -20 -21 25 22 -24 -25 -26 26 -28 -29 29 -31
leaf_value=0.00025641538159504134 -0.13433751008182071 0.02148447133113798 0.037266401466666231 0.072011520617522015 0.0048721057281209349 -0.057240525840462401 0.0952653369175957 0.00065143393060667883 0.25654968567737463 -0.0046202260483404105 -0.027580327807806559 0.0098751596665213187 -0.095399251306048788 0.09620468248364572 0.31872022134634875 0.019702579276322362 1.7198273101928196 0.10848065177363371 5.003615413119765 -0.08562066504820709 -0.084609022477518656 2.3001753538727083 -0.083649247993439438 -0.034149014287245649 0.031665596732649057 3.2025029625150983 -0.071043556528932919 0.078087877395702054 0.20531471734201845 1.3610235863610181
leaf_weight=85739.646319232706 411.29652626812458 9265.0303011254873 850.74573014304042 77.183203713968396 1218.7884056381881 1271.4238201775588 266.87082120543346 395161.102288845 169.79928807914257 50645.76580422133 16941.680601929431 1587.54337204888 47.944200772792101 1217.6497176284902 36.620234277099371 2262.5636070731562 5.2685005455277842 90.098005895968527 2.8040144129190585 6.5513580136466771 237.14821581915021 3.9896130827255538 3.1236034773755819 1813.5316076574381 524.62265753373504 2.894342469051483 60.685301224933937 27.839418361196294 15.801129909930753 3.2837728392332783
leaf_count=1290076 3304 24667 1374 74 2916 8698 465 1317195 365 1241038 393241 33275 544 47907 26 53449 73 2623 87 371 17807 103 206 47950 10280 139 3601 1769 650 83
internal_value=-0.000105742 0.0104796 0.0147262 -0.0996921 -0.0104048 -0.0267333 0.0235502 -0.000359843 -0.00283507 -0.00932034 -0.0220179 0.0301683 0.171193 0.0020537 0.0264576 0.04993 0.0903502 0.308475 1.54064 0.719127 0.0763978 0.102925 1.25337 -0.0126395 0.0566385 -0.0170574 0.127912 0.320244 0.772667 0.404167
internal_weight=569969 13361.3 12872.9 488.48 3340.96 2490.21 9531.9 556608 161447 69392.7 18747 1805.29 217.743 92054.1 6314.48 3939.7 1677.14 104.722 14.6239 11.8199 1572.42 1224.76 7.11322 2374.77 561.243 347.652 110.504 49.8187 21.9792 19.0849
internal_count=4504356 41498 38120 3378 12988 11614 25132 4462858 3145663 1668463 427425 34184 909 1477200 187124 128868 75419 3154 531 444 72265 48216 309 58256 10306 24049 6242 2641 872 733
cat_boundaries=0 1 2 3 4 5 6 7 8 9 10 11
cat_threshold=32 1 1 4 4 1 17 106 10 16 6
is_linear=0
shrinkage=0.08


Tree=120
num_leaves=31
num_cat=7
split_feature=48 18 13 13 18 41 18 41 6 23 42 19 19 26 22 41 17 43 11 19 18 19 19 19 23 22 18 23 18 45
split_gain=295.674 305.298 297.582 287.296 279.445 241.82 209.134 270.194 175.282 165.112 633.868 432.854 797.832 386.482 304.458 288.252 234.01 220.91 355.172 219.331 210.495 440.361 397.787 2703.1 543.291 637.364 480.666 642.161 327.378 324.855
threshold=0 249.97498321533206 1494.7049560546877 300.77499389648443 200.05000305175784 1 4396.7600097656259 2 1412.1250000000002 4.5000000000000009 3 2543.0749511718755 2666.525024414063 9.2500000000000018 1.0000000180025095e-35 4 5.5000000000000009 5 16.500000000000004 1.0000000180025095e-35 368.32499694824224 129.02500152587893 652.52499389648449 673.79998779296886 7.5000000000000009 1.0000000180025095e-35 160.09999847412112 10.500000000000002 3672.5400390625005 6
decision_type=9 2 2 2 2 9 2 9 2 2 9 2 2 10 2 9 2 9 2 2 2 2 2 2 2 2 2 2 2 9
left_child=9 3 -3 5 -5 -2 7 8 -4 -1 11 17 14 -14 16 -12 -13 19 -19 -11 22 29 -21 -24 -25 26 -26 -28 -23 -22
right_child=1 2 6 4 -6 -7 -8 -9 -10 10 15 12 13 -15 -16 -17 -18 18 -20 20 21 28 23 24 25 -27 27 -29 -30 -31
leaf_value=-0.00022353604464524636 -0.02006462658813097 -0.024344340560714262 0.2799883006417046 0.063233907481032081 0.42390955688969484 0.077360710098220181 -0.0089272904944646923 -0.026217371619140329 0.076221347380655877 -0.0032818835364957504 0.055057006660292042 0.67583794554933296 0.030090460171924582 0.3066035272345094 0.13584606883401709 -0.0071919490977394819 0.30296485090155217 0.0066942418854534563 0.30557034893135548 0.043687558621287446 0.25341375493282497 -0.031897365740507791 1.5539727060142292 -0.030087794276826136 1.1543981827618892 0.0015675635573527888 -0.092208874606079252 1.1922218639279212 0.044800964222315283 0.054442873777402201
leaf_weight=532414.1918353613 217.37790519511327 770.01707957824692 72.9839140586555 27.720975785749033 27.275030403397977 647.5802341401577 125.4105115851853 57.249083636095747 42.898305295035243 1211.797530088108 480.13775833975524 18.714684050530195 501.32943534501828 34.581791592529044 31.592151928925887 16787.476470080903 25.380570878973231 11370.879885332193 25.504080738406628 2225.4201366638299 54.217559412587434 993.70028455741704 8.6602844875305873 78.752892181510106 7.671229061670604 18.047191739780828 7.5231600201223028 3.7244585636071861 555.15147164370865 421.72466503921896
leaf_count=4201534 1245 6984 262 169 68 2533 1375 620 212 13656 1239 97 4902 151 148 132756 140 82480 112 26111 598 17039 129 1295 41 227 267 43 5633 3104
internal_value=0.000233658 0.0310281 0.00194297 0.0648116 0.242109 0.0535386 0.0697448 0.126732 0.188306 0.000125712 0.00545944 0.0161408 0.0822718 0.0479336 0.325407 -0.00543021 0.461218 0.0137687 0.00735664 0.0267883 0.0351793 0.0162747 0.0514691 0.190699 0.0886728 0.341682 0.666126 0.333109 -0.00440655 0.0835773
internal_weight=569265 1988.51 1068.56 919.954 54.996 864.958 298.542 173.131 115.882 567276 34862 17594.4 611.599 535.911 75.6874 17267.6 44.0953 16982.8 11396.4 5586.39 4374.59 2024.79 2349.8 124.379 115.719 36.966 18.9188 11.2476 1548.85 475.942
internal_count=4505170 13468 9453 4015 237 3778 2469 1094 474 4491702 290168 156173 5438 5053 385 133995 237 150735 82592 68143 54487 26374 28113 2002 1873 578 351 310 22672 3702
cat_boundaries=0 1 2 3 4 5 6 7
cat_threshold=1 3 33 25 16 33 32
is_linear=0
shrinkage=0.08


Tree=121
num_leaves=31
num_cat=14
split_feature=32 2 32 2 38 47 42 13 31 45 2 44 44 38 38 13 19 34 45 19 32 47 44 38 5 34 18 14 32 3
split_gain=249.049 321.01 259.057 515.482 292.068 270.125 317.018 294.91 242.337 463.951 447.674 315.17 708.676 301.849 292.463 241.515 415.543 326.658 392.076 389.549 520.341 409.858 453.632 509 647.568 477.264 463.057 558.089 582.439 417.396
threshold=-81.404998779296861 inf -17.144999504089352 1.0000000180025095e-35 0 1 2 75.00000381469728 1.0000000180025095e-35 3 inf 4 5 6 7 154.87500000000003 172.52500152587893 8 9 180.02500152587893 8.3850002288818377 10 11 12 1.0000000180025095e-35 13 1611.5150146484377 1.0000000180025095e-35 0.88499999046325695 336.76499938964849
decision_type=8 8 8 8 1 1 9 2 10 9 8 9 9 1 1 2 2 1 9 2 8 1 9 1 2 1 2 2 8 10
left_child=1 -1 3 4 5 -2 7 -7 15 13 11 -11 -13 -10 -14 -4 -17 -18 -19 20 -20 -21 -23 24 25 -24 27 -25 -29 -26
right_child=2 -3 8 -5 -6 6 -8 -9 9 10 -12 12 14 -15 -16 16 17 18 19 21 -22 22 23 26 29 -27 -28 28 -30 -31
leaf_value=-0.026414267421695958 -0.017367443652953903 0.020788347829839907 0.0010476273328465173 0.046783757190692554 -0.018485032803761715 -0.012343948139723254 -0.0020422719546522913 0.12507225425290414 0.01292199419544538 0.029475311896853928 -0.076661052315650971 0.020197486550304965 -0.0031412759048282742 -0.11395647657260502 -0.074495192145853636 -0.026074998532956698 0.0021508649636743111 -0.0027588542481602313 -0.049021271161510463 -0.0043345356902239132 0.17890743276156632 -0.043550400764453157 0.46611467881198115 0.0002307701045960563 -0.098607893308887751 0.02044706540308144 -0.068666031008552827 0.46128254141894692 -0.095443776868885666 0.10677129819526712
leaf_weight=4462.6869929726236 570.79424458742142 1162.2098102010787 356099.57560189266 2278.3003769954666 2393.8538673745934 131.01844649575651 412.55900718644261 421.54527961649001 200.14420812227763 6069.5626446106471 337.44662708882242 4183.1219668639824 657.13332279026508 298.91146258730441 846.80261466884986 4663.789810477494 75407.609939407674 93409.851106700604 113.00462085031904 7097.2137728384696 148.12653209175915 5482.4269082709507 34.219423942267895 1290.3243593093939 98.454900852404535 36.525022970512509 725.29428325314075 34.227649287320673 18.541824804618955 177.51991006894968
leaf_count=23599 901 2791 2431686 6758 16921 480 1562 974 1210 15964 1084 5947 2248 2002 11070 41151 724918 975379 1272 9704 721 195968 55 15400 1021 231 13362 178 250 716
internal_value=8.88278e-05 -0.0166613 0.000255988 0.0165079 -0.00104464 0.0260882 0.052059 0.0908454 7.49911e-05 0.0110466 0.0141769 0.0167963 0.00326447 -0.0638181 -0.0438339 -0.000178603 -0.00249219 -0.00189468 -0.00470182 -0.0165888 0.0802712 -0.0182866 -0.0308248 -0.00193705 0.0863655 0.304796 -0.017074 0.0106595 0.265663 0.0335016
internal_weight=569263 5624.9 563638 6208.07 3929.77 1535.92 965.123 552.564 557430 12593.1 12094.1 11756.6 5687.06 499.056 1503.94 544837 188737 184073 108666 15255.9 261.131 14994.7 7897.53 2415.11 346.719 70.7444 2068.39 1343.09 52.7695 275.975
internal_count=4505523 26390 4479133 27596 20838 3917 3016 1454 4451537 39525 36313 35229 19265 3212 13318 4412012 1980326 1939175 1214257 238878 1993 236885 227181 31213 2023 286 29190 15828 428 1737
cat_boundaries=0 1 2 3 4 5 6 7 8 9 10 11 12 13 14
cat_threshold=579 2 26 32 2 1 40 210 21 13 2 2 72 64
is_linear=0
shrinkage=0.08


Tree=122
num_leaves=31
num_cat=14
split_feature=1 23 17 38 47 32 3 45 16 17 5 47 32 40 3 34 36 4 6 38 32 4 38 47 38 36 7 38 4 36
split_gain=191.386 397.538 340.972 334.35 336.128 335.948 392.152 318.148 252.834 405.641 242.09 486.211 398.06 363.259 1008.19 297.184 290.489 273.195 268.341 259.78 247.985 234.761 276.103 228.289 227.768 290.349 223.302 215.839 450.843 416.368
threshold=2.5000000000000004 4.5000000000000009 26.500000000000004 0 1 -6.9349999427795401 382.74499511718756 2 3.5000000000000004 22.500000000000004 2.5000000000000004 3 -3.5449999570846553 4 200.12500000000003 5 6 17.500000000000004 96.00000381469728 7 -5.5550000667572013 19.500000000000004 8 9 10 11 104.00000381469728 12 18.500000000000004 13
decision_type=2 2 2 1 1 8 10 9 2 2 2 1 10 1 10 1 9 8 2 1 8 8 1 1 1 9 2 1 10 9
left_child=-1 7 3 -3 -5 6 -6 10 27 -10 11 12 18 14 -14 24 -17 23 20 -13 -2 -19 -23 -12 25 -15 -26 28 -9 -30
right_child=1 2 -4 4 5 -7 -8 8 9 -11 17 19 13 15 -16 16 -18 21 -20 -21 -22 22 -24 -25 26 -27 -28 -29 29 -31
leaf_value=-0.00071180442207171809 -0.094398107210451526 0.15133691666071047 0.37724091126552334 0.10121139399736466 -0.1576738165939584 -0.0064081920148787172 0.16744628553963622 0.0012675942524571395 0.34004779070607832 -0.010638648036910449 0.019222407347996965 -0.048381652795570586 0.72330177358323422 0.17255058993237879 0.066494540282026837 0.20739656557831498 -0.03055701476248664 0.25453469870604578 0.13094033967344801 0.013809268038595507 0.06491021727478459 0.073734060288350667 -0.030308908666477397 -0.042537856037326634 0.09083601457337187 -0.082490593841260257 -0.12114600669211849 -0.0079790845797152819 0.12139848205500232 0.016524820494094764
leaf_weight=535918.98560652428 66.396492726169527 145.0757472012192 19.256814810913056 319.30560816731304 28.449509056285024 1121.4764389710035 143.54221032932401 7168.9072455852292 36.05630906810984 50.924431000836194 585.31059201061726 565.96486511826515 17.277781005948782 26.12006114050746 111.35450298525393 24.292262806091458 867.6410104194656 30.837344619445503 412.32702915160917 1684.9375815680251 1075.4742090806831 362.69664736744016 285.13773721316829 1108.4213350313948 467.02546007093042 134.91103884857148 34.127501102164388 13955.640303622931 392.87511805910617 636.87562155351043
leaf_count=4223929 791 176 130 386 248 11664 357 72929 88 557 643 1238 101 30 680 157 10258 100 2184 2192 6263 1105 2005 21943 2782 1666 445 136124 915 2906
internal_value=-0.000353585 0.00566852 0.0424363 0.0387686 0.0275335 0.0095582 0.113667 0.00349786 -0.00139447 0.134732 0.0173209 0.026574 0.0464309 0.0194697 0.143556 0.00822257 -0.0218486 -0.00401048 0.0756222 -0.00198155 0.0556469 0.0388764 0.0286109 -0.0211951 0.0484496 -0.0334516 0.0749058 -0.00192955 0.00836741 0.0578761
internal_weight=567798 31878.6 1777.11 1757.85 1612.77 1293.47 171.992 30101.5 22241.3 86.9807 7860.25 5487.85 3236.95 1682.75 128.632 1554.12 891.933 2372.4 1554.2 2250.9 1141.87 678.672 647.834 1693.73 662.184 161.031 501.153 22154.3 8198.66 1029.75
internal_count=4504992 281063 12961 12831 12655 12269 605 268102 213519 645 54583 28787 25357 16119 781 15338 10415 25796 9238 3430 7054 3210 3110 22586 4923 1696 3227 212874 76750 3821
cat_boundaries=0 1 2 3 4 5 6 7 8 9 10 11 12 13 14
cat_threshold=512 1 42 4 8 4 2 385 662 2 164 10 690 88
is_linear=0
shrinkage=0.08


Tree=123
num_leaves=31
num_cat=10
split_feature=0 47 37 6 7 7 41 47 13 7 17 17 43 35 6 32 47 6 18 2 43 37 15 6 7 47 32 13 18 6
split_gain=238.402 278.083 229.956 317.185 416.243 301.043 550.399 725.573 766.613 634.969 526.485 607.982 630.796 627.976 502.589 470.463 465.645 569.025 793.38 497.465 411.744 441.93 470.678 1285.36 427.278 1104.78 1059.8 530.359 420.965 3522.27
threshold=2.5000000000000004 0 1 773.99996948242199 155.00003051757815 65.100002288818374 2 3 85.000007629394545 75.75000381469728 4.5000000000000009 3.5000000000000004 4 5 20.149963378906254 7.2449998855590829 6 206.02500152587893 210.02500152587893 2.5000000000000004 7 8 1.0000000180025095e-35 537.00006103515636 88.774963378906264 9 -3.1249999999999996 1276.400085449219 218.87500000000003 212.00000762939456
decision_type=2 1 1 2 2 2 9 1 2 2 2 2 9 1 2 8 1 2 2 10 9 1 2 2 2 1 8 2 2 2
left_child=2 -2 -1 4 5 -4 -7 -8 9 -9 11 12 16 15 -10 -14 17 19 -19 -11 21 24 -23 -24 25 -16 -27 -28 29 -26
right_child=1 -3 3 -5 -6 6 7 8 14 10 -12 -13 13 -15 20 -17 -18 18 -20 -21 -22 22 23 -25 28 26 27 -29 -30 -31
leaf_value=-0.0013164449245832504 0.12354470806074856 0.012986706908603865 0.0013894837281908999 0.0096989440851905848 -0.0061468827326308538 -0.024892404179818001 -0.0015517584917414434 0.025037338843991425 -0.080301440879434638 -0.093494706439446601 -0.094558369764613015 0.32361902847617002 0.4307558499870292 0.0032162855389435696 -0.008590995869215242 0.099203778657328018 0.31359487879800424 0.79664421529176677 0.081954726791032301 0.34213721993967683 0.033963423908914631 -0.040421439987992892 0.05170822080976907 1.143174943691007 0.062683217034660843 1.2084696764616714 -0.086158950266499251 0.63287267405353564 -0.052253933009310187 2.6207902956126987
leaf_weight=318583.0376383476 212.01363778114319 464.84690785885323 157022.05158047576 29600.457805683836 43366.225366047001 2344.7762859305367 8252.7371249860153 763.02606153464876 304.83267458877526 75.506806553574279 66.048529372317716 101.64482404314913 45.257155339233577 371.570556958206 57.78771225118544 69.382243924308568 148.15501269046217 16.10609857365489 25.969969077035785 21.568874905817211 6466.1223293200601 1393.3826871400233 63.521018263651058 7.7475815187208346 173.48132559703663 11.019248542841522 13.118359657004477 13.142848420422522 220.00653973058797 3.5146003337576976
leaf_count=2358609 370 5061 1144697 324143 478265 13085 11065 11663 5581 1710 1552 611 316 4278 3208 844 679 6 305 75 83428 34560 1174 92 5762 199 591 49 11871 78
internal_value=0.000166742 0.0476169 0.000110357 0.00192118 0.000881484 0.00259331 0.011582 0.016164 0.0301945 0.0792717 0.123239 0.139676 0.115505 0.0556317 0.0206112 0.211633 0.207664 0.109803 0.355527 0.00329669 0.0242634 -0.00792409 -0.0299604 0.170361 0.0569574 0.210454 0.549991 0.273692 0.0216351 0.113479
internal_weight=570278 676.861 569601 251018 221418 178051 21029.4 18684.7 10431.9 1704.24 941.21 875.162 773.517 486.21 8727.68 114.639 287.307 139.152 42.0761 97.0757 8422.84 1956.72 1464.65 71.2686 492.071 95.0682 37.2805 26.2612 397.002 176.996
internal_count=4503927 5431 4498496 2139887 1815744 1337479 192782 179697 168632 22039 10376 8824 8213 5438 146593 1160 2775 2096 311 1785 141012 57584 35826 1266 21758 4047 839 640 17711 5840
cat_boundaries=0 1 2 3 4 5 6 7 8 9 10
cat_threshold=1 5 1 2 42 1 4 35 18 4
is_linear=0
shrinkage=0.08


Tree=124
num_leaves=31
num_cat=6
split_feature=1 37 11 17 19 3 16 13 47 38 5 18 47 17 37 19 19 13 22 33 32 11 3 3 32 36 23 18 17 17
split_gain=363.155 305.144 537.263 446.32 393.656 376.023 295.498 308.18 268.615 262.252 350.099 388.75 365.154 624.351 553.309 556.198 475.088 668.195 674.478 349.328 326.613 608.533 651.419 324.516 352.337 324.273 293.319 287.585 283.22 282.143
threshold=2.5000000000000004 0 27.500000000000004 36.500000000000007 3352.7299804687505 9.9849996566772479 3.5000000000000004 2749.224975585938 1 2 6.5000000000000009 98.099998474121108 3 13.500000000000002 4 1364.8750000000002 1237.549987792969 1070.8750610351565 1.5000000000000002 1.0000000180025095e-35 5.2850000858306894 18.500000000000004 601.87500000000011 110.75500106811525 4.3550000190734872 5 3.5000000000000004 6554.5000000000009 7.5000000000000009 10.500000000000002
decision_type=2 1 2 2 2 10 2 2 1 1 2 2 1 2 1 2 2 2 2 2 10 2 10 10 8 9 2 2 2 2
left_child=-1 3 -3 5 -4 -2 9 -8 -5 10 11 -7 -13 14 16 26 17 18 23 25 -15 27 -23 24 -14 -17 -16 -22 -27 -25
right_child=1 2 4 8 -6 6 7 -9 -10 -11 -12 12 13 20 15 19 -18 -19 -20 -21 21 22 -24 29 -26 28 -28 -29 -30 -31
leaf_value=-1.4588599848448265e-05 -0.088481613976743201 -0.007526686631741642 0.15080375245140565 -0.085254195394444246 -0.031586774228780666 0.0064494825483535955 0.033986813040449662 0.3788515223821316 0.0045388742442482302 0.010638309881622707 -0.012748244938987741 0.014367126272937611 0.15809674305354521 -0.087585067502411434 -0.01123768868027226 0.2820640339272637 -0.093067322668089883 0.74874156166457728 0.74401201442463671 0.52308498589888497 -0.094113062727131463 -0.10207266845752916 0.99285871320303931 0.078787879480524028 0.4041086110065612 0.12894677345121203 0.093616634289062209 0.15497899781190733 -0.10452914049033325 0.20144667319752657
leaf_weight=537844.28641205747 219.36604702658951 8818.5773724946193 240.57248778268695 454.31206803163514 110.53012230200693 1713.688413544558 38.143788678571582 29.340206100372598 401.78545714216307 15644.236686465098 1036.9271233989857 1122.4472241709009 177.04778384231031 225.61959289177321 664.72542290762067 53.987893652170897 60.126475580967963 11.346407311968504 11.379898239858447 15.440043429378418 70.391284913988784 5.7632128056138745 8.7681636430788767 660.44539523124695 47.189214784651995 111.09934927197173 229.76336668734439 51.26937709772028 47.455737996613607 146.67394799878821
leaf_count=4226829 636 54762 815 15998 1045 11997 203 105 724 133720 19882 1295 597 8599 11919 126 1974 150 179 35 2606 173 118 8290 81 850 1860 631 1628 955
internal_value=0.000481123 0.00870279 -0.00365881 0.013572 0.0933856 0.0157443 0.0167749 0.183925 -0.0431123 0.0162649 0.029804 0.0379778 0.0524982 0.0689694 0.0847412 0.0437364 0.12454 0.138134 0.13149 0.155672 -0.0285306 0.0693008 0.558604 0.124731 0.209868 0.128981 0.0156958 0.0108576 0.0555628 0.101078
internal_weight=570273 32428.4 9169.68 23258.7 351.103 22402.6 22183.3 67.484 856.098 22115.8 6471.56 5434.63 3720.94 2598.49 2236.68 1122.47 1114.21 1054.08 1042.74 227.983 361.812 136.192 14.5314 1031.36 224.237 212.543 894.489 121.661 158.555 807.119
internal_count=4508782 281953 56622 225331 1860 208609 207973 308 16722 207665 73945 54063 42066 40771 28644 16418 12226 10252 10102 2639 12127 3528 291 9923 678 2604 13779 3237 2478 9245
cat_boundaries=0 1 2 3 4 5 6
cat_threshold=57 4 546 2 9 10
is_linear=0
shrinkage=0.08


Tree=125
num_leaves=31
num_cat=12
split_feature=41 4 47 36 20 4 45 36 47 3 0 22 4 19 4 38 34 24 38 32 19 13 20 38 3 47 2 32 40 6
split_gain=229.541 720.873 1969.5 656.826 359.692 354.329 428.646 562.554 618.973 561.705 664.139 685.474 684.654 617.262 614.476 600.593 519.85 408.972 414.154 377.733 369.954 355.414 370.295 355.091 431.516 344.715 973.177 610.238 813.351 544.735
threshold=0 inf 1 2 1.0000000180025095e-35 1.0000000180025095e-35 3 4 5 585.36999511718761 1.5000000000000002 1.0000000180025095e-35 17.500000000000004 7051.2500000000009 10.500000000000002 6 7 6.5000000000000009 8 7.2449998855590829 770.54998779296886 399.82502746582037 1.0000000180025095e-35 9 333.27499389648443 10 inf -3.254999995231628 11 9263.1186523437518
decision_type=9 8 1 9 2 10 9 9 1 10 2 2 10 2 10 1 1 2 1 8 2 2 2 1 8 1 8 10 1 2
left_child=1 25 4 -4 -3 -2 7 23 -9 10 11 15 13 -12 17 -10 20 18 19 -11 21 -17 -23 24 -7 -1 27 28 -27 -29
right_child=5 2 3 -5 -6 6 -8 8 9 14 12 -13 -14 -15 -16 16 -18 -19 -20 -21 -22 22 -24 -25 -26 26 -28 29 -30 -31
leaf_value=0.0019394930145297032 0.0017062297701782125 -0.13396425273050316 0.34322252607942216 0.024301007734495804 -0.3195822931919593 0.28354017488174166 -0.0066751035822330742 0.0099566075201239536 -0.012904959243879046 -0.098348743550548762 0.076875036396332197 -0.10036813503364549 0.36803268355079327 0.50749367885612051 -0.058061355900551413 0.14228355723424066 0.0035142431158597547 0.44958137880894411 -0.00060898018311089435 0.17651243341992678 -0.096314049503557889 0.54423213769904677 0.1549027741193616 -0.064651090224380647 0.0055280317957795344 0.006662803786839885 -0.047165334392616762 -0.0057886308798588597 -0.025678310052278736 -0.055896307745732808
leaf_weight=153202.69566023303 249392.17440127797 436.03586145304143 56.689884566701949 127.63601681700675 78.905154943466187 39.482760209590197 3119.1096240987536 2367.4397211810574 308.8029726697132 37.420231656171381 216.17403635336086 138.83752417005599 100.5240081846714 23.633211879059672 409.04060157504864 716.19168569333851 220.89441672619432 17.454073656350374 358.36599572305568 220.87817138712853 38.329492164775729 29.947127234190702 32.714365299791098 588.83158694393933 376.06608353927732 55303.57467777672 3184.6245765374042 92063.995807952539 5459.149565726053 1409.7976784947095
leaf_count=199690 1905076 1316 48 1107 426 70 15567 2889 2838 731 1437 1484 226 17 5307 2949 1235 51 4658 998 403 111 95 2897 1592 790131 21804 1466929 46183 27306
internal_value=0.000518888 -0.000944603 -0.0820799 0.142325 -0.162407 0.00227966 0.0175607 0.0296364 0.0401589 0.0652193 0.0919729 0.0688817 0.192778 0.119313 0.0183872 0.0863281 0.114865 0.0677006 0.0568919 0.131598 0.144559 0.158269 0.340971 -0.0250806 0.0311923 -0.000761984 -0.00339107 -0.00248723 0.00375403 -0.00654437
internal_weight=570075 311323 699.267 184.326 514.941 258752 9360.14 6241.03 5236.65 2869.21 1826.05 1485.72 340.331 239.807 1043.16 1346.88 1038.08 634.118 616.664 258.298 817.183 778.853 62.6615 1004.38 415.549 310624 157421 154237 60762.7 93473.8
internal_count=4505571 2554940 2897 1155 1742 1950631 45555 29988 25429 22540 10795 9115 1680 1454 11745 7631 4793 6438 6387 1729 3558 3155 206 4559 1662 2552043 2352353 2330549 836314 1494235
cat_boundaries=0 1 2 3 4 5 6 7 8 9 10 11 12
cat_threshold=35 2 2 35 114 2 800 22 149 385 2 2
is_linear=0
shrinkage=0.08


Tree=126
num_leaves=31
num_cat=11
split_feature=26 38 42 0 35 0 3 5 12 41 34 22 38 32 4 6 7 38 32 38 34 7 32 3 3 19 13 13 43 38
split_gain=217.381 247.083 292.246 198.317 149.398 633.211 1378.88 1049.62 1344.33 372.603 390.373 485.656 398.193 393.26 359.211 348.586 475.565 313.708 277.933 291.032 290.146 242.136 222.971 222.947 707.247 1059.36 503.154 379.158 324.908 343.162
threshold=1.0000000180025095e-35 0 1 3.5000000000000004 2 1.5000000000000002 690.44500732421886 2.5000000000000004 720.00003051757824 3 4 1.5000000000000002 5 0.53499999642372142 69.500000000000014 421.50498962402349 518.52499389648449 6 23.685000419616703 7 8 1718.9350585937502 2.0749999284744267 406.06500244140631 418.39500427246099 165.0100021362305 173.30002593994143 856.57501220703136 9 10
decision_type=8 1 9 2 1 2 10 2 2 9 1 2 1 8 10 2 2 1 8 1 1 2 8 10 10 2 2 2 9 1
left_child=1 2 -1 4 5 9 -7 -8 -9 14 11 17 13 -13 18 16 -15 -11 -2 20 -20 -10 -17 -19 25 -25 -27 -28 -26 -30
right_child=3 -3 -4 -5 -6 6 7 8 21 10 -12 12 -14 15 -16 22 -18 23 19 -21 -22 -23 -24 24 28 26 27 -29 29 -31
leaf_value=0.15175761958006484 -0.02992190923785706 -0.0076529677195889389 0.024309981813783969 0.1488039270759344 8.900637809623952e-05 0.031402546062066911 0.12397653838873814 0.98360733164006475 -0.10136610220184675 -0.081201613474564768 -0.00014626166276084955 0.01894608020990262 -0.014998719267634025 0.19909411533755297 0.29875634639609311 0.25859635478352766 0.5806509600156321 0.015618804510990601 0.043072191611807358 -0.019665582086570883 -0.081214558056329655 0.44826899099993511 -0.024023190073656119 -0.093291657932867922 -0.051425246876963759 0.6747710007375376 -0.067768284812928278 0.42986036939800559 0.16477191469478894 0.019729371654550285
leaf_weight=195.48027299158275 3651.5258802180178 394.96079626306891 293.39511995762587 57.635480407625437 537952.42178725451 2144.9190296016168 78.062196401646361 26.251925142481923 12.377522198250519 189.3366860607639 14375.979738103691 66.915330210700631 108.82799807935953 49.840213707648218 23.407386213541031 36.429094201419502 36.011380683630705 6229.2035457780585 1198.2329055722803 1609.0827342867851 125.01081344392151 8.7602567581925523 35.060414108447731 38.203597648069263 211.2669566180557 30.472906738519669 15.424402664415537 26.869294336996973 146.48352617095225 343.61090115550905
leaf_count=241 23125 2708 748 208 4316034 16353 178 40 214 2520 93594 369 505 219 8 45 64 30754 4981 6125 1360 41 246 294 1594 51 193 114 1093 1531
internal_value=0.000476027 0.0401201 0.0772913 0.000414429 0.000399392 0.00581557 0.0464804 0.304274 0.601267 0.00258352 0.00759836 0.0222985 0.116777 0.173651 -0.0140589 0.250482 0.359142 0.0179772 -0.0151924 0.00314978 0.0308094 0.126422 0.119992 0.0207299 0.0601784 0.247841 0.42694 0.248376 0.0304863 0.0655089
internal_weight=569711 883.836 488.875 568828 568770 30817.6 2270.37 125.452 47.3897 28547.2 21939.9 7563.96 333.084 224.256 6607.26 157.341 85.8516 7230.87 6583.85 2932.33 1323.24 21.1378 71.4895 7041.54 812.332 110.97 72.7666 42.2937 701.361 490.094
internal_count=4505550 3697 989 4501853 4501645 185611 16826 473 295 168785 133186 39592 1448 943 35599 574 283 38144 35591 12466 6341 255 291 35624 4870 652 358 307 4218 2624
cat_boundaries=0 1 2 3 4 5 6 7 8 9 10 11
cat_threshold=710 16 16 21 51 352 8 424 15 1 36
is_linear=0
shrinkage=0.08


Tree=127
num_leaves=31
num_cat=10
split_feature=47 32 3 32 42 11 23 27 19 3 35 41 34 43 18 6 32 32 32 12 12 3 45 34 41 45 0 18 12 7
split_gain=232.551 494.808 558.327 551.737 505.797 633.069 456.441 444.061 1038.22 804.631 436.542 660.1 461.798 528.136 552.761 1301.04 519.381 509.644 661.115 494.868 833.023 651.589 417.666 461.548 714.092 1552.14 805.029 739.665 1777.54 761.353
threshold=0 0.97500002384185802 77.475002288818374 -1.4350000023841856 1 10.500000000000002 1.0000000180025095e-35 7.5000000000000009 1.0000000180025095e-35 329.38500976562506 2 3 4 5 124.07500076293947 85.099975585937514 9.2550001144409197 1.6950000524520876 1.5649999976158144 305.02499389648443 214.25000762939456 282.89500427246099 6 7 8 9 1.5000000000000002 21695.574218750004 195.5350036621094 34.000007629394538
decision_type=1 8 10 10 9 2 2 10 2 10 1 9 1 9 2 2 10 8 10 2 2 10 9 1 9 9 2 2 2 2
left_child=1 3 -3 -1 6 10 -4 -8 9 -9 11 12 13 16 15 -15 -6 18 -14 20 21 -18 23 24 25 -12 27 29 -29 -26
right_child=-2 2 4 -5 5 -7 7 8 -10 -11 22 -13 17 14 -16 -17 19 -19 -20 -21 -22 -23 -24 -25 26 -27 -28 28 -30 -31
leaf_value=-0.00095844692440881908 0.0013147370617633469 0.015603644959675166 -0.014797254722808609 -0.015231270416621026 0.12693894306097556 -0.022516319609126187 0.0026206242948783876 0.99942757815960181 0.037628059531769661 0.23465240140430912 0.13871797607137387 -0.0010250495670785435 -0.087991433726723911 0.082188929725833207 -0.037380354942870828 0.83675633181197928 0.60645475893813028 -0.0091461574730374046 0.59793762824772256 0.13611873268407854 1.0889603430943697 -0.10217708057117748 -0.014749897212730461 0.0026622831845376088 0.066611814887868687 0.0073366589099282753 -0.012636850642427313 1.8382720644517707 -0.08871332967366076 -0.024728938870138665
leaf_weight=38680.587842571142 402974.4430567089 15104.229835214617 23483.940560279996 31408.815155545104 437.48312566289678 5046.1841775443463 10656.84758607822 13.097591392695902 194.58016801963095 26.862076640129089 972.83663820638321 1608.5329977693036 15.910306877922265 286.79136943258345 266.54127079900354 15.410134656354783 20.394173144362867 520.98076947033405 20.683856655843556 40.375659542158246 12.128679316490887 14.008878897875546 5763.700510014547 23670.662560799625 2023.9320686515421 1404.3314417372458 3984.2126547016669 4.9485218673944464 8.043383836746214 820.91906974697486
leaf_count=821173 1329954 166511 409648 553874 4188 176327 191947 156 3124 160 26539 16845 379 3131 5810 176 123 7159 131 348 60 207 154069 440374 33010 34768 106329 64 190 17697
internal_value=0.00027552 -0.00223924 0.00147839 -0.00735446 -0.00114475 0.00425275 -0.00851687 0.00501705 0.113904 0.485323 0.00747669 0.0355495 0.0709811 0.101235 0.0457927 0.120667 0.159385 0.0109284 0.299711 0.341056 0.51888 0.317901 0.0050991 0.00858091 0.0237578 0.0614593 0.0105884 0.0430046 0.645261 0.0402542
internal_weight=569502 166528 96438.6 70089.4 81334.3 46959 34375.3 10891.4 234.54 39.9597 41912.8 3259.24 1650.71 1093.13 568.743 302.202 524.391 557.575 36.5942 86.9074 46.5317 34.4031 38653.6 32889.9 9219.22 2377.17 6842.06 2857.84 12.9919 2844.85
internal_count=4504471 3174517 1799470 1375047 1632959 1027924 605035 195387 3440 316 851597 38557 21712 14043 9117 3307 4926 7669 510 738 390 330 813040 658971 218597 61307 157290 50961 254 50707
cat_boundaries=0 1 2 3 4 5 6 7 8 9 10
cat_threshold=4 48 16 50 27 42 13 40 20 4
is_linear=0
shrinkage=0.08


Tree=128
num_leaves=31
num_cat=5
split_feature=47 6 5 2 3 6 2 17 3 19 3 6 6 41 1 18 18 18 39 34 3 6 3 32 18 13 17 3 16 34
split_gain=243.087 413.009 380.082 701.876 563.005 765.514 713.996 558.06 553.469 508.02 594.803 622.062 797.713 1200.26 3130.26 1758.22 1952.43 1129.94 840.661 759.545 842.316 1259.21 1328.97 2703.1 729.806 666.528 741.791 447.904 447.144 435.138
threshold=0 4159.9497070312509 3.5000000000000004 2.5000000000000004 48.065000534057624 85.099975585937514 1.5000000000000002 6.5000000000000009 36.68499946594239 203.27500152587893 128.69499969482425 918.10009765625011 623.12506103515636 1 2.5000000000000004 914.52499389648449 802.57498168945324 666.82498168945324 2 3 312.17500305175787 250.20000457763675 291.16500854492193 -0.49500000476837153 42.20000076293946 75.00000381469728 9.5000000000000018 449.04499816894537 1.0000000180025095e-35 4
decision_type=1 2 2 8 8 2 10 2 10 2 10 2 2 9 2 2 2 2 9 1 10 2 10 10 2 2 2 10 2 1
left_child=1 2 29 4 5 7 8 -4 -7 10 28 12 19 14 25 16 -16 18 -15 20 21 -12 -23 -24 -22 -14 27 -27 -6 -1
right_child=-2 -3 3 -5 9 6 -8 -9 -10 -11 11 -13 13 17 15 -17 -18 -19 -20 -21 24 22 23 -25 -26 26 -28 -29 -30 -31
leaf_value=-0.018186855708109854 0.00045460807370751915 -0.026848599065596092 0.6309704170501792 -0.044017206584175017 -0.074375410236443507 -0.061980589080175383 0.38372597361321475 0.098707916700992201 0.087167686463361455 0.0023350645449345775 -0.087011648850138554 -0.016925434957826689 -0.087058258372078368 -0.088969368888940803 0.4181161934372552 -0.084436031212006143 1.8504728856349044 0.0024856300649857342 0.79218779257756144 0.026218137446429077 0.60402953800285963 0.3595454793277591 -0.08519496027008909 2.1105665148215049 -0.012355805966690808 -0.089626214774334106 0.7903744038550744 0.37914998603784306 0.10022523183992521 -0.0029363076101581098
leaf_weight=13382.210868065624 401280.9087609346 4589.7912902368116 26.272240661084652 1782.9473988884129 469.22776222415268 245.06179115409032 39.691668819636106 24.237442950252444 454.65931562753394 28745.880407820834 30.47830794332549 708.24552772031166 41.653680399991572 10.197170389816165 9.4294551759958285 6.9641098110005251 17.199920458719134 240.12465765839443 21.623136063572019 1637.2012641590554 13.67235442670062 63.118764462415129 6.120839385315775 8.6716520180925709 121.91921127284877 23.305622867308557 16.271633694879711 29.628318525850773 117.34800930507481 113211.3059282474
leaf_count=345805 1330879 142710 161 38677 8457 5320 116 252 4718 696345 928 21420 1207 203 187 204 122 5502 434 30330 106 623 238 165 5351 557 167 116 1138 1862461
internal_value=-0.000610735 -0.00318458 -0.00251207 0.00487818 0.00750971 0.0742385 0.0536551 0.37556 0.0349318 0.00587974 0.0342437 0.0486239 0.06883 0.169023 0.346784 1.0473 1.34328 0.0596542 0.509811 0.0466522 0.175504 0.348952 0.519497 1.202 0.0497973 0.165788 0.317972 0.172758 -0.0394455 -0.00455011
internal_weight=567375 166094 161505 34911.2 33128.2 789.922 739.413 50.5097 699.721 32338.3 3592.4 3005.83 2297.58 416.398 144.453 33.5935 26.6294 271.945 31.8203 1881.18 243.981 108.39 77.9113 14.7925 135.592 110.859 69.2056 52.9339 586.576 126594
internal_count=4504899 3174020 3031310 823044 784367 10567 10154 413 10038 773800 77455 67860 46440 8699 2560 513 309 6139 637 37741 7411 1954 1026 403 5457 2047 840 673 9595 2208266
cat_boundaries=0 1 2 3 4 5
cat_threshold=4 2 1 65 65
is_linear=0
shrinkage=0.08


Tree=129
num_leaves=31
num_cat=10
split_feature=34 35 37 4 11 3 35 6 26 13 43 36 44 23 18 37 36 3 14 3 17 13 17 17 9 6 3 18 43 18
split_gain=213.266 477.029 431.01 346.129 356.31 443.069 319.87 310.126 440.693 372.329 309.284 461.615 590.24 273.93 266.628 452.13 569.173 509.99 428.797 388.48 352.253 446.003 437.632 323.231 342.244 317.19 307.725 296.032 293.803 315.98
threshold=0 1 2 69.500000000000014 3.5000000000000004 729.52001953125011 3 480.40502929687506 8.2500000000000018 85.000007629394545 4 5 6 1.5000000000000002 3887.174926757813 7 8 238.36499786376956 1.0000000180025095e-35 376.50500488281256 43.500000000000007 3307.099975585938 47.500000000000007 5.5000000000000009 1.0000000180025095e-35 1777.674987792969 382.74499511718756 11931.239746093752 9 31548.775390625004
decision_type=1 1 1 10 2 10 1 2 10 2 9 9 9 2 2 1 9 8 2 10 2 2 2 2 2 2 8 2 9 2
left_child=6 -2 3 -3 5 13 14 9 -9 -4 11 -8 -13 -5 26 17 -17 -16 19 25 27 -22 -23 24 -20 -18 -1 -21 -25 -30
right_child=1 2 7 4 -6 -7 10 8 -10 -11 -12 12 -14 -15 15 16 18 -19 23 20 21 22 -24 28 -26 -27 -28 -29 29 -31
leaf_value=0.0049856010535579516 0.010048396265184823 -0.0074365065566240731 0.0016101318743965976 0.019352692667872717 -0.049992764639946986 0.27922317721811851 0.15133490901572658 0.011203895302561899 -0.071004097603360572 -0.0068696551010174866 -0.0014012471363862567 -0.020018107896439857 0.1351680480620692 0.12252643844447943 0.13639367487749809 -0.031829081426672241 0.0066872063871877552 0.024344069632427509 0.054947265893226939 0.10733633439882172 0.15521119573759204 1.0114455769060287 0.26532484527908767 -0.05500012348159497 0.40189537744449488 0.11577134817576416 -0.0060174468171444798 -0.042898397303353965 -5.7020839040254568e-06 0.070935839847520762
leaf_weight=145987.32938416908 23946.297776315361 75911.486827698769 115707.36815971043 666.68643849249929 243.98863122798502 54.813300919253379 191.24971520807594 20498.661167992395 426.01136467163451 46439.091657181736 111041.32138407859 667.26379257580265 205.06106320768595 218.7295093969442 413.63762849289924 1574.6907386342064 929.37981090368703 699.76963347848505 516.80292330565862 455.13799698452931 75.924817261751741 8.5764316599816102 12.171138955978675 512.07094270305242 18.860531397163868 208.9550245758146 18307.345009642886 102.924345535459 3053.3333452641964 462.72223561292049
leaf_count=1002109 143880 783104 651764 3187 2134 194 325 197340 10156 391083 1037586 3219 214 953 1344 8911 7881 5545 3087 6147 977 69 230 10307 11 734 193315 1830 34206 3727
internal_value=0.000797474 -0.000754195 -0.00174884 -0.00676612 0.0361503 0.0585043 0.00234185 0.000364319 0.0095302 -0.000818497 -0.000988217 0.0417451 0.0162756 0.0448403 0.00449546 0.0178679 0.0111013 0.0653839 0.0217691 0.0549515 0.104051 0.245037 0.573749 0.00877978 0.0671632 0.0267109 0.00375953 0.0796283 0.00101591 0.00930393
internal_weight=569558 284113 260167 77095.7 1184.22 940.229 285445 183071 20924.7 162146 112105 1063.57 872.325 885.416 173340 9044.96 7931.55 1113.41 6356.86 1793.07 654.735 96.6724 20.7476 4563.79 535.663 1138.33 164295 558.062 4028.13 3516.06
internal_count=4505569 2183795 2039915 789572 6468 4334 2321774 1250343 207496 1042847 1041344 3758 3433 4140 1280430 85006 78117 6889 69206 17868 9253 1276 299 51338 3098 8615 1195424 7977 48240 37933
cat_boundaries=0 1 2 3 4 5 6 7 8 9 10
cat_threshold=28 24 65 33 2 40 2 10 75 34
is_linear=0
shrinkage=0.08


Tree=130
num_leaves=31
num_cat=14
split_feature=36 38 12 19 31 47 42 34 38 41 7 38 19 19 3 19 10 23 41 12 12 3 19 12 34 39 38 47 41 13
split_gain=259.32 374.656 406.593 333.435 293.869 323.848 597.667 572.892 455.221 400.805 387.997 447.977 556.614 377.97 374.712 465.649 349.503 344.018 493.49 456.562 657.109 333.998 332.246 308.44 339.448 287.903 452.58 823.35 666.053 411.336
threshold=0 1 574.59497070312511 2811.2500000000005 inf 2 3 4 5 6 175.00000762939456 7 320.00500488281256 188.02500152587893 641.55499267578136 40.45000076293946 1.0000000180025095e-35 1.0000000180025095e-35 8 488.52499389648443 501.01000976562506 295.88000488281256 2666.525024414063 529.42501831054699 9 10 11 12 13 1034.174987792969
decision_type=9 1 2 2 8 1 9 1 1 9 2 1 2 2 8 2 2 2 9 2 2 10 2 2 1 9 1 1 9 2
left_child=1 -1 4 25 5 6 7 8 13 10 -8 12 -12 21 -11 -16 -15 18 -9 -19 -21 -3 -13 24 -14 26 27 28 -4 -30
right_child=-2 2 3 -5 -6 -7 9 17 -10 14 11 22 23 16 15 -17 -18 19 -20 20 -22 -23 -24 -25 -26 -27 -28 -29 29 -31
leaf_value=0.013523280677068688 0.0009805627468501125 0.232769777683456 0.31088487762282063 -0.015309626360408418 -0.01602459749875693 -0.0017808846344531211 -0.020702148164648184 -0.05126340086644815 -0.062735106182545103 -0.050214175897288986 0.26294913203195674 -0.024405325609573866 0.26965662228050286 -0.046437116556240242 0.10387273269669808 -0.11577042468221165 0.16929871411118746 -0.037631574444690154 0.032765771161411536 0.32421970075155365 -0.045103237285946 0.023041037560990865 0.27158705321065441 0.32516942586135605 -0.023831470242456104 0.0046051254932360239 -0.020654764126594085 0.0094610366117982431 0.021666190138722105 0.15691967548690122
leaf_weight=8127.7368819699623 439266.68446643918 199.53286904841661 97.426469944417477 5017.8680778886192 18227.685932108201 55709.246647810098 5057.4490075157955 550.53101423382759 109.14747926220298 4194.722261804156 105.11981547251344 503.15417115669698 18.748008478432894 125.02142689935863 218.25862422771752 86.159242482855916 78.072532599791884 1852.8143902411684 2222.0454618493095 55.906874641776085 68.744074610993266 64.243640799075365 25.500582010485232 22.329241126775742 197.98479090631008 24221.230977538973 680.74559412477538 955.39921744354069 292.91505834879354 282.88530952436849
leaf_count=20030 3872884 609 314 34496 82200 262468 34675 4417 803 31002 409 3120 40 784 442 875 111 12539 10759 137 382 241 65 98 1227 119187 3415 1473 3625 2585
internal_value=5.34248e-05 -0.00309448 -0.00420952 0.00360163 -0.00695749 -0.00464484 -0.0147714 0.00703962 0.0816744 -0.0258917 -0.0121807 0.0370556 0.106435 0.116043 -0.0438971 0.0417072 0.0364952 -0.0021636 0.016014 -0.0276611 0.120541 0.18169 -0.0099396 0.0420656 0.0128984 0.00717841 0.0341676 0.0568604 0.124971 0.0866108
internal_weight=568635 129369 121241 31548.5 89692.4 71464.7 15755.5 5326.06 576.018 10429.4 5930.29 872.837 344.182 466.87 4499.14 304.418 203.094 4750.04 2772.58 1977.47 124.651 263.777 528.655 239.062 216.733 26530.6 2309.37 1628.63 673.227 575.8
internal_count=4505412 632528 612498 165095 447403 365203 102735 30782 2548 71953 39634 4959 1774 1745 32319 1317 895 28234 15176 13058 519 850 3185 1365 1267 130599 11412 7997 6524 6210
cat_boundaries=0 1 2 3 4 5 6 7 8 9 10 11 12 13 14
cat_threshold=90 1 1 18 16 340 19 388 2 32 2 324 4 1
is_linear=0
shrinkage=0.08


Tree=131
num_leaves=31
num_cat=10
split_feature=26 24 32 47 5 42 3 19 4 20 18 3 18 18 32 32 46 47 2 3 2 47 36 42 47 3 18 44 23 40
split_gain=184.618 226.54 362.539 427.828 247.767 186.614 492.734 772.732 313.55 182.895 176.744 180.171 170.487 464.895 170.588 168.989 381.396 777.178 398.344 400.654 306.184 343.875 624.935 291.321 388.124 369.101 270.306 258.208 275.168 233.917
threshold=1.0000000180025095e-35 3.5000000000000004 11.965000152587892 0 74.500000000000014 1 315.36499023437506 1.0000000180025095e-35 35.500000000000007 4.5000000000000009 129.76499938964847 562.46499633789074 391.02499389648443 368.32499694824224 86.125000000000014 -10.085000038146971 2 3 2.5000000000000004 351.55499267578131 2.5000000000000004 4 5 6 7 110.75500106811525 2012.0400390625002 8 1.5000000000000002 9
decision_type=8 2 8 1 2 9 10 2 10 2 2 10 2 2 8 8 1 1 8 10 8 1 9 9 1 10 2 9 2 1
left_child=10 15 3 4 5 6 -3 -8 -9 -5 -1 -12 13 14 -4 16 20 18 19 29 23 22 -22 24 -2 26 -26 -19 -29 -18
right_child=1 2 12 9 -6 -7 7 8 -10 -11 11 -13 -14 -15 -16 -17 17 27 -20 -21 21 -23 -24 -25 25 -27 -28 28 -30 -31
leaf_value=-0.059712284356380152 -0.0083667463561044875 -0.072987189570475966 -0.052756809158309825 0.0018473035023394034 0.30491949703508514 -0.078930128716935388 0.55453413317097444 -0.086218324665539151 0.23958584105029893 -0.14228752857933832 0.062442259905209636 -0.062567067346080502 0.013698704881520078 0.4732608007980455 0.13868141646010687 0.00040656860547816359 -0.030393516216674302 0.063994191870545669 -0.0055632517318465122 0.023093545937189014 0.12827792803324597 0.052512961904471307 -0.068792649612621881 -0.0049617020105054716 0.10680244737943979 0.025030385182327284 -0.11165311142401128 0.011400021357015455 -0.17214537851052344 -0.15589365984174325
leaf_weight=107.4306919160299 1758.4457627534866 251.42841657157987 53.907138124806806 1706.2572368197143 11.76821441343054 1157.5088595949346 22.002954901196063 56.602233403595164 28.38549456326291 58.267476017121226 717.04393422440626 82.251126040471718 594.96285245602485 19.587841851171106 66.58752459846437 548693.9577933267 143.0843520052731 591.98864471167326 442.63806957099587 135.04900867678225 128.09529139846563 2138.4408240029588 398.03800642443821 5428.2432423348073 589.72881428059191 2591.7413546984317 38.624345485121012 274.43470062501729 64.574884654022753 462.11884807609022
leaf_count=494 2525 4992 707 3212 36 36966 127 1662 194 303 2243 1024 8593 39 61 4364696 264 716 938 138 348 3960 3628 31196 1718 31768 288 574 287 1522
internal_value=0.000559521 0.000501931 -0.0184046 -0.0297462 -0.06074 -0.0635787 -0.0114789 0.131993 0.0225987 -0.00291226 0.0366293 0.0495782 0.0323937 0.111796 0.0530354 0.000636963 0.00896189 -0.0225654 -0.0655994 -0.101498 0.0140605 0.0382577 -0.0196822 0.00786495 0.0218164 0.0383666 0.0933742 0.0321119 -0.0235619 -0.129301
internal_weight=568813 567906 4027.27 3292.22 1527.7 1515.93 358.419 106.991 84.9877 1764.52 906.726 799.295 735.045 140.083 120.495 563879 15185.2 2113.89 1182.89 740.252 13071.4 2664.57 526.133 10406.8 4978.54 3220.09 628.353 930.998 339.01 605.203
internal_count=4505219 4501458 56892 47492 43977 43941 6975 1983 1856 3515 3761 3267 9400 807 768 4444566 79870 4439 2862 1924 75431 7936 3976 67495 36299 33774 2006 1577 861 1786
cat_boundaries=0 1 2 3 4 5 6 7 8 9 10
cat_threshold=4 34 1 2 4 66 11 2 2 9
is_linear=0
shrinkage=0.08


Tree=132
num_leaves=31
num_cat=13
split_feature=36 41 21 37 38 35 47 32 34 43 13 32 12 17 43 9 12 34 36 13 6 32 6 7 6 12 7 34 43 8
split_gain=241.464 349.34 287.025 308.647 331.829 428.917 348.156 429.06 673.623 574.147 530.32 466.317 386.175 724.964 337.085 376.988 1036.7 361.05 372.817 405.347 423.346 510.306 470.845 388.919 339.805 443.589 458.56 287.148 282.283 286.117
threshold=0 1 1.5000000000000002 2 3 4 5 -7.7550001144409171 6 7 90.02500152587892 -17.144999504089352 100.04999923706056 12.500000000000002 8 1.0000000180025095e-35 274.02499389648443 9 10 95.825000762939467 918.10009765625011 31.404999732971195 1128.6749267578127 434.00001525878912 191.55000305175784 305.02499389648443 331.54498291015631 11 12 12.500000000000002
decision_type=9 9 2 1 1 1 1 10 1 9 2 10 2 2 9 2 2 1 9 2 2 10 2 2 2 2 2 1 9 2
left_child=1 28 3 -3 27 -6 -7 8 9 11 -9 -8 -11 -14 15 -12 -17 24 19 -19 21 -21 23 -22 -16 26 -26 -5 29 -1
right_child=-2 2 -4 4 5 6 7 10 -10 12 14 -13 13 -15 17 16 -18 18 -20 20 22 -23 -24 -25 25 -27 -28 -29 -30 -31
leaf_value=0.0038189273425683315 0.00059551348377305004 0.0026529466190682773 0.073049989615105768 0.0041119177385848318 0.02520484256514283 -0.01014799096854363 -0.068392315066282183 -0.062611129663063814 -0.028695191539224649 0.13114055588261964 -0.067962319283647654 0.20719243750326388 -0.053331956275411103 0.37111459110010969 -0.029564981718399382 0.9074318687317674 -0.092974406909255333 0.32350444699385045 -0.078268290380680824 -0.048520201698285387 0.40418694106831249 0.17866944721275352 -0.0066087518198536298 0.091692701485760517 0.083330456026502506 0.01584098420970011 0.38930529602814318 -0.036472018545039363 -0.025536730101968174 0.2579171496021806
leaf_weight=32490.248667329084 481730.37094040739 11751.856650829315 276.35930331191048 9860.4724208517 1461.8826642949134 13259.802319476381 317.5016327034682 3398.6641432084143 2246.3525323104113 484.74672833643854 1203.4067432673182 44.846734967082739 191.82658004947007 29.74832122027874 896.61869005672634 9.5613635405898112 21.620276877656579 22.617670584470034 828.67586314771324 1282.1342317759991 37.820975877344608 66.560080269351602 213.74365992518142 78.173548388294876 150.87965822778642 1250.6125522051007 39.568593639880419 1247.9873205125332 2195.4174714358523 28.385707897134125
leaf_count=143284 4073459 86681 862 36263 5777 19553 2821 36967 19178 2751 15628 126 1216 71 7775 19 304 116 9092 11004 53 208 1440 373 916 7386 193 5679 15213 66
internal_value=-9.94969e-05 -0.00402011 -0.00825485 -0.00870233 -0.0121529 -0.0168614 -0.0192285 -0.0286387 -0.00385811 0.0481674 -0.0372853 -0.0333633 0.0898751 0.00365361 -0.0231794 -0.0603574 0.213785 -0.0135975 -0.0344919 -0.0128331 -0.0174419 -0.0373081 0.0638146 0.193584 0.00906408 0.0331617 0.146901 -0.000476214 0.00216219 0.00403949
internal_weight=567118 85388.1 50674 50397.7 38645.8 27537.4 26075.5 12815.7 3315.02 1068.67 9500.66 362.348 706.322 221.575 6101.99 1234.59 31.1816 4867.41 2529.73 1701.05 1678.43 1348.69 329.738 115.995 2337.68 1441.06 190.448 11108.5 34714.1 32518.6
internal_count=4504474 431015 272452 271590 184909 142967 137190 117637 26163 6985 91474 2947 4038 1287 54507 15951 323 38556 22286 13194 13078 11212 1866 426 16270 8495 1109 41942 158563 143350
cat_boundaries=0 1 2 3 4 5 6 7 8 9 10 11 12 13
cat_threshold=88 49 83 145 16 2 2 40 37 83 64 15 14
is_linear=0
shrinkage=0.08


Tree=133
num_leaves=31
num_cat=13
split_feature=37 42 38 41 34 2 42 13 3 41 34 45 41 45 3 3 25 37 22 17 15 5 25 32 26 32 41 18 22 2
split_gain=285.177 502.479 377.717 346.176 339.146 393.078 554.215 565.266 599.869 344.507 371.836 331.327 446.881 483.214 1199.64 2538.84 845.017 449.363 400 352.821 372.891 1089.18 303.242 419.154 301.064 378.882 299.618 352.683 297.094 296.279
threshold=0 1 2 3 4 1.0000000180025095e-35 5 5150.8552246093759 650.12500000000011 6 7 8 9 10 224.1350021362305 203.86499786376956 7.5000000000000009 11 2.5000000000000004 58.500000000000007 1.0000000180025095e-35 13.500000000000002 9.5000000000000018 -4.9249999523162833 9.2500000000000018 0.67500001192092907 12 3284.7150878906255 1.0000000180025095e-35 1.5000000000000002
decision_type=1 9 1 9 1 8 9 2 10 9 1 9 9 9 8 10 8 1 2 2 2 2 8 8 10 10 9 2 2 10
left_child=-1 26 3 -3 5 6 7 -4 -9 10 -6 -8 13 14 15 -13 -16 28 -18 20 -19 -22 23 -7 -14 -26 27 -2 -15 -29
right_child=1 2 4 -5 9 22 11 8 -10 -11 -12 12 24 17 16 -17 18 19 -20 -21 21 -23 -24 -25 25 -27 -28 29 -30 -31
leaf_value=0.0015760413019632114 -0.025778027269764314 -0.0089825750492320017 0.022708299465184715 -0.00020754626184230911 0.039430247384712347 0.26196429775148278 -0.0067423313996423338 -0.05985119575998453 0.2822414649822016 -0.0025420790462260807 -0.002627151274991617 0.045742687566391702 0.0042803340220379481 0.058304687259054327 0.51246755513942199 0.6890946821717735 0.0032761310135108451 -0.021290545252138464 0.27624462101932706 0.27468994728446122 0.002951093245423832 0.66528752838162375 -0.0050022919485350984 0.0055959625744898588 -0.096970820402009827 0.18501592694434643 -0.0056589932728733118 0.0092322770704922497 -0.052893821233689638 0.16232474852678277
leaf_weight=213256.55716786894 8925.6790892558638 47676.732455854828 12747.072959403275 72554.811971549265 2685.4548994181678 64.98467166069895 10514.024771170225 47.397830287925899 106.55819104798138 74012.172719048656 2691.4187204474583 108.15576402284205 20060.320303773275 1710.123317965772 23.202189561445266 61.625049093738198 552.24740318837576 1663.8495969320647 36.636227440554649 27.826441292883828 76.59852860076353 20.048896775348112 16525.373063707724 109.7424580026418 40.781631991267204 120.89548304118216 79014.637742859777 1120.4285225942731 168.96450191643089 87.20129282027483
leaf_count=1862485 73208 492015 71718 701842 4130 49 79320 430 117 399366 7026 187 129466 6483 34 134 3619 16921 49 192 659 162 90642 420 517 444 547080 10494 1362 774
internal_value=-0.000734425 -0.00212803 -0.000376716 -0.00368766 0.00238443 0.00667915 0.0103525 0.0245296 0.176923 -0.00112073 0.0184124 0.00514583 0.0102128 0.0331416 0.0899558 0.279259 0.0389164 0.0208176 0.0202583 -0.0079053 -0.0124169 0.140349 -0.00389381 0.100945 0.0051541 0.113887 -0.00732169 -0.0202683 0.0480502 0.0202869
internal_weight=566812 353555 264407 120232 144175 64786.4 48086.3 12901 153.956 79389 5376.87 35185.3 24671.3 4449.28 781.867 169.781 612.086 3667.41 588.884 1788.32 1760.5 96.6474 16700.1 174.727 20222 161.677 89147.9 10133.3 1879.09 1207.63
internal_count=4501345 2638860 2007304 1193857 813447 402925 311814 72265 547 410522 11156 239549 160229 29802 4023 321 3702 25779 3668 17934 17742 821 91111 469 130427 961 631556 84476 7845 11268
cat_boundaries=0 1 2 3 4 5 6 7 8 9 10 11 12 13
cat_threshold=114 32 352 22 76 3 16 48 4 48 10 4 48
is_linear=0
shrinkage=0.08


Tree=134
num_leaves=31
num_cat=11
split_feature=23 0 34 42 37 37 2 37 30 18 12 7 38 2 13 3 17 4 45 38 45 3 38 7 34 32 13 13 3 18
split_gain=278.548 239.552 233.038 279.664 430.689 300.547 738.948 291.104 267.382 265.561 258.118 289.87 286.548 512.606 278.515 299.58 239.552 470.987 234.882 414.004 662.81 385.776 567.518 619.768 540.291 503.931 447.039 422.032 405.167 452.065
threshold=1.5000000000000002 3.5000000000000004 0 1 2 3 1.5000000000000002 4 1.0000000180025095e-35 402.07499694824224 13330.554687500002 518.52499389648449 5 1.0000000180025095e-35 1276.400085449219 333.27499389648443 26.500000000000004 1.5000000000000002 6 7 8 182.4049987792969 9 410.00003051757818 10 5.5450000762939462 1627.0250244140627 300.77499389648443 161.69499969482425 528.85000610351574
decision_type=2 2 1 9 1 1 10 1 2 2 2 2 1 8 2 10 2 10 9 1 9 10 1 2 1 8 2 2 10 2
left_child=2 -2 3 4 -1 6 -6 18 -4 -10 11 12 13 -7 -12 -16 -14 -18 -5 20 -20 22 -21 -24 25 26 28 -23 29 -25
right_child=1 -3 8 7 5 10 -8 -9 9 -11 14 -13 16 -15 15 -17 17 -19 19 21 -22 27 23 24 -26 -27 -28 -29 -30 -31
leaf_value=-0.010685450796737455 0.0031472009922559052 0.18585514059283509 -0.003128076700995179 -0.0016940638576645834 -0.0099521285411223823 0.05418299006732169 0.28891076049114017 -0.0043111932525016902 0.1458564249212235 -0.046525446930257827 0.027738348911862113 -0.025948621966210509 0.008484242067172007 -0.0044530222377366048 0.35081541870628707 0.028734661161156715 -0.04326166286758687 0.52141933508042182 -0.0032144821604614309 0.034756763858816472 -0.087115169870138884 -0.0062087060258931986 0.0026432203188960024 0.22501137699046045 -0.015249472766317849 -0.022023808458561826 0.0058677165898733145 0.010063083678099769 0.21762769378133584 0.062509648556344888
leaf_weight=5327.4259166475385 113224.5706635596 45.945332624018192 224728.75690201146 61485.986260485835 130.56153295841068 2743.720660481602 89.069195608608425 75074.456339239376 148.09237845963798 66.56127883575391 116.3431051671505 1134.7533074598759 11019.982005449012 1462.9684772631153 46.79868092527613 30.546689738985151 21.156966285780072 17.088835539296269 2736.7045348361135 6374.5371737414971 764.18218521491508 21308.001380959293 18095.108158407762 136.07554168999195 600.2056336728856 275.61664478573948 262.13396131806076 19570.920569235343 224.92102709878236 562.33705003606156
leaf_count=34887 985497 66 1684729 537460 1077 9379 253 544935 331 688 391 9655 85463 5805 185 175 348 38 8801 35169 3977 200660 101607 803 3821 1554 1598 241034 761 2953
internal_value=-0.000328192 0.00322131 -0.00121269 0.000580214 0.00912479 0.0154046 0.106404 -0.000332022 -0.0030427 0.0862013 0.0141367 0.0130609 0.0159608 0.0337109 0.105957 0.223613 0.00916961 0.209047 0.00192449 0.0050619 -0.0217245 0.00645605 0.0139692 0.0073742 0.0489411 0.074902 0.0980687 0.00158147 0.124244 0.0941707
internal_weight=567826 113271 454555 229612 22140.4 16813 219.631 207471 224943 214.654 16593.4 16399.7 15264.9 4206.69 193.688 77.3454 11058.2 38.2458 132397 70910.7 3500.89 67409.9 26530.9 20156.4 2061.29 1461.08 1185.47 40878.9 923.334 698.413
internal_count=4504100 985563 3518537 1832789 147656 112769 1330 1685133 1685748 1019 111439 110688 101033 15184 751 360 85849 386 1140198 602738 12778 589960 148266 113097 11490 7669 6115 441694 4517 3756
cat_boundaries=0 1 2 3 4 5 6 7 8 9 10 11
cat_threshold=28 2 32 64 99 19 9 129 6 552 20
is_linear=0
shrinkage=0.08


Tree=135
num_leaves=31
num_cat=12
split_feature=9 21 18 14 37 38 8 36 3 4 38 45 4 12 16 47 3 47 18 3 19 6 47 34 18 44 2 3 34 45
split_gain=150.481 148.712 237.203 378.184 148.674 368.588 404.835 354.043 383.676 413.276 346.92 1551.33 441.909 555.372 374.021 400.86 389.752 357.089 381.723 620.698 336.074 333.823 441.159 330.158 346.585 374.133 357.165 314.552 296.558 288.576
threshold=1.5000000000000002 2.5000000000000004 5970.8249511718759 1.0000000180025095e-35 0 1 14.500000000000002 2 146.03499603271487 11.500000000000002 3 4 inf 32.000007629394538 1.0000000180025095e-35 5 170.31500244140628 6 379.55000305175787 131.68499755859378 229.02500152587893 588.67498779296886 7 8 1.0000000180025095e-35 9 1.0000000180025095e-35 254.75000000000003 10 11
decision_type=2 2 2 2 1 1 2 9 10 10 1 9 8 2 2 1 10 1 2 8 2 2 1 1 2 9 8 10 1 9
left_child=1 4 -3 -4 5 7 -7 20 -9 29 11 21 13 14 15 16 -13 18 -15 -20 -1 22 23 -6 25 -25 -27 -18 -14 -10
right_child=-2 2 3 -5 10 6 -8 8 9 -11 -12 12 28 17 -16 -17 27 -19 19 -21 -22 -23 -24 24 -26 26 -28 -29 -30 -31
leaf_value=-0.0013462326869623103 -0.057778137778091918 -0.016628295919030582 0.24216704283084725 -0.013231882437939296 -0.019864858587682794 -0.0059254369245649793 0.33776333429216981 -0.0024442899315838301 -0.065285239813656706 -0.0084888475937845015 0.0011055461649055601 0.11159921207402378 0.054342318341715261 -0.06694683874505851 0.20163105623908961 -0.019085224626786794 -0.11112951915478046 -0.069852919665101862 0.41149920928685058 0.022266752364516248 -0.029042557387205951 -0.0067147115812960581 -0.089899617109468477 -0.14710975771218088 -0.52056106209911646 -0.60486788852953688 -0.23398791311060574 0.037201421731148987 0.0009679752332122396 0.014933322759160525
leaf_weight=8720.3044596714899 288.85676425497513 143.42458226648159 82.488881777506322 67.444985524402 57.380616687238216 82534.42175271525 21.940316549735144 29255.016885125544 280.60159750562161 6328.6581918890588 398571.18876632501 349.89791720360518 1062.7671930259094 326.92727164365351 60.80324205942452 1932.8436048850417 120.41012625023723 1526.5716981915757 28.11886877566576 388.39573531784117 4132.8341730069369 135.89367207977921 396.55790136847645 121.10627510584891 30.981454137712717 27.385372746735811 42.266363628208637 381.05123484134674 1770.0105856340379 28069.387341307709
leaf_count=29686 3001 1046 190 664 91 479155 48 120456 1956 29348 3663669 1149 1816 2896 145 7193 795 4876 50 2197 19489 473 3767 379 239 239 178 948 4563 123716
internal_value=-5.11295e-05 -2.17189e-05 0.0569227 0.127281 -5.11982e-05 -0.00212292 -0.00583339 0.00186659 0.00430247 0.0099953 0.000759269 -0.0149804 -0.0041556 -0.0181992 0.00534759 0.00106102 0.0467991 -0.0477103 -0.002243 0.0485438 -0.0102438 -0.119648 -0.144132 -0.221183 -0.260629 -0.232076 -0.379809 0.00158443 0.0211876 0.0141216
internal_weight=567256 566967 293.358 149.934 566674 159343 82556.4 76786.8 63933.7 34678.6 407331 8759.37 7947.8 5115.02 2845.01 2784.2 851.359 2270.01 743.442 416.515 12853.1 811.572 675.678 279.12 221.739 190.758 69.6517 501.461 2832.78 28350
internal_count=4504418 4501417 1900 854 4499517 803854 479203 324651 275476 155020 3695663 31994 26628 20249 10230 10085 2892 10019 5143 2247 49175 5366 4893 1126 1035 796 417 1743 6379 125672
cat_boundaries=0 1 2 3 4 5 6 7 8 9 10 11 12
cat_threshold=4 713 50 128 32 1 4 2 32 2 36 2
is_linear=0
shrinkage=0.08


Tree=136
num_leaves=31
num_cat=10
split_feature=27 42 24 43 2 3 44 38 4 12 32 34 17 42 3 38 32 12 47 32 47 4 19 47 6 32 17 12 7 17
split_gain=261.447 273.639 336.115 283.113 257.193 233.111 463.086 443.807 993.672 365.535 343.631 331.484 419.306 388.452 1224.7 1001.68 1221.15 1341.07 397.319 385.535 595.642 632.244 393.86 318.421 298.742 278.779 263.343 278.84 262.316 253.911
threshold=7.5000000000000009 0 1.0000000180025095e-35 1 1.5000000000000002 578.52499389648449 2 3 inf 281.00001525878912 -81.404998779296861 4 5.5000000000000009 5 585.36999511718761 6 3.7150000333786015 110.04998779296876 7 39.944999694824226 8 5.5000000000000009 6029.6950683593759 9 537.00006103515636 -17.144999504089352 11.500000000000002 20424.821289062504 564.02499389648449 32.500000000000007
decision_type=8 9 2 9 8 10 9 1 8 2 8 1 2 9 10 1 8 2 1 10 1 10 2 1 2 10 2 2 2 2
left_child=1 2 -1 4 -3 -2 9 8 25 -7 -11 -9 13 18 15 16 -15 -18 -13 22 21 -21 -16 -14 28 -8 -26 -28 -12 -27
right_child=5 3 -4 -5 -6 6 7 11 -10 10 24 12 23 14 19 -17 17 -19 -20 20 -22 -23 -24 -25 26 29 27 -29 -30 -31
leaf_value=0.084104027018736843 0.00038316761539683664 0.13542341648560732 -0.03155617451456498 -0.0035832977385288805 -0.062294757119911066 0.037734075251307314 -0.044476828897397853 0.0037429132385275793 -0.30065800879775506 0.21751468509229505 -0.061425642337202532 0.0057544014986360779 -0.012299539721970067 -0.05657986198672043 -0.00044795078892189983 0.01802131827121671 2.0376915354054299 0.70568806898759651 -0.072613344766125937 -0.094333215684012886 -0.0006851812532762397 0.52254999560110549 0.3485980980042917 -0.05810013590482873 0.051830266218620365 -0.0078709550786590296 -0.044503175138877478 0.078105709256585762 0.028241296541105076 -0.051900074236022276
leaf_weight=226.89237197418697 529957.07724081492 374.65415113279596 552.07793840521481 213.15113073354587 47.43762328196317 2533.2938064658083 2516.2552172590513 14297.369722322794 82.277558345842408 43.591358859091997 854.322243291419 1095.9906723778695 1939.1366210877895 8.2842263404745591 1547.9690148152877 46.321628539328231 6.6394477188587215 17.824007750488818 665.42657418199815 14.67191814444959 71.410406791605055 38.626794285140932 20.970103222876787 1946.8456527825911 671.67149463202804 6403.241026742151 553.09007168165408 151.1537908250466 276.34565313113853 964.53482018376235
leaf_count=697 3788869 1040 4830 960 250 12183 94892 146172 738 39 9032 1362 2866 202 15167 328 179 180 13676 262 124 131 43 47728 4635 289906 6886 1398 1923 58282
internal_value=4.15349e-05 0.034396 0.0021054 0.0728132 0.110583 -4.41938e-05 -0.00620411 -0.00980037 -0.0237675 0.0162104 -0.00517084 -0.00337828 -0.0170862 0.00283229 0.0291812 0.337092 0.599766 1.0672 -0.0237166 0.0149784 0.150362 0.352736 0.00421732 -0.0352453 -0.00904351 -0.0214866 0.0159927 -0.0181873 -0.0395102 -0.0136349
internal_weight=568139 1414.21 778.97 635.243 422.092 566724 36767.3 31683.8 9966.31 5083.47 2550.17 21717.5 7420.12 3534.13 1772.72 79.0693 32.7477 24.4635 1761.42 1693.65 124.709 53.2987 1568.94 3885.98 2506.58 9884.03 1375.92 704.244 1130.67 7367.78
internal_count=4504980 7777 5527 2250 1290 4497203 708334 672238 443818 36096 23913 228420 82248 31654 16616 889 561 359 15038 15727 517 393 15210 50594 23874 443080 12919 8284 10955 348188
cat_boundaries=0 1 2 3 4 5 6 7 8 9 10
cat_threshold=41 41 1 32 58 50 264 2 4 2
is_linear=0
shrinkage=0.08


Tree=137
num_leaves=31
num_cat=10
split_feature=15 16 13 19 7 41 34 7 11 17 12 13 5 12 12 13 45 19 5 5 0 19 33 34 41 38 35 45 34 45
split_gain=169.543 160.568 312.757 684.186 429.532 512.6 375.365 309.826 309.289 310.067 281.947 498.328 413.789 265.933 251.464 237.91 220.224 203.74 278.61 291.864 203.499 192.105 181.555 171.288 504.937 332.284 307.912 358.993 302.737 274.442
threshold=1.5000000000000002 2.5000000000000004 1878.2001953125002 3597.1350097656255 2929.5000000000005 0 1 470.52499389648443 36.500000000000007 15.500000000000002 544.65020751953136 911.07495117187511 17.500000000000004 3422.650024414063 1129.2750244140627 8582.9746093750018 2 2111.3750000000005 22.500000000000004 24.500000000000004 1.5000000000000002 11085.324707031252 1.0000000180025095e-35 3 4 5 6 7 8 9
decision_type=2 2 2 2 2 9 1 2 2 2 2 2 2 2 2 2 9 2 2 2 2 2 2 1 9 1 1 9 1 9
left_child=1 23 6 4 5 8 10 15 9 14 11 16 -12 -10 -4 22 -3 -7 -19 -20 -13 -8 -5 -1 25 26 -25 -28 -27 -30
right_child=-2 2 3 7 -6 17 21 -9 13 -11 12 20 -14 -15 -16 -17 -18 18 19 -21 -22 -23 -24 24 -26 28 27 -29 29 -31
leaf_value=0.0011379651850587746 -0.034965135038973146 0.15221967481744231 0.082643697236954708 -0.014434414348649657 0.53038308026146785 0.10970975392306001 -0.038740080881383088 -0.035433402856524347 0.47116300387258847 0.076699728498136333 -0.06810010829712973 0.29860073607169796 0.11439334844616218 0.12824853950488049 0.36061202123090963 0.35918221878172213 -0.055103475593440303 -0.072136218933040258 0.39830521379090555 -0.031028623468847136 0.10401827389828255 0.22002003535119882 0.22895860580420152 0.068471631181391546 -0.0028820118915611165 -0.00085380823553970033 0.032736969880673865 -0.017120884325366806 0.048567487666646328 0.015163377696889125
leaf_weight=360048.62790241814 879.4585402115481 34.785338027402759 33.72890801075846 67.843313928460702 14.686354106757788 100.6678907556925 1032.238620813936 557.39963058952708 34.425935616251081 219.52394970669411 226.46540580806322 76.956676840782166 122.5473686712794 24.973212492885068 54.459932198282331 20.033200488891453 112.43248128797859 174.85862538008951 18.214320456725545 22.842293138848618 62.200473515898921 18.694675823673606 27.591264101676643 360.22177774552256 189116.88902845405 2606.0791179705702 1155.0223731570877 4471.4947413867339 3107.2283092201687 3243.4670114885084
leaf_count=2377675 8494 191 183 650 103 369 8209 8375 86 1258 4011 337 785 173 135 98 1479 2249 73 234 357 37 37 1668 2035792 10092 3855 21473 7485 9113
internal_value=0.000133179 0.000187603 0.018471 0.0468448 0.102312 0.0931168 -0.00460141 -0.0107258 0.155622 0.127599 0.043565 0.103082 -0.00402196 0.326991 0.2543 0.108546 0.00048061 0.0152387 -0.0281015 0.159441 0.211626 -0.0338153 0.0559334 8.85041e-05 -0.00176316 0.0123889 -0.00220756 -0.00684605 0.0221368 0.0315578
internal_weight=568046 567167 3057.57 1371.25 698.381 683.695 1686.32 672.867 367.112 307.713 635.388 286.375 349.013 59.3991 88.1888 115.468 147.218 316.583 215.915 41.0566 139.157 1050.93 95.4346 564109 204060 14943.5 5986.74 5626.52 8956.77 6350.7
internal_count=4505076 4496582 29429 14023 4863 4760 15406 9160 1835 1576 7160 2364 4796 259 318 785 1670 2925 2556 307 694 8246 687 4467153 2089478 53686 26996 25328 26690 16598
cat_boundaries=0 1 2 3 4 5 6 7 8 9 10
cat_threshold=33 112 8 14 17 306 8 40 1 9
is_linear=0
shrinkage=0.08


Tree=138
num_leaves=31
num_cat=7
split_feature=6 4 37 38 47 12 19 38 6 12 13 19 6 5 13 17 4 13 1 6 24 4 43 47 13 31 19 7 2 45
split_gain=133.404 267.695 403.939 836.689 752.786 471.478 486.146 456.574 673.36 705.368 768.935 912.374 1218.77 932.902 589.741 1238.77 764.646 593.247 471.666 466.956 447.017 420.261 426.695 399.268 385.03 487.497 1123.75 379.364 362.262 347.243
threshold=480.40502929687506 1.5000000000000002 0 1 2 8635.8847656250018 733.47500610351574 3 126.54999923706056 131.39994812011722 226.59999847412112 388.02499389648443 295.02499389648443 3.5000000000000004 785.07501220703136 4.5000000000000009 3.5000000000000004 179.754997253418 1.0000000180025095e-35 443.22476196289068 8.5000000000000018 19.500000000000004 4 5 65.000015258789077 inf 91.20999908447267 180.00000762939456 2.5000000000000004 6
decision_type=2 10 1 1 1 2 2 1 2 2 2 2 2 2 2 2 10 2 2 2 2 10 9 1 2 8 2 2 10 9
left_child=1 27 3 23 5 7 -7 8 21 -10 -11 12 -12 -14 17 16 -16 18 20 -17 -9 22 -5 -3 -20 -26 -27 -1 -19 -23
right_child=-2 2 -4 4 -6 6 -8 14 9 10 11 -13 13 -15 15 19 -18 28 24 -21 -22 29 -24 -25 25 26 -28 -29 -30 -31
leaf_value=-0.00029275977292881288 0.0029063584804004091 0.00037987668727320874 0.00021536178555682108 0.070946263154847783 0.0072797549628156938 0.28201980776182456 -0.093382249038876944 0.051409931218086354 0.53299027420717127 -0.021146314171798294 0.21918722144297964 0.12816582757501757 1.3854063764263871 0.36867963006101745 0.61084896709594416 -0.045210416276629736 0.1923812893144092 -0.052278577984158706 -0.036901958937138775 0.34064234469114796 0.35477134394933579 0.14061377111889414 -0.073717224771552042 -0.075358885055076555 0.014826300419897144 0.69465217714592176 0.0021797685797190288 -0.0074471224342348118 0.15812677990639581 -0.036733766578006685
leaf_weight=361203.19962256303 87602.743582560681 875.4362214859575 45534.567329579033 230.03095940034837 11215.850949977059 96.439134930726141 28.632445967756212 2057.4663903964683 30.222973490133882 139.28542337752879 44.81540818233043 218.05996764171869 12.944812180474402 10.42893587425351 33.823576252907515 210.47070939978585 160.81324065849185 857.39841340947896 809.90064905490726 22.189253811724484 31.564223410561681 303.663945984561 276.22476240526885 906.95827515632845 217.44132909364998 24.271236173808575 39.257796514779329 54605.520108126279 55.777754530310631 91.976875619031489
leaf_count=2646661 926188 1152 224288 2270 27968 197 534 23868 91 2778 434 3238 141 182 92 3700 598 13425 11199 260 81 2828 5058 13007 2783 164 392 590213 431 1545
internal_value=3.53314e-05 -0.000488272 0.00430553 0.0140996 0.019506 0.0423812 0.19608 0.0391109 0.0796998 0.159543 0.133019 0.208034 0.463442 0.931762 0.026685 0.116176 0.265102 0.0174077 0.033729 -0.00841085 0.0559936 0.0402364 -0.0080402 -0.0379463 -0.00890796 0.0717851 0.266739 -0.0012323 -0.0394268 0.10201
internal_weight=567947 480345 64535.9 19001.3 17219 6003.1 125.072 5878.03 1357.65 455.758 425.535 286.249 68.1892 23.3737 4520.37 427.297 194.637 4093.08 3179.9 232.66 2089.03 901.897 506.256 1782.39 1090.87 280.97 63.529 415809 913.176 395.641
internal_count=4505766 3579578 342704 118416 104257 76289 731 75558 18565 6864 6773 3995 757 323 56993 4650 690 52343 38487 3960 23949 11701 7328 14159 14538 3339 556 3236874 13856 4373
cat_boundaries=0 1 2 3 4 5 6 7
cat_threshold=75 544 4 13 4 2 41
is_linear=0
shrinkage=0.08


Tree=139
num_leaves=31
num_cat=12
split_feature=3 44 34 3 6 38 38 3 37 18 17 38 3 7 6 19 23 44 23 11 3 3 37 41 38 1 34 32 34 23
split_gain=187.619 598.18 464.748 520.291 454.327 463.945 442.426 672.693 748.411 597.584 647.772 573.964 599.022 666.663 2762.97 558.506 467.264 711.85 711.572 854.975 454.216 430.876 464.119 562.986 541.45 479.204 405.373 398.031 509.898 485.02
threshold=185.57500457763675 0 1 676.45498657226574 839.02502441406261 2 3 44.149999618530281 4 595.02499389648449 1.5000000000000002 5 36.68499946594239 112.00000762939455 85.099975585937514 195.27500152587893 3.5000000000000004 6 8.5000000000000018 1.0000000180025095e-35 38.229999542236335 179.004997253418 7 8 9 1.5000000000000002 10 -0.89499998092651356 11 1.5000000000000002
decision_type=10 9 1 10 2 1 1 10 1 2 2 1 8 2 2 2 2 9 2 2 10 10 1 9 1 2 1 8 1 2
left_child=4 2 3 -2 6 -6 7 8 11 -10 16 12 13 -1 -15 -16 -11 -18 19 -19 -13 -8 24 -24 -23 27 -22 28 29 -26
right_child=1 -3 -4 -5 5 -7 21 -9 9 10 -12 20 -14 14 15 -17 17 18 -20 -21 26 22 23 -25 25 -27 -28 -29 -30 -31
leaf_value=0.10408946880686543 -0.015301416338633314 -0.0025339823956547882 0.016390200532398057 0.073423220785378357 -0.013724611604488509 0.026850770742008413 -0.0012733715656023268 0.00096655517606035316 0.0069822004501113736 0.045961480343693573 0.02196168299242696 0.011149403841483153 0.010572469457138427 1.4570388751071537 0.53979772461871778 -0.031469470301129378 0.12567483764570769 0.87856579047264061 0.044609491015949194 0.21512363228321507 0.19547646717040121 0.0016294868481398395 0.049492868040119216 -0.014754663728124276 0.15844988685046718 -0.10150203319939136 -0.031373111625012121 0.047013870879362936 0.078760268944082168 0.47053465092529073
leaf_weight=1116.7667258046567 5749.3964642765932 261093.92940187902 19359.8090997783 456.58978072111495 2312.5031217471696 8139.2506367953029 216253.29670711287 28818.224099069135 11028.465255746152 116.73815019009635 485.78419508924708 1814.0134624587372 451.75785850454122 12.120686098933218 15.032575059682129 40.358742509968579 113.25194152723998 30.265182765200734 20.101424641907215 21.097534603439271 158.4796457439661 1768.8471785113215 1116.6643831599504 3865.5278596919961 87.757980670779943 112.69168678671122 74.8692347984761 1728.2527720080689 531.61487163137645 50.04610038548708
leaf_count=4334 36809 2769320 75300 4832 11706 43628 1227304 200930 60522 511 2374 3925 2084 60 102 483 242 155 64 170 324 10357 5604 30984 460 1038 277 8057 2790 157
internal_value=4.86102e-05 -0.00139044 0.0102882 -0.00875961 0.00152039 0.0178858 0.000886489 0.00819293 0.0216346 0.011779 0.0791276 0.0530733 0.0884091 0.118847 0.362969 0.123566 0.171249 0.250428 0.44813 0.606053 0.0245442 -0.000549685 0.0163478 -0.000284496 0.0356297 0.0594854 0.129725 0.0673 0.119673 0.253401
internal_weight=566944 286660 25565.8 6205.99 280284 10451.8 269832 44317.3 15499.1 11815.7 787.238 3683.4 1636.04 1184.28 67.512 55.3913 301.454 184.716 71.4641 51.3627 2047.36 225515 9261.4 4982.19 4279.21 2510.36 233.349 2397.67 669.419 137.804
internal_count=4504903 2886261 116941 41641 1618642 55334 1563308 276557 75627 64038 3516 11589 7063 4979 645 585 1142 631 389 325 4526 1286751 59447 36588 22859 12502 601 11464 3407 617
cat_boundaries=0 1 2 3 4 5 6 7 8 9 10 11 12
cat_threshold=1 64 522 544 32 32 2 14 33 22 10 24
is_linear=0
shrinkage=0.08


Tree=140
num_leaves=31
num_cat=15
split_feature=33 45 34 42 25 38 19 18 12 41 32 32 43 34 43 19 35 38 12 18 18 14 34 38 42 35 46 25 32 18
split_gain=245.47 241.228 542.394 378.594 522.871 384.855 335.132 397.704 890.084 511.693 440.411 364.767 312.246 305.296 523.221 435.441 413.488 282.447 248.2 239.738 216.237 361.998 210.082 232.755 244.996 257.869 235.465 193.377 188.526 183.901
threshold=1.0000000180025095e-35 0 1 2 9.5000000000000018 3 1560.4749755859377 731.02499389648449 450.42497253417974 4 -0.49500000476837153 -1.7949999570846555 5 6 7 3150.4750976562505 8 9 1210.5750122070315 946.04998779296886 2432.4299316406255 3.5000000000000004 10 11 12 13 14 7.5000000000000009 -4.9249999523162833 1080.7500000000002
decision_type=2 9 1 9 10 1 2 2 2 9 8 10 9 1 9 2 1 1 2 2 2 2 1 1 9 1 1 10 10 2
left_child=-1 2 3 12 5 -5 7 8 -3 -10 11 -11 -2 17 15 16 18 19 -15 -8 -20 28 23 24 -9 29 -27 -17 -22 -26
right_child=1 6 -4 4 -6 -7 13 22 9 10 -12 -13 -14 14 -16 27 -18 -19 20 -21 21 -23 -24 -25 25 26 -28 -29 -30 -31
leaf_value=0.00028221291850587759 0.0037580550018008305 -0.00294868764519024 -0.089161238429036893 0.076214436687190579 0.28925427007571886 -0.088203468969771534 0.21799778007097267 -0.077620650267421057 -0.034117982503840141 0.15145293324874382 0.083889969823645924 0.38978280480011884 0.23058740745850731 -0.093584293432968577 -0.058628063497767925 -0.093783708108724245 -0.034362596555030545 0.1286904795238602 0.28706850474847562 -0.042228097727006961 0.13656927535371813 0.31574048153480766 -0.078675905797095269 -0.06167179617588002 -0.1022475793612371 -0.069848287191586714 0.11489382115624168 0.095116128452971571 -0.093568881474330678 0.11529808636620041
leaf_weight=560906.79463440215 61.004557739943266 2411.3588358804118 125.59244271507487 206.08090482372791 47.758496113587171 147.65176095161587 27.135713408701122 132.55976920574903 113.19328984245658 88.593076100572944 192.08714848943055 76.666296159848571 162.34876445261762 20.694332311861217 362.55274549638852 119.50499368156306 89.763809849973768 377.84382032137364 97.065314823295921 137.29994668101426 55.301263909554109 45.943973782472312 457.51082623540424 390.3704117431771 27.544887342490256 172.74897684063762 59.315433070063591 48.865413965657353 38.739491850603372 256.02884891210124
leaf_count=4439595 552 18169 1579 492 126 1562 118 1565 1567 374 883 186 358 548 5198 3338 1022 1545 370 2508 403 271 7709 5940 424 1733 24 366 1127 1586
internal_value=0.000462004 0.0158604 0.0582509 0.0888181 0.0398001 0.00724573 0.0102563 -0.000681906 0.0166909 0.117337 0.161741 0.262018 0.171449 0.0440352 0.0141056 0.0653646 0.117792 0.0905871 0.165687 0.00067423 0.195311 0.131686 -0.0341472 -0.0136426 0.0157801 0.0408113 -0.0216936 -0.0389601 0.0417653 0.0909592
internal_weight=567456 6549.13 750.437 624.844 401.491 353.733 5798.69 4377.98 2881.9 470.54 357.347 165.259 223.353 1420.71 878.431 515.879 347.508 542.279 257.744 164.436 237.05 139.985 1496.08 1038.57 648.198 515.638 232.064 168.37 94.0408 283.574
internal_count=4501238 61643 4669 3090 2180 2054 56974 40160 21179 3010 1443 560 910 16814 12643 7445 3741 4171 2719 2626 2171 1801 18981 11272 5332 3767 1757 3704 1530 2010
cat_boundaries=0 1 2 3 4 5 6 7 8 9 10 11 12 13 14 15
cat_threshold=8 86 17 388 52 5 35 5 9 226 58 844 18 9 1
is_linear=0
shrinkage=0.08


Tree=141
num_leaves=31
num_cat=10
split_feature=47 2 17 11 43 6 45 42 37 34 19 19 32 33 19 45 41 43 32 13 19 12 11 35 19 6 19 32 12 7
split_gain=224.959 714.057 515.652 939.738 689.876 686.913 894.587 635.808 730.555 712.757 877.431 1413.58 3344.93 720.791 658.994 641.492 614.735 643.589 1112.88 609.593 1509.56 594.763 650.517 904.602 1378.09 658.618 805.033 665.419 1162.11 651.234
threshold=0 inf 5.5000000000000009 5.5000000000000009 1 171.00000762939456 2 3 4 5 563.37500000000011 580.02499389648449 11.965000152587892 1.0000000180025095e-35 143.02500152587893 6 7 8 -2.0449999570846553 70.00000381469728 74.924999237060561 289.69998168945318 3.5000000000000004 9 63.274999618530281 220.00000762939456 792.42501831054699 -0.64499998092651356 195.5350036621094 62.00000190734864
decision_type=1 8 2 2 9 2 9 9 1 1 2 2 10 2 2 9 9 9 8 2 2 2 2 1 2 2 2 8 2 2
left_child=-1 2 5 -4 -5 7 -7 9 15 10 13 12 -12 -2 16 19 17 18 -10 -9 -21 22 -8 24 29 27 -27 28 -26 -24
right_child=1 -3 3 4 -6 6 21 8 14 -11 11 -13 -14 -15 -16 -17 -18 -19 -20 20 -22 -23 23 -25 25 26 -28 -29 -30 -31
leaf_value=0.0012617258789098717 -0.028100175154387671 -0.025456361887005504 -0.023269600675833377 -0.010719464543161075 0.0059175408057356368 0.041618801272972718 0.01232541812557803 0.056524909310479383 0.86133534980388815 0.0074762234534408055 -0.086051902709381109 0.069440796154096818 2.3588830041578546 0.14737816903173148 -0.021036478111649434 -0.043453539606953882 0.00087768738355317732 -0.026760877072530623 0.035398176190160099 1.1661075407087229 -0.088981001328918008 -0.0033080058381550342 0.38426689675161418 0.040285563009285832 1.2742223415552254 -0.090804550752710822 1.0504132345425261 0.17601963763367703 0.19723422820564446 1.286529202497166
leaf_weight=277768.09904917516 7173.4568616051693 8023.9488548291847 17150.460186078912 31054.662553603383 32779.186879528919 5218.6934545596596 10060.125411169021 129.48695136653259 15.003178394399582 61679.728279935895 9.2578417747281474 356.80804587691091 5.8405420924536875 153.00586826587096 12447.706974532222 4189.2257660711184 73138.42001108409 6634.2359412959777 34.334735616110265 11.391402766108515 13.286576082464306 18169.763560122461 10.089284720830619 1346.8846626649611 10.486065602861347 74.421017576241866 4.1781000815099096 119.99092105217278 16.504762021824718 10.394394084811211
leaf_count=367719 174675 44272 338992 891770 374117 56012 143419 2647 145 756799 342 10745 53 1735 161785 108029 684643 79545 381 13 570 284789 302 17754 70 2319 128 1524 283 5
internal_value=-0.00036543 -0.00192373 -0.00125418 -0.00664387 -0.00217698 0.000917006 0.0110949 -0.0012316 -0.00542699 0.00461085 -0.0183266 0.101524 0.859728 -0.0244355 -0.00391551 -0.0374537 -0.0012461 -0.0244514 0.238265 0.118299 0.49037 0.00573766 0.0198468 0.0673475 0.205488 0.156789 -0.0301407 0.256751 0.615649 0.842118
internal_weight=567809 290041 282017 80984.3 63833.8 201033 35041.5 165991 96613.1 69378.1 7698.37 371.906 15.0984 7326.46 92269.7 4343.39 79822 6683.57 49.3379 154.165 24.678 29822.8 11653.1 1592.95 246.065 225.581 78.5991 146.982 26.9908 20.4837
internal_count=4505582 4137863 4093591 1604879 1265887 2488712 506605 1982107 1037758 944349 187550 11140 395 176410 926499 111259 764714 80071 526 3230 583 450593 165804 22385 4631 4324 2447 1877 353 307
cat_boundaries=0 1 2 3 4 5 6 7 8 9 10
cat_threshold=2 37 10 25 16 64 2 32 32 1
is_linear=0
shrinkage=0.08


Tree=142
num_leaves=31
num_cat=5
split_feature=1 38 4 23 18 4 1 4 7 18 38 19 19 17 19 19 17 19 37 5 7 45 18 31 49 3 4 7 4 19
split_gain=224.371 263.209 475.431 297.46 220.881 213.848 279.248 173.772 165.106 162.946 363.311 436.169 382.867 305.744 300.323 570.079 373.452 274.17 456.314 411.915 418.212 442.079 280.843 268.163 267.846 262.866 307.68 250.787 241.126 237.407
threshold=4.5000000000000009 0 8.5000000000000018 4.5000000000000009 200.05000305175784 1.0000000180025095e-35 6.5000000000000009 15.500000000000002 6888.4750976562509 3887.174926757813 1 180.02500152587893 8400.6499023437518 50.500000000000007 129.02500152587893 122.77500152587892 10.500000000000002 597.97500610351574 2 7.5000000000000009 12.550000190734865 3 10664.989746093752 1.0000000180025095e-35 4 179.004997253418 31.500000000000004 1.0000000180025095e-35 27.500000000000004 247.62500000000003
decision_type=2 1 10 2 2 8 2 10 2 2 1 2 2 2 2 2 2 2 1 2 2 9 2 10 9 8 10 2 10 2
left_child=8 5 3 -3 7 -2 -7 -4 9 24 11 23 17 25 15 28 -17 18 19 20 -13 -22 29 -11 -1 -14 -27 -21 -12 -23
right_child=1 2 4 -5 -6 6 -8 -9 -10 10 14 12 13 -15 -16 16 -18 -19 -20 27 21 22 -24 -25 -26 26 -28 -29 -30 -31
leaf_value=-0.13206796541757665 0.14659782582728906 -0.019353618195793256 0.2015231550544232 0.085055007790489121 0.035125498203078781 -0.0040728781929545372 0.11403962019230086 0.025578136452758665 -0.027775006803139525 -0.041314024561436131 0.0079208588665544595 0.028704631609894442 0.17560129090714899 -0.048646832473783701 -0.0077038504057782044 0.29155088653047723 0.014183903087076778 0.0079982923831373176 -0.00027229332055959509 0.15922275644248643 0.2718743822812032 0.33442163128984126 0.0011652099939509402 0.10709367761035382 -0.00078704940400084954 0.043254524563491853 0.22796815800649348 -0.025372730994660163 0.13230756898117421 0.11095732356897064
leaf_weight=99.481923942919821 158.45001614652574 1712.8593703440856 129.37363307364285 194.46366820437834 238.66836253413931 335.9554489646107 207.06963549926877 49.737209800630808 1416.7207394479774 1272.5693006198853 2975.166515431978 464.10839702421799 154.1185888312757 134.72701126919128 16610.788888040785 79.296611442230642 51.079920687479898 15973.905330380192 1339.6648733962793 53.64953949674964 108.46753799868748 32.776782130822539 151.07417773501948 83.005638598464429 521804.11473841663 631.93739033071324 63.514768906403333 385.97513011959381 103.20113878231496 424.40440817456692
leaf_count=1201 194 13526 161 837 1028 1047 249 209 17099 11073 28995 3108 379 1667 314155 233 370 125788 9602 236 183 199 931 189 3964132 5108 237 2681 221 2288
internal_value=-0.00038232 0.0213415 0.00818696 -0.0087085 0.0855172 0.0639155 0.0409665 0.152665 -0.000498811 -0.000430173 0.00442012 0.0116774 0.0146713 0.0633171 -0.00337392 0.0190304 0.182882 0.0121424 0.0345053 0.0628704 0.087869 0.12618 0.0941813 -0.0322266 -0.000812073 0.0810726 0.0601242 -0.00284564 0.0120909 0.126978
internal_weight=567440 3026.58 2325.1 1907.32 417.779 701.475 543.025 179.111 564414 562997 41093.4 21273.9 19918.3 984.298 19819.5 3208.74 130.377 18934 2960.12 1620.46 1180.83 716.723 608.255 1355.57 521904 849.571 695.452 439.625 3078.37 457.181
internal_count=4507326 17251 15761 14363 1398 1490 1296 370 4490075 4472976 507643 163669 152407 7391 343974 29819 603 145016 19228 9626 6709 3601 3418 11262 3965333 5724 5345 2917 29216 2487
cat_boundaries=0 1 2 3 4 5
cat_threshold=656 838 11 8 8
is_linear=0
shrinkage=0.08


Tree=143
num_leaves=31
num_cat=12
split_feature=37 34 42 47 43 13 13 41 19 19 19 13 38 41 31 39 38 38 14 12 14 11 19 19 13 12 45 12 16 7
split_gain=216.088 347.207 391.159 315.928 535.363 483.921 510.185 447.132 586.433 4540.48 421.32 854.119 1288.03 680.434 498.513 434.074 699.316 426.4 420.638 387.427 383.952 400.101 382.16 592.724 956.295 379.069 333.182 489.998 428.859 670.547
threshold=0 1 2 3 4 785.07501220703136 668.07501220703136 5 2308.900024414063 2418.799926757813 43.014999389648445 33.000003814697273 6 7 1.0000000180025095e-35 8 9 10 14.500000000000002 1442.174987792969 3.5000000000000004 21.500000000000004 792.42501831054699 733.47500610351574 726.52499389648449 1041.0250244140627 11 8635.8847656250018 1.5000000000000002 62.00000190734864
decision_type=1 1 9 1 9 2 2 9 2 2 2 2 1 9 8 9 1 1 2 2 2 2 2 2 2 2 9 2 2 2
left_child=-1 2 3 -2 20 6 7 10 -9 -10 11 15 13 14 -13 16 -6 -17 -7 22 -5 -22 23 -8 -25 -26 28 -28 -12 -30
right_child=1 -3 -4 4 5 18 19 8 9 -11 26 12 -14 -15 -16 17 -18 -19 -20 -21 21 -23 -24 24 25 -27 27 -29 29 -31
leaf_value=0.0022434566811152619 0.0014996221135434224 -0.0035681074059241164 0.003455047228103721 -0.0824090335667097 0.076952616999083082 -0.050051425737683675 0.0057866276539530756 -0.02244124879071531 2.3283727400859178 -0.093614603739921504 0.0055557524358831158 0.64156154699868551 -0.081228474378029394 -0.075693421330391156 0.23022110858783851 -0.01263175611050303 -0.078335313057759426 0.052132945891833815 0.28428005632984443 -0.097677885719926222 0.98239630681232271 -0.096568976910801269 0.0058678187771356097 0.62079044516399307 0.072004437777452329 0.32328840087831878 -0.04047362975651736 0.18942733544928808 0.82218277767267955 0.073137464926925355
leaf_weight=215268.30455850309 20921.715141137131 170490.65735054613 141202.55942881081 804.18132521677762 254.06178275635466 2070.2282762723044 127.77778162900358 8445.7483447361737 5.9123653233982614 30.554441277170554 2078.4077311793808 58.387029770761728 70.811986915301532 22.213950393721461 27.850579559803009 975.01438430137932 625.04500285815448 1945.5342186088674 24.367787980940193 81.920887334970757 4.4486723525915277 4.3506288349162787 217.33963348367251 32.841006833594292 122.20715406117961 56.039409344550222 2138.5677788925823 61.025576803600416 10.432007774710653 28.669087344314903
leaf_count=1630708 27493 1389381 1164622 17535 2489 39040 1747 114330 57 815 30429 220 1092 268 98 10691 11199 19852 72 1635 109 94 3015 192 1275 171 35671 364 47 332
internal_value=0.000245902 -0.000972505 0.00145305 -0.00539989 -0.012505 -0.00982682 -0.00546258 -0.00813285 -0.0210342 0.299062 0.00507733 0.0238625 0.194507 0.349782 0.455858 0.0158117 -0.0334728 0.0306467 -0.0461619 0.0647468 -0.0757267 0.448925 0.0886695 0.141776 0.224095 0.151006 -0.0122246 -0.0339409 0.0104446 0.27298
internal_weight=568207 352939 182448 41245.7 20323.9 19511 17416.4 16778.2 8482.22 36.4668 8296.02 3978.92 179.264 108.452 86.2376 3799.66 879.107 2920.55 2094.6 638.126 812.981 8.7993 556.205 338.865 211.088 178.247 4317.1 2199.59 2117.51 39.1011
internal_count=4505043 2874335 1484954 320332 292839 275101 235989 227954 115202 872 112752 45909 1678 586 318 44231 13688 30543 39112 8035 17738 203 6400 3385 1638 1446 66843 36035 30808 379
cat_boundaries=0 1 2 3 4 5 6 7 8 9 10 11 12
cat_threshold=106 77 32 2 34 7 22 2 1 224 624 14
is_linear=0
shrinkage=0.08


Tree=144
num_leaves=31
num_cat=16
split_feature=3 3 35 27 49 19 37 44 34 11 3 46 44 3 31 34 7 37 45 3 46 3 36 41 44 3 35 34 7 13
split_gain=271.255 318.433 298.077 299.345 272.153 252.547 340.562 461.28 245.315 241.046 367.457 233.739 767.434 286.803 238.63 229.191 252.695 293.53 221.007 852.078 504.423 498.108 412.841 399.41 282.384 294.731 279.735 279.506 342.497 352.665
threshold=146.03499603271487 128.69499969482425 0 5.5000000000000009 1 40.45000076293946 2 3 4 7.5000000000000009 133.49500274658206 5 6 35.345001220703132 inf 7 22.774963378906254 8 9 146.03499603271487 10 154.21500396728518 11 12 13 146.03499603271487 14 15 1.0000000180025095e-35 179.754997253418
decision_type=8 10 1 8 9 2 1 9 1 2 10 1 9 10 8 1 2 1 9 10 1 10 9 9 9 10 1 1 2 2
left_child=1 4 8 -4 -1 9 7 -7 -3 15 -11 -6 -13 -14 -15 16 -5 -18 19 20 -2 24 -21 -22 25 -20 -25 28 -24 -30
right_child=18 2 3 5 11 6 -8 -9 -10 10 -12 12 13 14 -16 -17 17 -19 21 22 23 -23 27 26 -26 -27 -28 -29 29 -31
leaf_value=0.19329618419164238 0.054175752387535074 0.098364401552191713 0.14611258080366818 0.0081108681977957973 -0.00045406434189809611 0.15465178875106131 -0.022074648925805237 0.00026854542065783427 0.0091280746417700849 0.41947184465102128 -0.020219134797435031 0.0066439954803504024 -0.082968860872437974 -0.049871441718739806 0.015559767746034724 -0.010277171343005254 0.20034650763167697 -0.094537050142408388 0.036236471853854008 -0.021381344570671756 0.00084421548723057082 -0.00017976885883572545 0.014661569470766696 -0.0098725286657444129 -0.020027068402476558 0.010708880379901579 -0.084030643703680519 0.019010904172497459 -0.050197435578705464 -0.00062971392726189363
leaf_weight=46.135848983190954 368.06196344085038 262.86123844981194 77.592478558421135 3959.0169105334207 167848.64243361627 159.71114215860143 13441.972728966735 551.85266252746806 738.23179136775434 21.557325675152242 27.918125312775373 3894.5775915049016 1002.2080006496981 1094.4544596085325 529.22179636079818 14106.801785283722 75.591463087126613 25.639134480152279 3683.3541473867372 2391.4095028718002 825.93886119313538 303575.80178665544 7505.4850504011847 441.33202744461596 1499.1108020646498 13517.033813501243 1394.2447405066341 19567.604505652096 1195.5131492034998 3966.577935870795
leaf_count=98 379 555 82 26685 1010447 961 89409 10166 3282 89 154 6971 3094 2690 743 87365 270 328 4310 11414 1243 2918549 46433 691 3312 67098 3503 139236 13789 52091
internal_value=-5.0251e-05 -0.00235118 -0.00950127 -0.0108287 -0.000979961 -0.0112083 -0.0192249 0.0344361 0.0333003 -0.0049797 0.171362 -0.00103136 -0.0158921 -0.0493165 -0.0285448 -0.00545994 0.0112744 0.136112 0.00127856 0.00707706 -0.0336052 0.000600796 0.0106385 -0.0457445 0.0132732 0.0161755 -0.0663507 0.0130165 0.00374935 -0.0121093
internal_weight=567795 207864 33448.7 32447.7 174415 32370.1 14153.5 711.564 1001.09 18216.5 49.4755 174369 6520.46 2625.88 1623.68 18167 4060.25 101.231 359931 37656.2 3029.58 322275 34626.6 2661.52 18699.5 17200.4 1835.58 32235.2 12667.6 5162.09
internal_count=4505437 1243389 219346 215509 1024043 215427 100536 11127 3837 114891 243 1023945 13498 6527 3433 114648 27283 598 3262048 268779 5816 2993269 262963 5437 74720 71408 4194 251549 112313 65880
cat_boundaries=0 1 2 3 4 5 6 7 8 9 10 11 12 13 14 15 16
cat_threshold=16 2 18 1 2 1 2 57 5 8 1 96 36 2 17 72
is_linear=0
shrinkage=0.08


Tree=145
num_leaves=31
num_cat=18
split_feature=36 48 41 38 22 42 47 18 18 45 38 31 23 7 43 43 45 41 7 36 47 38 47 4 4 42 11 47 11 12
split_gain=216.311 297.523 296.264 267.111 364.321 297.226 342.657 540.251 410.588 374.635 527.27 396.049 389.562 334.167 326.705 286.848 278.029 362.471 263.511 255.706 329.533 286.135 397.92 633.845 508.771 737.839 391.746 381.967 401.121 399.692
threshold=0 1 2 3 1.0000000180025095e-35 4 5 946.04998779296886 4396.7600097656259 6 7 inf 2.5000000000000004 244.00001525878909 8 9 10 11 388.26498413085943 12 13 14 15 19.500000000000004 25.500000000000004 16 36.500000000000007 17 19.500000000000004 2363.224975585938
decision_type=9 9 9 1 2 9 1 2 2 9 1 8 2 2 9 9 9 9 2 9 1 1 1 10 10 9 2 1 2 2
left_child=1 2 19 -4 5 6 -5 15 9 10 12 -11 13 -9 -7 -8 17 -6 -15 21 -21 27 23 26 25 -25 -23 28 -1 -30
right_child=-2 -3 3 4 16 14 7 8 -10 11 -12 -13 -14 18 -16 -17 -18 -19 -20 20 -22 22 -24 24 -26 -27 -28 -29 29 -31
leaf_value=0.032748417472646854 0.0011498222924335221 0.072948446844459197 0.004665636220501479 -0.0057029959337690393 0.16937023085335731 0.022550717723516873 -0.082310682789236991 -0.068198649201271833 -0.089881125372806195 -0.035731956607464727 -0.052603599281036938 0.29175686020475311 0.23257523345880271 0.17829286911630063 -0.0069479897749270773 -0.032378282727999821 0.0069865373339408985 0.02546128374146488 0.045275445825966328 -0.012322875852299631 -0.081091029478145879 -0.05320442996766097 -0.0069450023024224322 0.25396883053791175 -0.027816982932637443 -0.077962599797727558 0.16763990942682719 -0.0064426414984982529 -0.089718721568743082 0.38768242589176205
leaf_weight=1438.3812458077446 480118.18199476646 327.42446727631614 30487.728187408298 8900.0582941900939 149.12166631966829 3076.4715879736468 867.87480837153271 90.003680532798171 213.12394100474194 529.03780867066234 182.62750954413787 24.739084651693702 118.76039944030344 168.14318662136793 10839.010333905695 5092.5602621333674 5256.4661422586069 420.11619543167762 220.05956988036633 1094.4792905645445 752.65205092122778 3183.2664845944382 9813.3972422629595 124.78119131550193 210.06195307755843 61.543736550956964 52.249560647644103 4058.9604471288621 15.662907181307672 39.601489461958408
leaf_count=14695 4061527 1477 161082 12619 421 8861 10766 618 3090 4797 1992 182 256 281 46372 43463 22949 1943 769 1632 10400 50212 28664 376 2360 785 288 11696 207 221
internal_value=0.000482126 -0.00316847 -0.00345372 -0.000848764 -0.00549967 -0.0090215 -0.016311 -0.0289093 0.0132235 0.0297036 0.0649596 -0.0207276 0.101199 0.0706889 -0.000414827 -0.0398412 0.0128218 0.0654339 0.10289 -0.011775 -0.0401267 -0.00899877 -0.0153062 -0.0379403 0.0575428 0.153777 -0.0496381 0.00627437 0.0408747 0.252378
internal_weight=567927 87808.4 87480.9 66635.9 36148.2 30322.5 16407 7506.93 1546.5 1333.37 779.594 553.777 596.967 478.206 13915.5 5960.44 5825.7 569.238 388.203 20845 1847.13 18997.9 13445.3 3631.9 396.387 186.325 3235.52 5552.61 1493.65 55.2644
internal_count=4505001 443474 441997 320461 159379 134066 78833 66214 11985 8895 3916 4979 1924 1668 55233 54229 25313 2364 1050 121536 12032 109504 82685 54021 3521 1161 50500 26819 15123 428
cat_boundaries=0 1 2 3 4 5 6 7 8 9 10 11 12 13 14 15 16 17 18
cat_threshold=120 1 2 321 56 2 11 18 6 7 32 1 72 2 149 4 18 4
is_linear=0
shrinkage=0.08


Tree=146
num_leaves=31
num_cat=12
split_feature=26 42 16 36 2 7 8 0 13 45 36 6 17 42 4 45 13 19 12 43 41 41 0 45 18 4 42 45 18 17
split_gain=192.59 187.143 227.825 184.355 211.797 206.945 208.272 223.622 203.666 201.833 329.402 379.714 190.859 221.941 264.651 214.855 353.452 491.961 303.366 181.625 172.793 171.892 243.664 262.768 261.29 234.654 319.194 315.956 203.743 719.589
threshold=1.0000000180025095e-35 0 1.0000000180025095e-35 1 2.5000000000000004 470.52499389648443 12.500000000000002 1.5000000000000002 1433.8399658203127 2 3 129.75000762939456 28.500000000000004 4 30.500000000000004 5 1786.6750488281252 2027.174987792969 2363.224975585938 6 7 8 1.5000000000000002 9 946.04998779296886 1.5000000000000002 10 11 1230.7750244140627 3.5000000000000004
decision_type=8 9 2 9 8 2 2 2 2 9 9 2 2 9 8 9 2 2 2 9 9 9 2 9 2 10 9 9 2 2
left_child=1 2 -1 4 12 -5 9 -8 -9 -7 11 -11 21 14 15 16 17 -14 -19 -6 -13 -2 24 28 25 -23 27 -27 -24 -30
right_child=3 -3 -4 5 19 6 7 8 -10 10 -12 20 13 -15 -16 -17 -18 18 -20 -21 -22 22 23 -25 -26 26 -28 -29 29 -31
leaf_value=-0.081643797342324562 0.0010157918440334504 0.060294978716109567 0.061530318983091976 0.0013114935169479197 -0.038160147492052737 -0.001588925644637654 -0.043316844221316479 0.19968805474937423 -0.024285871011338306 0.18628455260736965 -0.017902815435658481 0.049592492816285194 -0.0014001016377168157 -0.002891815663863464 -0.048922029701254914 0.029783553757419218 0.012672369943272997 0.17401999105807381 0.43368705701436383 0.017505271551892684 -0.010338001665367856 -0.012144960914342045 -0.017397760121310498 -0.032193195026532694 0.01520724726732196 0.084928997966425099 -0.0060683406116533549 -0.018005799314874751 0.20298849600526103 0.00070034521741751368
leaf_weight=159.30430203862488 13572.767431535758 640.17400994955096 128.51000425394159 455678.57747646305 404.05831129895523 44215.945384216553 64.519008367788047 95.313185166101903 35.722341368556954 86.243549069389701 10814.467928545026 491.43370579369366 50.731244180351496 1071.8421086014714 126.48083048500121 307.69025585381314 94.808016886468977 60.558772280812263 54.897657049819827 4096.2431894163601 793.89176094671711 15521.996087410953 5222.4356220788322 5217.2571022794582 3599.0485317928251 603.39767918735743 1773.042538728565 278.1890370901674 118.90419038757682 2104.1387163193431
leaf_count=1591 57720 1750 424 3541168 1746 503031 316 290 528 196 178382 1876 258 6459 671 1506 415 178 86 15037 3967 82111 30021 33999 17111 1699 7439 1287 569 12942
internal_value=0.000334687 0.0367497 -0.0171212 0.000275041 -0.00415791 0.000744803 -0.00381761 0.0786001 0.138629 -0.00410336 -0.0132146 0.0236127 -0.00566126 0.0201601 0.0549537 0.0790229 0.130914 0.206248 0.297487 0.0124615 0.0128813 -0.00661159 -0.00961517 -0.0184424 -0.00448649 -0.00838593 0.0135936 0.0526098 -0.0087518 0.0115202
internal_weight=567483 927.988 287.814 566555 54278.5 512276 56597.5 195.555 131.036 56402 12186 1371.57 49778.2 1767.01 695.167 568.686 260.996 166.188 115.456 4500.3 1285.33 48011.2 34438.4 12662.7 21775.7 18176.6 2654.63 881.587 7445.48 2223.04
internal_count=4504773 3765 2015 4501008 271254 4229754 688586 1134 818 687452 184421 6039 254471 9573 3114 2443 937 522 264 16783 5843 244898 187178 77531 109647 92536 10425 2986 43532 13511
cat_boundaries=0 1 2 3 4 5 6 7 8 9 10 11 12
cat_threshold=11 96 5 3 16 33 34 21 17 6 24 9
is_linear=0
shrinkage=0.08


Tree=147
num_leaves=31
num_cat=7
split_feature=38 47 19 2 3 7 3 18 20 19 37 13 14 47 24 13 13 2 35 13 41 5 13 13 13 12 12 35 11 13
split_gain=163.285 603.881 864.853 673.22 648.853 589.151 509.657 613.611 525.578 904.266 1104.8 879.323 5792.41 7509.2 680.64 768.879 470.001 458.167 615.85 431.805 778.095 421.826 420.61 935.266 1181.54 591.604 1110.08 842.327 1407.53 1975.49
threshold=0 1 1364.8750000000002 inf 488.73500061035162 1.0000000180025095e-35 578.52499389648449 240.07500457763675 3.5000000000000004 3150.4750976562505 2 2093.3000488281255 3.5000000000000004 3 2.5000000000000004 546.27502441406261 969.77499389648449 inf 4 1276.400085449219 5 2.5000000000000004 434.17500305175787 358.35002136230474 377.80000305175787 1876.1999511718752 2827.765014648438 6 20.500000000000004 2749.224975585938
decision_type=1 1 2 8 10 2 10 2 2 2 1 2 2 1 2 2 2 8 1 2 9 2 2 2 2 2 2 1 2 2
left_child=1 3 17 -1 -4 -6 7 -7 -8 10 11 14 13 -13 15 -10 -16 19 -19 -3 -21 -14 23 -9 -25 -24 27 28 -27 -30
right_child=-2 2 4 -5 5 6 8 22 9 -11 -12 12 21 -15 16 -17 -18 18 -20 20 -22 -23 25 24 -26 26 -28 -29 29 -31
leaf_value=0.0018797150388085743 0.0017560890866203619 -0.0022562878941080255 -0.035010142843971623 0.036396204809373965 -0.09120899806189868 0.55815687721131957 -0.023221160119761015 -0.0079138229069584138 0.3463333729734242 -0.048031773998161269 -0.046783158208944901 -0.082195536692357754 0.73039988510571652 6.8521071233839246 0.31080363433952413 -0.084982591767975818 0.99901031888923841 0.1511069780482715 -0.068415667842840547 0.17582457524665404 -0.012344482517954555 0.17429557555236677 -0.030781149055205403 1.1951442795844214 0.22685142796751961 0.24862812387038227 0.0057547376343422543 0.089178450787921637 -0.087354697335797732 1.5088882932919419
leaf_weight=128012.35325723374 305553.44078489771 112987.69595767825 9825.1224202360027 3721.5970536102541 432.73665468604304 14.653786715585737 3189.0933179003187 57.613854432012886 42.990863955812529 269.23352109006373 118.2759321135236 1.9441085078287861 11.594591319095342 2.0569400102831423 23.0686787274899 68.754109400440939 8.7637023209827003 79.7727892389521 1075.4952244474553 233.50050038518384 337.23042109899689 35.330686790519394 641.27695631200913 11.144071585498748 29.192585429409519 70.550471358816139 594.05700181890279 215.86978874960914 7.4397013687994358 14.899276462267151
leaf_count=164157 1603178 2183801 249721 5749 22325 192 163478 2353 918 17123 4764 251 35 33 199 5911 311 328 10198 2610 9653 1286 24014 175 557 2765 24006 4197 367 322
internal_value=0.00049944 -0.000965393 -0.00482479 0.00285484 -0.0224437 -0.00137628 0.00578572 0.0427711 -0.0104624 0.0594479 0.151964 0.261767 0.560835 3.48273 0.173921 0.0809546 0.500272 -0.00241563 -0.0525416 -0.00190568 0.0675047 0.311701 0.0381717 0.198929 0.494368 0.027974 0.0697081 0.192755 0.382666 0.977281
internal_weight=567687 262133 130399 131734 15685.7 5860.54 5427.8 1656.7 3771.11 582.013 312.78 194.504 50.9263 4.00105 143.577 111.745 31.8324 114714 1155.27 113558 570.731 46.9253 1642.04 97.9505 40.3367 1544.09 902.816 308.759 92.8894 22.339
internal_count=4504977 2901799 2731893 169906 525303 275582 253257 58948 194309 30831 13708 8944 1605 284 7339 6829 510 2206590 10526 2196064 12263 1321 58756 3085 732 55671 31657 7651 3454 689
cat_boundaries=0 1 2 3 4 5 6 7
cat_threshold=292 2 17 4 16 3 1
is_linear=0
shrinkage=0.08


Tree=148
num_leaves=31
num_cat=8
split_feature=32 34 38 47 2 4 4 47 3 47 37 17 25 12 12 33 34 12 12 11 19 19 12 19 47 11 3 3 12 12
split_gain=333.226 289.943 286.733 528.732 556.433 314.727 615.59 426.762 408.082 389.951 362.907 287.025 330.215 268.166 392.084 285.498 276.057 531.352 728.233 427.244 376.249 598.704 315.132 293.604 300.531 390.533 486.436 320.501 498.146 276.825
threshold=-81.404998779296861 0 1 2 inf 11.500000000000002 10.500000000000002 3 806.76501464843761 4 5 11.500000000000002 1.0000000180025095e-35 4712.7150878906259 4316.2500000000009 1.0000000180025095e-35 6 305.02499389648443 314.02499389648443 2.5000000000000004 91.20999908447267 85.27500152587892 1041.0250244140627 1.0000000180025095e-35 7 1.5000000000000002 388.27499389648443 315.36499023437506 840.82498168945324 1511.549987792969
decision_type=10 1 1 1 8 10 10 1 10 1 1 2 10 2 2 2 1 2 2 2 2 2 2 2 1 2 10 10 2 2
left_child=1 -1 5 4 -4 6 8 -8 -3 -7 -10 12 13 14 15 16 29 -18 19 -19 21 22 23 24 25 -20 27 28 -27 -5
right_child=-2 2 3 11 -6 9 7 -9 10 -11 -12 -13 -14 -15 -16 -17 17 18 20 -21 -22 -23 -24 -25 -26 26 -28 -29 -30 -31
leaf_value=-0.00049635912389233176 0.00078987826383392415 0.00092974603334081975 -0.0066687938068465845 -0.01382578569444908 0.037000088004957805 -0.06666038174235657 0.30775509795461875 0.040847860060898855 0.21910466524730074 -0.0080920383048671014 -0.0064922195607603215 -0.06473377147706616 0.06268054745440059 -0.09773609617733954 0.14770840814549455 0.059205355035569909 -0.050458069382867933 0.6245726745969602 -0.08726673202037942 -0.086825438303195071 -0.0418198671157324 0.59834257925258383 -0.056695334108995799 -0.09052869581481561 0.049422331193198367 -0.084605879665952774 0.13666653098449069 0.90604986914902486 1.0070987935086653 -0.08952878484004545
leaf_weight=96365.92382622289 391232.76682084356 23786.399062928744 25298.432808865793 14901.198494566837 2016.285730693955 922.5852415766567 70.185136058367789 84.496605098247528 93.969994178973138 3441.6218294785358 89.344706710427999 889.86466750293039 317.1079510836862 277.21759310690686 90.41541981510818 292.33275038166903 3601.0442890264094 20.012172953691337 12.173262327210976 7.4011132414452723 354.92122635687701 13.826643710024653 93.831275749020278 29.512826300924644 49.849289716687053 6.9359253719449061 21.073512283153832 14.366144718602298 4.354394193738699 315.69272369984537
leaf_count=543215 3442737 113565 34894 207451 3188 4450 347 103 91 11881 263 18261 4405 6594 772 2205 83461 182 505 293 14055 123 2694 1019 521 227 808 201 45 7338
internal_value=-0.000504182 -0.00342251 -0.0070781 -0.0108118 -0.0034453 -0.00070346 0.00287269 0.161954 0.00184611 -0.0204733 0.120751 -0.0202576 -0.0183198 -0.0195973 -0.0185049 -0.0192662 -0.0204459 -0.0385229 0.0292739 0.432507 0.0108765 0.0869289 0.0564625 0.133255 0.193985 0.316326 0.421463 0.655388 0.336437 -0.0153862
internal_weight=564715 173482 77116.5 48627.9 27314.7 28488.6 24124.4 154.682 23969.7 4364.21 183.315 21313.1 20423.3 20106.2 19828.9 19738.5 19446.2 4229.3 628.258 27.4133 600.845 245.923 232.097 138.265 108.753 58.9032 46.73 25.6565 11.2903 15216.9
internal_count=4505894 1063157 519942 389242 38082 130700 114369 450 113919 16331 354 351160 332899 328494 321900 321128 318923 104134 20673 475 20198 6143 6020 3326 2307 1786 1281 473 272 214789
cat_boundaries=0 1 2 3 4 5 6 7 8
cat_threshold=43 647 2 4 1 1 20 4
is_linear=0
shrinkage=0.08


Tree=149
num_leaves=31
num_cat=13
split_feature=44 35 37 44 36 24 12 41 18 12 6 18 45 11 12 20 7 34 18 18 34 45 18 42 40 12 41 12 21 13
split_gain=166.17 677.334 487.682 461.842 352.961 333.398 322.607 305.916 716.299 407.659 321.712 398.502 276.493 269.295 404.832 349.843 268.567 347.498 517.98 618.799 343.289 410.244 355.788 304.597 290.949 274.903 272.926 261.932 268.752 266.5
threshold=0 1 2 3 4 11.500000000000002 4316.2500000000009 5 98.099998474121108 110.04998779296876 69.000007629394545 171.05000305175784 6 15.500000000000002 3676.0649414062505 6.5000000000000009 34.000007629394538 7 513.52499389648449 285.02499389648443 8 9 26.625000000000004 10 11 242.00000762939456 12 131.39994812011722 3.5000000000000004 55.00001525878907
decision_type=9 1 1 9 9 2 2 9 2 2 2 2 9 2 2 2 2 1 2 2 1 9 2 9 1 2 9 2 2 2
left_child=1 2 4 -2 -1 27 7 8 -6 10 11 -10 -11 15 -15 -3 20 18 19 26 21 -9 23 -22 -24 -21 -18 29 -29 -5
right_child=3 13 -4 5 6 -7 -8 16 9 12 -12 -13 -14 14 -16 -17 17 -19 -20 25 22 -23 24 -25 -26 -27 -28 28 -30 -31
leaf_value=0.04294120507938768 0.00049148644468042157 0.016677224910925239 0.0088717699458202536 -0.016697173030157535 -0.050390343646032829 0.26644010288599662 0.033329600626289493 0.1001974724001599 0.12756821814343755 -0.091555487030225632 0.22444120142277768 -0.01243657436681676 -0.003922114581679262 -0.086212578265357359 0.021511437073364323 0.18305557080040938 -0.10056463385523022 -0.0065959776498743915 -0.031143430932084999 0.30697621342632891 0.064691300922708667 -0.034291828587149568 0.12218887255559426 -2.7080496423445497e-05 -0.039972708261262882 0.13520321598396964 0.063810804230051782 -0.046528110200977302 0.19772706163875742 0.065804004491252496
leaf_weight=836.03344139270484 491481.87283772312 22297.660078294808 18411.000373083167 1951.161267014686 3608.7419862179086 25.078455090755597 1076.9348399909213 141.65083274431527 206.74633951298892 245.35131213441491 67.445435658097267 351.03651839122176 2392.8902332726866 408.46167186275125 492.44535036711022 81.177787639200687 77.116882638074458 1278.6954765571281 281.58565513603389 83.230193417519331 478.24872125219554 3995.9300124561414 64.503914535045624 9966.1505865156651 1889.1506889387965 210.27073043957353 246.53786409273744 2491.7829200606793 29.167470700107515 287.51066703931428
leaf_count=1395 4191242 95775 74373 11788 12217 39 3536 161 521 1306 168 1417 11457 3952 4791 295 624 5061 1704 159 827 13115 111 28990 8797 540 546 28219 21 2188
internal_value=0.000762756 0.00443563 -0.00120222 0.000250688 -0.00794787 -0.0244839 -0.00955908 -0.0113681 -0.0257915 0.00133076 0.0594121 0.0394572 -0.0124337 0.0155477 -0.0273295 0.0172808 -0.00605418 0.0203534 0.0581226 0.0997933 -0.00953522 -0.0294571 -0.00286067 0.00299829 -0.0341978 0.183914 0.0235097 -0.0260168 -0.0437021 -0.00610162
internal_weight=565456 69189 45909.3 496267 27498.3 4784.7 26662.2 25585.3 6872.21 3263.47 625.228 557.783 2638.24 23279.7 900.907 22378.8 18713.1 2177.44 898.741 617.156 16535.6 4137.58 12398.1 10444.4 1953.65 293.501 323.655 4759.62 2520.95 2238.67
internal_count=4505335 271838 167025 4233497 92652 42255 91257 87721 27086 14869 2106 1938 12763 104813 8743 96070 60635 8634 3573 1869 52001 13276 38725 29817 8908 699 1170 42216 28240 13976
cat_boundaries=0 1 2 3 4 5 6 7 8 9 10 11 12 13
cat_threshold=1 32 33 2 50 34 4 69 6 2 1 8 4
is_linear=0
shrinkage=0.08


end of trees

feature_importances:
MONTHLY_PREMIUM=362
TENURE_BAND=307
PREMIUM_CHANGE_3M=259
CHANNEL_ACQUISITION=219
POLICY_OWNER_AGE_BAND=218
MARKETING_OPTIN=193
TOTAL_OUT_OF_POCKET_ROLL12M=186
TOTAL_BENEFIT_PAID_ROLL12M=182
PAYMENT_FREQUENCY_DESC=176
LHC_LOADING_RATE=171
STATE_CODE=146
INCOME_TIER=140
TOTAL_BENEFIT_PAID_ROLL6M=137
EXTRAS_TIER=130
HOSPITAL_TIER=127
PAYMENT_METHOD_DESC=123
TOTAL_BENEFIT_PAID_ROLL3M=121
TOTAL_OUT_OF_POCKET_ROLL6M=115
TOTAL_CLAIM_COUNT_ROLL12M=109
HOSPITAL_EXCESS_AMT=106
SCALE=94
TOTAL_OUT_OF_POCKET_ROLL3M=93
ACTIVE_CHILD_COUNT=85
ARREARS_FLAG=76
ARREARS_FLAG_LAG2M=67
TOTAL_CLAIM_COUNT_ROLL6M=61
PRODUCT_HOLDINGS=50
NEGATIVE_SENTIMENT_CALLS_LAST_6M=48
MONTHS_SINCE_LAST_CLAIM=42
TOTAL_CLAIM_COUNT_ROLL3M=38
LAST_SERVICE_RATING=28
YOUNGEST_DEPENDANT_AGE_BAND=28
ACTIVE_ADULT_COUNT=26
NO_BENEFIT_PAID_FLAG_ROLL12M=26
NO_BENEFIT_PAID_FLAG_ROLL6M=24
HOSPITAL_CLAIM_COUNT_ROLL12M=22
LAST_NPS_RATING=22
REVERSAL_FLAG_ROLL12M=19
MONTHS_SINCE_LAST_SURVEY=19
HOSPITAL_CLAIM_COUNT_ROLL3M=17
HOSPITAL_CLAIM_COUNT_ROLL6M=15
LAST_OVERALL_EXPERIENCE_RATING=15
CALL_NEGATIVE_SENTIMENT=15
NO_BENEFIT_PAID_FLAG_ROLL3M=13
REVERSAL_FLAG_ROLL3M=10
REVERSAL_FLAG_ROLL6M=7
RESOLUTION_TIME=7
HAD_COMPLAINT_FLAG=4
HAS_EVER_SURVEYED=2

parameters:
[boosting: gbdt]
[objective: binary]
[metric: auc,average_precision]
[tree_learner: serial]
[device_type: cpu]
[data_sample_strategy: bagging]
[data: ]
[valid: ]
[num_iterations: 150]
[learning_rate: 0.08]
[num_leaves: 31]
[num_threads: 4]
[seed: 42]
[deterministic: 1]
[force_col_wise: 0]
[force_row_wise: 1]
[histogram_pool_size: -1]
[max_depth: -1]
[min_data_in_leaf: 100]
[min_sum_hessian_in_leaf: 0.001]
[bagging_fraction: 0.6]
[pos_bagging_fraction: 1]
[neg_bagging_fraction: 1]
[bagging_freq: 1]
[bagging_seed: 400]
[bagging_by_query: 0]
[feature_fraction: 0.7]
[feature_fraction_bynode: 1]
[feature_fraction_seed: 30056]
[extra_trees: 0]
[extra_seed: 12879]
[early_stopping_round: 0]
[early_stopping_min_delta: 0]
[first_metric_only: 0]
[max_delta_step: 0]
[lambda_l1: 0]
[lambda_l2: 0]
[linear_lambda: 0]
[min_gain_to_split: 0]
[drop_rate: 0.1]
[max_drop: 50]
[skip_drop: 0.5]
[xgboost_dart_mode: 0]
[uniform_drop: 0]
[drop_seed: 17869]
[top_rate: 0.2]
[other_rate: 0.1]
[min_data_per_group: 100]
[max_cat_threshold: 32]
[cat_l2: 10]
[cat_smooth: 10]
[max_cat_to_onehot: 4]
[top_k: 20]
[monotone_constraints: ]
[monotone_constraints_method: basic]
[monotone_penalty: 0]
[feature_contri: ]
[forcedsplits_filename: ]
[refit_decay_rate: 0.9]
[cegb_tradeoff: 1]
[cegb_penalty_split: 0]
[cegb_penalty_feature_lazy: ]
[cegb_penalty_feature_coupled: ]
[path_smooth: 0]
[interaction_constraints: ]
[verbosity: -1]
[saved_feature_importance_type: 0]
[use_quantized_grad: 0]
[num_grad_quant_bins: 4]
[quant_train_renew_leaf: 0]
[stochastic_rounding: 1]
[linear_tree: 0]
[max_bin: 127]
[max_bin_by_feature: ]
[min_data_in_bin: 3]
[bin_construct_sample_cnt: 200000]
[data_random_seed: 175]
[is_enable_sparse: 1]
[enable_bundle: 1]
[use_missing: 1]
[zero_as_missing: 0]
[feature_pre_filter: 1]
[pre_partition: 0]
[two_round: 0]
[header: 0]
[label_column: ]
[weight_column: ]
[group_column: ]
[ignore_column: ]
[categorical_feature: 34,35,36,37,38,39,40,41,42,43,44,45,46,47,48,49]
[forcedbins_filename: ]
[precise_float_parser: 0]
[parser_config_file: ]
[objective_seed: 16083]
[num_class: 1]
[is_unbalance: 0]
[scale_pos_weight: 59.4204]
[sigmoid: 1]
[boost_from_average: 1]
[reg_sqrt: 0]
[alpha: 0.9]
[fair_c: 1]
[poisson_max_delta_step: 0.7]
[tweedie_variance_power: 1.5]
[lambdarank_truncation_level: 30]
[lambdarank_norm: 1]
[label_gain: ]
[lambdarank_position_bias_regularization: 0]
[eval_at: ]
[multi_error_top_k: 1]
[auc_mu_weights: ]
[num_machines: 1]
[local_listen_port: 12400]
[time_out: 120]
[machine_list_filename: ]
[machines: ]
[gpu_platform_id: -1]
[gpu_device_id: -1]
[gpu_device_id_list: ]
[gpu_use_dp: 0]
[num_gpu: 1]

end of parameters

pandas_categorical:null
