tree
version=v4
num_class=1
num_tree_per_iteration=1
label_index=0
max_feature_idx=49
objective=binary sigmoid:1
feature_names=ACTIVE_ADULT_COUNT ACTIVE_CHILD_COUNT INCOME_TIER MONTHLY_PREMIUM LHC_LOADING_RATE TOTAL_CLAIM_COUNT_ROLL3M TOTAL_BENEFIT_PAID_ROLL3M TOTAL_OUT_OF_POCKET_ROLL3M HOSPITAL_CLAIM_COUNT_ROLL3M REVERSAL_FLAG_ROLL3M NO_BENEFIT_PAID_FLAG_ROLL3M TOTAL_CLAIM_COUNT_ROLL6M TOTAL_BENEFIT_PAID_ROLL6M TOTAL_OUT_OF_POCKET_ROLL6M HOSPITAL_CLAIM_COUNT_ROLL6M REVERSAL_FLAG_ROLL6M NO_BENEFIT_PAID_FLAG_ROLL6M TOTAL_CLAIM_COUNT_ROLL12M TOTAL_BENEFIT_PAID_ROLL12M TOTAL_OUT_OF_POCKET_ROLL12M HOSPITAL_CLAIM_COUNT_ROLL12M REVERSAL_FLAG_ROLL12M NO_BENEFIT_PAID_FLAG_ROLL12M MONTHS_SINCE_LAST_CLAIM MONTHS_SINCE_LAST_SURVEY LAST_OVERALL_EXPERIENCE_RATING LAST_NPS_RATING LAST_SERVICE_RATING RECENT_LOW_RATING_FLAG HAS_EVER_SURVEYED HAD_COMPLAINT_FLAG ARREARS_FLAG_LAG2M PREMIUM_CHANGE_3M NEGATIVE_SENTIMENT_CALLS_LAST_6M POLICY_OWNER_AGE_BAND SCALE STATE_CODE CHANNEL_ACQUISITION TENURE_BAND YOUNGEST_DEPENDANT_AGE_BAND PRODUCT_HOLDINGS HOSPITAL_TIER EXTRAS_TIER HOSPITAL_EXCESS_AMT PAYMENT_METHOD_DESC PAYMENT_FREQUENCY_DESC ARREARS_FLAG MARKETING_OPTIN CALL_NEGATIVE_SENTIMENT RESOLUTION_TIME
feature_infos=[0:3] [0:15] [0:3] [0:1372.22998046875] [0:70] [0:254] [-318:441731.75] [-334.29998779296875:54237] [0:44] [0:3] [0:3] [0:321] [-318:441731.75] [-334.29998779296875:62194] [0:62] [0:6] [0:6] [0:333] [-318:441731.75] [-334.29998779296875:62831.80078125] [0:62] [0:7] [0:9] [-1:8] [-1:9] [0:10] [0:10] [0:10] [0:1] [0:1] [0:1] [0:1] [-581.34002685546875:782.5] [0:6] -1:2:1:4:3:6:5:0 -1:3:1:0:2 -1:7:6:1:3:4:0:5 -1:0:5:2:4:3:1:6 -1:5:8:2:6:3:1:4:9:0:7 -1:0:1:2 -1:1:2:3:0 -1:1:5:2:0:4 -1:3:5:4:1:0 -1:3:0:2:5:1 -1:1:0 -1:0:2:5:3:1 -1:0:1 -1:2:0:1 -1:0 -1:3:1:0:2
tree_sizes=3284 3233 3323 3291 3300 3267 3282 3280 3333 3315 3313 3322 3348 3315 3352 3342 3397 3323 3380 3304 3339 3324 3316 3342 3316 3302 3358 3459 3325 3317 3372 3339 3313 3352 3328 3374 3325 3352 3363 3303 3316 3351 3393 3401 3362 3379 3391 3358 3359 3328 3395 3324 3346 3381 3397 3384 3366 3372 3371 3332 3366 3356 3367 3393 3396 3356 3391 3332 3348 3372 3352 3401 3342 3409 3366 3370 3340 3365 3342 3347 3396 3345 3354 3311 3332 3288 3362 3358 3341 3431 3382 3372 3369 3342 3364 3269 3363 3398 3353 3390 3383 3354 3345 3423 3313 3346 3274 3374 3298 3355 3380 3318 3316 3369 3384 3382 3350 3391 3305 3327 3377 3405 3359 3367 3347 3352 3330 3361 3391 3349 3378 3342 3372 3288 3401 3332 3371 3378 3431 3400 3303 3367 3424 3306 3353 3366 3370 3290 3387 3267

Tree=0
num_leaves=31
num_cat=16
split_feature=3 36 2 36 40 37 2 18 35 6 3 44 37 37 37 41 44 32 37 41 3 0 0 33 33 0 37 37 41 31
split_gain=1.0367e+06 618872 439878 354544 284445 134470 98482.6 97020.3 69933.1 48934.1 48363.5 46801.2 45065.5 39916.6 25603 24205.8 23440.8 20544.7 20436.3 19759.5 18329.1 16618.5 15068.2 14956.5 14697.8 14557 13743.1 13482.3 12917.1 12846.6
threshold=502.85000610351568 0 inf 1 2 3 inf 52.049999237060554 4 8788.5146484375018 247.59999847412112 5 6 7 8 9 10 -5.4649999141693106 11 12 247.59999847412112 1.5000000000000002 1.5000000000000002 1.0000000180025095e-35 1.0000000180025095e-35 1.5000000000000002 13 14 15 1.0000000180025095e-35
decision_type=10 9 8 9 1 1 8 2 1 2 10 9 1 1 1 9 9 10 1 9 8 2 2 2 2 2 1 1 9 10
left_child=1 2 4 8 15 16 13 11 26 10 12 -7 -9 23 -10 -1 -6 -4 -5 -13 29 -16 -17 28 -12 -18 -2 -15 -3 -14
right_child=3 6 17 18 5 7 -8 9 14 -11 24 19 20 27 21 22 25 -19 -20 -21 -22 -23 -24 -25 -26 -27 -28 -29 -30 -31
leaf_value=-1.5476308263375356 -2.4643088182288579 -1.5352424797673003 -1.4558173143891726 -2.3988933510489976 -1.691338511350253 -1.9404100853413906 -1.4339369826091544 -2.654033968165658 -2.2042289247306908 -2.0011660943333593 -2.4402758224712855 -2.3006534301264154 -2.2892463595939674 -2.2624285393664971 -2.2769504315368887 -1.9141593942517743 -2.08171749778186 -1.7957158462024294 -1.9791497495062043 -2.1873167028721583 -1.4870739676648688 -2.6173985849590329 -2.0734296280151123 -2.5951293540825158 -2.8915705203877229 -2.2219227107348254 -2.8062769684240458 -2.0028582527986272 -1.8679301308715286 -1.7880190010922432
leaf_weight=1081.8962530791759 782.90391072630882 1004.6102938055992 4638.7721885740757 993.26200626790524 854.79663096368313 3570.8426453918219 3049.9801270663738 2274.6410232037306 1266.9880609959364 2231.1048725247383 34109.105785936117 20820.092213004827 26500.149569362402 1908.1017538160086 1008.5274464637041 12546.933957263827 18634.734106510878 1508.1054376810789 5436.6732417047024 22200.522383898497 186.43258981406689 10182.135428711772 5454.2714799195528 176.76470026373863 468.20070683956146 6355.9253313392401 18204.826892241836 8062.335414364934 33014.456780850887 331.35765172541142
leaf_count=4064 11528 3612 13107 13863 4807 30647 7825 38765 14750 20759 495300 267711 337262 23588 12688 103772 191217 10351 49041 255561 596 169281 55431 2892 9309 75807 343487 75058 254786 2244
internal_value=-2.19857 -2.12939 -2.20319 -2.58395 -2.22903 -2.26915 -1.87384 -2.30719 -2.69498 -2.36945 -2.38231 -2.21871 -2.30668 -1.90396 -2.54754 -1.9387 -2.10363 -1.53921 -2.04295 -2.24181 -2.27783 -2.58709 -1.963 -1.86149 -2.44639 -2.11738 -2.7919 -2.05174 -1.85734 -2.28306
internal_weight=248859 210984 163768 37875.3 157621 138538 47216.2 112692 31445.4 66101 63869.9 46591.5 29292.6 44166.3 12457.7 19083.1 25845.5 6146.88 6429.94 43020.6 27017.9 11190.7 18001.2 34195.8 34577.3 24990.7 18987.7 9970.44 34019.1 26831.5
internal_count=2899109 2284471 1916710 614638 1893252 1729985 367761 1458154 551734 904235 883476 553919 378867 359936 196719 163267 271831 23458 62904 523272 340102 181969 159203 261290 504609 267024 355015 98646 258398 339506
cat_boundaries=0 1 2 3 4 5 6 7 8 9 10 11 12 13 14 15 16
cat_threshold=128 128 9 4 1 1 16 36 4 16 1 24 34 68 16 16
is_linear=0
shrinkage=1


Tree=1
num_leaves=31
num_cat=21
split_feature=47 2 36 3 40 47 35 37 18 46 6 3 46 37 38 37 38 3 35 37 3 37 37 45 3 31 43 38 45 38
split_gain=9.00209e+06 276474 252957 166912 115192 57933.2 100598 45806.5 33307 27862 22491.6 25547.3 20942.6 19037.3 18242.7 18227.9 15145.4 14860.5 11295.7 10388.1 7935.27 7799.96 7681.99 7085.42 6696.63 5384.75 5257.43 5151.39 4805.8 4780.67
threshold=0 inf 1 502.85000610351568 2 3 4 5 52.049999237060554 6 8788.5146484375018 247.59999847412112 7 8 9 10 11 18.979999542236332 12 13 502.85000610351568 14 15 16 24.500000000000004 1.0000000180025095e-35 17 18 19 20
decision_type=1 8 9 10 1 1 1 1 2 1 2 10 1 1 1 1 1 10 1 1 10 1 1 9 10 10 9 1 9 1
left_child=1 2 3 4 7 9 19 28 -9 14 11 17 16 -4 -2 -5 22 -10 -17 -7 -3 -15 -8 -11 -18 -19 -6 -21 -1 -26
right_child=5 20 13 15 26 6 12 8 10 23 -12 -13 -14 21 -16 18 24 25 -20 27 -22 -23 -24 -25 29 -27 -28 -29 -30 -31
leaf_value=0.55995576501306343 -0.049130403937165112 0.42261500294739035 0.81620762408384051 0.80825700169358616 0.51764347953009526 -0.071015484022893371 0.058244774657392057 0.75140878211564299 0.39134307461556839 0.3427579412590035 0.6415630475629357 0.93212853133447948 0.3554036813398202 0.56386286934244845 0.0091013952155279756 1.1798874467639089 0.1250044160461819 0.8228757102146651 0.79874046304059665 0.58165057092662509 0.83047857817834903 0.63303981514402563 0.19103376906503491 0.08921342759511601 0.026589814320204953 0.54225961167801551 0.61166628269449375 0.38345938711690752 0.69431908061920478 -0.025491442351267816
leaf_weight=2414.4370984956622 127035.56771097332 26752.693612612784 2292.3950579091907 1484.4248857945204 5719.1855028271675 240.42561149597168 7725.2875735908747 42847.6407096982 537.57795599848032 1440.0713105872273 3086.1620422527194 19546.107726551592 1264.7852335497737 65348.137067124248 47233.588365547359 6828.9171840623021 2863.186279527843 21331.349725216627 742.23274146765471 1766.0975830107927 308.81365860998631 14420.06212990731 4381.2135656997561 1420.59568875283 21167.984324030578 446.80989571660757 23400.068187475204 2055.1145517155528 26439.288717970252 24124.589672796428
leaf_count=2501 1568167 12831 2849 1597 3851 3172 57526 53420 532 7634 2568 28466 5896 52797 435582 14072 19166 27784 906 4452 293 13401 30274 14760 192653 340 19985 11189 27544 279061
internal_value=0.346146 0.669513 0.697186 0.757493 0.736838 -0.00550131 0.058728 0.772532 0.801785 -0.0292845 0.849986 0.865351 0.0332275 0.583243 -0.0333497 1.09081 0.0264712 0.806862 1.14362 0.443844 0.427269 0.576446 0.106418 0.218359 0.00634899 0.817118 0.593384 0.476339 0.683274 -0.00115045
internal_weight=506665 263946 236885 154824 145769 242719 65588.7 116649 87795.6 177130 44948 41861.8 61527 82060.6 174269 9055.57 60262.3 22315.7 7571.15 4061.64 27061.5 79768.2 12106.5 2860.67 48155.8 21778.2 29119.3 3821.21 28853.7 45292.6
internal_count=2895269 265737 252613 183566 166991 2629532 603389 143155 113110 2026143 59690 57122 584576 69047 2003749 16575 578680 28656 14978 18813 13124 66198 87800 22394 490880 28124 23836 15641 30045 471714
cat_boundaries=0 1 2 3 4 5 6 7 8 9 10 11 12 13 14 15 16 17 18 19 20 21
cat_threshold=2 128 6 4 6 6 1 1 16 300 4 643 3 16 36 4 14 38 602 8 336
is_linear=0
shrinkage=0.08


Tree=2
num_leaves=31
num_cat=16
split_feature=38 3 34 38 44 38 38 13 4 12 3 38 44 3 33 11 44 43 34 19 3 44 4 34 0 34 44 37 4 2
split_gain=160480 57435.2 41877.8 21912.5 14410.2 12982.9 9839.4 6012.19 4533.11 4034.31 3961.82 3464.45 3442.2 2949.8 2872.37 2822.81 2769.72 2455.91 2422.77 2414.73 2106.89 1865.15 1726.99 1686.66 1324.42 1288.82 1287.77 1267.91 1259.43 1231.44
threshold=0 409.75000000000006 1 2 3 4 5 16.024999618530277 1.5000000000000002 4718.1401367187509 583.17498779296886 6 7 47.620000839233406 1.0000000180025095e-35 32.500000000000007 8 9 10 40.524999618530281 231.43000030517581 11 1.0000000180025095e-35 12 1.5000000000000002 13 14 15 5.5000000000000009 1.0000000180025095e-35
decision_type=1 10 1 1 9 1 1 2 8 2 10 1 9 10 2 2 9 9 1 2 8 9 8 1 2 1 9 1 10 8
left_child=1 2 7 14 -4 12 18 23 20 -9 24 -10 -3 -8 16 27 -2 -12 -6 26 21 25 -14 -1 -7 -5 -19 -15 -20 -18
right_child=3 5 4 8 6 10 13 9 11 -11 17 -13 22 15 -16 -17 29 19 28 -21 -22 -23 -24 -25 -26 -27 -28 -29 -30 -31
leaf_value=0.27889766763225149 0.27676635052367571 0.34342722277476079 0.24070885132167216 0.27923184220132863 0.1988873788944672 0.18236344881190486 0.20555185294180664 0.20654055018842082 0.27261504609056952 0.28140019180838854 0.12411045767157948 0.29696176860997181 0.15028648951115364 0.14223515966599004 0.053852460376048142 0.28262351281904508 0.23087851390141129 0.24439037441658393 0.16306563989389714 0.033102829165237602 0.27779301203103662 0.32123271458196834 0.22023035123399604 0.2336404393616828 0.10729303267711529 0.24940803750378387 0.088209924508145326 0.10777059667511064 0.23074046640614346 0.25317105164208575
leaf_weight=37097.411110237241 10882.58941597119 686.12870086729527 18326.119285061955 13133.004036724567 30706.345782406628 1677.5949282124639 3004.7650622650981 20403.67363325879 71763.859897281975 5951.2366056032479 3461.895212225616 91218.367415674031 15032.049906436354 10558.122890166938 543.34666611626744 691.52793753519654 96383.65638782829 367.99779527634382 30670.49693679437 13186.35473530367 57947.983579017222 2823.5074566826224 2658.9118175506592 7134.2463446632028 14541.12667298317 58572.084734298289 4128.5795991532505 21357.194227583706 1867.0929837450385 18982.263455335051
leaf_count=114304 30965 3064 65632 31066 170797 10202 13287 117725 202347 16732 37720 175820 123923 76386 6046 2167 438978 3919 193567 192385 172650 3533 16168 30761 150614 185584 53412 176216 9718 69153
internal_value=0.235505 0.18375 0.204926 0.265341 0.175537 0.112448 0.163473 0.253656 0.277333 0.223445 0.0852907 0.286276 0.167526 0.129668 0.237377 0.122715 0.238186 0.0624985 0.182458 0.0503378 0.266352 0.257455 0.160799 0.271714 0.115058 0.254944 0.100992 0.11925 0.166898 0.234547
internal_weight=665760 243509 187768 422251 117182 55740.6 98855.5 70586.6 295459 26354.9 37363.5 162982 18377.1 35611.6 126792 32606.8 126249 21144.8 63243.9 17682.9 132477 74528.6 17691 44231.7 16218.7 71705.1 4496.58 31915.3 32537.6 115366
internal_count=2894841 1578699 987292 1316142 707770 591407 642138 279522 771000 134457 448252 378167 143155 268056 545142 254769 539096 287436 374082 249716 392833 220183 140091 145065 160816 216650 57331 252602 203285 508131
cat_boundaries=0 1 2 3 4 5 6 7 8 9 10 11 12 13 14 15 16
cat_threshold=44 67 256 1 12 12 80 1 1 12 4 2 65 100 1 34
is_linear=0
shrinkage=0.08


Tree=3
num_leaves=31
num_cat=17
split_feature=47 47 1 2 44 44 37 46 40 4 1 3 34 0 44 37 46 3 37 3 3 44 37 37 46 18 4 0 37 3
split_gain=3.01075e+06 39282.9 43172.8 20711.6 16852.8 12719 8512.63 8348.55 5515.25 4820.83 4629.37 4193.51 5320.25 4178.02 4026.34 3737.06 3662.52 3606.3 3399.78 3193.12 3056.24 2738.31 2576.25 2572.32 2158.58 2141.09 2137.4 2112.03 1961.36 1916.08
threshold=0 1 1.0000000180025095e-35 inf 2 3 4 5 6 16.500000000000004 1.5000000000000002 36.090000152587898 7 1.5000000000000002 8 9 10 inf 11 1.0000000180025095e-35 18.185000419616703 12 13 14 15 60.049999237060554 1.5000000000000002 1.5000000000000002 16 516.06500244140636
decision_type=1 1 2 8 9 9 1 1 1 8 2 8 1 2 9 1 1 8 1 10 10 9 1 1 1 2 8 2 1 10
left_child=3 4 5 6 7 15 -1 11 14 19 -4 -2 -13 18 20 -3 17 22 -11 -7 -8 -18 -6 -12 28 -22 -24 -17 -21 -16
right_child=1 2 10 -5 16 9 8 -9 -10 13 23 12 -14 -15 29 27 21 -19 -20 24 25 -23 26 -25 -26 -27 -28 -29 -30 -31
leaf_value=0.29606583186656732 -0.032003091528597961 -0.020263711187179959 0.13741008465083013 0.25051322285958333 -0.074804857188436921 0.40194884158050836 0.10879883481844953 0.2125115965121476 0.29481402977382665 0.084924538863115073 -0.053974253612992441 0.14343473764663905 0.0069449796084023905 0.15182318368200928 0.32513380865395547 0.11962626279853973 0.12608007541770294 0.40392197856126488 0.0014703503816740186 -0.074555474618691497 0.26896592402260699 -0.052772949452519903 -0.051432649389403777 0.2823559318373301 0.12528416307951756 0.33006469301593494 -0.032439459699499559 0.28995750818144644 -0.015284726018841182 0.34922203710979127
leaf_weight=151989.9666043818 5589.8673017024994 1214.5949002839625 2822.7575190067291 38441.193891607225 20424.735770206898 116.00659671425819 598.97054360806942 1631.8898868113756 49694.355823114514 3923.6096057072282 154.94112122058868 2941.2519870437682 4816.7526539973915 1636.5492347851396 204088.44896840304 5589.505888197571 1365.2207372263074 113.09016283601522 15196.027968756855 3900.7197931706905 9334.4184873402119 915.07802880555391 106264.43760882318 3980.0637412071228 660.58034497499466 6049.7410167753696 58959.822319813073 508.26443077996373 41709.018151734024 23575.447008997202
leaf_count=77892 40906 9765 12291 13018 238549 95 1377 5073 24178 24990 1750 18278 47718 9908 124659 26308 7513 218 106951 45562 4383 9917 1157173 7658 3097 3165 501997 2617 352248 16578
internal_value=0.185414 -0.0211318 0.0258172 0.306854 -0.0399585 0.00800829 0.311717 0.0417054 0.319805 -0.00290362 0.21639 0.0208228 0.0588855 0.0291424 0.32489 0.108202 -0.0464639 -0.0477009 0.0186415 -0.017243 0.28609 0.0543068 -0.047976 0.270306 -0.018294 0.292993 -0.0446523 0.133605 -0.0203735 0.327628
internal_weight=768207 284435 81412.6 483773 203022 74454.9 445331 14979.8 293341 67142.5 6957.76 13347.9 7758 20756.2 243647 7312.37 188042 185762 19119.6 46386.3 15983.1 2280.3 185649 4135 46270.3 15384.2 165224 6097.77 45609.7 227664
internal_count=2895832 2630582 603240 265250 2027342 581541 252232 111975 174340 542851 21699 106902 65996 141849 150162 38690 1915367 1897937 131941 401002 8925 17430 1897719 9408 400907 7548 1659170 28925 397810 141237
cat_boundaries=0 1 2 3 4 5 6 7 8 9 10 11 12 13 14 15 16 17
cat_threshold=2 4 1 1 6 1 6 15 1 16 1 32 2 18 16 1 16
is_linear=0
shrinkage=0.08


Tree=4
num_leaves=31
num_cat=23
split_feature=47 47 35 46 38 38 38 46 31 35 37 37 45 37 4 32 36 0 45 46 31 37 38 1 38 40 45 38 45 32
split_gain=2.02836e+06 31978.1 31907.8 16331.7 10084.1 9373.55 7877.06 4918.07 3950.75 3904.81 3718.18 3671.52 3359.38 2814.44 2749.04 2470.29 2391.44 2158.46 2113.48 2088.73 2050.99 1911.89 1868.19 1815.95 1960.72 1789.71 1598.22 1535.08 1423.31 1402.55
threshold=0 1 2 3 4 5 6 7 1.0000000180025095e-35 8 9 10 11 12 1.5000000000000002 -12.934999942779539 13 1.5000000000000002 14 15 1.0000000180025095e-35 16 17 1.5000000000000002 18 19 20 21 22 -12.934999942779539
decision_type=1 1 1 1 1 1 1 1 10 1 1 1 9 1 8 10 9 2 9 1 10 1 1 2 1 1 9 1 9 10
left_child=5 3 13 4 8 15 9 11 28 -4 -11 14 -6 -3 -8 19 29 -16 -5 -1 21 25 -14 24 -15 -13 -12 -27 -2 -7
right_child=1 2 6 18 12 16 7 -9 -10 10 26 20 22 23 17 -17 -18 -19 -20 -21 -22 -23 -24 -25 -26 27 -28 -29 -30 -31
leaf_value=0.2473586898918741 -0.026901885445395825 -0.068924371983824617 0.1965741776621088 0.16366481122321574 0.078524042639349076 0.23220972388388098 -0.0045311770008935057 0.14550079019737014 0.10772507304460241 0.013044033318374438 0.24418429753548265 0.077789196556764501 0.027580731802287293 0.20631472500451253 0.044527127501575108 0.26072896052297129 0.22539009182008396 0.20030097732539331 0.050668313203028531 0.18918971555420347 0.17885971781756679 -0.069220958490217518 -0.021854150488455678 0.22209336874066726 0.063231974888315279 -0.007342647934519774 0.082046207995313036 -0.043317152908585649 -0.056587844692902366 0.2474351293510102
leaf_weight=99701.439418137074 11350.544625848532 276.65995135903358 1150.5621733292937 2479.9464261978865 2459.2232839055359 69720.501998111606 12404.034197982401 1313.2073304951191 972.57854428887367 9464.7940312176943 416.26654434204102 1159.5367093086243 5430.7923778519034 1275.103839635849 5964.787576649338 169223.75129881501 127793.10189662874 629.35914436355233 1897.4342067725956 4113.7535544484854 312.06385163590312 5821.4075512737036 48772.572872135788 4503.4969810694456 1230.3663937374949 17388.537230394781 5524.0746199861169 13483.560613010079 123414.47191357985 87092.457914292812
leaf_count=54434 132054 3152 4188 7701 15320 35371 114295 4559 7818 56046 1145 5268 36091 2209 39023 80970 52779 3079 14894 3606 1501 65635 385025 7327 6104 125613 27636 136222 1427174 38438
internal_value=0.155956 -0.0201074 0.0217605 -0.037622 -0.0410983 0.244074 0.00622678 -0.00756743 -0.0529304 0.0549246 0.0442245 -0.0110852 -0.0127424 0.181479 0.0176477 0.25476 0.233806 0.0593945 0.115175 0.245054 -0.0253861 -0.0270766 -0.016897 0.191447 0.137127 -0.0193897 0.0937992 -0.0230637 -0.0540937 0.24065
internal_weight=836740 279095 82317.8 196778 192400 557645 75032.2 58476.5 135738 16555.7 15405.1 57163.3 56662.6 7285.63 18998.2 273039 284606 6594.15 4377.38 103815 38165.1 37853 54203.4 7008.97 2505.47 32031.6 5940.34 30872.1 134765 156813
internal_count=2894677 2629079 603002 2026077 2003482 265598 584210 495195 1567046 89015 84827 490636 436436 18792 156397 139010 126588 42102 22595 58040 334239 332738 421116 15640 8313 267103 28781 261835 1559228 73809
cat_boundaries=0 1 2 3 4 5 6 7 8 9 10 11 12 13 14 15 16 17 18 19 20 21 22 23
cat_threshold=2 4 6 1 300 300 643 1 1 4 106 8 16 128 14 1 5 129 722 1 8 336 8
is_linear=0
shrinkage=0.08


Tree=5
num_leaves=31
num_cat=22
split_feature=47 47 39 44 38 44 45 38 0 37 34 38 46 45 37 37 3 41 3 3 0 46 38 38 0 46 2 2 42 38
split_gain=1.49625e+06 27601.9 23785.2 13070 10308.8 10138.9 7875.06 7869.45 5983.32 4595.22 4025.61 3959.71 2799.06 2285.37 2371.35 2176.59 2003.87 1912.01 1794.27 1731.33 1454.73 1414.8 1390.36 1361.99 1357.46 1354.16 1660.26 1312.94 1210.55 1198.29
threshold=0 1 2 3 4 5 6 7 1.5000000000000002 8 9 10 11 12 13 14 9.5650000572204608 15 1.0000000180025095e-35 1.0000000180025095e-35 1.5000000000000002 16 17 18 1.5000000000000002 19 inf inf 20 21
decision_type=1 1 9 9 1 9 9 1 2 1 1 1 1 9 1 1 10 9 10 10 2 1 1 1 2 1 8 8 9 1
left_child=11 3 -3 6 -5 13 10 15 9 18 -2 16 23 29 -15 -7 25 -11 -9 21 -16 -13 -8 -6 -17 -1 -27 -21 -25 -4
right_child=1 2 5 4 12 7 22 8 -10 17 -12 19 -14 14 20 24 -18 -19 -20 27 -22 -23 -24 28 -26 26 -28 -29 -30 -31
leaf_value=0.19428077674179328 0.012366590352357794 0.17119695084950512 0.10877633672132614 -0.055519391869976169 0.0078331105243680411 -0.079320811044033393 0.11922033891802986 0.32857263078565696 0.15016280590563194 0.014934677321763795 0.14409782920471947 0.18742474761665853 0.10964403918873121 -0.060135747224912835 0.068081684304586818 -0.026884781939418741 0.21424086447297921 0.084486454888685822 -0.0099795365444970228 0.20191055552529616 0.20624370764034511 0.10890281605466137 -0.024398540431333795 -0.010043406456243216 0.021293867762367479 0.0074400079120612861 0.17191773219496195 0.18299622297428031 -0.037090929349758314 0.22410757678563403
leaf_weight=16523.237748205662 2243.8123770616949 6089.6039917990565 1612.4411640018225 120383.18262238428 11646.622043672949 4597.1591228172183 446.64794524013996 100.75211106240749 2321.8450231030583 4103.831754565239 4441.0468817800283 3881.5478197932243 1151.5119202658534 861.10309948772192 4314.555482391268 28647.684430167079 281771.09741108119 6653.401954062283 17896.629832200706 272633.7703974545 549.9009655714035 2362.3496562838554 7882.1859563104808 22056.373219978064 4305.2988451384008 561.99452328681946 1304.4341152459383 25702.016083538532 20406.900839276612 971.87562008202076
leaf_count=5699 21576 11209 8606 1482540 82542 57955 2328 74 9151 28554 21101 1170 5288 7673 19771 259221 131635 35287 114301 114415 1870 2931 66894 181590 47879 1582 576 7661 162298 1537
internal_value=0.135702 -0.0195003 0.0189992 -0.0362657 -0.0423896 0.00695264 0.0353772 -0.00315313 0.0266214 0.0166551 0.099966 0.205942 -0.0137746 0.0904105 0.0618547 -0.0277942 0.212564 0.0579913 -0.00807978 0.199402 0.0835285 0.157716 -0.016563 -0.0164036 -0.020584 0.186985 0.122392 0.200281 -0.0230475 0.152845
internal_weight=878425 273684 83026.1 190658 175645 76936.5 15013.7 68626.6 31076.5 28754.6 6684.86 604740 55261.4 8309.88 5725.56 37550.1 300161 10757.2 17997.4 304580 4864.46 6243.9 8328.83 54109.9 32953 18389.7 1866.43 298336 42463.3 2584.32
internal_count=2894914 2629245 603088 2026157 1914258 591879 111899 552422 187367 178216 42677 265669 431718 39457 29314 365055 139492 63841 114375 126177 21641 4101 69222 426430 307100 7857 2158 122076 343888 10143
cat_boundaries=0 1 2 3 4 5 6 7 8 9 10 11 12 13 14 15 16 17 18 19 20 21 22
cat_threshold=2 4 1 1 300 1 14 300 4 96 300 1 8 16 16 34 1 642 641 1 25 300
is_linear=0
shrinkage=0.08


Tree=6
num_leaves=31
num_cat=24
split_feature=47 47 1 44 44 45 37 46 34 43 46 41 37 44 36 37 41 45 42 37 32 46 39 2 40 31 45 31 44 33
split_gain=1.15972e+06 25906.2 19279.5 13393.7 7999.74 6748.34 3614.91 3479.81 3381.04 2854.16 2853.94 2547.44 2451.53 2280.55 2165.5 2145.59 2038.67 2034.95 2032.13 2003.17 1622.57 1819.76 1446.04 1539.51 1389.21 1259.2 1239.97 1258.91 1128.78 1055.81
threshold=0 1 1.0000000180025095e-35 2 3 4 5 6 7 8 9 10 11 12 13 14 15 16 17 18 -12.934999942779539 19 20 2.5000000000000004 21 1.0000000180025095e-35 22 1.0000000180025095e-35 23 1.0000000180025095e-35
decision_type=1 1 2 9 9 9 1 1 1 9 1 9 1 9 9 1 9 9 9 1 10 1 9 10 1 10 9 10 9 2
left_child=14 3 4 5 17 8 -6 9 -2 -5 11 26 29 -9 20 -4 -11 -3 -18 -19 21 -1 23 -7 -17 -20 27 -8 -23 -13
right_child=1 2 15 7 6 22 10 13 -10 16 -12 12 -14 -15 -16 24 18 19 25 -21 -22 28 -24 -25 -26 -27 -28 -29 -30 -31
leaf_value=0.17929138613384354 0.14319391481225516 0.13557085069397989 -0.076419840134292538 -0.05860966206558256 -0.075480198971069196 0.046634561435956318 -0.010536187518856873 0.10625701401660799 0.033926144812371925 0.062021934308865989 0.13043315592939581 -0.0062015763033864846 0.04341497382675702 -0.051100650987184797 0.17287104778092252 0.18075119778316059 -0.017971932934247849 -0.065108943052468768 -0.043645827590689967 0.070716873136930147 0.18723390878411011 0.116036435668512 -0.027136570125205178 0.45711229178908952 0.11258599752472584 0.070426049532137963 -0.049999109830072525 0.1708520245279356 0.17108336429618276 0.24367153996349139
leaf_weight=169726.0438093394 3896.6407490819693 2747.699946269393 309.08131397515535 49929.936528854072 4185.2962405458093 1147.9810078181326 27636.928827129304 1676.6760803088546 3420.6909542568028 1341.9837390221655 1075.4209468513727 15264.872030317783 12362.175744257867 909.01382621005177 192909.87219034135 3115.9383574724197 27713.433740820736 803.58587618544698 87441.794802751392 4892.7169967666268 265205.0546579361 4800.0692626386881 7046.7252656631172 61.615206375718117 5502.3288735337555 623.74231732264161 5652.5479701422155 247.07009897381067 4736.7394922226667 108.9971386641264
leaf_count=77813 13522 9877 3563 708929 56344 8446 246017 7529 29275 6390 3482 99249 79552 9836 73528 3821 275886 7521 901570 21286 107569 4803 60553 174 14206 4537 56515 1129 2382 461
internal_value=0.121321 -0.0179348 0.0189427 -0.0346413 0.00571024 0.036361 -0.00359907 -0.0411597 0.0922297 -0.0425852 0.00123807 -0.00102928 0.0169044 0.050937 0.180118 0.130077 -0.0357457 0.0790617 -0.0368842 0.0514752 0.183256 0.177381 -0.0132493 0.0675437 0.137412 -0.042833 -0.0158615 -0.00892577 0.143377 -0.00442715
internal_weight=906493 269115 83904.7 185210 74977.3 15573.7 66533.3 169637 7317.33 167051 62348 61272.6 27736 2585.69 637378 8927.35 117121 8444 115779 5696.3 444468 179263 8256.32 1209.6 8618.27 88065.5 33536.5 27884 9536.81 15373.9
internal_count=2895765 2629670 603023 2026647 581433 111970 542749 1914677 42797 1897312 486405 482923 179262 17365 266095 21590 1188383 38684 1181993 28807 192567 84998 69173 8620 18027 906107 303661 247146 7185 99710
cat_boundaries=0 1 2 3 4 5 6 7 8 9 10 11 12 13 14 15 16 17 18 19 20 21 22 23 24
cat_threshold=2 4 1 1 14 16 1 15 33 1 38 6 2 128 16 16 8 17 16 1 1 5 13 1
is_linear=0
shrinkage=0.08


Tree=7
num_leaves=31
num_cat=18
split_feature=43 34 35 42 34 36 37 34 2 13 35 2 34 35 31 7 2 44 36 12 37 2 25 33 37 36 0 34 31 44
split_gain=12612.8 7548.04 4324.56 2772.6 2913.41 1926.71 1787.59 1396.2 1343.29 1340.28 1091.62 923.44 905.142 883.502 858.384 737.812 710.676 700.127 609.185 606.434 601.312 593.324 588.103 565.998 556.477 537.656 548.208 1031.18 517.136 509.6
threshold=0 1 2 3 4 5 6 7 inf 39.649997711181648 8 inf 9 10 1.0000000180025095e-35 8.4749999046325701 inf 11 12 14480.064453125002 13 1.0000000180025095e-35 9.2500000000000018 1.0000000180025095e-35 14 15 1.5000000000000002 16 1.0000000180025095e-35 17
decision_type=9 1 1 9 1 9 1 1 8 2 1 8 1 1 10 2 8 9 9 2 1 8 8 2 1 9 2 1 10 9
left_child=1 2 11 4 14 13 17 9 12 -4 22 15 -5 20 25 -1 -12 -3 -11 -17 -6 -22 -8 24 -19 26 -2 -28 -15 -14
right_child=3 6 7 8 5 -7 10 -9 -10 18 16 -13 29 28 -16 19 -18 23 -20 -21 21 -23 -24 -25 -26 -27 27 -29 -30 -31
leaf_value=0.11579945770148581 0.11506372205019716 0.12968584207778247 0.088620594881937992 0.12374105298689747 0.11021729054364977 0.11685857002518805 0.13501780461956908 0.093515138641489082 0.14026362052228339 0.025068559239513274 0.068103307940846167 0.14013137961363947 0.12405060059243704 0.084664494939681478 0.1491495631028332 0.09636324093988495 0.13432282500192891 0.1244721403784303 0.09607125274057271 0.13020144187548008 0.089244465576876542 0.12199423027932396 0.037673016340807809 -0.047783229783590148 0.082187491542552171 0.12065284757489612 0.12116274427426828 0.096996007761511044 0.15228170429119842 0.11104080763449779
leaf_weight=57867.212896071374 159732.0844210349 2377.8142707906663 4693.3199510909617 154743.44660423324 28401.284449510276 37402.993180319667 412.48348768055439 12753.353624332696 22065.1118516922 6396.4963915497065 35219.058905292302 7253.7995730936527 24971.063162688166 38607.410361088812 4782.0590512193739 27405.294517096132 1068.7152572348714 2235.7326941229403 875.37266989797354 3868.0179663822055 26373.179343160242 4089.3987072743475 10718.973595697433 205.38132297247648 27037.475608471781 82531.054251987487 18023.11087045446 33154.146425396204 737.71814239770174 84392.582803938538
leaf_count=158605 426622 7761 37240 312567 92163 72430 2312 61094 12939 85758 223658 3723 47598 211849 6642 111542 1191 4437 3208 6569 116358 12214 122367 3294 165475 136526 52119 147211 1801 247769
internal_value=0.110195 0.0924147 0.104993 0.115141 0.111077 0.101289 0.0731866 0.0750207 0.121297 0.0552463 0.0632858 0.112671 0.119717 0.0953479 0.115524 0.110449 0.0700342 0.0878998 0.0337823 0.100548 0.10164 0.0936102 0.0412431 0.0845591 0.0854876 0.11498 0.11275 0.105549 0.0859105 0.114001
internal_weight=920395 200389 121113 720007 433834 135612 79275.6 24718.5 286172 11965.2 47419.2 96394.3 264107 98209 298222 89140.5 36287.8 31856.4 7271.87 31273.3 58863.9 30462.6 11131.5 29478.6 29273.2 293440 210909 51177.3 39345.1 109364
internal_count=2895042 998234 467739 1896808 1275935 506815 530495 187300 620873 126206 349528 280439 607934 434385 769120 276716 224849 180967 88966 118111 220735 128572 124679 173206 169912 762478 625952 199330 213650 295367
cat_boundaries=0 1 2 3 4 5 6 7 8 9 10 11 12 13 14 15 16 17 18
cat_threshold=33 71 12 42 71 128 106 64 1 71 12 1 160 38 2 144 3 1
is_linear=0
shrinkage=0.08


Tree=8
num_leaves=31
num_cat=18
split_feature=47 47 35 44 46 45 43 3 44 4 31 4 1 27 46 33 3 46 44 3 43 31 41 36 46 39 35 20 31 45
split_gain=948470 19494.2 14750.6 9576.2 4240.38 4120.92 3468.09 2764.61 2634.56 2467.41 2054.71 2030.81 1630.55 1528.21 1481.74 1433.17 1424.61 1623.1 1309.08 1296.23 1293.26 1207.68 1127.48 1117.49 1108.52 1069.93 1049.06 1022.96 1000.47 982.208
threshold=0 1 2 3 4 5 6 inf 7 1.5000000000000002 1.0000000180025095e-35 16.500000000000004 1.5000000000000002 2.5000000000000004 8 1.0000000180025095e-35 1.0000000180025095e-35 9 10 583.17498779296886 11 1.0000000180025095e-35 12 13 14 15 16 1.0000000180025095e-35 1.0000000180025095e-35 17
decision_type=1 1 1 9 1 9 9 8 9 8 10 8 2 8 1 2 10 1 9 8 9 10 9 9 1 9 1 2 10 9
left_child=16 3 4 5 8 10 18 9 11 13 24 15 27 -5 21 19 17 -1 -4 28 -15 22 -11 26 -2 -7 -18 -8 -3 -10
right_child=1 2 6 7 -6 25 12 -9 29 14 -12 -13 -14 20 -16 -17 23 -19 -20 -21 -22 -23 -24 -25 -26 -27 -28 -29 -30 -31
leaf_value=0.14412356925584205 0.028471714817386175 -0.030342311935837404 0.13152582996795775 0.28673145268006833 0.1008464872877449 0.046722794800792958 0.080389896069528635 0.270537539176401 0.080909211192152788 0.010671869566295679 0.16903108477439943 0.0034067332999349175 0.12897293731607135 -0.043502707149680804 0.066057216138292296 0.11080233654589268 0.16033197834498489 0.083731295065758091 -0.013263050324392329 0.22717298531294444 -0.060741832235028957 0.088301248737820637 -0.036158132901803995 0.14635175784935731 0.10343146953740114 -0.029704478318977455 0.15139167696246322 -0.018475839862710557 0.11177576555406954 0.015521583405774225
leaf_weight=9005.084778085351 5408.5990408211946 41930.788176681846 457.77304472774267 85.870721254497766 2208.7310399711132 1387.4985709786415 7301.3703894093633 179.43373706936836 2011.4965175911784 3489.9081321768463 990.20946869626641 21025.96299977228 5151.5732763409615 65522.077765244991 992.54564252495766 477.98916870355606 123792.44675783813 4165.6870427578688 3147.4719975627959 126.52824640274048 48954.735539939255 525.42656098306179 57941.950515922159 193794.94173568487 1647.1038113310933 7558.3287882581353 328562.98826998472 737.45751113817096 319.4337852075696 5451.7871278859675
leaf_count=2366 37479 338629 2846 676 5247 8632 33097 233 7786 25258 2128 131460 7023 669411 4143 3879 52476 4685 38911 97 688588 2867 523257 71836 3490 60713 135118 5957 1275 26418
internal_value=0.0983542 -0.023583 0.0071285 -0.0378355 -0.00832161 0.0195414 0.0747492 -0.0433221 -0.0117025 -0.0436394 0.0610397 -0.0169572 0.0937657 -0.0506309 -0.0309155 -0.0269484 0.151069 0.125023 0.00510723 -0.0285021 -0.0508839 -0.0324689 -0.0335019 0.1516 0.0459705 -0.0178307 0.153842 0.0713203 -0.0292678 0.033274
internal_weight=944353 285032 90348.4 194684 73552.7 16991.7 16795.6 177692 71344 177513 8045.91 63880.7 13190.4 114563 62949.8 42854.7 659321 13170.8 3605.25 42376.8 114477 61957.3 61431.9 646150 7055.7 8945.83 452355 8038.83 42250.2 7463.28
internal_count=2895981 2629500 602625 2026875 514791 112442 87834 1914433 509544 1914200 43097 475340 46077 1358675 555525 343880 266481 7051 41757 340001 1357999 551382 548515 259430 40969 69345 187594 39054 339904 34204
cat_boundaries=0 1 2 3 4 5 6 7 8 9 10 11 12 13 14 15 16 17 18
cat_threshold=2 4 8 1 1 14 35 2 1 1 1 12 20 128 1 1 3 8
is_linear=0
shrinkage=0.08


Tree=9
num_leaves=31
num_cat=20
split_feature=47 47 35 44 44 45 37 4 43 3 42 37 37 3 37 42 27 39 33 3 35 35 37 3 45 37 35 26 3 1
split_gain=791892 17586.4 13039.7 8398.05 4675.65 3969.45 3031.23 2667.96 2284.02 1703.76 1602.99 1385.27 1369.42 1320.96 1236.34 1225.26 1200.69 1182.4 1087.62 1048.44 1014.73 996.532 939.568 869.465 833.791 831.05 787.946 987.925 769.286 762.958
threshold=0 1 2 3 4 5 6 16.500000000000004 7 inf 8 9 10 1.0000000180025095e-35 11 12 1.0000000180025095e-35 13 1.0000000180025095e-35 9.4749999046325701 14 15 16 530.56500244140636 17 18 19 9.2500000000000018 282.33499145507818 1.5000000000000002
decision_type=1 1 1 9 9 9 1 8 9 8 9 1 1 10 1 9 8 9 2 10 1 1 1 8 9 1 1 10 8 2
left_child=19 3 11 5 14 17 -6 13 16 10 -10 -3 28 -8 -4 -14 -5 23 26 24 -17 25 -7 -2 -1 -12 -15 -28 -9 -13
right_child=1 2 4 8 6 22 7 12 9 -11 21 29 15 18 -16 20 -18 -19 -20 -21 -22 -23 -24 -25 -26 -27 27 -29 -30 -31
leaf_value=0.086368799160601042 0.073277545811851155 -0.075689913170491313 -0.02409533080824585 0.3730361385531436 -0.076115888056615844 0.021183701624818422 0.19630217547539808 0.040079180594401922 -0.019651799656936548 0.21721211805612978 -0.015215187248088189 0.071048225300967591 -0.02605616197529103 0.013281268300760343 0.06062539320484011 0.095333892740103537 -0.056250220269174041 0.04158588172907586 0.086894244691626155 0.13942289281518858 0.012178673434246676 -0.049917398227409898 -0.036423238700911846 0.18937856526187957 0.12884923799749151 -0.039183779643010695 -0.02396590483465514 0.31298938490824324 0.13564448717333463 0.11931300859138352
leaf_weight=3634.0192730128765 1147.7628886029124 286.77615605667233 1271.4616525061429 41.733772028237581 4213.0079656951129 2544.9771198704839 183.93557390570641 5015.8078066408634 29952.027296777815 170.6212475001812 12356.545462731272 3280.7857003733516 5562.6111960038543 4116.1933402381837 8239.4884222894907 1021.9979332722723 48878.247285854071 6450.3960773684084 617.54109410196543 632184.11828655005 10572.278585251421 42904.843018986285 6249.0768757537007 644.70067509263754 21895.363727614284 37438.597753833979 39500.730235815048 55.766356378793716 604.01734144613147 5805.0841901600361
leaf_count=3499 3888 3192 9780 213 56522 17452 98 25686 280977 199 89973 8394 38051 42875 28957 3929 713318 36759 4770 253445 62098 464246 52181 2143 8827 365758 308408 266 2409 7300
internal_value=0.0908659 -0.0220376 0.00698903 -0.0359294 -0.00335633 0.0176435 -0.0103698 -0.00623877 -0.0412438 -0.0354098 -0.0357641 0.0962685 0.0160261 -0.0176428 0.049338 0.00478023 -0.0558726 0.0574883 -0.0185313 0.138781 0.0195844 -0.0409636 -0.0197468 0.115036 0.122887 -0.0332403 -0.020022 -0.0234849 0.0502611 0.101773
internal_weight=936841 279127 90347.5 188780 80974.8 17036.9 71463.9 67250.9 171743 122823 122652 9372.65 22776.7 44474.2 9510.95 17156.9 48920 8242.86 44290.2 657714 11594.3 92700 8794.05 1792.46 25529.4 49795.1 43672.7 39556.5 5619.83 9085.87
internal_count=2895613 2629842 602735 2027107 583849 112423 545112 488590 1914684 1201153 1200954 18886 132173 356417 38737 104078 713531 42790 356319 265771 66027 919977 69633 6031 12326 455731 351549 308674 28095 15694
cat_boundaries=0 1 2 3 4 5 6 7 8 9 10 11 12 13 14 15 16 17 18 19 20
cat_threshold=2 4 6 1 1 14 16 33 17 16 96 16 32 1 1 12 102 8 6 1
is_linear=0
shrinkage=0.08


Tree=10
num_leaves=31
num_cat=23
split_feature=47 38 47 47 35 1 37 37 45 3 31 38 38 45 45 38 3 32 41 40 38 0 43 38 41 38 34 45 38 3
split_gain=671464 18945.2 6250.13 5446.13 8033.97 5420.16 2666.1 2641.58 2484.97 2384 2373.91 1901.22 1637.36 1572.78 1484.08 1255.25 1157.69 1116.3 1090.25 1085.64 1084.61 898.648 867.748 968.401 987.738 862.876 845.665 835.24 766.548 727.021
threshold=0 1 2 3 4 1.5000000000000002 5 6 7 24.500000000000004 1.0000000180025095e-35 8 9 10 11 12 91.865001678466811 -12.934999942779539 13 14 15 1.5000000000000002 16 17 18 19 20 21 22 72.175003051757827
decision_type=1 1 1 1 1 2 1 1 9 10 10 1 1 9 9 1 10 10 9 1 1 2 9 1 9 1 1 9 1 8
left_child=17 2 10 8 7 6 27 16 -3 21 13 -11 -10 15 -12 -2 26 -1 -14 -9 -6 -8 23 -21 -25 29 -5 -4 -15 -20
right_child=1 3 5 4 20 -7 9 19 12 11 14 -13 18 28 -16 -17 -18 -19 25 22 -22 -23 -24 24 -26 -27 -28 -29 -30 -31
leaf_value=0.12488462366686381 -0.04387477706734793 0.057022882457942688 0.0068214326654415479 -0.069758529389750537 0.049710887843220856 0.095880397334996662 0.051841848438771612 0.07782660632064238 -0.025315035294497617 0.019035385680704477 0.10593602262746178 -0.02472235377531308 -0.01067381444885241 -0.058877973549706759 -0.037875279671338684 0.0080317280183513588 -0.019937053964378532 0.13162521503805991 0.012317840342353921 0.010650173314802171 0.11890136287046693 0.18727847707952328 -0.0090732503674464844 0.14549170939600381 0.047230394381455508 0.0089737738654210118 0.031021957954413735 -0.057979780304544259 -0.045069981598827268 0.098873485432740479
leaf_weight=264558.53505720198 6378.9428106471896 3457.4969160072505 1447.069178391248 578.92805663496256 1984.0248696357012 2808.8387991786003 1541.2211194634438 3384.6761598587036 30151.47544060275 8914.9490381665528 1050.7819214463234 22076.179610725492 15299.165448509157 41420.029193781316 805.63057248666883 5591.1663327813148 13508.423215448856 387629.9254861474 1048.1546977609396 3763.534276753664 5934.2252982780337 393.62079052627087 3207.151256762445 815.28749822080135 3385.2418532371521 6782.4325927235186 5692.0432651489973 10876.578319884837 69769.193324055523 1524.1968500390649
leaf_count=117743 86999 16453 12273 3650 4641 5935 5578 14203 248123 61607 3980 208019 117947 635873 8757 47934 83201 147971 6351 24713 10080 366 15237 2039 15742 46946 28919 106382 800269 6982
internal_value=0.0847632 -0.0204291 -0.0364711 0.00719575 0.029063 -0.0119535 -0.0186472 0.0122903 -0.00866163 -0.00675602 -0.0458991 -0.0121368 -0.0128135 -0.0472525 0.0438926 -0.0196431 -0.00674666 0.128891 0.00247974 0.0381457 0.101649 0.0793948 0.0260642 0.0402078 0.0666023 0.02398 0.0216563 -0.0503713 -0.0502185 0.0633584
internal_weight=925779 273591 173074 100516 42253.5 48058.5 45249.6 34335.3 58262.9 32926 125016 30991.1 54805.4 123159 1856.41 11970.1 19779.4 652188 24653.9 14555.9 7918.25 1934.84 11171.2 7964.06 4200.53 9354.78 6270.97 12323.6 111189 2572.35
internal_count=2894913 2629199 1983972 645227 202425 400160 394225 187704 442802 275570 1583812 269626 426349 1571075 12737 134933 115770 265714 178226 71934 14721 5944 57731 42494 17781 60279 32569 118655 1436142 13333
cat_boundaries=0 1 2 3 4 5 6 7 8 9 10 11 12 13 14 15 16 17 18 19 20 21 22 23
cat_threshold=2 300 4 4 8 20 4 8 256 80 8 14 32 35 4 129 12 80 20 129 48 8 32
is_linear=0
shrinkage=0.08


Tree=11
num_leaves=31
num_cat=20
split_feature=47 38 44 44 47 1 47 1 37 3 37 31 38 37 38 41 38 46 38 46 3 2 45 1 47 3 38 44 3 3
split_gain=586075 17499.7 10296.4 4502.72 3952.37 4600.92 3353.15 4174.48 2772.32 2704.57 2095.99 1421.87 1403.22 1370.14 1456.86 1339.3 1300.39 1162.38 1112.39 1098.71 2562.75 1681.86 1093.64 1067.2 1036.11 1025.71 1003.06 890.219 862.187 834.489
threshold=0 1 2 3 4 1.0000000180025095e-35 5 1.5000000000000002 6 18.185000419616703 7 1.0000000180025095e-35 8 9 10 11 12 13 14 15 35.07500076293946 inf 16 1.0000000180025095e-35 17 36.090000152587898 18 19 35.07500076293946 125.42499923706056
decision_type=1 1 9 9 1 2 1 2 1 8 1 8 1 1 1 9 1 1 1 1 10 8 9 2 1 8 1 9 8 10
left_child=19 2 8 4 12 10 16 13 25 -5 15 24 22 -8 -15 -6 -4 -18 -7 -1 21 -21 23 -3 -10 -2 -17 -19 -26 -12
right_child=1 3 6 9 5 18 7 -9 11 -11 29 -13 -14 14 -16 26 17 27 -20 20 -22 -23 -24 -25 28 -27 -28 -29 -30 -31
leaf_value=0.12126625716288363 -0.05465652395908005 0.014585031614674622 -0.062378388126468086 -0.0076709943212300118 -0.023386500170079944 0.027037327894111875 -0.055467533755647475 0.078694925293890258 -0.0017369071825644683 0.09385736181079693 0.064576538639915596 0.077518808229296007 -0.017299633576674356 0.00073919131839957997 -0.036473575001432716 -0.0095011947983329199 -0.04531520511800622 0.092200269079010008 0.11493265486683708 0.0081744773558629601 0.11900667720709608 0.097818182881842491 -0.072804350028753295 0.096035505758348641 0.11150979581755038 0.0043273734793290251 0.04056874939825289 -0.088658185392550493 0.026894353664014155 0.020619029212235053
leaf_weight=620846.91266746819 3322.8941349349916 3966.108453720808 39937.437978241593 2391.0729720294476 11425.578877210617 1257.3129562586546 10147.578117348254 2390.0077990889549 5177.0155368633568 5640.2049550935626 4485.5585569739342 4239.3031681999564 48076.733793158084 11479.86602761969 16291.212109591812 4941.0672720298171 65629.891791369766 676.83795243501663 3686.5331718325615 2565.7115925848484 15696.75569203496 2802.5820021480322 660.31410425901413 1390.470790065825 1146.3650325089693 4366.0418668091297 5302.9315577968955 234.53726563975215 2351.7828434035182 7201.497467033565
leaf_count=253184 26843 24407 673924 10006 72519 2878 107269 5474 38609 16320 17849 17942 389856 88593 168844 29274 801698 3211 3442 4754 6368 1695 4917 7505 2202 35385 24963 2841 11006 41147
internal_value=0.0791811 -0.0202289 -0.0360673 0.00617367 0.00117997 0.0208438 -0.0435029 -0.0238511 0.0168899 0.0636303 0.0101692 0.0395153 -0.0127428 -0.0303145 -0.021096 -0.00456375 -0.0509424 -0.0440626 0.0928664 0.120657 0.102688 0.054974 0.0236571 0.0356615 0.0209896 -0.021136 0.0164324 0.0456574 0.0546234 0.0374581
internal_weight=909728 267816 167391 100425 92394.1 38300.5 146787 40308.7 20603.4 8031.28 33356.6 12914.5 54093.6 37918.7 27771.1 21669.6 106479 66541.3 4943.85 641912 21065 5368.29 6016.89 5356.58 8675.16 7688.94 10244 911.375 3498.15 11687.1
internal_count=2894925 2628924 1983841 645083 618757 192072 1851854 370180 131987 26326 185752 69759 426685 364706 257437 126756 1481674 807750 6320 266001 12817 6449 36829 31912 51817 62228 54237 6052 13208 58996
cat_boundaries=0 1 2 3 4 5 6 7 8 9 10 11 12 13 14 15 16 17 18 19 20
cat_threshold=2 300 1 2 4 4 24 12 129 20 264 3 32 1 129 1 13 4 80 2
is_linear=0
shrinkage=0.08


Tree=12
num_leaves=31
num_cat=21
split_feature=47 47 35 44 44 45 41 37 37 4 32 34 45 3 42 41 40 34 31 3 37 0 32 4 37 37 12 37 35 42
split_gain=503849 13100.2 8589.85 6240.48 2742.48 2716.39 2701.47 2372.07 1989.27 1938.03 1763.52 1504.3 1478.77 1433.48 1303.94 1374.37 1019.01 1011.71 1006.16 1000.72 991.696 926.487 850.613 842.987 816.458 743.036 706.696 654.172 619.118 599.413
threshold=0 1 2 3 4 5 6 7 8 1.5000000000000002 -7.9049999713897696 9 10 530.56500244140636 11 12 13 14 1.0000000180025095e-35 777.97500610351574 15 1.5000000000000002 -12.934999942779539 16.500000000000004 16 17 12090.964843750002 18 19 20
decision_type=1 1 1 9 9 9 9 1 1 8 10 1 9 8 9 9 1 1 10 8 1 2 10 8 1 1 2 1 1 9
left_child=22 3 4 5 12 11 28 -5 -6 17 13 -2 -3 27 -11 16 -16 19 23 21 -8 26 -1 -12 -14 -7 -9 -10 -4 -25
right_child=1 2 6 7 8 25 20 9 10 14 18 -13 24 -15 15 -17 -18 -19 -20 -21 -22 -23 -24 29 -26 -27 -28 -29 -30 -31
leaf_value=0.11011046293765836 0.076982719589205925 0.080110017214460497 0.054902108272987887 -0.065620950321514437 -0.075569787926473661 0.018225900715160163 -0.055022668542343056 -0.026294935840468353 -0.0030375225985428841 -0.0027149332212080724 -0.029649987654093293 0.0098370449774577637 -0.069738146132527518 0.1795690678083055 0.094294862478986025 -0.032478932214485993 -0.060325454151142405 -0.051225543643268791 0.088112503466132905 0.076545129332737438 0.095518202313099113 -0.045954349977650619 0.11611179667634339 0.023685381904912126 0.022799203681910202 -0.03363938085188177 0.083545117037899005 0.025901486771000144 0.012343461921782152 -0.014878825835699359
leaf_weight=255022.79217407107 4695.6332316473126 3118.4019968509674 3392.1965176872909 15697.370096877217 2958.6157233193517 2548.4302112571895 288.07333900034428 28794.16161378473 14734.337538976222 17251.201282072812 23900.70029431954 3931.6960798837245 683.5588648468256 311.58877036720514 948.75359884649515 34933.528968077153 375.42233979329467 33018.4021730721 551.51365536823869 524.43740685284138 7887.0967445969582 24551.020428605378 371112.69843481481 3546.8951837196946 5090.0983610674739 5735.0277808792889 379.82418395206332 7556.3848348408937 6183.85709310323 9380.6135110631585
leaf_count=118014 13722 8730 9244 240733 43780 17496 2920 294897 103819 149957 200449 29087 6243 325 2945 351426 2603 541530 2022 5739 14513 322744 147619 19646 19578 51751 3190 49622 61324 60273
internal_value=0.074639 -0.0182889 0.00655204 -0.0311236 -0.00576537 0.0150435 0.0563676 -0.0361131 -0.0116415 -0.0328158 -0.00847428 0.0464295 0.0358215 0.00916482 -0.0208309 -0.0294414 0.0503343 -0.0401682 -0.0191423 -0.0334226 0.0901528 -0.0345023 0.113667 -0.0207485 0.0117418 -0.0176801 -0.0248649 0.00678284 0.0274609 -0.00429123
internal_weight=889104 262969 89583.9 173385 71832.7 16910.8 17751.2 156474 62940.6 140777 59982 8627.33 8892.06 22602.3 53508.9 36257.7 1324.18 87267.8 37379.7 54249.4 8175.17 53725 626135 36828.2 5773.66 8283.46 29174 22290.7 9576.05 12927.5
internal_count=2895941 2630308 602488 2027820 514487 112056 88001 1915764 479936 1675031 436156 42809 34551 153766 506931 356974 5548 1168100 282390 626570 17433 620831 265633 280368 25821 69247 298087 153441 70568 79919
cat_boundaries=0 1 2 3 4 5 6 7 8 9 10 11 12 13 14 15 16 17 18 19 20 21
cat_threshold=2 4 8 1 1 14 38 18 16 15 8 19 16 8 15 16 16 102 5 2 18
is_linear=0
shrinkage=0.08


Tree=13
num_leaves=31
num_cat=22
split_feature=38 34 38 44 35 38 41 31 27 38 38 42 19 19 37 41 42 42 40 1 34 34 41 27 41 18 13 34 37 34
split_gain=14517.4 3600.24 2620.16 2173.46 2071.26 1253.16 1019.03 897.788 830.729 817.665 695.134 631.039 604.713 529.61 486.479 485.886 445.43 444.044 439.573 437.176 415.275 395.439 392.53 390.435 388.244 387.68 578.236 559.517 316.148 285.973
threshold=0 1 2 3 4 5 6 1.0000000180025095e-35 1.0000000180025095e-35 7 8 9 472.92500305175787 1058.6099853515627 10 11 12 13 14 1.0000000180025095e-35 15 16 17 9.2500000000000018 18 13564.324707031252 1.0000000180025095e-35 19 20 21
decision_type=1 1 1 9 1 1 9 10 8 1 1 9 2 2 1 9 9 9 1 2 1 1 9 8 9 2 2 1 1 1
left_child=1 4 6 14 25 8 19 10 -5 -6 -4 13 -7 -11 24 -10 -17 23 29 21 -12 -2 -14 -16 -3 26 27 -1 -13 -8
right_child=2 3 7 5 9 12 18 -9 15 11 20 28 22 -15 17 16 -18 -19 -20 -21 -22 -23 -24 -25 -26 -27 -28 -29 -30 -31
leaf_value=0.078338233951771419 0.084720433859985511 0.03103982432394442 0.076610462100648355 0.36911472018622749 0.062318552118534258 0.040099190945896465 0.11185688107252227 0.10494324462173323 0.096612551648513956 0.036687684285545405 0.10447208158064973 0.068933257093138273 0.044157024121641221 -0.001539019711967792 0.28624819371763766 0.071804696384401651 0.047082747038310842 0.070848438264948119 0.088591380354561336 0.088984062760788657 0.068927166587086391 0.072954473588668536 0.017766613133129907 0.042144349956011976 0.099090546193660589 0.088509949870067134 0.06105773434045051 0.063603056727057017 0.038211588085438106 0.09016282211686176
leaf_weight=45077.681408137083 29386.450450472534 644.96737736836076 188479.15416495502 52.630635350942612 17235.954914294183 42442.365136578679 10467.778606444597 5817.6001314893365 1472.0347969643772 12971.112093675882 2199.5196663662791 5366.1236028671265 4625.7765340581536 2824.6575281023979 42.242926560342312 5304.0352472886443 44331.507739305496 12883.250320367515 76630.589834071696 25779.924109075218 162315.04615510069 54842.312966864556 16574.336591798812 5757.3351086005569 4508.7476639635861 6517.9977073892951 42580.923534806818 27229.042912654579 3745.7705210186541 7396.1680958420038
leaf_count=101124 54092 2175 422144 73 80959 329729 4511 8527 5060 120335 2518 31602 32188 37075 184 28931 242211 32349 114137 46191 538459 119061 181083 24814 12064 11589 177974 99102 27928 6796
internal_value=0.0703141 0.0561592 0.0779051 0.0466606 0.0642077 0.0420997 0.0851567 0.0737699 0.0514343 0.048878 0.0732582 0.0395559 0.0345824 0.029833 0.0686464 0.0511172 0.0497385 0.0624944 0.0913127 0.079861 0.0694087 0.0770782 0.0235541 0.0438467 0.0906509 0.0695246 0.0684536 0.0728089 0.0563597 0.10293
internal_weight=865503 302188 563315 138639 163549 114803 204503 358811 51160.2 42143.6 352994 24907.7 63642.5 15795.8 23836.5 51107.6 49635.5 18682.8 94494.5 110009 164515 84228.8 21200.1 5799.58 5153.72 121406 114888 72306.7 9111.89 17863.9
internal_count=2894985 1578549 1316436 890861 687688 819275 344788 971648 276275 297899 963121 216940 543000 157410 71586 276202 271142 57347 125444 219344 540977 173153 213271 24998 14239 389789 378200 200226 59530 11307
cat_boundaries=0 1 2 3 4 5 6 7 8 9 10 11 12 13 14 15 16 17 18 19 20 21 22
cat_threshold=44 71 643 1 12 12 35 4 80 26 96 17 3 56 8 1 116 3 2 64 112 120
is_linear=0
shrinkage=0.08


Tree=14
num_leaves=31
num_cat=16
split_feature=38 34 38 3 3 38 3 4 43 45 31 38 3 13 34 13 18 27 34 43 13 42 3 44 38 45 42 44 3 3
split_gain=12917.8 3477.06 2586.49 2350.75 1822.1 1189.68 1002.76 858.451 934.125 813.133 714.324 582.203 554.11 513.608 513.122 466.169 495.998 453.503 422.203 387.01 431.788 339.817 333.546 331.369 329.098 384.845 324.977 306.529 600.182 360.542
threshold=0 1 2 35.07500076293946 530.56500244140636 3 530.56500244140636 1.5000000000000002 4 5 1.0000000180025095e-35 6 725.07000732421886 155.65000152587893 7 10.024999618530275 13564.324707031252 1.0000000180025095e-35 8 9 94.02500152587892 10 237.9049987792969 11 12 13 14 15 530.56500244140636 562.27001953125011
decision_type=1 1 1 10 10 1 8 8 9 9 10 1 10 2 1 2 2 8 1 9 2 9 8 9 1 9 9 9 10 10
left_child=1 4 7 -3 6 17 14 22 -9 12 11 -4 -7 26 -1 -16 -17 -5 -13 -6 -21 -19 -2 -14 -10 -26 -11 28 -23 -30
right_child=2 3 10 5 19 9 -8 8 24 13 -12 18 23 -15 15 16 -18 21 -20 20 -22 27 -24 -25 25 -27 -28 -29 29 -31
leaf_value=0.05502098746500661 0.069388625786269642 0.068311215545614423 0.070886327783150599 0.26647060774633802 0.050337873483765637 0.037004466156381248 0.10471450566480543 0.099708737275557846 0.086266429378374504 0.050771059441770322 0.096121242812810287 0.099869456423199915 0.1106932984800837 -0.0063988975840664018 0.06953082334136354 0.054141468321205796 0.081016746522987057 0.065429213847620168 0.063825424174649661 0.043880626716357132 0.010301259228223385 0.058145315149825016 0.079801476393395493 -0.011611652204410142 0.079663025055423387 0.061915633331567542 0.013323884657180582 0.043071178290006749 0.38877315819575098 0.14105108771632593
leaf_weight=51904.742971409112 51690.165575280786 19514.488494511694 188232.05920801684 60.51276471465826 5899.5547449328005 54461.303150486201 3516.6935764402151 20333.40308142826 41656.475831042975 2375.6577817350626 5797.0123884603381 2162.0158579386771 151.98409166932106 5249.0155017003417 57529.478050835431 31075.058314301074 5118.9226373918355 5966.8032698631287 163346.95416679606 4235.0843877419829 5817.0156058631837 3089.5506733469665 31799.662162773311 2110.8845005854964 48369.593032196164 9853.4777465984225 3986.2544560730457 41908.237830359489 45.061740294098854 227.12672597169876
leaf_count=230029 108235 48847 422508 70 41648 424422 1412 19873 59130 14028 8595 2537 1000 60514 147955 134741 9677 30445 538600 42721 81154 8400 60371 31231 78999 18150 34605 234729 118 704
internal_value=0.0651818 0.051891 0.0723589 0.0425626 0.05975 0.038366 0.0625022 0.0795825 0.0839144 0.0314347 0.0682642 0.0678096 0.0353865 0.0121144 0.0614829 0.0650487 0.0579424 0.0475842 0.0643023 0.0340551 0.0244244 0.047335 0.0733547 -0.00339712 0.080681 0.0766707 0.0274081 0.0449257 0.0681785 0.182062
internal_weight=867484 304243 563241 139147 165097 119632 149145 203703 120213 68335.1 359538 353741 56724.2 11610.9 145628 93723.5 36194 51297.3 165509 15951.7 10052.1 51236.8 83489.8 2262.87 99879.5 58223.1 6361.91 45270 3361.74 272.188
internal_count=2895448 1578450 1316998 889113 689337 840266 523814 344758 176152 565800 972240 963645 456653 109147 522402 292373 144418 274466 541137 165523 123875 274396 168606 32231 156279 97149 48633 243951 9222 822
cat_boundaries=0 1 2 3 4 5 6 7 8 9 10 11 12 13 14 15 16
cat_threshold=44 71 643 12 5 13 80 4 1 12 3 1 640 13 50 1
is_linear=0
shrinkage=0.08


Tree=15
num_leaves=31
num_cat=17
split_feature=2 43 35 36 45 12 45 13 12 7 4 31 42 35 4 43 32 4 42 45 45 26 6 43 14 46 46 45 42 37
split_gain=5014.51 4455.7 2137.14 1350.59 1158.54 992.489 911.454 725.13 699.195 806.616 633.88 523.118 517.833 509.901 476.86 480.703 440.165 643.039 383.777 379.323 354.066 323.167 297.404 294.319 291.141 286.161 275.268 266.669 255.218 249.122
threshold=inf 0 1 2 3 72.77500152587892 4 99.00000381469728 3950.525024414063 18.750001907348636 1.5000000000000002 1.0000000180025095e-35 5 6 1.0000000180025095e-35 7 -6.8350000381469718 43.500000000000007 8 9 10 1.0000000180025095e-35 1274.9750976562502 11 1.0000000180025095e-35 12 13 14 15 16
decision_type=8 9 1 9 9 2 9 2 2 2 10 10 9 1 8 9 10 8 9 9 9 8 2 9 2 1 1 9 9 1
left_child=1 2 8 5 14 11 10 -6 9 -1 13 12 25 21 15 22 23 -18 -15 -13 -11 -7 -4 -2 26 29 -23 -27 -5 -3
right_child=16 3 4 28 7 6 -8 -9 -10 20 -12 19 -14 18 -16 -17 17 -19 -20 -21 -22 24 -24 -25 -26 27 -28 -29 -30 -31
leaf_value=0.055898641622071435 0.099482096061490055 0.06111540423653862 0.047504847016280431 0.063446134389586031 0.03604168978402901 0.17461679774733893 0.040600936293422187 -0.0013592509146794377 0.070377374756289704 0.045249445861676812 0.068540959527611647 -0.0005904729646248638 0.06651977025938946 0.064920947055033582 0.066247350541301209 0.023429573925518369 0.044822998091274928 0.08679806440259262 0.046715788347912249 0.097789639072055262 0.025230381939800019 0.056410185684023326 0.025354049984108375 0.082967973229887373 0.072032315560502769 0.095630404730491281 0.085184550147008015 0.056650156455394854 0.069763587773495478 0.054179709991938954
leaf_weight=73956.748707547784 16580.812123008072 89352.708165038377 22412.364697568119 69158.517611797899 5641.733457673341 154.23576082661748 24714.492795959115 8053.6400734931231 13474.127821769565 29813.513919394463 26323.233047667891 278.56903073936701 102936.69750521332 8831.4213296063244 4261.5948366448283 10533.65937044844 3462.3176634833217 7178.9505232200027 52054.256790559739 3736.4512559585273 7097.820072311908 79431.142405837774 4691.2332015000284 13770.904003277421 9423.334823038429 2636.3579144254327 2186.3311244063079 2197.1160645708442 115075.8126935102 56355.874113794416
leaf_count=271661 8605 264695 171510 137472 49193 188 113649 104155 40163 147517 81402 890 234142 37176 16681 102495 8572 6801 272584 4922 42511 272658 45678 10402 27360 3396 3094 3043 209627 204175
internal_value=0.0598314 0.0584741 0.0473283 0.0615825 0.0342668 0.0592559 0.055076 0.0140376 0.053165 0.0510779 0.0570758 0.0625554 0.0621015 0.0550951 0.0408742 0.0380121 0.0871411 0.0731408 0.0493667 0.0912059 0.041419 0.0589077 0.0436548 0.0920496 0.0587182 0.0590721 0.057181 0.0782265 0.0673957 0.0584408
internal_weight=865776 824783 179936 644847 55594.2 460612 203118 13695.4 124342 110868 178404 257494 253479 152081 41898.9 37637.3 40993 10641.3 60885.7 4015.02 36911.3 91195 27103.6 30351.7 91040.8 150542 81617.5 4833.47 184234 145709
internal_count=2896417 2862037 991564 1870473 489712 1523374 808111 153348 501852 461689 694462 715263 709451 613060 336364 319683 34380 15373 309760 5812 190028 303300 217188 19007 303112 475309 275752 6439 347099 468870
cat_boundaries=0 1 2 3 4 5 6 7 8 9 10 11 12 13 14 15 16 17
cat_threshold=33 12 144 5 13 42 12 1 3 32 13 37 1 1 5 34 46
is_linear=0
shrinkage=0.08


Tree=16
num_leaves=31
num_cat=16
split_feature=47 47 35 31 31 34 45 43 32 3 3 24 32 42 32 34 35 31 34 42 32 32 45 42 34 14 32 13 45 45
split_gain=493638 8364.09 6989.27 2395.73 1936.15 1617.21 1924.68 1558.85 1351.87 1039.09 990.577 950.816 936.121 887.822 871.448 760.38 740.346 617.516 595.107 582.474 532.398 513.783 497.519 515.014 469.475 454.921 450.091 449.73 410.574 408.523
threshold=0 1 2 1.0000000180025095e-35 1.0000000180025095e-35 3 4 5 -6.3250000476837149 530.56500244140636 inf -1.0000000180025095e-35 -12.934999942779539 6 12.559999942779543 7 8 1.0000000180025095e-35 9 10 -6.3250000476837149 -10.085000038146971 11 12 13 1.0000000180025095e-35 41.019998550415046 8105.9750976562509 14 15
decision_type=1 1 1 10 10 1 9 9 10 8 8 2 10 9 10 1 1 8 1 9 8 10 9 9 1 2 8 2 9 9
left_child=12 3 4 5 8 -2 17 -4 9 15 13 18 -1 21 16 -3 -9 -7 -10 25 -17 -8 23 24 -20 -18 -15 -25 -22 -5
right_child=1 2 7 29 -6 6 10 14 11 -11 -12 -13 -14 26 -16 20 19 -19 22 -21 28 -23 -24 27 -26 -27 -28 -29 -30 -31
leaf_value=0.094463625966209441 -0.053589826619549231 -0.049322216810316746 -0.011966578000690635 0.056772588237814267 0.070716433205613854 -0.0151445920090969 -0.019595797571008426 0.072371405817227244 -0.048222130004639603 0.10687899911974565 0.1492535015555283 0.17206242357535381 0.10104866602460302 -0.048175843756058497 -0.016751767783480007 0.052830408434219621 0.01866464009266074 0.028225799585141164 0.16573205805856231 0.055042454115041495 0.024147792180754735 -0.036660635906642348 -0.032044100511535709 -0.022609690395614106 0.012754629985796634 -0.098150901744185864 -0.0362115019544283 0.33776132919021223 -0.012068785732405116 -0.00041417946703401333
leaf_weight=232281.69305256009 44519.056404806674 2998.9956727102399 3904.5499911159277 1667.4216295368969 1451.7321384064853 7471.6139349974692 18181.098382897675 5850.3256388790905 10580.202714212239 484.87147525697947 179.22756919264793 147.39720977842808 340988.12824265659 54917.914500180632 1342.7333619073033 921.9916817098856 3483.2322282418609 2923.0622699819505 126.73595643043518 4208.4162231385708 2178.6704070046544 29798.015520151705 28225.380053348839 7155.3436939753592 2207.8624974004924 227.28247771784663 31761.953159235418 22.232021778821945 23824.317979872227 1536.9486023746431
leaf_count=118175 602282 22910 42222 5496 3684 60518 166482 8385 89085 644 208 630 148189 565121 5746 4288 16641 18229 258 13281 10349 287774 188663 37335 13617 2280 308843 42 142674 12182
internal_value=0.0552407 -0.029367 -0.0105067 -0.0390771 -0.0208305 -0.0402355 -0.0361357 0.0330948 -0.0225182 -0.00929592 -0.0386939 -0.0308143 0.0983805 -0.0389469 0.0447378 -0.0111784 0.0507665 -0.00294567 -0.0314332 0.0346702 -0.00690888 -0.0301878 -0.0267063 -0.0108506 0.0217306 0.0114783 -0.0437867 -0.0214636 -0.00902972 0.0295193
internal_weight=865568 292299 99342.3 192956 80325.7 189752 145233 19016.5 78874 30408.8 134838 48465.2 573270 134659 15112 29924 13769.3 10394.7 48317.8 7918.93 26925 47979.1 37737.6 9512.17 2334.6 3710.51 86679.9 7177.58 26003 3204.37
internal_count=2896233 2629869 602734 2027135 514179 2009457 1407175 88555 510495 180865 1328428 329630 266364 1328220 46333 180221 40587 78747 329000 32202 157311 454256 239915 51252 13875 18921 873964 37377 153023 17678
cat_boundaries=0 1 2 3 4 5 6 7 8 9 10 11 12 13 14 15 16
cat_threshold=2 4 8 96 8 35 19 64 2 96 40 40 24 1 8 14
is_linear=0
shrinkage=0.08


Tree=17
num_leaves=31
num_cat=14
split_feature=38 2 38 3 41 2 7 38 11 38 32 43 44 4 4 6 32 17 39 37 3 13 6 41 38 41 44 37 3 3
split_gain=10964.2 2976.76 2509.89 2160.52 1162.69 1043.83 864.229 746.92 668.27 584.907 578.806 568.997 554.455 533.331 408.102 364.195 353.055 335.6 332.514 330.818 324.517 305.721 482.124 391.75 290.775 290.587 279.684 337.218 298.212 257.021
threshold=0 inf 1 392.33499145507818 2 inf 18.749996185302738 3 40.500000000000007 4 -5.2449998855590811 5 6 1.5000000000000002 inf 1.0000000180025095e-35 -4.444999933242797 12.500000000000002 7 8 583.17498779296886 1127.5999755859377 817.62500000000011 9 10 11 12 13 24.500000000000004 18.185000419616703
decision_type=1 8 1 10 9 8 2 1 2 1 10 9 9 8 8 2 10 2 9 1 10 2 2 9 1 9 9 1 8 8
left_child=1 3 4 6 11 9 17 -5 21 -4 -3 25 -9 18 15 -14 -7 26 -6 -11 -17 22 23 -8 -15 -2 27 28 -1 -26
right_child=2 10 5 7 13 16 8 12 -10 19 -12 -13 14 24 -16 20 -18 -19 -20 -21 -22 -23 -24 -25 29 -27 -28 -29 -30 -31
leaf_value=0.091860878511158844 0.098160140519201522 0.093701005887165401 0.057882608453823182 0.043518872443157434 0.0708422865310981 0.091372327484854507 0.042736219652805663 0.05086367910267682 0.084093253597864875 0.054994831100163399 0.030428469485500487 0.069386999157370927 0.032289978607433163 0.073527575712788271 -0.10954533457844504 0.023661992120296117 0.051698879157776913 0.070357059230014729 0.056089315776751185 0.047585988437693398 0.00901435414307508 0.021304791053458803 0.05327146539315445 0.028137859355887231 0.045567677405427019 0.074689618850900016 0.044051657380921483 0.04857431807862847 0.0542586750477713 0.065789987950340273
leaf_weight=2445.3957852348685 11779.916953533888 7763.5405881814659 179170.11134811863 13733.594977524132 11835.695287432522 6772.8503900952637 18798.069323118776 4146.2429021000862 1782.0582946687937 76203.385063156486 1050.5048796571791 15555.892927646637 13299.093364067376 37558.728618063033 154.046161852777 21154.647354688495 1821.6870212033391 3658.6769337393343 56228.489217538387 82096.525607291609 17846.551719823852 9703.934446092695 9380.1771321743727 32169.387206997722 4374.2629402428865 5331.4522465392947 114031.19327742979 22846.908720359206 3012.9177509024739 50008.835460066795
leaf_count=4152 5948 5002 423353 78137 21697 3906 93634 25655 2740 236793 3833 21389 113849 58470 788 177775 3341 9968 129442 304348 238149 59172 38635 186979 7378 8809 475577 57089 6769 91398
internal_value=0.0527097 0.040362 0.0595144 0.0389626 0.0668473 0.05543 0.0428988 0.026772 0.035715 0.0547304 0.0861598 0.0806776 0.0226968 0.0640188 0.0204747 0.0208577 0.0829632 0.0464334 0.0586547 0.0511558 0.0169594 0.0344843 0.0366036 0.033536 0.0679967 0.0908952 0.0458185 0.0529362 0.0709749 0.0641516
internal_weight=835715 296977 538738 288163 192673 346065 217829 70334.2 71833.6 337470 8814.05 32667.3 56600.6 160006 52454.3 52300.3 8594.54 145995 68064.2 158300 39001.2 70051.6 60347.6 50967.5 91941.8 17111.4 142336 28305.2 5458.31 54383.1
internal_count=2894175 1577903 1316272 1569068 344531 971741 934715 634353 381160 964494 8835 36146 556216 308385 530561 529773 7247 553555 151139 541141 415924 378420 319248 280613 157246 14757 543587 68010 10921 98776
cat_boundaries=0 1 2 3 4 5 6 7 8 9 10 11 12 13 14
cat_threshold=44 643 20 4 80 4 1 1 106 19 640 16 1 32
is_linear=0
shrinkage=0.08


Tree=18
num_leaves=31
num_cat=18
split_feature=47 38 31 47 1 47 1 45 38 38 38 41 32 3 38 26 42 38 34 34 1 31 3 42 31 45 34 3 42 13
split_gain=446527 8019.2 2596.23 2543.12 3139.79 1857.54 3111.79 1649.24 1064.85 972.096 931.703 907.27 900.036 804.641 799.086 762.064 745.745 692.069 907.299 681.717 621.753 590.433 584.627 716.698 548.717 537.921 504.645 823.346 836.46 493.785
threshold=0 1 1.0000000180025095e-35 2 1.5000000000000002 3 1.0000000180025095e-35 4 5 6 7 8 -12.934999942779539 24.500000000000004 9 1.0000000180025095e-35 10 11 12 13 4.5000000000000009 1.0000000180025095e-35 18.185000419616703 14 1.0000000180025095e-35 15 16 173.97499847412112 17 3473.6850585937505
decision_type=1 1 10 1 2 1 2 9 1 1 1 9 10 10 1 8 9 1 1 1 2 8 8 9 10 9 1 8 9 2
left_child=12 3 5 7 13 10 11 9 -8 -2 -3 -7 -1 22 -15 -12 25 18 -18 24 -17 29 -5 -24 -9 -13 -6 -28 -29 -11
right_child=1 2 -4 4 26 6 8 19 -10 21 15 16 -14 14 -16 20 17 -19 -20 -21 -22 -23 23 -25 -26 -27 27 28 -30 -31
leaf_value=0.087930965954592363 -0.042597624630303831 -0.033469664061364278 0.064077118956458345 -0.015267204571004746 0.086945941473808394 -0.023854331741929431 -0.0064329114380264922 -0.047122238908288802 0.076232321448054738 -0.020770125337417698 0.24064926175358475 0.046315707374485968 0.094593923159140628 -0.021982944267104215 -0.043267616857100663 -0.015852886563351876 -0.034376664050609657 -0.028077668370319869 0.049414652661191161 -0.05990358403528695 0.12365337019908172 0.034030198621629204 -0.02772335496246189 0.1109018259592638 0.0077494135351006532 0.0047979481342346727 0.086654479248149577 0.10264038725466644 -0.069989069127027737 0.12841980725527577
leaf_weight=218114.72268162668 6568.4166276939213 35297.506093144417 2657.4603997468948 2278.6209880784154 1420.4664800912142 19148.747292086482 1354.4902929216623 79044.041019411758 3819.3972879201174 4433.4994280748069 74.879675522446632 2570.7783161923289 320264.90803194046 20228.894638463855 25777.474538486451 29492.972018543631 1391.2847038656473 7758.8073280155659 2012.133483171463 33976.888160819188 205.88828577846289 2252.9931600280106 386.2160327732563 612.65884608030319 1183.8266657590866 8868.8026551008224 711.54138883203268 230.18310147896409 710.43329982832074 146.68133646994829
leaf_count=117828 87154 254855 7124 9305 1780 100148 2930 940252 3651 36088 148 8996 147995 141542 240157 181364 5606 35363 5291 500115 862 11854 2005 828 8704 38649 785 307 3063 988
internal_value=0.0485658 -0.030613 -0.0140729 -0.0411475 -0.026303 -0.0159285 -0.00379591 -0.0472414 0.054726 -0.0206391 -0.0246776 -0.0110482 0.0918945 -0.0311946 -0.033923 -0.0142383 -0.00018786 -0.0148922 0.0151612 -0.0503568 -0.0148858 0.000500098 0.00710341 0.058135 -0.0463068 0.0141604 0.0521579 0.0215914 -0.0273969 -0.0159923
internal_weight=832996 294616 114653 179963 52356.5 111996 46924.4 127606 5173.89 13401.6 65071.2 41750.6 538380 49283.9 46006.4 29773.7 22601.8 11162.2 3403.42 114205 29698.9 6833.17 3277.5 998.875 80227.9 11439.6 3072.62 1652.16 940.616 4580.18
internal_count=2895737 2629914 644987 1984927 399772 637863 200634 1585155 6581 136084 437229 194053 265823 393837 381699 182374 93905 46260 10897 1449071 182226 48930 12138 2833 948956 47645 5935 4155 3370 37076
cat_boundaries=0 1 2 3 4 5 6 7 8 9 10 11 12 13 14 15 16 17 18
cat_threshold=2 300 4 4 8 129 32 80 3 264 26 641 3 30 35 42 38 3
is_linear=0
shrinkage=0.08


Tree=19
num_leaves=31
num_cat=20
split_feature=38 2 34 38 41 40 35 38 34 45 32 4 35 34 38 46 12 42 13 41 45 34 13 45 44 27 33 27 38 26
split_gain=8197.79 2839.63 1779.61 1783.31 1444.36 1104.43 859.777 851.845 805.772 736.202 672.165 665.257 536.561 611.298 531.899 456.87 450.631 391.742 368.395 357.326 329.04 364.228 328.039 294.089 276.29 272.055 271.121 257.506 257.055 252.95
threshold=0 inf 1 2 3 4 5 6 7 8 -4.7750000953674308 1.0000000180025095e-35 9 10 11 12 3140.7150878906255 13 230.77500152587893 14 15 16 464.10000610351568 17 18 3.5000000000000004 1.0000000180025095e-35 9.2500000000000018 19 9.2500000000000018
decision_type=1 8 1 1 9 1 1 1 1 9 10 8 1 1 1 1 2 9 2 9 9 1 2 9 9 8 2 8 1 10
left_child=1 2 6 -4 8 15 20 -8 28 22 -3 12 13 27 -13 -5 19 -16 24 23 21 -1 -7 -15 -9 -11 -24 -6 -2 -25
right_child=4 10 3 5 11 9 7 18 -10 25 -12 14 -14 16 17 -17 -18 -19 -20 -21 -22 -23 26 29 -26 -27 -28 -29 -30 -31
leaf_value=0.078685694001030163 0.098809889772897175 0.086559185577992359 0.040249431568873756 0.050004480680795542 0.1892832655961102 0.033670122924110667 0.04165967644004618 0.06060794742927475 0.060666936863221554 0.16702059401864908 0.031424511409472285 0.065985798847061058 0.057332544663820102 0.040389064891913851 0.062080110867294147 -0.085139006792859323 0.074666354909668983 0.052578297680379138 0.011281120657223002 0.048136823976967891 0.049688480838988948 0.041909986334488163 0.019841885047207766 0.017492006877694363 0.026935174087399382 0.014090054630238599 -0.088280036317977525 0.060058087574757925 0.06484733657758443 0.20344561272254957
leaf_weight=1772.6803224310279 8082.8013335168362 9733.0709395222366 93554.699780672789 11396.442709587514 99.239004403352737 30362.521610062569 42999.741897713393 1798.0812862962484 11083.786105770618 74.575089544057846 1655.9290424603969 37354.973312005401 48733.227339163423 35410.457145087421 39066.237212423235 162.37792064249516 3064.6036493703723 104524.14034470543 10210.62882286869 48212.267537187785 74812.249760333449 96627.115460209548 13209.358954973519 4811.9772816412151 11753.522637447342 43366.669885909185 150.11442688852549 17842.471990980208 1944.0327386185527 47.277130246162415
leaf_count=2314 3820 6914 390600 31017 124 205624 186767 6877 14279 262 5322 61200 114912 97728 80924 592 6378 223890 111385 113123 243457 348869 117768 15763 97862 365037 2759 37119 2618 79
internal_value=0.0463956 0.0391115 0.0380735 0.03233 0.0553626 0.0248217 0.0426722 0.0349326 0.0757264 0.0217343 0.0785428 0.0540929 0.0503055 0.0471683 0.0574076 0.0480644 0.0445023 0.0551676 0.0227471 0.0434626 0.0456532 0.0425804 0.029067 0.0378451 0.031403 0.0143493 0.018627 0.060739 0.0922963 0.0192616
internal_weight=803917 443640 432251 192277 360277 98722.1 239974 66762 21110.6 87163.2 11389 339167 158222 109488 180945 11558.8 91546.6 143590 23762.2 88482 173212 98399.8 43722 40269.7 13551.6 43441.2 13359.5 17941.7 10026.8 4859.25
internal_count=2895383 2123426 2111190 1113659 771957 723059 997531 402891 20717 691450 12236 751240 385226 270314 366014 31609 233071 304814 216124 226693 594640 351183 326151 113570 104739 365299 120527 37243 6438 15842
cat_boundaries=0 1 2 3 4 5 6 7 8 9 10 11 12 13 14 15 16 17 18 19 20
cat_threshold=300 71 260 16 1 12 260 112 12 8 68 640 1 9 34 35 1 13 1 641
is_linear=0
shrinkage=0.08


Tree=20
num_leaves=31
num_cat=17
split_feature=47 46 47 39 31 37 4 46 3 2 3 37 37 4 31 37 2 33 45 33 3 34 31 45 34 34 41 40 37 17
split_gain=398397 7523.18 5331.36 3641.64 1857.11 1741.71 1526.43 1315.31 3072.93 2237.44 1140.53 1116.16 940.42 909.489 898.114 881.757 992.853 757.257 728.065 666.882 597.127 880.172 558.95 545.275 542.2 534.736 776.647 653.321 540.757 901.153
threshold=0 1 2 3 1.0000000180025095e-35 4 22.500000000000004 5 24.500000000000004 inf inf 6 7 1.5000000000000002 1.0000000180025095e-35 8 1.5000000000000002 1.0000000180025095e-35 9 1.0000000180025095e-35 409.75000000000006 10 inf 11 12 13 14 15 16 24.500000000000004
decision_type=1 1 1 9 10 1 8 1 10 8 8 1 1 8 10 1 10 2 9 2 8 1 8 9 1 1 9 1 1 2
left_child=7 2 4 -4 10 -5 14 22 9 18 11 -2 -8 24 15 16 -7 20 -9 25 21 -17 -1 -3 -13 28 27 -27 29 -15
right_child=1 23 3 5 -6 6 12 8 -10 -11 -12 13 -14 19 -16 17 -18 -19 -20 -21 -22 -23 -24 -25 -26 26 -28 -29 -30 -31
leaf_value=0.088615492892783906 -0.059097414698599089 -0.035360603716600374 0.039715932653758196 -0.066066758003099385 0.029455172135464679 0.0023301652674653042 -0.022003491903828946 0.035171562084091765 0.083745995724458649 0.061566742927138221 0.13723559598435459 -0.05966913782184359 0.0059764187374148816 -0.054499464162536766 0.058133473605801442 -0.065156438709296424 0.1792766533444366 0.047749702895949771 -0.082571750458041868 0.043532058849498012 -0.0044354224817781422 -0.030202078541769851 0.082374277489551562 0.046727702426915291 -0.042146373222133632 0.066881281851920008 -0.038229507112298833 -0.043823237880379187 -0.0084107860322920284 0.34483669932385769
leaf_weight=365234.70730985701 21426.362633677199 547.83691914007068 6575.967200435698 5375.8772397786379 2379.4974472261965 1039.5707560479641 12852.861233308911 426.18543937802315 12483.153109580278 2074.4600204527378 227.77474837750196 13180.115395393223 19103.56728726998 2694.9450641609728 776.01489723846316 5200.2164752036333 252.17649932950735 786.28356137499213 1548.7019988000393 732.99508759379387 4783.313835836947 41526.467748299241 122684.67649467289 8373.4052249900997 85666.140805844218 833.23750057816505 51696.420373907313 565.27734808251262 9121.8499267734587 36.658015564084053
leaf_count=182265 279117 2425 10762 67593 11290 6008 61015 494 6793 1620 231 199902 81676 22679 2034 44758 828 4949 4058 6073 41878 274847 70505 26601 983708 2023 437082 3349 59369 119
internal_value=0.0430724 -0.0306486 -0.0328988 -0.0177908 -0.0407725 -0.0219149 -0.0191554 0.0862942 0.0641021 0.00354485 -0.0416701 -0.0418892 -0.0052821 -0.0396422 -0.0273139 -0.0285513 0.0365906 -0.0301615 -0.0574025 -0.0323479 -0.0313567 -0.0341126 0.0870462 0.0416996 -0.0444932 -0.0332043 -0.0366355 0.0221413 -0.0177889 -0.0489611
internal_weight=800207 295755 286834 98272.3 188561 91696.3 86320.5 504452 16532.5 4049.35 186182 185954 31956.4 164528 54364 53588 1291.75 52296.3 1974.89 65681.4 51510 46726.7 487919 8921.24 98846.3 64948.4 53094.9 1398.51 11853.5 2731.6
internal_count=2896051 2630316 2601290 596348 2004942 585586 517993 265735 12965 6172 1993652 1993421 142691 1714304 375302 373268 6836 366432 4552 530694 361483 319605 252770 29026 1183610 524621 442454 5372 82167 22798
cat_boundaries=0 1 2 3 4 5 6 7 8 9 10 11 12 13 14 15 16 17
cat_threshold=2 1 4 1 16 1 18 6 66 5 64 32 64 2 16 8 1
is_linear=0
shrinkage=0.08


Tree=21
num_leaves=31
num_cat=22
split_feature=47 38 44 45 37 47 1 37 47 35 44 46 45 36 37 27 31 45 32 38 45 35 12 38 37 32 45 36 4 16
split_gain=357977 6760.16 5657.16 2139.51 2066.2 1835.89 2038.28 1810.15 1689.21 3208.76 1302.83 1108.39 1131.38 1102.18 979.76 952.65 836.606 834.451 816.885 765.629 759.409 834.998 737.827 685.364 662.407 615.633 586.348 549.773 515.835 511.644
threshold=0 1 2 3 4 5 1.5000000000000002 6 7 8 9 10 11 12 13 inf 1.0000000180025095e-35 14 -10.085000038146971 15 16 17 10255.445312500002 18 19 80.260002136230483 20 21 69.500000000000014 4.5000000000000009
decision_type=1 1 9 9 1 1 2 1 1 1 9 1 9 9 1 8 8 9 10 1 9 1 2 1 1 8 9 9 10 2
left_child=11 2 7 10 29 -6 15 26 13 14 27 25 -13 17 -10 -7 -9 22 -14 -11 21 24 23 -5 -17 -1 -2 -3 -26 -4
right_child=1 3 4 8 5 6 -8 16 9 19 -12 12 18 -15 -16 20 -18 -19 -20 -21 -22 -23 -24 -25 28 -27 -28 -29 -30 -31
leaf_value=0.086084393892257277 0.00034152457746367991 0.015965717421434818 -0.073103489153262105 0.028751785860777281 -0.047965993194165203 0.17407965985453072 0.044913684556480316 0.00088005916285310165 -0.025441063081042922 -0.0018975865207266596 0.064129796021797816 -0.011641055810994085 0.053100845700570026 -0.040409724713587947 0.0011171909260667687 0.047368289103557573 0.041389572947890925 -0.029687854494567529 0.091314940677153594 0.055919556285614541 -0.053237567043291349 -0.031386372798487522 0.11284234206508532 -0.014449810590006468 -0.027754796746272091 0.080117691384163456 -0.046247859863115269 -0.048199765440501786 0.54450607762008629 0.61580993576693244
leaf_weight=287349.807554245 2479.6006736941636 2828.6766038388014 15534.026667933911 2710.0232296697795 95236.129147762433 142.94775900989771 2338.2876587286592 9545.4074779972434 23186.656824804842 1970.8977725952864 3344.5813135653734 1224.2492641061544 8861.4721761494875 21779.95319788903 14421.451058670878 1637.2537835426629 4957.2362403832376 19936.732660003006 6006.9155413657427 5781.0304989516735 8922.9116025231779 25454.512111637741 325.39910086244345 17317.440708514303 1652.9973204024136 179994.3437782377 5751.7617243677378 1212.8034084066749 10.142829991877077 6.9025871511548749
leaf_count=147084 13775 14553 260649 13949 1281274 739 3864 51941 118489 4456 5314 2098 8085 127748 60427 12206 18000 150837 2653 9784 80394 196941 1832 130995 17085 105278 48487 6113 19 72
internal_value=0.0409909 -0.0295333 -0.0394904 -0.0144675 -0.0450963 -0.0419136 -0.0275711 -0.0022891 -0.0173317 -0.00559858 0.027159 0.0830755 0.0624326 -0.0259089 -0.0152593 -0.0320525 0.0147167 -0.0180555 0.0684935 0.0412363 -0.0328345 -0.0264756 -0.00665201 -0.00859683 0.0113799 0.0837864 -0.03223 -0.00336939 -0.0241198 -0.0727507
internal_weight=771923 288486 173670 114816 150936 135395 40159.1 22734 107430 45360 7386.06 483437 16092.6 62069.5 37608.1 37820.8 14502.6 40289.6 14868.4 7751.93 37677.8 28754.9 20352.9 20027.5 3300.39 467344 8231.36 4041.48 1663.14 15540.9
internal_count=2895141 2629943 1985446 644497 1853243 1592522 311248 132203 618517 193156 25980 265198 12836 425361 178916 307384 69941 297613 10738 14240 306645 226251 146776 144944 29310 252362 62262 20666 17104 260721
cat_boundaries=0 1 2 3 4 5 6 7 8 9 10 11 12 13 14 15 16 17 18 19 20 21 22
cat_threshold=2 300 1 8 16 4 24 4 8 2 1 32 128 12 3 129 5 1 129 42 12 128
is_linear=0
shrinkage=0.08


Tree=22
num_leaves=31
num_cat=23
split_feature=47 38 46 47 35 46 38 45 46 40 40 41 43 39 37 32 41 37 38 31 27 32 45 6 37 4 42 38 11 37
split_gain=319440 6445.7 3808.94 2772.1 3501.12 1816.82 1146.38 1499.34 1143.58 1591.36 1054.57 892.259 988.751 883.065 860.58 824.905 714.51 730.076 667.124 645.304 625.664 617.223 614.945 586.282 582.004 566.815 552.346 571.745 561.131 540.906
threshold=0 1 2 3 4 5 6 7 8 9 10 11 12 13 14 -8.4749999046325666 15 16 17 1.0000000180025095e-35 inf 80.260002136230483 18 372.52490234375006 19 17.500000000000004 20 21 8.5000000000000018 22
decision_type=1 1 1 1 1 1 1 9 1 1 1 9 9 9 1 10 9 1 1 10 8 8 9 2 1 10 9 1 2 1
left_child=8 5 3 6 10 11 29 -8 21 -10 -5 19 18 -12 -6 22 -16 -18 -13 23 -19 -1 -11 -2 -15 -14 27 28 -9 -3
right_child=1 2 -4 4 14 -7 7 26 9 15 13 12 25 24 16 -17 17 20 -20 -21 -22 -23 -24 -25 -26 -27 -28 -29 -30 -31
leaf_value=0.082963103321243944 -0.021452187751367393 -0.038767663512153903 0.027127307717830066 0.093071785296025875 -0.067292466461565309 0.063184518911712007 -0.0034301939182880894 -0.030272293254829531 -0.070475444814388402 0.027014926916345147 0.045712844172881247 0.10552295459923167 -0.0018480269999575547 0.020939585292774603 -0.041958176744264865 0.087576689680914477 -0.036298578019390154 0.23198185031219892 0.017939337894053713 0.070999176648725848 -0.01431916200456354 0.076861944542009925 0.068592844374888967 0.010474452023985684 -0.023221563954268096 0.11847724626826737 -0.046685423967578452 -0.040753550731836841 0.0049538916378863195 -0.059330547203096107
leaf_weight=274859.68659964204 26451.478472165763 11550.707646660507 6294.8580075316131 1039.5745502784848 3905.1631144583225 2481.0732318386436 7542.382710725069 13866.530585281551 583.5662539601326 4407.2655259221792 3039.5024302154779 968.8443294018507 18836.693555921316 3236.366123765707 17267.414418838918 5676.8396820127964 14780.376964181662 66.191705793142319 1323.8776472210884 542.62451531738043 23635.335393819958 172858.60955613852 4806.4918491840363 4276.2250635176897 4631.2010753490031 253.93558306246996 47728.144379621372 33958.134030364454 3657.4425675421953 29708.354860553518
leaf_count=147312 153817 195873 24365 1111 52076 4594 56090 106452 1442 5406 5254 1620 84132 21771 144078 2689 89576 118 5985 1279 144878 105651 3393 25201 46671 756 477941 433630 26923 525656
internal_value=0.0390427 -0.0282433 -0.0342279 -0.0359881 -0.0230654 -0.00371505 -0.0422395 -0.0378462 0.0798685 0.0584869 0.0164621 -0.0068681 0.00572581 0.00908173 -0.0309789 0.0635456 -0.0284236 -0.0223411 0.0552474 -0.015477 -0.0136256 0.0806075 0.0488084 -0.0170091 -0.00505854 -0.000247381 -0.040462 -0.0346844 -0.0229071 -0.0535846
internal_weight=744235 281042 225908 219613 71601.1 55134.8 148012 106753 463192 15474.2 11946.6 52653.7 21383.4 10907.1 59654.5 14890.6 55749.3 38481.9 2292.72 31270.3 23701.5 447718 9213.76 30727.7 7867.57 19090.6 99210.3 51482.1 17524 41259.1
internal_count=2895740 2629847 2352463 2328098 505533 277384 1822565 1101036 265893 12930 74807 272790 92493 73696 430726 11488 378650 234572 7605 180297 144996 252963 8799 179018 68442 84888 1044946 567005 133375 721529
cat_boundaries=0 1 2 3 4 5 6 7 8 9 10 11 12 13 14 15 16 17 18 19 20 21 22 23
cat_threshold=2 643 1 4 3 1 32 8 1 1 1 35 4 1 16 52 4 129 42 42 25 80 32
is_linear=0
shrinkage=0.08


Tree=23
num_leaves=31
num_cat=19
split_feature=38 38 3 0 41 43 45 42 46 32 14 13 41 27 44 37 41 1 45 44 46 45 44 3 45 3 46 18 37 13
split_gain=5065.94 1451.86 1361.19 1352.78 1025.07 940.449 565.676 549.417 595.977 490.677 481.869 472.511 469.971 466.076 396.23 466.489 491.996 385.549 351.115 395.367 364.65 328.068 324.366 871.908 549.62 428.467 386.025 316.742 306.968 292.676
threshold=0 1 24.500000000000004 1.5000000000000002 2 3 4 5 6 -10.085000038146971 1.5000000000000002 1.0000000180025095e-35 7 1.0000000180025095e-35 8 9 10 1.0000000180025095e-35 11 12 13 14 15 1.0000000180025095e-35 16 1.0000000180025095e-35 17 1052.9000244140627 18 167.12500000000003
decision_type=1 1 10 2 9 9 9 9 1 8 2 2 9 8 9 1 9 2 9 9 1 9 9 10 9 10 1 2 1 2
left_child=2 4 7 10 5 -2 12 -1 28 -3 11 21 29 -8 15 16 -15 27 19 20 -16 -4 25 -24 26 -11 -25 -6 -9 -5
right_child=1 9 3 6 17 -7 13 8 -10 22 -12 -13 -14 14 18 -17 -18 -19 -20 -21 -22 -23 23 24 -26 -27 -28 -29 -30 -31
leaf_value=0.083464166135131579 0.085212420217259027 0.060994140137366079 0.027768593464334804 0.0054043491620997357 0.043080014643290462 0.045396359370953196 0.23349239540562214 0.066528235959080001 -0.033366089670473449 0.00059611062989196547 0.049130923176738825 0.024645411733113666 0.023564329391628145 0.14566109331153304 0.021412877693943889 0.023214647108290642 0.047873641758585883 0.054117075925952107 0.0038714445406906666 -0.032213724789656013 0.078209580373186594 0.038205560075954194 0.09848845347257093 0.038402925578825624 0.027534375827358928 0.050527155788136692 0.062618883603604833 0.059114567983857856 0.040456718636860199 -0.030898037115046583
leaf_weight=2393.5588415563107 8895.8911306709051 6414.8378887474537 32429.984225124121 2631.6710493713617 106584.30334365368 6787.27239555493 65.927797216922045 3596.938010647893 637.04272243380547 1160.5639567524195 9051.8099359888583 59113.13853258267 3333.1119790263474 488.74982061237097 62962.919883336872 2508.4276866726577 1081.7634718045592 32638.069119144231 8343.5947540607303 870.58212391287088 731.86193074658513 48799.031245499849 1509.377959780395 231079.40037389472 31419.065728850663 21045.172196634114 4291.2395038641989 8514.3088428974152 16200.999741196632 3090.4462048746645
leaf_count=1393 5912 14188 153905 31392 241442 10394 181 7982 1545 1866 31041 350822 22559 1850 549227 13835 3815 69166 99893 8966 1609 198871 730 790054 113089 44395 7242 17910 48104 51872
internal_value=0.0374153 0.042448 0.0284444 0.0266375 0.0485145 0.068021 0.0186512 0.0470973 0.0427759 0.0391075 0.0312408 0.0300869 -0.000274462 0.0208726 0.0206933 0.0449576 0.0790345 0.0464393 0.0193358 0.0213303 0.0220655 0.0340468 0.0386256 0.0378565 0.0375135 0.0479176 0.0388428 0.0442662 0.0452475 -0.0141774
internal_weight=718671 460340 258332 235503 163420 15683.2 86109.1 22828.5 20435 296920 149394 140342 9055.23 77053.8 76987.9 4078.94 1570.51 147737 72909 64565.4 63694.8 81229 290505 268299 266790 22205.7 235371 115099 19797.9 5722.12
internal_count=2895250 1316388 1578862 1519838 344824 16306 785199 59024 57631 971564 734639 703598 105823 679376 679195 19500 5665 328518 659695 559802 550836 352776 957376 911115 910385 46261 797296 259352 56086 83264
cat_boundaries=0 1 2 3 4 5 6 7 8 9 10 11 12 13 14 15 16 17 18 19
cat_threshold=44 643 16 4 32 25 1 36 1 104 5 5 2 1 3 1 13 1 32
is_linear=0
shrinkage=0.08


Tree=24
num_leaves=31
num_cat=19
split_feature=2 43 34 41 34 35 34 4 31 32 41 41 4 44 45 37 37 44 45 45 5 45 4 18 44 37 27 4 36 13
split_gain=3195.79 1352.61 783.891 705.524 715.124 702.934 684.028 628.468 499.389 484.831 442.964 435.801 405.618 331.179 330.281 318.72 312.079 308.487 532.694 304.441 302.283 399.182 282.556 319.99 276.827 251.785 281.008 236.389 252.886 234.092
threshold=inf 0 1 2 3 4 5 1.5000000000000002 1.0000000180025095e-35 -6.8350000381469718 6 7 1.5000000000000002 8 9 10 11 12 13 14 2.5000000000000004 15 1.5000000000000002 8826.1250000000018 16 17 1.0000000180025095e-35 5.5000000000000009 18 1051.2249755859377
decision_type=8 9 1 9 1 1 1 10 10 8 9 9 8 9 9 1 1 9 9 9 2 9 10 2 9 1 8 8 9 2
left_child=1 2 5 10 8 14 -2 11 12 -8 -3 16 -5 -12 22 -6 -4 29 -19 -13 -7 24 -1 -24 -22 26 -21 28 -15 -17
right_child=6 3 7 4 15 20 9 -9 -10 -11 13 19 -14 27 -16 17 -18 18 -20 25 21 -23 23 -25 -26 -27 -28 -29 -30 -31
leaf_value=0.02901108656493712 0.074918329600574984 0.058331713411767815 0.062018785254416155 0.032003357564040616 0.03262801555885457 0.02758613530380993 0.080954347388450393 0.047875104223352713 0.066007762195202865 0.043838990611668738 0.058083725968699089 0.00021099513941841286 0.03883729799143034 0.042740416998916439 0.04153208185888168 0.03635275388402643 0.0069069419350854056 0.026654550845146608 0.0073462834677955249 0.32987322511882233 0.11002783846864515 -0.023301699860972153 0.057475959451040677 0.23076053792709775 0.013925525651054205 0.02298964568947651 0.044666840858241352 0.045278164533312196 0.034034249297101887 -0.044709137988740974
leaf_weight=35814.032500032336 12349.071404919028 8160.9186237230897 669.56861980631948 96373.413895506412 88439.98210801743 10120.744829092175 2689.5289059244096 4795.8003960270435 3592.1679512932897 13861.805756315589 5605.8570923767984 3435.5169664360583 131331.95261321217 30593.386785056442 31447.663265433162 15698.349469877779 20802.99138421379 42699.63300489448 11670.274672565982 22.262466177344322 197.4579068608582 2072.9578277487308 1208.0621232762933 72.282605193555355 6732.4872353486717 31013.557592876256 3218.915324959904 24634.929117087275 74643.740791724995 231.35891417041421
leaf_count=154246 12130 11215 1771 364386 325313 85459 1979 21209 5246 20373 10530 32997 379749 70189 118766 45003 220984 236973 67673 8 1433 32975 3588 147 66110 233901 16807 62856 289743 1450
internal_value=0.0345401 0.0334411 0.0267639 0.0353371 0.0335663 0.0316822 0.0605991 0.0200187 0.0364102 0.04984 0.0401426 0.017764 0.0359449 0.0390427 0.0354712 0.0294205 0.00865354 0.0253813 0.0225164 0.022946 0.0180904 0.00743569 0.0303231 0.0672588 0.0166398 0.0252254 0.0464824 0.0382238 0.0365725 0.0351754
internal_weight=714201 685300 151624 533676 390037 87665.7 28900.4 63958.6 231298 16551.3 143639 59162.8 227705 135478 68542 158740 21472.6 70299.6 54369.9 37690.3 19123.6 9002.9 37094.4 1280.34 6929.95 34254.7 3241.18 129872 105237 15929.7
internal_count=2895209 2860727 990401 1870326 1425793 462724 34482 527677 749381 22352 444533 506468 744135 433318 276747 676412 222755 351099 304646 283713 185977 100518 157981 3735 67543 250716 16815 422788 359932 46453
cat_boundaries=0 1 2 3 4 5 6 7 8 9 10 11 12 13 14 15 16 17 18 19
cat_threshold=33 71 21 71 12 112 16 4 1 35 38 2 1 5 32 7 1 74 99
is_linear=0
shrinkage=0.08


Tree=25
num_leaves=31
num_cat=20
split_feature=47 44 38 36 37 37 46 33 46 40 47 37 47 1 35 35 45 32 32 32 41 6 2 38 27 45 44 1 41 12
split_gain=292016 5754.7 5672.4 1621.74 1572.21 1545.56 1391.32 1288.34 1087.47 1278.97 1070.49 1357.41 1051.91 1383.31 1029.29 912.472 856.35 734.077 712.797 702.204 661.413 629.351 625.784 615.764 606.804 604.765 585.107 577.096 574.856 562.695
threshold=0 1 2 3 4 5 6 1.0000000180025095e-35 7 8 9 10 11 1.5000000000000002 12 13 14 -6.1249999999999991 -9.0749998092651349 80.260002136230483 15 251.55001068115237 inf 16 inf 17 18 8.5000000000000018 19 167.70000457763675
decision_type=1 9 1 9 1 1 1 2 1 1 1 1 1 2 1 1 9 10 10 8 9 2 8 1 8 9 9 2 9 2
left_child=8 5 4 6 -3 28 10 17 19 22 27 -12 -6 24 -13 16 23 -5 26 -1 -9 -22 -10 -7 -14 -26 -11 -4 -2 -17
right_child=1 2 3 7 12 15 -8 20 9 18 11 14 13 -15 -16 29 -18 -19 -20 -21 21 -23 -24 -25 25 -27 -28 -29 -30 -31
leaf_value=0.077732367807356331 0.00018698608624956564 -0.069223520623488327 -0.023867219958231375 -0.022203246947974004 -0.046201932058769109 -0.0037287109683160581 0.049847984352603528 -0.031609151529926924 -0.11169794921859773 0.023015738509278742 0.023756895167047386 -0.022098388759617775 0.12106191178662996 0.030993214525297345 0.025968482895698322 0.052643102074508674 -0.012675954177917132 -0.045341401871015118 0.082098215399837096 0.070925915758226876 0.030435897770724515 0.23480850456413996 0.05739768411442437 0.051291829283614934 -0.029303152856531619 -0.053414045398942227 0.064298696288737273 0.29170219434556294 -0.042547058718940926 0.0074433379735453532
leaf_weight=252256.90589599311 3260.253211826086 14604.846831727773 40893.53399169445 14900.758302114904 92638.767996521667 2288.9902583882213 2168.4069521129131 218.00662540644407 439.32625769078732 4273.3512006178498 8327.6273460313678 17712.76454783231 160.28537691384554 2200.3597675040364 3390.3628202229738 4849.6141178421676 9258.9857228249311 21347.004112176597 4988.6879515722394 157620.30066847801 171.76623569428921 219.87772990018129 205.6273886859417 3018.1479903832078 28811.799847140908 8719.0356960147619 4522.5885454416275 37.122070766985416 5288.5234328247607 2769.2634272053838
leaf_count=147399 25441 260874 300422 71810 1281849 8985 5322 1115 1324 5390 29901 92655 777 3784 7106 16725 40986 114329 2639 105353 1012 788 170 5245 225256 80291 3397 67 37876 16788
internal_value=0.0321872 -0.030099 -0.0340183 -0.020215 -0.044276 0.00261406 -0.0132667 -0.0338808 0.074355 0.0527696 -0.0152136 -0.00357674 -0.0415218 -0.0306637 -0.0143675 0.0137493 0.00200696 -0.0358298 0.0579003 0.0751149 0.08144 0.141561 -0.0569037 0.0275989 -0.0342632 -0.0349266 0.0442421 -0.023581 -0.0262684 0.0361667
internal_weight=711563 287256 256522 109387 147135 30733.8 72529.8 36857.4 424307 14429.6 70361.4 29430.8 132530 39891.5 21103.1 22185 14566.1 36247.8 13784.6 409877 609.651 391.644 644.954 5307.14 37691.1 37530.8 8795.94 40930.7 8548.78 7618.88
internal_count=2895076 2629404 2477358 624527 1852831 152046 435473 189054 265672 12920 430151 129662 1591957 310108 99761 88729 55216 186139 11426 252752 2915 1800 1494 14230 306324 305547 8787 300489 63317 33513
cat_boundaries=0 1 2 3 4 5 6 7 8 9 10 11 12 13 14 15 16 17 18 19 20
cat_threshold=2 1 300 129 16 24 1 1 1 4 104 4 8 8 8 52 44 5 1 6
is_linear=0
shrinkage=0.08


Tree=26
num_leaves=31
num_cat=16
split_feature=47 44 38 37 47 37 45 47 1 35 1 38 32 47 45 31 3 4 1 3 33 18 3 45 19 37 38 35 4 1
split_gain=260870 5145.84 4301.32 1730.58 1482.25 1942.05 1320.05 1182.7 1324.74 1173.98 1133.71 1030.19 936.832 823.893 711.164 679.496 664.234 656.164 587.331 570.862 525.206 510.554 590.263 574.726 629.101 484.099 483.449 509.283 475.763 649.047
threshold=0 1 2 3 4 5 6 7 1.5000000000000002 8 1.5000000000000002 9 80.260002136230483 10 11 1.0000000180025095e-35 inf 13.500000000000002 4.5000000000000009 289.82499694824224 1.0000000180025095e-35 36106.441406250007 271.74499511718756 12 472.92500305175787 13 14 15 1.5000000000000002 4.5000000000000009
decision_type=1 9 1 1 1 1 9 1 2 1 2 1 8 1 9 8 8 8 2 8 2 2 8 9 2 1 1 1 10 2
left_child=12 6 3 21 16 9 15 28 14 -6 -8 13 -1 -12 25 -2 18 26 20 -19 -4 -3 -23 24 -24 -9 27 -7 -5 -30
right_child=1 2 4 7 5 17 10 8 -10 -11 11 -13 -14 -15 -16 -17 -18 19 -20 -21 -22 22 23 -25 -26 -27 -28 -29 29 -31
leaf_value=0.074719390227728819 0.0065112944425525345 -0.070247174623317588 -0.030390635968575525 -0.045581856938778462 -0.030445246373249777 0.038007088004532327 -0.019593498528346694 -0.034210560936572605 0.032274964246327906 0.020902035515828171 -0.04483759026799896 0.090010537592169357 0.066839440573370212 0.09741096951205773 -0.051301138691609911 0.044629325072027493 0.11201536609848831 0.017552759329851637 0.070520103120397221 0.074442802519049209 0.028492828650522165 0.56610208257496208 0.72864119869594757 -0.077147682737292625 -0.085346993806453636 -0.013244751711378542 0.0085893169768847151 -0.041994169907606953 -0.026460302723636895 0.19622506719812158
leaf_weight=246487.11506846547 7151.5716790892184 13610.257752880454 61274.76409843564 82306.221639364958 22052.836469441652 612.98956676572561 15688.865660309792 15751.601341880858 2257.0391261205077 3268.1061030179262 1063.8473956882954 1234.1764300614595 158747.59185288846 345.12705221027136 8420.5637430809438 5147.1038714945316 214.95545396208763 7176.6271889135242 378.33392730355263 1339.5639851540327 985.0284072868526 14.772617548704146 15.799621239304544 86.995832772925496 9.8744189832359535 12832.004752870649 7140.8703509494662 2853.7650556191802 6825.5974815152586 84.80771866068244
leaf_count=152049 30458 258633 423101 1200190 114751 1505 96618 133355 3804 6550 8001 3814 113427 199 80443 12905 185 21417 1880 2907 6485 50 84 1826 222 93220 28276 17032 81033 770
internal_value=0.0305957 -0.028765 -0.0325639 -0.0416882 -0.0204646 -0.00928481 0.00218036 -0.0387943 -0.0272267 -0.0238124 -0.0114214 0.0370421 0.0716325 -0.0099235 -0.030856 0.0224458 -0.0283734 0.00995767 -0.0288552 0.0265013 -0.029459 -0.0687048 0.0906237 0.0282817 0.299083 -0.0248063 -0.00331482 -0.0277798 -0.0438891 -0.0237274
internal_weight=685379 280144 249513 142216 107298 44444.8 30630.7 128478 39261.2 25320.9 18332 2643.15 405235 1408.97 37004.2 12298.7 62853.1 19123.8 62638.1 8516.19 62259.8 13737.7 127.442 112.67 25.674 28583.6 10607.6 3466.75 89216.6 6910.41
internal_count=2895190 2629714 2477719 1853630 624089 192438 151995 1592815 310822 121301 108632 12014 265476 8200 307018 43363 431651 71137 431466 24324 429586 260815 2182 2132 306 226575 46813 18537 1281993 81803
cat_boundaries=0 1 2 3 4 5 6 7 8 9 10 11 12 13 14 15 16
cat_threshold=2 1 300 16 4 6 12 4 8 45 4 5 8 5 64 3
is_linear=0
shrinkage=0.08


Tree=27
num_leaves=31
num_cat=10
split_feature=47 38 47 35 31 32 27 36 37 4 3 37 3 33 3 12 27 31 4 31 32 4 3 11 33 36 35 12 1 38
split_gain=234318 3975.31 2598.5 2655.89 1105.62 924.597 872.995 851.562 816.417 750.006 636.635 613.233 571.394 545.878 506.373 973.282 479.355 481.654 474.709 460.777 459.803 459.413 495.517 438.193 413.141 412.372 406.461 390.449 440.856 385.318
threshold=0 1 2 3 1.0000000180025095e-35 -62.54999923706054 inf 4 5 69.500000000000014 1.0000000180025095e-35 6 609.39498901367199 1.0000000180025095e-35 210.71500396728518 2029.4250488281252 3.5000000000000004 1.0000000180025095e-35 inf 1.0000000180025095e-35 12.559999942779543 1.5000000000000002 803.40499877929699 7.5000000000000009 1.5000000000000002 7 8 1800.9749755859377 2.5000000000000004 9
decision_type=1 1 1 1 8 10 8 9 1 8 10 1 8 2 10 2 8 10 8 10 10 10 8 2 2 9 1 2 2 1
left_child=5 7 4 6 13 -1 -4 12 -8 20 -10 -11 16 21 15 -15 -2 27 -9 -6 -5 22 29 24 -12 -13 -23 28 -18 -3
right_child=1 2 3 9 19 -7 8 18 10 11 23 25 -14 14 -16 -17 17 -19 -20 -21 -22 26 -24 -25 -26 -27 -28 -29 -30 -31
leaf_value=0.064355733528835307 0.21775608313539746 -0.039904056952084759 0.13050648218848135 0.0058782458294946802 -0.029020526520887439 0.0723202061387406 -0.012984448653092123 -0.031928721247343694 0.10314363812078334 -0.069138027675211808 -0.032452319968932886 0.056254592087943769 0.051914571987666205 0.02350777132991937 -0.023520448264973827 0.34360431974477773 -0.0092527817373063981 0.051087269118918574 -0.0033014728332322564 0.0052118667442352263 -0.046038786596612126 -0.0066882486585976408 0.019248527141791039 -0.061147317390585217 0.21112859142225809 -0.028849432416586294 -0.039233248478050833 0.034063619789830447 0.032774916451497917 -0.050172622652172372
leaf_weight=155275.69138714671 62.516636654734612 43451.450283382088 223.03787550702691 8254.5051743164659 33205.330640019849 233671.46601802856 16544.759582724422 12078.158225499094 215.53610572218895 302.99154009111226 38155.561593903229 3584.1231324709952 1226.5486609973013 345.08786860108376 1095.3359044957906 73.793480832129717 32916.29833168909 990.34426314383745 5349.0332005396485 2722.847767315805 1258.1833042725921 3853.7641470432281 761.69636634364724 3659.242537189275 44.61689168587327 403.2670561671257 6839.6828923225403 1531.5963980667293 1678.8409400954843 52504.260837951675
leaf_count=115374 57 417823 632 58520 403489 150531 104664 61006 226 2951 289618 7043 4769 3327 18780 408 174603 2222 20603 15517 10504 33058 11206 34048 124 1022 70641 7910 7059 865954
internal_value=0.0292498 -0.027514 -0.0324018 -0.0200557 -0.0385958 0.0691406 -0.0274615 -0.00846634 -0.0280672 0.0115268 -0.0339869 0.0393027 -0.00180884 -0.0426098 0.00508858 0.0798985 -0.00358165 -0.00395445 -0.0231287 -0.0264262 -0.000988493 -0.0432822 -0.0450219 -0.0347011 -0.0321678 0.0475969 -0.0275474 -0.00546331 -0.00721325 -0.0455321
internal_weight=662280 273332 217499 72645.8 144853 388947 58842.8 55833.3 58619.7 13803.1 42075 4290.38 38406.1 108925 1514.22 418.881 37179.6 37117.1 17427.2 35928.2 9512.69 107411 96717.4 41859.4 38200.2 3987.39 10693.4 36126.7 34595.1 95955.7
internal_count=2893689 2627784 2349555 509352 1840203 265905 429312 278229 428680 80040 324016 11016 196620 1421197 22515 3735 191851 191794 81609 419006 69024 1398682 1294983 323790 289742 8065 103699 189572 181662 1283777
cat_boundaries=0 1 2 3 4 5 6 7 8 9 10
cat_threshold=2 643 4 8 129 98 16 128 8 336
is_linear=0
shrinkage=0.08


Tree=28
num_leaves=31
num_cat=21
split_feature=47 44 37 47 35 39 37 46 40 45 33 46 32 31 32 44 46 44 32 31 32 21 2 34 40 40 34 36 42 41
split_gain=207016 5007.34 3161.97 2600.37 2070.57 1565.88 1198.69 1190.81 1374.22 913.388 959.186 890.47 803.11 759.21 738.637 733.039 725.032 1316.84 616.694 597.673 565.295 558.068 545.83 545.244 582.994 525.869 540.385 502.525 587.633 481.342
threshold=0 1 2 3 4 5 6 7 8 9 1.0000000180025095e-35 10 -9.0749998092651349 1.0000000180025095e-35 -7.9049999713897696 11 12 13 4.9349999427795419 1.0000000180025095e-35 80.260002136230483 2.5000000000000004 inf 14 15 16 17 18 19 20
decision_type=1 9 1 1 1 9 1 1 1 9 2 1 10 10 10 9 1 9 10 8 8 2 8 1 1 1 1 9 9 9
left_child=7 5 -3 9 11 29 25 20 22 10 16 14 15 -8 -5 -10 19 -18 23 27 -1 -11 -9 -6 -25 -7 -27 -4 -29 -2
right_child=1 2 3 4 18 6 13 8 12 21 -12 -13 -14 -15 -16 -17 17 -19 -20 -21 -22 -23 -24 24 -26 26 -28 28 -30 -31
leaf_value=0.069964760542549853 0.08182489900132589 -0.068842174529136976 -0.059224975294318506 -0.01257846369119283 -0.016421337107743714 -0.055647827173560482 0.0035515112378143292 -0.13083686048135593 0.0072359834109314951 -0.050922001527176138 0.025385978776139333 0.044793090122602755 0.075601552125209331 0.064838215766378562 -0.030138733718208969 0.0564919095383997 0.045533031408274312 -0.076483364895650024 -0.023631696664241916 -0.02352469785956772 0.063454527977664488 0.5376219111531213 0.041226813991321283 0.055231783315045101 0.013469608682637033 0.030470645675888659 -0.030619969922008376 -0.039554084473880015 -0.025260306104484178 0.027843075558444549
leaf_weight=218725.80761627853 1692.3927850164473 12471.68903066963 5860.7524695172906 24867.681452475488 2335.3944204747677 3009.5435986444354 16835.595744263381 398.71889844536781 3736.8779606968164 18438.122140549123 1870.773503638804 1248.9791360348463 4375.2706571742892 1401.3026657998562 39971.656272824854 4007.3876765519381 1878.2361864745617 810.29325293377042 2733.693934161216 30309.755656331778 139998.26810863614 10.316973421722649 167.58867587149143 3105.2192049697042 6901.6836654655635 1320.4458781145513 3052.196277808398 57082.726767938584 27416.821431498975 2891.589537974447
leaf_count=147398 5170 260442 45207 152941 22888 24900 75390 1293 5374 249529 21536 2952 2678 2191 280355 3373 6453 7885 15846 331006 105401 80 169 5178 22873 5879 28628 743901 305756 10061
internal_value=0.0279252 -0.0257307 -0.0296353 -0.0274563 -0.0160108 0.00494921 -0.002756 0.0665722 0.0424839 -0.0339238 -0.0314657 -0.0221117 0.0481636 0.00825619 -0.0234039 0.0327242 -0.0323304 0.00875863 0.0107411 -0.0332459 0.067424 -0.0505655 -0.078531 0.0183631 0.0264709 -0.029931 -0.0121445 -0.0365067 -0.0349198 0.0480122
internal_weight=638927 267517 237314 224842 81164.3 30203.1 25619.1 371410 12685.8 143678 125229 66088.3 12119.5 18236.9 64839.3 7744.27 123359 2688.53 15076 120670 358724 18448.4 566.308 12342.3 10006.9 7382.19 4372.64 90360.3 84499.5 4583.98
internal_count=2892733 2627047 2474828 2214386 503033 152219 136988 265686 12887 1711353 1461744 436248 11425 77581 433296 8747 1440208 14338 66785 1425870 252799 249609 1462 50939 28051 59407 34507 1094864 1049657 15231
cat_boundaries=0 1 2 3 4 5 6 7 8 9 10 11 12 13 14 15 16 17 18 19 20 21
cat_threshold=2 1 16 4 8 1 24 1 1 13 1 1 1 2 96 4 1 14 25 42 37
is_linear=0
shrinkage=0.08


Tree=29
num_leaves=31
num_cat=26
split_feature=47 44 38 37 36 34 40 45 38 32 34 34 47 42 37 39 0 37 42 37 47 41 38 32 38 38 41 40 38 33
split_gain=183682 4721.91 4801.14 1498.44 1208.41 1111.77 1343.87 1039.27 841.023 827.126 799.763 790.971 759.147 758.496 756.446 686.312 661.339 657.745 646.41 632.905 587.508 581.341 515.485 463.786 458.322 451.435 575.603 450.767 463.375 684.486
threshold=0 1 2 3 4 5 6 7 8 80.260002136230483 9 10 11 12 13 14 1.5000000000000002 15 16 17 18 19 20 11.765000343322756 21 22 23 24 25 1.0000000180025095e-35
decision_type=1 9 1 1 9 1 1 9 1 8 1 1 1 9 1 9 2 1 9 1 1 9 1 10 1 1 9 1 1 2
left_child=9 5 3 -3 7 17 14 8 -4 -1 -5 -9 16 -6 20 23 -12 25 -10 -17 22 -13 -7 -14 -15 -2 -27 28 -21 -30
right_child=1 2 4 10 13 6 -8 11 18 -11 12 21 15 24 -16 19 -18 -19 -20 27 -22 -23 -24 -25 -26 26 -28 -29 29 -31
leaf_value=0.067281818050031236 -0.042990416119485259 -0.065446212893861822 0.028811118758767355 -0.051625088431479192 -0.012597322306570844 -0.074332519550588769 0.031333161581485303 -0.004979198474705411 0.032788603849649281 0.059398996493349322 -0.029083156666533494 -0.055446805219684522 0.032444404474638221 -0.017333616329239625 -0.029398908432153672 -0.048887521567388854 -0.044729808274948317 -0.031765505231898424 -0.0083954777196358476 -0.0054004743337189975 0.059251650944906011 -0.02220193972378836 0.021841041807048506 -0.079085015754693441 -0.044177029074663102 -0.031014842461762792 0.063807313273604838 -0.070291026017836947 -0.031557369104925459 0.11145911726705915
leaf_weight=214022.84788166732 614.23154817894101 11785.587088247761 5579.0125850513577 16905.235560983419 13624.05244269222 541.91908475756645 13215.941004414111 13588.251322027296 2656.9187128655612 141521.27960887551 32363.783383654431 4508.0390814207494 2048.3180884197354 5626.8084430024028 4961.2926157191396 6011.8204366676509 37115.817577281967 6340.6704606562853 28581.287430740893 10803.23384706676 1403.1639507561922 13460.463486000896 1000.9076006188989 270.09176234900951 15144.352895237505 581.61258564144373 1352.3309841044247 1066.7445976659656 10843.746457535774 218.49229099601507
leaf_count=151914 2996 261218 22404 272710 72532 4356 47004 89640 15531 113837 425995 34696 3499 26215 27146 48057 644274 52094 185696 76552 2650 87384 5435 959 90779 4205 5879 6646 111143 1708
internal_value=0.0266817 -0.0241147 -0.0279742 -0.0382244 -0.0150594 0.00574646 0.0157313 -0.0089035 0.000228981 0.0641441 -0.0354921 -0.0195551 -0.03278 -0.0272904 -0.0103517 -0.0224303 -0.0374416 -0.0179788 -0.00488326 -0.025785 0.0217164 -0.0305688 -0.0122802 0.0194514 -0.0369171 0.0163171 0.0352777 -0.0196986 -0.0171993 -0.0287067
internal_weight=617758 262214 232202 129433 102769 30012.1 21123.2 68374 36817.2 355544 117647 31556.8 100742 34395.2 7907.28 31262.4 69479.6 8888.85 31238.2 28944 2945.99 17968.5 1542.83 2318.41 20771.2 2548.18 1933.94 22932.2 21865.5 11062.2
internal_count=2895154 2629403 2477638 1852761 624877 151765 86591 435351 223631 265751 1591543 211720 1318833 189526 39587 248564 1070269 65174 201227 244106 12441 122080 9791 4458 116994 13080 10084 196049 189403 112851
cat_boundaries=0 1 2 3 4 5 6 7 8 9 10 11 12 13 14 15 16 17 18 19 20 21 22 23 24 25 26
cat_threshold=2 1 300 16 129 96 1 9 129 64 116 4 24 13 1 98 1 4 4 18 44 641 338 34 6 264
is_linear=0
shrinkage=0.08


Tree=30
num_leaves=31
num_cat=15
split_feature=47 46 38 31 46 3 2 47 40 3 45 41 40 35 26 45 34 3 32 32 38 11 32 3 43 13 1 45 17 2
split_gain=162997 3766.08 3101.67 1437.28 1189.65 3073.85 1912.63 1095.9 1029.93 977.478 939.664 792.129 624.283 604.561 595.497 594.202 590.072 563.621 556.12 538.134 509.224 473.656 482.227 473.544 488.768 473.362 472.402 458.922 458.744 453.378
threshold=0 1 2 1.0000000180025095e-35 3 35.07500076293946 inf 4 5 inf 6 7 8 9 1.0000000180025095e-35 10 11 18.185000419616703 80.260002136230483 -1.514999985694885 12 16.500000000000004 -10.085000038146971 551.85000610351574 13 178.52500152587893 3.5000000000000004 14 95.500000000000014 inf
decision_type=1 1 1 10 1 10 8 1 1 8 9 9 1 1 8 9 1 10 8 10 1 2 8 8 9 2 2 9 2 8
left_child=4 2 3 7 18 6 -6 15 13 10 -4 12 14 -9 -12 20 23 -13 -1 -18 -2 22 -16 -10 -25 -17 -19 -3 -22 -24
right_child=1 27 9 -5 5 -7 -8 8 16 -11 11 17 -14 -15 21 25 19 26 -20 -21 28 -23 29 24 -26 -27 -28 -29 -30 -31
leaf_value=0.065228315386193558 0.0040278344791465593 -0.045551593942064372 0.016307460358094567 0.03531596762061389 -0.081334762534177013 0.063010932131720959 0.038136925385961681 0.081194938851170309 -0.045223339400035013 0.10574283077427023 0.18503051102884036 -0.035166614104843216 -0.042444830718204943 0.00035383968132791932 0.046489120103761446 -0.035495444649266183 -0.0095525566104238246 -0.006024025221238653 0.058472738999088322 -0.032007275886549384 -0.034686877627083751 0.021266653376350426 -0.020842174362176977 0.22481576682983043 -0.0093357553987173814 -0.047668381430544894 0.055998475878893339 0.033342188401171063 0.38033329079666628 -0.080773160166809285
leaf_weight=199192.03989390284 3710.3716111462563 493.55703098326921 5905.6318804584444 1984.7083671055734 1875.9731298014522 8340.4089591056108 1579.7891112267971 809.54641514271498 12242.960729332641 433.20028448104858 91.335427634418011 4336.7880938649178 8570.9445735961199 2143.4264261424541 669.50780317932367 53023.752318469808 15659.076858019456 35269.251458846033 128167.05257125199 12115.275650443509 6148.2958403192461 1765.2643079124391 46406.945351999253 48.880362061783671 1831.3586788363755 33274.781122928485 803.85939860343933 8229.0147632900625 17.092983949929476 822.17504951357841
leaf_count=147295 31667 2366 24217 9629 4769 6446 1669 968 129094 312 210 18606 51717 8945 3547 787946 123009 194839 104905 101590 99825 11808 322784 330 29970 639883 3325 26558 142 4078
internal_value=0.0252778 -0.0228024 -0.024619 -0.0322866 0.061684 0.0367241 -0.0267187 -0.0332403 -0.0229134 -0.0141787 -0.0146765 -0.0165297 -0.0224952 0.0227154 -0.0190508 -0.0380563 -0.0261285 -0.00791586 0.0625834 -0.0193404 -0.0193995 -0.0194299 -0.0209298 -0.0394547 -0.00210252 -0.0401844 -0.00464191 0.0288641 -0.033482 -0.0218855
internal_weight=595962 256807 248084 143010 339155 11796.2 3455.76 141025 44850.5 105075 104642 98736.1 58326.2 2952.97 49755.2 96174.3 41897.6 40409.9 327359 27774.4 9875.76 49663.9 47898.6 14123.2 1880.24 86298.5 36073.1 8722.57 6165.39 47229.1
internal_count=2892449 2627365 2598441 1962998 265084 12884 6438 1953369 393906 635443 635131 610914 394144 9913 342427 1559463 383993 216770 252200 224599 131634 342217 330409 159394 30300 1427829 198164 28924 99967 326862
cat_boundaries=0 1 2 3 4 5 6 7 8 9 10 11 12 13 14 15
cat_threshold=2 1 300 1 4 1 8 35 2 3 8 96 260 8 32
is_linear=0
shrinkage=0.08


Tree=31
num_leaves=31
num_cat=18
split_feature=47 44 37 47 0 0 3 34 3 43 36 34 37 37 34 33 42 43 31 3 43 4 37 42 37 34 3 3 16 4
split_gain=144044 3763.26 2447.6 2164.07 1704.95 1028.55 926.981 1265.13 863.958 806.562 741.545 843.279 695.651 599.568 811.252 702.742 562.698 604.339 561.309 559.545 520.388 494.568 480.789 473.789 718.861 582.942 682.236 735.606 563.419 536.114
threshold=0 1 2 3 1.5000000000000002 1.5000000000000002 18.185000419616703 4 777.97500610351574 5 6 7 8 9 10 1.0000000180025095e-35 11 12 inf 660.73498535156261 13 inf 14 15 16 17 267.19500732421881 253.72499847412112 1.0000000180025095e-35 1.5000000000000002
decision_type=1 9 1 1 2 2 8 1 8 9 9 1 1 1 1 2 9 9 8 8 9 8 1 9 1 1 10 10 2 10
left_child=18 6 -3 5 8 10 -2 -8 13 -6 11 19 -9 -5 -15 20 17 22 -1 23 -16 -12 -7 -4 25 26 27 -25 -27 -26
right_child=1 2 3 4 9 16 7 12 -10 -11 21 -13 -14 14 15 -17 -18 -19 -20 -21 -22 -23 -24 24 29 28 -28 -29 -30 -31
leaf_value=0.06137265318191075 -0.019989608379137509 -0.06188430340851641 -0.02746364718109319 -0.005339276766284996 -0.028161726667345288 -0.018390918545039242 0.03259022378761204 0.025235990604273197 0.11651183217821626 0.023434166123524211 -0.057555798532968265 -0.03570697310726377 -0.018114961466345173 -0.04639124992414332 -0.028088601070219349 0.087195637620816044 -0.041575387726053264 -0.0098751935046249469 0.053808636236440173 0.093725669822536578 -0.0096962153023975681 -0.014991714063786871 -0.054670782707295924 0.20235586235530278 -0.014941427674455067 -0.042518177513958783 -0.089160739335292644 0.73748376455465159 0.34144039657403291 0.014395867059995305
leaf_weight=240211.2004949525 6875.8025088533759 10779.466518767178 13850.949827423319 17184.680088680238 2359.1252902634442 4189.4977557528764 11223.172042358667 3356.1099000237882 306.29650829732418 10716.870858117938 5892.7389339283109 15616.013341052458 7991.3712235540152 7791.7507716119289 20457.200258888304 401.10688737407327 43212.354195818305 8948.1652679331601 85008.102764226496 304.89627029374242 19042.261880904436 2483.39829114452 5381.3481528963894 37.475111834704876 29114.235551882535 133.12736270576715 20.63776783272624 29.289678730070591 29.964555565267801 4619.0166022069752
leaf_count=190515 36761 260772 150322 109259 27794 94699 35203 16810 187 35727 48055 218506 62816 70662 140411 1827 666966 82165 74692 1714 117876 15876 87010 191 310955 1327 231 43 179 35630
internal_value=0.0242032 -0.0211516 -0.0247025 -0.022809 -0.012242 -0.0289884 0.00572733 0.0135616 -0.0175307 0.0141218 -0.0225011 -0.0195505 -0.00528263 -0.0181635 -0.0227785 -0.018157 -0.0365686 -0.02485 0.0593955 -0.0143032 -0.0192314 -0.0448826 -0.0388256 -0.0149948 -0.00990179 0.122516 0.280731 0.437116 0.0264066 -0.0109211
internal_weight=577568 252348 222902 212122 78259.3 133863 29446.5 22570.7 65183.3 13076 72131.7 63755.6 11347.5 64877 47692.3 39900.6 61731.4 18519 325219 48139.6 39499.5 8376.14 9570.85 47834.7 33983.7 250.494 87.4026 66.7648 163.092 33733.3
internal_count=2895181 2629974 2478384 2217612 503743 1713869 151590 114829 440222 63521 783029 719098 79626 440035 330776 260114 930840 263874 265207 500592 258287 63931 181709 498878 348556 1971 465 234 1506 346585
cat_boundaries=0 1 2 3 4 5 6 7 8 9 10 11 12 13 14 15 16 17 18
cat_threshold=2 1 16 4 15 35 224 30 98 98 80 17 37 11 9 32 2 16
is_linear=0
shrinkage=0.08


Tree=32
num_leaves=31
num_cat=18
split_feature=2 38 34 6 38 45 38 46 34 31 32 34 35 41 11 34 41 27 34 41 25 12 4 32 3 45 1 43 42 41
split_gain=1706.04 1723.9 717.336 610.503 566.174 599.25 1493.29 609.07 599.853 526.016 476.481 395.454 445.327 359.658 327.843 307.995 324.707 293.797 296.425 284.57 284.231 709.389 270.985 263.777 260.151 258.33 306.724 282.528 260.936 261.46
threshold=inf 0 1 54.024999618530281 2 3 4 5 6 1.0000000180025095e-35 -5.8849999904632559 7 8 9 44.500000000000007 10 11 1.0000000180025095e-35 12 13 9.2500000000000018 23388.625000000004 inf -2.5149999856948848 314.34999084472662 14 2.5000000000000004 15 16 17
decision_type=8 1 1 2 1 9 1 1 1 10 8 1 1 9 2 1 9 8 1 9 8 2 8 10 10 9 2 9 9 9
left_child=1 3 24 15 11 9 -7 8 -8 23 -4 12 19 22 17 16 -1 -5 -19 -3 21 -16 -10 -6 -2 -20 28 -28 -27 -30
right_child=2 4 10 14 5 6 7 -9 13 -11 -12 -13 -14 -15 20 -17 -18 18 25 -21 -22 -23 -24 -25 -26 26 27 -29 29 -31
leaf_value=0.082434623923604594 0.068301900221873713 0.0097853690534144763 0.070044319772097796 0.1646792311982701 0.027347051541644705 -0.072996374598121111 0.058607666240354385 -0.06980569985565048 0.0061603419001484009 0.054435732557157605 0.026320710256079596 0.035515846683583617 0.040730717044667922 0.022624021578247635 0.94189133719068241 0.016691595372133071 0.024600640543717217 0.013895778031458207 0.011732622992351683 0.025577310975623258 0.043127216170890485 -0.00060173691399840372 -0.25741638025284913 0.021504017710106488 0.025855589233322224 -0.010790135573941298 0.13132916287879712 -0.00032432268612365175 0.15731731356978787 0.011343419275219117
leaf_weight=624.18067425489426 7643.748553045094 9683.4049059003592 1882.6281038764864 79.272585429251194 108542.79588691518 1206.9621421322227 2216.4274407736957 508.3905094973743 13575.059581089765 3877.5437923036516 10445.024758560583 52557.124337755144 9912.1505971066654 19554.657864587381 7.8696570135653046 61903.590019231662 43995.49433250539 58431.388786051422 14337.075922578573 30237.641837887466 1592.4693152736872 14.580403622239826 25.009814493358135 90820.394843207672 1051.2001625001431 11496.164212204516 195.09114054217935 222.12354499660432 70.78376491740346 3107.5053275749087
leaf_count=2586 8343 35788 2064 247 437116 5186 4018 1733 74764 7890 20243 144467 25917 66617 153 422211 255607 520153 164921 86829 9850 160 129 399395 3764 161410 1643 2469 414 25858
internal_value=0.0231194 0.0222471 0.0454772 0.0162612 0.0256705 0.0235435 0.0141788 0.0171308 0.0183852 0.0252516 0.0329713 0.0306601 0.0255329 0.0156739 0.0113934 0.020355 0.025428 0.0107375 0.0105986 0.0217502 0.0471122 0.32978 0.00567147 0.0246852 0.0630977 0.00404592 -0.00325938 0.0643773 -0.0051846 0.0150776
internal_weight=559818 538795 21022.6 196078 342718 240327 37086.5 35879.5 35371.2 203241 12327.7 102390 49833.2 33154.7 89554.3 106523 44619.7 87939.4 87860.1 39921 1614.92 22.4501 13600.1 199363 8694.95 29428.7 15091.7 417.215 14674.5 3178.29
internal_count=2891945 2857531 34414 1567682 1289849 996848 152447 147261 145528 844401 22307 293001 148534 141510 887278 680404 258193 877115 876868 122617 10163 313 74893 836511 12107 356715 191794 4112 187682 26272
cat_boundaries=0 1 2 3 4 5 6 7 8 9 10 11 12 13 14 15 16 17 18
cat_threshold=44 112 642 13 1 1 1 3 8 38 73 1 78 34 12 36 25 1
is_linear=0
shrinkage=0.08


Tree=33
num_leaves=31
num_cat=17
split_feature=47 38 46 47 35 46 40 32 38 34 46 37 33 41 6 32 32 27 36 37 18 34 32 2 12 2 34 19 37 17
split_gain=129373 2908.51 1986.93 1579.38 1861.55 1144.73 972.638 787.047 750.007 743.459 741.2 675.135 646.897 639.772 589.272 586.056 582.334 552.826 476.2 465.226 758.833 471.38 516.247 454.232 448.947 445.125 439.784 438.549 432.536 818.64
threshold=0 1 2 3 4 5 6 -8.4749999046325666 7 8 9 10 1.0000000180025095e-35 11 1.0000000180025095e-35 80.260002136230483 -10.085000038146971 inf 12 13 2351.6550292968755 14 -5.4649999141693106 1.5000000000000002 33465.201171875007 inf 15 472.92500305175787 16 2.5000000000000004
decision_type=1 1 1 1 1 1 1 10 1 1 1 1 2 9 2 8 10 8 9 1 2 1 10 10 2 8 1 2 1 2
left_child=5 10 3 8 9 15 -7 -8 28 -5 14 -6 16 -11 18 -1 -10 -13 -2 20 23 -21 -23 26 -14 -17 -19 -22 29 -3
right_child=1 2 -4 4 11 6 7 -9 12 13 -12 17 24 -15 -16 25 -18 19 -20 21 27 22 -24 -25 -26 -27 -28 -29 -30 -31
leaf_value=0.059912260149534442 -0.0074112749737755635 -0.0089916817649724617 0.018319488787200404 -0.019319185444728541 -0.060434043345241391 -0.070030783574821745 0.020523093135696956 0.067264344699354481 -0.019610583863341812 0.0056637939259756836 0.038087819848295124 0.11215499053586772 0.026562442066327019 0.051148255905277884 0.0038138573821396384 0.05131421184554031 -0.033882398515793048 0.038069304041508309 -0.02907928391969811 -0.044952052921284888 0.4100455171582747 -0.0090554007291442206 -0.02678915491742101 0.12230053583906955 0.34244563284940072 0.071365924067598993 -0.076157016422777141 0.10561728128922004 -0.046424947521411797 -0.047712606125120231
leaf_weight=179170.51997996122 22298.803142555058 6653.8445834610611 6320.4194878842682 3414.8477514646947 2981.2943747024983 573.89879960566759 6832.5038044601679 3479.8186184093356 28458.230833716691 4630.3021968286484 2455.4627103880048 197.88403294980526 971.35135541297495 3459.724647693336 20060.128656957299 108769.34556974471 51248.351060571149 421.53910302743316 9161.2011077478528 5558.5974310189486 44.826184455305338 16652.671891923994 28462.777786817402 174.00697195902467 29.675015050917864 7579.0194582492113 423.64807435870171 93.360375128686428 30035.335588010028 7359.5859124232084
leaf_count=147480 116663 106558 24464 42014 51869 1441 8833 2625 309056 25570 4747 586 10702 7229 109963 99045 589231 2519 46935 53809 127 108663 208648 687 151 6128 2865 434 642814 163720
internal_value=0.0211981 -0.0213153 -0.0258107 -0.0272703 -0.0173145 0.0561029 0.030626 0.0362604 -0.0325784 0.0119486 -0.00485313 -0.0234324 -0.0279807 0.0251545 -0.00690065 0.0570414 -0.0287868 -0.021301 -0.0137326 -0.0218147 0.0282045 -0.0229581 -0.0202389 0.00459598 0.0359267 0.0526204 -0.019637 0.20437 -0.0409868 -0.0293063
internal_weight=557973 251568 197592 191272 66515.5 306405 10886.2 10312.3 124756 11504.9 53975.6 55010.6 80707.6 8090.03 51520.1 295519 79706.6 52029.3 31460 51831.4 1157.38 50674 45115.4 1019.19 1001.03 116348 845.187 138.187 44048.8 14013.4
internal_count=2895576 2630024 2351716 2327252 505020 265552 12899 11458 1822232 74813 278308 430207 909140 32799 273561 252653 898287 378338 163598 377752 6632 371120 317311 6071 10853 105173 5384 561 913092 270278
cat_boundaries=0 1 2 3 4 5 6 7 8 9 10 11 12 13 14 15 16 17
cat_threshold=2 643 1 4 3 1 1 40 96 1 16 38 129 66 64 112 38
is_linear=0
shrinkage=0.08


Tree=34
num_leaves=31
num_cat=19
split_feature=47 46 47 35 44 37 46 3 2 41 37 35 44 44 3 33 32 32 26 41 37 3 41 37 37 2 36 36 2 3
split_gain=114549 2440.72 2063.75 1618.16 1185.61 1380.58 1127.95 2750.58 1492.69 1104.72 829.259 766.95 727.496 975.772 676.43 650.734 643.655 547.03 498.812 514.641 709.651 478.425 496.4 477.443 475.269 465.834 457.111 448.163 441.132 439.021
threshold=0 1 2 3 4 5 6 35.07500076293946 inf 7 8 9 10 11 1.0000000180025095e-35 1.0000000180025095e-35 5.6749999523162851 80.260002136230483 8.5000000000000018 12 13 502.85000610351568 14 15 16 inf 17 18 1.0000000180025095e-35 237.9049987792969
decision_type=1 1 1 1 9 1 1 10 8 9 1 1 9 9 10 2 10 8 10 9 1 8 9 1 1 8 9 9 8 8
left_child=6 2 4 10 9 -6 17 8 -8 29 -4 15 -3 -14 -12 21 -5 -1 19 23 -21 -7 -23 -16 27 -19 -22 -13 -17 -2
right_child=1 12 3 16 5 11 7 -9 -10 -11 14 24 13 -15 18 28 -18 25 -20 20 26 22 -24 -25 -26 -27 -28 -29 -30 -31
leaf_value=0.057808177156096062 0.098559473064161268 0.04862481016614556 -0.059738780139572574 0.017127709120565188 -0.063744926561260351 -0.023712688450989786 -0.079358819887128396 0.056023241254359875 0.02880374124187865 -0.018241281754203892 0.11735873943703888 0.014528327978478004 0.022982323057979006 -0.056744362626448226 0.032150363833987533 0.066399461966477211 -0.025736991301102932 0.049291826007027167 0.10807831399983936 -0.021181776713839275 -0.075767966385849359 -0.0028280720602069202 0.11687202536034688 -0.024895079627353933 -0.040139063144335768 0.070474907078098253 0.0035963847268671491 -0.028419168885862899 -0.087477278766856639 0.020625078514608007
leaf_weight=171504.52739934623 541.25490772724152 3693.6231026239693 2783.8606067821383 14374.79677166976 7145.3769718715921 67402.206263765693 1864.5086184069514 7216.1108354218304 1452.8736932650208 11444.752703459933 245.27593304216862 1682.2892409153283 3717.7898883447051 1335.3590357266366 960.5873144492507 811.39827350899577 2656.2825099695474 105331.03169882298 207.63056418299675 16905.302877545357 466.85134893655777 858.77314101718366 289.70402049273252 32330.475706432015 35680.677549835294 7091.3520594537258 17879.200579561293 20257.970525762066 139.77455614879727 3183.4073623623699
leaf_count=147338 1036 10263 51318 68336 199414 759927 4719 6399 1727 79135 155 12910 7292 11508 5446 8276 18306 99197 559 97137 2338 10200 1820 266958 548805 6025 85791 353867 1286 26939
internal_value=0.0203111 -0.0198656 -0.0213894 -0.011731 -0.0271293 -0.0295244 0.0540115 0.0283052 -0.0319882 -0.0059294 -0.0169897 -0.0275938 0.021639 0.00191353 -0.0152565 -0.0219253 0.0104361 0.0549652 -0.0157318 -0.0161069 -0.00936123 -0.0228403 0.0283593 -0.0232399 -0.034426 0.050628 0.00153663 -0.025121 0.0437873 0.0318647
internal_weight=541455 246995 238248 88810.3 149438 134268 294460 10533.5 3317.38 15169.4 71779.2 127123 8746.77 5053.15 68995.3 69501.9 17031.1 283927 68750 68542.4 35251.4 68550.7 1148.48 33291.1 57620.9 112422 18346.1 21940.3 951.173 3724.66
internal_count=2894427 2629022 2599959 596344 2003615 1896505 265405 12845 6446 107110 509702 1697091 29063 18800 458384 781509 86642 252560 458229 457670 185266 771947 12020 272404 915582 105222 88129 366777 9562 27975
cat_boundaries=0 1 2 3 4 5 6 7 8 9 10 11 12 13 14 15 16 17 18 19
cat_threshold=2 1 4 8 1 16 1 21 16 12 2 1 38 4 22 66 104 41 35
is_linear=0
shrinkage=0.08


Tree=35
num_leaves=31
num_cat=18
split_feature=47 38 44 36 37 46 3 2 18 45 45 37 3 42 33 34 32 41 17 41 38 36 2 34 34 34 31 18 32 16
split_gain=102328 2835.48 3129.83 1338.18 1300.03 1143.98 2367.88 1270.76 864.081 734.951 679.668 647.387 699.95 644.067 621.36 600.585 594.663 590.32 547.767 536.385 511.824 580.619 504.697 502.842 495.466 494.025 479.186 477.183 447.929 434.181
threshold=0 1 2 3 4 5 35.07500076293946 inf 2627.9250488281255 6 7 8 327.71499633789068 9 1.0000000180025095e-35 10 80.260002136230483 11 5.5000000000000009 12 13 14 inf 15 16 17 1.0000000180025095e-35 36106.441406250007 -3.0749999284744258 4.5000000000000009
decision_type=1 1 9 9 1 1 10 8 2 9 9 1 8 9 2 1 8 9 2 9 1 9 8 1 1 1 10 2 10 2
left_child=5 2 11 13 27 16 7 -7 9 -5 14 12 -2 24 18 -12 -1 -11 20 -15 21 26 -18 -14 -3 -13 -6 29 -19 -4
right_child=1 3 4 8 10 6 -8 -9 -10 17 15 25 23 19 -16 -17 22 28 -20 -21 -22 -23 -24 -25 -26 -27 -28 -29 -30 -31
leaf_value=0.055956132160316474 -0.033822831919253379 -0.059131673710387814 -0.062588961050594236 0.02467751270286898 -0.012822993210507653 -0.071735810702596201 0.052568841503909947 0.027738189923903721 0.035518961390029587 -0.022441694014664781 -0.030160522992787295 0.023772069385401363 0.085154501418932257 -0.048247981586789335 0.025599570769529786 -0.063127787051162551 0.046918279425062569 0.0043963508334403144 -0.037373371945868608 -0.021035539044074771 -0.029202900477292935 -0.060585054453817774 0.069423030512654679 -0.0030284645534727644 -0.0039648548134530292 -0.0063803945280885331 0.079555926182118791 0.10785413271671175 -0.010459029156091497 0.53490953927441598
leaf_weight=164777.06692775339 5142.8275067172945 1131.201031550765 9332.5469538923353 4965.2051538527012 23316.605525642633 1928.6813548207283 6885.6715925708413 1432.2841246053576 3545.2745265960693 13039.410199433565 7791.9849604349583 8449.5338541343808 561.04098698496819 7625.5666882768273 1438.9369921721518 6586.4482049271464 101714.79073020816 24711.437393765897 25278.739583777264 11966.534084923565 39261.819812593982 1634.1561272665858 6804.3090679869056 1508.7439814601094 12034.403086557984 5903.3990331664681 364.99228391423821 106.95317221526057 27387.513059388846 7.7900330647826186
leaf_count=147176 42666 7320 258519 18169 250482 4751 6483 1727 22601 100232 113547 33212 2369 49589 19476 136455 99467 143978 448046 65722 607669 15467 6091 17346 63973 36176 1297 2140 174094 74
internal_value=0.0192918 -0.0187934 -0.0264163 -0.00899791 -0.0316578 0.0519438 0.0257006 -0.0293447 -0.00301332 -0.0049624 -0.0291063 0.00155123 -0.0179876 -0.022448 -0.0265519 -0.0452955 0.0529277 -0.0072244 -0.02739 -0.0316463 -0.023482 -0.0145924 0.0483294 0.0212714 -0.00874612 0.0113745 -0.0113944 -0.0601031 -0.00341221 -0.0620906
internal_weight=526636 243093 136687 106407 115121 283543 10246.6 3360.97 73648.8 70103.6 105674 21565.5 7212.61 32757.7 91295.3 14378.4 273296 65138.4 89856.3 19592.1 64577.6 25315.8 108519 2069.78 13165.6 14352.9 23681.6 9447.29 52099 9340.34
internal_count=2896314 2630619 1984941 645678 1853172 265695 12961 6478 459074 436473 1592439 131769 62381 186604 1342437 250002 252734 418304 1322961 115311 874915 267246 105558 19715 71293 69388 251779 260733 318072 258593
cat_boundaries=0 1 2 3 4 5 6 7 8 9 10 11 12 13 14 15 16 17 18
cat_threshold=2 300 1 90 16 1 8 13 24 24 30 2 38 256 194 12 96 29
is_linear=0
shrinkage=0.08


Tree=36
num_leaves=31
num_cat=18
split_feature=47 38 44 38 46 40 32 32 45 31 46 39 47 41 47 26 35 40 34 4 31 38 40 34 32 4 26 27 12 12
split_gain=90162.8 2558.73 2512.77 1403.58 974.848 929.407 809.898 755.411 706.507 659.478 549.381 537.952 547.214 517.149 516.564 720.861 524.936 498.214 737.688 484.279 481.134 412.599 410.399 454.8 392.903 392.52 385.807 383.253 340.295 391.794
threshold=0 1 2 3 4 5 -5.2449998855590811 -10.085000038146971 6 1.0000000180025095e-35 7 8 9 10 11 inf 12 13 14 inf inf 15 16 17 -12.934999942779539 1.0000000180025095e-35 1.0000000180025095e-35 5.5000000000000009 3647.1750488281255 7869.0500488281259
decision_type=1 1 9 1 1 1 10 10 9 10 1 9 1 9 1 8 1 1 1 8 8 1 1 1 8 10 8 8 2 2
left_child=4 9 11 -4 20 7 8 21 -6 10 13 -3 22 19 25 -16 -17 18 -15 24 -1 -5 -13 28 -2 -9 -26 -7 -24 -30
right_child=1 2 3 5 6 27 -8 14 -10 -11 -12 12 -14 17 15 16 -18 -19 -20 -21 -22 -23 23 -25 26 -27 -28 -29 29 -31
leaf_value=0.052623923264525453 0.073704613905119662 0.028880783072531946 -0.039836989634793839 0.0037666238659859815 -0.013247137035401996 0.26264744817520058 0.059975274647171908 -0.032563354555373847 0.03770252257852557 0.049601893043565666 0.037309754174136053 -0.036663144312751687 0.011530365868116824 0.099997995646663188 0.15204320963976553 0.0098893615857514883 -0.021489985238187265 0.00019585863719757349 0.0024515401492292968 0.27828755960858881 0.044850663814045941 -0.01538638522416232 0.0095956868678268095 -0.021586504052842521 0.16566797734673747 -0.0117272297579203 -0.014106195305830896 -0.045805292817628122 0.19576364496550633 -0.035287214901969295
leaf_weight=193218.39539823681 333.59450991079211 3857.9855555705726 35414.259489107877 9261.2699878625572 3779.2349203228951 25.84600093960762 2987.0120343901217 40675.409409530461 3216.5466585606337 1531.2375874444842 2010.839040607214 3712.1052009388804 8932.5945983491838 821.47545556724072 163.06095605902374 4027.6273284051567 22244.046249056235 18327.791223801672 1242.9455226063728 36.67250619083643 69217.134262066334 32320.768937090412 3766.6909103989601 4756.6062240935862 76.606241628527641 6746.0684958547354 28416.79024078697 10148.225429777056 134.43782316893339 72.193362899124622
leaf_count=182511 1497 14477 827964 63991 6579 47 2655 577982 3578 3492 3734 32711 35012 1149 310 17674 178087 85702 4181 25 70716 377400 19244 41192 105 77357 177517 86908 547 573
internal_value=0.0181756 -0.0176801 -0.0220861 -0.0257656 0.0496404 -0.0217935 0.0251031 -0.0197464 0.0102136 -0.00213194 -0.00367754 0.00138606 -0.00357657 -0.00535082 -0.024604 -0.015643 -0.0166837 0.00440193 0.0415622 -0.0122384 0.0505737 -0.0111234 -0.0144224 -0.00491764 -0.0126123 -0.0295993 -0.0136229 -0.0449775 0.0150413 0.115038
internal_weight=511475 239057 186259 161027 272418 125612 9982.79 115438 6995.78 52798 51266.7 25232.6 21374.6 49255.9 73856.2 26434.7 26271.7 20392.2 2064.42 28863.7 262436 41582 12442 8729.93 28827 47421.5 28493.4 10174.1 3973.32 206.631
internal_count=2894917 2628878 2351476 2207720 266039 1379756 12812 1292801 10157 277402 273910 143756 129279 270176 851410 196071 195761 91032 5330 179144 253227 441391 94267 61556 179119 655339 177622 86955 20364 1120
cat_boundaries=0 1 2 3 4 5 6 7 8 9 10 11 12 13 14 15 16 17 18
cat_threshold=2 643 1 32 1 6 42 1 1 4 35 4 3 8 56 64 1 28
is_linear=0
shrinkage=0.08


Tree=37
num_leaves=31
num_cat=16
split_feature=47 46 47 35 46 3 2 44 45 44 45 3 31 42 36 26 3 2 31 35 43 1 21 34 36 4 17 20 34 3
split_gain=79028.6 2121.51 1881.32 1371.71 1024.26 1999.83 1146.8 869.017 990.912 795.997 1091.76 787.138 728.106 718.217 632.414 619.499 601.847 580.884 573.56 521.239 823.1 2461.31 1018.75 613.35 610.685 575.062 596.586 490.038 484.22 590.432
threshold=0 1 2 3 4 35.07500076293946 inf 5 6 7 8 18.185000419616703 1.0000000180025095e-35 9 10 1.0000000180025095e-35 18.185000419616703 inf inf 11 12 2.5000000000000004 1.0000000180025095e-35 13 14 1.0000000180025095e-35 51.500000000000007 1.0000000180025095e-35 15 223.84999847412112
decision_type=1 1 1 1 1 10 8 9 9 9 9 10 10 9 9 8 8 8 8 1 9 2 2 1 9 10 2 2 1 8
left_child=4 2 9 12 17 6 -6 -3 -9 16 11 -11 28 19 15 -15 -2 18 -1 20 21 22 -13 -22 -25 -21 -27 -5 29 -4
right_child=1 7 3 27 5 -7 -8 8 -10 10 -12 13 -14 14 -16 -17 -18 -19 -20 25 23 -23 -24 24 -26 26 -28 -29 -30 -31
leaf_value=0.049943184201648033 -0.038701882892776866 0.051424976814434878 0.0013712073538169911 0.016954051503363474 -0.068297625576628149 0.048243129298382793 0.026554456445344037 0.024316051582453375 -0.052808812527382586 0.094657671044108882 -0.044969649396660996 -0.028391639761012707 0.050074900530560171 0.17297624851151283 -0.036485550780312945 -0.010011761072446479 0.0018331118476685743 0.066593128539878033 0.041039948399705706 -0.032523235622712018 0.034585564796009369 0.68827027490432446 0.74352629963812022 0.34082512510249247 -0.033064994916666833 -0.011773717105699719 0.39272106124226802 -0.024513144803625646 -0.012462015265767783 -0.051958771527816396
leaf_weight=178574.30148603395 2914.2872125059366 3747.5999155100435 1905.6846203226596 14832.309223286808 1927.3281389027834 6380.5408825799823 1414.4896977990866 3425.970161665231 1535.8386099003255 364.10655825212598 16308.394312589429 171.48842774890363 1131.8225967884064 118.86648298613727 6662.7318002637476 30597.81234578602 11985.084652708843 10806.665862493217 62522.341815136373 58375.361384182237 1372.1804493330419 43.824977684766054 11.687939757481216 18.347450122237206 3015.629184268415 8895.3597585223615 23.397434454411268 2079.6235398389399 61827.676944900304 4387.8192318156362
leaf_count=175663 24559 10254 13973 66097 4690 6480 1733 6454 12388 1027 292596 3307 2839 444 56314 421811 82402 10390 66565 966879 15892 455 118 84 39157 98918 167 20682 437893 54919
internal_value=0.0171933 -0.0163998 -0.0178862 -0.00857459 0.0474643 0.021985 -0.0281496 0.0223477 0.000386014 -0.0235814 -0.0256494 -0.0227703 -0.0135616 -0.0231635 -0.0141547 -0.00930061 -0.00609545 0.0484477 0.0476344 -0.0278394 -0.00185058 0.143395 0.0208622 -0.00964128 -0.0296917 -0.0296282 -0.0107126 0.0118479 -0.0146209 -0.0357535
internal_weight=497379 235753 227043 86164.9 261626 9722.36 3341.82 8709.41 4961.81 140879 125979 109671 69253 109307 37379.4 30716.7 14899.4 251903 241097 71927.3 4633.16 227.001 183.176 4406.16 3033.98 67294.1 8918.76 16911.9 68121.2 6293.5
internal_count=2895150 2629629 2600533 596403 265521 12903 6423 29096 18842 2004130 1897169 1604573 509624 1603546 478569 422255 106961 252618 242228 1124977 59013 3880 3425 55133 39241 1065964 99085 86779 506785 68892
cat_boundaries=0 1 2 3 4 5 6 7 8 9 10 11 12 13 14 15 16
cat_threshold=2 1 4 8 1 2 14 1 13 42 224 4 32 50 32 64
is_linear=0
shrinkage=0.08


Tree=38
num_leaves=31
num_cat=18
split_feature=47 46 47 1 46 42 37 34 45 31 41 4 4 40 41 31 31 37 34 4 1 18 4 37 21 43 42 36 17 34
split_gain=69638.5 1996.14 1786.66 1121.7 863.588 832.766 764.242 780.015 746.689 686.128 614.526 604.813 773.53 592.103 582.331 489.274 437.751 423.99 853.108 1337.16 589.513 427.336 411.737 411.239 411.072 403.686 460.05 399.751 403.435 519.297
threshold=0 1 2 1.5000000000000002 3 4 5 6 7 1.0000000180025095e-35 8 42.500000000000007 45.500000000000007 9 10 inf 1.0000000180025095e-35 11 12 21.500000000000004 1.0000000180025095e-35 4538.1650390625009 1.5000000000000002 13 1.0000000180025095e-35 14 15 16 5.5000000000000009 17
decision_type=1 1 1 2 1 9 1 1 9 8 9 10 10 1 9 8 10 1 1 10 2 2 10 1 2 9 9 9 2 1
left_child=4 2 5 6 15 14 -4 23 -6 22 11 13 -13 -9 -2 -1 -11 18 19 20 21 -16 -7 -8 -20 -25 -27 28 29 -24
right_child=1 -3 3 -5 8 9 7 10 -10 16 -12 12 -14 -15 17 -17 -18 -19 24 -21 -22 -23 27 25 -26 26 -28 -29 -30 -31
leaf_value=0.048347234881612688 -0.014972648196573533 0.022070543817026621 -0.019868013629998033 0.028025594576152037 -0.0008463729380001196 -0.029783840739430491 0.05668503481943965 -0.0096130135302000489 0.043604219676345334 -0.016796649325936216 0.011098355730163894 0.21516873512152071 0.0038495216985195814 -0.084443914863130645 0.19643365873505711 0.04020205305596293 0.021016740287251354 0.0056854802141095969 0.0033917270736550675 0.92528416724256124 0.017521644555142105 0.6765016492789856 0.02381072188686148 -0.037835327022089728 0.21503736553629391 -0.039132065999627874 0.0046847861620740389 -0.036132645999799214 -0.030780744575450068 -0.025846614613872446
leaf_weight=178245.84345337376 6232.3462325939909 8734.9151076655835 31545.268796112388 5242.7492196131498 4752.1371565647423 82401.249011310749 421.89369981735945 13150.280670937151 4924.5770919397473 31568.191476452164 20949.410000290722 169.50353730842471 320.43955742195249 704.13639887422323 191.28622518107295 64198.154363058507 2089.0275201871991 2411.9463954754174 794.0411065556109 14.350206751376389 150.5941816996783 12.651984978467224 3936.3333631213754 6085.6615542490035 63.423833474516869 2265.6292895227671 4701.9121129103005 3670.4303806703538 2620.4591768812388 2037.7758910348639
leaf_count=182448 129307 29089 237492 9061 7706 1287704 2499 106417 5305 412997 102679 365 1634 4494 1648 70455 10057 22391 10114 35 2047 40 38931 80782 646 18463 32831 29169 34663 23721
internal_value=0.0161335 -0.0154475 -0.0169121 -0.00782671 0.045255 -0.022537 -0.0101671 -0.00388732 0.0218192 -0.0242584 0.00236536 -0.0103877 0.0769587 -0.0134841 -0.000132789 0.0461904 -0.0144497 0.025259 0.0633984 0.163773 0.137569 0.226216 -0.0277483 -0.0202539 0.0188269 -0.0227821 -0.00959876 -0.0140731 -0.00460485 0.00686914
internal_weight=484607 232486 223751 85556.9 252121 138194 80314.1 48768.9 9676.71 128323 35293.8 14344.4 489.943 13854.4 9870.64 242444 33657.2 3638.29 1226.35 368.883 354.532 203.938 94666.2 13475.1 857.465 13053.2 6967.54 12265 8594.57 5974.11
internal_count=2895190 2629276 2600187 596717 265914 2003470 587656 350164 13011 1837242 215589 112910 1999 110911 166228 252903 423054 36921 14530 3770 3735 1688 1414188 134575 10760 132076 51294 126484 97315 62652
cat_boundaries=0 1 2 3 4 5 6 7 8 9 10 11 12 13 14 15 16 17 18
cat_threshold=2 1 4 1 1 20 96 42 34 2 52 11 5 66 35 35 129 22
is_linear=0
shrinkage=0.08


Tree=39
num_leaves=31
num_cat=23
split_feature=47 38 44 38 42 36 46 44 4 43 34 42 4 31 44 41 6 43 21 41 34 42 36 4 34 31 42 34 41 47
split_gain=61098 1894.85 1760.54 1477.33 1015.32 776.731 761.691 727.25 685.966 877.694 667.532 649.752 554.905 551.187 531.46 491.889 474.235 462.308 730.536 505.564 802.282 588.011 458.138 438.369 628.076 429.756 423.309 419.421 415.24 497.685
threshold=0 1 2 3 4 5 6 7 18.500000000000004 8 9 10 1.0000000180025095e-35 1.0000000180025095e-35 11 12 20.050000190734867 13 2.5000000000000004 14 15 16 17 34.500000000000007 18 inf 19 20 21 22
decision_type=1 1 9 1 9 9 1 9 8 9 1 9 8 8 9 9 2 9 2 9 1 9 9 10 1 8 9 1 9 1
left_child=6 8 13 -4 10 -6 25 -8 14 23 -5 15 17 28 -2 -11 -13 18 19 20 -12 -22 -16 24 -10 -1 -26 -25 -3 -30
right_child=1 2 3 4 5 -7 7 -9 9 11 12 16 -14 -15 22 -17 -18 -19 -20 -21 21 -23 -24 27 26 -27 -28 -29 29 -31
leaf_value=0.046192645442495066 0.041372475472839211 0.016299213043538607 -0.03650907461833483 -0.030206357346322266 -0.04720025593624632 -0.021101449302272438 -0.0018281019061097629 0.042383343512961795 0.12962826118606369 0.15122916665253611 0.34331077006660138 -0.018101135593416365 0.0026221386711784834 0.01845940000706419 -0.026878391658322884 0.018406987734960998 0.015794867114823495 -0.020342563093260595 0.56220767389134141 -0.0069705645943944359 0.076517892324639653 -0.043808873634106113 -0.0044949010661334658 0.14753248968595126 -0.057760870863416358 0.038449742338298433 0.06613353658384552 -0.030583473251295377 -0.026874994871704607 0.005387865201509078
leaf_weight=171061.15993678942 1274.7756132856011 3798.6197080034763 32790.929010600783 9154.1655064616352 8580.6045604534447 49317.259642694145 4601.5616966485977 4934.8491179831326 790.43842373788357 172.86274293810129 46.883617725223303 8414.8057871498168 22766.418179221451 8230.4170788209885 8496.9077599197626 8371.7640852890909 3850.4234154857695 21305.437487564981 14.829425929114221 7965.652643321082 724.16841506958008 396.20515799336135 18797.410212524235 91.37293566018343 245.37402689084411 62689.642256088555 572.84669733792543 501.72602552548051 7567.952280877158 5137.2797993086278
leaf_count=182131 2230 28445 828806 136084 77970 564097 7522 5452 1086 386 122 39111 206083 36034 51251 37321 18629 309801 45 75555 5941 4570 122267 362 1431 70788 1559 2765 59605 19450
internal_value=0.0152838 -0.014338 -0.0182539 -0.021455 -0.0173462 -0.0249768 0.0432119 0.0210502 -0.000836435 0.00944291 -0.0102603 0.00434377 -0.00682442 0.00154831 -0.00911645 0.0212677 -0.00745409 -0.0138888 0.00116326 0.000253543 0.0491909 0.0339548 -0.0114745 0.0573571 0.0792925 0.0441161 0.0287304 -0.00117107 -0.00688519 -0.0138188
internal_weight=472665 229378 177797 153063 120272 57897.9 243287 9536.41 51580.7 23011.6 62373.8 20809.9 53219.6 24734.3 28569.1 8544.63 12265.2 30453.2 9147.74 9132.91 1167.26 1120.37 27294.3 2201.76 1608.66 233751 818.221 593.099 16503.9 12705.2
internal_count=2896899 2631006 2352608 2209074 1380268 642067 265893 12974 278398 102650 738201 95447 602117 143534 175748 37707 57740 396034 86233 86188 10633 10511 173518 7203 4076 252919 2990 3127 107500 79055
cat_boundaries=0 1 2 3 4 5 6 7 8 9 10 11 12 13 14 15 16 17 18 19 20 21 22 23
cat_threshold=2 643 1 32 25 105 1 1 5 96 19 1 4 8 4 1 17 90 48 26 64 21 4
is_linear=0
shrinkage=0.08


Tree=40
num_leaves=31
num_cat=18
split_feature=47 44 38 32 37 37 32 46 3 2 2 38 12 3 32 32 3 38 37 36 37 36 40 4 37 3 44 35 34 34
split_gain=55643.4 2009.9 2658.08 1392.21 784.875 765.941 727.166 1000.28 982.23 947.7 926.568 703.252 679.676 674.91 647.087 576.151 505.758 600.967 523.094 519.291 720.313 494.17 476.684 473.127 455.744 594.074 449.287 446.02 437.547 404.624
threshold=0 1 2 -10.085000038146971 3 4 -10.085000038146971 5 121.65500259399415 inf inf 6 1450.0250244140627 inf -10.085000038146971 -10.085000038146971 18.185000419616703 7 8 9 10 11 12 16.500000000000004 13 647.17498779296886 14 15 16 17
decision_type=1 9 1 10 1 1 10 1 10 8 8 1 2 8 8 8 10 1 1 9 1 9 1 8 1 10 9 1 1 1
left_child=6 16 5 13 12 -3 7 10 9 14 -1 -6 22 15 -9 -4 18 -18 -2 24 -21 -17 27 -14 25 -19 -16 -5 -26 -27
right_child=1 2 3 4 11 -7 -8 8 -10 -11 -12 -13 23 -15 26 21 17 19 -20 20 -22 -23 -24 -25 28 29 -28 -29 -30 -31
leaf_value=0.03624745976556356 0.015982162823711205 -0.055377861423557412 0.039254902359281849 -0.01119157873329815 -0.0012848440570975587 -0.027015146649935599 0.045351927071347102 -0.19041773292413885 0.046458645450637541 0.02858764023436796 0.066906456197240186 -0.031351459273031845 0.0026999524966198341 0.090846049977785739 0.018363321717112517 -0.020226704063339988 0.053042509630623957 0.022060649822724345 -0.029669582672190355 0.064716738344079025 -0.075275958178975935 0.00082224338163342729 -0.019290312121189892 0.056494018361122035 0.019464128332436628 0.18502338253559419 -0.061433823227969503 0.022849419017229446 -0.010558524483101487 0.035687957321886045
leaf_weight=87950.561374899 2530.6377605721354 6804.9659103462473 2171.8062899261713 7203.7435270212591 6050.2418479546905 59616.387064920738 135018.17835550383 194.53560201823711 2379.6072871498764 1629.2564780302346 6796.2161208055913 28368.182265257463 4193.506103252992 516.27418041229248 637.5427083671093 8632.4758294951171 2049.7274994626641 5039.2066299207509 4370.2183672674 302.81921919435263 967.83864552527666 41016.74468925409 27777.190655525774 1394.2859357781708 5532.1915485262871 243.16140069812536 1548.1016736477613 3730.7929898276925 7060.6566685810685 246.41768503561616
leaf_count=101646 11464 227151 13945 56592 32780 1158391 147409 753 2457 2012 7376 247042 45365 397 852 59827 3571 20734 26121 753 5333 319726 273435 9485 21333 1275 3708 32211 59830 1475
internal_value=0.0143598 -0.0140329 -0.0168922 -0.0102819 -0.017006 -0.0299288 0.0415099 0.0363806 0.00574241 -0.0184227 0.0384466 -0.0260681 -0.00995702 -0.00017042 -0.0506018 -0.00107718 0.00588909 0.0119517 -0.0129483 0.0075772 -0.0416685 -0.00284143 -0.0137241 0.0161228 0.0110513 0.0301799 -0.0381574 0.000433254 0.00263577 0.114367
internal_weight=461973 225819 197477 131055 78717.9 66421.4 236154 101136 6389.04 4009.44 94746.8 34418.4 44299.5 52337.3 2380.18 51821 28342.9 21442 6900.86 19392.3 1270.66 49649.2 38711.7 5587.79 18121.6 5528.79 2185.64 10934.5 12592.8 489.579
internal_count=2894449 2628236 2476347 1090805 696910 1385542 266213 118804 9782 7325 109022 279822 417088 393895 5313 393498 151889 114304 37585 110733 6086 379553 362238 54850 104647 23484 4560 88803 81163 2750
cat_boundaries=0 1 2 3 4 5 6 7 8 9 10 11 12 13 14 15 16 17 18
cat_threshold=2 1 44 105 80 1 641 642 13 131 3 58 4 96 2 8 15 50
is_linear=0
shrinkage=0.08


Tree=41
num_leaves=31
num_cat=17
split_feature=47 47 37 34 36 1 34 18 34 42 0 42 21 42 3 0 37 43 22 3 40 2 3 45 37 18 35 19 18 36
split_gain=47421.8 1349.19 1098.5 851.95 729.725 711.701 641.879 618.468 618.444 867.068 557.911 725.049 619.237 550.852 525.564 515.135 492.901 645 522.144 1043.19 484.546 478.256 895.732 686.052 466.239 445.514 536.191 442.421 712.302 408.097
threshold=0 1 2 3 4 2.5000000000000004 5 36106.441406250007 6 7 1.5000000000000002 8 1.0000000180025095e-35 9 103.84499740600587 1.5000000000000002 10 11 2.5000000000000004 91.865001678466811 12 inf 1.0000000180025095e-35 13 14 20653.315429687504 15 1.0000000180025095e-35 250.02500152587893 16
decision_type=1 1 1 1 9 2 1 2 1 9 2 9 2 9 10 2 1 9 2 10 1 8 10 9 1 2 1 2 2 9
left_child=21 8 6 -4 5 20 7 -3 -2 25 11 12 -11 -8 -14 -9 -12 -18 -19 -20 -5 22 23 -1 -13 29 -27 28 -16 -10
right_child=1 2 3 4 -6 -7 13 15 9 10 16 24 14 -15 27 -17 17 18 19 -21 -22 -23 -24 -25 -26 26 -28 -29 -30 -31
leaf_value=0.045362043893024666 -0.028242618611213955 -0.050418158532789976 -0.015318057552369778 0.025711011499006915 -0.02622999042847252 0.067241157186483227 0.003211250507778035 -0.095126826721295382 0.018978503151294755 -0.0032209845797360305 -0.016969144627757584 -0.0040157296531808393 -0.094125872778866138 -0.020045816313375139 0.58869466404861759 0.54903619178235863 -0.018605765298557782 -0.052276395736092933 0.59883829644370001 -0.0091115210517893515 0.0039290040450005803 0.055543235386727688 0.039012529759230391 -0.043220886583550291 -0.025821998524914746 0.3213768454687545 -0.021552581184083059 0.086738017110247034 -0.087038887727870815 -0.028572874128112939
leaf_weight=881.17585187777877 27390.586202591658 3737.7853627614677 13109.154368521646 8671.59869710356 3586.4384831115603 1411.6141834259033 9852.3352130921558 13.09028873965144 5719.8582879165187 24552.860430619679 30203.679161993787 8829.1571850515902 96.662684943526983 19257.941017000005 28.506224690005183 20.214980298653245 8561.6415225081146 8199.6453925911337 23.380225658416748 79.440122158266604 26497.805090066046 11036.345776055008 214254.25878243148 1495.6223180405796 21815.34782280121 54.359938606619835 59.084869395010173 484.83659610711038 15.36504130065441 1437.9710204731673
leaf_count=958 605283 46597 135332 37420 16762 1427 66721 178 80114 275792 507876 72335 1123 130045 155 190 97085 110702 54 1051 168616 12976 248804 3300 256923 247 1191 5155 265 11044
internal_value=0.0135943 -0.0125644 -0.00471441 0.00238308 0.00816244 0.0115406 -0.01621 -0.0472347 -0.0174814 -0.0148018 -0.016689 -0.0112813 -0.00121823 -0.0121761 0.0773932 0.295855 -0.0231061 -0.0340671 -0.0499696 0.12913 0.00930815 0.0392983 0.0384707 -0.0103706 -0.0195426 0.0118889 0.1692 0.108752 0.352032 0.00941227
internal_weight=451378 223710 86158 53276.6 40167.5 36581 32881.4 3771.09 137552 110162 102891 55822.7 25178.2 29110.3 625.371 33.3053 47067.8 16864.1 8302.47 102.82 35169.4 227667 216631 2376.8 30644.5 7271.27 113.445 528.708 43.8713 7157.83
internal_count=2895721 2629683 603288 359557 224225 207463 243731 46965 2026395 1421112 1328516 611748 282490 196766 6698 368 716768 208892 111807 1105 206036 266038 253062 4258 329258 92596 1438 5575 420 91158
cat_boundaries=0 1 2 3 4 5 6 7 8 9 10 11 12 13 14 15 16 17
cat_threshold=2 4 20 96 146 80 96 1 24 24 105 11 4 5 70 8 128
is_linear=0
shrinkage=0.08


Tree=42
num_leaves=31
num_cat=12
split_feature=2 34 32 31 4 44 44 34 39 11 27 33 12 15 41 32 4 43 44 16 19 27 35 34 19 4 43 4 41 2
split_gain=566.299 776.004 504.603 448.395 365.397 364.996 553.846 259.364 427.345 246.542 379.899 245.28 226.516 225.095 220.833 206.648 329.819 205.704 552.606 201.973 242.19 190.473 181.599 517.521 490.004 345.166 219.388 307.214 209.642 246.67
threshold=inf 0 -12.934999942779539 1.0000000180025095e-35 1.5000000000000002 1 2 3 4 65.500000000000014 9.2500000000000018 1.5000000000000002 154.25000762939456 1.0000000180025095e-35 5 -12.934999942779539 64.500000000000014 6 7 1.0000000180025095e-35 318.27499389648443 1.0000000180025095e-35 8 9 6773.6999511718759 56.500000000000007 10 4.5000000000000009 11 1.0000000180025095e-35
decision_type=8 1 8 10 8 9 9 1 9 2 10 2 2 2 9 10 8 9 9 2 2 8 1 1 2 10 9 8 9 10
left_child=3 15 -3 4 7 -5 -7 12 13 14 -11 -8 -1 -9 -10 -2 -17 18 -14 20 -16 -22 23 24 -6 28 27 -24 -25 -30
right_child=1 2 -4 5 22 6 11 8 9 10 -12 -13 17 -15 19 16 -18 -19 -20 -21 21 -23 26 25 -26 -27 -28 -29 29 -31
leaf_value=0.018035626802680668 0.059072828276718781 0.063316799958475944 0.0062403287670719995 0.048926514584403544 0.037581511490447958 0.036189798341661167 -0.028045933922145438 0.020732271548928715 0.040330305564295198 0.047738821599550584 0.42378295998704063 0.2309133770817493 0.021531017226191676 0.077351973380930888 0.0071301234311091114 -0.032452610333629561 0.049981195623758475 0.009085491227521449 0.37361117891050027 0.015168414960396328 0.16580682384564935 -0.0016468721376858403 0.050771579181276866 0.027655363767333931 0.39594713508965845 0.22026848010360742 0.012005042201600287 0.017618714369370698 0.014804233706826084 -0.0075896106722900198
leaf_weight=38300.064179244451 4495.3766837771982 1132.1304491441697 7970.5102600343525 3811.8428644593805 7114.5942915715277 2765.712242718786 1491.6460761595517 10699.559791206382 1228.8956466978416 550.38942701276392 17.748201538808644 23.782010793685913 122.55619443766773 469.07865917496383 105503.99741486181 450.91455148346722 998.46345325931907 40443.053346003406 37.187975242733955 15100.509785857052 43.54395442083478 26840.069321202114 2110.7452642628923 7000.89452749677 24.503051431849599 52.541862607002258 118577.59811277408 11730.758282774128 29201.551530390978 3528.4060645718127
leaf_count=260381 6822 1604 20684 10622 29786 4872 10119 70150 2596 3090 118 49 704 3124 769015 3320 1981 358322 50 149282 116 319292 9858 32338 127 156 577657 55988 173773 19985
internal_value=0.012808 0.0280611 0.0133245 0.0122703 0.0119098 0.0309216 0.0148903 0.00986407 0.0080155 0.00688673 0.0594862 -0.023982 0.0136205 0.0231103 0.00668579 0.0505186 0.0243353 0.00945916 0.0973972 0.00640229 0.00540288 -0.00137564 0.01464 0.0189223 0.0387572 0.015354 0.0131202 0.022658 0.0150869 0.0123863
internal_weight=441839 15047.4 9102.64 426791 418698 8092.98 4281.14 239357 160454 149285 568.138 1515.43 78902.9 11168.6 148717 5944.75 1449.38 40602.8 159.744 147488 132388 26883.6 179342 46922.5 7139.1 39783.4 132419 13841.5 39730.9 32730
internal_count=2895981 34411 22288 2861570 2835908 25662 15040 1936240 1316783 1243509 3208 10168 619457 73274 1240301 12123 5301 359076 754 1237705 1088423 319408 899668 256165 29913 226252 643503 65846 226096 193758
cat_boundaries=0 1 2 3 4 5 6 7 8 9 10 11 12
cat_threshold=112 2 1 12 1 16 2 2 6 99 5 21
is_linear=0
shrinkage=0.08


Tree=43
num_leaves=31
num_cat=10
split_feature=47 47 35 32 32 46 3 46 3 46 3 32 32 24 3 4 3 1 18 12 45 32 20 40 43 39 11 4 1 0
split_gain=43015.4 1382.59 1124.91 824.634 738.397 882.475 856.465 629.252 691.056 506.541 460.481 389.023 363.142 357.122 346.658 339.562 323.808 330.153 333.024 405.546 291.885 286.424 294.565 279.801 278.524 289.499 366.627 266.157 334.304 282.413
threshold=0 1 2 -10.085000038146971 -12.934999942779539 3 110.61500167846681 4 1.0000000180025095e-35 5 inf 2.8149999380111699 41.019998550415046 -1.0000000180025095e-35 inf 69.500000000000014 777.97500610351574 1.5000000000000002 2225.5500488281255 515.21502685546886 6 -7.9049999713897696 3.5000000000000004 7 8 9 19.500000000000004 18.500000000000004 3.5000000000000004 1.5000000000000002
decision_type=1 1 1 10 10 1 10 1 10 1 8 10 10 2 8 10 10 2 2 2 9 8 2 1 9 9 2 10 2 2
left_child=4 3 7 9 5 14 -7 8 -3 10 -2 -4 16 20 23 -13 27 -18 -19 -20 -10 -22 -23 -1 25 -21 -27 28 29 -5
right_child=1 2 11 12 -6 6 -8 -9 13 -11 -12 15 -14 -15 -16 -17 17 18 19 24 21 22 -24 -25 -26 26 -28 -29 -30 -31
leaf_value=0.043172606216680967 -0.01250464254704043 0.11643928961711154 0.019406820219384776 -0.021909104226536882 0.040921686963820758 -0.021765488081624561 0.040606876763504295 0.030231911224599554 -0.046122955296179539 0.025081746709651326 0.097350775846133206 -0.011504454956722367 0.013000050570080364 0.084009868619131414 0.064969230989129698 0.32852423537617592 -0.014764199992565672 0.010935102276486133 0.72413403910773411 0.10802761545960043 0.036234101917191903 -0.011363848063268248 -0.078009459341002327 0.030699660496406631 -0.044334599296910249 0.51514756821967089 0.027488807568913171 -0.0046318859949310027 0.010874045582169541 -0.031809622334571734
leaf_weight=13916.538244724274 49978.610008602031 270.52193884551525 13567.684324923903 43080.837679150514 125132.21364308149 3726.1913689747453 2265.7116409763694 2436.1410257518291 1562.3768174648285 2478.2509243190289 245.40056644380093 3706.2440612036735 1755.9210791662335 248.65238748863339 2191.9757621586323 18.891943380236626 581.79565265681595 195.77471653558314 7.884503446519374 72.771355859935284 804.1569428704679 63259.95048024971 427.30913691502064 71192.952275533229 44.046733357943594 31.866135647520423 14.291912933811544 4171.8180089630187 1594.1408486971632 32238.07908789441
leaf_count=16651 706906 168 62752 574609 147913 7074 2573 5059 15987 8733 251 25451 18992 883 2408 49 15246 2670 31 957 4400 483799 4812 89244 931 268 340 43065 20609 631801
internal_value=0.0116779 -0.013055 -0.00512948 -0.0180662 0.0369054 0.0315185 0.00181931 -0.00970105 -0.0111638 -0.0102257 -0.0119679 0.013112 -0.0229978 -0.0116844 0.0335569 -0.00978001 -0.0237684 0.0227052 0.0821635 0.163778 -0.0120447 -0.0112102 -0.011811 0.0327478 0.136669 0.191345 0.364154 -0.024312 -0.0253794 -0.0261467
internal_weight=441219 222793 86301.9 136491 218426 93293.4 5991.9 69009.1 66573 52702.3 50224 17292.8 83789.2 66302.4 87301.5 3725.14 82033.3 948.431 366.635 170.861 66053.8 64491.4 63687.3 85109.5 162.976 118.929 46.158 81084.9 76913.1 75318.9
internal_count=2894632 2628769 603360 2025409 265863 117950 9647 515108 510049 715890 707157 88252 1309519 509881 108303 25500 1290527 20443 5197 2527 508998 493011 488611 105895 2496 1565 608 1270084 1227019 1206410
cat_boundaries=0 1 2 3 4 5 6 7 8 9 10
cat_threshold=2 4 8 1 1 1 2 9 36 1
is_linear=0
shrinkage=0.08


Tree=44
num_leaves=31
num_cat=14
split_feature=38 2 44 30 3 32 45 6 34 39 44 46 31 4 18 3 3 44 42 4 34 4 13 38 3 42 37 4 4 34
split_gain=629.324 589.668 517.62 434.484 547.714 422.451 408.82 378.709 404.699 473.934 362.111 650.57 532.487 344.352 314.711 266.222 259.326 244.424 231.103 270.467 323.548 281.458 271.5 231.093 334.846 230.123 228.833 307.73 332.68 317.687
threshold=0 inf 1 1.0000000180025095e-35 134.12500000000003 -4.444999933242797 2 372.52490234375006 3 4 5 6 1.0000000180025095e-35 11.500000000000002 154.32499694824222 inf 516.06500244140636 7 8 33.500000000000007 9 29.500000000000004 150.02500152587893 10 167.04999542236331 11 12 47.500000000000007 34.500000000000007 13
decision_type=1 8 9 2 10 10 9 2 1 9 9 1 10 8 2 8 10 9 9 8 1 10 2 1 8 9 1 8 10 1
left_child=1 2 16 6 -5 -3 10 8 23 17 11 12 15 -11 -8 26 -1 -10 19 20 21 -15 -21 -2 -25 -9 -4 28 -28 -29
right_child=7 5 3 4 -6 -7 14 25 9 13 -12 -13 -14 18 -16 -17 -18 -19 -20 22 -22 -23 -24 24 -26 -27 27 29 -30 -31
leaf_value=0.014485669240446959 0.013251084553588699 0.049533858972937078 0.010179821999902918 0.54853997853588132 0.07526893053574378 -0.013854962902583987 0.0046721239187791979 0.035353632043471812 0.056795287597929553 0.003787006214083032 -0.02953736266100555 0.051293467988877739 0.060455953629878371 0.07653304585300913 -0.012266524762240142 0.080369767047418425 0.03756500407174352 0.020248420779254591 0.010226216325397353 0.026376356677191772 0.034253242045836622 0.23870741714993954 -0.0097121208922291129 0.033327990788671477 0.015245400527485855 0.018684546898140919 0.0063169252872990389 0.0061943976168269445 0.061778972837338575 -0.012026093590400666
leaf_weight=28834.437476404011 26340.275353476405 3504.4097614185885 70829.799329978414 20.232228925451636 69.100392586551607 832.76673858053982 15699.001553948969 6882.698862195015 1282.4956741072237 54232.864287603647 1675.959853165783 2175.946547921747 1195.9200388118625 185.69844701886177 12697.988836690784 314.89460472390056 3493.3595479317009 13493.168492130935 34324.205489050597 6857.0597559511662 853.18081555515528 108.51227862015367 1656.4754896759987 12553.422275863588 13713.686675269157 23632.018086388707 69234.117420113645 11466.629335628822 699.16432365681976 13125.585222032852
leaf_count=118960 113677 7024 622634 100 1071 5315 135063 27091 1910 240743 17936 5810 4701 537 188217 333 26460 53002 120815 22415 2749 175 6578 35637 46725 99399 777633 86146 5514 120005
internal_value=0.0109226 0.00813706 0.00758994 0.00606614 0.182456 0.0373628 0.005987 0.0142717 0.0127633 0.0100616 0.00746518 0.00783248 0.00726574 0.00805297 -0.00290113 0.00688178 0.0169796 0.0234206 0.0133128 0.0242436 0.0607304 0.131865 0.0193546 0.0185608 0.0238782 0.022462 0.00674183 0.00416417 0.00687141 -0.00353278
internal_weight=431985 235869 231532 199204 89.3326 4337.18 199115 196116 165601 112994 170718 169042 166866 98218 28397 165670 32327.8 14775.7 43985.1 9660.93 1147.39 294.211 8513.54 52607.4 26267.1 30514.7 165355 94525.5 69933.3 24592.2
internal_count=2894375 2122922 2110583 1965163 1171 12339 1963992 771453 644963 448924 1640712 1622776 1616966 394012 323280 1612265 145420 54912 153269 32454 3461 712 28993 196039 82362 126490 1611932 989298 783147 206151
cat_boundaries=0 1 2 3 4 5 6 7 8 9 10 11 12 13 14
cat_threshold=300 1 13 100 1 2 1 1 17 16 80 8 106 74
is_linear=0
shrinkage=0.08


Tree=45
num_leaves=31
num_cat=10
split_feature=47 38 44 36 32 46 2 37 45 37 3 32 33 3 17 27 34 1 17 3 12 12 13 2 45 5 1 12 11 32
split_gain=38642.9 1547.8 1702.76 1523.28 728.263 834.262 805.49 703.32 682.032 668.671 659.465 630.108 593.115 707.127 573.056 556.853 530.433 560.307 605.647 512.982 580.994 709.17 553.344 478.93 476.69 545.141 495.874 1317.74 449.913 426.715
threshold=0 1 2 3 -12.934999942779539 4 inf 5 6 7 110.61500167846681 -5.0350000858306876 1.0000000180025095e-35 381.73500061035162 5.5000000000000009 7.5000000000000009 8 2.5000000000000004 6.5000000000000009 803.40499877929699 3373.4250488281255 3950.525024414063 1431.2750244140627 inf 9 6.5000000000000009 3.5000000000000004 829.27499389648449 41.500000000000007 -12.934999942779539
decision_type=1 1 9 9 10 1 8 1 9 1 10 10 2 10 2 8 1 2 2 8 2 2 2 8 9 2 2 2 2 8
left_child=4 2 7 8 5 6 -1 14 -3 -4 23 -10 -5 -14 -2 -11 19 -18 -19 22 -21 -22 -17 29 25 -20 -26 -28 -9 -7
right_child=1 3 9 12 -6 10 -8 28 11 15 -12 -13 13 -15 -16 16 17 18 24 20 21 -23 -24 -25 26 -27 27 -29 -30 -31
leaf_value=0.028848937668056265 0.039924692623840623 0.019163350870088781 -0.05474297763249316 -0.022922393324518592 0.038371780298763855 -0.15248204110880417 0.060974532436985723 -0.011074428694474172 0.0022671024225738899 0.10870863278758391 0.035807481642587076 -0.01100847167914408 0.098403804548259505 -0.065623728644559162 -0.036709212264601832 -0.015956748157191055 -0.034946240866339351 -0.060412675747796643 0.8644414030916483 0.033114541243031329 0.85955944861300937 0.15075482604544974 -0.059952011266116378 0.017001122083140269 0.0076215146964450087 0.24838652621504842 1.0474716304694243 0.05707322264098709 0.21944877360501688 -0.031623010278858138
leaf_weight=78921.716534331441 3868.8469690605998 7928.9712954647839 5596.4326894916594 40495.70437951386 119678.69433456287 204.46636584401131 5332.5268318280578 10563.513463797048 40334.545211119577 196.40703766234219 2086.4496452100575 52880.929513063282 540.05386466160417 244.29617635160685 744.71403575316072 25881.7057933826 29725.725160921924 178.78370196558535 11.909766148775814 108.2996030151844 13.581491149961947 26.980343453586102 1968.8088176008314 1396.9379878044128 178.85228141769767 40.29749583080411 11.414811879396437 34.840159455314279 54.464413868263364 2184.2532122842968
leaf_count=101505 15461 39381 212603 297856 147750 700 7139 83276 318527 2079 2539 477280 2712 2069 5381 431972 684397 3990 200 1621 80 477 45295 1971 3766 297 182 680 344 4441
internal_value=0.00967374 -0.0136212 -0.0225859 -0.00863348 0.0342816 0.0288502 0.0308822 0.00145041 -0.00334695 -0.0283122 -0.000304846 -0.00526354 -0.0215826 0.0473153 0.027495 -0.0257646 -0.026223 -0.0335849 0.0544008 -0.0182687 0.129838 0.388087 -0.0190669 -0.020208 0.128421 0.326403 0.0651118 0.301484 -0.00988266 -0.0419681
internal_weight=431435 221630 79205.6 142425 209805 90126.4 84254.2 15231.5 101144 63974 5872.11 93215.5 41280.1 784.35 4613.56 58377.6 58181.2 30181.8 456.098 27999.4 148.861 40.5618 27850.5 3785.66 277.315 52.2073 225.107 46.255 10618 2388.72
internal_count=2895971 2629926 1492101 1137825 266045 118295 108644 104462 835188 1387639 9651 795807 302637 4781 20842 1175036 1172957 693512 9115 479445 2178 557 477267 7112 5125 497 4628 862 83620 5141
cat_boundaries=0 1 2 3 4 5 6 7 8 9 10
cat_threshold=2 44 1 129 1 96 8 16 14 32
is_linear=0
shrinkage=0.08


Tree=46
num_leaves=31
num_cat=12
split_feature=47 38 44 38 42 32 2 3 3 44 40 45 3 3 19 34 18 32 34 19 34 2 33 15 17 3 13 11 47 13
split_gain=31208.8 1599.19 1463.63 857.991 942.869 624.507 590.769 567.7 535.069 802.5 523.625 452.181 454.706 455.638 466.886 529.798 643.871 443.864 427.341 479.561 426.663 611.042 477.519 421.858 860.841 420.776 410.963 997.769 397.068 390.945
threshold=0 1 2 3 4 -10.085000038146971 inf 36.894998550415046 1.0000000180025095e-35 5 6 7 551.85000610351574 153.91500091552737 738.02499389648449 8 20653.315429687504 2.1350001096725468 9 588.54998779296886 10 inf 1.0000000180025095e-35 1.5000000000000002 9.5000000000000018 170.34500122070315 3473.6850585937505 4.5000000000000009 11 1825.5849609375002
decision_type=1 1 9 1 9 10 8 10 10 9 1 9 10 10 2 1 2 10 1 2 1 8 2 2 2 10 2 2 1 2
left_child=5 20 -3 18 7 6 8 -5 9 -1 -6 12 13 -9 15 -15 25 -12 -4 -20 28 22 -22 -13 -25 -17 -16 -28 -2 -24
right_child=1 2 3 4 10 -7 -8 11 -10 -11 17 23 -14 14 26 16 -18 -19 19 -21 21 -23 29 24 -26 -27 27 -29 -30 -31
leaf_value=0.045934973270934334 0.00073517157763316576 0.0034118914909277423 -0.041338309811952578 0.13470782067046183 -0.059899017477744572 0.036456660850370713 0.049835670346146797 -0.024226260007180121 0.026729592641338579 -0.050401260406610256 -0.016366706122254892 -0.0088690019991637583 -0.076959903089323364 0.13137931635680658 -0.077867570784739548 0.18139298196500672 0.5485894410656138 -0.036669725560286207 -0.016571169133619185 -0.03930084929464573 -0.0031633615500195923 -0.052439263521824236 0.040418205454267657 0.7292808889638317 0.064601963938522647 0.00050782420148522524 0.76944084743267949 -0.091740459832060028 0.02339345608489166 0.21520970056987232
leaf_weight=915.6241283044219 11337.390736136585 24657.067471636459 10593.271776275709 182.01682149246335 2184.7292125336826 115586.28768466413 7002.8365472666919 569.38574151694775 79462.792987111956 1398.9290974512696 39719.997488558292 50091.421757459641 245.62015096843243 624.74939538538456 231.9569460619241 93.554438911378384 15.165099970996378 8338.06539378874 22251.767219681293 8104.3684076871723 28796.619451913983 1602.7041654773057 483.73982028290629 13.788788141682742 130.42089136131108 684.46451387368143 13.152958411723374 24.930971749126911 8785.5442399680614 98.584516737610102
leaf_count=1050 73583 143307 287011 147 20627 147301 9888 4655 104900 3236 433380 571497 4094 4915 2922 484 74 102913 519044 246205 167436 6659 2032 73 1131 7258 45 292 28247 212
internal_value=0.0100745 -0.0108444 -0.0145983 -0.0176808 -0.0137871 0.0325809 0.0275349 -0.00633199 0.0256252 -0.0122912 -0.0216367 -0.00681996 0.0263052 0.0376578 0.0585325 0.0768936 0.0319194 -0.0198851 -0.0274801 -0.022632 0.00155511 -0.0043357 -0.00171299 -0.00847396 0.128156 0.0222587 -0.0378783 0.205684 0.0106224 0.0700095
internal_weight=424241 219874 168770 144113 103163 204366 88780.2 52920.6 81777.3 2314.55 50242.8 52738.6 2502.98 2257.36 1687.97 1417.93 793.184 48058.1 40949.4 30356.1 51104.6 30981.6 29378.9 50235.6 144.21 778.019 270.041 38.0839 20122.9 582.324
internal_count=2894618 2628243 2350074 2206767 1154507 266375 119074 597587 109186 4286 556920 597440 24739 20645 15990 12731 7816 536293 1052260 765249 278169 176339 169680 572701 1204 7742 3259 337 101830 2244
cat_boundaries=0 1 2 3 4 5 6 7 8 9 10 11 12
cat_threshold=2 643 1 40 25 2 1 8 13 65 116 4
is_linear=0
shrinkage=0.08


Tree=47
num_leaves=31
num_cat=14
split_feature=38 4 1 43 4 38 19 12 27 42 4 1 36 12 4 4 1 34 15 12 42 36 23 42 41 38 43 34 41 18
split_gain=458.149 383.543 325.837 246.342 261.793 236.092 313.451 353.333 271.956 427.607 220.988 214.661 284.37 972.169 276.115 264.132 646.75 277.139 710.792 360.619 263.136 221.94 213.988 212.715 364.113 327.065 378.81 262.696 257.553 287.955
threshold=0 19.500000000000004 2.5000000000000004 1 34.500000000000007 2 1167.0050048828127 23388.625000000004 5.5000000000000009 3 33.500000000000007 2.5000000000000004 4 920.57498168945324 9.5000000000000018 3.5000000000000004 4.5000000000000009 5 1.0000000180025095e-35 2594.224975585938 6 7 3.5000000000000004 8 9 10 11 12 13 3601.3000488281255
decision_type=1 8 2 9 10 1 2 2 8 9 10 2 9 2 8 10 2 1 2 2 9 9 2 9 9 1 9 1 9 2
left_child=1 -1 3 4 10 6 7 8 9 -2 -3 21 13 -13 15 17 -17 18 20 -20 -14 -10 -19 27 25 26 -25 -7 29 -29
right_child=5 2 -4 -5 -6 23 -8 -9 11 -11 -12 12 14 -15 -16 16 -18 22 19 -21 -22 -23 -24 24 -26 -27 -28 28 -30 -31
leaf_value=0.010258365053017969 -0.016945219388968199 0.059044465307972985 0.07169258054325188 0.020349834262677099 -0.014453374229838506 0.0026643138055325618 -0.0051244922082822808 0.045250156904041619 0.0065457111541107268 0.25073402502435949 0.21085757340753727 0.04548494303751751 0.11322514044449231 0.53507707748851485 -0.0061656797512037063 0.065099269656946429 0.50844513654517587 0.013867962549760447 0.77431538260978283 0.22919974502171211 -0.029340354875385923 -0.013111111170453998 0.10000750866102516 0.07284458178993948 0.0069536734469409231 0.010710833208664951 -0.0030658098822410221 0.0078114056518310505 0.01771095748219571 0.039853728462108079
leaf_weight=19900.030428741127 83.707269289530814 1463.7985091544688 964.56400236859918 14687.367820255458 317.24346455186605 14551.968953065574 14482.036560661159 1549.6315384171903 119556.40218268894 64.349073950201273 64.051404878497124 184.56193119473755 200.84330208506435 30.204940618947148 2117.9556988105178 167.01760906167328 24.096962410956621 3616.2927434872836 13.143289188854395 18.987574784085155 135.29429686442018 3784.6749880975112 194.49788171611726 1575.9690418615937 117343.8633569479 2725.4545878171921 580.49574154615402 38310.175985299051 56061.37842306681 1883.1995781138539
leaf_count=77365 877 2542 2458 43653 1178 103779 237260 12063 1227025 188 68 955 2707 138 17905 1352 120 45026 183 62 2316 28217 1840 2090 586188 8468 1439 197621 281125 10104
internal_value=0.00940157 0.0178504 0.0264954 0.0238584 0.0513989 0.00856776 0.00604662 0.0072751 0.00682309 0.115186 0.0654089 0.00669972 0.0206423 0.109254 0.0175138 0.0290298 0.120999 0.0248239 0.0902501 0.452182 0.0583385 0.00594202 0.0182166 0.0101494 0.00784597 0.0292355 0.0524905 0.0126893 0.0142044 0.00931038
internal_weight=416653 37397.1 17497 16532.5 1845.09 379256 146224 131742 130192 148.056 1527.85 130044 6702.9 214.767 6488.13 4370.17 191.115 4179.06 368.268 32.1309 336.138 123341 3810.79 233033 122226 4881.92 2156.46 110807 96254.8 40193.4
internal_count=2896312 127264 49899 47441 3788 2769048 1578234 1340974 1328911 1065 2610 1327846 72604 1093 71511 53606 1472 52134 5268 245 5023 1255242 46866 1190814 598185 11997 3529 592629 488850 207725
cat_boundaries=0 1 2 3 4 5 6 7 8 9 10 11 12 13 14
cat_threshold=640 4 44 41 10 16 8 163 25 16 1 4 96 19
is_linear=0
shrinkage=0.08


Tree=48
num_leaves=31
num_cat=14
split_feature=47 44 3 47 35 32 45 34 40 3 43 34 26 42 32 3 26 1 33 4 40 34 42 1 3 3 18 3 34 3
split_gain=28850.6 1212.84 908.882 854.075 830.292 599.334 566.5 700.88 543.624 608.487 537.114 515.036 482.654 472.138 533.476 518.28 517.948 450.419 446.919 437.638 460.425 459.075 429.362 625.479 1109.47 510.63 577.531 489.203 417.285 393.633
threshold=0 1 inf 2 3 80.260002136230483 4 5 6 146.21500396728518 7 8 4.5000000000000009 9 -12.934999942779539 150.18499755859378 2.5000000000000004 8.5000000000000018 1.0000000180025095e-35 56.500000000000007 10 11 12 2.5000000000000004 203.29499816894534 267.19500732421881 6208.1748046875009 181.80500030517581 13 490.43000793457037
decision_type=1 9 8 1 1 8 9 1 1 10 9 1 10 9 8 10 8 2 2 8 1 1 9 2 10 10 2 10 1 10
left_child=5 -2 3 6 28 -1 13 8 9 12 22 -6 -8 14 15 -3 -15 -10 -13 -18 -21 -22 25 -24 -25 27 -27 -9 -5 -28
right_child=1 2 -4 4 11 -7 7 10 17 -11 -12 18 -14 16 -16 -17 19 -19 -20 20 21 -23 23 24 -26 26 29 -29 -30 -31
leaf_value=0.033985786772197997 0.0034394446009639308 0.14208963315261333 0.08606148579411789 0.020056616225110756 -0.027331369093955338 0.025035990834279043 0.016239469071528869 0.0035931969557079051 -0.025037161624795301 0.24718875582553956 -0.056197926650362266 -0.0091691246324184031 0.49202482177578888 0.13059513878953946 -0.021578107031024977 0.0013313847536077963 -0.015118395572019104 0.2975221789240825 0.054254707415168871 0.052303518034077297 0.01977055184837331 -0.019297017260796908 -0.077263231357734538 0.65292509904813567 -0.054915842808270714 -0.056269632151530961 -0.086757757153054116 0.19053463476810098 -0.011472631105250325 0.43250601426549706
leaf_weight=114515.99862721562 28408.190445367247 242.19632021337748 575.96039588749409 9005.9930755309761 11073.658850368112 82305.473045762628 876.12316559627652 161.2399265319109 4383.1459764307365 85.412994772195816 7456.7704148124903 48630.685378188267 13.861536297947167 168.3359064059332 65182.642329146154 542.21971873939037 27093.734237832017 27.882501736283302 721.6076806569472 1151.0120560079813 3490.7203492373228 4266.8902354668826 572.32906764745712 21.610559087246656 41.170426501892507 359.27574402932078 14.082118546590207 201.61067548766732 3821.3838639725 27.764009756967425
leaf_count=152228 152475 1815 464 48726 123498 113668 8869 3065 59019 464 203339 358237 52 794 1124957 7979 407970 16 3288 3963 27842 44594 8449 30 674 6283 280 2086 28690 210
internal_value=0.00802445 -0.0119791 -0.0142819 -0.0145867 -0.00781954 0.0302432 -0.0188462 -0.0337988 -0.0109859 0.0427859 -0.0476462 -0.0117427 0.0236498 -0.0167562 -0.0207857 0.0447919 -0.0094035 -0.0229462 -0.0082401 -0.0100607 0.00532124 -0.00171482 -0.00199249 -0.0501788 0.188738 0.0381968 -0.0235089 0.107463 0.0106622 0.257763
internal_weight=415439 218618 190209 189633 73253.3 196821 116380 14242.3 5386.43 975.398 8855.85 60426 889.985 102138 65967.1 784.416 36170.7 4411.03 49352.3 36002.4 8908.62 7757.61 1399.08 635.11 62.781 763.972 401.122 362.851 12827.4 41.8461
internal_count=2894024 2628128 2475653 2475189 562439 265896 1912750 292836 68420 9385 224416 485023 8921 1619914 1134751 9794 485163 59035 361525 484369 76399 72436 21077 9153 704 11924 6773 5151 77416 490
cat_boundaries=0 1 2 3 4 5 6 7 8 9 10 11 12 13 14
cat_threshold=2 1 4 3 13 6 4 8 80 42 8 19 26 86
is_linear=0
shrinkage=0.08


Tree=49
num_leaves=31
num_cat=20
split_feature=31 38 40 45 45 38 19 46 34 32 4 37 5 41 6 41 37 38 46 11 2 37 34 41 12 38 46 13 41 34
split_gain=441.252 384.297 445.981 343.174 326.832 1945.89 608.307 763.887 527.092 483.16 453.145 482.486 476.988 337.329 291.797 291.202 414.059 286.091 280.134 265.823 262.141 246.994 245.619 253.367 235.428 224.39 220.737 305.895 219.358 218.033
threshold=1.0000000180025095e-35 0 1 2 3 4 156.02500152587893 5 6 -12.934999942779539 9.5000000000000018 7 12.500000000000002 8 469.77499389648443 9 10 11 12 74.500000000000014 inf 13 14 15 128.0350036621094 16 17 85.00000381469728 18 19
decision_type=10 1 1 9 9 1 2 1 1 8 8 1 2 9 2 9 1 1 1 2 8 1 1 9 2 1 1 2 9 1
left_child=1 2 -1 -2 9 -6 7 13 10 26 -8 -12 -13 -7 15 16 -4 28 -5 21 -9 -19 23 -17 -15 -20 -3 -28 -11 -10
right_child=3 4 14 18 5 6 8 20 29 17 11 12 -14 24 -16 22 -18 19 25 -21 -22 -23 -24 -25 -26 -27 27 -29 -30 -31
leaf_value=0.048019517914803841 -0.039679370848764835 0.039814461007432793 0.016419283002929698 0.041222714815306878 -0.09416101908439975 -0.0011664748238165523 0.00084023070988995473 -0.067900865188987122 -0.038091742978774205 0.014746906215448165 -0.003018808498846053 0.095963283004193461 0.37765611271823807 0.016255667734647015 0.034007759893909001 0.073886574465210353 -0.015330305982077738 0.10610084641723441 0.028871898014852043 0.081263334972273268 0.024364064382352089 0.0047634962816411339 0.013943576407035934 -0.00027333072215398452 -0.0031805428415860666 -0.020830036966404678 -0.069617661256483776 0.04117618322792034 0.0081719899506755497 -0.011309733766883415
leaf_weight=2537.1595353670418 462.587730884552 4229.9864857681096 5034.2073686532676 5209.3374622529373 1308.7187663577497 12984.786012847908 2157.995642863214 1097.7893480714411 2343.7561572045088 45872.351302670315 373.97438983619213 494.04050396941602 41.719957082532346 32132.282209610566 3835.7296690493822 895.92192396894097 5480.0791595987976 144.15634224936366 1373.4989016056061 292.2462691841647 240.20168407261372 132758.54719033465 17480.997090402991 446.88671937212348 4553.8190204072744 994.21588069759309 299.26359293609858 341.45615862868726 111681.71173078194 11442.368841143325
leaf_count=5568 2094 21319 18296 15359 6391 110861 19392 3837 44358 268861 1857 2412 128 166573 12639 1292 24667 371 3222 1572 333 1336613 60905 1653 36036 5768 801 580 585795 136171
internal_value=0.00818803 0.00781553 0.0157362 0.0267447 0.00703951 0.00208824 0.00395798 0.00831231 -0.00921821 0.00819794 0.0207359 0.0681588 0.115739 0.00991909 0.0132534 0.0105445 -0.000127545 0.00777961 0.0308116 0.00504897 -0.0513371 0.00488176 0.0164968 0.0493866 0.0138393 0.00803576 0.0331862 -0.0105728 0.0100871 -0.0158872
internal_weight=408542 400502 35711 8039.64 364791 69171.5 67862.7 51008.9 16853.9 295620 3067.73 909.735 535.76 49670.9 33173.8 29338.1 10514.3 290749 7577.05 133195 1337.99 132903 18823.8 1342.81 36686.1 2367.71 4870.71 640.72 157554 13786.1
internal_count=2895724 2869281 125020 26443 2744261 528349 521958 317640 204318 2215912 23789 4397 2540 313470 119452 106813 42963 2193212 24349 1338556 4170 1336984 63850 2945 202609 8990 22700 1381 854656 180529
cat_boundaries=0 1 2 3 4 5 6 7 8 9 10 11 12 13 14 15 16 17 18 19 20
cat_threshold=640 1 32 13 1 1 5 68 50 38 70 323 1 2 96 16 279 1 52 32
is_linear=0
shrinkage=0.08


Tree=50
num_leaves=31
num_cat=17
split_feature=47 37 44 32 47 0 44 40 3 32 46 3 46 44 3 4 37 3 39 12 3 22 45 42 31 0 36 37 36 45
split_gain=24591.3 1658.46 1013.59 1004.74 856.68 868.867 501.831 484.132 702.705 474.018 497.095 482.065 444.029 578.878 432.388 429.619 456.882 424.528 350.018 341.21 330.96 456.043 325.82 323.109 331.298 317.549 465.425 428.723 534.923 423.147
threshold=0 1 2 4.9349999427795419 3 1.5000000000000002 4 5 24.500000000000004 -62.54999923706054 6 118.41500091552736 7 8 47.620000839233406 19.500000000000004 9 647.17498779296886 10 364.82498168945318 261.34999084472662 3.5000000000000004 11 12 1.0000000180025095e-35 1.5000000000000002 13 14 15 16
decision_type=1 1 9 10 1 2 9 1 10 10 1 10 1 9 8 8 1 8 9 2 8 2 9 9 10 2 9 1 9 9
left_child=9 6 18 4 7 17 14 -4 -9 10 -1 -12 23 -14 -2 -5 -17 -6 -3 -16 21 -8 -7 -10 25 26 29 28 -27 -25
right_child=1 2 3 15 5 22 20 8 12 -11 11 -13 13 -15 19 16 -18 -19 -20 -21 -22 -23 -24 24 -26 27 -28 -29 -30 -31
leaf_value=0.025371571911217573 -0.049035784146577034 0.028130831768447634 -0.054689306406390907 -0.031403548244061677 -0.0065624508095838497 0.024819360872981623 -0.076940161177638522 0.050498210876065625 0.0028989025110824065 0.031766076823320437 -0.016358309116749976 0.034219106047286764 0.042865291771856093 -0.050417232405074994 0.013679870258411534 -0.0345685424845944 0.019469813513243523 0.085235939899569943 0.0019362883480231908 -0.049185122794522966 -0.039690032773966155 0.54198266978205623 -0.01706298992259251 -0.00092682850807214272 0.033545419282076543 0.04233958747850701 -0.044831501564770664 -0.028958998693258808 -0.015639591972522213 -0.016881112225550065
leaf_weight=76226.801015540957 2055.0415914431214 3928.4164788164198 1817.6105284020305 20040.374057083391 52931.624525753781 9001.1512578111142 2766.3439995646477 1099.1848622076213 6179.149663948454 108837.1861855574 3648.2777429632843 1801.680114634335 1779.952840462327 559.6225595716387 2293.0306677818298 1702.9396869782358 2400.7268593506888 324.39151583611965 19324.570601388812 727.99661341123283 4237.0917001385242 7.640310193412005 1365.0532365590334 18184.339227302 852.3677767124027 1104.867515662685 2636.2051980271935 22517.047740706243 11853.475720055401 25660.558305628598
leaf_count=106424 23143 12167 21445 329748 388988 38288 86126 7083 99747 149830 6782 2283 5626 6048 19097 11284 19185 269 87365 10015 174544 58 9985 237364 4838 8950 25098 408351 241923 350637
internal_value=0.00732752 -0.0110635 -0.00936593 -0.0113757 -0.00905125 -0.00187863 -0.0398508 -0.0138933 -0.0130837 0.0283092 0.0237028 0.000361879 -0.0138504 0.0205523 -0.0207264 -0.0265745 -0.00299182 -0.00600329 0.00636166 -0.00146912 -0.0537539 -0.0752355 0.0193116 -0.0147549 -0.0160706 -0.0165886 -0.0122382 -0.0222886 -0.0106673 -0.0102659
internal_weight=407865 217351 205264 182011 157867 63622.2 12087.1 94244.4 92426.8 190514 81676.8 5449.96 91327.6 2339.58 5076.07 24144 4103.67 53256 23253 3021.03 7011.08 2773.98 10366.2 88988 82808.9 81956.5 46481.1 35475.4 12958.3 43844.9
internal_count=2892691 2627372 2314389 2214857 1854640 437530 312983 1417110 1395665 265319 115489 9065 1388582 11674 52255 360217 30469 389257 99532 29112 260728 86184 48273 1376908 1277161 1272323 613099 659224 250873 588001
cat_boundaries=0 1 2 3 4 5 6 7 8 9 10 11 12 13 14 15 16 17
cat_threshold=2 16 1 4 1 1 1 1 2 68 1 13 1 226 40 35 12
is_linear=0
shrinkage=0.08


Tree=51
num_leaves=31
num_cat=18
split_feature=44 3 45 38 41 3 46 34 41 43 38 46 44 32 38 15 37 3 12 36 26 2 3 4 38 3 34 4 37 42
split_gain=344.358 924.693 513.529 1319.67 463.895 454.03 404.346 386.874 366.771 800.465 582.017 385.77 766.042 431.062 326.727 308.944 304.421 453.593 665.364 297.943 292.203 291.965 275.807 275.102 270.752 249.466 269.643 249.391 325.313 247.041
threshold=0 inf 1 2 3 1.0000000180025095e-35 4 5 6 7 8 9 10 -12.934999942779539 11 1.0000000180025095e-35 12 490.43000793457037 414.77499389648443 13 1.0000000180025095e-35 inf 357.05500793457037 inf 14 9.5650000572204608 15 1.5000000000000002 16 17
decision_type=9 8 9 1 9 10 1 1 9 9 1 1 9 8 1 2 1 10 2 9 8 8 10 8 1 10 1 10 1 9
left_child=5 2 8 -4 22 6 -1 -6 9 10 -2 13 -13 -10 16 20 -9 -18 -19 -17 -15 -8 -5 -24 25 26 -7 -22 -29 -11
right_child=1 -3 3 4 7 24 21 14 11 29 -12 12 -14 15 -16 19 17 18 -20 -21 27 -23 23 -25 -26 -27 -28 28 -30 -31
leaf_value=0.072940710455093385 -0.013667648516984071 0.055187442893439034 -0.093261079996076385 -0.0021590254527375265 0.019318416135203 -0.031676511237440544 -0.048356395035865279 0.034118320148717442 0.030567388704859765 -0.028477024853633518 0.06531529268999392 0.036940246424358454 -0.024222494364365427 0.077039800628155936 -0.011059232291351613 0.21445131987010344 0.00038607881488785661 0.97262760908881951 -0.064646440455705334 0.01963783580807155 0.0039251951136237799 0.010418364475693767 -0.020960603304041162 -0.18881509900873172 0.010948107616411041 0.030931623269335826 0.019147552800386207 0.017190324106823252 0.0028549306339240087 0.013494381878667262
leaf_weight=278.11827385425568 742.71031931787729 2419.9748221896589 987.39494013786316 10644.78223494906 9464.8239515880123 889.8723733201623 1631.3501911461353 2467.6842164536938 4444.8643330121413 1394.3806071421131 3075.6956588327885 6134.1761474721134 1666.6440260205418 360.02406878396869 9379.573469992727 40.792762840166688 6822.5014039296657 7.5459942538291207 8.3232108773663622 8004.254104395397 236911.96405212395 809.23988387733698 7139.3347716750577 63.041346645914018 29660.294726753607 10157.954811472446 2588.0111813284457 22339.366723012179 18559.188447429799 2476.9920117929578
leaf_count=344 2564 3106 5308 100380 58370 3240 3780 15700 22469 5662 5236 12897 12077 1371 60817 164 46673 63 184 70868 1927871 1177 138446 489 134178 27303 7543 133349 87103 6967
internal_value=0.00674685 0.00590409 0.00556636 -0.00222112 -0.000246988 0.0132589 -0.0184533 0.0061493 0.00676135 0.0240037 0.0499569 0.00631632 0.0238728 0.00584535 -0.000528019 0.00546142 0.0100869 0.00137776 0.42859 0.0209166 0.00501444 -0.0288681 -0.0103337 -0.0224298 0.0152502 0.0245821 0.00610737 0.0049211 0.01069 -0.00165719
internal_weight=401571 355556 353136 46985 45997.6 46014.8 2718.71 28150.5 306151 7689.78 3818.41 298461 7800.82 290660 18685.6 286216 9306.05 6838.37 15.8692 8045.05 278171 2440.59 17847.2 7202.38 43296.1 13635.8 3477.88 277811 40898.6 3871.37
internal_count=2895699 2718134 2715028 426430 421122 177565 5301 181807 2288598 20429 7800 2268169 24974 2243195 123437 2220726 62620 46920 247 71032 2149694 4957 239315 138935 172264 38086 10783 2148323 220452 12629
cat_boundaries=0 1 2 3 4 5 6 7 8 9 10 11 12 13 14 15 16 17 18
cat_threshold=1 13 1 52 1 69 16 4 322 1 2 570 32 32 714 6 105 56
is_linear=0
shrinkage=0.08


Tree=52
num_leaves=31
num_cat=19
split_feature=47 37 33 36 47 35 38 37 38 32 2 38 45 38 3 45 11 2 4 38 42 4 3 34 37 34 38 2 39 11
split_gain=21484 1129.96 969.552 890.149 862.866 745.011 619.983 587.437 552.14 523.696 518.334 498.072 475.739 473.92 445.323 441.197 554.849 495.267 454.558 480.607 615.135 744.199 442.574 515.663 432.677 497.854 682.343 655.29 426.721 764.485
threshold=0 1 1.0000000180025095e-35 2 3 4 5 6 7 -12.934999942779539 inf 8 9 10 289.82499694824224 11 4.5000000000000009 1.5000000000000002 4.5000000000000009 12 13 9.5000000000000018 777.97500610351574 14 15 16 17 1.5000000000000002 18 9.5000000000000018
decision_type=1 1 2 9 1 1 1 1 1 10 8 1 9 1 10 9 2 8 10 1 9 10 8 1 1 1 1 8 9 2
left_child=9 12 3 7 13 6 -6 11 14 10 -1 -3 -2 -5 -7 16 18 22 -15 20 21 -20 -17 28 25 26 27 -10 29 -24
right_child=1 2 -4 4 5 8 -8 -9 24 -11 -12 -13 -14 15 -16 17 -18 -19 19 -21 -22 -23 23 -25 -26 -27 -28 -29 -30 -31
leaf_value=0.01979298554735575 -0.0083056784629805189 0.056149662719469876 0.031192582042931891 -0.0031853274614344375 -0.052621243319250104 -0.010281631779063168 0.020054207006128148 -0.03753923874687138 0.048730329063310318 0.030180472141557727 0.044261507116849674 -0.089199920384686548 -0.044503722199884604 0.0062500101793003414 -0.040963895131861633 -0.016584329618290445 -0.031966209490992464 -0.038417299145310987 0.6821532579806171 -0.00010208860711323443 0.075083740916540714 0.14140136498517555 -0.038462557054043257 -0.026952007759777546 0.0060335520517068491 -0.017989086487502019 -0.011504123396222327 -0.040897723096445938 0.056464815880522191 0.41735026105004652
leaf_weight=74663.477366037667 3206.4445710508153 769.39388784393668 3724.4854777734727 24194.681030631065 792.50744834542274 10223.944363757968 11979.112670356408 10219.324899919331 2955.0571020767093 105019.40143511817 5984.9670036248863 178.26314774528146 8605.3591217920184 6675.9188806479797 4301.0984740909189 71863.544491188601 2519.5910135339946 6803.1985910320655 33.1251485273242 232.3197131510824 187.57257471606135 32.045491673052311 38.588417870923877 450.19648137781769 24095.496102891862 15207.110869672149 5815.4297663532197 634.09051649272442 455.61311655119061 60.423734810203314
leaf_count=107922 58912 5538 33919 165748 2158 102834 59411 81326 12951 148460 9674 2532 254540 66413 59747 1281589 43157 111461 88 1511 675 175 558 12900 129701 95966 36507 3619 4768 573
internal_value=0.00649584 -0.0106423 -0.00925058 -0.0100015 -0.00870669 -0.00210981 0.0155069 -0.0319435 -0.00566958 0.0264572 0.0216088 0.0281621 -0.0346927 -0.0131232 -0.0193538 -0.015812 0.000321987 -0.0177721 0.011683 0.0864578 0.159708 0.360882 -0.0158471 0.0368787 -0.00158565 -0.00904448 0.00542261 0.0328044 0.0875975 0.239704
internal_weight=401922 216254 204442 200718 189551 76003.8 12771.6 11167 63232.2 185668 80648.4 947.657 11811.8 113547 14525 89352.1 9680.57 79671.6 7160.98 485.063 252.743 65.1706 72868.4 1004.82 48707.2 24611.7 9404.58 3589.15 554.625 99.0122
internal_count=2895333 2629277 2315825 2281906 2192510 502894 61569 89396 441325 266056 117596 8070 313452 1689616 162581 1523868 112019 1411849 68862 2449 938 263 1300388 18799 278744 149043 53077 16570 5899 1131
cat_boundaries=0 1 2 3 4 5 6 7 8 9 10 11 12 13 14 15 16 17 18 19
cat_threshold=2 16 56 4 3 1 1 36 342 10 643 8 76 32 14 12 77 657 2
is_linear=0
shrinkage=0.08


Tree=53
num_leaves=31
num_cat=16
split_feature=47 32 31 46 3 38 2 38 2 42 46 34 6 32 34 44 45 21 44 46 3 12 38 44 45 34 3 19 12 5
split_gain=18567 1102.53 648.541 618.501 1008.29 581.977 554.403 553.591 480.057 479.437 445.523 444.032 425.423 355.757 355.209 377.387 437.029 391.065 340.063 333.345 328.531 303.849 294.085 293.632 329.927 275.236 470.33 1073.11 274.529 350.268
threshold=0 -10.085000038146971 1.0000000180025095e-35 1 57.645000457763679 2 inf 3 2.5000000000000004 4 5 6 91.000030517578139 -1.514999985694885 7 8 9 1.0000000180025095e-35 10 11 339.04499816894537 33465.201171875007 12 13 14 15 43.870000839233406 1996.7750244140627 560.07501220703136 2.5000000000000004
decision_type=1 10 10 1 10 1 8 1 8 9 1 1 2 8 1 9 9 2 9 1 10 2 1 9 9 1 10 2 2 2
left_child=3 7 5 6 13 12 11 9 10 -2 14 -1 22 -5 20 -16 17 -17 -13 25 21 -9 -3 -12 -25 26 27 -7 -19 -30
right_child=1 2 -4 4 -6 19 -8 8 -10 -11 23 18 -14 -15 15 16 -18 28 -20 -21 -22 -23 -24 24 -26 -27 -28 -29 29 -31
leaf_value=0.029104732196131914 0.016091414933959686 0.14751206802234079 0.017467879342551864 -0.10499926802501146 0.029472292220579423 0.0091459053172395985 0.049139713814630247 0.0025386602033050064 -0.037043387095396389 -0.0051056803916271487 0.061686640399060896 0.019243235683605153 0.0027719217778508533 -0.020436737493793183 0.0053498924673822243 -0.015261375324749067 -0.042746812385072559 -0.012441183253145322 0.036473391619658305 0.010547749745495228 -0.016132811392598145 0.28139525320013442 -0.015096890624958519 0.025577255325799776 -0.057558007570957082 -0.01843724701073534 -0.037408900107239469 0.57682683098924492 0.77693971954674446 0.13210823591448001
leaf_weight=79716.471881493926 14752.566343996674 61.575456984341145 3869.0408350257203 353.77812338620424 4077.6884778477252 886.35413825511932 6201.3976152706891 23195.580064352602 3320.8447901532054 12703.388229276985 957.93937407433987 79369.399476232007 15413.26714079082 3184.2587915100157 4386.8724253419787 11679.385916539468 4358.0212265960872 105.72828231845051 8077.0003566257656 2325.0139517970383 7804.9600462252274 25.034848384559155 21824.445359691978 1298.1268739551306 388.793343083933 75011.820589981042 9705.6880781734362 21.836679752916098 5.6075337613001457 139.76041533984244
leaf_count=111229 87564 58 17488 1040 5796 10493 10329 225295 29597 75675 2409 119942 102922 6161 30823 233581 109557 2201 11228 8932 124888 49 142771 2243 3946 1175580 240367 156 112 3095
internal_value=0.00580551 -0.0101314 -0.0147911 0.0246714 0.00235782 -0.0157876 0.0256516 -0.00306326 -0.00751418 0.0062856 -0.00571115 0.0247802 -0.00740699 -0.0288924 -0.00734946 -0.0154693 -0.0210859 -0.0131267 0.0208323 -0.0193387 -0.0019328 0.0028393 -0.0145789 0.0263139 0.00622705 -0.0201525 -0.0322271 0.0227953 0.0856438 0.156982
internal_weight=395222 214242 129119 180980 7615.73 125250 173364 85122.6 57666.7 27456 54345.8 167163 37299.3 3538.04 51701 20675.4 16288.5 11930.5 87446.4 87950.7 31025.6 23220.6 21886 2644.86 1686.92 85625.7 10613.9 908.191 251.096 145.368
internal_count=2895527 2629802 1698767 265725 12997 1681279 252728 931035 767796 163239 738199 242399 245751 7201 729601 379369 348546 238989 131170 1435528 350232 225344 142829 8598 6189 1426596 251016 10649 5408 3207
cat_boundaries=0 1 2 3 4 5 6 7 8 9 10 11 12 13 14 15 16
cat_threshold=2 1 659 706 26 1 28 15 1 5 2 1 1 2 14 64
is_linear=0
shrinkage=0.08


Tree=54
num_leaves=31
num_cat=10
split_feature=1 33 41 34 2 3 3 12 34 45 40 1 45 4 3 4 3 21 18 34 3 3 0 37 34 34 3 1 3 18
split_gain=345.454 349.517 307.113 565.139 307.088 257.667 253.51 622.334 288.69 225.699 221.815 248.051 219.218 369.977 373.261 298.597 253.667 235.606 328.524 712.684 1032.3 288.447 224.991 404.182 330.028 324.765 268.712 473.282 367.181 259.897
threshold=2.5000000000000004 1.0000000180025095e-35 0 1 1.5000000000000002 399.52499389648443 210.71500396728518 2291.400024414063 2 3 4 1.0000000180025095e-35 5 1.5000000000000002 1.0000000180025095e-35 4.5000000000000009 24.500000000000004 1.0000000180025095e-35 120.07500076293947 6 293.97500610351568 125.42499923706056 1.5000000000000002 7 8 9 217.11000061035159 1.0000000180025095e-35 231.43000030517581 114.12500000000001
decision_type=2 2 9 1 8 8 10 2 1 9 1 2 9 8 10 8 8 2 2 1 10 10 2 1 1 1 10 2 10 2
left_child=1 2 3 5 6 -1 7 8 -3 10 11 -8 16 14 -14 22 -4 -16 19 20 -19 -21 23 25 29 26 -15 28 -28 -25
right_child=-2 4 12 -5 -6 -7 9 -9 -10 -11 -12 -13 13 15 17 -17 -18 18 -20 21 -22 -23 -24 24 -26 -27 27 -29 -30 -31
leaf_value=0.048133990502135744 0.01544556980305206 -0.028862004979483928 -0.028981668149480569 -0.00076955622051180566 -0.035488502592694073 -0.023520497797187609 0.17145346635021916 0.20060899772081967 0.065069890034739369 -0.05111098792335305 0.019864690126647922 -0.10726168315037871 0.05153674554416432 0.067122759828758399 -0.0017097452574425984 0.0051136178047151634 0.0069096000125047413 1.0301484882798744 0.013941882974398072 0.36450554252807182 0.14280641627578558 -0.002707758771756468 0.0015732594020341354 0.025269336652102084 0.012934665270770042 -0.046379399180117548 0.47124886604986815 0.0017518121946374242 0.18363101597018858 0.20000395963817608
leaf_weight=3604.4775951653719 21084.648450275883 272.87571690883487 1270.8248012885451 4085.4306570924819 407.83632364775985 352.60205986909568 127.94813796505332 186.12991557642817 860.17345583159477 245.62538608256727 1441.1933940751478 24.320750584825873 870.96867823041975 445.05694270133972 103385.68819931801 90822.173527220264 151862.51730827335 14.658315451815723 3009.8944764961489 15.199165239930151 19.624090456403792 137.89432736672461 1838.6625300487503 102.06794663891196 2583.0952276345342 103.38215730525553 34.434994224458933 78.611549220979214 162.28157075308263 116.84202602505684
leaf_count=8053 167681 2126 5644 12660 3411 1598 484 545 4183 4808 18105 223 1225 2287 958120 511382 1130441 60 34274 47 198 1061 12140 549 11718 762 73 394 778 489
internal_value=0.0054865 0.00491664 0.00467307 0.0201245 0.0298405 0.0416439 0.0382766 0.0650382 0.0427675 0.0190805 0.0300325 0.119114 0.00432417 0.00260489 -0.000622064 0.00620638 0.00661131 -0.00104829 0.0203402 0.123119 0.404284 0.03168 0.0243688 0.0359286 0.0211553 0.0848917 0.104107 0.167673 0.233978 0.113355
internal_weight=389567 368482 364916 8042.51 3566.1 3957.08 3158.27 1319.18 1133.05 1839.09 1593.46 152.269 356874 203741 107454 96286.6 153133 106583 3197.27 187.376 34.2824 153.093 5464.43 3625.77 2802.01 823.767 720.385 275.328 196.717 218.91
internal_count=2895519 2727838 2693953 22311 33885 9651 30474 6854 6309 23620 18812 707 2671642 1535557 994985 540572 1136085 993760 35640 1366 258 1108 29190 17050 12756 4294 3532 1245 851 1038
cat_boundaries=0 1 2 3 4 5 6 7 8 9 10
cat_threshold=16 120 48 13 12 12 64 67 56 38
is_linear=0
shrinkage=0.08


Tree=55
num_leaves=31
num_cat=13
split_feature=47 37 44 44 2 3 40 46 3 2 47 0 42 0 1 4 6 37 3 3 40 3 35 18 19 40 39 1 3 4
split_gain=16199.8 786.95 831.145 698.28 546.977 538.155 480.057 449.639 940.638 509.069 429.266 690.52 473.647 446.106 407.621 385.894 574.715 522.168 432.389 649.875 381.848 380.101 372.827 535.964 380.547 360.302 347.509 477.082 343.196 623.503
threshold=0 1 2 3 2.5000000000000004 inf 4 5 24.500000000000004 inf 6 1.5000000000000002 7 1.5000000000000002 1.0000000180025095e-35 10.500000000000002 854.12500000000011 8 121.65500259399415 131.51499938964847 9 321.43499755859381 10 317.00500488281256 34.014999389648445 11 12 1.5000000000000002 289.82499694824224 13.500000000000002
decision_type=1 1 9 9 8 8 1 1 10 8 1 2 9 2 2 8 2 1 10 8 1 10 1 2 2 1 9 2 10 10
left_child=7 2 6 22 5 10 -2 9 -9 14 12 25 -5 -14 20 -15 17 18 -17 26 -1 28 24 -24 -3 -12 27 -20 -6 -30
right_child=1 3 -4 4 21 -7 -8 8 -10 -11 11 -13 13 15 -16 16 -18 -19 19 -21 -22 -23 23 -25 -26 -27 -28 -29 29 -31
leaf_value=0.031366191531240872 0.013826405625489592 -0.010774689652725669 -0.049637711562342632 0.0062220367428088875 -0.025297384628015535 0.075632079057273871 -0.036719024291232458 -0.030531791609060114 0.026701981204544391 0.046784603680525172 -0.0062309192200861322 0.012959127646968016 -0.0095147095917764712 -0.026303358736612079 0.030039314247269435 -0.019567721576823741 0.034580244528000001 -0.026957651681665619 0.41471356322899228 0.015540495558768739 0.018806869825057637 -0.055228410658252659 0.03243594025627651 -0.012719714303822774 0.017478951613602366 -0.027659935135063589 0.023153966478419403 0.12325264693052271 0.0069615235002651989 0.24718445788759252
leaf_weight=18225.457411007956 3048.192128483206 11045.64979930222 6347.8138395450078 7662.9550076993182 5883.9930104240775 474.89195015653968 1972.6869340986013 3050.5573525801301 4622.7748039104044 5924.5329349022359 49218.933367427438 11738.518347078934 52243.243777589872 27045.485951290466 39026.327834203839 2188.0405693445355 1625.4052473241463 8988.1530507868156 54.463473878800869 2167.0118950009346 105452.77357053943 2619.9175683194771 5441.5465384982526 2435.0448259506375 4215.3218577206135 5585.8420073501766 86.207732655107975 105.69687758199871 579.92026820220053 78.511223666369915
leaf_count=26987 28931 44891 260846 127840 42293 411 23468 6259 6752 10432 386161 60371 700429 623265 54680 34994 18761 116695 376 23413 160404 40577 20226 15542 19085 33155 1110 1121 5079 336
internal_value=0.00495325 -0.00990171 -0.0303734 -0.00874467 -0.0104414 -0.00941041 -0.00607832 0.0228879 0.00394851 0.0237498 -0.0096498 -0.00464962 -0.0129065 -0.0144567 0.022911 -0.0205695 -0.0103773 -0.0157545 0.00617417 0.0295381 0.0206617 -0.0294793 0.00433039 0.0184527 -0.00296864 -0.0084212 0.152659 0.222366 -0.0191681 0.0356057
internal_weight=389156 212853 11368.7 201485 178347 169185 5020.88 176302 7673.33 168629 168710 66543.3 102167 94503.7 162705 42260.5 15215 13589.6 4601.42 2413.38 123678 9162.34 23137.6 7876.59 15261 54804.8 246.368 160.16 6542.42 658.431
internal_count=2894890 2629376 313245 2316131 2216387 2128102 52399 265514 13011 252503 2127691 479687 1648004 1520164 242071 819735 196470 177709 61014 26020 187391 88285 99744 35768 63976 419316 2607 1497 47708 5415
cat_boundaries=0 1 2 3 4 5 6 7 8 9 10 11 12 13
cat_threshold=2 16 1 1 6 1 4 1 104 9 8 6 1
is_linear=0
shrinkage=0.08


Tree=56
num_leaves=31
num_cat=16
split_feature=47 38 44 32 38 40 36 32 2 46 32 3 3 36 32 34 42 38 4 36 16 34 1 36 42 5 32 18 34 3
split_gain=13918.9 906.666 839.823 790.997 721.046 598.542 617.853 461.496 522.807 553.061 503.61 561.693 441.54 521.153 431.603 415.929 438.549 668.257 855.361 519.298 1000.69 445.518 403.451 394.422 634.49 381.747 375.312 367.376 377.485 629.522
threshold=0 1 2 5.1649999618530282 3 4 5 -12.934999942779539 inf 6 -12.934999942779539 18.185000419616703 438.86499023437506 7 -10.085000038146971 8 9 10 3.5000000000000004 11 1.0000000180025095e-35 12 4.5000000000000009 13 14 30.500000000000004 4.7550001144409189 99.049999237060561 15 121.65500259399415
decision_type=1 1 9 10 1 1 9 10 8 1 8 10 10 9 8 1 9 1 10 9 2 1 2 9 9 2 10 2 1 10
left_child=7 22 12 4 15 -6 25 8 9 -1 -11 -12 -3 -14 -8 16 17 26 27 20 -18 -20 23 24 -2 -7 -4 28 29 -19
right_child=1 2 3 -5 5 6 14 -9 -10 10 11 -13 13 -15 -16 -17 19 18 21 -21 -22 -23 -24 -25 -26 -27 -28 -29 -30 -31
leaf_value=0.017020368857781801 0.20927454897195838 -0.0015090537769280744 0.052212824601766974 -0.027195500227015473 -0.048686717292504227 -0.028178477382315669 0.035975132405538519 0.025466252956233448 0.041031243711622693 -0.10217086939818028 -0.037315319819498607 0.026642586823064161 0.037965590910213405 -0.055019131311502822 -0.0042626516757891609 -0.028542585571190274 0.012537831940746612 0.3500778064038641 0.21098928519327798 -0.017958838982138698 0.6081400797558657 -0.071518009050000123 0.1322937135130634 0.0053303627938666226 -0.054562633763240602 0.27913759880339289 0.53485172953304772 -0.039615015319464292 -0.0089938950381345077 0.041290810799516742
leaf_weight=66813.985121265054 143.11399664729834 22956.73327305913 1362.3841618653387 20657.891266102437 2081.4132318720222 7663.4741301126778 1741.7752744164318 97382.607146341354 5448.4083659034222 374.70833356678486 1718.5792964696884 1798.4364555776119 3448.0838887821883 426.43785134702921 83216.468104953878 16718.662675257307 61.807471111416817 47.813053216785192 153.63597993273288 27166.371836001985 25.503256732597947 44.94046516623348 164.92563665658236 19066.92216238752 93.190029121935368 25.956975720822811 10.390279170125721 2098.5920867919922 1744.3456746013835 363.46161537896842
leaf_count=101014 343 119085 25453 379113 18106 64251 11232 147957 9714 1075 3763 2420 26816 2505 759655 474237 808 404 1458 560273 138 785 377 99861 544 159 138 47113 29102 7373
internal_value=0.00502637 -0.00875227 -0.0104199 -0.0125527 -0.0104598 -0.00636048 -0.00540443 0.021818 0.0171528 0.0153128 -0.0140037 -0.00461025 0.00270702 0.0276875 -0.00343731 -0.0182528 -0.0130451 0.00687494 -0.00819488 -0.017304 0.167345 0.154078 0.00769673 0.00663617 0.107236 -0.0271058 0.0554618 -0.0157886 0.00740739 0.0753568
internal_weight=385021 211484 192016 165185 144527 94729.1 92647.7 173537 76154.1 70705.7 3891.72 3517.02 26831.3 3874.52 84958.2 49797.9 33079.2 5825.56 4452.79 27253.7 87.3107 198.576 19468.2 19303.2 236.304 7689.43 1372.77 4254.21 2155.62 411.275
internal_count=2895272 2629329 2528204 2379798 2000685 853403 835297 265943 117986 108272 7258 6183 148406 29321 770887 1147282 673045 111826 86235 561219 946 2243 101125 100748 887 64410 25591 83992 36879 7777
cat_boundaries=0 1 2 3 4 5 6 7 8 9 10 11 12 13 14 15 16
cat_threshold=2 640 1 44 1 57 1 144 30 3 8 32 12 1 41 8
is_linear=0
shrinkage=0.08


Tree=57
num_leaves=31
num_cat=17
split_feature=47 37 38 44 18 45 43 32 36 2 37 38 12 4 1 37 34 16 35 32 43 18 37 5 34 19 4 19 35 43
split_gain=11600 891.845 641.89 679.946 509.494 506.352 522.968 467.84 452.158 626.669 654.654 543.03 521.922 533.138 702.041 445.079 433.089 1084.1 409.272 483.071 426.11 923.441 738.775 423.544 372.154 497.758 407.387 369.641 369.129 689.408
threshold=0 1 2 3 2627.9250488281255 4 5 80.260002136230483 6 2.5000000000000004 7 8 3140.7150878906255 62.500000000000007 1.0000000180025095e-35 9 10 2.5000000000000004 11 2.6250000000000004 12 5543.4799804687509 13 3.5000000000000004 14 1458.5750122070315 67.500000000000014 458.00500488281256 15 16
decision_type=1 1 1 9 2 9 9 8 9 8 1 1 2 10 2 1 1 2 1 10 9 2 1 2 1 2 10 2 1 9
left_child=7 5 4 -4 -3 -2 16 -1 -5 11 -11 12 13 15 -15 -10 -7 -18 19 20 22 27 -14 -24 25 -13 -27 -22 -26 -30
right_child=1 2 3 8 -6 6 -8 -9 9 10 -12 24 18 14 -16 -17 17 -19 -20 -21 21 -23 23 -25 28 26 -28 -29 29 -31
leaf_value=0.023889174783824903 -0.0029452013797689014 -0.00049532366687626503 0.0045742536999813736 -0.030980362019312754 0.039123756985698296 0.026767050542041662 -0.052055896290982145 0.015401373452758603 0.0038609132991847092 0.08274244802800966 -0.046878266338649319 -0.0085271823865510406 -0.042304622732049164 0.064631667607184459 0.66525531990387965 -0.010863722587534321 -0.068017411455533042 1.0339119146046125 0.0023920122599172446 -0.020214618039913781 -0.080888541553618867 -0.032309134370444317 0.37123000659189187 0.1603817993384945 -0.036613924151105856 -0.04125159213038835 0.54131157449611511 0.19686793299870226 0.06183876310816068 -0.024210650344348245
leaf_weight=97799.53194466792 3160.4939203443937 48228.112755268812 19788.084939541295 7092.324154577218 2170.8611464984715 1139.4553177924827 6067.72211349383 72275.382945021614 18440.830557528883 256.89794793631881 4264.4812399996445 33978.985823899508 95.139019899070263 420.23650621436536 12.835235759615896 45665.108850513585 596.63223667256534 5.7692742636427274 1946.4611882325262 362.31068304926157 35.307394318282604 391.36281822621822 86.911323595792055 204.30350743979216 8572.5667409617454 3547.1309740850702 7.6991509031504384 233.17346281930804 748.64501593168825 2769.3869381239638
leaf_count=152368 59062 267490 91074 71701 10605 50207 182817 113602 181452 2804 63182 718330 956 3721 31 469162 21564 61 23666 3822 353 3427 514 1686 168226 107635 103 1398 21447 104689
internal_value=0.00474732 -0.00781676 -0.00659318 -0.00923424 0.00121097 -0.0300151 -0.0409524 0.0202822 -0.011351 -0.0102068 -0.0394341 -0.0090832 -0.00443159 -0.00603147 0.0824328 -0.0066291 -0.00219706 -0.0565258 0.0263318 0.0589793 0.0869689 0.0453894 0.15285 0.215895 -0.0154433 -0.0115039 -0.0399899 0.160341 -0.0276531 -0.00577577
internal_weight=380364 210289 199319 148920 50399 10970.1 7809.58 170075 129132 122040 4521.38 117518 67894 64539 433.072 64105.9 1741.86 602.402 3354.97 1408.51 1046.2 659.844 386.354 291.215 49624.4 37533.8 3554.83 268.481 12090.6 3518.03
internal_count=2897155 2631185 2317474 2039379 278095 313711 254649 265970 1948305 1876604 65986 1810618 690188 654366 3752 650614 71832 21625 35822 12156 8334 5178 3156 2200 1120430 826068 107738 1751 294362 126136
cat_boundaries=0 1 2 3 4 5 6 7 8 9 10 11 12 13 14 15 16 17
cat_threshold=2 16 643 1 10 7 57 66 336 96 56 8 33 34 60 8 4
is_linear=0
shrinkage=0.08


Tree=58
num_leaves=31
num_cat=16
split_feature=47 37 31 44 36 47 0 34 37 6 40 37 19 8 3 3 18 18 36 36 18 34 37 45 22 42 0 4 37 4
split_gain=10765.8 806.516 735.531 581.711 581.045 423.537 583.737 404.99 338.723 406.155 340.377 310.906 316.321 400.079 331.512 308.277 393.347 377.281 355.565 304.222 314.634 300.281 357.154 300.752 308.6 287.892 381.499 431.491 427.814 587.948
threshold=0 1 1.0000000180025095e-35 2 3 4 1.5000000000000002 5 6 3221.7900390625005 7 8 557.02499389648449 1.5000000000000002 599.46499633789074 36.090000152587898 584.45498657226574 1133.8999633789065 9 10 36106.441406250007 11 12 13 2.5000000000000004 14 1.5000000000000002 42.500000000000007 15 48.500000000000007
decision_type=1 1 8 9 9 1 2 1 1 2 1 1 2 2 10 8 2 2 9 9 2 1 1 9 2 9 2 10 1 10
left_child=7 3 4 15 -3 25 8 -1 9 -7 21 -8 13 -13 -15 16 -2 -18 -17 -5 -21 23 -23 -10 -25 -6 -27 -28 29 -29
right_child=1 2 -4 19 5 6 11 -9 10 -11 -12 12 -14 14 -16 18 17 -19 -20 20 -22 22 -24 24 -26 26 27 28 -30 -31
leaf_value=0.012598290299541204 -0.044419632346331499 -0.0232153880804539 0.00052976284490356598 0.015469690166049509 0.0053779965348712969 0.047051310886743088 0.033859074221992497 0.021335840285821674 -0.0022285557055353533 0.36561874320170418 -0.011723636862111239 0.012493859996127031 -0.029579908632876774 -0.011497847263825056 0.38451827586805226 0.013194274083982419 0.30251850007494563 -0.087376471367839326 -0.085981897350098632 -0.054736059412302425 0.11289498713686284 0.005119990133430773 -0.043015341884230167 0.028944321440899225 0.23681309591543387 -0.0083991750738283029 -0.021746479759017296 0.28483438934280331 -0.010755570042941287 -0.0075275973205422486
leaf_weight=47593.391464088112 1655.4122007787228 19310.674326481298 55709.080879044719 461.06685217469931 5549.9934707647189 332.941430862993 3718.4804465398192 119502.39676163532 3242.7419274151325 27.748222079128027 29291.55955776386 3320.5968696512282 1362.4706238731742 22.44658168964088 34.051693845540285 2910.3956248555332 41.429160621017218 25.759721323847771 241.33185124583542 5254.9425272201188 72.650775802321732 2827.4581639021635 1505.0856002084911 3436.4917887113988 46.324757795780897 38840.001180112362 28429.136207979172 101.03419582732022 251.47841632086784 78.015854973345995
leaf_count=80326 21810 158440 544261 13587 98775 2135 18477 185892 18562 84 246167 15333 12016 215 387 27459 414 350 2488 245071 1989 18149 11682 17433 49 536945 611085 520 4304 878
internal_value=0.00372616 -0.00841697 -0.00725814 -0.0298392 -0.0103198 -0.00828307 -0.0025403 0.0188492 -0.00651348 0.0696286 -0.00720959 0.0165835 0.002952 0.0160856 0.227182 -0.00950449 -0.036718 0.153036 0.00536928 -0.0470136 -0.0523519 0.00474735 -0.0116623 0.0153199 0.0316184 -0.012139 -0.0135738 -0.0205427 0.0589471 0.149118
internal_weight=375197 208101 197438 10663 141729 122418 49168.4 167096 40710.4 360.69 40349.7 8458.05 4739.57 3377.1 56.4983 4874.33 1722.6 67.1889 3151.73 5788.66 5327.59 11058.1 4332.54 6725.56 3482.82 73249.7 67699.7 28859.7 430.528 179.05
internal_count=2895283 2629065 2315897 313168 1771636 1613196 360689 266218 314261 2219 312042 46428 27951 15935 602 52521 22574 764 29947 260647 247060 65875 29831 36044 17482 1252507 1153732 616787 5702 1398
cat_boundaries=0 1 2 3 4 5 6 7 8 9 10 11 12 13 14 15 16
cat_threshold=2 16 1 88 4 3 64 4 104 130 64 75 33 1 1 68
is_linear=0
shrinkage=0.08


Tree=59
num_leaves=31
num_cat=16
split_feature=48 31 45 37 38 25 19 2 42 38 45 19 2 41 43 4 22 4 4 34 27 41 35 19 42 45 17 42 22 38
split_gain=340.475 261.386 431.928 267.886 333.885 493.776 424.105 325.693 302.519 301.746 706.641 908.266 1584.14 260.037 268.34 288.051 243.624 248.564 205.717 202.111 293.567 209.013 227.364 306.268 203.693 205.804 199.503 197.996 245.995 296.375
threshold=0 1.0000000180025095e-35 1 2 3 9.2500000000000018 6773.6999511718759 inf 4 5 6 1.0000000180025095e-35 1.0000000180025095e-35 7 8 63.500000000000007 1.0000000180025095e-35 56.500000000000007 59.500000000000007 9 8.5000000000000018 10 11 52.549999237060554 12 13 4.5000000000000009 14 1.0000000180025095e-35 15
decision_type=9 10 9 1 1 10 2 8 9 1 9 2 8 9 9 8 2 10 10 1 10 9 1 2 9 9 2 9 2 1
left_child=1 3 -3 -1 7 8 9 -5 -6 10 11 -7 -13 27 15 19 -16 -18 -2 21 24 -15 23 -23 25 -21 -17 28 -10 -30
right_child=18 2 -4 4 5 6 -8 -9 13 -11 -12 12 -14 14 16 26 17 -19 -20 20 -22 22 -24 -25 -26 -27 -28 -29 29 -31
leaf_value=0.005831097498724359 0.041830119801796663 -0.059651019339185186 0.023024035558701469 -0.0030834042982091983 -0.0028661488612668085 0.94085858492849295 0.41684953005469483 0.033557162885904324 0.0045597813193400186 0.027111032512967911 0.012243749883804105 0.010068115703919392 1.0864992858459477 0.057333919059508284 0.0049150168772076151 0.056831715497549437 0.021497880647086177 0.17664019090511424 0.24562989179364791 0.11303754774817211 0.28006288660165285 0.28909364166076928 -0.021951370362365538 -0.041604427530441912 0.016244752043987759 -0.0023793064160129371 -0.018522302892479595 -0.0025180743029074343 0.08658673508345148 0.016569626528858791
leaf_weight=136729.54700894561 1069.4956876272336 420.48218871559948 6948.2333832411095 88290.548790957313 35458.946508093737 14.639227712526916 21.571107764728367 1580.4078307524323 10967.152874140069 584.28816710785031 112.99868552293628 42.799114951863885 10.998407935723661 276.00364367850125 42379.791813107207 1863.3211753051728 4941.1397663010284 66.989267524331808 32.66703512147069 285.01933663710952 28.292600043118 37.39895310997963 1793.4010397428647 34.418080791831017 4386.0524475257844 157.50155192613602 255.72279443964362 30033.470597825944 516.61127960123122 1520.7019605487585
leaf_count=1035229 9151 2146 24107 1079977 214844 98 96 5976 67236 2887 1133 435 59 498 204794 4303 26515 280 98 882 81 171 14661 238 26709 796 919 157917 4644 7806
internal_value=0.00347257 0.00334023 0.0182566 0.00303693 0.0013436 0.00384694 0.0670191 -0.0024388 0.00347882 0.057164 0.144488 0.333442 0.230135 0.00573872 0.00930708 0.0218728 0.00688542 0.0235731 0.0478705 0.0140719 0.0230716 -0.0064194 -0.0161087 0.114644 0.0216135 0.0728137 0.0477381 0.00105271 0.00929493 0.0348305
internal_weight=370861 369758 7368.72 362390 225660 135789 787.295 89871 135002 765.724 181.435 68.4368 53.7975 99543 56505.1 9117.13 47387.9 5008.13 1102.16 6998.09 4856.87 2141.22 1865.22 71.817 4828.57 442.521 2119.04 43037.9 13004.5 2037.31
internal_count=2894686 2885437 26253 2859184 1823955 738002 4708 1085953 733294 4612 1725 592 494 518450 280847 49258 231589 26795 9249 44036 28468 15568 15070 409 28387 1678 5222 237603 79686 12450
cat_boundaries=0 1 2 3 4 5 6 7 8 9 10 11 12 13 14 15 16
cat_threshold=1 32 106 296 32 4 4 3 4 48 16 4 2 44 9 133
is_linear=0
shrinkage=0.08


Tree=60
num_leaves=31
num_cat=18
split_feature=47 37 2 47 35 41 41 34 18 42 45 43 34 2 35 31 3 33 42 3 37 3 42 4 34 19 34 3 37 18
split_gain=9290.86 711.518 605.48 515.632 729.999 509.886 482.395 710.647 417.648 401.117 452.806 462.676 387.194 411.951 369.86 353.478 348.08 403.336 402.263 386.435 334.49 382.072 413.92 388.799 335.71 328.9 325.699 433.902 480.919 614.194
threshold=0 1 inf 2 3 4 5 6 372.32499694824224 7 8 9 10 inf 11 1.0000000180025095e-35 357.05500793457037 1.0000000180025095e-35 12 449.01499938964849 13 9.5650000572204608 14 7.5000000000000009 15 118.42499923706056 16 307.94500732421881 17 976.14999389648449
decision_type=1 1 8 1 1 9 9 1 2 9 9 9 1 8 1 10 10 2 9 10 1 10 9 10 1 2 1 8 1 2
left_child=12 5 3 16 -5 8 7 -4 9 -2 -11 -12 -1 -14 25 20 17 18 -3 -18 21 -6 24 -24 -23 -8 -20 -28 29 -29
right_child=1 2 6 4 15 -7 14 -9 -10 10 11 -13 13 -15 -16 -17 19 -19 26 -21 -22 22 23 -25 -26 -27 27 28 -30 -31
leaf_value=0.011419901625563889 0.099108863885213352 0.01936146367005518 0.071681464811069212 0.015805921539213157 0.028871052315050209 -0.04468811714342779 0.13474201732719271 -0.045089115874659462 -0.039764371462038046 0.034559257732586751 0.10291523595285144 -0.046048686814667422 0.019059323397076954 0.043151396499375903 -0.065576132205593288 0.0340358734749227 -0.026704737584894306 0.038978443718415447 -0.023964771385735002 -0.0094386654067531925 0.0019974076762501272 -0.026127776510542072 -0.016946882975640745 -0.056531420588208849 0.00014888976684434421 -0.12278609223552016 -0.009144520896823348 0.052759979107761458 -0.0047797257095028656 -0.042083440473964659
leaf_weight=46899.380164472386 277.60016207117587 3428.8258245568722 539.2176127936691 13417.293736288324 1549.8383762687445 5600.7544296965934 113.50852732732892 839.45132472366095 1770.5138646233827 1259.4676113771275 139.71346658840775 1294.9329395955428 112700.01952051558 4733.0823149289936 2446.7571501918137 1473.6084700189531 13761.721635966562 1218.3432243224233 7919.8064451701939 20887.871567653492 23360.451134160161 3752.9093049317598 14662.541399996728 1780.8919660560787 17990.534256387502 44.058705653995275 59747.331289047375 2478.0012433473021 4835.8799968939275 530.55091984197497
leaf_count=80276 9471 32522 738 63993 5153 138115 286 3200 82888 25922 4225 52924 177230 8909 15388 3331 239443 11196 130590 512673 154321 44170 112679 12542 130419 370 728642 32024 72310 9315
internal_value=0.00336948 -0.00790024 -0.0068239 -0.00618642 -0.00116665 -0.028344 -0.0376984 0.000768876 -0.00898746 0.00931884 -0.000299837 -0.0309298 0.0175737 0.0200286 -0.0578429 -0.00469514 -0.00959629 -0.00670017 -0.00740516 -0.0162962 -0.00560043 -0.010065 -0.0116479 -0.0212211 -0.00439638 0.0589887 -0.008622 -0.00682099 0.0108676 0.0359152
internal_weight=371455 207122 196779 192796 77988.1 10343 3982.99 1378.67 4742.23 2971.71 2694.11 1434.65 164332 117433 2604.32 64570.8 114808 80158.7 78940.4 34649.6 63097.2 39736.7 38186.9 16443.4 21743.4 157.567 75511.6 67591.8 7844.43 3008.55
internal_count=2895265 2628850 2315305 2295323 526608 313545 19982 3938 175430 92542 83071 57149 266415 186139 16044 462615 1768715 1016599 1005403 752116 459284 304963 299810 125221 174589 656 972881 842291 113649 41339
cat_boundaries=0 1 2 3 4 5 6 7 8 9 10 11 12 13 14 15 16 17 18
cat_threshold=2 16 4 3 4 16 112 16 40 4 3 4 1 5 26 80 65 98
is_linear=0
shrinkage=0.08


Tree=61
num_leaves=31
num_cat=19
split_feature=47 33 46 37 44 45 46 44 31 44 12 34 37 34 45 43 34 23 1 12 35 37 45 19 22 42 37 1 21 19
split_gain=8042.24 775.955 602.657 509.52 479.458 568.13 425.501 415.208 401.651 392.263 347.149 344.666 326.921 325.698 507.022 253.256 321.591 265.993 330.325 428.364 262.455 300.164 382.787 509.761 483.081 446.463 416.392 284.716 371.553 291.28
threshold=0 1.0000000180025095e-35 1 2 3 4 5 6 1.0000000180025095e-35 7 32.024997711181648 8 9 10 11 12 13 2.5000000000000004 2.5000000000000004 6876.2248535156259 14 15 16 3571.6149902343755 1.0000000180025095e-35 17 18 2.5000000000000004 1.0000000180025095e-35 527.92501831054699
decision_type=1 2 1 1 9 9 1 9 8 9 2 1 1 1 9 9 1 2 2 2 1 1 9 2 2 9 1 2 2 2
left_child=6 2 3 9 -4 -6 7 -1 15 -2 -8 -9 -13 14 -3 16 20 -17 -19 -20 27 22 23 25 -25 -22 -27 -5 -29 -30
right_child=1 13 4 8 5 -7 10 11 -10 -11 -12 12 -14 -15 -16 17 -18 18 19 -21 21 -23 -24 24 -26 26 -28 28 29 -31
leaf_value=0.032237125287096699 -0.03419268981903055 0.083490916944537585 0.035488968362540417 -0.044859450506099165 0.014030626387394508 -0.049206679119504292 -0.015361378410495586 0.019392209172921778 -0.0016563167937248017 -0.0050718038766909114 0.022001775008317351 0.01825525146453091 0.0058006236320125495 0.0037479259110887505 0.0027287116517728093 -0.0068649235596768155 -0.023659531363013048 -0.022260234321410399 0.026756773248195684 0.46491602613409411 -0.029209775148317345 -0.015750779913430428 -0.0050689003205876002 -0.086207888720616258 0.49136379890313209 0.084996780536246416 -0.06108930912760057 -0.0023751285329519697 0.44497045755446635 0.082742540616724758
leaf_weight=11287.452200284228 8543.6268956065178 1193.237218061462 3551.1702013015747 1658.6458277422935 3197.5379606243223 1259.107659034431 4658.6032670084387 88335.182689931244 50280.619814672507 4530.0619003460743 2417.3405574895442 24180.983741682023 30562.274706792086 1888.9434980731457 860.56699663773179 92825.301971066743 16824.731082495302 11940.316488607787 624.383449816145 14.614253798499702 422.52303490787745 2748.8892158577219 1863.201288565062 13.273033236153422 30.715483007952571 993.27866898942739 138.10271006077528 501.70588487293571 21.157776079140604 43.252911713905632
leaf_count=17682 297408 7649 9928 43649 6189 12068 9108 141646 517359 52157 3743 40196 53077 19397 9595 985074 402113 136344 7136 153 7039 56527 28919 330 435 14206 2420 11878 217 759
internal_value=0.003217 -0.00726176 -0.00794772 -0.0088354 0.0135596 -0.00391434 0.0165859 0.0174652 -0.00773191 -0.0240838 -0.00259708 0.0162999 0.0113044 0.0278872 0.0498278 -0.0100704 -0.0172664 -0.00834355 -0.0192613 0.0367777 -0.00450121 0.0039538 0.019604 0.048226 0.317088 0.0409253 0.0667857 -0.0280138 0.020847 0.201728
internal_weight=367411 205969 202026 194018 8007.82 4456.65 161442 154366 180945 13073.7 7075.94 143078 54743.3 3942.75 2053.8 130664 25259.5 105405 12579.3 638.998 8434.75 6209.98 3461.09 1597.89 43.9885 1553.9 1131.38 2224.76 566.117 64.4107
internal_count=2894401 2628949 2592308 2564123 28185 18257 265452 252601 2214558 349565 12851 234919 93273 36641 17244 1697199 568492 1128707 143633 7289 166379 109876 53349 24430 765 23665 16626 56503 12854 976
cat_boundaries=0 1 2 3 4 5 6 7 8 9 10 11 12 13 14 15 16 17 18 19
cat_threshold=2 1 18 2 14 1 1 2 92 22 75 9 35 20 2 44 38 19 36
is_linear=0
shrinkage=0.08


Tree=62
num_leaves=31
num_cat=18
split_feature=47 38 37 4 38 35 2 42 47 38 1 4 47 18 31 41 42 42 47 34 18 19 42 38 12 1 34 43 18 18
split_gain=6260.54 574.738 738.356 594.645 618.833 527.168 502.986 462.66 442.255 791.094 403.427 519.808 581.637 407.56 396.07 390.523 412.554 389.962 383.804 389.309 373.187 779.717 365.271 567.518 578.33 364.609 347.365 345.011 392.327 344.979
threshold=0 1 2 11.500000000000002 3 4 2.5000000000000004 5 6 7 2.5000000000000004 4.5000000000000009 8 939.29998779296886 inf 9 10 11 12 13 16400.375000000004 695.92501831054699 14 15 592.22500610351574 4.5000000000000009 16 17 1180.049987792969 36106.441406250007
decision_type=1 1 1 10 1 1 8 9 1 1 2 8 1 2 8 9 9 9 1 1 2 2 9 1 2 2 1 9 2 2
left_child=14 -2 3 6 -5 22 10 -8 -7 29 15 13 -13 17 -1 -3 -17 -12 -18 -20 25 -22 23 24 -4 -6 27 28 -9 -10
right_child=1 2 5 4 20 8 7 26 9 -11 11 12 -14 -15 -16 16 18 -19 19 -21 21 -23 -24 -25 -26 -27 -28 -29 -30 -31
leaf_value=0.017571892075251498 0.0071181125033320941 -0.0095599099742703451 0.0088993837015923193 0.041228309163082989 -0.0090996160253681534 -0.030193841615032573 -0.055137897741696335 0.075435272278471383 0.02594767663126548 -0.038644714256473346 -0.0036497143349770375 -0.031190432939317968 0.057994601888196877 0.00012663501466355723 0.0086870342914163942 0.01349586288161686 -0.012180518995056663 0.069045090499036649 0.022595433325802827 -0.005193106622922404 0.30855383919101687 -0.094037853071716054 -0.015320630568823353 -0.013321402132817637 0.077625831937488024 0.18027276833740302 -0.03693788891341436 -0.058451196954236603 -0.075499370539649016 0.34435614485334504
leaf_weight=114494.66059313901 19144.797721877694 64069.322257031687 5581.6043314784765 3662.3112584482878 4503.5969215957448 17800.888063540682 2440.380814335309 712.29386308882385 2411.6177109768614 2044.8226876771078 628.33393654506654 2217.1996841374785 593.21764835715294 1580.4892238657922 44626.680148487911 11208.615146407858 17609.026473843493 1963.137598506175 5310.2629272043705 8194.6242929659784 70.840750083327293 54.455620639957488 22476.825908991974 7966.7623958671466 911.60869193356484 66.022856241092086 1022.5165400411934 224.70635783299804 130.39394955057651 21.97568320017308
leaf_count=191363 101168 1162480 43322 27469 49715 315056 36605 5062 13857 13516 10188 26715 518 33115 74840 90897 231780 32348 24904 40174 280 773 229248 115859 6650 253 11900 2323 2658 205
internal_value=0.00317832 -0.00607687 -0.00743882 -0.00398135 0.0166397 -0.014809 -0.00544334 -0.0315828 -0.0245293 -0.00206874 -0.00439884 0.0142292 -0.0123654 0.0321446 0.0150801 -0.00562138 0.000343092 0.0516717 -0.00439793 0.00574652 -0.00262313 0.133582 -0.00894088 0.000979654 0.0185196 -0.00636352 -0.0037956 0.0280014 0.0514695 0.028705
internal_weight=363744 204623 185478 126262 8357.23 59216.1 117905 4530.29 22279.3 4478.42 113374 6982.38 2810.42 4171.96 159121 106392 42322.5 2591.47 31113.9 13504.9 4694.92 125.296 36936.8 14460 6493.21 4569.62 2089.91 1067.39 842.688 2433.59
internal_count=2895241 2629038 2527870 1790157 78490 737713 1711667 58548 342634 27578 1653119 102884 27233 75651 266203 1550235 387755 42536 296858 65078 51021 1053 395079 165831 49972 49968 21943 10043 7720 14062
cat_boundaries=0 1 2 3 4 5 6 7 8 9 10 11 12 13 14 15 16 17 18
cat_threshold=2 640 105 22 8 42 4 114 4 38 19 18 4 76 24 89 50 13
is_linear=0
shrinkage=0.08


Tree=63
num_leaves=31
num_cat=12
split_feature=47 32 46 2 32 44 1 44 36 37 23 16 37 19 37 44 37 11 4 32 19 4 4 19 11 40 32 4 1 46
split_gain=5492.65 550.773 394.495 505.348 413.836 359.099 340.44 324.004 308.895 328.985 390.282 285.916 339.971 362.511 303.822 322.758 419.346 336.516 329.206 334.959 287.604 369.555 408.075 302.678 308.486 301.337 366.022 294.465 270.535 269.755
threshold=0 -5.0350000858306876 1 inf -2.3950001001358028 2 1.0000000180025095e-35 3 4 5 2.5000000000000004 2.5000000000000004 6 6773.6999511718759 7 8 9 81.500000000000014 62.500000000000007 4.3150000572204599 61.675001144409187 17.500000000000004 30.500000000000004 796.92498779296886 12.500000000000002 10 11.765000343322756 22.500000000000004 3.5000000000000004 11
decision_type=1 10 1 8 10 9 2 9 9 1 2 2 1 2 1 9 1 2 10 10 2 8 8 2 2 1 10 10 2 1
left_child=2 -2 3 5 7 -1 -7 -4 9 10 -3 14 13 -13 20 -16 18 -18 19 29 -10 28 23 24 27 26 -24 -23 -22 -17
right_child=1 8 4 -5 -6 6 -8 -9 11 -11 -12 12 -14 -15 15 16 17 -19 -20 -21 21 22 25 -25 -26 -27 -28 -29 -30 -31
leaf_value=0.028626961783606585 -0.00095632725427862515 -0.0023648868530229358 -0.030086282421121102 0.04039352048996267 0.034002933499192201 0.010906969320742421 0.020271002041287449 0.0086662182857014398 -0.010626236276869505 -0.033631397248524257 0.17248232155727278 0.090296525128160332 0.0061123746023573492 0.39409386786279804 0.0025292932389212007 -0.010724125999941896 -0.047486199701555834 0.32836901588133255 0.059083462423417991 -0.024515334246456338 -0.0054736938724973061 0.0070598581343965169 0.014646185156339718 -0.0025436491372005389 0.32996433899071109 -0.039393858799969025 0.13488655238453331 0.15386788662450301 0.070041917465590672 0.033008817808912662
leaf_weight=10379.211393799633 90034.787168086506 368.15602210722864 3300.51874063164 4905.7987745702267 1450.9104297887534 102139.97197915986 32836.556219637394 2373.9680251795799 18827.520733308978 5098.3503164164722 105.0076540261507 160.94202181417495 477.09031088184565 29.791345334611833 8445.7857923619449 40740.022944971919 2651.3920417772606 15.333779129665343 405.78337892889977 12882.323271901812 15393.20430019591 142.56233195587993 5420.2556338254362 187.95439894404262 40.400038305670023 639.72503854800016 167.01926407590508 226.15016204491258 309.72929806355387 923.1296429336071
leaf_count=16817 1121469 3414 6867 10315 2255 173512 52518 4003 195392 48868 684 1557 7749 147 59812 508265 137153 153 3602 218680 252416 1315 51681 1908 146 6173 557 1411 4345 2893
internal_value=0.00304288 -0.00563026 0.0142678 0.01514 -0.00412494 0.0142877 0.013185 -0.0138739 -0.00933276 -0.0276913 0.0356842 -0.00838309 0.0437995 0.130886 -0.0087083 -0.012074 -0.0142167 -0.0451557 -0.0127048 -0.0132411 -0.00332782 0.00277055 0.018314 0.081492 0.1201 0.0122562 0.0182079 0.0971047 -0.0039842 -0.00975514
internal_weight=361079 203692 157387 150262 7125.4 145356 134977 5674.49 113658 5571.51 473.164 108086 667.824 190.733 107418 66063.8 57618 2666.73 54951.3 54545.5 41354.5 22527 6824.07 597.067 409.113 6227 5587.27 368.712 15702.9 41663.2
internal_count=2896077 2629790 266287 253162 13125 242847 226030 10870 1508321 52966 4098 1455355 9453 1704 1445902 930558 870746 137306 733440 729838 515344 319952 63191 4780 2872 58411 52238 2726 256761 511158
cat_boundaries=0 1 2 3 4 5 6 7 8 9 10 11 12
cat_threshold=2 1 1 1 24 1 20 106 1 5 12 1
is_linear=0
shrinkage=0.08


Tree=64
num_leaves=31
num_cat=16
split_feature=47 32 36 32 46 3 3 4 31 3 47 37 36 43 0 36 34 22 12 39 12 32 37 18 10 36 45 37 34 39
split_gain=4902.15 685.695 403.661 360.314 465.913 409.448 348.415 448.409 314.883 306.672 287.742 433.498 419.254 323.368 316.948 281.877 789.803 504.475 350.001 303.26 280.561 273.409 264.984 301.753 254.607 251.143 232.201 228.206 208.411 487.022
threshold=0 -6.1249999999999991 1 -10.085000038146971 2 118.41500091552736 118.41500091552736 7.5000000000000009 1.0000000180025095e-35 1.0000000180025095e-35 3 4 5 6 1.5000000000000002 7 8 1.0000000180025095e-35 3647.1750488281255 9 801.32498168945324 -10.085000038146971 10 91.90000152587892 1.0000000180025095e-35 11 12 13 14 15
decision_type=1 10 9 10 1 10 10 10 10 10 1 1 9 9 2 9 1 2 2 9 2 8 1 2 2 9 9 1 1 9
left_child=3 25 6 4 9 21 7 20 10 -1 15 -12 14 24 22 16 17 18 19 -4 26 -6 23 -13 -14 -2 -3 -11 29 -27
right_child=1 2 8 -5 5 -7 -8 -9 -10 27 11 12 13 -15 -16 -17 -18 -19 -20 -21 -22 -23 -24 -25 -26 28 -28 -29 -30 -31
leaf_value=0.048915638328825929 -0.017539839677247086 0.20831596578832901 0.21640006229553557 0.016576548454072148 -0.094125907290489794 0.019510485353618479 -0.041736382608365923 0.43843533976264537 0.015358335477688488 0.013299725419663063 -0.014915633732882379 -0.053881571859344092 -0.015148573449993053 -0.070457570034222011 0.023193862811069325 -0.013294892285636257 -0.074114045814936094 0.39879239013247036 0.52711789249037222 -0.088919490197553921 0.10483276706679565 -0.021842063572996492 -0.0013539957127747691 0.098573441609656018 0.13414254319052529 0.43709884698575324 -0.018633624319994917 0.0031081853812120154 0.0018798431377455231 -0.013742012652013894
leaf_weight=1314.4287236426026 5149.3580900384113 19.684989982284606 35.538419734686613 85563.485264170915 374.40804963558912 1578.1148084811866 4309.223016243428 15.143443286418913 3359.6442128559574 41827.475062983111 16033.529364308342 109.92790572717786 620.4388531781733 876.55274049937725 4583.9613181427121 63368.088417279534 133.10378310456872 52.666631722822785 10.48719150573015 50.272464918904006 146.1103596733883 3173.3864557724446 20640.249321779236 340.33535801246762 82.87691181153059 15.369510463438928 1107.7537814117968 21212.363418444991 74883.198806656059 6814.1770146870986
leaf_count=2468 43369 74 161 147012 1075 2462 44772 24 14976 70268 143122 838 3564 5421 27153 1147928 1635 264 82 814 862 6270 177336 1920 246 220 9486 36558 854012 152650
internal_value=0.00239289 -0.00579554 -0.00982316 0.0131013 0.00882152 -0.0143906 -0.030767 0.00567445 -0.00875661 0.0106704 -0.00951505 -0.00448303 0.00165926 -0.0382081 0.0041264 -0.0129373 0.0655509 0.187157 0.0908461 0.037528 0.000528607 -0.0294704 -1.59034e-05 0.0600199 0.00240925 -0.000421696 -0.0129887 0.00987296 0.000659118 -0.0127088
internal_weight=357801 202758 115896 155044 69480.2 5125.91 5597.92 1288.69 110298 64354.3 106938 43287.9 27254.3 1579.87 25674.5 63650.2 282.068 148.965 96.2981 85.8109 1273.55 3547.79 21090.5 450.263 703.316 86862.1 1127.44 63039.8 81712.7 6829.55
internal_count=2897042 2630929 1580678 266113 119101 9807 55218 10446 1525460 109294 1510484 359600 216478 9231 207247 1150884 2956 1321 1057 975 10422 7345 180094 2758 3810 1050251 9560 106826 1006882 152870
cat_boundaries=0 1 2 3 4 5 6 7 8 9 10 11 12 13 14 15 16
cat_threshold=2 24 1 4 20 130 40 32 88 1 66 57 2 54 64 1
is_linear=0
shrinkage=0.08


Tree=65
num_leaves=31
num_cat=15
split_feature=47 33 32 38 42 35 43 34 17 15 35 42 2 2 32 46 45 38 17 13 25 34 43 35 27 11 32 22 34 23
split_gain=4056.48 600.567 497.05 491.524 492.239 635.305 384.958 441.382 517.961 460.487 373.181 365.709 337.791 336.274 331.222 508.509 341.233 321.829 577.464 628.152 320.023 304.076 739.865 549.682 497.386 341.841 300.937 297.761 292.327 280.408
threshold=0 1.0000000180025095e-35 -10.085000038146971 1 2 3 4 5 11.500000000000002 1.0000000180025095e-35 6 7 1.5000000000000002 inf -1.7949999570846555 8 9 10 5.5000000000000009 1374.8900146484377 1.0000000180025095e-35 11 12 13 9.2500000000000018 51.500000000000007 -12.934999942779539 1.0000000180025095e-35 14 4.5000000000000009
decision_type=1 2 10 1 9 1 9 1 2 2 1 9 8 8 10 1 9 1 2 2 8 1 9 1 10 2 8 2 1 2
left_child=10 2 -2 11 5 6 -5 8 27 -9 -1 21 -3 14 15 -12 -17 18 19 28 -6 22 23 29 25 -25 -18 -8 -7 -4
right_child=1 12 3 4 20 17 7 9 -10 -11 13 -13 -14 -15 -16 16 26 -19 -20 -21 -22 -23 -24 24 -26 -27 -28 -29 -30 -31
leaf_value=0.019349352488475677 -0.00091598791714831297 0.034271150713745466 0.12947534406028419 -0.0074541009697156367 0.14287710372495277 0.16524595460624031 0.11903252500512319 0.037291470045980872 0.74670030829811407 0.38999525800665552 0.0069151927292561881 -0.018732662028662285 -0.042108701743926842 0.029961615680279927 0.014168522627720097 -0.087247292764404918 -0.098711796383639069 0.0039608645168199156 -0.028734316381763707 0.81478194330752574 -0.0050375552187188113 -0.0022205414277741563 -0.024452172361648952 0.0003779782800096575 0.42280534986837337 0.4208061347395598 -0.005598070383784428 0.55783909167938828 -0.070251461918359556 0.56481934260085087
leaf_weight=35321.564570572227 80430.61835752381 3452.3891601525247 251.43302214890718 90.261200544890016 93.829022915102541 211.75159024726599 29.518808227963746 118.52770163770765 21.212064721621573 29.608640206977725 62227.330992139876 36718.758031888399 415.12862958572805 5147.2144581861794 47022.778466049582 488.68426892533898 246.13708378002048 2289.5175228044391 184.12625701818615 8.9586113542318326 40766.96401027916 24255.023838345427 11016.524640812073 1036.6533485725522 18.59439561329782 12.526721855625508 2278.5285892859101 14.888787805102764 38.270094313658774 9.8395783677697164
leaf_count=58142 920626 32785 3257 932 181 2275 279 1024 208 85 107129 541147 3803 10956 82751 1472 694 13643 3930 71 377565 436118 275249 13511 108 51 4064 54 809 139
internal_value=0.00230465 -0.00514822 -0.00575915 -0.00908238 -0.00238484 0.0286372 0.136547 0.19497 0.365755 0.100972 0.012138 -0.0130902 0.0260727 0.00996601 0.00905011 0.00536097 -0.0267346 0.0161776 0.0778207 0.156583 -0.00469675 -0.00742591 -0.0176427 0.0385624 0.012549 0.00539769 -0.0146181 0.266154 0.132998 0.140493
internal_weight=354247 201515 197647 117217 43897.4 3036.64 304.017 213.756 65.6197 148.136 152732 73319.4 3867.52 117411 112263 65240.7 3013.35 2732.62 443.107 258.98 40860.8 36600.6 12345.6 1329.05 1067.77 1049.18 2524.67 44.4076 250.022 261.273
internal_count=2893058 2627850 2591262 1670636 401056 23310 2582 1650 541 1109 265208 1269580 36588 207066 196110 113359 6230 20728 7085 3155 377746 728433 292315 17066 13670 13562 4758 333 3084 3396
cat_boundaries=0 1 2 3 4 5 6 7 8 9 10 11 12 13 14 15
cat_threshold=2 356 1 1 40 16 6 24 1 34 8 72 10 5 28
is_linear=0
shrinkage=0.08


Tree=66
num_leaves=31
num_cat=13
split_feature=47 38 44 38 40 3 36 32 17 1 45 36 39 35 22 12 3 3 18 43 2 3 3 3 5 43 3 43 27 25
split_gain=3597.43 638.317 508.018 487.032 568.732 544.424 373.686 369.03 368.273 445.396 414.44 476.981 727.172 456.554 534.641 718.309 464.526 840.127 427.384 383.808 366.155 356.681 354.695 526.548 458.907 341.947 309.132 304.904 315.562 443.43
threshold=0 1 2 3 4 18.979999542236332 5 4.9349999427795419 22.500000000000004 2.5000000000000004 6 7 8 9 2.5000000000000004 3950.525024414063 217.11000061035159 181.80500030517581 25269.149414062504 10 1.5000000000000002 476.66000366210943 121.65500259399415 179.1549987792969 7.5000000000000009 11 438.86499023437506 12 7.5000000000000009 5.5000000000000009
decision_type=1 1 9 1 1 10 9 10 2 2 9 9 9 1 2 2 10 10 2 9 8 10 10 10 2 9 10 9 8 10
left_child=-1 -2 6 8 -5 -6 25 -7 9 10 11 12 21 -13 18 16 17 -16 27 -14 -12 -4 -11 24 -24 -3 -20 -15 29 -29
right_child=1 2 3 4 5 7 -8 -9 -10 22 20 13 19 14 15 -17 -18 -19 26 -21 -22 -23 23 -25 -26 -27 -28 28 -30 -31
leaf_value=0.011301652917212831 0.0028820778829797829 0.15681683091997944 0.12754900969263752 -0.054434805153342918 0.11633751177721799 -0.003459022967971253 -0.042521959446110077 -0.019257057431310665 -0.049920873473819002 -0.048981268733128511 -0.020582213801127139 -0.040407782747412108 0.13981278089140761 -0.022903877360295932 -0.088681296858143452 0.8515169294469811 -0.08314638996448101 1.1416434717631567 0.030710862681387289 -0.045715062367536766 -0.061121691136171531 0.82678739288721204 0.12324680063337702 0.02185157289162656 0.53481662643573691 0.0046736092134766379 0.35450686152540789 -0.085310428930658322 0.0047792809210076221 0.67870606932945887
leaf_weight=151407.4403664358 49360.47964749299 84.963296107947826 7.4924546293914345 1518.3295605387539 235.28071953356266 72276.717294603121 1085.6620709020644 10888.799542178866 2013.5744903725572 409.0984006030485 23629.923316942994 2283.9798031058162 157.19156159088016 3551.5936829396524 7.7151279281824809 10.327127133496104 27.863296344410628 6.5829296642914414 39.043321202509105 121.09159834589809 1517.467085453216 12.388776279985903 109.77140226401389 1831.4855016102083 20.591171569190919 22719.540106581524 36.52240300597623 9.0202885763719696 7299.1550646792166 10.546005163341759
leaf_count=265767 278181 256 117 17680 299 868061 5827 160030 75762 8023 634902 68789 1442 94176 140 129 1048 77 564 2140 37930 187 1147 47473 146 137770 973 224 186183 149
internal_value=0.00198588 -0.00502159 -0.00758924 -0.00958808 -0.00606995 -0.00518304 0.00311974 -0.00552745 -0.0165126 -0.0148798 -0.0169404 -0.00566279 0.0927466 -0.00794002 -0.001167 0.253544 0.107075 0.477769 -0.00238948 0.0624639 -0.0230193 0.563272 0.0187791 0.0329089 0.188256 0.00530894 0.187208 -0.00370748 0.00563165 0.326486
internal_weight=352690 201282 151922 128032 84919.1 83400.8 23890.2 83165.5 43112.4 41098.9 38727.9 13580.5 298.164 13282.3 10998.4 52.4885 42.1614 14.2981 10945.9 278.283 25147.4 19.8812 2370.95 1961.85 130.363 22804.5 75.5657 10870.3 7318.72 19.5663
internal_count=2895592 2629825 2351644 2207791 1046070 1028390 143853 1028091 1161721 1085959 1029170 356338 3886 352452 283663 1394 1265 217 282269 3582 672832 304 56789 48766 1293 138026 1537 280732 186556 373
cat_boundaries=0 1 2 3 4 5 6 7 8 9 10 11 12 13
cat_threshold=2 643 1 36 1 147 4 34 2 2 12 2 40
is_linear=0
shrinkage=0.08


Tree=67
num_leaves=31
num_cat=17
split_feature=31 3 44 44 41 4 37 3 12 27 26 37 38 44 3 40 34 38 38 4 39 7 34 18 43 38 43 16 36 3
split_gain=279.246 281.556 248.049 389.884 224.154 1685.52 1044.78 502.508 328.588 267.844 257.739 248.046 246.759 486.15 296.416 265.394 477.626 346.087 245.309 286.925 677.558 326.043 257.567 416.413 417.043 317.235 297.131 229.747 313.52 285.31
threshold=1.0000000180025095e-35 35.07500076293946 0 1 2 inf 3 237.9049987792969 160.00000762939456 7.5000000000000009 7.5000000000000009 4 5 6 43.870000839233406 7 8 9 10 34.500000000000007 11 580.02499389648449 12 16400.375000000004 13 14 15 1.0000000180025095e-35 16 317.52499389648443
decision_type=10 8 9 9 9 8 1 10 2 8 10 1 1 9 10 1 1 1 1 10 9 2 1 2 9 1 9 2 9 10
left_child=4 -2 -3 -4 5 9 -7 -8 -9 10 -1 12 13 -6 -15 16 -14 -18 19 -13 21 -21 25 -24 -25 26 -20 -11 29 -29
right_child=1 2 3 -5 11 6 7 8 -10 27 -12 18 15 14 -16 -17 17 -19 22 20 -22 -23 23 24 -26 -27 -28 28 -30 -31
leaf_value=0.05294218373196076 -0.06535914839372492 0.03648282056698738 0.025430964917897037 -0.029125293161715398 0.042895525824271086 0.10770514074163182 -0.18719790617736554 -0.26961505106034994 -0.59198704738728913 -0.0021199528820774359 0.338149342022316 -0.0027622437235626444 -0.051997548722541344 0.040792464963763354 0.0044324226256104672 0.0066914708516810353 -0.054309014393872181 0.010356330845710401 0.051747317965383066 0.14279703905472704 0.025546826547253789 0.5523355655794181 0.00034462252997337524 0.20467651075288509 -0.034006006751546074 0.0050109668959593436 0.015334267431539719 -0.0039558614555264262 0.0066948951603970613 0.25137504157070811
leaf_weight=298.86223842762411 254.35313509590924 3237.1322220433503 2364.7813683208078 1298.7968179220334 3350.0381603688002 48.510859422385693 83.686880391091108 33.596925492398441 50.882458307314664 124870.43832470383 21.754745802842081 64751.985692402814 1413.6465187296271 1632.8957699108869 11836.333131762221 36251.053747257218 605.6178787574172 3785.3668282628059 1882.3283353615552 25.589536055922508 333.18440980231389 24.213622242212296 47567.791186403483 115.56537598744035 76.741031156852841 19230.613395730034 6065.5708956383169 47.913696675561368 17675.619876998477 67.419470366090536
leaf_count=2017 1042 10820 4405 10193 10613 124 470 246 640 1191823 182 749425 6964 9270 129285 223664 2403 15323 4218 264 2256 67 217004 260 330 93539 20826 176 184872 282
internal_value=0.00165887 0.0173005 0.0203473 0.0060899 0.00133177 -0.0010818 -0.224039 -0.307836 -0.463782 -0.000744005 0.0722943 0.00306891 0.00742569 0.0156142 0.00884041 0.00414794 -0.0117211 0.00133435 0.00123729 -0.00235353 0.0666861 0.341909 0.00435825 0.000819414 0.118304 0.0105744 0.0240123 -0.000908151 0.0075972 0.133708
internal_weight=349302 7155.06 6900.71 3663.58 342147 143199 216.677 168.166 84.4794 142982 320.617 198949 58875 16819.3 13469.2 42055.7 5804.63 4390.98 140074 65135 382.988 49.8032 74938.6 47760.1 192.306 27178.5 7947.9 142661 17791 115.333
internal_count=2893003 26460 25418 14598 2866543 1380832 1480 1356 886 1379352 2199 1485711 397522 149168 138555 248354 24690 17726 1088189 752012 2587 331 336177 217594 590 118583 25044 1377153 185330 458
cat_boundaries=0 1 2 3 4 5 6 7 8 9 10 11 12 13 14 15 16 17
cat_threshold=2 1 34 6 98 680 1 1 6 17 300 2 116 8 641 4 32
is_linear=0
shrinkage=0.08


Tree=68
num_leaves=31
num_cat=18
split_feature=47 47 24 36 39 38 38 18 36 38 36 43 41 12 4 4 12 36 38 45 13 11 5 0 40 13 22 45 41 43
split_gain=3131.53 452.655 596.731 507.831 412.344 723.323 422.13 423.844 383.621 351.994 608.306 810.061 521.485 566.314 805.412 585.973 485.431 456.164 385.742 369.993 558.297 489.296 401.658 304.108 599.435 432.168 468.638 367.851 332.799 344.274
threshold=0 1 -1.0000000180025095e-35 2 3 4 5 1052.9000244140627 6 7 8 9 10 394.51998901367193 27.500000000000004 35.500000000000007 1077.049987792969 11 12 13 3473.6850585937505 8.5000000000000018 24.500000000000004 1.5000000000000002 14 8105.9750976562509 1.5000000000000002 15 16 17
decision_type=1 1 2 9 9 1 1 2 9 1 9 9 9 2 10 10 2 9 1 9 2 2 2 2 1 2 2 9 9 9
left_child=-1 9 3 -3 5 -5 7 8 -6 10 11 18 13 -12 19 -16 17 -11 -2 20 -15 -22 -23 24 27 -26 -27 -14 29 -25
right_child=1 2 -4 4 6 -7 -8 -9 -10 16 12 -13 23 14 15 -17 -18 -19 -20 -21 21 22 -24 28 25 26 -28 -29 -30 -31
leaf_value=0.010716166420915552 0.33137383428224143 -0.016988182384321475 0.094118177100634262 -0.039562717376686568 0.10392880892328504 0.036312339456251813 -0.0019635871104966523 0.097005306987636944 0.0096150197964119406 -0.0049937183904578851 0.017032465860663395 0.00040883765744998031 0.17508723416125641 0.016626867496776963 0.63981685326526005 -0.084629570109806901 0.0098095050610665438 -0.022344922055481175 -0.065377205384558726 -0.036217482449823771 0.89300303550452331 -0.0861383153473054 0.51512838257229143 0.0085440761930853232 -0.017119336657633738 0.0307197276962888 0.75705412676428907 -0.07777429365207604 -0.045522927071032927 -0.035021044609031833
leaf_weight=149781.58383064345 91.228647790849209 10343.616198084317 429.30361549416557 968.98480466008186 280.40586165338755 4549.4063956551254 57978.347402878571 423.27349998801947 5749.3370524719357 66807.704338934273 5088.0370383751579 233.07127878814936 160.00821248069406 246.29076236672699 19.965439407154921 11.128721875138579 11931.89135234151 11338.450038975105 21.602324951440096 3177.8193973070011 8.2569038807414454 15.270576437935235 13.306525916326789 1976.7547898874618 9596.7888864548877 13.990094223059716 9.5770199596881849 44.484109818004072 5911.7535860589705 2800.6736022178084
leaf_count=265372 732 63254 1617 2196 841 7386 503808 1016 23025 826925 153243 4879 1989 8832 180 255 159952 116075 321 146578 186 627 106 102891 226033 366 107 581 160771 115037
internal_value=0.00196699 -0.00457746 5.07893e-05 -0.00045216 0.0019952 0.0229834 0.00019792 0.0195911 0.0141893 -0.00770338 -0.0152968 0.0887261 -0.0165636 5.48322e-06 -0.0248035 0.380535 -0.00521937 -0.00751475 0.256275 -0.0284452 0.058022 0.350563 0.193833 -0.0234903 -0.0133419 -0.0162622 0.325882 0.11902 -0.0328401 -0.0170149
internal_weight=350022 200241 80722.7 80293.4 69949.8 5518.39 64431.4 6453.02 6029.74 119518 29440 345.902 29094.1 8580.08 3492.04 31.0942 90078 78146.2 112.831 3460.94 283.125 36.834 28.5771 20514 9824.85 9620.36 23.5671 204.492 10689.2 4777.43
internal_count=2895181 2629809 603143 601526 538272 9582 528690 24882 23866 2026666 923714 5932 917782 310007 156764 435 1102952 943000 1053 156329 9751 919 733 607775 229076 226506 473 2570 378699 217928
cat_boundaries=0 1 2 3 4 5 6 7 8 9 10 11 12 13 14 15 16 17 18
cat_threshold=2 4 104 1 129 640 17 40 34 4 5 193 32 2 8 37 48 1
is_linear=0
shrinkage=0.08


Tree=69
num_leaves=31
num_cat=13
split_feature=47 37 44 33 32 46 44 45 32 3 3 1 40 3 38 34 19 47 1 3 19 12 3 13 13 32 3 40 34 39
split_gain=3141.45 402.842 446.567 385.153 359.827 357.259 345.899 425.061 421.632 391.848 352.96 307.806 306.426 298.238 364.094 571.642 994.412 723.049 777.033 912.988 342.196 1663.49 289.451 283.793 494.282 277.053 516.796 461.757 276.204 274.594
threshold=0 1 2 1.0000000180025095e-35 -10.085000038146971 3 4 5 2.6250000000000004 24.500000000000004 inf 3.5000000000000004 6 605.66497802734386 7 8 410.00001525878912 9 2.5000000000000004 647.17498779296886 2540.8850097656255 727.27502441406261 118.41500091552736 514.02499389648449 500.02999877929693 -10.085000038146971 118.41500091552736 10 11 12
decision_type=1 1 9 2 10 1 9 9 10 10 8 2 1 8 1 1 2 1 2 10 2 2 10 2 2 8 10 1 1 9
left_child=4 2 12 6 5 -1 -3 9 10 -8 25 -10 23 -4 15 16 17 18 19 -15 -17 -22 -7 24 -2 26 27 -9 -5 -16
right_child=1 3 13 28 -6 22 7 8 11 -11 -12 -13 -14 14 29 20 -18 -19 -20 -21 21 -23 -24 -25 -26 -27 -28 -29 -30 -31
leaf_value=0.0072077683878764755 0.020295265402836819 0.0041360485262841628 -0.048378213437070862 -0.0083358425924587812 0.01344086850532761 -0.02718750782311323 0.14035113624674073 0.22145132976772114 -0.015929943628540763 -0.044103105136400311 0.066436865365278375 0.042113099745461131 -0.031343866560468336 -0.082000937930590309 0.096447869645342674 -0.063780553186279162 -0.082940872171116897 -0.085090990141491268 1.5770971928391735 0.76345946202371839 1.9861287430278334 -0.082587365091336309 0.014724209684719792 -0.0417385308522462 0.43663660703070728 -0.0048277600068522509 0.0035547078286619141 0.046405968013281111 0.03642249403721038 -0.046707226476977393
leaf_weight=61734.687025550753 2379.0794321727008 22327.382728688419 3893.1297195134684 1374.5648550046608 81893.930616240948 3586.281459370628 75.932418826967478 122.14999067783356 28216.40285607148 2517.1775217768736 453.17065906524658 597.10621088184416 1632.4562461934984 11.805071443319319 99.749450522009283 120.91337721981108 32.896379281766713 11.686885662376879 4.8603359162807456 26.579415128566325 3.1200522044673553 12.274334491230546 1493.8900754973292 519.37356139719486 18.390764566138387 128607.24492606288 2230.2785600284114 428.72440272197127 2454.661246673204 611.22499380912632
leaf_count=109075 21033 98321 184995 12043 147048 7361 363 222 469066 53841 415 7674 23756 526 7258 4718 1262 268 76 503 52 500 2462 7714 153 1622127 28409 2249 21772 60603
internal_value=0.00109201 -0.00548704 -0.0216646 -0.00468468 0.00988636 0.00552966 -0.00520314 -0.00648046 -0.00596001 -0.0385532 -0.00404444 -0.0147271 -0.0037027 -0.0386337 0.00193538 0.0885716 0.237831 0.473225 0.624109 0.50344 -0.0172841 0.336689 -0.0148628 0.011834 0.023489 -0.00428754 0.0206937 0.0900826 0.0204291 -0.0262534
internal_weight=347491 198782 9377.54 189405 148709 66814.9 185576 163248 160655 2593.11 131842 28813.5 4549.3 4828.24 935.11 224.136 87.8281 54.9317 43.2448 38.3845 136.308 15.3944 5080.17 2916.84 2397.47 131388 2781.15 550.874 3829.23 710.974
internal_count=2895865 2629919 313417 2316502 265946 118898 2282687 2184366 2130162 54204 1653422 476740 52656 260761 75766 7905 2635 1373 1105 1029 5270 552 9823 28900 21186 1653007 30880 2471 33815 67861
cat_boundaries=0 1 2 3 4 5 6 7 8 9 10 11 12 13
cat_threshold=2 16 1 1 1 2 6 257 72 4 2 20 1
is_linear=0
shrinkage=0.08


Tree=70
num_leaves=31
num_cat=19
split_feature=47 38 11 42 18 43 41 45 19 37 11 19 45 4 37 45 42 41 34 4 41 42 15 19 34 42 4 47 18 37
split_gain=2546.3 459.93 583.355 559.271 547.553 538.435 476.386 715.498 476.187 398.892 381.123 522.442 358.33 351.888 347.512 335.352 406.384 357.723 318.289 310.798 301.42 423.561 363.261 352.503 319.08 585.572 738.981 612.868 453.434 414.803
threshold=0 1 5.5000000000000009 2 3601.3000488281255 3 4 5 3223.049926757813 6 8.5000000000000018 2947.724975585938 7 65.500000000000014 8 9 10 11 12 3.5000000000000004 13 14 1.0000000180025095e-35 133.62500000000003 15 16 43.500000000000007 17 235.02500152587893 18
decision_type=1 1 2 9 2 9 9 9 2 1 2 2 9 10 1 9 9 9 1 10 9 9 2 2 1 9 8 1 2 1
left_child=-1 2 9 4 5 19 7 -5 10 18 11 15 -11 -14 -6 16 -7 -18 20 -3 24 22 -22 -24 25 26 -2 28 29 -27
right_child=1 3 -4 6 14 8 -8 -9 -10 12 -12 -13 13 -15 -16 -17 17 -19 -20 -21 21 -23 23 -25 -26 27 -28 -29 -30 -31
leaf_value=0.0093127302378378796 -0.0005850391435405013 -0.042079445940648753 -0.019382931079097717 -0.011883328217123878 0.15671577660136668 0.046406147516513355 -0.0015115990782387598 -0.065754172924361531 -0.069694220358687581 -0.0014359802350540202 0.028716409272822534 0.2656248752457927 -0.01652466515639027 0.13338140817732336 0.033986555733647825 0.0005444415583615355 -0.044249257188172769 0.019630724398353044 -0.006220586668590624 0.031745105119862005 -0.015818839683092344 0.014637153695185536 0.39499204947242611 -0.09518857981417185 0.011801813572988627 0.24211320770080924 0.8183459705122148 -0.022134573593022639 0.0093779404349335679 -0.0015912774977849551
leaf_weight=147511.83544931374 628.5886193709448 2319.0825598295778 23357.41897552833 11981.750574622303 149.89919721335173 2431.6387207061052 35965.756235064939 1810.2866885252297 522.12841180711985 18461.408041120041 4644.5594166014344 48.886590041220188 26451.271384815685 100.59912262950093 2405.9410846922547 28840.140902372077 774.22029666975141 1961.5929324440658 17599.358698253054 433.13541638851166 5289.206758772023 8748.0198277533054 26.710336615331471 14.478865467011927 2202.3510898547247 300.04642918799073 7.132118694484233 145.41136221215129 93.420968430116773 61.924322668462992
leaf_count=265924 9003 22495 599678 99305 608 12484 226222 17856 4421 354732 31104 204 519737 1267 15517 196631 4991 9631 249177 2797 94521 106510 352 283 38949 3542 35 1134 2220 1001
internal_value=0.00135796 -0.00457512 -0.00825719 -0.000532918 0.00597919 0.00379156 -0.00636103 -0.0189967 0.00619344 -0.00501513 0.00721886 0.00428707 -0.00999938 -0.0159507 0.0419307 0.00391139 0.0226578 0.00145772 0.00137625 -0.0303509 0.00900786 0.00381132 -0.0139497 0.222683 0.0302092 0.0626367 0.00846928 0.118875 0.166512 0.207066
internal_weight=345288 197776 103487 94289 44531.2 41975.4 49757.8 13792 39223.2 80129.9 38701 34056.5 45013.3 26551.9 2555.84 34007.6 5167.45 2735.81 35116.6 2752.22 17517.3 14078.4 5330.4 41.1892 3438.87 1236.52 635.721 600.803 455.392 361.971
internal_count=2892331 2626407 1982141 644266 300883 284758 343383 117161 259466 1382463 255045 223941 875736 521004 16125 223737 27106 14622 506727 25292 257550 201666 95156 635 55884 16935 9038 7897 6763 4543
cat_boundaries=0 1 2 3 4 5 6 7 8 9 10 11 12 13 14 15 16 17 18 19
cat_threshold=2 300 25 35 34 13 106 12 8 40 8 22 57 5 9 9 49 4 96
is_linear=0
shrinkage=0.08


Tree=71
num_leaves=31
num_cat=15
split_feature=47 36 32 1 38 37 12 43 45 37 17 40 38 4 37 38 46 32 37 23 3 17 38 38 27 13 3 4 3 12
split_gain=1737.61 463.065 383.511 353.119 349.644 401.399 422.972 364.972 324.491 323.424 291.731 290.898 365.431 361.72 441.115 996.829 359.966 306.894 275.497 369.086 275.006 272.527 252.948 247.359 241.932 238.975 236.694 414.535 364.953 269.681
threshold=0 1 -5.0350000858306876 1.0000000180025095e-35 2 3 2291.400024414063 4 5 6 101.50000000000001 7 8 1.0000000180025095e-35 9 10 11 80.260002136230483 12 1.0000000180025095e-35 18.185000419616703 106.50000000000001 13 14 5.5000000000000009 172.52500152587893 121.65500259399415 3.5000000000000004 476.66000366210943 560.07501220703136
decision_type=1 9 10 2 1 1 2 9 9 1 2 1 1 8 1 1 1 8 1 2 10 2 1 1 8 2 10 10 10 2
left_child=3 18 22 11 9 6 20 -8 -9 25 24 16 13 14 -13 -16 -1 -17 19 -2 -6 -12 -3 -20 -11 -4 27 29 -28 -25
right_child=1 2 4 -5 5 -7 7 8 -10 10 21 12 -14 -15 15 17 -18 -19 23 -21 -22 -23 -24 26 -26 -27 28 -29 -30 -31
leaf_value=0.018662800014248505 -0.013912185276831921 0.020006658400009533 0.36744701824832332 0.01552615186810432 -0.025081501721099055 -0.009529505455123018 -0.00047851050282455253 -0.029386548083055242 0.078253563459641712 0.1066160880819732 0.48694570893587646 -0.0073900941282163029 0.0069727120937865027 0.0050316532241116083 -0.019318950516175267 -0.29219349395959959 -0.031932911091737355 -0.12441577322535186 -0.04727984766965123 0.10275872659454588 0.0042937707709074478 0.061857097518459789 0.00072384790752086803 -0.012052403104921275 -0.010840960295180642 -0.0066208699110672309 -0.035071107935390172 0.20765209310888322 0.020369766825033817 0.084128662956890088
leaf_weight=16138.071780985221 511.89066364057362 4595.3771559633315 28.060670457780361 34134.065048377961 2205.1460000500083 20864.228629154153 1006.2440942935646 208.9682678738609 1224.2887774799019 112.4790883436799 13.929179914761333 6876.7629019524902 75758.658033326268 9931.3824839126319 1594.9234232660383 85.921560073271394 953.08892405591905 371.29818171449006 2232.9625412235036 262.53269187361002 27179.162615004927 31.436079747509211 79757.282099129632 1253.4622588977218 50990.073799272068 17.904536861926317 4107.9106859751046 65.696786440908909 932.37615243345499 219.20162526518106
leaf_count=30472 4976 23743 112 59326 12499 186694 11222 2018 10883 992 119 13804 135254 19457 3351 466 2194 1208 35404 2088 274659 626 1058843 7795 955102 150 33236 204 7290 910
internal_value=0.0017798 -0.00310456 -0.00223036 0.00840487 -0.00548442 -0.000908229 0.00474524 0.0367561 0.0624648 -0.010192 -0.0104004 0.0062289 0.00449211 -0.00547045 -0.0171578 -0.0496117 0.0158321 -0.152607 -0.0202471 0.0253129 0.0020893 0.192378 0.0017768 -0.0242753 -0.0105824 0.182118 -0.0164071 0.0110351 -0.0248154 0.00226386
internal_weight=343665 197821 188235 145844 103882 52688 31823.8 2439.5 1433.26 51193.9 51147.9 111710 94618.9 18860.3 8928.91 2052.14 17091.2 457.22 9586.03 774.423 29384.3 45.3653 84352.7 8811.61 51102.6 45.9652 6578.65 1538.36 5040.29 1472.66
internal_count=2895097 2629565 2537662 265532 1455076 497975 311281 24123 12901 957101 956839 206206 173540 38286 18829 5025 32666 1674 91903 7064 287158 745 1082586 84839 956094 262 49435 8909 40526 8705
cat_boundaries=0 1 2 3 4 5 6 7 8 9 10 11 12 13 14 15
cat_threshold=2 24 108 105 38 32 2 9 657 54 528 1 1 512 300
is_linear=0
shrinkage=0.08


Tree=72
num_leaves=31
num_cat=20
split_feature=47 39 38 38 45 47 38 2 26 40 38 4 37 2 38 46 32 37 45 36 38 42 3 32 2 36 41 3 19 38
split_gain=1779.98 339.438 353.938 317.23 567.148 314.305 373.278 384.071 359.072 334.089 328.479 576 746.136 443.392 357.985 324.056 304.473 301.564 378.211 505.525 483.543 445.681 404.903 403.045 409.984 375.236 495.911 411.604 397.248 346.218
threshold=0 1 2 3 4 5 6 1.5000000000000002 8.5000000000000018 7 8 1.0000000180025095e-35 9 inf 10 11 -8.4749999046325666 12 13 14 15 16 36.894998550415046 -6.1249999999999991 2.5000000000000004 17 18 125.42499923706056 959.82498168945324 19
decision_type=1 9 1 1 9 1 1 8 10 1 1 8 1 8 1 1 10 1 9 9 1 9 10 10 10 9 9 8 2 1
left_child=3 2 -2 4 -1 6 7 -3 17 15 11 12 -11 16 -14 -7 -12 18 19 22 21 -20 -8 24 -23 26 27 -19 -29 -27
right_child=1 5 -4 -5 -6 9 8 -9 -10 10 13 -13 14 -15 -16 -17 -18 25 20 -21 -22 23 -24 -25 -26 29 -28 28 -30 -31
leaf_value=0.029867495498980254 0.0024584599620729774 0.024507134803042636 0.019557230544516874 -0.0076065140610429276 -0.016944736617038585 0.019592576444574832 -0.11016835464148589 -0.02159630988715831 0.087313984436572678 0.0022792791715239781 0.00015676590558382823 0.0082720103388864256 -0.029317776726575158 0.041638775462507605 -0.09176825962870469 -0.026508859366667647 0.0097677739305663293 0.14976066169314103 0.0072685399963685702 -0.048843492913023263 -0.031660780076914738 -0.0060767755683421524 0.052587740250166722 -0.038222405066415312 0.11915138021567691 0.012096273570665644 -0.046995920059452322 -0.021178653597958067 0.11395209772030493 -0.0030495550263276053
leaf_weight=3933.5700826868415 12489.585020283237 6637.1171850189567 20451.599443623796 110585.55876405397 2848.7296337280422 16861.61657235492 104.14998741447926 1400.4578515440226 288.10423231450841 2503.4179520905018 36202.79462448135 6208.2670125216246 1229.6776898931712 2261.51360100694 1175.4247287251055 1035.7668144144118 50553.020050989464 134.44933802634478 8355.4394183754921 492.68602542486042 6146.1670569689013 2776.0581605583429 1611.2480245390907 3672.5271624326706 178.04930709302425 18179.918331567198 2122.5293821282685 854.09891832247376 166.34728313237429 20592.91994045116
leaf_count=19356 24618 25432 34794 1989676 18799 31855 971 6428 1078 4729 63900 12173 2748 4557 3413 2323 91686 387 49283 3204 106070 15928 12760 28911 890 113908 13757 4942 754 207460
internal_value=0.00140801 0.005579 0.0130809 -0.00657678 0.0102092 0.00429018 0.000191595 0.0164537 -0.00180086 0.0068498 0.0050486 -0.00791292 -0.0283996 0.00666798 -0.0600923 0.0169151 0.00575715 -0.00219379 -0.00948445 0.0219581 -0.0127793 -0.00501751 0.0424585 -0.0204965 0.00147095 0.00185407 -0.0240973 0.0180292 0.000849586 0.00405335
internal_weight=342053 224685 32941.2 117368 6782.3 191744 73712.3 8037.58 65674.7 118031 100134 11116.8 4908.52 89017.3 2405.1 17897.4 86755.8 65386.6 23336.3 2208.08 21128.2 14982.1 1715.4 6626.63 2954.11 42050.3 3277.42 1154.9 1020.45 38772.8
internal_count=2896790 868959 59412 2027831 38155 809547 592163 31860 560303 217384 183206 23063 10890 160143 6161 34178 155586 559225 218017 16935 201082 95012 13731 45729 16818 341208 19840 6083 5696 321368
cat_boundaries=0 1 2 3 4 5 6 7 8 9 10 11 12 13 14 15 16 17 18 19 20
cat_threshold=4 1 393 129 9 1 640 9 641 20 512 1 20 8 144 83 26 105 5 282
is_linear=0
shrinkage=0.08


Tree=73
num_leaves=31
num_cat=14
split_feature=47 2 36 41 34 3 17 43 43 12 3 46 31 3 5 3 43 44 19 2 34 40 43 41 22 3 14 41 0 31
split_gain=1470.9 551.971 505.507 427.014 589.708 400.534 383.436 362.01 346.426 377.206 342.848 313.378 416.604 304.404 282.08 453.993 373.411 274.379 427.151 410.344 511.1 373.455 464.612 414.256 442.082 410.171 952.492 374.77 361.135 317.384
threshold=0 inf 1 2 3 803.40499877929699 5.5000000000000009 4 5 10255.445312500002 59.674999237060554 6 1.0000000180025095e-35 673.32998657226574 5.5000000000000009 158.30500030517581 7 8 24.024999618530277 2.5000000000000004 9 10 11 12 1.0000000180025095e-35 462.03500366210943 1.0000000180025095e-35 13 1.5000000000000002 1.0000000180025095e-35
decision_type=1 8 9 9 1 8 2 9 9 2 8 1 10 10 2 8 9 9 2 10 1 1 9 9 2 10 2 9 2 8
left_child=-1 2 7 4 -3 6 11 -2 -8 -10 -9 12 17 -11 15 16 -12 18 28 20 -20 -19 23 24 25 -23 -27 -24 29 -4
right_child=1 3 5 -5 -6 -7 8 10 9 13 14 -13 -14 -15 -16 -17 -18 21 19 -21 -22 22 27 -25 -26 26 -28 -29 -30 -31
leaf_value=0.0073746880543881163 -0.029607900069209277 0.068890052359449547 -0.015416490108545048 -0.052362305046441904 -0.039174605897834842 0.03669184727227006 -0.016113659769321113 -0.03874733244779039 -0.0029942798193749788 0.036412409040534388 0.11176045836752525 0.019474517689512423 0.032871801422224449 0.19786125758877834 0.021728209175939376 -0.019496389442523382 0.0049698133018151805 -0.00093874732422816935 0.047707448548795786 0.1551502885987259 -0.014733511977020565 0.018580485829704185 0.0016881430077193113 -0.038497900506815327 0.46899908326050366 0.059271929139995384 0.78742570978326887 -0.039769649595918811 0.023748533832356426 0.013670593239672398
leaf_weight=144106.37280297372 6379.3729441235773 525.07867774087936 7097.162106892094 2534.4019375815988 806.25045688077807 1780.1312645324506 19183.722340366337 2031.9718199437484 14956.445806216914 730.85849420540035 207.41592758893967 5365.0629483573139 2380.5569933494553 83.255462830886245 2354.5503730475903 8970.3051419840194 5892.0211348868906 93757.272449838463 2423.8259102106094 165.06584187783301 1278.5046852137893 2074.5023243874311 1927.6308685541153 829.79774035373703 14.440343556925653 52.12999948207289 14.750497451052068 5099.8577111391351 3586.2324614115059 3628.2098510377109
leaf_count=265954 72466 722 42409 17244 3139 16852 513233 17627 189164 6612 571 17762 8378 542 18550 82961 42825 1415552 14450 553 11068 18170 13891 11219 100 627 83 53478 25412 16185
internal_value=0.00123817 -0.00327061 -0.00266882 -0.0332008 0.00364214 -0.00105212 -0.00146026 -0.0130779 -0.00889675 -0.000107628 -0.00764561 0.00054396 -0.000272928 0.052923 -0.004023 -0.00804646 0.00879269 -0.000919941 0.0081463 0.0317365 0.0262341 -0.00250821 -0.0171857 0.00924419 0.0277135 0.0248671 0.219866 -0.0284116 0.00177158 -0.00557683
internal_weight=340237 196131 192265 3865.73 1331.33 166429 164649 25835.6 34954.3 15770.6 19456.3 129695 124330 814.114 17424.3 15069.7 6099.44 121949 18179 3867.4 3702.33 103770 10013.1 2985.62 2155.82 2141.38 66.8805 7027.49 14311.6 10725.4
internal_count=2897799 2631845 2610740 21105 3861 2375740 2358888 235000 709551 196318 162534 1649337 1631575 7154 144907 126357 43396 1623197 110077 26071 25518 1513120 97568 30199 18980 18880 710 67369 84006 58594
cat_boundaries=0 1 2 3 4 5 6 7 8 9 10 11 12 13 14
cat_threshold=2 120 16 112 5 37 1 2 1 78 6 37 50 1
is_linear=0
shrinkage=0.08


Tree=74
num_leaves=31
num_cat=16
split_feature=44 3 34 45 46 34 19 46 44 3 32 37 34 42 3 37 37 10 18 6 42 42 16 37 13 18 17 16 7 34
split_gain=333.498 528.399 492.932 466.598 460.503 391.296 355.185 338.286 539.74 301.338 301.186 289.046 259.967 245.229 272.344 243.898 205.269 201.724 204.433 394.722 197.502 193.533 222.102 328.513 192.851 396.853 367.371 493.753 219.518 196.56
threshold=0 9.5650000572204608 1 2 3 4 156.02500152587893 5 6 18.979999542236332 -12.934999942779539 7 8 9 125.42499923706056 10 11 1.0000000180025095e-35 138.06999969482425 200.00000762939456 12 13 1.5000000000000002 14 1825.5849609375002 334.56999206542974 12.500000000000002 1.0000000180025095e-35 74.774993896484389 15
decision_type=9 10 1 9 1 1 2 1 9 10 8 1 1 9 10 1 1 2 2 2 9 9 2 1 2 2 2 2 2 1
left_child=1 4 20 7 11 13 15 9 -9 -2 -11 -1 -13 -5 -15 -7 -12 -17 -19 -20 -3 24 -23 -24 25 28 27 -26 -4 -30
right_child=3 2 21 5 -6 6 -8 8 -10 10 16 12 -14 14 -16 17 -18 18 19 -21 -22 22 23 -25 26 -27 -28 -29 29 -31
leaf_value=0.079068319645323432 0.035159624240664093 0.010313264428361685 0.036386458277247277 0.023041146765598625 -0.036273690918509446 -0.01736672479885315 -0.02484799684803669 0.029133526722122882 -0.02528544423411435 0.023239477451928968 0.007312719959799552 -0.030413118598280109 0.0074133614188377694 0.015145123234993932 -0.030387364036233943 -0.00096955808961941912 -0.00043800283190297695 -0.0057520279509912517 0.47127989391338743 0.062203937650516843 0.029680123910359641 -0.00066387620199753728 0.19259665102773046 -0.031418262339381692 0.09411551881377371 -0.043377675630841217 -0.008763704777755019 0.57637317730754423 0.21874036501244298 0.013206524753948273
leaf_weight=291.7534928675741 1631.6741911135614 5093.8409046623856 617.44350459612906 3742.0880655949004 2725.9270074926317 8160.3777578277513 9393.9405605327338 5874.071268459782 1455.4612733041868 3727.052789772395 24250.204138636589 1483.6747085507959 5239.5546115376055 1751.8004148937762 1616.5342759704217 14240.43572083395 221820.47359382361 63.436005815863609 22.184937103185803 47.243645186536014 10163.793216263875 14257.460370581597 82.557271396741271 77.695448784157634 36.444807155057788 380.9010068308562 59.610051948577166 21.663937939330935 79.206847289577127 58.778389226645231
leaf_count=794 4160 14132 2817 33685 6087 89639 160479 13390 12064 22539 209216 7326 22228 10331 13685 118519 2029243 496 143 438 32469 85528 349 617 212 3543 597 66 321 413
internal_value=0.0010836 0.00787875 0.0129961 0.000155577 -0.00836993 -0.00799604 -0.0117758 0.00138564 0.0183273 0.000891819 0.000667982 0.00247309 -0.000966915 0.00896877 -0.00668702 -0.00633143 0.000326108 -5.40738e-05 0.0980635 0.192918 0.0232254 0.00302041 0.000388543 0.0940451 0.0330364 0.0232023 0.13077 0.273909 0.0567731 0.147997
internal_weight=338467 40670.3 30929.4 297797 9740.91 39038 31927.6 258759 7329.53 251429 249798 7014.98 6723.23 7110.42 3368.33 22533.7 246071 14373.3 132.865 69.4286 15257.6 15671.8 14417.7 160.253 1254.05 1136.33 117.719 58.1087 755.429 137.985
internal_count=2895526 177499 141064 2718027 36435 427415 369714 2290612 25454 2265158 2260998 30348 29554 57701 24016 209235 2238459 119596 1077 581 46601 94463 86494 966 7969 7094 875 278 3551 734
cat_boundaries=0 1 2 3 4 5 6 7 8 9 10 11 12 13 14 15 16
cat_threshold=1 15 13 1 4 1 2 4 6 56 9 74 48 1 1 64
is_linear=0
shrinkage=0.08


Tree=75
num_leaves=31
num_cat=13
split_feature=47 35 42 38 37 35 13 6 19 38 47 38 0 41 18 17 22 37 2 41 19 13 20 18 2 20 17 23 16 38
split_gain=1257.92 488.712 478.831 444.481 541.476 649.654 838.321 783.701 553.108 362.55 542.534 347.448 409.545 351.642 386.885 695.452 579.939 329.865 530.849 1013.01 900.26 1110.31 453.871 375.924 364.411 358.477 538.558 791.346 375.999 320.099
threshold=0 1 2 3 4 5 64.524993896484389 7437.3000488281259 40.524999618530281 6 7 8 1.5000000000000002 9 30.175000190734867 1.5000000000000002 1.0000000180025095e-35 10 1.5000000000000002 11 34.014999389648445 1.0000000180025095e-35 1.0000000180025095e-35 3361.6149902343755 2.5000000000000004 1.5000000000000002 7.5000000000000009 1.5000000000000002 1.5000000000000002 12
decision_type=1 1 9 1 1 1 2 2 2 1 1 1 2 9 2 2 2 1 10 9 2 2 2 2 10 2 2 2 2 1
left_child=2 -2 3 4 5 7 8 -1 -7 10 -3 17 -13 14 15 -14 -17 18 22 20 21 24 23 -4 -20 26 -24 28 -28 -15
right_child=1 9 11 -5 -6 6 -8 -9 -10 -11 -12 12 13 29 -16 16 -18 -19 19 -21 -22 -23 25 -25 -26 -27 27 -29 -30 -31
leaf_value=0.19947673760542828 0.0024662661833543503 -0.017722446881357486 0.0041055401910087171 -0.0013877338772256193 0.013912105765338162 0.090566853895896207 -0.026835974245346363 0.95741492598830635 0.3259992281743157 0.014904083010011818 0.0098059588697238277 -0.0044901173286181475 0.017133375118636832 -0.012352391188116658 -0.01419872866094779 0.68516594858730107 0.096163893559052416 -0.0027022034215411512 0.39753737291748292 -0.080483832695116345 0.040103304519053272 1.1624524140676766 0.057121402050975649 0.58111527642442251 -0.086198546140133975 -0.0063451268518478193 0.12764894554260417 0.87174377405447734 0.72431563096474638 -0.030725181827257617
leaf_weight=147.23011229373515 154726.09364430327 6190.3719086460769 2691.5866722734645 5766.1695893639699 2397.5319278365932 383.58202528394759 417.02916542161256 9.2813739860430342 76.621265638619661 44089.172544650268 17633.804119057953 39698.534119303338 2673.7435957631096 12308.654848924838 5837.6846991018392 18.089276453945786 26.185963009018451 31263.44629819598 66.07947888225317 88.333348343148828 63.736037280410528 11.635397061705588 81.316130267456174 7.2457214780151835 11.737074125558136 89.10761680174619 45.343462556600571 15.155465660616754 7.9434333387762299 12058.800956628984
leaf_count=1593 688833 27606 37472 132638 24513 3637 6304 93 556 120484 31883 610968 47632 184900 174786 187 457 409013 534 1541 1094 36 1041 77 195 1277 812 114 73 385081
internal_value=0.00142803 0.00495009 -0.00531667 0.0121923 0.0349509 0.0831449 0.0546947 0.229745 0.129765 0.010607 0.00265198 -0.0068213 -0.0099598 -0.0165581 -0.00258766 0.0223407 0.336809 -0.000202849 0.0243064 0.138392 0.253321 0.433562 0.0150096 0.00565467 0.324575 0.120707 0.196304 0.361666 0.216594 -0.0214535
internal_weight=338901 222639 116262 9197.45 3431.28 1033.74 877.232 156.511 460.203 67913.3 23824.2 107064 72621.7 32923.2 8555.7 2718.02 44.2752 34442.7 3179.22 241.521 153.188 89.452 2937.7 2698.83 77.8166 238.866 149.758 68.4424 53.2869 24367.5
internal_count=2895430 868806 2026624 169334 36696 12183 10497 1686 4193 179973 59489 1857290 1404011 793043 223062 48276 644 453279 44266 3400 1859 765 40866 37549 729 3317 2040 999 885 569981
cat_boundaries=0 1 2 3 4 5 6 7 8 9 10 11 12 13
cat_threshold=4 8 1 31 3 1 393 1 897 21 72 3 70
is_linear=0
shrinkage=0.08


Tree=76
num_leaves=31
num_cat=15
split_feature=47 2 34 42 43 41 34 45 38 40 43 3 19 38 3 3 12 19 3 19 19 35 3 3 3 44 35 2 42 3
split_gain=1041.34 436.888 474.31 607.174 505.132 468.976 671.281 443.247 565.251 538.361 499.206 522.796 585.642 726.73 1044.21 1056.79 867.316 606.678 484.264 445.253 418.309 405.896 394.312 952.548 379.657 353.639 566.612 440.229 432.35 419.578
threshold=0 inf 1 2 3 4 5 6 7 8 9 223.84999847412112 250.004997253418 10 194.02500152587893 114.7150001525879 1316.2249755859377 1094.0250244140627 301.94500732421881 527.92501831054699 657.64999389648449 11 409.75000000000006 502.85000610351568 307.94500732421881 12 13 1.5000000000000002 14 502.85000610351568
decision_type=1 8 1 9 9 9 1 9 1 1 9 8 2 1 10 10 2 2 8 2 2 1 10 10 8 9 1 10 9 10
left_child=-1 2 7 4 25 6 -3 8 -2 -9 11 12 -10 14 15 -14 17 19 -13 -16 -5 22 -12 -24 -20 29 -27 28 -28 -4
right_child=1 5 3 20 -6 -7 -8 9 10 -11 21 18 13 -15 16 -17 -18 -19 24 -21 -22 -23 23 -25 -26 26 27 -29 -30 -31
leaf_value=0.006240183738635623 -0.040938352337767332 0.074209825086201567 0.0002265048058132134 -0.003473219683332343 0.0090562852131281235 -0.05017755025615693 -0.039838790619190337 0.010225005781077512 0.033311292768495718 -0.034808648411471278 -0.056020694055478833 -0.031615997107884805 0.799986260460118 0.03465335343250564 0.70294777314805446 -0.062588945235005577 -0.088233298183080108 1.1485482337176083 0.16719805143572081 0.21844786581373091 -0.02379513619214723 -0.0093936818310655229 0.90905633164990496 0.11102160742685736 0.018069251527888058 0.0026355143774239023 0.027213135887615664 -0.071140684437213969 -0.024662062523422509 0.066271457624421437
leaf_weight=142324.87512053363 2493.1363334301859 564.86202224623412 1853.4913616701961 71911.495042821858 53059.615972044878 2465.5902102002874 767.02501841261983 2173.287475567311 995.60319158341736 7774.9652777889278 27.849013973027468 1492.5914719370194 10.819603096693752 169.61656714044511 30.693428033031523 56.870207271538675 12.93792302161455 11.780702707357703 112.98753285035491 20.082040766254067 7124.8546884325333 15546.629151878878 12.975243140012024 36.500899654813111 3308.8188858479261 12963.589872084558 1201.8459171825089 1088.1702718310989 6870.462267162744 921.78441847674549
leaf_count=266090 40528 720 7659 730085 600978 17400 3130 20914 10254 207596 420 25927 11 1493 323 1206 250 140 1026 199 101522 402367 88 343 67206 174205 21482 26375 160595 4789
internal_value=0.0010369 -0.00275925 -0.00222583 -0.000363741 0.00464534 -0.0296287 0.00872255 -0.0107485 -0.00492792 -0.0249702 -0.000801582 0.0183427 0.0633116 0.158799 0.283633 0.0752859 0.508012 0.631328 0.00640758 0.511325 -0.0053045 -0.00843334 0.163613 0.320308 0.0229935 -0.0047541 -0.00813274 -0.023349 -0.0169355 0.0221628
internal_weight=337406 195081 191283 156995 77959 3797.48 1331.89 34288.1 24339.9 9948.25 21846.8 6222.8 1308.4 312.8 143.184 67.6898 75.4941 62.5562 4914.4 50.7755 79036.3 15624 77.3252 49.4761 3421.81 24899.3 22124.1 9160.48 8072.31 2775.28
internal_count=2895321 2629231 2607981 1827690 996083 21250 3850 780291 551781 228510 511253 108035 13876 3622 2129 1217 912 662 94159 522 831607 403218 851 431 68232 395105 382657 208452 182077 12448
cat_boundaries=0 1 2 3 4 5 6 7 8 9 10 11 12 13 14 15
cat_threshold=2 96 25 38 16 112 13 10 1 12 36 4 1 12 1
is_linear=0
shrinkage=0.08


Tree=77
num_leaves=31
num_cat=16
split_feature=47 36 34 45 2 12 38 14 37 2 1 3 38 4 3 38 3 38 3 19 38 45 27 47 38 40 4 14 38 39
split_gain=899.887 423.423 403.456 529.702 518.428 501.971 378.58 375.896 347.904 527.613 352.029 487.942 339.782 331.861 477.102 435.236 328.404 323.251 313.399 416.144 366.077 289.551 287.873 286.761 322.8 285.175 382.011 301.356 294.335 370.215
threshold=0 1 2 3 inf 234.00000762939456 4 1.0000000180025095e-35 5 1.0000000180025095e-35 1.5000000000000002 74.505001068115249 6 59.500000000000007 307.94500732421881 7 321.43499755859381 8 35.07500076293946 70.02500152587892 9 10 7.5000000000000009 11 12 13 7.5000000000000009 4.5000000000000009 14 15
decision_type=1 9 1 9 8 2 1 2 1 10 2 8 1 10 10 1 10 1 8 2 1 9 8 1 1 1 10 2 1 9
left_child=-1 12 3 6 25 7 -3 -5 9 18 13 -12 -2 17 -15 -16 -17 -10 19 -8 -20 23 -19 -11 -25 -4 28 -28 -27 -30
right_child=1 2 4 5 -6 -7 8 -9 10 21 11 -13 -14 14 15 16 -18 22 20 -21 -22 -23 -24 24 -26 26 27 -29 29 -31
leaf_value=0.0057052640503895873 -0.0037772726465253119 0.049402625428031963 0.0018708864051036769 -0.013659838475641867 -0.033454619174895915 -0.052050113060606189 0.0017416939788724233 0.54902853650788697 -0.045173516786434123 0.055238151802060376 0.72419430572591836 0.083260233138478898 -0.034389270589978857 -0.082445223598324915 -0.05577181337925783 0.36087445179325467 0.10574054358449397 0.13217523929003921 -0.015140430221849709 0.48790844953574181 -0.069111345436363644 -0.070828173512353154 -0.0021969664021233709 0.37682263422856055 -0.061394989557826345 -0.016664917369641503 -0.045175950150450291 0.14907270275817347 -0.061453251161645926 0.0091093115802975775
leaf_weight=141242.92271410581 4578.1906039845198 828.41976075991988 130712.89535214752 6492.445519103203 2923.3588034058921 3117.3317889967002 34.312600371427834 7.6071180184371761 1140.9864838169888 57.378859297372401 7.9740844555199137 162.86588108725846 4718.140488317702 130.0112545080483 104.90493397880346 35.362317103892565 371.49798366986215 102.63428386859596 1909.827006438747 16.778001553378999 1404.1447816644795 40.453861036803573 17565.702166603412 43.510826806537807 17.19194299262017 7140.9043938219547 2101.5712492065504 52.388673577457666 504.37287872191519 8419.5767293740064
leaf_count=265628 33462 2285 1613237 113917 16301 112574 338 118 24559 1439 89 2627 58793 1450 1775 99 2683 1093 77849 108 32712 1538 390074 328 233 48748 16003 99 6988 67536
internal_value=0.000843757 -0.00268219 -0.00184631 -0.00977874 -9.1074e-05 -0.0256317 -0.00341111 -0.0130013 -0.00532193 -0.0284311 -0.00115975 0.113176 -0.019334 -0.00216456 0.054406 0.0891723 0.124847 -0.00409476 -0.035231 0.161397 -0.0382624 0.114111 -0.00141561 0.169143 0.304675 0.000563808 -0.00881016 -0.0404514 -0.00457322 0.00511545
internal_weight=335986 194743 185446 33591.3 151855 9617.38 23974 6500.05 23145.5 3523.6 19621.9 170.84 9296.33 19451.1 641.776 511.765 406.86 18809.3 3365.06 51.0906 3313.97 158.535 17668.3 118.082 60.7028 148932 18218.8 2153.96 16064.9 8923.95
internal_count=2894683 2629055 2536800 767888 1768912 226609 541279 114035 538994 114545 424449 2716 92255 421733 6007 4557 2782 415726 111007 446 110561 3538 391167 2000 561 1752611 139374 16102 123272 74524
cat_boundaries=0 1 2 3 4 5 6 7 8 9 10 11 12 13 14 15 16
cat_threshold=2 24 96 13 129 20 195 548 8 546 9 4 100 6 71 2
is_linear=0
shrinkage=0.08


Tree=78
num_leaves=31
num_cat=15
split_feature=47 0 34 11 36 45 37 34 3 36 43 3 3 13 12 32 34 3 45 36 12 12 41 37 21 43 39 3 3 26
split_gain=874.354 385.918 334.74 386.342 339.249 400.943 338.343 403.49 332.681 296.343 322.059 377.261 597.259 277.474 274.243 263.081 257.991 422.093 291.062 468.737 299.475 404.587 292.72 272.492 261.943 302.17 244.484 467.665 408.876 304.783
threshold=0 1.5000000000000002 1 79.500000000000014 2 3 4 5 777.97500610351574 6 7 350.84500122070318 311.68499755859381 39.649997711181648 180.00000762939456 30.204999923706058 8 803.40499877929699 9 10 1030.0250244140627 1316.2249755859377 11 12 1.5000000000000002 13 14 368.55499267578131 591.64501953125011 9.2500000000000018
decision_type=1 2 1 2 9 9 1 1 8 9 9 10 10 2 2 8 1 10 9 9 2 2 9 1 2 9 9 10 10 10
left_child=2 -2 3 9 8 6 7 -6 15 10 -1 12 13 -12 -15 -4 17 23 19 20 22 -22 -18 -8 25 -25 27 -9 -29 -28
right_child=1 -3 4 -5 5 -7 16 26 -10 -11 11 -13 -14 14 -16 -17 18 -19 -20 -21 21 -23 -24 24 -26 -27 29 28 -30 -31
leaf_value=-0.036997456312800825 0.0020772751771159408 0.0096679991037394563 -0.0055803863111083644 0.23192980210864189 0.060830234488605937 -0.030831862166357579 -0.068022769832512694 -0.073645723116812903 0.034785725396678922 -0.020410251443230939 -0.028985339346270355 -0.061251707552641525 0.45673233716689077 0.40506001045593759 0.099777680375065098 0.0032595759244932443 0.17751168020796329 0.31259789238514685 -0.051681065355290753 -0.049015477336099574 0.55377406179846744 0.06542156293523374 -0.074368629914682724 -0.025591423398171984 0.23992048966427804 0.049783273058073806 -0.017607141412373947 0.23178843014354303 -0.092673273274944068 0.21537178670564433
leaf_weight=177.1140119805932 161895.07665055944 58302.62821433926 53059.685572266113 39.728180375881493 951.49901691451669 5778.1430845777504 300.87789527885616 85.8061841763556 1602.4689460252412 11574.026266830973 67.838357992470264 66.106560661457479 35.503851399756968 25.865032785572112 69.26682666502893 36277.30613597203 54.146414226852357 28.050358819775283 1643.5420768833719 207.51983201084659 22.499322569929063 20.983117459807545 49.036322792991996 724.03490815404803 32.340968124568462 625.83545648958534 1704.6167232636362 114.79573899507523 31.726483379490674 36.710520761087537
leaf_count=2070 705500 164011 989569 659 8042 61546 5533 858 26043 314817 726 1611 346 134 531 552006 666 243 23930 2711 57 304 742 7956 73 5605 18242 809 433 317
internal_value=0.00113093 0.0040871 -0.00450947 -0.0171194 -0.00303663 -0.0154377 -0.00200332 0.0183057 -0.00134252 -0.0179571 0.0457516 0.100475 0.159404 0.0946299 0.18278 -0.00199072 -0.018027 0.0047933 -0.0375002 0.0279164 0.13295 0.318112 0.0678048 -0.00030809 0.0148169 0.00953349 -0.00239868 0.0746739 0.161533 -0.0126955
internal_weight=335605 220198 115407 12055.4 103352 12412.2 6634.02 2925.15 90939.5 12015.7 441.695 264.581 198.474 162.97 95.1319 89337 3708.87 1711.14 1997.73 354.185 146.665 43.4824 103.183 1683.09 1382.21 1349.87 1973.66 232.328 146.522 1741.33
internal_count=2896090 869511 2026579 320894 1705685 138067 76521 28701 1567618 320235 5418 3348 1737 1391 665 1541575 47820 19410 28410 4480 1769 361 1408 19167 13634 13561 20659 2100 1242 18559
cat_boundaries=0 1 2 3 4 5 6 7 8 9 10 11 12 13 14 15
cat_threshold=4 65 225 36 33 4 34 14 10 32 24 37 2 41 2
is_linear=0
shrinkage=0.08


Tree=79
num_leaves=31
num_cat=14
split_feature=47 2 46 31 45 40 3 34 2 32 41 38 46 32 37 3 19 26 45 3 26 42 37 2 39 11 18 18 26 41
split_gain=523.517 322.392 354.431 515.117 353.708 330.655 313.66 280.805 280.254 323.86 274.998 269.098 265.897 486.945 263.461 342.776 368.699 359.019 256.416 253.728 234.184 289.06 232.246 230.036 690.319 808.806 2275.51 213.513 203.749 198.69
threshold=0 inf 1 1.0000000180025095e-35 2 3 inf 4 inf -9.0749998092651349 5 6 7 -12.934999942779539 8 301.94500732421881 282.50500488281256 5.5000000000000009 9 59.674999237060554 2.5000000000000004 10 11 2.5000000000000004 12 7.5000000000000009 1613.5750122070315 36106.441406250007 7.5000000000000009 13
decision_type=1 8 1 10 9 1 8 1 8 10 9 1 1 8 1 10 2 8 9 10 8 9 1 10 9 2 2 2 8 9
left_child=8 2 3 6 -5 10 14 -7 9 12 -3 22 -1 -14 15 18 17 -17 -2 -15 21 -16 -10 -18 25 -25 -27 -20 -22 -30
right_child=1 5 -4 4 -6 7 -8 -9 11 -11 -12 -13 13 19 20 16 23 -19 27 -21 28 -23 -24 24 -26 26 -28 -29 29 -31
leaf_value=0.0011553847098419584 -0.01908654125879199 0.035829742087728947 0.015453407875684184 -0.059154776372927195 0.035332210109202143 -0.021204336471471158 0.067590802267431679 -0.076517250571506629 -0.13365877137331658 0.007687788536014698 -0.061322593476505038 0.04025569667456276 -0.10795084364101552 -0.029301420079517779 -0.033498846054275923 0.3883877976640428 -0.037437730486482114 0.017344946475996666 -0.065773643226651135 0.016019262362538696 -0.065111180656549861 0.12291771273515698 0.0088083860865427657 -0.087293507805787693 -0.020586595516962007 2.6567103555088467 -0.083466521185041581 0.24917473190391928 -0.0050451450538220146 0.00049268930475978624
leaf_weight=56015.000189376995 2968.7008137484081 802.88809702917933 7980.8723759502172 266.53700266452506 3320.6876895073801 1809.485173211433 409.16551288962364 879.88632272835821 65.244965987280011 74882.415966222063 232.63636864814907 2747.7678382471204 371.10126384720206 1990.2547444477677 118.07194104697555 16.807271927129477 1419.7040626937523 2386.6829463778995 1279.0843178140931 1311.6134407967329 326.63181139575318 196.67702819220722 2762.4716800395399 5.8959448174573481 49.580832119565457 3.534877953119576 4.2975878571160138 13.926033820956944 72221.056431703037 97349.146493865177
leaf_count=102128 62769 1722 28305 1772 12488 11747 388 6381 276 143323 1350 5680 1101 4205 1762 191 81546 91755 67624 2065 7124 714 7163 223 2801 145 254 77 1195496 1053254
internal_value=0.00118624 -0.00150447 -0.00104832 -0.00177052 0.0282453 -0.0248131 -0.00237283 -0.0395176 0.00491211 0.00418392 0.0136262 0.0224877 -0.000211903 -0.0210639 -0.00253333 -0.0165774 0.00058438 0.0199396 -0.0322671 -0.0112985 -0.00185994 0.067082 0.00506176 -0.0307842 0.11842 0.620448 1.15321 -0.0619028 -0.00198777 -0.00186618
internal_weight=334208 194062 190337 182356 3587.22 3724.9 178769 2689.37 140146 134570 1035.52 5575.48 59688 3672.97 178360 8148.21 3886.5 2403.49 4261.71 3301.87 170212 314.749 2827.72 1483.01 63.3092 13.7284 7.83247 1293.01 169897 169570
internal_count=2895829 2629888 2608688 2580383 14260 21200 2566123 18128 265941 252822 3072 13119 109499 7371 2565735 307385 176915 91946 130470 6270 2258350 2476 7439 84969 3423 622 399 67701 2255874 2248750
cat_boundaries=0 1 2 3 4 5 6 7 8 9 10 11 12 13 14
cat_threshold=2 1 32 8 58 16 643 1 16 42 41 8 1 34
is_linear=0
shrinkage=0.08


Tree=80
num_leaves=31
num_cat=12
split_feature=47 38 17 42 41 39 41 3 36 1 43 36 2 7 4 4 3 3 3 45 4 4 42 22 3 1 3 17 42 4
split_gain=580.057 374.784 588.071 329.928 516.492 505.118 490.438 467.928 329.16 430.35 433.064 320.166 382.125 318.671 330.581 312.346 581.616 476.662 290.711 352.622 819.321 595.821 483.474 446.796 932.327 434.588 445.895 633.704 378.071 539.854
threshold=0 1 5.5000000000000009 2 3 4 5 304.22500610351568 6 2.5000000000000004 7 8 1.5000000000000002 325.00500488281256 5.5000000000000009 2.5000000000000004 357.05500793457037 344.47000122070318 591.64501953125011 9 1.5000000000000002 2.5000000000000004 10 1.0000000180025095e-35 231.43000030517581 1.5000000000000002 304.22500610351568 1.0000000180025095e-35 11 39.500000000000007
decision_type=1 1 2 9 9 9 9 10 9 2 9 9 8 2 8 8 10 10 8 9 10 10 9 2 10 2 10 2 9 10
left_child=-1 2 18 6 5 7 11 -5 9 -6 -11 12 13 14 -3 16 17 -12 19 -2 -21 22 25 28 -25 26 -22 -28 29 -23
right_child=1 3 -4 4 8 -7 -8 -9 -10 10 15 -13 -14 -15 -16 -17 -18 -19 -20 20 21 23 -24 24 -26 -27 27 -29 -30 -31
leaf_value=0.004444976360832846 0.00086069813683330707 -0.001586128003683717 -0.016524736710766187 -0.027294117408470847 -0.0074762515220143221 0.0074235256943895912 0.012788483876675874 0.21397699637993839 -0.023846745618053375 -0.038232574290609396 0.1512111760620577 -0.0088145408160764539 -0.027230986553588785 0.063957702967673141 0.055410698016018618 0.046117879029446585 0.080511547145900433 0.70289150587278526 0.015616625173157404 -0.015257045406784188 0.15238919815079591 0.049240652367168812 -0.035007796373065975 0.33647185364102689 -0.019244064329823913 -0.091181529694326413 0.59752725706394838 0.092359901346247622 -0.0079913599969611438 0.37508280049731779
leaf_weight=139171.19250192028 43424.654967424925 2625.0591917745769 24389.57998638018 79.722768515348434 21070.395168993622 12809.298873744905 27949.372361309826 145.04219022020698 7676.1718623675406 344.98873100802302 19.727655626833439 16426.228433318436 1181.0468806698918 990.95230380818248 866.15013714134693 854.88688423484564 122.50270465761423 20.376478258520365 5413.7156265922822 24673.576280464884 179.85885180346668 218.91149787046015 94.984807264059782 82.312330111861229 110.41011280193925 33.064904544502497 39.688576058484614 26.506861496716738 1787.0225843181834 38.223902024328709
leaf_count=265428 672407 18628 656065 543 147542 83110 179258 499 59330 2547 139 130068 8677 5607 4448 4027 576 94 164859 456936 1341 2381 1228 422 1562 650 198 360 25439 295
internal_value=0.000505172 -0.00232561 -0.00571355 0.00132933 -0.00379685 0.0095024 0.00574896 0.1284 -0.00955528 -0.00465652 0.0389156 -0.00315979 0.0132285 0.0239191 0.0125545 0.064812 0.16708 0.431514 -0.00225043 -0.00361839 -0.0107434 0.0318686 0.125317 0.01624 0.132683 0.174865 0.217723 0.395241 0.00526174 0.0940215
internal_weight=332866 193694 100513 93181.9 43143.1 13034.1 50038.8 224.765 30109 22432.9 1362.48 22089.4 5663.21 4482.16 3491.21 1017.49 162.607 40.1041 76122.9 70709.2 27284.6 2610.98 374.104 2236.88 192.722 279.119 246.054 66.1954 2044.16 257.135
internal_count=2894664 2629236 1984143 645093 298407 84152 346686 1042 214255 154925 7383 167428 37360 28683 23076 4836 809 233 1328078 1163219 490812 33876 3777 30099 1984 2549 1899 558 28115 2676
cat_boundaries=0 1 2 3 4 5 6 7 8 9 10 11 12
cat_threshold=2 300 26 17 2 19 128 9 66 44 41 2
is_linear=0
shrinkage=0.08


Tree=81
num_leaves=31
num_cat=18
split_feature=47 1 38 36 34 3 38 37 3 3 47 35 37 38 20 13 3 3 3 3 12 37 38 34 38 3 36 34 35 40
split_gain=563.848 435.648 405.291 309.737 367.858 391.353 336.076 401.322 935.367 380.331 300.368 406.726 289.69 432.959 312.367 407.027 296.623 500.704 310.555 341.563 302.609 269.708 407.617 272.742 317.481 268.702 263.81 257.698 359.975 446.121
threshold=0 1.0000000180025095e-35 1 2 3 158.30500030517581 4 5 61.504999160766609 141.16999816894534 6 7 8 9 1.0000000180025095e-35 946.94998168945324 386.10499572753912 551.85000610351574 490.43000793457037 425.54499816894537 4289.3698730468759 10 11 12 13 76.880001068115249 14 15 16 17
decision_type=1 2 1 9 1 10 1 1 10 8 1 1 1 1 2 2 10 10 10 10 2 1 1 1 1 10 9 1 1 1
left_child=3 21 -3 27 5 6 7 8 -5 25 11 -4 13 -7 15 -15 20 18 19 -18 -17 23 -23 24 26 -9 -2 28 29 -1
right_child=1 2 10 4 -6 12 -8 9 -10 -11 -12 -13 -14 14 -16 16 17 -19 -20 -21 -22 22 -24 -25 -26 -27 -28 -29 -30 -31
leaf_value=-0.058602778889531575 0.1614407896120795 -6.4465207838431822e-05 0.049328640590346196 0.73616061723609816 -0.042215569895347908 -0.045011203458751509 -0.0053966227074893625 0.060224103365304926 -0.019132596086023242 0.11708384623449247 0.012070607766086785 -8.0062559716115707e-05 -0.032909356749247505 0.014566804549203156 -0.06024613892519759 -0.030308620775181542 0.2996964988071405 -0.092512878685218444 0.45249405176120483 0.011013343753181836 0.31142136535380277 -0.019874435627407112 0.0060472209773703954 -0.0045531173883261783 0.0013206703888140247 -0.033117937883220344 0.021999075667883262 -0.0013478887261896442 -0.016109156449386895 0.19824212079764869
leaf_weight=68.420347414445132 79.41768585331738 15442.098874219693 3426.0425143092871 19.579724259674549 2683.7822678219527 963.60143911838531 1913.7330143656582 368.93338268715888 22.613410670310259 291.94401981495321 20261.949522104114 1555.9786190809682 4143.0425099013373 1588.5568386917002 276.14781821006909 107.86541918851435 63.335602542385459 34.306218248326331 35.623381045646966 44.773766254074872 19.597310997545719 4099.2651864178479 70541.999173141085 69222.224222648889 28654.876498069614 424.45950435567647 4027.1577279064804 90415.311873277416 10913.698319572024 102.38148079672828
leaf_count=1538 107 33186 5757 81 37161 10031 18887 2598 240 1705 37606 4682 50638 17622 4083 1001 243 593 179 410 33 11479 319585 315623 124132 3775 15946 1568308 307789 663
internal_value=0.000292689 0.0026865 0.0101496 -0.00425049 -0.0158713 -0.00898487 0.0151065 0.0495148 0.267874 0.0386579 0.0163912 0.0339962 -0.0190659 -0.000657062 0.0191529 0.0308302 0.115397 0.182096 0.24764 0.180138 0.0222321 0.000967349 0.00462114 -0.00170713 0.00430577 0.0102868 0.0250814 -0.00276005 -0.0142673 0.0978037
internal_weight=331813 217311 40686.1 114502 13001.9 10318.1 3041.26 1127.53 42.1931 1085.34 25244 4982.02 7276.85 3133.81 2170.21 1894.06 305.502 178.039 143.733 108.109 127.463 176625 74641.3 101984 32761.5 793.393 4106.58 101500 11084.5 170.802
internal_count=2895681 868103 81231 2027578 149280 112119 27286 8399 321 8078 48045 10439 84833 34195 24164 20081 2459 1425 832 653 1034 786872 331064 455808 140185 6373 16053 1878298 309990 2201
cat_boundaries=0 1 2 3 4 5 6 7 8 9 10 11 12 13 14 15 16 17 18
cat_threshold=4 393 225 78 26 1 1 3 49 526 5 129 13 544 1 65 6 2
is_linear=0
shrinkage=0.08


Tree=82
num_leaves=31
num_cat=13
split_feature=33 1 19 34 17 13 11 42 19 37 42 34 13 16 6 34 41 41 17 42 41 34 13 5 7 19 11 37 34 7
split_gain=271.035 208.537 198.583 208.235 309.139 240.728 221.952 193.217 282.185 176.703 166.471 182.427 194.93 161.49 263.075 320.468 343.096 332.277 249.204 208.336 278.187 203.217 159.229 171.65 390.783 158.447 406.042 155.793 192.306 162.581
threshold=1.0000000180025095e-35 2.5000000000000004 2540.8850097656255 0 7.5000000000000009 781.27502441406261 25.500000000000004 1 61.675001144409187 2 3 4 1168.4500122070315 1.0000000180025095e-35 309.10002136230474 5 6 7 12.500000000000002 8 9 10 2196.3249511718755 2.5000000000000004 1147.0150146484377 1254.0749511718752 7.5000000000000009 11 12 3407.425170898438
decision_type=2 2 2 1 2 2 2 9 2 1 9 1 2 2 2 1 9 9 2 9 9 1 2 2 2 2 2 1 1 2
left_child=1 27 3 4 10 6 7 8 -6 -9 -3 12 -12 14 19 17 -17 -16 -19 20 -2 25 23 24 -5 -15 -27 28 29 -1
right_child=13 2 -4 22 5 -7 -8 9 -10 -11 11 -13 -14 21 15 16 -18 18 -20 -21 -22 -23 -24 -25 -26 26 -28 -29 -30 -31
leaf_value=0.02883323421633496 -0.013956598788365809 -0.021743410164277832 -0.024947677314287584 0.01136587445827841 0.54945691500987681 0.021790831513519668 0.41067325069403171 0.12005086780101054 0.15224072229935734 -0.0081067771329650512 0.041323910879376945 -0.0095030707350553297 0.2656168626023564 -0.018434075310754427 -0.014884844312000585 -0.02955881856704674 0.076853054116307898 0.19861219393173335 0.023521849033292779 -0.012278602174704275 0.079124454723045773 -0.045208190423196716 0.098308016985017371 -0.0064541634173672455 0.26281584737604424 0.37320195418290547 0.036372384053233071 -0.0004900276659306589 0.0029151899739323374 0.15335711538279051
leaf_weight=1864.1389303542674 348.74515370372683 577.88973363349214 1052.1884645940736 8496.9079677751288 12.515674658119677 320.91848472552374 15.481562408618627 128.28031713142991 133.94839993817732 142.43985215947032 1126.9119387716055 567.66500836703926 25.356669019907713 158.79508552420884 99.229339157696813 356.23228539014235 408.23699847050011 245.53149494715035 66.011944131460041 1057.169928485062 492.66588098928332 450.66828923579305 120.05485673714429 4736.0680804573931 39.740989583544433 27.649162691086531 133.49224461428821 303948.80638150102 4410.501401534304 69.609075020998716
leaf_count=12641 4499 5996 15061 68648 91 3745 89 724 1174 1326 5366 4790 109 1892 1233 5391 3702 1365 753 7313 3383 5246 1538 56126 213 208 1712 2648539 31695 262
internal_value=0.00049596 0.00024828 0.00874587 0.0109018 0.0297302 0.0742917 0.113233 0.102195 0.174284 0.0547338 0.0152454 0.0276392 0.0458617 0.0216141 0.0298237 0.0595705 0.0275252 0.115721 0.15649 0.0114101 0.0408337 -0.0111329 0.00658478 0.00576009 0.0125365 0.037119 0.0941667 -0.00023087 0.0121668 0.0331443
internal_weight=331634 327789 17496.4 16444.2 3051.41 753.584 432.666 417.184 146.464 270.72 2297.82 1719.93 1152.27 3844.43 3073.82 1175.24 764.469 410.773 311.543 1898.58 841.411 770.605 13392.8 13272.7 8536.65 319.936 161.141 310293 6344.25 1933.75
internal_count=2894830 2858133 164996 149935 23410 7149 3404 3315 1265 2050 16261 10265 5475 36697 27639 12444 9093 3351 2118 15195 7882 9058 126525 124987 68861 3812 1920 2693137 44598 12903
cat_boundaries=0 1 2 3 4 5 6 7 8 9 10 11 12 13
cat_threshold=18 8 34 10 2 34 50 21 11 50 99 2 48
is_linear=0
shrinkage=0.08


Tree=83
num_leaves=31
num_cat=20
split_feature=47 35 38 45 34 33 36 34 12 3 14 41 46 38 45 41 34 38 3 37 36 43 11 43 38 12 11 34 18 12
split_gain=487.41 306.54 251.313 405.436 498.799 451.872 351.729 259.833 248.422 240.246 237.074 234.847 215.68 279.712 214.989 359.652 579.215 507.505 566.903 370.707 592.322 353.547 372.146 348.489 329.953 669.69 350.789 320.72 314.899 1157.65
threshold=0 1 2 3 4 1.0000000180025095e-35 5 6 194.02500152587893 35.07500076293946 4.5000000000000009 7 8 9 10 11 12 13 125.42499923706056 14 15 16 34.500000000000007 17 18 23388.625000000004 13.500000000000002 19 266.02499389648443 252.60499572753909
decision_type=1 1 1 9 1 2 9 1 2 8 2 9 1 1 9 9 1 1 8 1 9 9 2 9 1 2 2 1 2 2
left_child=2 -2 3 4 5 -1 8 -5 -6 12 14 -9 13 -3 15 16 17 18 23 -20 -21 22 -18 -4 25 -17 -27 -16 29 -22
right_child=1 9 10 7 6 -7 -8 11 -10 -11 -12 -13 -14 -15 27 24 21 -19 19 20 28 -23 -24 -25 -26 26 -28 -29 -30 -31
leaf_value=-0.052211712315721207 0.0013935095048837776 -0.077702667097025349 0.48725401915188116 0.014178328290837853 0.039630968519679337 0.13776866622889392 -0.030355439894593741 0.015826309562031137 0.096860588272311698 0.0066641047996757749 -0.046859954777439969 -0.054603722187593524 -0.044676995813020835 0.034866504226794999 -0.026341644871653819 0.0081008614040278745 0.015055246826428436 -0.017770984777106928 0.003952658405683665 0.20278757707617387 0.075323183920894862 -0.012807476549569374 0.30769672594174163 -0.05851647066492164 -0.0083163993547039003 0.61386284080773357 0.15378610741917645 -0.005203183578670412 0.021212864107437817 0.78823299328847907
leaf_weight=673.99606765061617 152448.68486543 138.22732471860945 19.557875741273165 1340.6146134082228 2157.7267392389476 90.937708124518394 370.17941987514496 423.86732215806842 626.34124119952321 60982.285356095061 820.8915605796501 1048.9055174067616 257.37503644451499 3866.1131251081824 5037.8389381174929 8313.3754623774439 4907.7509857779369 821.57800896652043 828.95732267946005 181.96882802434266 932.29016854614019 5482.2281792089343 27.969832536764443 14.85110257938504 27860.688909735065 16.057787884026766 31.242051364853978 51324.921472745016 945.89033297309652 14.80924602691084
leaf_count=4617 689389 429 80 7789 9725 204 2204 2855 2623 171962 22722 8214 597 6401 153698 113055 52448 7072 32501 1884 16376 133730 143 196 522033 67 228 903908 27713 355
internal_value=0.0011366 0.00335783 -0.00309332 0.0118907 0.0284991 -0.0292439 0.0425504 -0.0112646 0.0523182 0.00794622 -0.00403176 -0.0343638 0.026311 0.0308737 -0.00370283 9.4267e-05 0.0108916 0.0377666 0.0533029 0.0496592 0.0675745 0.00116533 0.0166798 0.376297 -0.00413389 0.00979698 0.309977 -0.00709693 0.0535795 0.0864705
internal_weight=332008 217693 114315 6732.57 3919.18 764.934 3154.25 2813.39 2784.07 65244 107583 1472.77 4261.72 4004.34 106762 50399.2 14177.9 3759.9 2938.32 2903.92 2074.96 10417.9 4935.72 34.409 36221.4 8360.68 47.2998 56362.8 1892.99 947.099
internal_count=2895218 868778 2026440 38231 19373 4821 14552 18858 12348 179389 1988209 11069 7427 6830 1965487 907881 272498 86177 79105 78829 46328 186321 52591 276 635383 113350 295 1057606 44444 16731
cat_boundaries=0 1 2 3 4 5 6 7 8 9 10 11 12 13 14 15 16 17 18 19 20
cat_threshold=4 8 129 9 9 208 108 18 1 1 14 5 40 300 20 97 10 4 6 32
is_linear=0
shrinkage=0.08


Tree=84
num_leaves=31
num_cat=10
split_feature=33 1 42 38 3 31 3 13 22 4 7 45 4 35 43 42 1 38 19 13 34 4 38 18 3 36 7 3 19 18
split_gain=230.146 194.664 181.737 291.087 246 212.679 196.123 177.082 193.199 179.248 171.515 166.852 174.444 155.402 292.841 362.909 524.594 573.927 346.634 259.934 227.998 307.805 439.454 300.173 276.489 262.563 266.107 229.719 213.158 572.875
threshold=1.0000000180025095e-35 5.5000000000000009 0 1 314.34999084472662 inf 409.75000000000006 2196.3249511718755 1.0000000180025095e-35 35.500000000000007 1093.2500000000002 2 56.500000000000007 3 4 5 2.5000000000000004 6 676.19998168945324 887.02499389648449 7 4.5000000000000009 8 1333.0250244140627 131.51499938964847 9 84.799995422363295 449.01499938964849 11.34999990463257 154.32499694824222
decision_type=2 2 9 1 8 8 10 2 2 10 2 9 10 1 9 9 2 1 2 2 1 8 1 2 10 9 2 10 2 2
left_child=1 13 3 4 10 7 -7 9 -9 -6 -2 12 -5 14 15 16 17 18 -1 -20 21 22 -16 24 -23 26 -22 -27 -18 -30
right_child=2 -3 -4 11 5 6 -8 8 -10 -11 -12 -13 -14 -15 20 -17 28 -19 19 -21 25 23 -24 -25 -26 27 -28 -29 29 -31
leaf_value=0.11165161431468104 0.092189346421719581 0.045949832564623198 0.0067090991351018026 0.018644448964398107 -0.081387307156529157 -0.0096201079719850889 0.40168219467823252 0.23591308710033251 -0.10499558138130911 0.16277878888348629 0.23411260631265063 -0.068897690513720605 0.34070694405182872 -0.00024193225605066181 0.045998465362086974 -0.0087124748273608426 0.051574913208709931 -0.043638449003499245 0.75660973988040925 0.26454927600521472 -0.012211257919408689 0.03115804613083693 -0.030664249617780293 0.26217249227686829 0.13351210926364543 -0.0049732344852380936 0.31643538470044541 0.025750862984813098 0.62589175060578339 0.16731286524566866
leaf_weight=112.60431826300919 438.9231911348179 595.2998349010013 2497.8531460701488 491.32750736456364 153.77948515769094 13.67590685002506 16.219291033223271 32.012533019296825 15.935164093971251 21.994883371517062 62.222891477867961 147.77604109514505 11.0046638417989 309831.9500575664 849.58505509980023 310.78178618010134 21.964027401059866 169.58877398446202 9.5704844016581756 24.3570955703035 27.839566322043538 1151.4341895310208 1069.7489095386118 42.472047487273812 197.94366750773042 10563.788808204699 36.364648252725601 1826.7982423934154 27.472455042414367 47.716387119144201
leaf_count=998 2621 3073 20936 6014 2582 102 172 245 291 93 244 3218 43 2740416 2900 3090 157 2173 121 237 148 5271 7623 175 479 77461 95 14064 70 283
internal_value=0.000474865 0.000244317 0.019787 0.0426878 0.076309 0.0131186 0.213527 -0.0136613 0.122614 -0.0508345 0.109811 0.00308963 0.0251983 0.000160938 0.00772595 0.05713 0.10568 0.0582697 0.167744 0.403352 0.00542228 0.0240484 0.00335007 0.0527638 0.0461726 0.000455085 0.150492 -0.000443089 0.270822 0.334868
internal_weight=330820 326917 3902.72 1404.87 754.763 253.617 29.8952 223.722 47.9477 175.774 501.146 650.108 502.332 326322 16490 724.055 413.274 316.121 146.532 33.9276 15766 3311.18 1919.33 1391.85 1349.38 12454.8 64.2042 12390.6 97.1529 75.1888
internal_count=2895395 2858834 36561 15625 6350 3485 274 3211 536 2675 2865 9275 6057 2855761 115345 7129 4039 3529 1356 358 108216 16448 10523 5925 5750 91768 243 91525 510 353
cat_boundaries=0 1 2 3 4 5 6 7 8 9 10
cat_threshold=10 348 5 4 32 8 32 35 705 32
is_linear=0
shrinkage=0.08


Tree=85
num_leaves=31
num_cat=19
split_feature=22 36 4 34 38 43 4 4 41 4 42 37 41 4 34 37 38 42 38 13 13 36 23 34 38 4 39 43 12 34
split_gain=168.446 248.908 226.991 465.163 371.276 426.581 249.207 679.096 234.932 244.092 217.771 234.3 214.547 1154.17 657.533 302.123 286.299 282.963 230.777 224 393.712 306.767 271.081 244.124 244.068 247.416 305.107 222.622 213.197 203.304
threshold=1.0000000180025095e-35 0 18.500000000000004 1 2 3 45.500000000000007 41.500000000000007 4 23.500000000000004 5 6 7 inf 8 9 10 11 12 108.00001525878908 128.09999847412112 13 3.5000000000000004 14 15 9.5000000000000018 16 17 289.27499389648443 18
decision_type=2 9 10 1 1 9 10 10 9 10 9 1 9 8 1 1 1 9 1 2 2 9 2 1 1 10 9 9 2 1
left_child=12 -2 -3 8 5 6 7 -5 9 -4 11 -6 13 -1 18 19 -16 -17 -15 24 21 22 23 -21 -14 28 -27 -22 -26 -20
right_child=1 2 3 4 10 -7 -8 -9 -10 -11 -12 -13 15 14 16 17 -18 -19 29 20 27 -23 -24 -25 25 26 -28 -29 -30 -31
leaf_value=-0.001621191536203426 0.086999383384550738 0.0035936811519306573 0.2341082450764293 0.094520958017225487 0.09057039170469057 -0.016054419804778907 -0.011919969128065368 0.39489075617912833 0.035133964336013367 0.0061931654475790342 -0.032522622546685663 -0.0084387148106302989 0.011792331836918999 0.11928276941343065 0.015974096476314054 -0.0062320853824090671 -0.41494717854889118 0.0030313204373825921 0.041147216035205936 0.13658996411009786 -0.010705505045252788 -0.0089082303707415066 0.29815489626179859 0.019136483861343003 -0.0020659425711294557 0.25432977749531244 0.034251313629816357 0.019619173051935359 -0.043039640162439316 -0.16495519405959652
leaf_weight=156995.58478888846 229.99586257711053 35246.514329456491 143.68038071319461 262.47525067999959 233.33403587713838 257.24111650045961 75.434894200414419 59.000918250530958 153.38229490444064 38.034899270161986 888.55718798516318 413.79998072423041 14772.529547043145 29.470226358622313 19.57327991258353 31304.554608977633 72.052495638374239 64715.261548210867 43.278788731433451 284.2828009724617 1903.0998391550966 213.30052614025772 43.777514031156898 206.20250976318493 12850.137981051579 46.132364153862 319.76271024718881 8257.4898682078347 867.61320605501533 97.948250067420304
leaf_count=1393842 1045 374687 403 1751 917 2126 556 220 708 176 5890 2861 103112 37 46 284514 732 544880 118 1779 32640 1165 327 1936 68419 135 1104 62238 6305 543
internal_value=0.000760006 0.00577122 0.00525218 0.0284246 0.0146182 0.0646219 0.116018 0.149648 0.114787 0.17668 -0.00696187 0.0280955 0.000110156 -0.00190122 -0.169567 0.00243959 -0.330379 1.09136e-05 -0.0603564 0.00830268 0.0180706 0.074103 0.105438 0.0903869 0.00461309 -0.00292361 0.061999 0.0139481 -0.00465743 -0.103251
internal_weight=331044 38001.5 37771.5 2524.94 2189.84 654.152 396.911 321.476 335.098 181.715 1535.69 647.134 293042 157258 262.323 135784 91.6258 96019.8 170.697 39764.3 10908.2 747.563 534.263 490.485 28856.2 14083.6 365.895 10160.6 13717.8 141.227
internal_count=2895212 391340 390295 15608 14321 4653 2527 1971 1287 579 9668 3778 2503872 1395318 1476 1108554 778 829394 698 279160 100085 5207 4042 3715 179075 75963 1239 94878 74724 661
cat_boundaries=0 1 2 3 4 5 6 7 8 9 10 11 12 13 14 15 16 17 18 19
cat_threshold=32 4 260 9 2 9 4 35 22 34 8 33 514 128 42 936 1 35 4
is_linear=0
shrinkage=0.08


Tree=86
num_leaves=31
num_cat=13
split_feature=47 34 36 45 34 7 43 1 3 45 41 26 20 4 4 4 1 4 45 37 41 3 3 4 45 4 43 1 1 3
split_gain=338.829 275.346 274.514 336.871 571.324 343.83 263.244 257.63 234.234 324.198 562.037 542.719 427.455 375.443 318.999 610.257 313.159 470.287 292.341 477.302 242.687 239.227 458.355 232.299 454.137 738.772 536.697 1245.63 1336.16 980.637
threshold=0 1 2 3 4 51.549995422363288 5 1.5000000000000002 490.43000793457037 6 7 9.2500000000000018 1.0000000180025095e-35 19.500000000000004 23.500000000000004 26.500000000000004 2.5000000000000004 20.500000000000004 8 9 10 76.880001068115249 110.61500167846681 1.0000000180025095e-35 11 4.5000000000000009 12 1.0000000180025095e-35 3.5000000000000004 705.40499877929699
decision_type=1 1 9 9 1 2 9 2 10 9 9 10 2 10 10 10 2 10 9 1 9 10 10 10 9 10 9 2 2 10
left_child=2 -2 3 4 -1 -6 -5 -3 18 10 12 16 13 -10 -12 -16 -11 -18 19 20 -8 -22 -23 -4 25 26 27 -25 -29 -28
right_child=1 7 23 6 5 -7 8 -9 9 11 14 -13 -14 -15 15 -17 17 -19 -20 -21 21 22 -24 24 -26 -27 29 28 -30 -31
leaf_value=-0.051343477928087709 0.0058140585246428834 -0.00058955911373564842 -0.0030598222928826775 0.097127610012051543 0.028242602298107378 0.20497189857643305 -0.070700799081859278 0.021519076705393356 0.2521310223555413 -0.084963976026129068 -0.074168379451716199 0.42174486813273654 -0.08813559877245053 -0.089467193168264555 0.39788200806246776 -0.093792981298226746 -0.034476910389541066 0.34793159404152302 -0.058532895552033434 -0.029764114802151274 -0.087191058852523137 0.5794134216362492 0.13576314902140188 0.19390741889566213 -0.0079877524713820331 0.0064232878406474108 0.0079121074037475977 -0.049250209646708294 0.39105818395116387 0.30998366977849207
leaf_weight=231.11281237239018 109380.67304380983 104738.61873475136 92863.855779733276 98.400351015850902 135.86030679754913 146.34632095508277 40.098087877035141 3485.5436142720282 151.0116641074419 410.08484114939347 209.6976939807646 15.844212964642791 38.746025366708636 23.842888867482543 29.477489661425352 35.750068631023169 74.573634311556816 28.428042661398649 2091.2343217264861 1399.1854042699561 23.413975544273853 16.93127316609025 124.46905183978379 491.65912832319736 6927.4062263295054 6834.5017771921121 1173.1988206272945 358.50784688536078 50.296833893284202 73.064596098847687
leaf_count=3840 406372 456542 1781616 497 1478 1036 657 5936 1427 7280 3220 156 571 288 61 379 785 88 25966 18692 402 105 1281 3454 80744 73429 12244 6039 421 325
internal_value=0.00113223 0.00298366 -0.00239882 -0.0201176 0.0409967 0.115788 -0.0267096 0.000122476 -0.0294954 0.00443155 0.0508483 -0.0386697 0.145468 0.205551 -0.0251908 0.128404 -0.053641 0.0710663 -0.0389165 -0.0128977 0.0982961 0.141104 0.188886 -0.00152948 0.00740263 0.019261 0.0602219 0.106922 0.00492265 0.0254177
internal_weight=331702 217605 114097 5324.51 513.319 282.207 4811.19 108224 4712.79 1017.46 488.526 528.931 213.601 174.855 274.925 65.2276 513.087 103.002 3695.33 1604.1 204.912 164.814 141.4 108772 15908.6 8981.23 2146.73 900.464 408.805 1246.26
internal_count=2895331 868850 2026481 68209 6354 2514 61855 462478 61358 14255 5946 8309 2286 1715 3660 440 8153 873 47103 21137 2445 1788 1386 1958272 176656 95912 22483 9914 6460 12569
cat_boundaries=0 1 2 3 4 5 6 7 8 9 10 11 12 13
cat_threshold=4 29 24 32 120 2 1 32 4 73 33 9 5
is_linear=0
shrinkage=0.08


Tree=87
num_leaves=31
num_cat=15
split_feature=47 2 32 41 43 32 2 38 40 31 44 38 11 3 44 37 22 3 18 4 44 38 1 38 41 43 3 4 3 37
split_gain=293.056 394.749 365.621 349.942 451.233 273.068 339.902 309.744 256.775 224.264 215.387 200.416 230.899 209.312 195.245 191.361 258.778 358.83 308.033 313.548 258.322 334.199 237.617 276.641 271.364 467.662 294.549 351.985 237.121 260.659
threshold=0 inf -7.3650000095367423 1 2 -7.3650000095367423 inf 3 4 1.0000000180025095e-35 5 6 29.500000000000004 43.870000839233406 7 8 2.5000000000000004 91.865001678466811 3361.6149902343755 1.0000000180025095e-35 9 10 3.5000000000000004 11 12 13 321.43499755859381 1.5000000000000002 344.47000122070318 14
decision_type=1 8 10 9 9 10 8 1 1 10 9 1 2 10 9 1 2 10 2 10 9 1 2 1 9 9 10 10 10 1
left_child=5 2 -2 4 -3 6 -1 14 -6 15 -7 12 13 -5 -8 16 20 -18 -19 -20 21 -4 -17 24 -24 26 -26 -28 29 -22
right_child=1 3 9 11 8 10 7 -9 -10 -11 -12 -13 -14 -15 -16 22 17 18 19 -21 28 -23 23 -25 25 -27 27 -29 -30 -31
leaf_value=-0.0019297561161966503 0.003206150046698302 0.058173033308213599 0.052212979455980364 0.041910417364263521 0.0070508033441332163 0.0054251987941271156 0.010498136872247077 0.040861085356359232 -0.087282247378575747 0.015617537513895653 0.021067269200070255 -0.065670383415936368 0.19883550150224458 -0.046477471689144075 -0.05439277220495168 -0.0029079041048348077 0.21369702647722619 -0.05548433331566377 -0.020240857321418271 0.27329916205742555 -0.0074925928589991333 -0.0037750949141928322 -0.055564730463331317 -0.00094268677027759017 0.5391469080882344 0.060435768729290733 -0.090184972614762299 0.39050340549840573 -0.028826373273445449 -0.042164966378235899
leaf_weight=59949.513585457578 79599.227657696698 575.65503381565213 882.31378822028637 227.45526033267379 409.50498008169234 67527.154848016798 1339.7443772461265 2337.652381375432 329.09911194257438 3636.1999025731348 6146.7724376376718 1373.5451816404238 30.545481741428375 696.64129448123276 381.18341816030443 70984.51191094541 76.053640674799681 151.85383014171384 45.721331960055977 47.467149576172233 23106.240983532742 2899.6935591297224 87.551256816834211 781.97928282991052 25.277432354167104 437.13350543193519 16.6963099706918 23.43166634067893 4919.0159207168035 1468.020495607052
leaf_count=111857 980380 790 1518 688 1282 132063 3890 5117 1814 16243 11950 12395 44 4376 1013 1137556 227 2260 1084 133 213792 34567 1345 11553 141 3131 345 132 116610 87913
internal_value=0.000590247 -0.00142265 -0.000920408 -0.027509 0.00561057 0.00340941 -0.000412903 0.0219926 -0.0355855 -0.0039177 0.00673025 -0.0460313 -0.0173866 -0.0247219 -0.00385273 -0.00458813 -0.00957671 0.061895 0.0147802 0.129279 -0.0102693 0.00941458 -0.00227021 0.0307043 0.0714477 0.094228 0.28211 0.1905 -0.0127934 -0.00958406
internal_weight=330513 192831 189188 3642.45 1314.26 137682 64008.1 4058.58 738.604 109589 73673.9 2328.19 954.642 924.097 1720.93 105953 33596.4 321.096 245.042 93.1885 33275.3 3782.01 72356.6 1372.07 590.09 502.539 65.4054 40.128 29493.3 24574.3
internal_count=2896209 2630319 2608930 21389 3886 265890 121877 10020 3096 1628550 144013 17503 5108 5064 4903 1612307 458104 3704 3477 1217 454400 36085 1154203 16647 5094 3749 618 477 418315 301705
cat_boundaries=0 1 2 3 4 5 6 7 8 9 10 11 12 13 14 15
cat_threshold=2 16 4 649 8 2 658 2 20 1 722 728 36 4 4
is_linear=0
shrinkage=0.08


Tree=88
num_leaves=31
num_cat=19
split_feature=47 2 45 27 42 38 42 32 35 18 42 47 45 2 38 35 41 38 42 38 6 20 12 42 17 35 11 7 35 42
split_gain=331.684 245.702 380.688 274.341 278.268 266.755 245.719 240.13 238.826 230.427 318.308 275.484 584.043 227.351 253.304 216.65 269.107 235.402 256.045 215.719 338.308 414.943 289.817 381.001 339.826 261.367 260.878 334.113 258.816 422.812
threshold=0 1.5000000000000002 1 7.5000000000000009 2 3 4 5.3949999809265146 5 1613.5750122070315 6 7 8 inf 9 10 11 12 13 14 484.00001525878912 2.5000000000000004 2936.799926757813 15 5.5000000000000009 16 18.500000000000004 105.00499725341798 17 18
decision_type=1 8 9 8 9 1 9 10 1 2 9 1 9 8 1 1 9 1 9 1 2 2 2 9 2 1 2 2 1 9
left_child=7 3 5 4 -2 8 -4 13 -3 10 -10 12 -12 -1 -15 16 -8 -17 -19 28 22 -22 24 25 -21 -24 -27 -28 29 -5
right_child=1 2 6 19 -6 -7 15 -9 9 -11 11 -13 -14 14 -16 17 -18 18 -20 20 21 -23 23 -25 -26 26 27 -29 -30 -31
leaf_value=0.0016176400465944174 -0.014880191880739285 -0.072906280885652194 -0.094296498462258946 -0.02497085587690159 0.1241211693783011 0.00080907530790707367 0.21002617638704865 0.013282260686449903 0.028977346336320639 -0.062304698501092902 0.033964936275647964 -0.049111737782488937 -0.064709406043488626 0.0012281043598595465 0.037685708666979574 -0.06394293356977665 -0.080340487743275443 0.0452238453222812 -0.029531687031703939 0.00083425307540513762 0.016674268544242702 -0.032937441332947973 0.12080948303054247 -0.030608050635229613 -0.015157692383456498 -0.025056456854989199 0.23760456583438938 -0.054039722096556678 -0.0070857936125255684 0.010535361956227679
leaf_weight=118355.29696205445 159.75696132984012 498.83367516938597 395.46684493636712 2561.1008850364015 214.58389832824469 12750.873712809756 45.06347684096545 14256.464874194935 1069.9430827368051 578.13004922261462 1097.97753626341 1318.3217153232545 577.43735467223451 2481.6892904601991 2400.5383511912078 896.68548430246301 29.039901073090732 366.75806287722662 1325.3502967800014 78364.363847472239 13491.749977910426 1172.7303689378314 366.31285930518061 319.59831468062475 9539.457190876361 233.34601544775069 65.738978306297213 40.707537854555994 51784.123586875852 12998.250788189238
leaf_count=227010 2434 14818 4901 49584 848 99942 162 26630 16127 15400 20337 13956 14291 6742 5414 16032 414 3521 12775 777174 161540 16472 3201 4374 129933 4390 305 842 857468 388777
internal_value=0.000452366 -0.00169325 -0.00987132 -0.000693145 0.067718 -0.00539755 -0.0359079 0.00345264 -0.0207642 -0.015016 -0.00832534 -0.0216815 -0.00022701 0.00231552 0.0192336 -0.0269163 0.100213 -0.030927 -0.0131582 -0.00084296 0.00144845 0.0127068 -0.000407889 0.0418708 -0.000901217 0.0740609 0.0216506 0.126073 -0.00436738 0.00467868
internal_weight=329756 192262 20949.9 171312 374.341 17891.5 3058.36 137494 5140.64 4641.81 4063.68 2993.74 1675.41 123238 4882.23 2662.9 74.1034 2588.79 1692.11 170937 103594 14664.5 88929.5 1025.7 87903.8 706.105 339.793 106.447 67343.5 15559.4
internal_count=2895814 2630018 232676 2397342 3282 194871 37805 265796 94929 80111 64711 48584 34628 239166 12156 32904 576 32328 16296 2394060 1098231 178012 920219 13112 907107 8738 5537 1147 1295829 438361
cat_boundaries=0 1 2 3 4 5 6 7 8 9 10 11 12 13 14 15 16 17 18 19
cat_threshold=2 13 41 60 2 1 17 4 12 643 4 5 165 8 38 25 8 5 32
is_linear=0
shrinkage=0.08


Tree=89
num_leaves=31
num_cat=8
split_feature=47 42 45 0 20 4 4 40 1 9 7 19 6 19 13 4 7 2 1 11 45 4 2 42 19 41 16 39 7 6
split_gain=414.775 309.643 465.568 381.106 395.513 534.404 509.613 360.645 307.176 298.216 284.862 426.662 284.445 266.494 254.177 382.676 309.733 252.737 246.221 274.714 246.029 252.15 259.037 431.722 485.151 231.382 231.33 225.671 220.416 248.891
threshold=0 1 2 1.5000000000000002 1.0000000180025095e-35 56.500000000000007 60.500000000000007 3 1.0000000180025095e-35 1.0000000180025095e-35 840.27499389648449 243.77500152587893 39.000007629394538 2947.724975585938 1825.5849609375002 41.500000000000007 193.07498168945315 2.5000000000000004 2.5000000000000004 39.500000000000007 4 7.5000000000000009 1.5000000000000002 5 98.049999237060561 6 2.5000000000000004 7 68.049995422363295 1842.8504028320315
decision_type=1 9 9 2 2 10 10 1 2 2 2 2 2 2 2 10 2 8 2 2 9 10 8 9 2 9 2 9 2 2
left_child=1 2 -1 7 18 -6 -7 -3 -2 12 11 -11 13 -4 -14 16 -16 -9 19 -5 21 22 -20 24 -24 -22 -21 -18 -13 -30
right_child=8 3 9 4 5 6 -8 17 -10 10 -12 28 14 -15 15 -17 27 -19 20 26 25 -23 23 -25 -26 -27 -28 -29 29 -31
leaf_value=-0.041925042360885845 0.00066490372474996826 -0.027297106991136709 0.030374008636979807 -0.01106912471289557 -0.033107371763129563 0.39620453017589102 -0.088792068472366023 0.0017392724313746617 0.0084602315842639171 -0.090707226308601771 -0.030954326079043481 0.45282477597114151 -0.0056947916444230187 0.23078388515033232 0.1861792776561973 0.44395287989920046 -0.049044033623463407 -0.024192424192583821 0.012117349365042994 0.048426182680782026 0.027272594174162643 0.12214639395433834 0.44329256868156985 -0.06209308288899424 0.070642258426988166 -0.014142237595669694 0.32246272553931704 0.051836640705050049 0.081620020845742117 0.26785701138684809
leaf_weight=971.2445982217323 176256.55963535793 3127.942353609018 2805.8533305870369 32739.543170700781 5543.0085292311851 36.070026761852205 22.524405281059444 53499.419755646959 39624.957032258157 44.939193007070571 92.71173994615674 17.495697440113872 4285.6689686733298 43.117294948082417 79.141955328639597 15.088712936267255 212.19669370213524 2518.6352862105705 1610.2499997508712 74.680971869966015 1143.1276460844092 174.43909384775907 41.336787386797369 53.377959264907986 48.701951599679887 3428.511235662736 26.786126331426203 428.51068992819637 114.72663012007251 76.582395851612091
leaf_count=25565 788446 36113 36190 710028 183066 114 445 792808 80819 961 2158 120 86756 339 1150 84 3490 27674 18566 1389 26180 1040 252 725 852 57182 170 10749 1618 539
internal_value=3.86332e-05 -0.0038818 0.0101903 -0.00512436 -0.0106781 -0.0305668 0.209766 -0.000905194 0.00209573 0.0163945 0.0890546 0.132903 0.0132165 0.0334071 0.00175932 0.0452267 0.0368691 0.000573252 -0.00784619 -0.0106618 0.00638009 0.0302607 0.0212933 0.124319 0.217563 -0.00374963 0.120769 0.0184258 0.181029 0.156172
internal_weight=329157 113276 9187.28 104088 44942.4 5601.6 58.5944 59146 215882 8216.03 346.456 253.744 7869.58 2848.97 5020.61 734.938 719.849 56018.1 39340.8 32841 6499.74 1928.11 1753.67 143.417 90.0387 4571.64 101.467 640.707 208.805 191.309
internal_count=2895588 2026323 169719 1856604 1000009 183625 559 856595 869265 144154 5396 3238 138758 36529 102229 15473 15389 820482 816384 711587 104797 21435 20395 1829 1104 83362 1559 14239 2277 2157
cat_boundaries=0 1 2 3 4 5 6 7 8
cat_threshold=4 1 32 1 42 40 36 1
is_linear=0
shrinkage=0.08


Tree=90
num_leaves=31
num_cat=12
split_feature=41 36 4 4 38 35 34 38 16 11 36 45 34 34 38 33 36 4 5 13 3 21 18 13 13 4 22 18 5 6
split_gain=219.93 203.686 200.245 279.679 200.328 187.276 232.4 209.078 209.091 344.27 215.424 251.206 314.982 197.821 246.964 182.171 226.007 181.556 172.912 218.717 159.302 154.907 143.66 189.169 168.357 353.56 240.233 203.402 217.817 254.186
threshold=0 1 58.500000000000007 57.500000000000007 2 3 4 5 1.5000000000000002 11.500000000000002 6 7 8 9 10 1.0000000180025095e-35 11 53.500000000000007 1.0000000180025095e-35 1645.1250610351565 314.34999084472662 1.0000000180025095e-35 138.06999969482425 980.37500000000011 1127.5999755859377 17.500000000000004 1.0000000180025095e-35 3601.3000488281255 5.5000000000000009 1701.100036621094
decision_type=9 9 8 8 1 1 1 1 2 2 9 9 1 1 1 2 9 10 2 2 8 2 2 2 2 10 2 2 2 2
left_child=1 21 3 5 -5 7 18 8 10 -10 13 12 20 14 -3 -8 -17 -9 -7 22 -12 -1 23 -20 -24 27 -27 -26 -29 -30
right_child=-2 2 -4 4 -6 6 15 17 9 -11 11 -13 -14 -15 -16 16 -18 -19 19 -21 -22 -23 24 -25 25 26 -28 28 29 -31
leaf_value=-0.045977062607773303 0.0015283197611211867 -0.015548328620712443 -0.054220394229283778 0.1967228040224433 -0.018770316605762741 -0.0026719716625248041 -0.0065604326634829159 -0.035841451636634727 0.28211907108108436 -0.077230031140028341 0.33284591630900273 -0.029244978078829767 -0.057336759229373618 0.011300301633183511 0.21454395961940909 0.16331130814085945 0.014378567069774847 0.16427775590380331 0.024530279057290362 -0.0229425501100416 0.10441958391906518 0.099949412560125808 0.0046188644877133544 0.24639790434028341 0.0043158496683908401 -0.016206284436994334 0.26752429051891591 -0.059142678561886791 0.29044576628191693 0.072586045233296634
leaf_weight=974.48390705883503 250309.44261094206 54.424884013831615 482.93965469906107 66.91796837374568 48.04869718849659 16422.624870385975 36787.134656017181 2560.8997260313481 41.469992121681571 28.990698333829641 32.620408196002245 1701.1164751118049 60.476452622562647 714.29680046997964 67.532193949446082 76.319295210763812 295.92785429256037 29.346911386586726 3297.0094857546501 1283.2781832376495 48.724904401227832 48.892572181299329 11421.686761973426 24.779523900710046 766.96318742446601 26.750221433117986 66.768921229988337 47.280199948232621 48.143942163791507 118.9804022712633
leaf_count=7476 2194652 501 3128 84 350 142348 316964 29427 277 357 76 17920 432 4539 281 213 2748 127 27542 16160 197 237 117980 116 8607 250 171 572 376 1096
internal_value=0.000374492 -0.00334495 -0.00286873 -0.00254338 0.122139 -0.00273194 -0.001639 -0.0171638 -0.00176087 0.134267 -0.00534486 -0.0205819 0.0784111 0.0281442 0.118466 -0.00599536 0.0496867 -0.033445 0.00319008 0.00882125 0.174562 -0.0386279 0.0113981 0.0261853 0.00746743 0.0377362 0.186366 0.0235726 0.0924572 0.135345
internal_weight=327954 77644.8 76621.5 76138.5 114.967 76023.5 70683.6 5339.9 2749.65 70.4607 2679.19 1842.94 141.822 836.254 121.957 37159.4 372.247 2590.25 33524.3 17101.6 81.3453 1023.38 15818.4 3321.79 12496.6 1074.89 93.5191 981.368 214.405 167.124
internal_count=2895204 700552 692839 689711 434 689277 635143 54134 24580 634 23946 18625 705 5321 782 319925 2961 29554 315218 172870 273 7713 156710 27658 129052 11072 421 10651 2044 1472
cat_boundaries=0 1 2 3 4 5 6 7 8 9 10 11 12
cat_threshold=2 48 704 1 116 774 74 8 36 8 256 64
is_linear=0
shrinkage=0.08


Tree=91
num_leaves=31
num_cat=13
split_feature=47 0 3 34 38 47 25 18 32 42 3 3 13 45 37 18 45 38 37 13 19 7 42 43 3 1 19 12 3 43
split_gain=350.104 233.594 204.621 173.981 248.433 180.521 331.91 223.372 180.639 206.741 178.775 455.695 447.575 444.839 436.028 413.645 271.81 280.276 248.795 248.309 219.877 232.709 204.927 288.243 250.169 204.551 202.442 380.342 522.149 317.67
threshold=0 1.5000000000000002 9.5650000572204608 1 2 3 3.5000000000000004 10033.079589843752 -7.3650000095367423 4 179.1549987792969 188.45500183105472 103.60000228881837 5 6 344.34999084472662 7 8 9 4004.180053710938 43.274999618530281 45.000003814697273 10 11 205.77500152587893 1.5000000000000002 113.22499847412111 252.60499572753909 247.59999847412112 12
decision_type=1 2 8 1 1 1 10 2 8 9 8 10 2 9 1 2 9 1 1 2 2 2 9 9 10 2 2 2 10 9
left_child=2 3 -1 4 -2 6 7 8 9 -6 25 12 18 14 19 -14 22 20 -12 -13 -18 -22 24 -24 -16 -10 27 29 -29 -15
right_child=1 -3 -4 -5 5 -7 -8 -9 10 -11 11 13 15 26 16 -17 17 -19 -20 -21 21 -23 23 -25 -26 -27 -28 28 -30 -31
leaf_value=-0.028545170961197935 0.010409634418270215 0.0063490356939376038 -0.0031153996131958921 -0.0017976597824034355 0.10793818599324684 0.004500262279664327 0.13692120168963579 -0.085558083348310734 -0.01557356042953794 -0.031167222086369406 0.046618399616175976 0.04941549840694464 0.2015484563969743 0.014134304428638871 -0.097149120568158803 0.033954862140327682 -0.042238621851124133 -0.038874888510939336 -0.060706629266978514 0.34874822220858148 0.21878902267732145 0.032373435728854039 0.10238301010360423 -0.080348940740004038 0.1567633624609627 0.059322924455473748 -0.055378596968914631 0.25212631373034006 -0.042811378508143545 -0.059670377520296414
leaf_weight=2062.8087408160791 22264.343478461262 56305.622278127354 110765.24438276212 95806.251880115829 173.83915126137435 23567.23142914474 103.08739800751209 228.9029259653762 9900.6015164712444 107.22122289985418 396.81355142965913 1151.8119356846437 197.86196198128164 730.94457545876503 29.551505226641893 179.99292941857129 107.1318319812417 1284.3839575611055 199.80504492856562 18.013756296597421 68.441539064049721 114.65260922908783 84.375056199729443 123.33552538603544 155.56456962972879 239.01140324771404 1111.2674733744934 78.957583187147975 74.818491009064019 750.30581884365529
leaf_count=24583 101076 164254 2002187 408634 616 45069 129 2096 82436 557 3036 11433 1456 6296 292 1569 754 12476 2196 73 181 662 300 908 556 256 12483 506 855 7449
internal_value=3.01846e-05 0.00192004 -0.00358033 0.000354081 0.00360321 -7.85632e-05 -0.00620615 -0.0070489 -0.00600884 0.0576026 -0.00706067 0.00291542 0.0535867 -0.0054771 0.0150945 0.121714 -0.00793614 -0.0228183 0.0104396 0.0535669 0.0471673 0.102057 0.0508034 -0.00482735 0.110272 -0.0138081 -0.028927 -0.0111257 0.108627 -0.0235578
internal_weight=328382 215554 112828 159249 63442.3 41177.9 17610.7 17507.6 17278.7 281.06 16997.6 6858.03 974.473 5883.56 3137.26 377.855 1967.44 1574.61 596.619 1169.83 290.226 183.094 392.827 207.711 185.116 10139.6 2746.29 1635.03 153.776 1481.25
internal_count=2895374 868604 2026770 704350 295716 194640 149571 149442 147346 1173 146173 63481 8257 55224 27635 3025 16129 14073 5232 11506 1597 843 2056 1208 848 82692 27589 15106 1361 13745
cat_boundaries=0 1 2 3 4 5 6 7 8 9 10 11 12 13
cat_threshold=4 44 675 1 40 9 19 8 16 36 8 1 40
is_linear=0
shrinkage=0.08


Tree=92
num_leaves=31
num_cat=16
split_feature=33 34 45 38 47 36 3 47 36 37 36 38 17 45 34 37 4 18 20 1 3 3 4 3 36 3 34 38 19 3
split_gain=171.145 299.347 207.899 217.787 283.747 197.765 253.538 176.473 334.665 321.395 361.317 325.437 406.575 326.539 394.979 447.968 502.496 377.503 667.196 693.366 370.188 652.556 373.542 316.599 313.771 394.018 371.289 344.835 299.178 294.199
threshold=1.0000000180025095e-35 0 1 2 3 4 375.86499023437506 5 6 7 8 9 94.500000000000014 10 11 12 17.500000000000004 11539.875000000002 2.5000000000000004 1.5000000000000002 405.55499267578131 261.34999084472662 22.500000000000004 194.02500152587893 13 462.03500366210943 14 15 993.07498168945324 76.880001068115249
decision_type=2 1 9 1 1 9 8 1 9 1 9 1 2 9 1 1 10 2 2 2 10 10 10 10 9 10 1 1 2 8
left_child=7 2 -2 4 -4 6 -3 -1 -9 10 -10 12 13 -11 15 16 17 29 19 28 21 -18 -23 -12 25 26 27 -13 -19 -15
right_child=1 5 3 -5 -6 -7 -8 8 9 11 23 24 -14 14 -16 -17 20 18 -20 -21 -22 22 -24 -25 -26 -27 -28 -29 -30 -31
leaf_value=0.0027616072966789211 0.055933904303244811 0.14744802796585232 0.085522211307737753 -0.057800913576694805 -0.066458403992554455 -0.012747610537826351 -0.10611731419276238 -0.015865982907494303 0.0058395993275588906 -0.0010377774701394442 0.0076913102123629196 0.083701650812215325 0.21259899822416589 -0.036164209606470821 -0.028512671578713237 -0.028352193032718482 -0.089997315013433013 0.91691216265904529 -0.08489679116615069 -0.083139418854165301 -0.087460199273786343 0.58476423677053246 0.20854226953195046 -0.027593331190906911 0.0011380124753789785 -0.094239693667160881 -0.022700660102158036 -0.0050781188343044471 0.31036726424447797 0.01770936925682921
leaf_weight=136467.08641106077 1393.9942105808295 108.3654626365751 257.11495237005875 242.61036201403476 113.24998335167766 1771.7395013570786 32.899279793258756 9228.7372493981384 63461.545508708805 12719.967541599879 2700.1432366520166 430.33410423621535 52.306193962227553 833.30819684267044 9612.0649953198154 2668.4251318154857 26.234055638313293 14.470231615938248 27.495255339890718 10.693110106512902 26.888866924680769 30.969444137066603 37.151898819953203 4096.8032978773117 72913.129690102767 401.92925050016493 4575.4543956359848 773.21730911266059 8.12796662468463 2928.9688097173348
leaf_count=265987 10290 383 1932 3998 641 18856 407 96888 831520 338245 18877 2113 829 11492 323292 54627 399 155 880 400 623 135 285 41346 754330 5082 36676 6864 152 69680
internal_value=0.000773823 0.0173895 0.0388664 -0.000222294 0.038023 -0.00531763 0.0825512 0.000572823 -0.00101956 -0.000250428 0.00396154 -0.00298829 -0.0102366 -0.0106428 -0.0181612 -0.00309431 0.0140218 0.00897227 0.206745 0.447611 0.174399 0.249022 0.379581 -0.0135563 -0.000329992 -0.0176211 -0.0123228 0.0270936 0.698754 0.00577689
internal_weight=327965 3919.97 2006.97 612.975 370.365 1913 141.265 324045 187578 178350 70258.5 108091 28997.1 28944.8 16224.8 6612.73 3944.31 3823.06 60.7866 33.2913 121.244 94.3554 68.1213 6796.95 79094.1 6180.94 5779.01 1203.55 22.5982 3762.28
internal_count=2897384 36507 16861 6571 2573 19646 790 2860877 2594890 2498002 891743 1606259 801194 800365 462120 138828 84201 82759 1587 707 1442 819 420 60223 805065 50735 45653 8977 307 81172
cat_boundaries=0 1 2 3 4 5 6 7 8 9 10 11 12 13 14 15 16
cat_threshold=74 41 279 4 40 2 56 106 130 36 12 15 1 2 73 528
is_linear=0
shrinkage=0.08


Tree=93
num_leaves=31
num_cat=15
split_feature=47 44 45 3 41 37 43 34 42 19 32 17 3 18 23 19 11 3 39 3 3 3 37 38 42 3 45 38 3 34
split_gain=293.852 326.674 328.561 324.895 300.594 286.223 458.593 560.451 454.933 541.866 485.852 512.725 812.966 674.818 507.461 529.339 362.699 324.007 350.054 310.772 275.674 450.851 255.632 405.552 325.525 252.926 231.473 274.907 295.998 247.33
threshold=0 1 2 24.500000000000004 3 4 5 6 7 18.755000114440922 -6.3250000476837149 5.5000000000000009 673.32998657226574 426.77499389648443 1.0000000180025095e-35 250.004997253418 40.500000000000007 605.66497802734386 8 609.39498901367199 350.84500122070318 335.34500122070318 9 10 11 331.91500854492193 12 13 61.504999160766609 14
decision_type=1 9 9 10 9 1 9 1 9 2 8 2 8 2 2 2 2 10 9 10 8 10 1 1 9 10 9 1 10 1
left_child=-1 4 3 -3 -2 6 7 8 9 17 11 12 14 -14 15 -11 -8 20 -19 -20 21 -4 26 24 -24 -25 -6 -28 29 -29
right_child=1 2 5 -5 22 -7 16 -9 -10 10 -12 -13 13 -15 -16 -17 -18 18 19 -21 -22 -23 23 25 -26 -27 27 28 -30 -31
leaf_value=0.0029053153546233067 0.021214289798657627 0.12872305608159412 0.10871224819790784 -0.036858389213508778 0.022555635723169203 -0.0023050444191618706 -0.046470047952143566 -0.064907214681359793 -0.044209868318599015 1.3792082879805523 -0.0053686092613453792 0.075576454534365678 0.65922567636565732 2.7912729464839949 -0.081572140110612396 0.2053919675230981 0.15781665506908521 -0.081848882285109267 1.3419517659123914 0.38497368839491208 -0.082302280183757653 0.51410712344773546 0.025838396803563046 0.0026830733911125748 -0.078436166207372551 -0.037613384058206981 -0.045464215143741125 0.016994413346114096 0.023262225653058317 -0.082344950731703934
leaf_weight=136416.99185537547 6491.2767540030181 78.231352012604475 93.036637667566538 2481.290074222954 5169.3041257495061 157716.79071241501 2690.8366311914288 363.58296874724329 223.35231653694063 4.4130104570649618 334.9319281312637 49.786860735621303 2.1784968627616759 1.6849768790416417 9.9935904536396247 5.5521934730932117 56.795892013469711 10.393096981104463 2.2671878901310256 51.614345144946128 31.404207832179964 21.641238325275481 250.28699085116386 9418.8710832837969 798.15095717459917 1114.8680445700884 785.99780982919037 285.29470152407885 2009.2585364207625 355.92114289104939
leaf_count=265807 39501 362 4175 67905 27426 2161700 171619 22376 14008 163 23855 3033 140 86 793 284 1261 659 131 2681 1720 720 501 61489 3495 7809 5128 637 4760 1395
internal_value=6.97271e-05 -0.00195649 -0.0032903 -0.0316737 0.00625409 -0.00283881 -0.0240728 0.0169993 0.0527035 0.0878252 0.0355303 0.221626 0.52686 1.58908 0.321244 0.725207 -0.0420941 0.193564 0.343245 0.425241 0.127706 0.185216 0.00143253 -0.00632541 -0.0535344 -0.00158032 0.0118689 -0.00422548 0.00812879 -0.0391653
internal_weight=327326 190909 164230 2559.52 26679.2 161670 3953.47 1205.83 842.25 618.898 408.541 73.6091 23.8223 3.86347 19.9588 9.9652 2747.63 210.357 64.2746 53.8815 146.082 114.678 20188 11582.2 1048.44 10533.7 8605.78 3436.47 2650.47 641.216
internal_count=2895619 2629812 2477671 68267 152141 2409404 247704 74824 52448 38440 28354 4499 1466 226 1240 447 172880 10086 3471 2812 6615 4895 112640 73294 3996 69298 39346 11920 6792 2032
cat_boundaries=0 1 2 3 4 5 6 7 8 9 10 11 12 13 14 15
cat_threshold=2 1 2 21 16 5 56 24 2 71 18 25 38 544 67
is_linear=0
shrinkage=0.08


Tree=94
num_leaves=31
num_cat=13
split_feature=44 47 42 23 36 12 34 43 35 36 18 18 18 6 6 2 42 36 35 34 26 12 17 12 4 16 1 19 34 1
split_gain=228.356 171.044 245.945 322.652 373.809 333.392 305.45 296.153 444.015 473.73 355.155 632.477 648.845 397.678 436.075 290.152 404.476 344.278 329.899 490.516 391.98 344.108 291.164 315.229 436.508 282.617 282.103 265.123 264.172 253.773
threshold=0 1 2 1.5000000000000002 3 3373.4250488281255 4 5 6 7 195.52500152587893 1223.0250244140627 1099.2750244140627 96.100006103515639 69.000030517578139 1.5000000000000002 8 9 10 11 9.2500000000000018 2936.799926757813 2.5000000000000004 154.25000762939456 3.5000000000000004 3.5000000000000004 4.5000000000000009 113.22499847412111 12 3.5000000000000004
decision_type=9 1 9 2 9 2 1 9 1 9 2 2 2 2 2 10 9 9 1 1 10 2 2 2 10 2 2 2 1 2
left_child=-1 2 3 4 -2 25 7 8 9 10 -4 12 13 14 -12 -10 -17 22 19 21 -20 -19 23 24 -18 -6 -5 -15 -7 -8
right_child=1 -3 6 26 5 28 29 -9 15 -11 11 -13 -14 27 -16 16 17 18 20 -21 -22 -23 -24 -25 -26 -27 -28 -29 -30 -31
leaf_value=0.0062030156010998427 0.0077926925417231424 0.0010989615889446167 0.030109143869117033 -0.017726981876392437 -0.032523997595033473 0.099276303582199646 -0.015479965764482731 -0.0077666222570285997 -0.0015735900008098905 -0.074160536510451264 0.24266300474903407 -0.019804598375290718 0.60354170735406476 -0.086343070685740139 0.79596287957676581 -0.017400813487777497 0.0059256695185245989 0.096109941216208944 -0.025829725792996059 -0.053563396836019593 0.43322220460116007 0.4159227426785761 -0.08726625098083457 0.68497968318568048 0.39477454391106637 0.30266909817189547 0.15100465567660964 0.15116231181095879 -0.076148588576372522 0.037633546940897405
leaf_weight=39399.521793824621 29404.787471190095 190633.75230407948 408.37923018354923 5513.2843894527759 2701.9131032084115 222.14346782211214 20493.966957623605 22552.022881872486 12148.629509340273 139.77539329230785 53.486341993324459 120.02025966579095 23.254768034443259 36.455230880528688 10.98938985634595 715.07757780700922 34.338061893358827 611.95437529403716 415.17287682276219 150.04747807327658 12.256189811974762 22.317151973024011 17.294733617454767 10.42089946195483 39.997202817350626 16.195119958370924 64.153198109008372 172.01299718208611 65.77460845420137 592.36606239201501
leaf_count=177375 508289 802778 5753 96946 29061 1559 463777 475306 281090 1622 830 2562 208 810 112 17139 475 6110 7039 2078 39 118 273 64 260 64 388 2614 1162 9095
internal_value=0.000491466 -0.000291521 -0.00303077 0.00198627 0.00504527 -0.0217833 -0.00627243 -0.00195748 0.00669395 0.0589377 0.0821171 0.135118 0.197893 0.163332 0.336969 0.00310122 0.0311086 0.0572084 0.0442892 0.0749377 -0.0123772 0.105696 0.192968 0.272918 0.215152 -0.0305268 -0.0157862 0.109629 0.0600039 -0.0139812
internal_weight=326802 287402 96768.5 37988.3 32410.8 3006.03 58780.2 37693.9 15141.9 964.374 824.598 416.219 296.199 272.944 64.4757 14177.5 2028.88 1313.8 1211.75 784.319 427.429 634.272 102.051 84.7562 74.3353 2718.11 5577.44 208.468 287.918 21086.3
internal_count=2894996 2717621 1914843 637469 540135 31846 1277374 804502 329196 14511 12889 7136 4574 4366 942 314685 33595 16456 15384 8306 7078 6228 1072 799 735 29125 97334 3424 2721 472872
cat_boundaries=0 1 2 3 4 5 6 7 8 9 10 11 12 13
cat_threshold=1 4 19 201 58 9 4 160 8 40 8 18 14
is_linear=0
shrinkage=0.08


Tree=95
num_leaves=31
num_cat=19
split_feature=44 46 3 3 38 45 38 41 47 36 37 42 34 26 38 43 38 3 34 1 37 3 42 13 13 33 37 38 3 3
split_gain=185.598 393.193 580.107 276.347 321.321 247.197 1017.78 436.168 427.603 374.554 661.638 384.219 287.348 332.19 307.727 289.781 589.22 667.23 395.207 380.037 295.057 442.738 403.811 417.837 1391.99 338.093 277.707 284.44 338.868 274.031
threshold=0 1 35.07500076293946 inf 2 3 4 5 6 7 8 9 10 4.5000000000000009 11 12 13 502.85000610351568 14 3.5000000000000004 15 223.84999847412112 16 133.02500152587893 323.75999450683599 1.0000000180025095e-35 17 18 430.06999206542974 301.94500732421881
decision_type=9 1 10 8 1 9 1 9 1 9 1 9 1 10 1 9 1 10 1 2 1 10 9 2 2 2 1 1 10 10
left_child=1 -1 -3 5 -5 -2 -7 8 -8 10 11 -10 13 15 -15 16 17 18 19 20 21 -9 23 -23 -25 -22 27 -14 -29 -11
right_child=3 2 -4 4 -6 6 7 12 9 29 -12 -13 26 14 -16 -17 -18 -19 -20 -21 25 22 -24 24 -26 -27 -28 28 -30 -31
leaf_value=0.009863026565387862 0.00098822420649446086 -0.037860984088689417 0.0086537475609269488 -0.035240215898630731 0.052399919788779337 -0.091689560285387994 -0.0013675693715635778 0.079424329192642085 0.2522032508136835 -0.01206577296900724 -0.055943002620213907 -0.068341707216640318 0.059327220417529053 0.24081008505637702 -0.029709943919590961 0.0060686877390373631 -0.0087150893309983195 0.68072575546257275 -0.02457709727975671 0.55247402769755216 0.027425030811400682 0.27538513806025505 -0.07064812839288305 1.1959814271490097 0.1056669576206376 0.40801000658710357 -0.013103831681774947 -0.0013872766849024676 0.30020353187873344 -0.046648156927293183
leaf_weight=32269.644390223548 248804.43270618003 2973.1105847768486 4058.1780300419778 335.98912020586431 1233.3083037566394 856.93755446374416 6857.360696028918 101.17868643626571 106.03681933879852 2312.3306038319133 152.76933273486793 30.955968072637916 698.01306090690196 66.202833384275436 45.458501920569688 9397.2063928344287 609.37312748283148 12.561734631657599 146.95493885874748 13.208208117634056 228.49281616136432 48.71208967640996 18.746303267776966 15.103457741439344 14.874233278445898 15.983729576691983 8699.0798325771466 2388.5072836931795 24.084197056479752 4008.8200052417815
leaf_count=162593 2289066 6957 7945 859 2135 5349 12937 650 333 52609 2926 384 5622 168 563 78494 5666 61 1607 69 1846 165 435 80 202 23 69416 16730 139 169729
internal_value=0.000971651 0.00612784 -0.0110145 0.000266174 0.0337454 8.22619e-05 -0.00603012 -0.00396689 -0.0153523 -0.0298815 0.0579128 0.180049 0.00283885 0.0123071 0.149584 0.0108756 0.0473092 0.102001 0.0916406 0.126828 0.117003 0.187211 0.318351 0.372644 0.654993 0.050252 -0.00577014 0.0147154 0.00161672 -0.0339439
internal_weight=326544 39300.9 7031.29 287243 1569.3 285673 36869 36012 13468.3 6610.91 289.762 136.993 22543.7 10734.1 111.661 10622.4 1225.19 615.816 603.254 456.3 443.091 198.615 97.4361 78.6898 29.9777 244.477 11809.7 3110.6 2412.59 6321.15
internal_count=2895758 177495 14902 2718263 2994 2715269 426203 420854 238918 225981 3643 717 181936 90029 731 89298 10804 5138 5077 3470 3401 1532 882 447 282 1869 91907 22491 16869 222338
cat_boundaries=0 1 2 3 4 5 6 7 8 9 10 11 12 13 14 15 16 17 18 19
cat_threshold=1 1 1 13 1 52 2 9 4 24 77 20 4 588 5 9 49 32 48
is_linear=0
shrinkage=0.08


Tree=96
num_leaves=31
num_cat=16
split_feature=5 41 42 34 43 34 37 35 5 4 38 3 38 15 3 14 17 2 3 32 4 42 45 3 34 41 43 27 38 38
split_gain=116.523 118.503 384.977 216.365 208.419 147.359 419.011 232.353 204.189 252.478 203.492 196.971 167.53 184.405 276.13 343.329 1077.66 342.668 171.724 185.003 166.996 166.972 220.883 260.75 255.682 379.441 219.768 337.953 248.558 219.22
threshold=37.500000000000007 0 1 2 3 4 5 6 3.5000000000000004 69.500000000000014 7 562.27001953125011 8 1.0000000180025095e-35 647.17498779296886 5.5000000000000009 22.500000000000004 1.0000000180025095e-35 660.73498535156261 80.260002136230483 69.500000000000014 9 10 705.40499877929699 11 12 13 8.5000000000000018 14 15
decision_type=2 9 9 1 9 1 1 1 2 8 1 10 1 2 8 2 2 10 10 10 10 9 9 8 1 9 9 8 1 1
left_child=1 2 4 -4 -1 6 10 -8 -9 12 -3 -11 -10 18 -15 17 -17 -16 19 -14 -13 22 23 24 25 29 27 -26 -28 -7
right_child=-2 5 3 -5 -6 21 7 8 9 11 -12 20 13 14 15 16 -18 -19 -20 -21 -22 -23 -24 -25 26 -27 28 -29 -30 -31
leaf_value=0.016310995204827917 0.029873891465986586 -0.016522899532818977 -0.0033450073914857202 0.033742147223967525 -0.038373167871088507 -0.035007653220827273 0.080552632898322346 -0.006644798407224429 0.079723383306845183 -0.05196082310415686 0.0057676461878785759 -0.39582788581765954 -0.018790393276070679 -0.001276362519353086 0.044290395035326995 1.6493096017708635 -0.062934150715409101 0.53630487609913857 -0.067233502509576909 0.31948188583413101 -0.081776075733567613 -0.00030735626958080522 0.0020045045697219288 -0.023880057273191171 0.35525474016262154 0.015915073284697549 0.018632315458032064 0.034038969635201533 -0.0050409750528045564 0.18932909097421044
leaf_weight=683.05428871512413 861.67218403564766 2891.3537829895504 1427.5171334501356 3435.8443884374574 1261.1950708632357 36.198171235620975 173.14687971305102 26523.501631562831 105.71161707863212 932.58852527406998 27182.928068616893 20.021078007295728 4765.9833561545238 554.87875600997359 92.466256023850292 3.7787116034887713 6.232926226221025 10.043371411971746 502.22533296002075 10.36977234482765 23.621280512772501 176689.49217381771 62405.088438278297 1158.1824336813297 21.174491534009576 358.50740188360214 7037.2914883587509 2093.6134521556087 4751.1579080985393 174.73854248318821
leaf_count=2330 6822 28122 4631 9772 6340 201 1019 310831 454 10345 360889 182 95787 9195 2228 42 246 58 17879 134 266 1284596 608715 9283 30 1219 42052 22968 56531 492
internal_value=0.000493924 0.000416108 0.0108522 0.0228716 -0.0191764 0.000192717 -0.00324523 -0.0093665 -0.0098544 -0.0219815 0.00361984 -0.0597345 -0.0158914 -0.0176956 0.0218961 0.136167 0.583321 0.0924955 -0.0227349 -0.018056 -0.225848 0.00105388 0.00413565 0.0126374 0.0155684 0.0676923 0.0133753 0.0370798 0.00909496 0.150989
internal_weight=326194 325332 6807.61 4863.36 1944.25 318524 63798.9 33724.6 33551.4 7027.92 30074.3 976.231 6051.69 5945.98 667.4 112.521 10.0116 102.51 5278.58 4776.35 43.6424 254725 78036 15630.9 14472.7 569.444 13903.2 2114.79 11788.4 210.937
internal_count=2893659 2886837 23073 14403 8670 2863764 837677 448666 447647 136816 389011 10793 126023 125569 11769 2574 288 2286 113800 95921 448 2026087 741491 132776 123493 1912 121581 22998 98583 693
cat_boundaries=0 1 2 3 4 5 6 7 8 9 10 11 12 13 14 15 16
cat_threshold=16 56 3 4 96 114 4 11 640 9 42 1 3 34 852 21
is_linear=0
shrinkage=0.08


Tree=97
num_leaves=31
num_cat=10
split_feature=6 12 5 36 19 3 4 41 4 38 3 19 3 41 38 2 45 19 12 42 38 34 5 4 45 18 5 19 18 18
split_gain=128.241 203.885 291.688 235.595 248.416 199.05 256.714 237.082 361.365 187.398 244.296 207.539 207.039 210.797 244.457 214.969 193.507 186.122 182.779 269.15 281.71 251.889 247.194 223.907 175.843 172.348 169.577 244.491 292.376 161.617
threshold=574.80001831054699 120.00000381469728 17.500000000000004 0 70.02500152587892 253.72499847412112 64.500000000000014 1 64.500000000000014 2 516.06500244140636 993.07498168945324 161.61499786376956 3 4 2.5000000000000004 5 1094.0250244140627 2936.799926757813 6 7 8 10.500000000000002 27.500000000000004 9 1223.0250244140627 4.5000000000000009 243.77500152587893 4180.0751953125009 3144.174926757813
decision_type=2 2 2 9 2 10 8 9 10 1 10 2 8 9 1 10 9 2 2 9 1 1 2 10 9 2 2 2 2 2
left_child=1 2 3 4 -1 18 -7 8 25 10 11 12 13 14 -5 16 -16 -13 21 20 22 -2 23 26 -22 -8 -20 -28 -29 -3
right_child=5 29 -4 9 -6 6 7 -9 -10 -11 -12 17 -14 -15 15 -17 -18 -19 19 -21 24 -23 -24 -25 -26 -27 27 28 -30 -31
leaf_value=0.0012961336971863181 0.019199601771589817 -0.0039055620798722117 0.27238941020866264 -0.023341905093500315 0.011683328043346713 0.0020695944152794056 -0.096140315165055251 -0.014064499034471895 -0.055405596565213745 -0.014691670683690825 0.043230261720218106 0.24057335820017361 -0.012764765759241853 -0.00080058460397562691 0.061786252795487197 0.22876076409004786 -0.029446367029543962 0.022775981471097894 0.015157145486620449 0.00067828383000442436 0.097636936444427752 -0.0063828160671557822 0.0052390440426837827 0.32368300817855505 0.010697678228578733 -0.37830414781139676 0.32763169241182227 0.20885921296890586 0.025103525562765509 0.011034911894808678
leaf_weight=141463.60943068378 5655.9452998605557 96824.566421892727 25.39483495336026 354.45105518959463 16448.841962525155 28727.00901988009 21.132011595647782 549.68163414532319 174.42429437348619 9687.3921353104524 777.92928202822804 41.669949416071177 7488.8350464142859 5243.6588208023459 839.9159035468474 43.008316569030285 177.79990767501295 63.194229211658239 80.999145064502954 1020.306665756274 177.49694870878011 4353.981217593886 121.10833024047315 36.917900837957859 764.60927215497941 40.227673861081712 40.766661578789353 107.88785047642887 113.94406326860189 4866.7282834246289
leaf_count=1022999 34985 1011728 152 2160 154495 410544 98 3344 1361 66372 3269 53 37487 23558 3038 187 912 300 554 6150 476 36320 734 60 5099 347 158 392 743 65910
internal_value=0.000289856 -0.000319544 0.00127885 0.00124115 0.00237796 0.00441693 0.000835836 -0.0442867 -0.109503 -0.00601998 -0.000424882 -0.00280796 -0.00363908 0.00662409 0.0339009 0.0530685 0.0461652 0.109322 0.0128895 0.0324078 0.0544498 0.00808491 0.102736 0.136466 0.0279309 -0.281128 0.116351 0.147564 0.114473 -0.00319054
internal_weight=326333 284347 182656 182630 157912 41986.4 29512.5 785.466 235.784 24717.9 15030.5 14252.5 14147.7 6658.83 1415.18 1060.72 1017.72 104.864 12474 2464.04 1443.73 10009.9 501.624 380.516 942.106 61.3597 343.598 262.599 221.832 101691
internal_count=2893985 2392620 1314982 1314830 1177494 501365 415694 5150 1806 137336 70964 67695 67342 29855 6297 4137 3950 353 85671 14366 8216 71305 2641 1907 5575 445 1847 1293 1135 1077638
cat_boundaries=0 1 2 3 4 5 6 7 8 9 10
cat_threshold=147 36 83 18 64 5 41 85 70 8
is_linear=0
shrinkage=0.08


Tree=98
num_leaves=31
num_cat=16
split_feature=47 37 38 45 42 11 13 47 36 42 2 3 16 36 42 38 15 34 42 3 3 3 3 42 3 3 19 32 47 34
split_gain=180.15 394.394 427.826 362.002 303.824 301.298 296.318 387.933 383.809 492.231 585.16 364.663 290.143 286.698 483.308 397.537 274.499 314.57 529.975 818.7 427.308 370.348 342.926 382.515 266.879 257.067 413.778 363.727 255.915 568.321
threshold=0 1 2 3 4 36.500000000000007 10.024999618530275 5 6 7 1.0000000180025095e-35 47.620000839233406 1.5000000000000002 8 9 10 1.0000000180025095e-35 11 12 381.73500061035162 237.9049987792969 114.7150001525879 562.27001953125011 13 205.77500152587893 85.674999237060561 6773.6999511718759 15.815000057220461 14 15
decision_type=1 1 1 9 9 2 2 1 9 9 8 10 2 9 9 1 2 1 9 10 10 10 10 9 8 8 2 10 1 1
left_child=-1 2 5 4 24 13 7 8 9 -5 16 -12 -7 14 15 -2 17 18 19 20 -11 -20 -19 -24 -4 26 27 -8 -26 -30
right_child=1 -3 3 6 -6 12 25 -9 -10 10 11 -13 -14 -15 -16 -17 -18 22 21 -21 -22 -23 23 -25 28 -27 -28 -29 29 -31
leaf_value=0.0018562139159136268 -0.051051619107184712 0.00050049499216587592 -0.035729614626638345 -0.03361056436484703 0.0010991732626250011 0.021614755152100075 -0.014354051329637824 -0.028387802126476954 -0.045862790470094596 0.12101006605385446 0.30362577889697462 -0.089702964820522035 0.28872860792495764 -0.0011339025625940339 -0.038292654941591855 0.19079967610643994 0.43545150441935548 -0.009146456257645626 0.11766838398436388 -0.092624281378347648 0.42871749035623552 0.016668310265855048 0.34032025945140376 -0.061527635919694415 -0.020091066732327589 -0.041260612754307868 0.47353395458519487 0.25533106115893855 0.088584738609466737 -0.026419996274910717
leaf_weight=135005.06795334443 56.391232252120972 130506.0539505491 3367.9858341477811 750.3404066930525 13007.998173345579 61.436815697466955 1616.9958831225522 3873.717427007854 661.64776960853487 44.269984570331872 16.022920701652765 257.85279214708135 45.152892676182091 24807.366981998552 169.51862349454314 188.8293223856017 12.31041557760909 560.84680288052186 389.25832771509886 40.124835210386664 83.101206293329597 576.42854645708576 28.985648567788303 26.266053827479482 2016.7487290815916 5985.2763979802839 11.451633939053862 32.653051689267159 510.21429319307208 578.71030417038128
leaf_count=265520 433 1883115 34703 20211 214697 406 17650 37715 8767 274 83 3755 147 210995 1363 353 119 10409 4698 832 432 8514 433 1245 44801 110163 50 40 4316 7717
internal_value=-0.000378894 -0.00196469 -0.00734548 -0.013148 -0.00595214 0.000548463 -0.0225038 -0.0110152 0.00850534 0.0215056 0.0418882 -0.0666915 0.134768 -1.85365e-05 0.0651528 0.135362 0.0590069 0.0563577 0.081071 0.209963 0.321769 0.0567923 0.00943379 0.199745 -0.0201007 -0.0335331 -0.00568922 -0.00901592 -0.00321647 0.0280362
internal_weight=325289 190284 59777.9 34449.2 19481.7 25328.7 14967.6 7321.17 3447.46 2785.81 2035.47 273.876 106.59 25222.1 414.739 245.221 1761.59 1749.28 1133.18 167.496 127.371 965.687 616.099 55.2517 6473.66 7646.38 1661.1 1649.65 3105.67 1088.92
internal_count=2893956 2628436 745321 531624 306234 213697 225390 97487 59772 51005 30794 3838 553 213144 2149 786 26956 26837 14750 1538 706 13212 12087 1678 91537 127903 17740 17690 56834 12033
cat_boundaries=0 1 2 3 4 5 6 7 8 9 10 11 12 13 14 15 16
cat_threshold=2 20 713 44 19 4 177 8 1 41 64 27 1 16 4 36
is_linear=0
shrinkage=0.08


Tree=99
num_leaves=31
num_cat=9
split_feature=47 38 19 4 17 34 42 34 12 43 45 3 35 12 32 12 39 3 18 18 32 19 18 12 12 19 2 19 13 0
split_gain=179.534 278.767 366.132 408.862 385.552 379.207 348.115 346.667 657.712 453.95 565.675 575.833 626.789 539.473 487 356.962 345.752 377.621 437.847 1646.08 1898.45 674.842 337.837 400.789 1208.9 2356.14 489.061 533.499 694.817 332.686
threshold=0 1 1518.600036621094 1.5000000000000002 51.500000000000007 2 3 4 23388.625000000004 5 6 125.42499923706056 7 662.42501831054699 -2.2749999761581416 474.17501831054693 8 418.19000244140631 30.175000190734867 1.0000000180025095e-35 -3.9750000238418575 40.524999618530281 2627.9250488281255 6000.1247558593759 5282.6198730468759 1058.6099853515627 1.0000000180025095e-35 717.38998413085949 450.00503540039068 1.5000000000000002
decision_type=1 1 2 10 2 1 9 1 2 9 9 8 1 2 10 2 9 10 2 2 8 2 2 2 2 2 10 2 2 2
left_child=1 2 3 6 5 -5 7 8 9 10 11 14 13 -13 -1 -14 -12 29 19 -19 -21 -22 -20 24 26 -26 -24 28 -28 -18
right_child=-2 -3 -4 4 -6 -7 -8 -9 -10 -11 16 12 15 -15 -16 -17 17 18 22 20 21 -23 23 -25 25 -27 27 -29 -30 -31
leaf_value=0.20894481828369785 0.0013166319436848923 0.00031700558607398468 -0.033786443108819383 0.040846236554919903 0.50651188907991274 -0.06384006498283043 -0.016921849394140622 -0.012533079334343607 0.21926943266579751 -0.0082234276952933456 -0.074025188860443208 0.20893057826220876 0.076842776712331293 0.74392248501195402 0.88116282016791947 -0.064541280869230874 0.014021875051923616 0.085335307994902174 0.0079181039519728973 1.9828265839243415 1.3126696924489019 0.045658497464692742 0.066349332811490358 -0.05238061862400234 0.22895317539112778 3.2540384897716481 0.34185062656795234 0.18539317954562731 1.9439692832399429 -0.062116317233811433
leaf_weight=22.055921738967299 213104.37320430856 72381.297429735772 3242.7163343384163 1681.6785421464592 10.80702882632613 246.59524177480489 14964.016543128761 8757.7176279706182 94.268488278612494 5766.7042039041407 273.87692881841213 55.989469003863633 550.18885091901757 15.375727486331014 10.035951534751801 144.25332645210437 2027.1816602535546 312.50452707661316 898.77182421158068 6.2465350832790136 3.4693928174674538 11.982759850099681 85.521521782968193 51.092946170363575 5.1714119892567387 2.4184020590037107 3.8036532839760211 11.5156032750383 3.1815519281663001 448.56231309752911
leaf_count=573 869157 831117 149498 30851 42 6382 370020 312285 2495 170594 10280 460 14868 119 180 7536 49191 9919 37695 92 85 461 4316 2839 287 80 164 256 53 14432
internal_value=-4.66237e-05 -0.00263845 -0.00802388 -0.0057351 0.0300099 0.0273393 -0.00774265 -0.00071193 0.00887286 0.00702924 0.0247894 0.0860946 0.0732613 0.284351 0.419165 0.0467998 0.0128104 0.0189865 0.0522634 0.132119 0.805905 0.330134 0.0271209 0.133196 0.218148 1.19286 0.147029 0.519979 1.07157 0.000226941
internal_weight=325193 112089 39707.7 36465 1939.08 1928.27 34525.9 19561.9 10804.2 10709.9 4943.2 797.899 765.807 71.3652 32.0919 694.442 4145.3 3871.42 1395.68 334.203 21.6987 15.4522 1061.48 162.705 111.612 7.58981 104.022 18.5008 6.98521 2475.74
internal_count=2896327 2027170 1196053 1046555 37275 37233 1009280 639260 326975 324480 153886 23736 22983 579 753 22404 130150 119870 56247 10557 638 546 45690 7995 5156 367 4789 473 217 63623
cat_boundaries=0 1 2 3 4 5 6 7 8 9
cat_threshold=4 44 28 11 44 9 34 4 2
is_linear=0
shrinkage=0.08


Tree=100
num_leaves=31
num_cat=13
split_feature=47 42 45 39 34 32 3 11 3 3 3 34 18 42 13 17 4 39 36 44 2 3 6 34 3 45 3 13 37 3
split_gain=142.457 207.019 251.954 265.703 338.876 247.067 249.47 389.028 217.243 245.775 410.78 312.9 344.476 300.522 376.424 391.645 470.014 439.872 331.585 338.415 320.422 391.679 284.846 407.093 1082.48 542.735 369.49 343.114 365.042 334.823
threshold=0 1 2 3 4 41.019998550415046 131.51499938964847 4.5000000000000009 653.24499511718761 490.43000793457037 363.30499267578131 5 2952.650024414063 6 1268.0500488281252 5.5000000000000009 34.500000000000007 7 8 9 1.5000000000000002 562.27001953125011 785.87500000000011 10 121.65500259399415 11 114.7150001525879 887.02499389648449 12 314.34999084472662
decision_type=1 9 9 9 1 10 10 2 10 8 10 1 2 9 2 2 10 9 9 9 10 10 2 1 10 9 10 2 1 10
left_child=1 2 3 4 -1 8 7 -7 9 10 22 12 13 -11 15 17 -17 -15 -19 -20 21 -16 27 24 25 26 -24 28 -3 -30
right_child=-2 5 -4 -5 -6 6 -8 -9 -10 11 -12 -13 -14 14 20 16 -18 18 19 -21 -22 -23 23 -25 -26 -27 -28 -29 29 -31
leaf_value=0.13690447764205657 0.0013317240602161321 0.0062361717851952356 0.013825244732732356 -0.056074842686034902 -0.037861655671317947 0.068208712874168076 0.019635884308369076 0.42008622163396442 -0.024179701644308604 0.012259322555991357 -0.01750265368037477 0.00086520998054697373 -0.043797392359979162 0.13022060291900947 0.24752248240171282 -0.06855893583094505 0.59273909100077493 0.26262637135307315 0.10983045446711875 -0.074823472957441989 0.43570367470130478 -0.03718679664002153 0.27673333814252676 0.00063340037958651316 0.021372039424506141 0.047080635580902558 0.70614611293789808 -0.031469196415263953 -0.0088302373048027034 0.012736403350607139
leaf_weight=112.35059929871932 213048.10348013416 21761.981081573293 8243.0491047571413 689.03010656055994 163.98043716605753 102.63744423026219 1227.3950828324305 25.007909470237792 3204.546365512535 969.72685470571741 12992.337579344865 7684.0580607787706 317.38373187603429 467.18397849332541 78.913727107923478 191.72606347501278 7.1345105916261664 19.772353140637279 92.007623177021742 205.15560910105705 27.693748596124351 50.853210456203669 126.76663706125692 3347.4343994869851 1327.4918922334909 109.55500168027356 14.267644804902373 2680.7068810309283 40262.066680329386 5202.4332595635206
leaf_count=600 868071 244767 144057 22477 2545 605 16134 102 97046 20577 259593 298622 10241 8211 1187 7791 103 91 255 7082 623 2247 1065 55263 23989 1243 189 54788 642345 102222
internal_value=0.000118468 -0.00219551 0.00928862 -0.0291934 0.0367789 -0.00322785 0.0307055 0.137148 -0.00368279 -0.00301212 -0.00437196 0.00879884 0.0337689 0.0455955 0.0731922 0.0554387 -0.0448336 0.0808687 0.00812086 -0.0170763 0.18867 0.13595 -0.00209223 0.0165023 0.0498435 0.20266 0.298976 -0.00340236 -0.00228317 -0.006361
internal_weight=324753 111705 9208.41 965.361 276.331 102496 1355.04 127.645 101141 97936.7 87825 10111.6 2427.55 2110.17 1140.44 982.98 198.861 784.12 316.936 297.163 157.461 129.767 74832.7 4925.52 1578.08 250.589 141.034 69907.2 67226.5 45464.5
internal_count=2894131 2026060 169679 25622 3145 1856381 16841 707 1839540 1742494 1385464 357030 58408 48167 27590 23533 7894 15639 7428 7337 4057 3434 1125871 81749 26486 2497 1254 1044122 989334 744567
cat_boundaries=0 1 2 3 4 5 6 7 8 9 10 11 12 13
cat_threshold=4 1 32 1 18 8 48 1 3 1 66 9 76
is_linear=0
shrinkage=0.08


Tree=101
num_leaves=31
num_cat=12
split_feature=6 3 1 3 18 6 34 3 38 37 47 18 1 33 38 12 13 47 37 38 32 14 19 45 32 36 34 43 3 3
split_gain=177.947 236.313 159.557 179.785 162.611 216.755 181.744 155.201 134.832 279.982 234.102 327.701 501.273 130.915 193.381 209.18 127.777 207.249 389.683 481.589 318.197 270.014 241.011 228.556 225.24 205.593 410.982 608.047 294.866 185.824
threshold=593.54998779296886 685.64001464843761 1.5000000000000002 803.40499877929699 4180.0751953125009 3221.7900390625005 0 237.9049987792969 1 2 3 1783.2249755859377 1.0000000180025095e-35 1.0000000180025095e-35 4 2029.4250488281252 700.04998779296886 5 6 7 -12.934999942779539 10.500000000000002 993.07498168945324 8 24.515000343322757 9 10 11 205.77500152587893 363.30499267578131
decision_type=2 10 2 10 2 2 1 10 1 1 1 2 2 2 1 2 2 1 1 1 8 2 2 9 10 9 1 9 10 10
left_child=16 7 8 -4 5 6 -5 13 9 10 11 12 -3 -2 -15 -16 -1 -18 19 23 22 25 29 -19 -25 26 28 -28 -22 -21
right_child=1 2 3 4 -6 -7 -8 -9 -10 -11 -12 -13 -14 14 15 -17 17 18 -20 20 21 -23 -24 24 -26 -27 27 -29 -30 -31
leaf_value=-0.00014473259571401805 0.012923701265556252 1.0357445408827066 -0.016468073657946322 0.10766910871420782 -0.021521642453696196 0.31200768070680462 -0.035743672420142966 0.003389079566990142 -0.039158318782623741 -0.050232981794210901 0.0027752476716541752 0.10242031717072586 0.18562894340312677 -0.071916059570916166 0.013175474593802168 0.14156784979868794 0.0036938389772588425 0.14504940346066397 -0.025704253966630081 0.078188218700214029 0.4258305548410054 0.59788638028638064 0.024427610006331105 -0.019230528693311977 0.29448405232563252 -0.017465770655013878 0.35228774067447843 -0.04161438159077701 0.11061271307485562 0.36603554771228375
leaf_weight=267350.16963937622 11209.763557960279 7.2027103686705241 741.93188442010432 164.3547845534049 136.45039966376498 24.59960363060236 81.755609708838165 26307.241840442177 1620.5951499131043 138.47886881325394 51.399505464360118 37.535273241810501 11.569743548519909 55.512555861845613 145.45590224582702 183.87609665375203 6612.7217047605664 216.16673796623945 6724.4406042722985 25.607666783034801 27.235590789467096 4.6906644213013342 77.914559738710523 136.17270596884191 16.412640538066626 2595.7073038755916 17.69082332123071 256.40562670025975 62.752842904999852 32.659630176145583
leaf_count=2184998 75830 118 11277 1041 1463 85 851 354967 39588 2230 151 516 154 364 815 538 12926 957 128037 178 116 38 991 965 54 71167 185 4034 761 196
internal_value=0.000140193 0.0050727 -0.01648 0.00697366 0.0496894 0.0855831 0.0629512 0.00678766 -0.0309169 0.0239526 0.115497 0.238905 0.511806 0.0144988 0.0603776 0.08236 -0.000570073 -0.00733616 -0.0144913 0.0072948 -0.00309847 -0.00860128 0.116462 0.0924614 0.0136211 -0.00956244 0.0459998 -0.00468562 0.185412 0.239531
internal_weight=325074 40917.7 3015.87 1149.09 407.16 270.71 246.11 37901.8 1866.78 246.186 107.707 56.3077 18.7725 11594.6 384.845 329.332 284157 16806.6 10193.9 3469.42 3100.66 2964.48 136.182 368.752 152.585 2959.79 364.085 274.096 89.9884 58.2673
internal_count=2895591 489988 57474 14717 3440 1977 1892 432514 42757 3169 939 788 272 77547 1717 1353 2405603 220605 207679 79642 77666 76301 1365 1976 1019 76263 5096 4219 877 374
cat_boundaries=0 1 2 3 4 5 6 7 8 9 10 11 12
cat_threshold=42 653 32 4 11 2 3 514 9 66 16 32
is_linear=0
shrinkage=0.08


Tree=102
num_leaves=31
num_cat=11
split_feature=1 3 3 12 43 41 37 1 45 37 4 4 42 12 18 3 3 3 40 34 2 3 31 37 19 45 34 4 18 12
split_gain=208.881 215.85 246.425 413.453 266.772 246.055 215.901 342.842 203.001 231.101 302.033 262.513 280.681 219.969 681.753 362.542 307.567 190.303 182.872 378.996 428.741 351.909 210.091 174.973 181.994 170.77 159.131 187.176 158.747 359.946
threshold=2.5000000000000004 673.32998657226574 502.85000610351568 1450.0250244140627 0 1 2 3.5000000000000004 3 4 4.5000000000000009 3.5000000000000004 5 128.0350036621094 179.98999786376956 621.31500244140636 516.06500244140636 803.40499877929699 6 7 1.5000000000000002 188.45500183105472 1.0000000180025095e-35 8 1518.600036621094 9 10 18.500000000000004 22.125000000000004 1.0000000180025095e-35
decision_type=2 8 10 2 9 9 1 2 9 1 8 10 9 2 2 10 10 10 1 1 10 10 10 1 2 9 1 10 2 2
left_child=-1 2 5 4 8 -2 7 -6 -4 10 11 12 28 16 15 -15 -14 -3 19 20 21 -7 -23 24 -20 -25 -11 -28 29 -10
right_child=1 17 3 -5 6 18 -8 -9 9 26 -12 -13 13 14 -16 -17 -18 -19 23 -21 -22 22 -24 25 -26 -27 27 -29 -30 -31
leaf_value=-0.00051928765276187288 -0.026796339151005544 -0.042800926576352975 -0.046934988609212969 -0.02026983559377878 -0.063919152245963118 0.22938160923203221 -0.00046212510525492915 0.35939631268050981 -0.133827400631674 0.086288364642617243 -0.058541708263674427 0.3750946064325737 0.37128113232705978 0.29909896879492276 0.15590018785382376 0.93044610961330831 0.044793016619487702 0.023007332644253541 0.018036250480259308 -0.0021782064509222512 0.2808329795755361 -0.03910903585822581 0.23080588713876765 -0.0012131393171046442 -0.026822236780435518 -0.060142805660050584 -0.022699025845783493 0.15318423256309432 -0.062623983388654214 0.4780463163289323
leaf_weight=306854.59610771399 1275.4412295455113 916.82826751843095 82.92678251164034 704.70029383758083 20.606348390690982 58.522935332730412 705.22408446483314 30.1752043440938 12.366908557713032 269.9093171460554 58.170274131931365 27.231115473434329 20.791813449934125 11.898958188481631 255.83457877254114 11.396138426847754 165.12018145248294 405.66801888309419 7155.352588025853 390.67889575846493 79.0956298597157 131.62144731730223 21.465683866292238 3338.8234030343592 629.76892104651779 337.6862836079672 269.03668189235032 45.235048457980156 77.444256354589015 12.246100783348083
leaf_count=2727795 15397 10795 1691 11780 390 135 7624 136 202 2554 477 43 95 177 3489 84 1947 2458 62996 2240 276 959 20 24611 9261 2960 3311 178 1254 9
internal_value=-3.41869e-05 0.00846151 0.0109986 0.0326754 0.0506511 0.00650717 0.0120067 0.156753 0.0721528 0.0804508 0.113692 0.132463 0.120812 0.145593 0.193627 0.607959 0.0813064 -0.0226146 0.010019 0.0500023 0.117868 0.0625249 -0.00126191 0.00760053 0.014389 -0.00677427 0.0420332 0.00253622 -0.00580681 0.170608
internal_weight=324376 17521.3 16198.8 2780.31 2075.61 13418.5 756.006 50.7816 1319.61 1236.68 652.5 594.33 567.099 465.042 279.13 23.2951 185.912 1322.5 12143 681.385 290.706 211.61 153.087 11461.6 7785.12 3676.51 584.181 314.272 102.057 24.613
internal_count=2895344 167549 154296 35441 23661 118855 8150 526 15511 13820 7777 7300 7257 5792 3750 261 2042 13253 103458 3630 1390 1114 979 99828 72257 27571 6043 3489 1465 211
cat_boundaries=0 1 2 3 4 5 6 7 8 9 10 11
cat_threshold=41 32 64 32 56 17 8 10 49 13 8
is_linear=0
shrinkage=0.08


Tree=103
num_leaves=31
num_cat=10
split_feature=1 38 45 22 25 17 4 24 6 41 19 4 4 38 24 4 43 37 3 3 42 37 6 4 3 39 7 3 38 3
split_gain=147.431 168.155 154.211 118.804 180.052 464.338 260.705 196.386 195.584 154.434 226.189 196.241 241.291 192.774 319.38 260.466 205.523 255.284 369.619 530.35 252.957 231.657 225.504 224.216 205.995 349.884 214.62 218.732 204.87 350.225
threshold=5.5000000000000009 0 1 1.0000000180025095e-35 9.2500000000000018 80.500000000000014 11.500000000000002 8.5000000000000018 331.47500610351568 2 1650.174987792969 58.500000000000007 57.500000000000007 3 -1.0000000180025095e-35 6.5000000000000009 4 5 570.82000732421886 583.17498779296886 6 7 13985.499023437502 1.5000000000000002 271.74499511718756 8 51.549995422363288 170.34500122070315 9 136.67499542236331
decision_type=2 1 9 2 8 2 10 2 2 9 2 8 10 1 2 10 9 1 10 10 9 1 2 10 8 9 2 10 1 8
left_child=3 2 -2 9 5 6 -5 -6 -8 10 11 12 13 14 -1 16 17 18 20 -20 -15 -18 23 -23 25 -25 -27 -28 -22 -30
right_child=1 -3 -4 4 7 -7 8 -9 -10 -11 -12 -13 -14 15 -16 -17 21 -19 19 -21 28 22 -24 24 -26 26 27 -29 29 -31
leaf_value=0.0017629936582628123 -0.06764195221933561 -0.015843141877748147 0.090285027139127491 0.012259019291626297 0.0040053871658730983 0.52112843148322485 0.30814626741126377 0.33416583334029898 0.064226429866187915 0.00097573688921358162 -0.031558650547060314 -0.05774796285547551 0.11168160065058386 -0.052572083816803547 0.092154598248716829 -0.023980577345618984 -0.019489771858259345 -0.0050759195632641418 0.76688274703331771 -0.087462581177767118 0.053592593364847237 -0.0054121628411274237 0.19419160154319542 0.17231992534129942 -0.011151117728485427 0.0050472773302153119 -0.016069261133479007 0.1409991419908192 0.39208475923267744 0.0046511517067080498
leaf_weight=27275.902863265481 40.114812019281089 219.50432393373922 333.31765774358064 393.91251037549227 36656.811603163485 13.184211416635661 35.984699560329318 11.533902975264935 50.653859313577414 220014.13839027309 1777.4363755066879 410.93413855554536 118.66817096620798 242.96143538784236 252.48341984255239 4633.0058974851854 6887.4242309834808 3704.7153535140678 10.281315358355643 8.490502047352491 1329.9845394883305 17853.826998031233 37.259011722169816 125.85165768861771 615.60311719682068 641.77664110064507 83.223643076606095 178.33458109200001 15.104477621614931 1311.5230945190415
leaf_count=252295 294 1652 1109 5243 385841 90 93 123 142 1896606 23743 2729 393 2374 1597 33721 57524 38973 78 179 10469 155776 176 350 4765 3685 481 729 51 14879
internal_value=0.000571589 0.0404268 0.0719985 0.000498807 0.0047554 0.0527439 0.0398935 0.00410924 0.165537 -5.13417e-05 -0.00339798 -0.00263708 -0.0022904 -0.00249781 0.0025911 -0.00621479 -0.00372596 0.00886819 0.0265265 0.380462 0.0243266 -0.00688346 -0.00243138 -0.00280834 0.0254555 0.0473516 0.0299412 0.0910225 0.031439 0.00899452
internal_weight=325284 592.937 373.432 324691 37162.1 493.735 480.551 36668.3 86.6386 287529 67514.8 65737.4 65326.4 65207.8 27528.4 37679.4 33046.4 6623.06 2918.35 18.7718 2899.57 26423.3 19535.9 19498.6 1644.79 1029.19 903.335 261.558 2656.61 1326.63
internal_count=2896160 3055 1403 2893105 391532 5568 5478 385964 235 2501573 604967 581224 578495 578102 253892 324210 290489 67003 28030 257 27773 223486 165962 165786 10010 5245 4895 1210 25399 14930
cat_boundaries=0 1 2 3 4 5 6 7 8 9 10
cat_threshold=976 4 2 30 1 104 3 32 1 257
is_linear=0
shrinkage=0.08


Tree=104
num_leaves=31
num_cat=22
split_feature=44 3 34 38 35 34 45 38 41 21 41 18 5 19 18 38 34 37 42 4 44 3 41 43 42 38 44 38 34 35
split_gain=132.33 341.949 281.294 260.459 252.216 231.738 231.487 988.906 280.916 253.265 290.767 287.505 598.128 416.15 267.377 243.172 220.021 351.128 469.397 608.97 543.18 366.635 217.761 254.57 286.78 202.663 245.784 200.617 294.66 477.808
threshold=0 9.5650000572204608 1 2 3 4 5 6 7 1.0000000180025095e-35 8 3361.6149902343755 1.5000000000000002 458.00500488281256 8826.1250000000018 9 10 11 12 13.500000000000002 13 173.97499847412112 14 15 16 17 18 19 20 21
decision_type=9 10 1 1 1 1 9 1 9 2 9 2 2 2 2 1 1 1 9 8 9 10 9 9 9 1 9 1 1 1
left_child=1 5 -3 22 -5 -1 9 -8 -9 25 27 -12 13 14 -13 -10 17 18 19 20 -17 -20 -4 24 -24 26 -2 28 29 -11
right_child=6 2 3 4 -6 -7 7 8 15 10 11 12 -14 -15 -16 16 -18 -19 21 -21 -22 -23 23 -25 -26 -27 -28 -29 -30 -31
leaf_value=-0.040883450639709953 -0.0024667987445798904 0.016475718270238554 -0.01091989031248013 0.043644102227202664 -0.025519394924630706 -0.0038881494038199584 -0.091798383385979246 -0.017718900231561956 -0.010751031689112326 -0.058585917769419675 -0.007125970800216542 0.48055751659537982 0.015003030707026545 0.076318386870375288 0.15678002277484746 0.0012318133702482993 0.00026021376694593804 -0.0035659832236090462 0.055781840209551271 0.25292049277410905 0.51716389286289588 -0.02140860550038353 0.096937346608227601 0.0095495187070134199 -0.019983399629326021 0.0018045270901513159 -0.037918298507274247 0.0077492678090260517 0.017887036686679954 0.11059056915073498
leaf_weight=1240.1490074768662 94189.930399205885 14832.162184758112 3191.5135652469471 369.69575231336057 3136.9060200825334 8189.9631886798888 837.98154281638563 7894.116555080167 9887.4573302762583 122.04672884382308 3954.269486048026 36.080403508618474 1070.687496649567 102.36874128226191 29.809941977728158 180.0642370772548 14405.08942822949 1845.3908445653506 1053.2961097043008 150.84949456527829 14.081165037117897 628.97137128096074 444.61739816144109 7547.5951253529638 192.02261369675398 145702.23835559282 1268.4519983534701 1026.2606856473722 810.57404451037291 727.7904022061266
leaf_count=4954 1257010 46591 21468 1476 16546 31276 5298 133845 77502 2092 40854 128 12587 732 178 2620 176874 15342 6635 354 66 8719 1579 52522 962 933017 16667 9175 12316 6065
internal_value=0.000109508 0.00447188 0.00868408 0.000907034 -0.0181242 -0.00880086 -0.000487696 -0.00640042 -0.00439096 0.000388562 0.0145021 0.00340376 0.0370383 0.177256 0.334075 -0.000650457 0.0048164 0.0217197 0.0446415 0.128613 0.0386518 0.0267626 0.00678423 0.013693 0.0619082 -7.25801e-05 -0.00293757 0.0358088 0.0530015 0.085896
internal_weight=325082 39144.6 29714.5 14882.4 3506.6 9430.11 285938 36897.3 36059.3 249041 7879.89 5193.22 1238.95 168.259 65.8903 28165.2 18277.7 3872.65 2027.26 344.995 194.145 1682.27 11375.7 8184.24 636.64 241161 95458.4 2686.67 1660.41 849.837
internal_count=2895450 177374 141144 94553 18022 36230 2718076 427255 421957 2290821 84127 54479 13625 1038 306 288112 210610 33736 18394 3040 2686 15354 76531 55063 2541 2206694 1273677 29648 20473 8157
cat_boundaries=0 1 2 3 4 5 6 7 8 9 10 11 12 13 14 15 16 17 18 19 20 21 22
cat_threshold=1 15 46 2 4 13 1 48 33 448 4 33 17 2 34 12 11 60 2 570 27 1
is_linear=0
shrinkage=0.08


Tree=105
num_leaves=31
num_cat=11
split_feature=1 37 22 38 6 45 3 43 3 38 3 0 19 38 3 45 19 17 15 38 3 19 9 3 5 45 37 38 3 3
split_gain=128.445 303.413 262.569 142.117 133.139 135.052 130.748 165.964 442.522 360.545 328.842 287.806 239.607 169.486 239.329 172.616 309.485 823.668 143.948 123.676 132.363 327.873 123.087 192.202 125.034 120.587 116.753 110.284 109.086 199.705
threshold=3.5000000000000004 0 1.0000000180025095e-35 1 526.52499389648449 2 647.17498779296886 3 363.30499267578131 4 449.01499938964849 1.5000000000000002 318.27499389648443 5 605.66497802734386 6 376.04998779296881 6.5000000000000009 1.0000000180025095e-35 7 530.56500244140636 1024.1350097656252 1.0000000180025095e-35 76.880001068115249 8.5000000000000018 8 9 10 327.71499633789068 647.17498779296886
decision_type=2 1 2 1 2 9 8 9 10 1 10 2 2 1 10 9 2 2 2 1 10 2 2 8 2 9 1 1 10 10
left_child=22 2 3 4 5 -2 7 8 9 11 -10 -5 -13 15 -15 16 -12 -18 -16 20 -9 -22 -1 -24 28 -21 -4 -3 -25 -30
right_child=1 27 26 6 -6 -7 -8 19 10 -11 13 12 -14 14 18 -17 17 -19 -20 25 21 -23 23 24 -26 -27 -28 -29 29 -31
leaf_value=9.5870927264550789e-05 0.076579986939330699 -0.056770443494018309 0.057692380048579753 0.036590750340952438 0.15462795287071357 -0.027608244049629107 -0.030132372229417146 0.044626511015731618 -0.053514163569495329 0.024851374472272349 0.10192169105679894 0.28657047210878872 0.61225420155774812 -0.04397221622545492 0.08182071413672827 0.01120834184323468 0.89039392396390304 0.13414477755887308 0.39279322433360897 0.032604056680978558 0.0082278231942801497 0.73437468186991273 -0.03433175049313654 0.046989008805975382 0.0056771060861143044 -0.020781739758760791 -0.046090947025791529 -0.0049501284458016593 -0.0059380865773686854 0.095387361916705354
leaf_weight=314951.58283981076 339.51830630004406 351.56072440790012 75.724477672018111 20.289285823702812 103.10839944705367 101.78813799470663 238.33030468318611 419.07165511511266 195.15917186159641 76.263215825892985 71.760034922510386 51.553188351914287 20.091708444058895 123.60173938423395 35.09063408523798 64.012566883116961 13.505299540236591 29.03015361726284 13.076937263831494 465.50547922588885 11.004860412329437 6.2338625751435748 509.9885815451853 1247.0105951847509 2650.6543530691415 619.15167419891804 400.22359631815925 989.15462088165805 763.41196647682227 148.74546467862092
leaf_count=2803692 886 3290 510 198 282 435 2063 2456 2952 541 413 278 104 1885 462 704 63 269 23 2149 205 76 4298 8458 30425 5982 5116 6959 9386 2051
internal_value=0.000495053 0.0134385 0.0258147 0.0346 0.0714686 0.0536585 0.0260882 0.0322016 0.0637966 0.17813 0.0296965 0.272894 0.377903 0.0760842 0.0141533 0.127784 0.186919 0.374259 0.166246 0.0168513 0.0523632 0.270817 0.000299699 0.012367 0.0173185 0.00221854 -0.029335 -0.0188581 0.0316099 0.010585
internal_weight=325105 4833.81 3493.09 3017.15 544.415 441.306 2472.73 2234.4 713.434 168.197 545.237 91.9342 71.6449 350.077 171.769 178.308 114.295 42.5355 48.1676 1520.97 436.31 17.2387 320271 5319.81 4809.82 1084.66 475.948 1340.72 2159.17 912.157
internal_count=2896611 38301 28052 22426 1603 1321 20823 18760 7892 1121 6771 580 382 3819 2370 1449 745 332 485 10868 2737 281 2858310 54618 50320 8131 5626 10249 19895 11437
cat_boundaries=0 1 2 3 4 5 6 7 8 9 10 11
cat_threshold=99 656 33 5 266 260 1 97 40 66 50
is_linear=0
shrinkage=0.08


Tree=106
num_leaves=31
num_cat=24
split_feature=47 37 38 42 41 11 34 36 4 36 40 45 36 36 34 47 1 11 41 45 47 38 35 34 43 36 38 4 19 35
split_gain=136.233 212.211 356.673 353.246 375.312 594.281 376.471 361.548 345.753 586.344 381.99 341.986 299.462 292.665 271.427 249.722 244.871 393.554 314.286 460.583 997.548 873.313 575.468 336.27 293.704 280.657 456.056 252.801 241.038 239.171
threshold=0 1 2 3 4 10.500000000000002 5 6 1.0000000180025095e-35 7 8 9 10 11 12 13 1.0000000180025095e-35 31.500000000000004 14 15 16 17 18 19 20 21 22 inf 40.524999618530281 23
decision_type=1 1 1 9 9 2 1 9 8 9 1 9 9 9 1 1 2 2 9 9 1 1 1 1 9 9 1 8 2 1
left_child=-1 2 11 16 5 6 7 -5 13 10 15 12 -2 -8 -6 -10 18 24 25 20 21 22 -20 -22 -18 26 -4 -27 -13 -16
right_child=1 -3 3 4 14 -7 8 -9 9 -11 -12 28 -14 -15 29 -17 17 -19 19 -21 23 -23 -24 -25 -26 27 -28 -29 -30 -31
leaf_value=0.0016569952596627011 -0.083903394165738693 0.00014271118439563487 0.082339265975052991 0.086533653457051427 -0.05033650483968493 0.1148115382027619 0.11809919410280424 -0.07506577575134564 0.19013912737930136 -0.04741236395278204 -0.062008464666861184 -0.011448476171489357 0.018045260299513945 0.0037849975156394829 0.030553229904459859 0.014613277170022556 0.0042759195478436684 0.14390459131213931 0.25251644186650596 0.010339302115295925 0.02998396216691358 -0.014274915394432122 -0.047143148432107075 -0.095830373325858142 -0.033382314620142746 -0.019986104781216006 -0.021218578517108646 0.29997508785104687 -0.032697014768988023 -0.017170955056795497
leaf_weight=134746.63711826596 189.31551292585209 130141.25801979459 504.41024850681424 511.66419451311231 1492.043744456023 300.04460992477834 138.88277427107096 100.65493629127741 147.65945035591722 1953.8514425121248 97.517174333333969 7906.7187282901723 2492.8910612096079 3907.7304182462394 713.21568648982793 79.968459270894527 2858.4646817017347 104.03452788526192 316.27600630698726 12120.953522181138 727.34392539411783 161.88258374854922 50.385663249064237 156.78515563998371 2462.568817475345 3760.0556148570031 574.34966293722391 15.870592840015886 6016.6823403015733 9844.3292598871049
leaf_count=265837 2972 1884063 3182 1445 19733 1607 528 608 573 13577 821 164065 38924 29598 4117 412 22156 476 2800 91873 4263 1334 921 1443 22787 28833 3932 10 196689 85846
internal_value=-0.000288385 -0.00166914 -0.00561748 -0.001778 -0.00982287 0.00457533 -0.000185463 0.0591901 -0.00601707 -0.0309493 0.0673662 -0.015576 0.0105646 0.00800955 -0.0184682 0.123068 0.00473929 -0.0101941 0.00914764 0.0154051 0.0584921 0.145853 0.21118 0.00692818 -0.013207 -0.00831112 0.0275149 -0.018592 -0.0206157 -0.0139211
internal_weight=324594 189848 59706.6 43100.9 19287.6 7237.97 6937.93 612.319 6325.61 2279 325.145 16605.6 2682.21 4046.61 12049.6 227.628 23813.4 5425.07 18388.3 13533.6 1412.67 528.544 366.662 884.129 5321.03 4854.69 1078.76 3775.93 13923.4 10557.5
internal_count=2895425 2629588 745525 342875 158865 49169 47562 2053 45509 15383 1806 402650 41896 30126 109696 985 184010 45419 138591 102634 10761 5055 3721 5706 44943 35957 7114 28843 360754 89963
cat_boundaries=0 1 2 3 4 5 6 7 8 9 10 11 12 13 14 15 16 17 18 19 20 21 22 23 24
cat_threshold=2 20 292 26 17 112 193 56 8 8 120 1 48 4 1 32 4 88 8 22 8 80 80 4
is_linear=0
shrinkage=0.08


Tree=107
num_leaves=31
num_cat=16
split_feature=47 35 38 47 34 3 24 4 35 38 7 34 41 42 43 3 17 43 38 37 26 3 34 4 3 22 3 11 18 38
split_gain=162.096 240.098 237.658 450.567 314.276 411.136 264.297 228.689 241.333 221.643 497.127 346.574 291.361 367.436 319.782 321.879 241.948 259.402 273.779 334.383 353.83 307.047 631.744 766.401 451.13 377.031 296.211 405.403 458.966 264.026
threshold=0 1 2 3 4 24.500000000000004 5.5000000000000009 1.0000000180025095e-35 5 6 22.534999847412113 7 8 9 10 752.23001098632824 5.5000000000000009 11 12 13 4.5000000000000009 462.03500366210943 14 1.0000000180025095e-35 530.56500244140636 1.0000000180025095e-35 36.894998550415046 6.5000000000000009 601.02499389648449 15
decision_type=1 1 1 1 1 8 2 10 1 1 2 1 9 9 9 10 2 9 1 1 10 10 1 10 10 2 8 2 2 1
left_child=9 -2 -3 4 5 -4 -7 -6 -9 10 11 12 -1 14 -14 -16 -11 -18 26 20 21 29 -23 -24 25 -25 27 28 -19 -20
right_child=1 2 3 -5 7 6 -8 8 -10 16 -12 -13 13 -15 15 -17 17 18 19 -21 -22 22 23 24 -26 -27 -28 -29 -30 -31
leaf_value=-0.018696590137375079 -0.00048317002860629691 -0.0012426368395662499 0.085647215301883226 0.0042033829613769757 0.035300644630877891 -0.032191790478216138 0.289721028254318 0.034311243140601355 -0.031927414097417416 -0.0018746323048504595 0.018183638077981196 -0.032061000047081734 -0.053337756827130239 0.001660257408467947 0.060626349354640931 0.34907369437754682 -0.020843057922129132 0.096121985656701006 0.035990226495460971 -0.0077448967755547509 0.15225647990447719 0.19827850630093979 -0.059405270466135959 0.10040032274737321 0.044692126535347938 0.59099724547751387 -0.022363909987370461 -0.08557150059594848 0.93697707975308209 -0.017003072762506861
leaf_weight=3238.6835590414703 149873.80431951117 22356.056774451863 242.13086660578847 30824.615095595829 7223.7967765703797 1263.3083889419213 16.536485461518168 667.06901789084077 723.26978851761669 67138.16456454061 9745.5745254093781 2570.1077098846436 158.07666533812881 5367.6006788313389 1001.5713001713157 25.386930584907532 10246.998024227447 8.7746591423638218 1128.4659173917025 4974.5197195077781 135.62833286589012 167.59410943463445 256.12000196799636 16.313042208552361 48.618315215222538 26.011333350092173 4035.0418079894735 14.375440056435762 7.8902533557265988 1268.268468988128
leaf_count=33901 689276 59225 353 59827 38836 17783 55 893 2699 1214111 93107 23953 1372 43564 5646 70 343607 175 19741 83188 1510 2213 7467 228 868 142 124624 432 86 26713
internal_value=-3.10251e-05 0.00126197 0.00539203 0.0090126 0.0236466 -0.00988224 -0.0280325 0.0295478 -0.000129701 -0.0025015 0.00467047 -0.00597935 0.000898612 0.0105974 0.0507255 0.0671035 -0.0042736 -0.0114868 -0.00353513 0.00503844 0.0258654 0.0200662 0.0761314 0.0111141 0.210939 0.401907 -0.0204199 0.225716 0.494237 0.00802724
internal_weight=324770 213191 63316.8 40960.7 10136.1 1521.98 1279.84 8614.14 1390.34 111580 22107 12361.4 9791.32 6552.64 1185.03 1026.96 89472.8 22334.6 12087.6 8021.54 3047.02 2911.39 514.657 347.063 90.9427 42.3244 4066.08 31.0404 16.6649 2396.73
internal_count=2895665 868947 179671 120446 60619 18191 17838 42428 3592 2026718 201613 108506 84553 50652 7088 5716 1825105 610994 267387 142070 58882 57372 10918 8705 1238 370 125317 693 261 46454
cat_boundaries=0 1 2 3 4 5 6 7 8 9 10 11 12 13 14 15 16
cat_threshold=4 8 393 1 33 2 193 54 34 16 37 5 34 11 8 532
is_linear=0
shrinkage=0.08


Tree=108
num_leaves=31
num_cat=23
split_feature=47 35 38 37 38 36 43 40 42 39 34 37 16 36 34 4 45 5 6 34 11 36 12 37 34 42 37 38 34 19
split_gain=117.473 209.694 516.415 387.05 333.439 386.66 331.736 328.178 320.499 525.279 692.544 509.952 410.09 298.236 291.122 289.082 330.257 289.848 288.678 285.585 273.805 296.571 273.775 293.514 465.571 378.518 504.985 674.734 929.965 633.913
threshold=0 1 2 3 4 5 6 7 8 9 10 11 2.5000000000000004 12 13 43.500000000000007 14 26.500000000000004 2960.3349609375005 15 9.5000000000000018 16 704.27499389648449 17 18 19 20 21 22 61.675001144409187
decision_type=1 1 1 1 1 9 9 1 9 9 1 1 2 9 1 10 9 2 2 1 2 9 2 1 1 9 1 1 1 2
left_child=1 7 -3 15 5 6 -5 14 -6 10 -10 -12 -13 -9 -1 17 -17 -4 -19 -8 21 -11 23 -15 25 -25 27 28 29 -27
right_child=-2 2 3 4 8 -7 19 13 9 20 11 12 -14 22 -16 16 -18 18 -20 -21 -22 -23 -24 24 -26 26 -28 -29 -30 -31
leaf_value=-0.0068445536723981681 0.00090692414534176893 0.019951622210831178 -0.025791705538237394 -0.073083087416051642 0.01031385834535508 -0.016456723807261497 0.26565024446063251 -0.051521909260672544 0.2801270639835971 -0.066696075859485449 0.31044253665059807 0.005620815075956959 0.63300972194458671 0.011114138679768348 -0.059271238402073274 0.22430679176247115 0.0050654912098759934 0.23341967876134218 -0.091127674248965201 0.015297482141372536 -0.065883928790048632 -0.0070440835764526821 0.016312482739024602 -0.0014661199151728035 -0.013088136569636621 0.40672368137038317 0.014075343379669456 0.014181387028426251 0.010319031796657215 -0.089889881035522076
leaf_weight=1955.8502853661776 212875.35056311497 4341.0102037694305 9913.6640792600811 49.007302931509912 11627.04890322499 12730.220251727034 72.937817241065204 649.8514812476933 66.412168878130615 573.03752548713237 28.497473767027259 727.87135739903897 6.7294951751828185 12517.836031066254 1035.3940793033689 52.388288585469127 162.24167761858553 53.672169632278383 26.055379322730005 58.955678300000727 662.95375173864886 6370.779927527532 8025.0924739281181 17203.3663095925 16704.013678504154 125.05998007580638 5130.3022342189215 334.20479821227491 117.13718901947141 18.941822595894337
leaf_count=23910 868660 28376 148196 1675 201030 571683 560 8500 585 9096 195 11344 59 113466 12351 88 1832 355 393 1032 15127 103358 131125 297368 264401 783 73506 4104 2099 311
internal_value=-0.000194378 -0.00229999 -0.00632246 -0.00896772 -0.00474976 -0.0147733 0.0983488 0.000696352 0.00170471 -0.0101587 0.0502796 0.026261 0.0112155 0.00197027 -0.0251286 -0.0225748 0.0692662 -0.0245699 0.127356 0.162709 -0.0167628 -0.0120731 0.00255641 0.000440086 -0.00293331 0.00446707 0.0222655 0.0914446 0.186156 0.319231
internal_weight=324216 111341 47523.5 43182.5 32974.5 12911.1 180.901 63817.1 20063.3 8436.28 829.51 763.098 734.601 60825.8 2991.24 10208 214.63 9993.39 79.7275 131.893 7606.77 6943.82 60176 52150.9 39633 22929 5725.65 595.344 261.139 144.002
internal_count=2895568 2026908 1094984 1066608 915744 574950 3267 931924 340794 139764 12183 11598 11403 895663 36261 150864 1920 148944 748 1592 127581 112454 887163 756038 642572 378171 80803 7297 3193 1094
cat_boundaries=0 1 2 3 4 5 6 7 8 9 10 11 12 13 14 15 16 17 18 19 20 21 22 23
cat_threshold=4 12 641 6 40 34 33 1 25 2 34 64 17 57 8 80 96 6 60 56 72 304 4
is_linear=0
shrinkage=0.08


Tree=109
num_leaves=31
num_cat=10
split_feature=1 38 3 3 12 3 37 2 22 45 39 3 36 3 40 3 3 34 12 1 37 5 22 13 41 3 2 3 12 37
split_gain=111.396 340.687 141.775 179.247 433.266 243.338 558.729 1159.94 570.956 286.458 288.671 222.065 204.027 201.533 188.493 252.02 235.14 228.475 218.222 186.215 182.078 247.544 175.066 174.06 233.153 570.553 430.431 503.792 449.901 202.357
threshold=2.5000000000000004 0 673.32998657226574 516.06500244140636 2436.575073242188 551.85000610351574 1 1.0000000180025095e-35 1.0000000180025095e-35 2 3 605.66497802734386 4 638.31500244140636 5 121.65500259399415 158.30500030517581 6 858.10000610351574 4.5000000000000009 7 8.5000000000000018 2.5000000000000004 403.27499389648443 8 231.43000030517581 1.0000000180025095e-35 399.52499389648443 179.9999923706055 9
decision_type=2 1 8 10 2 10 1 10 2 9 9 10 9 10 1 10 10 1 2 2 1 2 2 2 9 10 8 10 2 1
left_child=-1 2 3 14 5 6 7 -5 -9 10 11 20 -11 -13 -2 -16 18 -18 -17 -14 21 -7 23 24 25 -19 29 -28 -29 -27
right_child=1 -3 -4 4 -6 9 -8 8 -10 12 -12 13 19 -15 15 16 17 22 -20 -21 -22 -23 -24 -25 -26 26 27 28 -30 -31
leaf_value=-0.00024821803176008314 0.04829072104304314 -0.0033713665976032158 -0.018764304878657115 0.15505679421826235 -0.064647594945397249 0.06411551810244466 0.028313384960350123 1.2048563868998012 0.4130541930096574 0.21311842683486062 -0.14028666360766306 0.23494692439628967 -0.048991598323243561 0.083830367251483059 -0.030079238648974171 0.038413116097196345 -0.012057855451273834 0.46543923883120064 0.16899703644106631 0.13180698113907677 -0.054199400439379979 0.46496440430917668 0.27126341904825174 -0.0099511347802434848 0.0063540079192211264 0.087579149173507481 0.0426636683252525 0.082198151103282768 0.46766384141897832 -0.01302647842742328
leaf_weight=306539.66818568623 979.09129782486707 9863.7652153670788 575.24076100159436 97.518031171523035 177.92081462149508 54.364430209621787 169.68238427396864 10.914059680886568 12.508017969317732 14.774905122816563 31.161648339126259 117.36052353819832 283.07846659002826 108.8807270694524 833.31609521899372 276.30048828106374 1467.0480925762095 23.122057316824794 116.40997701417655 41.848802205640823 71.957555670291185 12.044299197383223 19.043033012188971 561.00886410707608 621.6637352919206 197.34798779524863 91.737082619220018 31.919355414807796 49.324236322194338 332.96679283864796
leaf_count=2728889 4765 84065 7890 1053 4669 588 1595 167 67 11 1131 1335 5645 1026 9448 1407 21682 103 501 273 1239 140 183 6636 4111 2237 675 225 249 3577
internal_value=0.000103718 0.00636019 0.0193461 0.0225964 0.0506 0.0705835 0.132559 0.255363 0.782013 0.0460938 0.0911187 0.113395 -0.00878609 0.162221 0.0165759 0.00973092 0.0185146 0.0117357 0.0771217 -0.0249383 0.0335611 0.11891 0.0297477 0.0274944 0.0430775 0.0734072 0.0615622 0.171145 0.31622 0.0258181
internal_weight=323783 17243.3 7379.55 6804.31 1204.01 1026.09 290.622 120.94 23.4221 735.471 395.769 364.608 339.702 226.241 5600.3 4621.21 3787.89 3395.18 392.71 324.927 138.366 66.4087 1928.13 1909.09 1348.08 726.418 703.295 172.981 81.2436 530.315
internal_count=2895582 166693 82628 74738 18939 14270 2882 1287 234 11388 5459 4328 5929 2361 55799 51034 41586 39678 1908 5918 1967 728 17996 17813 11177 7066 6963 1149 474 5814
cat_boundaries=0 1 2 3 4 5 6 7 8 9 10
cat_threshold=692 73 14 1 16 9 56 32 2 65
is_linear=0
shrinkage=0.08


Tree=110
num_leaves=31
num_cat=10
split_feature=19 34 17 35 32 18 38 25 3 6 26 42 15 42 36 15 19 38 43 3 6 19 32 18 17 19 33 34 42 4
split_gain=105.339 269.461 245.842 195.658 176.633 158.249 297.706 146.969 145.885 188.73 197.406 154.416 139.958 244.53 331.477 285.383 274.748 191.157 174.484 351.316 191.701 232.041 222.588 173.849 167.171 152.764 150.884 215.846 200.592 203.26
threshold=695.92501831054699 0 8.5000000000000018 1 5.1649999618530282 907.22500610351574 2 1.0000000180025095e-35 203.29499816894534 854.12500000000011 9.2500000000000018 3 1.0000000180025095e-35 4 5 1.5000000000000002 458.00500488281256 6 7 307.94500732421881 316.27499389648443 88.02500152587892 2.3249999284744267 3144.174926757813 1.5000000000000002 74.77500152587892 1.0000000180025095e-35 8 9 31.500000000000004
decision_type=2 1 2 1 10 2 1 8 10 2 8 9 2 9 9 2 2 1 9 8 2 2 8 2 2 2 2 1 9 8
left_child=2 -2 12 4 -4 6 -6 -3 9 -5 -11 -12 24 15 16 17 -15 -14 19 20 21 25 -22 -20 -1 -19 -26 -28 -29 -30
right_child=1 7 3 8 5 -7 -8 -9 -10 10 11 -13 13 14 -16 -17 -18 18 23 -21 22 -23 -24 -25 26 -27 27 28 29 -31
leaf_value=0.0012370157077649744 -0.02031370616158111 0.083315801740960829 0.022837937818956697 0.013146715353451877 0.020245319432275501 0.04969236779003991 0.28622056090124726 -0.0014934027219390331 0.0027716363228930379 0.30615311794031036 0.11723017244992372 0.027205795977562609 -0.013775386044265387 0.056764924541451052 -0.012198676157017717 0.44838062121762018 0.31317017762916449 0.12771774172359673 0.017459345304712156 0.013903936675631508 0.57111434192237109 -0.021620448140013133 0.17967639639726571 0.26142923055217443 -0.0035727989195611059 0.35398044008510254 -0.027082217654568468 -0.012904826327734297 0.045503025386338471 0.15577766185495687
leaf_weight=183291.40791276353 5372.7319135207217 131.22042706096545 650.16024486767128 3976.8297478593886 62.199604936875403 174.49451036611572 53.976474784314632 38415.696728275972 10311.474879099056 20.016735491342843 160.85085292393342 503.76608652761206 220.82920102449134 111.69247641321272 1347.6192900515161 11.688482894562183 35.167358940467238 41.744504398666322 294.04684845148586 100.31779680307955 17.632546257227659 33.272694004699588 19.667576186358929 19.962038279976696 77626.900893433485 35.201587339863181 316.97252126736566 213.81693049403839 323.48218673537485 159.82993839820847
leaf_count=1328531 107260 472 5083 29535 455 1154 174 468580 138783 56 866 2834 2195 456 11323 49 69 236 2727 1646 93 316 118 120 782633 22 3178 1848 3462 626
internal_value=9.58137e-05 -0.00354695 0.000666927 0.0103237 0.0455312 0.0978569 0.170199 -0.00120438 0.00807561 0.0198257 0.0586218 0.0511668 8.53097e-05 0.0197819 0.000526711 0.055305 0.110631 0.0501414 0.0741881 0.124387 0.207952 0.154899 0.364717 0.0319514 -8.68051e-05 0.231229 -0.00317228 0.0274863 0.0519411 0.0803089
internal_weight=324055 43919.6 280135 15913.8 940.831 290.671 116.176 38546.9 14972.9 4661.46 684.634 664.617 264221 2288.84 1494.48 794.363 146.86 782.675 561.846 247.837 147.519 110.219 37.3001 314.009 261932 76.9461 78641 1014.1 697.129 483.312
internal_count=2894900 576312 2318588 178940 6866 1783 629 469052 172074 33291 3756 3700 2139648 19370 11848 7522 525 7473 5278 2431 785 574 211 2847 2120278 258 791747 9114 5936 4088
cat_boundaries=0 1 2 3 4 5 6 7 8 9 10
cat_threshold=33 4 302 16 8 57 773 9 20 33
is_linear=0
shrinkage=0.08


Tree=111
num_leaves=31
num_cat=15
split_feature=47 36 35 42 45 43 38 3 13 43 4 38 36 18 3 4 17 18 38 38 4 13 18 38 45 18 4 16 42 17
split_gain=242.585 293.203 230.041 281.292 447.27 576.508 486.354 352.93 298.417 291.269 288.813 324.485 355.874 379.786 377.735 271.28 271.44 263.886 242.447 226.937 310.106 253.637 223.729 293.079 221.481 200.809 201.185 331.493 231.666 198.495
threshold=0 1 2 3 4 5 6 530.56500244140636 759.05004882812511 7 13.500000000000002 8 9 10033.079589843752 502.85000610351568 1.5000000000000002 9.5000000000000018 939.29998779296886 10 11 15.500000000000002 1168.4500122070315 3601.3000488281255 12 13 1880.0000000000002 11.500000000000002 1.0000000180025095e-35 14 9.5000000000000018
decision_type=1 9 1 9 9 9 1 8 2 9 10 1 9 2 10 8 2 2 1 1 10 2 2 1 9 2 8 2 9 2
left_child=1 19 3 4 6 8 7 10 -6 -9 11 15 13 14 -13 17 -17 -3 -5 20 24 -22 29 -24 -1 26 27 -26 -29 -4
right_child=-2 2 22 18 5 -7 -8 9 -10 -11 -12 12 -14 -15 -16 16 -18 -19 -20 -21 21 -23 23 -25 25 -27 -28 28 -30 -31
leaf_value=0.034187265750060543 0.0014789017341605027 0.33204582175148356 -0.026563579164421293 0.0055904657655243273 0.16784728140413449 -0.05483996189021044 -0.058138710193656039 0.13529547884156506 0.89732993061316513 -0.086278149917800154 0.24816861725229938 -0.0098016821199422496 0.20331048697115972 0.59634455880558845 0.44653221829233053 -0.095520912969605229 0.20816199026527238 -0.002539076999583272 -0.057935680715969724 -0.0028942889525144827 -0.053602888166012448 0.20280751548618103 0.12810685219370216 -0.02780747875280672 -0.035878451889370583 0.10833672848500239 0.020960681231549476 0.27433393313947746 0.01323948506571737 -0.082534902919293759
leaf_weight=2883.0237656533718 213087.10012047831 82.458575068973005 4630.7548404964618 810.75274439901114 6.376219615805895 505.16971417982131 201.68932220153511 43.473896599840373 8.210446850396691 123.88369993399829 78.378507353365421 373.36855622939765 67.810704403556883 7.063617091625928 11.981739352457224 34.407199871726334 41.626371346414089 18.464505008421838 724.02470522606745 96219.703792339424 559.4941512811929 25.829823210835457 123.92922018095851 178.82121558301151 1200.502651585266 108.85887183435261 1198.1548744179308 27.527039796113968 66.92822858132422 444.42548483097926
leaf_count=14369 869226 426 53286 7515 156 6948 2188 332 76 2042 387 5753 520 63 77 372 163 253 9983 1891645 3828 47 483 2803 9627 405 5757 98 454 5944
internal_value=-9.98914e-05 -0.00313598 -0.0173886 -0.000155753 0.0231964 -0.0374024 0.0523124 0.0779119 0.343182 -0.0257918 0.103255 0.0854298 0.0461964 0.0146688 0.00438716 0.174969 0.0707375 0.270831 -0.0245588 -0.00194736 0.0130423 -0.0422877 -0.0274286 0.0393281 0.0189706 0.00197124 -0.00266518 -0.0245249 0.119776 -0.0314649
internal_weight=323894 110807 8517.07 3139.14 1604.36 519.756 1084.61 882.917 14.5867 167.358 715.56 637.181 460.225 392.414 385.35 176.957 76.0336 100.923 1534.78 102290 6070.32 585.324 5377.93 302.75 5485 2601.97 2493.11 1294.96 94.4553 5075.18
internal_count=2895226 2026000 99770 37254 19756 7180 12576 10388 232 2374 8014 7627 6413 5893 5830 1214 535 679 17498 1926230 34585 3875 62516 3286 30710 16341 15936 10179 552 59230
cat_boundaries=0 1 2 3 4 5 6 7 8 9 10 11 12 13 14 15
cat_threshold=4 232 2 41 44 32 368 1 48 3 724 129 577 1 8
is_linear=0
shrinkage=0.08


Tree=112
num_leaves=31
num_cat=14
split_feature=1 21 45 44 17 11 37 19 19 34 43 41 35 27 27 39 17 1 34 38 36 4 4 38 19 42 17 19 32 42
split_gain=156.799 105.232 222.602 188.069 273.676 331.9 179.286 265.888 354.531 275.635 223.255 187.04 193.203 284.119 281.076 239.45 257.638 244.698 167.11 158.074 138.7 138.462 189.905 137.787 136.445 134.433 129.846 129.322 127.159 146.515
threshold=5.5000000000000009 1.0000000180025095e-35 0 1 14.500000000000002 18.500000000000004 2 318.27499389648443 387.05000305175787 3 4 5 6 6.5000000000000009 8.5000000000000018 7 2.5000000000000004 1.5000000000000002 8 9 10 34.500000000000007 37.500000000000007 11 1894.7249755859377 12 118.00000000000001 84.02500152587892 34.18499946594239 13
decision_type=2 2 9 9 2 2 1 2 2 1 9 9 1 10 10 9 2 2 1 1 9 10 10 1 2 9 2 2 10 9
left_child=1 -1 3 4 -3 -6 7 -5 -9 10 -10 12 15 20 -15 17 -17 -8 19 24 -14 -22 -23 28 27 -25 -4 -18 29 -13
right_child=-2 2 26 6 5 -7 11 8 9 -11 -12 23 13 14 -16 16 18 -19 -20 -21 21 22 -24 25 -26 -27 -28 -29 -30 -31
leaf_value=-0.00029913343528397801 0.039645550318109735 -0.01491716148096355 -0.020632559056573071 -0.038666509761791382 0.40179591176514506 0.064585927874762805 0.35020713036472623 0.36193433900457722 0.20397396619750743 -0.015258212929056115 -0.017489060589026956 0.030931673065727174 0.18932755635742954 0.59153902020305493 0.10398206003387848 0.29777691461013306 0.17318042796718316 0.076210652870485535 0.0073666726986101388 -0.013446026964174448 -0.011712839462937517 0.32981438904375898 0.032032117550272653 -0.00034977712548499664 0.26526029567754933 -0.03951464079633394 0.14339962401645165 0.05276399695248124 0.11151212066957625 -0.014539213213989838
leaf_weight=313393.89759880467 638.15099633159116 65.186776975169778 1701.7440268208738 118.70211318787187 32.543710604310036 43.851715330034494 33.032840896397829 30.314899561926723 108.09509765915573 130.47613445715979 44.721566163934767 1061.9212426422164 13.999184135347605 9.087804221082477 45.235880284802988 24.411108890548348 80.435168275609612 56.608646782115102 608.84232452092692 103.72693043388426 1189.5351887681754 17.494837800040841 63.291699610650539 1918.4112016630825 30.786094002425671 784.61018694681115 31.456007644534111 196.57808013726026 85.593630057759583 780.10005370806903
leaf_count=2789621 3119 367 22243 1225 142 237 133 167 619 1903 465 7301 42 77 636 86 212 183 5837 572 17511 117 356 25610 148 8801 145 936 462 6463
internal_value=2.94836e-05 -4.88332e-05 0.00828655 0.0141245 0.105492 0.208234 0.0124267 0.0618799 0.10191 0.0740855 0.14207 0.00931691 0.0270381 0.00629358 0.185545 0.0512483 0.0409341 0.177178 0.0347894 0.073398 -0.00123934 -0.00479209 0.0965188 -0.000185242 0.102166 -0.011822 -0.0175542 0.0877288 0.0161093 0.0117636
internal_weight=323443 322805 9410.79 7677.59 141.582 76.3954 7536.01 432.31 313.608 283.293 152.817 7103.7 2473.07 1338.64 54.3237 1134.42 1044.78 89.6415 1020.37 411.526 1284.32 1270.32 80.7865 4630.64 307.799 2703.02 1733.2 277.013 1927.61 1842.02
internal_count=2895736 2892617 102996 80608 746 379 79862 4379 3154 2987 1084 75483 26846 18739 713 8107 7791 316 7705 1868 18026 17984 473 48637 1296 34411 22388 1148 14226 13764
cat_boundaries=0 1 2 3 4 5 6 7 8 9 10 11 12 13 14
cat_threshold=7 1 8 10 12 33 12 2 11 818 1 213 41 24
is_linear=0
shrinkage=0.08


Tree=113
num_leaves=31
num_cat=15
split_feature=19 43 45 34 15 47 3 12 32 34 18 12 19 12 3 45 41 34 2 47 39 42 42 47 3 19 42 41 13 14
split_gain=120.704 169.106 226.703 226.856 208.364 170.022 145.395 168.255 107.61 123.211 101.866 129.841 168.055 175.378 155.51 100.701 280.034 237.93 247.89 368.565 183.297 240.005 175.162 175.125 220.032 273.777 266.273 232.579 183.298 527.486
threshold=3223.049926757813 0 1 2 2.5000000000000004 3 705.40499877929699 4718.1401367187509 -9.0749998092651349 4 3882.049926757813 18377.764648437504 8838.6997070312518 14480.064453125002 344.47000122070318 5 6 7 1.0000000180025095e-35 8 9 10 11 12 685.64001464843761 24.024999618530277 13 14 230.77500152587893 1.0000000180025095e-35
decision_type=2 9 9 1 2 1 10 2 8 1 2 2 2 2 10 9 9 1 10 1 9 9 9 1 10 2 9 9 2 2
left_child=15 5 3 6 10 -2 -3 -8 9 -7 -4 12 -12 -14 -15 -1 17 20 22 -20 21 -17 -19 -22 26 -26 27 -25 29 -29
right_child=1 2 4 -5 -6 8 7 -9 -10 -11 11 -13 13 14 -16 16 -18 18 19 -21 23 -23 -24 24 25 -27 -28 28 -30 -31
leaf_value=0.00095975951467061886 -0.00042786939167733032 0.072203523921587631 -0.023396040211523635 -0.01808398454728306 0.25992467293687543 0.08043282097906844 0.34887307793745531 0.047614995598515321 -0.046660601121683791 -0.073649775424244807 -0.0010257398519440222 -0.05365667686646277 0.049626740941910552 0.46421336995372103 0.09103554251711575 0.10514383889309863 0.00097335403564738994 -0.027832005995201498 0.0090547264040013488 -0.063307239507848334 -0.011781955087609697 -0.03248564075595281 0.0029963570426685365 0.10690878701186962 0.63579187589667252 0.021188817948245734 -0.070592448332439578 -0.020353441640708004 -0.083262326620531901 0.39343610523663425
leaf_weight=258963.69437969814 1065.0380914416164 249.54229928296991 1508.8217240564991 187.14387254207395 18.509740558918566 85.172414191998541 28.440650579752401 20.358257319079712 1605.9617971390253 42.54448243859224 779.64393187849782 189.1137481238693 258.99227187922224 12.889948459807785 16.039780929218978 144.11995922401547 40451.061349384021 1332.1125709642656 785.6064561214298 1056.0092744226567 2010.0907459724694 166.25364837562665 9729.5793729823781 77.37934672087431 6.7022670358419445 15.065037655644117 1316.4444991783239 990.65115379635245 300.72612718353048 20.116965151391923
leaf_count=2271301 2103 1951 17934 2793 47 1392 257 257 48029 1217 9607 2820 2096 53 168 672 313318 17150 1433 18584 3993 1678 120563 242 124 536 33143 14409 7143 309
internal_value=6.93132e-05 -0.0111072 0.00128215 0.0511503 -0.00756598 -0.0254941 0.0937577 0.223192 -0.0410399 0.0296366 -0.00938367 0.00744016 0.0182631 0.0704942 0.257309 0.000283015 -0.00271748 -0.0110304 -0.00525892 -0.0324387 -0.0257449 0.0337627 -0.000738624 -0.0296981 -0.0429039 0.210428 -0.0449422 -0.0199775 -0.0282162 -0.0121179
internal_weight=323434 6068.21 3269.5 485.485 2784.01 2798.72 298.341 48.7989 1733.68 127.717 2765.5 1256.68 1067.57 287.922 28.9297 317366 58401.9 17950.9 12903.3 1841.62 5047.55 310.374 11061.7 4737.18 2727.09 21.7673 2705.32 1388.87 1311.49 1010.77
internal_count=2895322 90724 37983 5258 32725 52741 2465 514 50638 2609 32678 14744 11924 2317 221 2804598 533297 219979 157730 20017 62249 2350 137713 59899 55906 660 55246 22103 21861 14718
cat_boundaries=0 1 2 3 4 5 6 7 8 9 10 11 12 13 14 15
cat_threshold=5 10 52 2 26 13 50 34 2 1 9 16 2 50 16
is_linear=0
shrinkage=0.08


Tree=114
num_leaves=31
num_cat=13
split_feature=1 38 4 18 38 7 47 47 18 12 37 36 34 41 38 4 38 18 47 7 1 23 3 3 47 18 18 4 12 38
split_gain=114.765 158.716 203.364 185.164 176.443 154.268 140.187 121.732 138.391 293.308 103.178 310.226 246.308 263.622 217.535 217.024 205.93 266.199 305.848 265.115 251.845 230.712 200.01 306.301 294.442 311.852 540.679 287.103 270.122 255.443
threshold=4.5000000000000009 0 3.5000000000000004 1052.9000244140627 1 101.45000076293947 2 3 108.02500152587892 60.049999237060554 4 5 6 7 8 31.500000000000004 9 8826.1250000000018 10 22.534999847412113 3.5000000000000004 4.5000000000000009 57.645000457763679 18.185000419616703 11 551.51000976562511 698.52499389648449 66.500000000000014 574.75000000000011 12
decision_type=2 1 10 2 1 2 1 1 2 2 1 9 1 9 1 8 1 2 1 2 2 2 10 10 1 2 2 8 2 1
left_child=10 3 7 -2 5 6 -4 8 9 -3 11 12 16 14 -14 -16 19 20 -19 -1 21 22 23 -18 -25 29 -27 -24 -29 -26
right_child=1 2 4 -5 -6 -7 -8 -9 -10 -11 -12 -13 13 -15 15 -17 17 18 -20 -21 -22 -23 27 24 25 26 -28 28 -30 -31
leaf_value=-0.0063924313596785375 0.03044234206274176 -0.02035850891087955 0.18355164008634905 0.15267457812857296 -0.068212247937440337 -0.021532160143460582 0.011133504034405262 0.021792302895420085 -0.077580963252121701 0.29488549391153834 -0.0007004710141567136 -0.0071635966334820432 -0.030579677457163949 0.0049959167263115625 -0.0031390320236194934 -0.087349385724723047 0.0032590335346372838 0.018846481850289136 -0.056726128343502796 0.012928838805861579 0.076362140231630043 0.052077541144633199 0.012264053491073233 0.0055032654472857087 0.082545394984646261 0.37712192779962322 0.040333837819498612 -0.024654420904638884 0.026866082420586093 0.011392432431619271
leaf_weight=11301.049522815272 249.94861992634833 218.03988925181329 121.82553580030799 116.18628223985434 44.793526995927095 48.714188675396144 40.1188192833215 414.33188487775624 257.80636176001281 20.680668324232101 219319.65065515612 17991.955795201473 2504.766074096784 20362.218232852407 11311.334621974267 199.31643390958197 1802.8391386130825 628.49521832354367 753.79809103161097 7602.826412932016 402.94733957666904 921.87183761550114 20970.287023857702 726.34664076194167 884.27510756254196 54.651135208085179 69.056046834215522 2711.8643292007037 857.15737301832996 526.72375293448567
leaf_count=85976 744 2162 380 195 306 380 71 698 4591 135 2019911 114236 22059 125748 112046 1809 6412 1163 19870 73933 3055 8398 251887 1443 6374 371 609 20255 6142 4066
internal_value=0.000383054 0.0222239 0.00740389 0.06739 0.0705472 0.0986095 0.140838 -0.0102235 -0.0369394 0.00695148 0.000279079 0.00237315 0.00440214 -0.000815399 -0.00925588 -0.00459321 0.00797363 0.0119544 -0.0223651 0.00137754 0.0135435 0.0126862 0.0114166 0.0278553 0.0474671 0.0673278 0.189119 0.0086942 -0.012281 0.0566499
internal_weight=323436 1532.45 1166.31 366.135 255.452 210.659 161.944 910.859 496.527 238.721 321903 102584 84591.8 34377.6 14015.4 11510.7 50214.2 31310.3 1382.29 18903.9 29928 29525.1 28603.2 4063.89 2261.05 1534.71 123.707 24539.3 3569.02 1411
internal_count=2895425 9662 8723 939 1137 831 451 7586 6888 2297 2885763 865852 751616 261662 135914 113855 489954 330045 21033 159909 309012 305957 297559 19275 12863 11420 980 278284 26397 10440
cat_boundaries=0 1 2 3 4 5 6 7 8 9 10 11 12 13
cat_threshold=656 325 4 4 98 162 116 34 649 389 2 2 112
is_linear=0
shrinkage=0.08


Tree=115
num_leaves=31
num_cat=13
split_feature=33 37 2 38 34 38 10 6 3 3 4 41 7 3 12 6 38 13 44 20 41 37 20 34 3 20 38 39 37 12
split_gain=193.949 219.844 222.703 115.438 125.976 109.644 107.779 103.673 189.021 177.832 212.523 393.749 195.111 167.433 154.958 216.794 145.941 136.174 125.195 166.235 179.691 195.906 154.984 165.882 172.073 149.652 228.392 171.977 344.514 346.31
threshold=1.0000000180025095e-35 0 1.5000000000000002 1 2 3 1.5000000000000002 484.00001525878912 43.870000839233406 335.34500122070318 inf 4 325.00500488281256 74.505001068115249 727.27502441406261 628.60000610351574 5 250.00000762939456 6 1.0000000180025095e-35 7 8 2.5000000000000004 9 621.31500244140636 1.0000000180025095e-35 10 11 12 1450.0250244140627
decision_type=2 1 8 1 1 1 2 2 8 10 8 9 2 10 2 2 1 2 9 2 9 1 2 1 10 2 1 9 1 2
left_child=7 -2 5 4 -4 -3 -7 -1 -9 12 18 -12 14 -14 17 16 -16 -10 19 -11 22 -22 -21 24 -24 26 27 28 29 -20
right_child=1 2 3 -5 -6 6 -8 8 9 10 11 -13 13 -15 15 -17 -18 -19 25 20 21 -23 23 -25 -26 -27 -28 -29 -30 -31
leaf_value=-0.00058141182481535371 -0.078978488733427193 -0.023165441572606485 0.18175854374332009 -0.052431800943000449 -0.068086063301093389 0.033896622932628753 -0.083160078617892777 -0.026430395351081194 -0.013384224666278952 -0.0090912225838527001 -0.0051886397213012324 -0.23531123699666723 0.029811430565032875 0.00085694408494288487 0.094063481974426696 0.020821373976531301 0.0095889210870349836 0.031375693209936044 0.040446849387159471 0.086533884891915228 0.15963255018773986 -0.029342791314397779 0.16998189477273648 -0.068794717045687098 -0.089180163343300922 -0.0082093889160963392 -0.0063111907530853393 0.010942385511827484 0.0054407476742228036 0.21102312460673672
leaf_weight=272796.15523204207 135.27568808174692 245.4926500543952 22.535990264266729 330.33339594677091 17.918711696751416 3119.4702210982796 51.16691379295662 1312.8158514187671 1392.1474050981924 694.80380926281214 161.47403634293005 60.014633679296821 1426.3885364839807 12300.908758529928 451.94623813405633 5184.9776429608464 199.49822810757905 632.71187859214842 164.83312864229083 525.51349238399416 29.680768296122551 297.42771305702627 53.763185914605856 94.646702448837459 23.591254048980772 10474.393474291777 5698.5214544630144 4978.3359993766062 443.3246702933684 141.62187385838479
leaf_count=2303140 3589 1009 151 3084 268 27833 713 8221 11550 5376 820 462 8525 104565 2251 41117 2538 4035 1133 3608 38 2641 189 1076 282 187249 127128 40272 4069 574
internal_value=0.000232109 0.0179136 0.0215265 -0.0373029 0.0795331 0.0279749 0.031907 1.50763e-05 0.00349621 0.004361 -0.0004018 -0.0784011 0.00962094 0.00386557 0.0196709 0.0262866 0.0697851 0.000601997 0.000329598 0.021116 0.0415997 -0.00796908 0.0640418 -0.0009549 0.0805328 -0.00130232 0.00502914 0.0162935 0.0520405 0.115506
internal_weight=323462 3922.19 3786.92 370.788 40.4547 3416.13 3170.64 319539 46743.3 45430.5 23841.9 221.489 21588.6 13727.3 7861.28 5836.42 651.444 2024.86 23620.5 1719.43 1024.62 327.108 697.515 172.001 77.3544 21901 11426.6 5728.12 749.78 306.455
internal_count=2897506 36647 33058 3503 419 29555 28546 2860859 557719 549498 374917 1282 174581 113090 61491 45906 4789 15585 373635 13210 7834 2679 5155 1547 471 360425 173176 46048 5776 1707
cat_boundaries=0 1 2 3 4 5 6 7 8 9 10 11 12 13
cat_threshold=18 4 10 1 16 850 1 4 2 38 976 2 32
is_linear=0
shrinkage=0.08


Tree=116
num_leaves=31
num_cat=10
split_feature=34 41 15 40 42 18 17 35 2 18 19 19 32 18 18 4 45 41 4 32 4 34 4 4 36 18 19 18 3 41
split_gain=105.772 175.639 172.705 163.38 144.288 268.005 229.371 175.821 226.975 167.613 335.604 473.501 246.905 209.947 179.451 155.962 462.613 347.307 356.23 212.299 212.033 178.561 390.902 242.535 179.139 165.346 701.437 455.851 249.818 183.211
threshold=0 1 2.5000000000000004 2 3 130.84999847412112 4.5000000000000009 4 1.5000000000000002 382.87500000000006 336.02499389648443 274.02499389648443 -3.5249999761581416 334.56999206542974 36106.441406250007 25.500000000000004 5 6 44.500000000000007 -4.2349998950958243 39.500000000000007 7 17.500000000000004 10.500000000000002 8 22.125000000000004 57.004999160766609 66.825000762939467 357.05500793457037 9
decision_type=1 9 2 1 9 2 2 1 8 2 2 2 8 2 2 10 9 9 10 10 10 1 10 10 9 2 2 2 10 9
left_child=1 3 4 -1 5 7 -7 8 15 10 11 13 -12 -8 -11 21 -17 -18 19 -19 -21 23 24 25 -23 29 27 -27 -28 -3
right_child=-2 2 -4 -5 -6 6 9 -9 -10 14 12 -13 -14 -15 -16 16 17 18 -20 20 -22 22 -24 -25 -26 26 28 -29 -30 -31
leaf_value=0.055160333093083304 -0.00094679117811623107 -0.067303459811048447 0.15099453489587433 -0.0046898062034113289 0.00091766161748170233 -0.030743289658494061 -0.05642852063683261 -0.014658864582099876 -0.017246472630916214 -0.0042427523162868247 0.24436632497547439 0.56386207875287386 -0.027694416193835131 0.37820351172599126 0.19130142088345936 -0.0512263163877602 -0.0024764735520149211 0.14958688673693751 0.035610413387317991 0.21303389180844953 0.44463281085688144 0.099148029803307725 0.45954303665002316 -0.0609077299598186 -0.022099843087193979 0.49804169990542185 -0.023649686265671425 0.095828043378107325 0.3530060203365718 0.055791111772844078
leaf_weight=755.6870528049767 233214.36154247995 76.625589802861214 49.670559119433165 477.02386035490781 82955.978351562051 1252.6111862403341 23.657103078905493 554.72678361972794 468.13492421014234 698.58221046905965 26.210729156155139 20.184291559271514 115.09777979273349 10.170945288147776 31.385033568367362 124.28611502051353 107.19468858838081 94.821341685950756 79.855896171182394 57.091102484613657 45.432281911373138 79.130122999660671 11.674338165670632 116.84630618803203 618.25448987586424 41.50584056507796 115.5570403537713 31.889574760105461 12.487598687410353 1095.407065436244
leaf_count=1795 1978120 830 224 1899 861482 12812 255 3927 3251 6880 134 187 1316 87 78 730 519 327 290 255 68 233 42 889 6664 116 1183 332 87 9018
internal_value=-4.72307e-05 0.00227982 0.00186215 0.0321487 0.001779 0.0138467 -0.00842965 0.0268874 0.0340824 0.0217775 0.0876013 0.257217 0.022769 0.0742506 0.00416469 0.0430814 0.0830019 0.124496 0.171973 0.235867 0.315665 0.0338484 0.000441704 0.049408 -0.0072374 0.0591527 0.126106 0.323284 0.0130838 0.0476452
internal_weight=323362 90147.2 88914.5 1232.71 88864.8 5908.82 2177.9 3730.92 3176.19 925.288 195.321 54.0123 141.309 33.828 729.967 2708.06 508.681 384.395 277.201 197.345 102.523 2199.38 709.059 1490.32 697.385 1373.47 201.44 73.3954 128.045 1172.03
internal_count=2894030 915910 912216 3694 911992 50510 21749 28761 24834 8937 1979 529 1450 342 6958 21583 2189 1459 940 650 323 19394 6939 12455 6897 11566 1718 448 1270 9848
cat_boundaries=0 1 2 3 4 5 6 7 8 9 10
cat_threshold=24 16 8 2 10 12 1 8 2 36
is_linear=0
shrinkage=0.08


Tree=117
num_leaves=31
num_cat=8
split_feature=33 4 6 6 3 34 38 4 9 41 3 36 4 19 41 38 38 22 32 44 3 19 23 7 20 18 26 7 18 1
split_gain=115.083 135.563 152.993 117.702 137.841 107.348 202.401 271.134 288.507 229.049 225.464 253.143 204.38 203.427 168.22 384.19 256.523 314.287 245.945 211.489 157.913 146.021 245.874 169.853 278.285 461.856 289.658 265.483 322.145 159.012
threshold=1.5000000000000002 58.500000000000007 392.00001525878912 1202.0501098632815 321.43499755859381 0 1 3.5000000000000004 1.0000000180025095e-35 2 301.94500732421881 3 63.500000000000007 500.00500488281256 4 5 6 1.5000000000000002 24.515000343322757 7 418.19000244140631 1996.7750244140627 1.5000000000000002 188.00500488281253 1.0000000180025095e-35 519.62500000000011 9.2500000000000018 78.000007629394545 6208.1748046875009 1.0000000180025095e-35
decision_type=2 8 2 2 8 1 1 10 2 9 10 9 10 2 9 1 1 2 10 9 10 2 2 2 2 2 10 2 2 2
left_child=5 2 -2 4 -4 -1 7 21 9 10 -9 12 13 -12 15 -8 17 -16 19 -19 -14 23 -23 24 26 -26 29 -27 -29 -7
right_child=1 -3 3 -5 -6 6 14 8 -10 -11 11 -13 20 -15 16 -17 -18 18 -20 -21 -22 22 -24 -25 25 27 -28 28 -30 -31
leaf_value=0.00041132086203632824 -0.078101623497406236 0.1108351792085997 0.29678998919111316 -0.0063182318870137208 0.037691398533208263 -0.0014111857445272713 0.04394088037216036 -0.035964212522168651 0.3126181839137645 -0.039201687651723327 0.24239379778684902 -0.043589868430912178 0.12465950839020364 -0.0084203129558600952 -0.021667381504716796 -0.03264608325590778 -0.0031996739775338968 -0.0023495781346869961 0.47256011742828369 0.29931290949100547 -0.034083819159033017 0.025608257065979207 0.24559307489530502 -0.034195976450123344 0.55679683661413915 -0.0026189986686716506 0.1842794596753754 -0.030918274848657556 0.41868792560565027 0.10156142685645757
leaf_weight=247789.42817556765 82.403513284632936 129.03144645877182 23.552050366066396 68.497158651938662 29.727811861783266 3364.0756222726777 1288.8905395613983 94.528412107378244 27.673481523990631 144.7379048820585 124.63356738910079 65.868409600108862 128.92747102677822 24.816836098209023 6634.5564357941039 611.71010602591559 61539.397210974537 55.655144431395456 11.682030784897504 20.298812411725521 58.214791351929307 148.31181447580457 41.647819155827165 691.08626252226532 13.770166479051111 96.046674026176333 56.409860391169786 17.070881577208638 25.337282262742519 98.795479683205485
leaf_count=2000516 902 314 102 709 327 19016 3000 582 59 954 453 392 451 164 58145 3186 797392 759 60 41 414 1073 191 5495 34 787 179 150 114 460
internal_value=-0.000344475 0.0466463 0.0060822 0.0630473 0.152224 -0.000392926 -0.00303616 0.0121446 0.0597068 0.0488004 0.0737344 0.101332 0.127208 0.200745 -0.00416758 0.0192494 -0.0048223 -0.0196501 0.13083 0.0782702 0.0752788 0.00517775 0.073839 0.00218804 0.00903659 0.114937 0.00445593 0.0709911 0.237705 0.00152662
internal_weight=323507 333.212 204.181 121.777 53.2799 323174 75384.1 5221.95 669.401 641.727 496.989 402.461 336.593 149.45 70162.2 1900.6 68261.6 6722.19 87.636 75.954 187.142 4552.55 189.96 4362.59 3671.51 152.225 3519.28 138.455 42.4082 3462.87
internal_count=2896421 2354 2040 1138 429 2894067 893551 30968 3469 3410 2456 1874 1482 617 862583 6186 856397 59005 860 800 865 27499 1264 26235 20740 1085 19655 1051 264 19476
cat_boundaries=0 1 2 3 4 5 6 7 8
cat_threshold=30 64 33 128 16 641 137 2
is_linear=0
shrinkage=0.08


Tree=118
num_leaves=31
num_cat=20
split_feature=31 45 41 34 38 34 47 38 45 4 37 36 35 43 38 37 45 22 34 20 41 38 37 18 4 17 34 13 18 17
split_gain=187.393 323.229 157.647 119.675 112.35 140.752 100.805 212.474 1112.63 220.793 200.145 191.567 250.112 250.922 238.474 230.281 230.272 247.064 182.667 179.148 154.932 147.251 323.304 376.69 346.171 340.674 390.74 396.535 305.872 264.026
threshold=1.0000000180025095e-35 0 1 2 3 4 5 6 7 2.5000000000000004 8 9 10 11 12 13 14 1.0000000180025095e-35 15 8.5000000000000018 16 17 18 794.22500610351574 26.500000000000004 3.5000000000000004 19 438.52499389648443 1276.850036621094 2.5000000000000004
decision_type=10 9 9 1 1 1 1 1 9 8 1 9 1 9 1 1 9 2 1 2 9 1 1 2 10 2 1 2 2 2
left_child=6 -2 4 -4 -3 -6 11 8 -8 10 -10 12 13 14 16 -14 17 -1 -15 21 -16 22 23 -13 -24 28 27 -27 29 -25
right_child=1 2 3 -5 5 -7 7 -9 9 -11 -12 19 15 18 20 -17 -18 -19 -20 -21 -22 -23 24 25 -26 26 -28 -29 -30 -31
leaf_value=0.25353570812835757 -0.056866793644611321 -0.037930896590463628 -0.024895307853437586 0.029255130450309776 0.030627063717345082 -0.018148562887879284 -0.10323515300711768 0.0018933750903488411 0.0033484237683245911 0.0092347985295413819 -0.038718605561864142 0.01319456954498544 0.1704130010086316 0.096651528199460213 0.082872832002887892 -0.066778604906204186 -0.031484094068168302 -0.091077595421498805 -0.085511912876527221 -0.065734348601492507 -0.080477873406264985 -0.0024312478532611272 0.0022790021182817668 0.13954416078394272 -0.053008077918861134 0.33640295167080025 0.015205671987556109 0.073621396729875069 -0.042891173200767949 0.40171820614968723
leaf_weight=93.630406841635704 383.00841355370358 410.67778749205172 273.24539772327989 4307.2431454248726 834.40395743586123 678.5899447305128 753.30720761977136 200856.23962970264 1366.2557094395161 4530.2022546278313 1535.1096399221569 3964.3358820136636 18.425111057236791 35.842737706378102 51.409956795163453 788.90726912301034 44.538464616984129 15.521783553063868 178.31746203685179 275.09252742584795 85.638744606636465 88151.124076812819 12232.440765131265 53.952021420001984 770.46168264746666 56.236122353002429 524.68476958014071 106.06871868669987 27.420521415770054 45.162331126630306
leaf_count=581 2150 2200 1085 12407 3367 5227 3453 836946 3970 10973 4604 31478 234 271 316 12032 521 222 3077 8379 1261 1849048 89611 227 6157 245 3887 749 209 95
internal_value=0.00063855 0.0136934 0.0179084 0.0259776 -0.00134045 0.00877528 0.000354525 0.00137836 -0.0112486 -0.0017981 -0.0190311 -0.00163604 -0.0318993 0.0122891 0.0598534 -0.0593466 0.125895 0.187365 -0.0520727 -0.001259 -0.0177328 -0.00109169 0.00554766 0.0233215 -0.00099616 0.072957 0.050739 0.155114 0.193584 0.259006
internal_weight=323447 6887.17 6504.16 4580.49 1923.67 1512.99 316560 209041 8184.87 7431.57 2901.37 107519 1312.23 504.9 290.739 807.332 153.691 109.152 214.16 106207 137.049 105932 17780.8 4777.86 13002.9 813.524 686.99 162.305 126.535 99.1144
internal_count=2894982 26436 24286 13492 10794 8594 2868546 859946 23000 19547 8574 2008600 18515 6249 2901 12266 1324 803 3348 1990085 1577 1981706 132658 36890 95768 5412 4881 994 531 322
cat_boundaries=0 1 2 3 4 5 6 7 8 9 10 11 12 13 14 15 16 17 18 19 20
cat_threshold=32 20 65 580 74 4 1 32 22 17 2 9 320 64 36 2 32 131 73 80
is_linear=0
shrinkage=0.08


Tree=119
num_leaves=31
num_cat=16
split_feature=44 3 3 46 45 36 42 19 47 3 3 34 3 3 47 3 42 47 34 19 34 43 16 19 42 1 42 13 7 36
split_gain=152.467 279.742 271.221 263.966 177.139 202.22 359.078 251.421 247.518 298.215 396.974 353.115 270.573 296.68 633.805 237.107 223.292 223.072 479.5 321.935 261.094 378.419 280.95 438.741 228.197 220.767 207.918 194.254 194.061 175.132
threshold=0 inf 9.4749999046325701 1 2 3 4 123.77500152587892 5 502.85000610351568 339.04499816894537 6 194.02500152587893 184.22499847412112 7 405.55499267578131 8 9 10 1806.1499633789065 11 12 1.0000000180025095e-35 174.02500152587893 13 3.5000000000000004 14 887.02499389648449 87.074996948242202 15
decision_type=9 8 10 1 9 9 9 2 1 10 10 1 10 10 1 10 9 1 1 2 1 9 2 2 9 2 9 2 2 9
left_child=2 4 3 -1 -2 6 8 -7 -6 10 11 12 13 16 -15 -12 -10 -9 19 20 21 29 -22 -24 -23 27 28 -26 -25 -19
right_child=1 -3 -4 -5 5 7 -8 17 9 -11 15 -13 -14 14 -16 -17 -18 18 -20 -21 22 24 23 26 25 -27 -28 -29 -30 -31
leaf_value=0.0042339411496633448 -0.00027221001974315378 0.032877174570299567 0.0073121715066727664 -0.0296433533933016 0.0012650047458880973 -0.0037192742013966835 -0.017252654874233858 -0.0053809074128245912 0.12714066386852665 -0.081037492809686945 0.19513494601999121 -0.067679505633727918 -0.026590726179136659 0.38365969799969568 -0.093254491345554455 0.055002071535315736 0.022348025179167438 0.041412916861946536 -0.056721704009322658 0.056371876616108818 -0.060393592814444716 -0.033846758440048905 0.24706234995768411 0.25671020398118055 0.08011348354626692 0.31481224139580943 -0.058105921357175419 -0.091733084222438102 0.019073807584030458 -0.066310625277208268
leaf_weight=3216.502274191007 245841.95017305925 1564.5629382254556 33001.026337132789 2714.0875326432288 1131.197424788028 22176.174374578986 1821.1958992816508 4313.0278122499585 204.16966443508863 101.21178362169303 192.3008172698319 166.19213636824861 187.48934382945299 53.988025522790849 26.631703255698085 129.19110782817006 369.82486747018993 120.71212561335415 2379.449896660808 415.6603685230948 1177.0656022967305 161.94083963474259 46.795858372468501 27.792632845696062 448.2256154185161 23.523363745771348 229.88265889952891 46.46253215149045 105.4020618989598 407.39493822352961
leaf_count=13572 2288342 3038 157783 5892 2266 218811 11136 8369 629 1883 1477 2500 1717 212 243 1135 2772 947 114451 8863 25099 2984 309 385 4802 158 3922 920 2096 8029
internal_value=-0.000213285 -0.000857161 0.00448152 -0.0112697 -0.00104412 -0.00624674 0.00985659 -0.00844951 0.0291179 0.0513389 0.0614142 0.0367327 0.0574602 0.0824111 0.226117 0.138823 0.0622271 -0.0190503 -0.0295965 -0.00928935 -0.0190867 0.00900302 -0.0402766 0.0165123 0.0481525 0.0739329 -0.0132025 0.0639732 0.0638646 -0.0413757
internal_weight=322801 283869 38931.6 5930.59 282305 36462.9 4383.39 32079.5 2562.2 1431 1329.79 1008.3 842.104 654.614 80.6197 321.492 573.995 9903.34 5590.31 3210.86 2795.2 1208.26 1586.94 409.873 680.152 518.212 363.077 494.688 133.195 528.107
internal_count=2894742 2717495 177247 19464 2714457 426115 25970 400145 14834 12568 10685 8073 5573 3856 455 2612 3401 181334 172965 58514 49651 17840 31811 6712 8864 5880 6403 5722 2481 8976
cat_boundaries=0 1 2 3 4 5 6 7 8 9 10 11 12 13 14 15 16
cat_threshold=1 1 13 11 56 2 15 4 16 2 23 5 40 8 8 80
is_linear=0
shrinkage=0.08


Tree=120
num_leaves=31
num_cat=12
split_feature=6 33 7 45 19 10 14 43 43 17 19 42 45 39 45 17 41 43 42 18 46 25 39 19 16 19 19 2 14 13
split_gain=124.686 171.963 147.128 302.15 196.013 163.938 136.76 145.96 120.198 118.526 158.647 162.945 177.885 131.697 117.061 120.156 115.583 245.986 173.452 149.219 148.79 114.968 113.569 104.761 102.862 168.261 142.827 137.177 183.786 154.82
threshold=484.00001525878912 1.5000000000000002 325.00500488281256 0 410.00001525878912 1.0000000180025095e-35 1.5000000000000002 1 2 26.500000000000004 3571.6149902343755 3 4 5 6 7.5000000000000009 7 8 9 677.82498168945324 10 9.2500000000000018 11 1094.0250244140627 2.5000000000000004 2379.3249511718755 930.04998779296886 1.0000000180025095e-35 1.5000000000000002 306.07499694824224
decision_type=2 2 2 9 2 2 2 9 9 2 2 9 9 9 9 2 9 9 9 2 1 10 9 2 2 2 2 10 2 2
left_child=16 2 3 4 -2 8 7 -7 -4 -9 11 12 -11 -14 15 -3 17 20 -19 22 -1 -5 -20 -8 26 -26 27 -6 29 -29
right_child=1 14 5 21 24 6 23 9 -10 10 -12 -13 13 -15 -16 -17 -18 18 19 -21 -22 -23 -24 -25 25 -27 -28 28 -30 -31
leaf_value=0.032042081523455467 -0.0074644942748038406 0.26936251735225453 -0.0088431744228032478 0.021804882503602935 0.026785797030140279 -0.014167476965559554 0.01502461687943083 0.015003381727291796 0.0027986195071373321 -0.052683419656246476 -0.0073987686263320817 0.00680473898876409 0.16814955893057681 0.067240483002194748 -0.030349045807391412 0.084027398327845879 -0.0011241858043147086 -0.03319555192922486 0.12678463393588232 0.093405133236988361 -0.04809282661330716 -0.059853733523002016 -0.00024931128033200229 -0.023338211152092805 -0.090220915285155689 0.29735413833465735 -0.010115085262348715 0.2705545895499577 0.30737833820813798 0.028861075261253775
leaf_weight=2639.9639421096072 6585.2413944806904 28.462666064035147 12333.224662091001 7794.1519767872524 878.47162092255894 953.70384685328463 720.89936314290389 5019.8954918698873 10504.12251955457 41.555771134560928 232.5837837185245 187.369732956402 187.79851057147607 148.01167335011996 47.673461757367477 104.89326554536819 268987.63668933464 959.86339788883924 45.963504306972027 121.15472469478846 157.11433503963053 111.92987739481032 2242.5996538796462 1237.8231947957538 10.867927303537728 21.062520674895495 612.18816302577034 20.40190741373226 25.126595443114638 100.60125021240674
leaf_count=7596 74250 102 211588 82170 11141 19780 7033 45694 79667 558 3150 1907 1253 1253 617 448 2302597 4684 84 314 398 1976 7762 18376 245 44 9894 158 242 1014
internal_value=-0.000219998 0.00354651 0.00325133 0.00945932 -0.00125704 7.32806e-05 0.00939804 0.0147836 -0.00349113 0.0195208 0.0482074 0.0711085 0.100201 0.120097 0.0813699 0.114963 -0.000875799 0.00994446 -0.00461901 0.00685404 0.0274427 0.0206227 0.00230204 -0.00921894 0.0232318 0.165438 0.0204577 0.0387245 0.110495 0.0696121
internal_weight=323062 47908.1 47727 16160 8253.96 31567 8729.64 6770.92 22837.3 5817.21 797.319 564.736 377.366 335.81 181.029 133.356 275154 6166.66 3369.58 2409.72 2797.08 7906.08 2288.56 1958.72 1668.72 31.9304 1636.79 1024.6 146.13 121.003
internal_count=2895995 572560 571393 181134 96988 390259 99004 73595 291255 53815 8121 4971 3064 2506 1167 550 2323435 20838 12844 8160 7994 84146 7846 25409 22738 289 22449 12555 1414 1172
cat_boundaries=0 1 2 3 4 5 6 7 8 9 10 11 12
cat_threshold=38 3 37 24 40 1 9 16 4 41 1 2
is_linear=0
shrinkage=0.08


Tree=121
num_leaves=31
num_cat=12
split_feature=26 38 1 38 42 3 1 11 18 18 5 2 43 16 3 3 34 21 3 3 45 38 46 47 2 18 14 34 42 38
split_gain=121.753 215.172 102.281 263.04 254.316 224.575 346.273 385.393 172.38 376.079 165.055 174.189 163.694 448.393 172.809 201.127 139.856 165.916 198.648 162.711 137.366 718.696 298.584 276.982 326.876 309.1 541.818 249.844 233.717 249.658
threshold=1.0000000180025095e-35 0 2.5000000000000004 1 2 570.82000732421886 3.5000000000000004 13.500000000000002 129.0100021362305 138.06999969482425 1.0000000180025095e-35 1.5000000000000002 3 1.5000000000000002 375.86499023437506 777.97500610351574 4 1.0000000180025095e-35 605.66497802734386 551.85000610351574 5 6 7 8 1.0000000180025095e-35 451.02499389648443 1.5000000000000002 9 10 11
decision_type=8 1 2 1 9 10 2 2 2 2 2 10 9 2 10 10 1 2 10 10 9 1 1 1 10 2 2 1 9 1
left_child=1 -1 20 4 8 -6 -7 -8 -4 -10 11 -11 13 -5 -15 -16 19 -18 -19 -12 -2 -22 23 -23 25 26 -25 28 29 -26
right_child=2 -3 3 12 5 6 7 -9 9 10 16 -13 -14 14 15 -17 17 18 -20 -21 21 22 -24 24 27 -27 -28 -29 -30 -31
leaf_value=0.085791566220529858 2.2142254740059395e-05 -0.036804812358649276 -0.028985475047110878 0.023511275520977343 0.044193342573613029 0.1021608503084397 0.094129245561069622 0.85435370018176127 0.28460596111842551 0.063228263065071996 0.012952333906179126 0.32092370974591528 -0.0014382323264461613 0.5426112300908813 -0.039190379327415779 0.40899148826117165 0.029104092614978528 -0.057234545474109194 0.26738063301783388 -0.052145482212558214 -0.067020144102566542 0.0046975948938033927 -0.038903697397044343 -0.00019220371834232996 0.014578515794575324 -0.021308831895166622 0.61668607955565702 -0.063084708329722738 0.0024213939241091568 -0.083858045623440111
leaf_weight=254.10930802905932 248798.13391065539 136.19519158150069 570.47578962845728 555.84840390551835 1126.3090441515669 86.304746125824749 8.0742985964752751 9.0526498556137067 34.081893105059862 141.88899941649288 910.30127603327855 19.040324217639863 13098.206203918904 13.022097239270805 12.826158734969795 12.806949280202389 347.57973141781986 16.92012236174196 42.046594771090895 336.59558240440674 1137.9125642776489 22356.999027962796 1447.4875414334238 22023.540323473513 244.90318522462621 5390.738670374616 9.1162060592323524 1038.1849169926718 1525.1422957126051 504.58284936705604
leaf_count=657 2199452 1239 6754 6569 6759 850 179 33 237 1420 14464 130 114242 16 245 30 5269 317 333 9322 6327 43910 4956 283970 2906 140911 41 22745 15448 5759
internal_value=-0.000387267 0.0442671 -0.000441425 0.00553466 0.0245885 0.0541133 0.167368 0.495955 0.00941768 0.0213207 0.0163751 0.0937175 0.00043913 0.041141 0.305294 0.184733 0.00884736 0.0489502 0.174234 -0.00458384 -0.000781791 -0.00437336 -0.00305428 -0.00207749 -0.00700557 -0.00413813 6.30351e-05 -0.0307422 -0.0156343 -0.0519243
internal_weight=322208 390.304 321818 17341.4 3648.67 1229.74 103.432 17.1269 2418.93 1848.45 1814.37 160.929 13692.7 594.504 38.6552 25.6331 1653.44 406.546 58.9667 1246.9 304477 55678.6 54540.7 53093.2 30736.2 27423.4 22032.7 3312.81 2274.63 749.486
internal_count=2895490 1896 2893594 167169 46067 7821 1062 212 38246 31492 31255 1550 121102 6860 291 275 29705 5919 650 23786 2726425 526973 520646 515690 471780 424922 284011 46858 24113 8665
cat_boundaries=0 1 2 3 4 5 6 7 8 9 10 11 12
cat_threshold=78 672 25 32 108 13 1 1 2 6 19 776
is_linear=0
shrinkage=0.08


Tree=122
num_leaves=31
num_cat=10
split_feature=1 38 7 32 46 47 6 1 45 45 3 47 38 3 3 17 22 38 3 40 7 7 4 4 3 32 4 17 10 47
split_gain=101.078 101.173 86.8208 80.084 171.557 333.473 199.281 191.51 123.077 122.434 130.357 145.955 180.769 157.15 248.597 376.591 421.815 180.351 176.04 165.531 136.139 171.513 118.624 113.308 227.161 138.353 116.958 111.476 176.833 184.093
threshold=5.5000000000000009 0 464.10000610351568 -10.085000038146971 1 2 1.0000000180025095e-35 1.0000000180025095e-35 3 4 673.32998657226574 5 6 438.86499023437506 516.06500244140636 18.500000000000004 1.0000000180025095e-35 7 118.41500091552736 8 334.02499389648443 45.000003814697273 1.0000000180025095e-35 46.500000000000007 74.505001068115249 -62.54999923706054 33.500000000000007 7.5000000000000009 1.0000000180025095e-35 9
decision_type=2 1 2 8 1 1 2 2 9 9 10 1 1 10 10 2 2 1 8 1 2 2 10 8 10 10 10 2 2 1
left_child=3 2 -2 4 7 6 -6 9 27 -1 11 -11 -13 17 20 -16 -17 23 19 -19 21 -15 -7 24 -14 -25 -26 28 -9 -30
right_child=1 -3 -4 -5 5 22 -8 8 -10 10 -12 12 13 14 15 16 -18 18 -20 -21 -22 -23 -24 25 26 -27 -28 -29 29 -31
leaf_value=-0.010025236607949978 0.075852294202114548 -0.0041158989938981077 -0.072861789704605981 -0.0001682076076298474 -0.091133786090876981 0.055986763278798625 -0.0025486287935344259 0.025764744487669012 -0.022366771839553174 0.018832371295796214 -0.013998738903726642 -0.058002411750441268 0.34418992747258459 0.1996625801657772 -0.042479889736243524 0.098401574789433788 0.73670741761434311 0.2695469248217055 -0.0085353309523689483 0.044151192540336559 0.11755154446758326 0.62368331251290621 -0.067246223370908673 -0.047616171335516308 0.083531171111983826 0.10109219508299509 0.2588831541116961 -0.013226071294717397 0.35968610224695724 0.029070087027104081
leaf_weight=486.03238718071952 302.53758907970041 273.53388685500249 27.400112936273217 315553.17806053453 396.87114309705794 337.04997142124921 275.24443153291941 606.52358044497669 1102.0379490577616 1110.2961253868416 323.29807688342407 75.780132096260786 24.968626633286476 11.102270787581803 58.086058957735077 20.395830373745415 9.8141738399863225 19.119267163798213 370.17522710096091 126.42738046962768 13.596617992967365 13.564414130523799 58.69818290323019 75.604239925742149 363.46855603903532 85.120563013479114 26.091355461627245 504.65586968325078 21.435575049370527 21.680996235460043
leaf_count=4891 1036 1842 231 2844727 1166 797 553 4193 10776 2447 6780 843 23 153 1640 235 211 49 3879 743 109 109 193 425 1761 240 43 5079 195 48
internal_value=7.46434e-05 0.0327849 0.0616341 1.33571e-05 0.00877764 -0.020552 -0.0548564 0.0145042 -0.00335945 0.0270492 0.0335708 0.0401088 0.0583745 0.0655558 0.150479 0.0766701 0.305765 0.0563051 0.0203775 0.0953127 0.320801 0.432835 0.0377086 0.086654 0.110269 0.0311404 0.0952756 0.0148525 0.0368932 0.193437
internal_weight=322694 603.472 329.938 322090 6537.14 1067.86 672.116 5469.28 2256.33 3212.94 2726.91 2403.61 1293.31 1217.53 126.559 88.2961 30.21 1090.98 515.722 145.547 38.2633 24.6667 395.748 575.253 414.529 160.725 389.56 1154.3 649.64 43.1166
internal_count=2895417 3109 1267 2892308 47581 2709 1719 44872 20291 24581 19690 12910 10463 9620 2457 2086 446 7163 4671 792 371 262 990 2492 1827 665 1804 9515 4436 243
cat_boundaries=0 1 2 3 4 5 6 7 8 9 10
cat_threshold=833 1 2 9 34 2 136 771 2 4
is_linear=0
shrinkage=0.08


Tree=123
num_leaves=31
num_cat=14
split_feature=47 37 32 2 11 20 6 42 37 27 18 43 18 41 23 4 46 32 2 44 18 32 43 23 42 37 43 47 41 4
split_gain=159.894 237.896 236.192 189.792 217.644 256.54 180.337 156.515 186.822 171.41 352.166 317.392 287.525 163.037 210.917 161.157 154.214 188.874 181.239 161.642 155.465 148.813 147.383 175.658 145.859 145.557 166.983 210.809 143.057 334.888
threshold=0 1 -7.9049999713897696 inf 10.500000000000002 1.0000000180025095e-35 7437.3000488281259 2 3 7.5000000000000009 382.87500000000006 4 227.42499542236331 5 3.5000000000000004 67.500000000000014 6 -3.6850000619888301 inf 7 180.09999847412112 -62.54999923706054 8 5.5000000000000009 9 10 11 12 13 22.500000000000004
decision_type=1 1 10 8 2 2 2 9 1 10 2 9 2 9 2 10 1 8 8 9 2 10 9 2 9 1 9 1 9 10
left_child=1 16 6 7 24 -6 21 8 -4 13 11 -11 -13 -10 -15 -12 18 20 -1 -19 -18 -2 23 -23 -5 26 27 -16 29 -9
right_child=2 -3 3 4 5 -7 -8 28 9 10 15 12 -14 14 25 -17 17 19 -20 -21 -22 22 -24 -25 -26 -27 -28 -29 -30 -31
leaf_value=0.004508626756004306 0.0013806977946072025 -0.0026219126843475601 -0.053035468690370839 -0.082903094953215642 0.088593562889302147 -0.10371315155332102 -0.029553493567442995 -0.010780427742944961 -0.022221561331279532 -0.064773124882538224 -0.06446728035815967 0.19016009092329086 0.5756857737464165 -0.0027950212697826198 -0.086540718544633979 0.31550967585671891 -0.088416879875096235 0.01777649344468174 0.025206070165939704 -0.016390941731626404 -0.0057195189732804786 -0.0063654122760393372 0.031497165842048022 0.16947079320554578 -0.025368311430486821 -0.044845715686450606 -0.0086420611463000757 0.34114907306529169 -0.0001175968299346414 0.032650645903125483
leaf_weight=80340.358378346078 74732.399463838316 46976.423593753017 597.04742996999994 416.0223291600123 174.48213495756499 59.548027486540377 1166.101942018955 17899.960458131041 4588.701094692573 24.869605237618089 86.25895464187488 34.124737345613539 19.430368339177221 17946.735047432128 10.992132290266454 7.7885959008708587 332.670633751899 1414.2285400312394 2802.1313424259424 2373.2050285860896 258.57215069420636 1393.4678482210729 2114.1550079028821 37.334890474565327 933.32466438645497 1350.4959659553133 547.20812667068094 22.419626425951719 62895.762567550235 1213.2777281315066
leaf_count=156744 884171 92059 23425 4648 975 1088 21895 294618 82490 429 1593 382 179 231239 282 32 970 2505 7904 4793 542 33254 34644 170 5654 19073 7203 129 968969 11814
internal_value=-0.000136296 0.00197037 -0.00164125 -0.00406221 -0.0315573 0.0396619 0.00167519 -0.00365627 -0.00916438 -0.00808023 0.0713902 0.196575 0.278104 -0.00864374 -0.00549542 -0.0329993 0.00443503 -0.0101975 0.00520619 -0.00363281 -0.0522503 0.0021404 0.0181559 -0.00176487 -0.0439095 -0.03062 0.00318604 0.154271 -0.00195994 -0.0080193
internal_weight=322769 134498 188272 108828 1583.38 234.03 79443.5 107245 25236.1 24639 172.472 78.4247 53.5551 24466.6 19877.9 94.0476 87521.2 4378.68 83142.5 3787.43 591.243 78277.4 3544.96 1430.8 1349.35 1931.12 580.62 33.4118 82009 19113.2
internal_count=2893873 265517 2628356 1654222 12365 2063 974134 1641857 366456 343031 2615 990 561 340416 257926 1625 173458 8810 164648 7298 1512 952239 68068 33424 10302 26687 7614 411 1275401 306432
cat_boundaries=0 1 2 3 4 5 6 7 8 9 10 11 12 13 14
cat_threshold=2 54 32 80 12 52 1 2 38 25 32 32 4 2
is_linear=0
shrinkage=0.08


Tree=124
num_leaves=31
num_cat=9
split_feature=18 35 24 3 18 47 32 13 17 12 13 38 37 47 38 12 17 17 32 37 18 19 47 14 3 5 3 47 18 4
split_gain=134.835 253.866 194.985 169.033 214.16 299.785 300.538 369.404 321.707 270.654 481.745 192.061 293.016 250.477 181.725 202.535 226.01 313.456 220.093 177.031 187.386 456.22 489.42 349.784 385.22 176.161 172.032 167.25 163.871 173.079
threshold=3361.6149902343755 0 1.5000000000000002 660.73498535156261 4538.1650390625009 1 -7.3650000095367423 4786.6750488281259 8.5000000000000018 474.17501831054693 167.12500000000003 2 3 4 5 3373.4250488281255 30.500000000000004 33.500000000000007 8.1949996948242205 6 4538.1650390625009 557.02499389648449 7 1.5000000000000002 301.94500732421881 31.500000000000004 161.61499786376956 8 6208.1748046875009 7.5000000000000009
decision_type=2 1 2 8 2 1 8 2 2 2 2 1 1 1 1 2 2 2 10 1 2 2 1 2 10 2 10 1 2 8
left_child=-1 2 -2 19 5 6 7 8 -5 10 -8 12 13 28 15 -11 18 -18 -17 20 21 22 23 24 -3 -21 -27 -13 -6 -30
right_child=1 3 -4 4 11 -7 9 -9 -10 14 -12 27 -14 -15 -16 16 17 -19 -20 25 -22 -23 -24 -25 -26 26 -28 -29 29 -31
leaf_value=0.00017008822213773002 0.018089971729053102 0.773011145177529 -0.056459062359968622 0.35246585505513567 -0.038395588742200837 -0.0097606507502116489 -0.09903526842108884 0.62844244405767979 0.0040326355158456532 -0.084865001293698214 1.1589196453578809 0.019411620175753964 -0.00039514530364269975 0.0063930085764494094 -0.076211482152473822 0.012413123142293052 1.0110556915845836 0.1427593404999061 0.24995724471470643 -0.014938659594789417 0.0044547656088822227 0.026532439256965305 0.0047313437559029434 0.90767655754421472 0.043334481393367361 0.33901068168864146 0.035486466241938665 -0.048762825756881539 0.21599479424019646 0.0042283078951128343
leaf_weight=302996.90113622736 9379.8370760907419 7.4654851779341724 230.04858163837343 32.42163520026952 25.678152402397245 209.66396169736981 3.9146886528469613 13.494079257128758 35.55948113440536 31.545049703447148 3.8788741072639823 382.27667168807238 744.38649159483612 129.4044892732054 51.578121981583536 62.502793675055727 4.4059075862169248 6.7180835194885731 41.562870221445337 6392.3609949568054 539.3814905481413 154.51727693295106 20.476119890809059 9.6913156309165078 12.193680710624902 12.479979898780583 281.93367575923912 579.31929642369505 139.41526492498815 30.019367299042642
leaf_count=2638836 74491 22 2991 267 409 1113 115 193 1280 1746 99 577 6274 322 937 2581 86 192 962 120903 6664 1857 67 73 315 32 4022 28811 1249 294
internal_value=0.000585748 0.00702191 0.0162884 -0.00193485 0.0159333 0.0629886 0.116027 0.246102 0.170208 0.0646077 0.527052 0.00441001 0.027605 0.0899244 0.046434 0.0886939 0.143923 0.486668 0.107286 -0.00801592 0.0287841 0.0944119 0.304913 0.514332 0.320426 -0.0121338 0.0483526 -0.0214375 0.149934 0.178475
internal_weight=322565 19568.1 9609.89 9958.25 2527.75 497.246 287.582 81.4752 67.9811 206.106 7.79356 2030.5 1068.9 324.517 198.313 146.735 115.19 11.124 104.066 7430.5 743.725 204.344 49.8266 29.3505 19.6592 6686.77 294.414 961.596 195.113 169.435
internal_count=2897780 258944 77482 181462 47507 9571 8458 1740 1547 6718 214 37936 8548 2274 6504 5567 3821 278 3543 133955 8998 2334 477 410 337 124957 4054 29388 1952 1543
cat_boundaries=0 1 2 3 4 5 6 7 8 9
cat_threshold=8 4 838 1 4 236 10 4 2
is_linear=0
shrinkage=0.08


Tree=125
num_leaves=31
num_cat=13
split_feature=19 3 45 34 47 36 38 1 3 42 19 21 17 6 22 37 17 45 34 41 3 3 17 24 6 38 47 34 20 11
split_gain=96.198 142.738 166.182 182.046 136.171 155.547 186.409 206.2 229.125 177.784 159.702 149.165 135.884 132.797 132.462 136.697 165.315 161.996 145.824 138.543 127.693 119.944 190.724 116.507 112.618 175.615 257.627 235.135 322.468 296.953
threshold=3223.049926757813 76.880001068115249 0 1 2 3 4 1.5000000000000002 653.24499511718761 5 8838.6997070312518 1.5000000000000002 1.5000000000000002 10801.724609375002 1.5000000000000002 6 6.5000000000000009 7 8 9 577.50000000000011 125.42499923706056 5.5000000000000009 7.5000000000000009 469.77499389648443 10 11 12 1.0000000180025095e-35 26.500000000000004
decision_type=2 10 9 1 1 9 1 2 10 9 2 2 2 2 2 1 2 9 1 9 10 10 2 2 2 1 1 1 2 2
left_child=24 2 3 -2 -3 -6 7 11 21 23 13 12 -7 -10 15 16 20 -18 19 -17 -11 22 -9 -8 -1 26 -26 29 -29 -28
right_child=1 4 -4 -5 5 6 9 8 10 14 -12 -13 -14 -15 -16 18 17 -19 -20 -21 -22 -23 -24 -25 25 -27 27 28 -30 -31
leaf_value=-0.00051449050395304275 0.18394989763311265 0.0029006503914443243 -0.036684540783147368 0.022355721664476996 -0.06104794592230494 0.23087420961970431 -0.055972170310652589 0.28602057495957545 -0.076722578710719622 0.13550848156235648 0.18330812498774149 0.20030732230353049 0.018265559301712423 0.20266841018040782 -0.076174530925105816 0.064141382086654611 0.11816949621901195 -0.076055983685403686 -0.080562647859211453 -0.079532799675448823 0.45008723318938187 -0.075318877007653842 -0.093225179178057671 0.4347363485689808 -0.0060793391239747354 0.0019591783505122388 0.047814448290543876 0.030006141430190123 -0.045887807307800746 0.20908649512549191
leaf_weight=271592.48162628571 68.124880348332226 2143.7650169888511 107.67789379414171 129.41922511579469 559.23212487366982 19.692432322539389 1010.5000233600149 15.727110408246515 48.370094084180892 27.049817886669189 45.445895089767873 31.542197461705655 835.9694061037153 14.050597413443027 110.6763644964667 167.59738162485883 50.987090879818425 41.844480933388695 105.71085817459971 48.183397177606821 11.887472587404771 369.03679851815104 18.434766416437924 3.1061245088931164 1923.6126785511151 39001.330753476825 1242.0977560095489 1686.5372288823128 454.96119973249733 77.639189744368196
leaf_count=2288305 304 4231 1007 787 7206 135 41374 88 864 210 218 158 12031 89 3791 2594 903 1574 4330 928 115 7352 362 166 4281 490126 7987 10091 3803 235
internal_value=-9.42271e-05 -0.0101427 0.0431519 0.084261 -0.0130072 -0.0226542 -0.0151829 0.00609645 -0.0343373 -0.0339637 0.0692257 0.0294566 0.0231586 -0.013833 0.00224898 0.0214479 0.0866171 0.0351576 -0.007717 0.0299576 0.231549 -0.0620432 0.0813683 -0.0539363 9.60727e-05 0.00383202 0.0173607 0.0304379 0.013818 0.056871
internal_weight=321963 5984.03 305.222 197.544 5678.81 3535.04 2975.81 1398.27 511.065 1577.54 107.867 887.204 855.662 62.4207 563.937 453.26 131.769 92.8316 321.492 215.781 38.9373 403.199 34.1619 1013.61 315979 44386.2 5384.85 3461.24 2141.5 1319.74
internal_count=2895645 90817 2098 1091 88719 84488 77282 21297 8973 55985 1171 12324 12166 953 14445 10654 2802 2477 7852 3522 325 7802 450 41540 2804828 516523 26397 22116 13894 8222
cat_boundaries=0 1 2 3 4 5 6 7 8 9 10 11 12 13
cat_threshold=9 66 2 58 836 26 84 42 28 36 145 2 98
is_linear=0
shrinkage=0.08


Tree=126
num_leaves=31
num_cat=13
split_feature=18 35 42 42 43 38 4 12 21 22 34 34 19 38 3 37 7 43 42 38 17 17 3 13 3 3 19 38 1 6
split_gain=124.015 132.029 228.931 174.97 205.211 237.385 248.16 204.339 184.488 172.813 160.02 158.183 229.639 216.29 274.719 216.949 156.191 142.93 201.566 296.842 220.139 253.359 290.979 157.259 139.123 136.674 171.29 212.206 378.743 619.952
threshold=3361.6149902343755 0 1 2 3 4 57.500000000000007 60.049999237060554 1.0000000180025095e-35 2.5000000000000004 5 6 993.07498168945324 7 344.47000122070318 8 425.50001525878912 9 10 11 6.5000000000000009 10.500000000000002 277.12500000000006 230.77500152587893 223.84999847412112 605.66497802734386 1518.600036621094 12 2.5000000000000004 1.0000000180025095e-35
decision_type=2 1 9 9 9 1 8 2 2 2 1 1 2 1 8 1 2 9 9 1 2 2 8 2 10 8 2 1 2 2
left_child=-1 2 -2 4 5 8 -7 -6 -3 25 -10 12 13 14 15 16 24 -15 19 20 -19 22 -22 -23 -4 -5 27 28 -27 -30
right_child=1 3 11 9 7 6 -8 -9 10 -11 -12 -13 -14 17 -16 -17 -18 18 -20 -21 21 23 -24 -25 -26 26 -28 -29 29 -31
leaf_value=-0.00018546869862324611 -0.010473720375781094 -0.049326497207913926 0.13498359298889798 -0.021522299243221649 0.44915171847613972 0.032698680090853013 -0.20649938639472576 -0.019974498007258222 0.14593483304415752 0.06550200961702235 -0.033495739271706709 0.010732950505677526 0.0067143952698300305 0.013362002086571321 -0.021428192694892888 0.038483634618520494 0.056181642499478511 -0.027032756255497007 0.02579620846345896 -0.034346906742682724 0.76732918847634934 0.25457045838431169 0.24922476377467301 0.044789983034883497 0.29068876641514196 0.046295591599725759 -0.027668914246074646 -0.020817478834659446 1.1587803375124532 0.10568418511187325
leaf_weight=303012.72476906475 2046.1707666045986 454.51046638563275 57.348778873682022 3526.9374592832755 5.9724119137972584 2878.3645755248144 28.028877754812129 1176.6958342778962 56.54709189478308 186.85292794066481 59.361105558462441 4666.1304135452956 1090.0962626016699 727.53892668569461 82.744276041164994 112.36108020693064 39.048895549029112 23.414522142149508 311.04410069203004 54.130354788154364 11.170253450982274 62.922364116646349 18.308516935445368 35.92879700101912 102.1280056796968 588.02844139654189 572.04503971827216 363.68038639845327 5.1872791908681419 11.529875355539842
leaf_count=2637300 16572 4986 155 65919 67 38848 285 26831 179 2931 656 38506 10024 7597 375 354 181 262 1780 358 111 132 174 313 186 17662 16604 5806 21 342
internal_value=0.000211092 0.00641971 0.0131838 -3.47377e-05 0.0112386 0.021022 0.0302877 -0.0174578 -0.0258971 -0.0100343 0.0637421 0.0197357 0.0350379 0.0541002 0.105439 0.142596 0.190012 0.0367192 0.0687159 0.129362 0.186273 0.239707 0.445548 0.178323 0.234696 -0.0128393 0.00704046 0.0275431 0.0560436 0.432457
internal_weight=322367 19354.2 9440.49 9913.74 4659.48 3476.81 2906.39 1182.67 570.419 5254.26 115.908 7394.32 2728.19 1638.09 393.631 310.887 198.526 1244.46 516.919 205.875 151.744 128.33 29.4788 98.8512 159.477 5067.41 1540.47 968.426 604.746 16.7172
internal_count=2895517 258217 77080 181137 71852 44954 39133 26898 5821 109285 835 60508 22002 11978 1251 876 522 10727 3130 1350 992 730 285 445 341 106354 40435 23831 18025 363
cat_boundaries=0 1 2 3 4 5 6 7 8 9 10 11 12 13
cat_threshold=8 18 19 44 20 34 45 592 5 35 8 44 50
is_linear=0
shrinkage=0.08


Tree=127
num_leaves=31
num_cat=13
split_feature=49 3 19 32 18 45 44 34 47 1 19 42 43 42 21 34 25 26 43 19 7 11 34 35 47 1 3 3 16 3
split_gain=160.383 302.504 111.263 104.947 100.687 187.607 200.21 149.599 279.495 149.724 174.73 237.258 201.004 202.005 142.411 175.738 168.184 358.841 162.338 174.924 186.29 161.206 235.227 270.886 303.813 160.378 221.655 283.998 330.358 221.727
threshold=0 210.71500396728518 1058.6099853515627 18.005000114440922 3361.6149902343755 1 2 3 4 2.5000000000000004 3571.6149902343755 5 6 7 1.0000000180025095e-35 8 9.2500000000000018 9.2500000000000018 9 588.54998779296886 562.06503295898449 22.500000000000004 10 11 12 2.5000000000000004 502.85000610351568 449.01499938964849 1.0000000180025095e-35 146.21500396728518
decision_type=9 8 2 8 2 9 9 1 1 2 2 9 9 9 2 1 8 8 9 2 2 2 1 1 1 2 10 10 2 8
left_child=1 -1 -3 -4 -2 6 -6 9 -9 10 12 -12 13 -7 15 -8 17 -16 19 20 -17 22 -18 24 -24 -20 27 29 -29 -27
right_child=4 2 3 -5 5 7 14 8 -10 -11 11 -13 -14 -15 16 18 21 -19 25 -21 -22 -23 23 -25 -26 26 -28 28 -30 -31
leaf_value=0.16743864783833573 -0.00013084808324211178 -0.089586074965179119 -0.078761808376908451 0.17546675560288896 0.043106548323628029 -0.033468466636608268 0.014925180094633426 -0.064950953498758623 -0.0045928365879976101 0.13743306144039411 0.16433082009425751 -0.052999573125339781 -0.043077011155171707 0.16670455850258997 0.037435847292521335 0.0028566158385850537 -0.017049289459385147 0.48680177346825909 0.0015751988029801931 -0.029661251529004604 0.18055312523734687 -0.0041618144874554664 0.16240248742099578 0.0039233199052580601 0.038477353689600639 0.37777268672539199 -0.025396629359471928 -0.016068487402733995 0.29666973276863184 0.0019662689428834551
leaf_weight=105.64145273622125 302947.39992533432 64.549311606911942 17.090027910424396 26.515288648661226 1048.1355135207996 59.093545549549162 5438.2656471685041 680.14278714929242 1765.6096581649035 64.463980367872864 80.443088046042249 47.767437579575926 355.41808405192569 60.68030142202042 40.720793415093794 1061.6725784889422 309.50932994647883 15.78067467943765 3932.3242913497379 2278.2791090128012 39.150628131814301 814.49192083673552 261.67593275103718 303.21754876431078 245.29270355263725 10.840401511173694 139.86637913947925 30.929660181514919 71.799822526052594 137.42170315422118
leaf_count=354 2635714 877 270 117 4085 1287 68750 35121 11059 472 469 1078 4105 479 603 13938 4763 68 51436 36848 219 10635 2853 3754 1072 89 2744 408 289 1615
internal_value=0.000273043 0.0679737 -0.0228951 0.0758281 0.00022601 0.00582967 0.00928802 -0.0121319 -0.0212909 0.0212277 0.00916485 0.0920434 -0.0131964 0.0729752 0.00695157 0.00393078 0.0268918 0.162942 -0.0038463 -0.0169588 0.00917637 0.0229175 0.0426156 0.0648193 0.100461 0.00641822 0.0553068 0.100279 0.202511 0.0294439
internal_weight=322454 213.796 108.155 43.6053 322240 19293 16179.4 3113.62 2445.75 667.866 603.402 128.211 475.192 119.774 15131.2 13140.6 1990.69 56.5015 7702.28 3379.1 1100.82 1934.19 1119.7 810.186 506.969 4323.18 390.858 250.992 102.729 148.262
internal_count=2895571 1618 1264 387 2893953 258239 204169 54070 46180 7890 7418 1547 5871 1766 200084 176336 23748 671 107586 51005 14157 23077 12442 7679 3925 56581 5145 2401 697 1704
cat_boundaries=0 1 2 3 4 5 6 7 8 9 10 11 12 13
cat_threshold=10 13 1 19 4 48 1 24 68 38 80 9 4
is_linear=0
shrinkage=0.08


Tree=128
num_leaves=31
num_cat=9
split_feature=18 35 27 42 4 47 19 18 33 34 18 3 19 17 17 34 41 47 3 3 42 8 23 19 23 27 5 16 34 13
split_gain=118.834 220.862 235.652 163.444 170.715 406.973 232.172 227.897 153.325 162.101 152.021 350.809 340.794 441.513 183.172 163.965 149.837 148.868 179.633 304.903 227.879 213.478 217.359 219.585 184.02 172.873 159.06 148.406 297.324 304.082
threshold=3361.6149902343755 0 3.5000000000000004 1 2.5000000000000004 2 472.92500305175787 8826.1250000000018 1.0000000180025095e-35 3 5007.0249023437509 777.97500610351574 4005.190063476563 7.5000000000000009 6.5000000000000009 4 5 6 583.17498779296886 653.24499511718761 7 12.500000000000002 1.5000000000000002 796.92498779296886 5.5000000000000009 7.5000000000000009 7.5000000000000009 1.0000000180025095e-35 8 1051.2249755859377
decision_type=2 1 10 9 8 1 2 2 2 1 2 10 2 2 2 1 9 1 8 10 9 2 2 2 2 8 2 2 1 2
left_child=-1 2 3 4 8 6 7 -6 -2 -10 11 15 13 14 -13 -3 -8 -12 20 21 -19 22 -20 -24 26 -22 -25 -17 29 -29
right_child=1 10 -4 -5 5 -7 16 -9 9 -11 17 12 -14 -15 -16 27 -18 18 19 -21 25 -23 23 24 -26 -27 -28 28 -30 -31
leaf_value=-0.00014494111938635288 0.015711845148046043 -0.021239896658565873 -0.067899673900868734 0.00072788834526465117 0.052332400446847796 0.010418017646100002 0.21312343529599148 0.30759775998795741 0.10249329765421392 -0.078249850690768702 0.0061562561617935175 0.090875027785975393 0.27552877240441032 -0.021340960170465443 0.36840614968949525 0.0030482372688527227 0.050975730667956735 0.0012012350617038898 0.0095922129259135083 -0.028275211880840513 0.14381941575159748 0.26118636012398683 0.002316072641145187 0.12596596316433267 0.59899893981392038 -0.058275632548191993 0.49992673284436207 -0.059878327771399197 0.017634407557344894 0.22149979814406176
leaf_weight=302863.78519233811 5355.1122119114734 1028.2850614336785 214.6625074967742 2818.923919308465 33.633727015927434 540.77818903606385 38.772533558309078 66.920829983428121 215.5163836828433 31.981751058716327 2590.1020133420825 29.394260057713836 56.119684478035197 147.63738943682984 31.563101533334702 1278.525874662213 254.92215296346694 750.08992229402065 706.65033639315516 1150.1245834252331 27.647801936836913 25.794061384163797 59.0252012363635 64.295999065157957 6.9582979560364029 1340.8375383234816 8.2086129195522499 31.644870011135936 457.43319986923598 110.10816993756453
leaf_count=2637111 48898 20604 3001 19683 237 1845 76 168 1395 326 4822 378 512 2403 124 21338 1421 11217 32043 37809 196 284 2193 1665 55 36959 219 772 6046 1470
internal_value=0.000244538 0.00630253 0.0149594 0.0168763 0.0238018 0.0554827 0.117296 0.222216 0.018557 0.0801172 -0.00207945 0.0123607 0.100528 0.0534458 0.234578 0.00432939 0.0813742 -0.00888602 -0.0182977 -0.00123553 -0.0345746 0.0344722 0.0275527 0.119198 0.206018 -0.0537995 0.168304 0.0183472 0.0512979 0.148228
internal_weight=322335 19471.7 9571.22 9356.56 6537.64 935.027 394.249 100.555 5602.61 247.498 9900.45 3170.71 264.714 208.595 60.9574 2906 293.695 6729.73 4139.63 2021.06 2118.58 870.933 845.138 138.488 79.4629 1368.49 72.5046 1877.71 599.186 141.753
internal_count=2895270 258159 77050 74049 54366 3747 1902 405 50619 1721 181109 53647 3417 2905 502 50230 1497 127462 122640 74268 48372 36459 36175 4132 1939 37155 1884 29626 8288 2242
cat_boundaries=0 1 2 3 4 5 6 7 8 9
cat_threshold=8 41 4 106 40 1 2 17 66
is_linear=0
shrinkage=0.08


Tree=129
num_leaves=31
num_cat=16
split_feature=36 37 41 34 15 3 26 43 42 13 1 3 3 5 3 35 33 41 22 36 34 35 34 43 4 41 42 41 22 3
split_gain=92.5349 169.656 136.897 159.288 156.102 121.225 162.889 125.673 142.339 342.454 151.256 129.438 107.941 105.092 104.613 102.189 100.345 126.096 100.034 322.125 237.768 230.678 321.743 491.94 366.642 281.276 201.553 198.737 381.467 1111.49
threshold=0 1 2 3 1.0000000180025095e-35 277.12500000000006 9.2500000000000018 4 5 450.00503540039068 1.5000000000000002 271.74499511718756 438.86499023437506 9.5000000000000018 76.880001068115249 6 1.0000000180025095e-35 7 1.0000000180025095e-35 8 9 10 11 12 42.500000000000007 13 14 15 1.5000000000000002 630.52001953125011
decision_type=9 1 9 1 2 8 10 9 9 2 2 10 10 2 10 1 2 9 2 9 1 1 1 9 10 9 9 9 2 10
left_child=1 -1 3 5 16 7 12 8 9 -3 11 14 15 -5 -10 -7 -4 -18 -2 20 -20 22 23 26 27 -23 -21 28 -25 -30
right_child=18 2 4 13 -6 6 -8 -9 10 -11 -12 -13 -14 -15 -16 -17 17 -19 19 21 -22 25 -24 24 -26 -27 -28 -29 29 -31
leaf_value=-0.04931419982679195 -3.8028020481390187e-05 0.034463528552662742 -0.011843255658143911 -0.0088075060185894092 0.044582998866807493 0.075342455027794492 0.16941436439455221 -0.074519467603200329 0.077089231546502129 0.30234976123101281 0.15527068162366053 0.16242737000384216 0.017078644179687696 -0.08312771005259989 -0.0060374868644734129 -0.018505727342356958 0.13571398664477796 -0.016845296698595833 0.15618755384631774 0.061503430970580197 -0.003477768294292435 0.010050668383951498 -0.0024564077480926879 0.063298426091833421 0.38632085102371599 -0.0067404538717438477 -0.0024228981710228024 0.040776105715147774 0.14103949585514389 0.92297687615798585
leaf_weight=537.98103840183467 270431.68774923182 83.771444952115417 10642.719161415938 1646.4506280508358 333.53957380214706 69.572388220578432 39.235737055540085 49.267694828100502 123.21788868028671 48.063534382730722 59.070808172225952 38.937510758638382 1979.5816090344451 131.49430450238287 453.48175454046577 1190.6615817830898 56.955080568790436 73.896862714551389 148.70787535049021 358.26628485741094 104.30548815242946 10900.404031351674 3517.0708537236205 369.88732746383175 21.830016354098916 15383.152022916591 2210.2197268810123 1446.0412716062274 102.55028812261298 13.12315518548712
leaf_count=4618 2411099 427 65739 12399 1646 283 195 333 277 101 108 151 12164 1383 2182 7705 129 561 463 2115 623 96317 72206 5826 67 162107 19670 14119 1258 236
internal_value=0.000154831 -0.00549095 -0.0040776 0.00575059 -0.00931004 0.0143531 0.00738986 0.0412005 0.0485907 0.122812 0.0325064 0.0212551 0.00542766 -0.0142241 0.0117234 -0.0128737 -0.0109872 0.0586424 0.000479997 0.00453185 0.0927355 0.00385351 0.0157039 0.029803 0.0599941 0.00022439 0.00669783 0.0566167 0.100874 0.22975
internal_weight=322565 17557.9 17019.9 5912.81 11107.1 4134.86 3279.05 855.811 806.543 131.835 674.708 615.637 3239.82 1777.94 576.7 1260.23 10773.6 130.852 305007 34575.6 253.013 34322.5 8038.99 4521.92 1953.43 26283.6 2568.49 1931.6 485.561 115.673
internal_count=2896507 110401 105783 37708 68075 23926 20347 3579 3246 528 2718 2610 20152 13782 2459 7988 66429 690 2786106 375007 1086 373921 115497 43291 21506 258424 21785 21439 7320 1494
cat_boundaries=0 1 2 3 4 5 6 7 8 9 10 11 12 13 14 15 16
cat_threshold=24 72 52 46 14 9 4 1 32 24 5 22 14 3 1 34
is_linear=0
shrinkage=0.08


Tree=130
num_leaves=31
num_cat=10
split_feature=47 20 25 38 42 3 3 19 5 19 13 33 34 38 5 11 12 12 3 13 10 3 38 34 19 39 41 36 3 5
split_gain=109.039 187.801 158.461 224.826 191.801 315.19 227.683 187.171 237.041 181.114 170.574 147.6 146.479 314.571 184.812 178.575 170.106 254.499 244.106 159.606 158.131 146.747 144.587 241.59 167.436 169.698 144.729 140.605 282.941 134.892
threshold=0 7.5000000000000009 8.2500000000000018 1 2 591.64501953125011 36.894998550415046 2947.724975585938 1.0000000180025095e-35 3571.6149902343755 6112.2500000000009 1.0000000180025095e-35 3 4 22.500000000000004 2.5000000000000004 6000.1247558593759 12090.964843750002 490.43000793457037 2054.650024414063 1.0000000180025095e-35 705.40499877929699 5 6 24.024999618530277 7 8 9 194.02500152587893 1.0000000180025095e-35
decision_type=1 2 10 1 9 10 10 2 2 2 2 2 1 1 2 2 2 2 10 2 2 10 1 1 2 9 9 9 8 2
left_child=1 2 9 4 5 6 -4 -5 -9 22 27 -8 13 15 -15 -11 19 18 -18 21 -20 -17 23 -1 25 26 -25 28 -6 -24
right_child=-2 -3 3 7 10 -7 11 8 -10 12 -12 -13 -14 14 -16 16 17 -19 20 -21 -22 -23 29 24 -26 -27 -28 -29 -30 -31
leaf_value=-0.030363249275649182 0.00076126425363929294 -0.061185149709045782 0.28227649986207159 -0.058802020589868532 0.30224198019196724 0.40488465708930138 -0.065110763552946843 0.29617044870358816 -0.0037330788790303736 0.43042226334592121 0.16251060763250449 0.21084170047312442 -0.035485327471171217 -0.086547309656641147 0.10603684357350845 0.043943608269402697 0.092009495725324408 -0.031904436322724647 0.23089359226763001 -0.017062426815023516 0.65282818658622443 0.48193299076996077 -0.004731937280512675 0.001845029463092962 0.069523888387582916 0.0040755410190454339 0.09494184646261776 -0.045254980816480793 -0.093368441374969538 0.0010595160578325915
leaf_weight=580.44614154472947 212170.48546621925 346.02755047765095 21.652487834915519 991.8314201887697 24.113105989992619 19.408775301650167 62.992799566593021 20.294467457337305 99.874115505488589 9.3385894531384093 33.307488342747092 15.446996578015385 1683.444102932699 178.36546947783791 38.834610750898719 11.678877906408163 20.940725720487535 24.465235501993448 10.070884554646911 113.04989714222029 13.052193390205501 8.429380455054341 51382.849396885838 183.3171326443553 473.84533833712339 1554.3630908951163 272.19319444149733 320.56537878839299 22.243110982701182 51573.227989956271
leaf_count=4150 869485 11092 180 29311 68 73 1126 153 3513 103 122 82 47079 7726 853 203 130 421 157 2062 85 38 800936 1013 2124 8777 1007 4602 229 1098451
internal_value=-0.000298807 -0.00234146 -0.00215596 -0.0269003 0.0165932 0.101356 0.0526249 -0.0469554 0.0469156 -0.00178256 -0.010569 -0.010768 -0.0249816 0.016748 -0.0498202 0.0844181 0.0725829 0.174996 0.289873 0.0198764 0.469061 0.227549 -0.00132049 0.0157764 0.0266378 0.0166595 0.0596004 -0.0265685 0.0924687 -0.00183068
internal_weight=322280 110110 109764 1631.73 519.73 119.501 100.092 1112 120.169 108132 400.229 78.4398 2111.67 428.226 217.2 211.026 201.687 68.529 44.0638 133.158 23.1231 20.1083 106020 3064.16 2483.72 2009.87 455.51 366.922 46.3562 102956
internal_count=2895351 2025866 2014774 39459 6482 1461 1388 32977 3666 1975315 5021 1208 58857 11778 8579 3199 3096 793 372 2303 242 241 1916458 17071 12921 10797 2020 4899 297 1899387
cat_boundaries=0 1 2 3 4 5 6 7 8 9 10
cat_threshold=4 84 32 16 328 1 9 1 19 64
is_linear=0
shrinkage=0.08


Tree=131
num_leaves=31
num_cat=13
split_feature=48 44 3 3 46 4 37 3 42 2 23 42 35 37 18 19 37 47 3 3 13 4 40 36 5 6 13 19 19 47
split_gain=85.3728 76.6883 271.444 177.055 181.145 210.426 143.358 174.699 171.964 125.509 231.23 119.57 138.231 116.111 109.553 106.466 104.326 106.209 113.456 122.311 136.007 100.883 102.548 110.515 100.285 107.845 96.134 128.066 190.492 285.783
threshold=0 1 inf 9.4749999046325701 2 7.5000000000000009 3 438.86499023437506 4 2.5000000000000004 1.5000000000000002 5 6 7 742.97500610351574 48.024999618530281 8 9 339.04499816894537 350.84500122070318 18.750007629394535 1.5000000000000002 10 11 6.5000000000000009 216.02500152587893 1645.1250610351565 228.52500152587893 70.02500152587892 12
decision_type=9 9 8 10 1 8 1 8 9 10 2 9 1 1 2 2 1 1 10 10 2 10 1 9 2 2 2 2 2 1
left_child=1 3 -3 4 13 -6 7 21 -9 11 24 12 14 -1 16 -12 17 -8 -19 -20 -21 22 -5 -24 25 -11 27 28 -13 -30
right_child=-2 2 -4 6 5 -7 9 8 -10 10 15 26 -14 -15 -16 -17 -18 18 19 20 -22 -23 23 -25 -26 -27 -28 -29 29 -31
leaf_value=0.071582246628936447 0.021620803851064827 -0.00091525703806659875 0.033027073393864737 -0.0012675747203700061 6.2412268144841344e-05 -0.044200938663007339 -0.10056373601262672 -0.011211398215609998 0.11962907281465221 0.0018882990248682127 0.23652383450318465 0.0067173328997594782 -0.038954087850796036 1.0583900326611734e-05 0.041069111351732357 0.086377158936872547 -0.015904658612178865 0.0062011762738260982 0.29296473908672649 -0.034627111452781266 0.23372425141824921 0.050856075446749881 0.090544236228174646 -0.045151599014259414 -0.10529852989419672 0.092169181610220224 0.034850105324069076 -0.0063644699526718956 0.070467880806757824 0.01030451917018399
leaf_weight=142.38540908508003 1143.6792265933473 280802.55679715396 1516.0573322391137 659.32093976810575 1237.9866867102683 1545.4562580287457 25.063245795667171 146.31622770894319 106.67350768391043 307.54461813252419 43.101692045107484 20249.832170625217 753.82484234496951 3030.830153523013 361.05461594834924 101.16721175424755 1298.3393527753651 72.300041347742081 24.578609019517899 29.58151725307107 20.439104614779353 113.34952647797763 31.659835916012526 1153.9001916125417 40.306295798160136 116.85867494903505 806.07389825582504 4009.9595557264984 778.32327564246953 1440.5149446763098
leaf_count=372 9246 2706432 3024 3808 2139 3769 253 802 231 1192 74 90472 4802 13251 1265 293 4233 345 88 152 98 220 70 5459 425 404 6100 26371 2720 7903
internal_value=-0.000197719 -0.000275464 -0.000732986 0.00306679 -0.00961833 -0.024514 0.00537822 -0.0142529 0.0482431 0.00680488 0.0427608 0.0060741 -0.0103473 0.00344769 0.00157539 0.131235 -0.00811217 0.0488087 0.0776165 0.146831 0.0750249 -0.0223997 -0.0269005 -0.0408009 0.0152941 0.026747 0.007631 0.00680527 0.00915566 0.0314086
internal_weight=322109 320965 282319 38646.7 5956.66 2783.44 32690.1 2211.22 252.99 30478.9 608.978 29869.9 2585.18 3173.22 1831.36 144.269 1470.3 171.963 146.899 74.5992 50.0206 1958.23 1844.88 1185.56 464.71 424.403 27284.7 26478.6 22468.7 2218.84
internal_count=2896013 2886767 2709456 177311 19531 5908 157780 10590 1033 147190 2388 144802 11236 13623 6434 367 5169 936 683 338 250 9557 9337 5529 2021 1596 133566 127466 101095 10623
cat_boundaries=0 1 2 3 4 5 6 7 8 9 10 11 12 13
cat_threshold=1 1 1 8 41 16 12 4 80 1 9 24 1
is_linear=0
shrinkage=0.08


Tree=132
num_leaves=31
num_cat=14
split_feature=17 12 13 43 1 38 47 40 37 36 47 38 34 1 17 38 13 25 1 6 6 32 38 6 12 47 41 34 22 13
split_gain=84.7136 375.328 155.121 177.102 153.616 275.543 291.938 242.93 146.956 312.766 322.663 196.653 174.471 189.505 170.795 167.399 206.594 163.626 155.404 196.576 169.392 150.286 181.545 328.075 292.581 150.244 194.532 238.658 344.59 174.784
threshold=1.5000000000000002 1124.9500122070315 60.32500076293946 0 1.5000000000000002 1 2 3 4 5 6 7 8 2.5000000000000004 2.5000000000000004 9 6112.2500000000009 9.2500000000000018 4.5000000000000009 102.00000381469728 146.05000305175784 4.5450000762939462 10 1033.9799804687502 4718.1401367187509 11 12 13 1.5000000000000002 237.77500152587893
decision_type=2 2 2 9 2 1 1 1 1 9 1 1 1 2 2 1 2 8 2 2 2 10 1 2 2 1 9 1 2 2
left_child=1 -1 3 -2 -3 6 7 -6 9 10 -4 17 13 21 -13 18 -17 -11 19 -14 -21 22 23 -12 -25 -16 29 -28 -29 -27
right_child=2 4 8 -5 5 -7 -8 -9 -10 11 12 14 15 -15 25 16 -18 -19 -20 20 -22 -23 -24 24 -26 26 27 28 -30 -31
leaf_value=0.0008606513834243483 0.0029527792086186506 0.028225097989617157 0.0020653538567524123 -0.013148797469400864 0.28037556673779512 0.00028585432217064259 0.031416824425825898 -0.022829748195581732 0.0013084692332875137 0.20865282017053907 -0.028456800794130991 -0.015334509271951598 -0.071207736410520417 -0.054243797965051563 0.0070065195478452484 -0.05359008388339407 0.082507297965507723 -0.014518148131906796 0.25059249307360865 0.077714071162459139 -0.013461847764944239 -0.030696683739111622 -0.0055006264911894977 0.53406134197022881 -0.087142733069037512 0.11674042365028217 0.051516963832399253 -0.041215959349807305 0.14737759443563089 0.044519002479777747
leaf_weight=181787.51647450472 6434.3461132417433 720.22813425934874 9881.479832816869 13632.004918474704 94.962007110472769 134.03955373167992 71.719393115490675 26.752191104926169 87214.505443182541 21.271002367138863 29.001817749813199 786.4851888185367 357.64337990712374 620.3363005053252 1672.4185355277732 1828.6533099291846 74.283114195335656 1825.7951183188707 13.972740191966293 141.64933059737086 1643.6197575647384 1672.9331528428011 8686.894400971476 18.149088097270582 6.6232111752033225 280.27488658390939 577.98267410323024 547.25169371068478 69.928347673267126 913.31664862856269
leaf_count=1329211 97688 4767 20372 125750 700 740 102 325 1124220 43 929 3922 4002 7923 3554 29348 699 9960 75 1177 15585 19162 78236 215 196 1720 3191 3630 256 6627
internal_value=4.24647e-06 0.00113582 -0.00148471 -0.00799085 0.0488809 0.0943104 0.151612 0.234892 -0.000386548 -0.0050532 -0.0091692 0.0102926 -0.0165302 -0.0112778 0.0187494 -0.0307022 -0.048025 -0.0118837 -0.0152678 -0.0170726 -0.00622764 -0.00872912 -0.00452461 0.129994 0.367974 0.0253963 0.0382713 0.0149701 -0.0195313 0.060967
internal_weight=321786 182835 138951 20066.4 1047.7 327.473 193.434 121.714 118884 31670 24975.2 6694.72 15093.8 11033.9 4847.66 4059.82 1902.94 1847.07 2156.89 2142.91 1785.27 10413.6 8740.67 53.7741 24.7723 4061.17 2388.75 1195.16 617.18 1193.59
internal_count=2894325 1335845 1558480 223438 6634 1867 1127 1025 1335042 210822 177919 32903 157547 106661 22900 50886 30047 10003 20839 20764 16762 98738 79576 1340 411 18978 15424 7077 3886 8347
cat_boundaries=0 1 2 3 4 5 6 7 8 9 10 11 12 13 14
cat_threshold=33 293 4 6 68 154 2 258 71 787 32 2 3 20
is_linear=0
shrinkage=0.08


Tree=133
num_leaves=31
num_cat=20
split_feature=44 3 3 38 49 38 37 38 34 3 34 42 3 39 25 35 3 37 34 37 12 18 38 45 41 41 38 39 21 17
split_gain=113.531 200.378 167.617 239.487 131.332 209.547 126.068 203.437 181.301 148.661 124.95 272.826 179.713 209.721 229.485 176.144 172.393 269.465 288.917 166.046 165.931 273.707 153.534 179.287 167.619 147.594 133.682 242.731 131.803 124.136
threshold=0 9.4749999046325701 inf 1 2 3 4 5 6 1.0000000180025095e-35 7 8 449.01499938964849 9 9.2500000000000018 10 605.66497802734386 11 12 13 3647.1750488281255 463.84999084472662 14 15 16 17 18 19 1.0000000180025095e-35 17.500000000000004
decision_type=9 10 8 1 9 1 1 1 1 10 1 9 10 9 10 1 10 1 1 1 2 2 1 9 9 9 1 9 2 2
left_child=1 6 4 -4 5 -2 7 9 -9 -1 11 19 28 14 15 -14 22 18 20 25 21 -18 24 -24 -15 -3 27 -13 -12 -21
right_child=2 10 3 -5 -6 -7 -8 8 -10 -11 12 26 13 16 -16 -17 17 -19 -20 29 -22 -23 23 -25 -26 -27 -28 -29 -30 -31
leaf_value=0.0073512888243890684 0.19000967176019565 -0.029138270370960964 -0.034285609434057104 0.044274567624786682 -0.00092829113243995314 -0.063874355225153612 -0.020910257043043241 0.00978549423820862 -0.034919223861055976 0.12633638332840605 0.0076448253120324078 0.21262702768520125 0.046698536762556454 0.11361597654198774 0.27139842614258192 -0.063765250543963731 0.14094651324773669 -0.025350052941267437 -0.0035071715504642639 -0.035171951294028649 0.2571278170947871 -0.095754661759513485 -0.083104816404145992 0.04215533898668649 0.034837618745752003 0.010523630753431325 0.01835413963368419 -0.020879778470280736 -0.056045438055283066 0.032776552084691074
leaf_weight=128.18755386024714 48.386947147082537 835.47711361758411 314.40175011474639 1092.271737838164 280986.28503163171 30.004343125037849 3064.0722368117422 1807.0525429025292 843.66276491619647 141.26124136149883 19415.429566944018 29.341875415295362 123.34325848147273 433.44588620401919 16.491385832428932 309.25429077260196 144.82666030526161 539.96513103786856 257.44746483676136 2153.4971178304404 47.764449514448643 39.873392026871443 76.854278339073062 483.43268721364439 333.64968302287161 2062.4514935985208 4184.3569929003716 982.43194442428648 210.2011135481298 187.01912777870893
leaf_count=250 356 6268 806 2191 2712034 208 10788 5126 3072 282 74659 77 336 1099 30 2524 294 3352 825 15652 70 281 706 1292 923 17150 24510 5012 1043 1441
internal_value=-0.000202133 0.00385263 -0.000759819 0.0267868 -0.000897685 0.0966027 -0.00961181 0.00230714 -0.00452077 0.0672351 0.00630419 -0.000931503 0.00966608 0.0286063 -0.0214983 -0.0326641 0.0381519 0.0135906 0.0558865 -0.013802 0.119095 0.089847 0.0572083 0.0238175 0.0802404 -0.000971835 0.0120454 -0.0139699 0.00696267 -0.029616
internal_weight=321322 38850.8 282471 1406.67 281065 78.3913 5984.24 2920.16 2650.72 269.449 32866.6 10434.6 22432 2806.35 449.089 432.598 2357.26 1029.88 489.912 5238.44 232.465 184.7 1327.38 560.287 767.096 2897.93 5196.13 1011.77 19625.6 2340.52
internal_count=2892657 177062 2715595 2997 2712598 564 19518 8730 8198 532 157544 70110 87434 11732 2890 2860 8842 4822 1470 40511 645 575 4020 1998 2022 23418 29599 5089 75702 17093
cat_boundaries=0 1 2 3 4 5 6 7 8 9 10 11 12 13 14 15 16 17 18 19 20
cat_threshold=1 1 2 298 106 40 43 96 26 2 4 40 18 112 266 32 4 34 449 2
is_linear=0
shrinkage=0.08


Tree=134
num_leaves=31
num_cat=9
split_feature=49 3 32 41 38 23 18 17 26 42 1 17 37 22 2 44 38 3 37 34 4 3 3 2 0 12 13 18 17 1
split_gain=106.925 114.677 85.2127 144.895 115.688 158.447 99.8753 215.223 117.539 97.7182 81.8491 79.8363 130.809 133.941 127.954 87.2346 71.0658 90.4582 65.7049 153.875 308.919 202.901 300.156 331.908 201.247 149.999 176.767 189.004 321.581 151.961
threshold=0 43.870000839233406 41.019998550415046 1 2 7.5000000000000009 20653.315429687504 18.500000000000004 8.5000000000000018 3 2.5000000000000004 17.500000000000004 4 1.0000000180025095e-35 1.0000000180025095e-35 5 6 605.66497802734386 7 8 46.500000000000007 59.674999237060554 304.22500610351568 2.5000000000000004 1.5000000000000002 1124.9500122070315 946.94998168945324 1010.0100097656251 13.500000000000002 1.5000000000000002
decision_type=9 8 10 9 1 2 2 2 8 9 2 2 1 2 10 9 1 10 1 1 10 8 8 10 2 2 2 2 2 2
left_child=1 -1 18 10 5 11 8 -8 -6 -10 -4 15 13 14 -13 -5 -3 -18 19 21 -21 -2 23 24 -23 26 -24 29 -29 -28
right_child=2 16 3 4 6 -7 7 -9 9 -11 -12 12 -14 -15 -16 -17 17 -19 -20 20 -22 22 25 -25 -26 -27 27 28 -30 -31
leaf_value=0.22101048019956371 -0.084177679944271264 -0.037280799525432951 -0.059544147325755768 -0.049835004482165608 0.15742572203130287 0.27584901351794688 0.24404018873999367 -0.030278242782063557 -0.021098453369057892 0.014244703151574688 0.042751373487592732 0.080749988328379291 -0.035498962540923433 -0.0024060082747903405 0.35691936276254588 0.039717982679300066 0.043524508689879407 0.23220656541266008 -0.00033342671098679792 -0.0022250130412199312 0.35356425767875499 0.059376061523133357 0.0095577168033961196 0.25628996679413907 -0.035472381060934456 -0.028383203245125627 -0.0026091188177566897 0.38609783076139603 -0.07241722598807869 0.22168938133212401
leaf_weight=23.718330735340714 117.33867048844695 59.163478997536004 518.73530638590455 761.01198663352989 30.714627626352012 10.968192319851367 34.127844275906682 39.479487721808255 838.24890157487243 1211.8176677739248 55.405550049617887 28.17499182827305 156.47266045259312 51.442503145663068 17.348050995264202 76.625433146953583 141.5025403292384 18.373211351688951 307769.26302989456 6268.3509773784317 15.657497663050888 1019.2723313616589 1543.1776056825183 50.089787689968944 166.56544282753021 607.82518656691536 92.884125356096774 30.192180153913796 14.486802049912511 24.411962589249015
leaf_count=43 957 424 3163 8342 134 39 94 263 5680 6068 221 323 1760 511 48 340 921 261 2785150 51107 11 6608 12653 222 1354 6739 894 162 212 139
internal_value=-0.000228603 0.0517838 -0.000269472 -0.0121301 -0.00549416 -0.026458 0.00530226 0.0969088 0.00208718 -0.000240143 -0.0488221 -0.0297395 0.00960237 0.0779991 0.185993 -0.0416429 0.0358234 0.0613696 -0.000126483 0.00626848 -0.00133639 0.0192715 0.0227462 0.0545739 0.0460534 0.00573927 0.0179027 0.0974074 0.237428 0.0440725
internal_weight=321793 242.758 321550 3830.57 3256.43 1102.04 2154.39 73.6073 2080.78 2050.07 574.141 1091.08 253.438 96.9655 45.523 837.637 219.039 159.876 317720 9950.25 6284.01 3666.24 3548.91 1235.93 1185.84 2312.98 1705.15 161.975 44.679 117.296
internal_count=2894843 1649 2893194 26986 23602 11363 12239 357 11882 11748 3384 11324 2642 882 371 8682 1606 1182 2866208 81058 51118 29940 28983 8184 7962 20799 14060 1407 374 1033
cat_boundaries=0 1 2 3 4 5 6 7 8 9
cat_threshold=10 1 352 35 1 2 596 66 113
is_linear=0
shrinkage=0.08


Tree=135
num_leaves=31
num_cat=16
split_feature=47 36 45 42 3 3 3 4 37 35 2 3 42 34 18 38 38 3 3 18 3 19 32 37 38 38 35 34 45 19
split_gain=108.503 201.72 301.24 707.294 491.129 780.709 355.722 257.435 409.715 872.191 759.307 535.909 373.022 446.854 289.303 328.945 287.522 336.704 241.639 267.882 347.249 216.133 335.743 213.806 272.518 210.143 554.882 362.865 333.358 238.936
threshold=0 1 2 3 184.22499847412112 194.02500152587893 502.85000610351568 inf 4 5 1.0000000180025095e-35 76.880001068115249 6 7 52.049999237060554 8 9 43.870000839233406 231.43000030517581 281.77499389648443 392.33499145507818 29.024999618530277 -0.33500000834465021 10 11 12 13 14 15 433.82499694824224
decision_type=1 9 9 9 10 10 10 8 1 1 10 10 9 1 2 1 1 8 10 2 10 2 10 1 1 1 1 1 9 2
left_child=1 25 3 4 -3 -6 18 -4 9 10 11 -9 13 -10 16 -16 -14 -18 -7 20 -20 22 -17 -19 -25 26 -1 29 -29 -28
right_child=-2 2 7 -5 5 6 -8 8 12 -11 -12 -13 14 -15 15 21 17 23 19 -21 -22 -23 -24 24 -26 -27 27 28 -30 -31
leaf_value=-0.02380251667956227 0.00098079356638739314 -0.0207180051901521 -0.024311209051257873 -0.062663313508375951 0.32392343725545153 -0.089616038440706411 -0.089302472211771386 -0.089819283755757623 0.18177913753754801 -0.077744053759524465 0.86639256696759048 0.36720676768355115 -0.041512572936784772 -0.066694601044184398 -0.067097096082705546 -0.0072922763105661651 -0.070115108478103885 0.12971621991181892 0.24282869225056836 0.05308171892901771 -0.044962355988945095 0.0071389757177934589 0.40554477546327206 0.077651537677132676 -0.082718936822103586 0.0016804146619074476 -0.020145885154697389 -0.02186371960639601 0.012287893292129124 0.011631384504962983
leaf_weight=8450.4194195049349 212144.6499564941 278.95004542218521 7545.4829676570371 393.76097463187762 90.784877849277109 39.677013760432601 77.060140218120068 24.62071654945612 40.382644164375961 73.957357862964272 13.552013557404278 49.302545595914125 194.22746432572603 733.00839487463236 446.97000044351444 28.209210246801376 100.39350785221905 350.77436509309337 144.07613054011017 193.65590181900188 32.973876635544002 765.74049844313413 22.795519310981035 257.81652328744531 82.774896688759327 65714.85308304755 6734.1673384202877 2118.3862997971009 13053.420291023911 1953.6950757051818
leaf_count=257217 868159 2840 103499 6009 242 573 1655 437 265 1374 67 296 1843 6830 7012 259 1315 2506 1124 2003 364 6163 158 1401 1007 891145 210687 40488 383817 94469
internal_value=-7.64464e-05 -0.00211532 -0.0119097 0.0251182 0.0656999 0.108526 0.0684089 -0.0162459 0.00281307 0.123121 0.283499 0.214991 -0.00400538 -0.0515657 0.0125005 -0.0127844 0.0450344 0.0659566 0.0980234 0.118107 0.18923 0.0175453 0.177217 0.0866696 0.0374285 -0.000916901 -0.00619842 4.38167e-05 0.00750816 -0.012985
internal_weight=322151 110006 11980.9 1250.94 857.178 578.228 487.443 10730 3184.53 161.433 87.4753 73.9233 3023.09 773.391 2249.7 1263.72 985.987 791.759 410.383 370.706 177.05 816.745 51.0047 691.366 340.591 98024.9 32310.1 23859.7 15171.8 8687.86
internal_count=2895224 2027065 149242 14810 8801 5961 5719 134432 30933 2174 800 733 28759 7095 21664 13592 8072 6229 4064 3491 1488 6580 417 4914 2408 1877823 986678 729461 424305 305156
cat_boundaries=0 1 2 3 4 5 6 7 8 9 10 11 12 13 14 15 16
cat_threshold=4 225 32 56 66 8 16 64 328 644 49 19 56 2 72 8
is_linear=0
shrinkage=0.08


Tree=136
num_leaves=31
num_cat=14
split_feature=35 34 4 3 47 34 39 39 2 21 3 38 19 7 47 38 20 3 38 41 4 4 38 3 42 4 3 3 42 3
split_gain=98.1164 546.589 296.184 227.765 257.467 317.708 457.598 388.853 216.472 284.911 191.978 218.139 230.3 171.517 170.809 268.698 248.44 385.596 369.853 455.968 337.288 327.047 320.452 399.093 308.347 305.906 315.772 300.419 541.213 461.24
threshold=0 1 56.500000000000007 357.05500793457037 2 3 4 5 1.5000000000000002 1.0000000180025095e-35 350.84500122070318 6 458.00500488281256 6758.5500488281259 7 8 1.0000000180025095e-35 449.01499938964849 9 10 26.500000000000004 43.500000000000007 11 777.97500610351574 12 23.500000000000004 591.64501953125011 350.84500122070318 13 314.34999084472662
decision_type=1 1 10 10 1 1 9 9 10 2 10 1 2 2 1 1 2 8 1 9 8 10 1 10 9 10 8 8 9 10
left_child=1 3 14 4 -1 6 -6 -7 10 -10 13 12 -12 -9 16 -16 17 18 19 27 25 -20 24 -24 -18 -19 -27 28 29 -3
right_child=-2 2 -4 -5 5 7 -8 8 9 -11 11 -13 -14 -15 15 -17 22 20 21 -21 -22 -23 23 -25 -26 26 -28 -29 -30 -31
leaf_value=0.008230416560198928 -0.0010389721215263688 0.037635397457147828 0.14710722295051937 0.0019655985311129755 0.48405597033331071 0.45867874580520962 -0.089921687955713966 0.033735433642231138 -0.078396038104520838 0.25365338879421562 0.30472534383455069 -0.071133546961753849 -0.010283439383118235 0.2934915181984184 -0.0058957413376131704 0.0094524966244193716 0.026252486991571292 0.013400689744260173 -0.001817268301604524 -0.03442257502958912 -0.044998600682954644 0.15169477379755855 -0.058415245159998234 0.074168373722435968 -0.04129938987347271 0.17274909811924338 -0.087586419505519125 -0.022859548765289808 0.014247007084899099 0.30920958027056822
leaf_weight=3365.191162282601 244935.80898433202 73.62259713653475 86.627294584177434 3964.0143492571078 27.237176345661283 13.811397569254041 13.196353499311952 4549.1401367932558 181.06457997485995 18.200421141460538 57.001816699281335 23.834955018013716 20.08796875923872 16.327181909233332 12044.761165738106 18504.503299805336 1100.325504551176 8155.5716511644423 13612.734054651111 5405.1117924470454 630.56357102608308 89.402112074196339 1747.5477571664378 158.4800215868745 698.35502971010283 143.27993539907038 37.65519093722105 721.37512863078155 665.74707692721859 87.706475216895342
leaf_count=6695 2131721 1004 231 33650 70 56 240 35939 2144 65 526 397 211 35 27360 37129 15634 178002 188393 117772 7265 532 67093 3375 10745 1114 551 17130 9549 979
internal_value=-0.000258976 0.00224766 -0.000718057 0.0177222 0.0252824 0.0369459 0.237891 0.0347221 0.03359 -0.0480674 0.037077 0.146213 0.197076 0.0346644 -0.000918644 0.00340226 -0.00487935 -0.00243669 -0.00845049 -0.0234613 0.0114161 -0.000815056 -0.0244108 -0.047144 -5.85093e-05 0.0156833 0.11857 0.0147759 0.0477802 0.174462
internal_weight=321148 76212.5 63963.4 12249.1 8285.09 4919.9 40.4335 4879.47 4865.66 199.265 4666.39 100.925 77.0898 4565.47 63876.7 30549.3 33327.5 29622.8 20655.7 6953.56 8967.07 13702.1 3704.71 1906.03 1798.68 8336.51 180.935 1548.45 827.076 161.329
internal_count=2895607 763886 683858 80028 46378 39683 310 39373 39317 2209 37108 1134 737 35974 683627 64489 619138 522291 335359 146434 186932 188925 96847 70468 26379 179667 1665 28662 11532 1983
cat_boundaries=0 1 2 3 4 5 6 7 8 9 10 11 12 13 14
cat_threshold=6 67 2 64 1 2 976 4 393 104 33 450 24 8
is_linear=0
shrinkage=0.08


Tree=137
num_leaves=31
num_cat=11
split_feature=12 38 43 45 35 14 19 21 13 19 34 17 34 45 17 41 12 43 25 16 12 41 12 13 8 38 17 17 14 11
split_gain=74.0018 141.407 204.164 153.893 144.809 228.522 144.651 135.559 156.329 179.001 159.518 146.185 145.465 141.033 132.958 163.188 147.178 134.891 126.816 126.297 124.367 117.275 150.305 116.835 121.147 111.274 115.063 139.122 116.255 110.806
threshold=3373.4250488281255 0 1 2 3 1.0000000180025095e-35 1725.600036621094 1.0000000180025095e-35 2369.599975585938 3223.049926757813 4 17.500000000000004 5 6 3.5000000000000004 7 6876.2248535156259 8 1.0000000180025095e-35 1.5000000000000002 10255.445312500002 9 4718.1401367187509 438.52499389648443 17.500000000000004 10 23.500000000000004 6.5000000000000009 3.5000000000000004 15.500000000000002
decision_type=2 1 9 9 1 2 2 2 2 2 1 2 1 9 2 9 2 9 10 2 2 9 2 2 2 1 2 2 2 2
left_child=-1 2 -2 23 6 -6 18 8 -4 10 -10 -9 13 29 -8 -16 -17 -18 25 20 -19 22 -13 -3 -25 26 27 -5 -29 -11
right_child=1 3 7 4 5 -7 14 11 9 12 -12 21 -14 -15 15 16 17 19 -20 -21 -22 -23 -24 24 -26 -27 -28 28 -30 -31
leaf_value=-0.00020626241809040379 -0.006221752612395254 0.0015110111709393248 0.0098609059749059664 0.0014191359393335116 0.053222041927876849 -0.0086721349415277357 0.21259752049730476 0.1226723820497891 0.16040809634803066 0.0091445107497721487 0.017842253513023064 0.23865867268600588 -0.035731503259038608 -0.01342765574436891 -0.048499930338369655 -0.061723887933519975 -0.020680209790640863 0.16996747528430992 -0.058557316440870019 0.26892001083985984 0.015034576599525756 -0.012273962099988711 -0.0018429975368981638 -0.038976885793951199 0.1805565845710439 0.016367462330856928 -0.033636628143368749 0.094760971736966598 -0.0011139098198688665 0.14292020385360618
leaf_weight=304383.95339782914 1476.8075738688931 997.15458735532593 1660.8240569438785 198.3278917055577 412.95353493676521 5056.60734983359 16.194896720349789 197.40117078460753 142.73663359321654 56.126118179410696 93.083445718511939 35.101524796336889 157.35608506761491 115.76272498257458 491.14323299983516 99.515631918329746 106.11385769210756 51.696873181499541 123.64459727564827 23.965920256450772 92.468426960520446 156.30949093587697 31.605388637632132 1138.0774171144585 16.318324220832437 3083.9590785978362 95.537869062274694 489.93239024654031 96.963022956624627 134.79782870039344
leaf_count=2672675 7993 13261 8127 1334 5686 109658 51 420 412 286 366 70 942 561 6052 1490 928 393 1727 143 1019 718 158 28958 70 27162 666 2621 594 266
internal_value=7.94119e-05 0.00524039 0.0178236 0.000970043 0.00498886 -0.00399181 0.0148615 0.0305686 0.0232249 0.0549385 0.111693 0.0725313 0.0260967 0.0571223 -0.0145094 -0.0187619 0.02105 0.0518539 0.0212276 0.0933128 0.0705927 0.0281493 0.108452 -0.0184616 -0.0358736 0.0237158 0.048707 0.0593461 0.0789212 0.0984381
internal_weight=321232 16848.5 4257.91 12590.6 10439 5469.56 4969.46 2781.1 2360.69 699.863 235.82 420.418 464.043 306.687 881.099 864.904 373.761 274.245 4088.36 168.131 144.165 223.016 66.7069 2151.55 1154.4 3964.72 880.761 785.223 586.895 190.924
internal_count=2894807 222132 20319 201813 159524 115344 44180 12326 10960 2833 778 1366 2055 1113 10076 10025 3973 2483 34104 1555 1412 946 228 42289 29028 32377 5215 4549 3215 552
cat_boundaries=0 1 2 3 4 5 6 7 8 9 10 11
cat_threshold=707 38 34 8 116 26 33 7 12 2 20
is_linear=0
shrinkage=0.08


Tree=138
num_leaves=31
num_cat=9
split_feature=12 45 38 47 1 43 38 4 4 2 15 25 19 4 47 45 33 12 20 19 12 42 19 11 16 37 2 4 1 2
split_gain=109.939 132.636 198.537 208.379 196.237 180.115 207.789 216.349 318.927 204.798 203.993 179.561 207.536 242.79 222.019 175.626 153.155 149.388 233.439 206.741 204.508 164.775 290.595 222.945 233.968 205.641 320.613 1569.73 182.639 317.801
threshold=81.014999389648452 0 1 2 3.5000000000000004 3 4 34.500000000000007 36.500000000000007 2.5000000000000004 1.5000000000000002 9.2500000000000018 1.0000000180025095e-35 1.0000000180025095e-35 5 6 1.5000000000000002 1124.9500122070315 2.5000000000000004 2947.724975585938 545.48999023437511 7 2540.8850097656255 5.5000000000000009 1.0000000180025095e-35 8 2.5000000000000004 38.500000000000007 1.5000000000000002 1.0000000180025095e-35
decision_type=2 9 1 1 2 9 1 10 10 8 2 10 2 8 1 9 2 2 2 2 2 9 2 2 2 1 10 8 2 10
left_child=-1 16 -3 -4 5 6 7 -5 -9 10 15 17 13 -13 -14 -8 -2 20 19 21 -7 22 -19 -24 -25 26 28 -28 -23 -30
right_child=1 2 3 4 -6 11 9 8 -10 -11 -12 12 14 -15 -16 -17 -18 18 -20 -21 -22 25 23 24 -26 -27 27 -29 29 -31
leaf_value=0.0012020413801712298 0.00046011239790743681 0.00029407821302941542 -0.0011380514504586675 -0.027032249413530093 -0.069416908414304174 -0.016801358006367964 0.0095851647361193393 0.30782397017998153 -0.022336407523091132 -0.048094792753590826 0.14880149052914252 0.5904204795655279 -0.030118782992358168 0.046545343203880485 0.14213603973483241 -0.065543849011862249 0.070916286144875593 0.02636941043355507 -0.062869019163035486 -0.049510976476289312 -0.042369736789240948 -0.005619077430200404 0.64572042658677964 -0.091877220094703949 0.26052812012426613 -0.024067077898739037 -0.086413162091362822 1.608296457984683 0.043278835889972632 0.31755120214781762
leaf_weight=171071.30824387399 73888.912031372311 35308.751627660124 17067.097876875661 2367.9797735295724 384.26233907649294 8139.4857525869738 5766.4695374867879 30.95137463323772 47.402668580412865 438.00929060904309 65.658482101745903 9.5318501694127935 140.8730150423944 11.702260034158824 72.550726717337966 196.43410318205133 197.98622533679008 853.85072695929557 388.43451488413848 420.59010647539981 2655.1980136127677 488.93377376208082 6.5534002450294784 17.355529102962464 39.497056723572314 1147.3307635360397 13.144397963304074 4.7663725279271594 195.21418847097084 31.384636726230383
leaf_count=1227012 766438 483398 34391 53882 6814 127354 70703 92 833 5324 195 94 3349 141 95 3667 945 16593 8276 9478 47607 7421 108 542 331 16370 388 8 3239 465
internal_value=-0.00018512 -0.00176298 -0.00410358 -0.00788988 -0.0127079 -0.0117826 -0.00280189 -0.0226122 0.108083 0.00471577 0.00856058 -0.0172377 0.052168 0.290687 0.0284371 0.00701637 0.000648309 -0.0183806 -0.00428543 0.00278465 -0.0230905 0.0106455 0.0382232 0.203879 0.152948 -0.00299145 0.0298576 0.364579 0.0218963 0.0812664
internal_weight=321468 150396 76309.4 41000.7 23933.6 23549.3 8912.91 2446.33 78.354 6466.57 6028.56 14636.4 234.658 21.2341 213.424 5962.9 74086.9 14401.7 3607.06 3218.62 10794.7 2798.03 917.257 63.406 56.8526 1880.77 733.443 17.9108 715.533 226.599
internal_count=2895553 1668541 901158 417760 383369 376555 134696 54807 925 79889 74565 241859 3679 235 3444 74370 767383 238180 63219 54943 174961 45465 17574 981 873 27891 11521 396 11125 3704
cat_boundaries=0 1 2 3 4 5 6 7 8 9
cat_threshold=9 562 2 42 12 4 36 8 9
is_linear=0
shrinkage=0.08


Tree=139
num_leaves=31
num_cat=11
split_feature=27 8 38 37 22 34 37 36 39 37 3 19 17 18 13 7 34 34 38 3 18 18 1 43 18 13 18 32 3 3
split_gain=80.1568 133.314 150.627 106.164 168.28 106.311 70.2924 191.398 226.65 308.921 197.995 186.409 181.902 194.47 180.59 179.584 234.95 169.934 195.065 260.751 258.938 825.502 429.924 211.67 204.108 184.421 177.252 173.901 164.86 200.289
threshold=8.5000000000000018 4.5000000000000009 0 1 1.0000000180025095e-35 2 3 4 5 6 121.65500259399415 65.474998474121108 1.5000000000000002 1099.2750244140627 103.60000228881837 84.799995422363295 7 8 9 61.504999160766609 477.18501281738287 535.02499389648449 1.5000000000000002 10 129.0100021362305 118.02500152587892 601.02499389648449 -0.59499999880790699 223.84999847412112 210.71500396728518
decision_type=8 2 1 1 2 1 1 9 9 1 8 2 2 2 2 2 1 1 1 8 2 2 2 9 2 2 2 8 10 10
left_child=1 2 -1 4 -4 -5 -2 11 9 10 -9 12 13 -8 -11 17 -17 18 23 20 24 -22 -23 -13 25 27 -21 -20 29 -18
right_child=6 -3 3 5 -6 -7 7 8 -10 14 -12 15 -14 -15 -16 16 28 -19 19 26 21 22 -24 -25 -26 -27 -28 -29 -30 -31
leaf_value=0.076813728304931828 0.001920861653219852 0.24218912272288229 -0.027509902708554437 0.010399773966468464 0.25636339006865028 -0.070843367243047656 -0.0012146349628790482 0.283745521394694 -0.010580629506596077 -0.045583615591218922 0.081014196022948598 0.040326115115441395 -0.010938114807403363 0.039141818751109593 0.029325709253241176 0.0048952048262594682 0.0003304977834514139 0.0040598213958375311 0.43329660935443659 0.039190376640740751 0.75260342553180648 0.0038177709374515941 0.51013484898661365 -0.0029659235511756078 0.0053941594329289166 -0.036505671043737413 -0.00025403627863473743 0.14448591606877498 -0.0099491974034422066 0.051956755190077683
leaf_weight=207.06009431602433 94996.371360799298 17.901763425674289 27.222941970801912 313.02558190724812 26.253793543204665 143.08795140311122 105741.85851040296 38.552342494949698 17888.046019389178 294.00485942792147 153.9460797868669 922.28832223801874 13026.022166200797 769.76367330690846 687.85939613939263 36101.630032677436 10392.969001450343 15608.588419879554 18.142203258350492 2083.7091831883881 15.292977345641701 55.09044055826962 13.330241668969391 3216.5286970157176 163.46275646938011 24.068030229769647 1121.576765174279 50.441340434364974 16570.354175322165 504.28121571661904
leaf_count=959 559827 122 549 3242 140 1274 863500 185 123111 2605 759 10837 162821 4810 4589 476560 86022 185075 116 30018 99 492 26 31363 1577 252 22754 323 317373 3673
internal_value=0.000156155 0.026553 0.0211664 -0.00289509 0.0942331 -0.0160602 9.56488e-05 -0.000673444 -0.00834115 0.0256999 0.11561 3.5091e-05 -0.00201433 -0.000922977 0.00682569 0.00285547 0.000653583 0.00886479 0.0185958 0.0323615 0.0990861 0.221231 0.102462 0.00675516 0.0591616 0.154022 0.0253882 0.220884 -0.00492132 0.00271955
internal_weight=321193 734.552 716.65 509.59 53.4767 456.114 320458 225462 19062.4 1174.36 192.498 206399 119538 106512 981.864 86861.8 63569.2 23292.5 7683.93 3545.11 339.828 83.7137 68.4207 4138.82 256.114 92.6516 3205.29 68.5835 27467.6 10897.3
internal_count=2895053 6286 6164 5205 689 4516 2888767 2328940 131249 8138 944 2197691 1031131 868310 7194 1166560 883628 282932 97857 55657 2885 617 518 42200 2268 691 52772 439 407068 89695
cat_boundaries=0 1 2 3 4 5 6 7 8 9 10 11
cat_threshold=12 16 105 6 178 2 1 28 36 340 35
is_linear=0
shrinkage=0.08


Tree=140
num_leaves=31
num_cat=17
split_feature=19 21 38 45 42 38 47 44 16 34 47 47 39 18 18 11 38 16 41 11 32 25 33 35 39 16 43 34 41 11
split_gain=97.0869 119.617 108.274 79.2377 147.36 183.271 133.137 129.664 129.453 152.883 135.422 110.181 195.022 116.74 152.814 177.918 124.459 149.225 141.783 212.952 148.409 105.615 99.1803 97.6245 96.3692 94.2426 92.4203 141.408 214.576 183.222
threshold=3223.049926757813 2.5000000000000004 0 1 2 3 4 5 2.5000000000000004 6 7 8 9 11539.875000000002 10033.079589843752 25.500000000000004 10 1.0000000180025095e-35 11 9.5000000000000018 -7.3650000095367423 9.2500000000000018 1.0000000180025095e-35 12 13 4.5000000000000009 14 15 16 17.500000000000004
decision_type=2 2 1 9 9 1 1 9 2 1 1 1 9 2 2 2 1 2 9 2 8 10 2 1 9 2 9 1 9 2
left_child=-1 2 -2 4 7 8 -7 -4 9 10 -6 -5 -13 14 16 22 17 -14 19 -19 -20 26 -16 -9 -22 -8 27 28 29 -18
right_child=1 -3 3 11 5 6 25 23 -10 -11 -12 12 13 -15 15 -17 21 18 20 -21 24 -23 -24 -25 -26 -27 -28 -29 -30 -31
leaf_value=0.00019358075873683998 -0.047207950550749798 0.1170147732186623 -0.031042124145199978 0.0027522502241667498 -0.016876822303484935 0.025001067578565295 -0.052809539950723447 0.10029158011904991 0.15871183981473605 0.012968078273204628 0.13908335428216298 -0.073783580176595989 -0.031336186690134243 -0.063587160807492688 -0.092906626726103225 0.32172646542535693 0.095135434325517715 0.40452945298762066 0.18860230422206184 0.069289288789104744 0.089573798546432271 0.11804285688934706 0.15198946613685474 -0.015154290577517561 -0.090945556778889436 0.19343405743841918 -0.072005263076034012 -0.04292811164932793 -0.0097572179994073471 0.57952414632915428
leaf_weight=315412.70971541479 482.42632667906582 46.869462231174111 975.9365955645917 1019.7355555752292 47.370065994560719 325.9710596408695 346.30051757028559 82.700243085622787 59.382713205181062 543.29003938799724 143.79886155342683 476.51096256729215 121.68955420795828 229.6645810874179 21.153258878854103 19.488890369306318 8.5357771199196595 22.484010382555425 26.94287178106606 26.325922771357 29.18741416791454 28.83771877666004 21.181946760741994 95.711441067513078 53.837065045256168 10.2412913586013 258.26736505632289 183.57022050954401 60.691929624881595 12.057103926781563
leaf_count=2802377 3334 206 15488 2004 109 513 14386 483 265 5612 1175 13591 2205 8122 717 315 189 88 161 277 329 768 42 622 1047 48 12610 4229 1482 122
internal_value=5.29488e-06 -0.0102691 -0.0113097 -0.00790652 0.00190972 0.0185979 -0.0117793 -0.0194101 0.0445367 0.0359117 0.095445 -0.017732 -0.0308947 -0.0127109 0.000355251 0.121704 -0.00865729 0.0341035 0.0864054 0.185675 0.023337 -0.0304514 0.0296244 0.043131 -0.0274836 -0.0457364 -0.0392195 -0.00436566 0.0778846 0.254943
internal_weight=321193 5780.16 5733.29 5250.86 2630.7 1476.35 682.513 1154.35 793.842 734.459 191.169 2620.16 1600.43 1123.92 894.251 61.8241 832.427 280.467 158.777 48.8099 109.967 551.96 42.3352 178.412 83.0245 356.542 523.122 264.855 81.2848 20.5929
internal_count=2892916 90539 90333 86999 38701 22108 14947 16593 7161 6896 1284 48298 46294 32703 24581 1074 23507 4107 1902 365 1537 19400 759 1105 1376 14434 18632 6022 1793 311
cat_boundaries=0 1 2 3 4 5 6 7 8 9 10 11 12 13 14 15 16 17
cat_threshold=145 11 19 836 2 2 66 2 2 1 768 2 1 2 14 72 4
is_linear=0
shrinkage=0.08


Tree=141
num_leaves=31
num_cat=11
split_feature=5 17 47 39 22 6 3 47 3 4 41 20 38 43 20 17 3 17 34 42 47 42 19 34 19 23 8 32 12 2
split_gain=109.064 96.8718 306.752 105.72 186.076 127.594 104.642 84.247 76.6379 790.218 346.112 146.775 178.984 169.753 227.35 379.618 312.021 263.08 158.569 137.133 157.924 207.015 201.577 259.285 346.519 648.354 300.967 322.569 322.636 257.518
threshold=37.500000000000007 34.500000000000007 0 1 2.5000000000000004 854.12500000000011 114.7150001525879 2 449.01499938964849 inf 3 1.0000000180025095e-35 4 5 1.5000000000000002 3.5000000000000004 462.03500366210943 21.500000000000004 6 7 8 9 1351.2099609375002 10 1302.1949462890627 2.5000000000000004 1.0000000180025095e-35 20.795000076293949 23388.625000000004 1.5000000000000002
decision_type=2 2 1 9 2 2 10 1 10 8 9 2 1 9 2 2 10 2 1 9 1 9 2 1 2 2 2 10 2 10
left_child=1 8 -3 4 7 -6 -7 -4 -1 11 -11 -10 -13 14 17 -16 -17 -14 -19 -15 -21 -22 23 24 26 -26 -23 29 -29 -28
right_child=-2 2 3 -5 5 6 -8 -9 9 10 -12 12 13 19 15 16 -18 18 -20 20 21 22 -24 -25 25 -27 27 28 -30 -31
leaf_value=-0.00040650172061454251 0.028504420012775769 0.015135874925249258 -0.074122079935798432 -0.051717007855245918 0.33084927331737035 0.25796098420990504 -0.018417669295586074 0.04872500684745458 0.0066113744121479847 -0.24621164934418685 -0.052724967089738353 -0.029281952345008293 -0.025053066078518996 0.022053194412712286 0.42511319255579466 0.26126613587577074 0.035340082238558918 0.21832334376966309 0.014985699507161904 0.006257131144553672 -0.052703501308959455 -0.052205134724024084 -0.047866873345396722 -0.033402589189094417 0.10707173660527237 1.1321568882692641 0.033108720619363104 0.18191288551934348 0.84036081632051851 0.47431865522607897
leaf_weight=276301.65069104335 858.53108666883782 1113.6665984578431 111.62962305278052 1116.6913528283476 15.217062129639087 12.310191392898558 30.46556480252184 52.54501905431971 32715.836983650806 96.929624555225018 175.98343295231462 1592.0851245606318 545.95961388852447 968.38345374155324 18.432716779410839 42.904191129375249 443.907031532377 39.175993377808481 65.439102821983397 1999.6548171322793 974.2995961504057 198.91249275626615 537.18939230707474 501.79691474325955 16.073041351279247 5.2350119634065768 458.06092835287564 52.666917365160771 5.2361647444777182 8.6258128422778082
leaf_count=2172630 6785 2124 4134 31477 197 3 715 150 500595 720 1330 11326 7084 24449 65 203 4539 122 762 3503 36182 11950 30195 17052 591 27 24154 1914 169 366
internal_value=2.88805e-05 -4.74651e-05 -0.0158859 -0.0416899 0.0087098 0.131896 0.0611198 -0.0348042 7.4777e-05 0.00328194 -0.132399 0.00418093 -0.00520234 0.000410244 0.0282393 0.0687452 0.0552516 -0.00278398 0.113433 -0.00524649 -0.0108376 -0.0232708 -0.00686092 0.0107544 0.0404099 0.358917 0.031588 0.0633605 0.241456 0.0412636
internal_weight=321075 320217 2452.53 1338.86 222.167 57.9928 42.7758 164.175 317764 41462.8 272.913 41189.9 8474.04 6881.95 1155.82 505.244 486.811 650.575 104.615 5726.13 4757.75 2758.1 1783.8 1246.61 744.81 21.3081 723.502 524.59 57.9031 466.687
internal_count=2895513 2888728 38800 36676 5199 915 718 4284 2849928 677298 2050 675248 174653 163327 12775 4807 4742 7968 884 150552 126103 122600 86418 56223 39171 618 38553 26603 2083 24520
cat_boundaries=0 1 2 3 4 5 6 7 8 9 10 11
cat_threshold=2 2 4 36 593 8 34 1 2 48 98
is_linear=0
shrinkage=0.08


Tree=142
num_leaves=31
num_cat=7
split_feature=6 41 3 38 6 38 4 3 4 42 18 32 37 19 3 17 6 11 32 17 1 3 42 37 3 3 27 5 6 3
split_gain=85.0515 103.699 175.059 170.975 153.855 100.343 133.737 295.278 192.816 141.272 237.139 236.028 130.451 182.333 285.998 183.845 105.641 131.775 133.81 109.819 109.722 98.6055 96.2901 95.8319 104.794 117.022 94.6669 121.808 94.0656 93.4509
threshold=381.92500305175787 0 405.55499267578131 1 340.02499389648443 2 57.500000000000007 253.72499847412112 56.500000000000007 3 393.40501403808599 0.5249999761581422 4 274.02499389648443 114.7150001525879 5.5000000000000009 456.59991455078131 12.500000000000002 6.7750000953674325 15.500000000000002 1.0000000180025095e-35 118.41500091552736 5 6 350.84500122070318 173.97499847412112 9.2500000000000018 5.5000000000000009 938.17498779296886 141.16999816894534
decision_type=2 9 8 1 2 1 8 10 10 9 2 8 1 2 10 2 2 2 10 2 2 10 9 1 10 10 8 2 2 10
left_child=1 2 3 4 29 6 8 9 21 16 11 -11 13 14 -12 -16 -8 18 19 28 -20 -2 -4 24 25 -5 27 -7 -18 -1
right_child=5 -3 22 23 -6 26 7 -9 -10 10 12 -13 -14 -15 15 -17 17 -19 20 -21 -22 -23 -24 -25 -26 -27 -28 -29 -30 -31
leaf_value=0.0027595845247573953 0.049276992676985987 -0.00035125107933023451 -0.096691586613565278 0.021385426655938483 0.17945717109195819 0.1283640272122821 -0.027723259330685878 -0.068259881013795362 0.2068748905514402 0.46634519115526557 0.051568386478810554 -0.0083053374438039913 -0.036653367390915091 -0.034694554018245304 0.16984033616215466 0.81348552159791265 0.027124065300970036 -0.021914204471766553 0.19819301261819519 0.17350964886844242 0.018593200945695391 0.0019593014653303664 -0.012457447782562326 -0.019202026177724933 0.11132104431523883 -0.026264175400560707 0.0068645487082696103 -0.0050745569027789254 -0.015027925516693675 0.034344356799556046
leaf_weight=847.46312667243183 284.71162855066359 258704.66725289554 122.25098732439801 1126.0589473759755 41.927591437473893 93.363948662765324 488.83332581911236 523.96957197511801 29.555361976847053 12.564269431866704 147.44211003417149 14.37755805719644 1427.9221307747066 189.91163183865137 6.151602278929202 5.2759968154132366 1263.9097555649932 533.23502467945218 49.552587838843465 28.736910219769925 38.829281942918897 28144.743325352552 284.36052684206516 1067.2684153802693 64.657635916024446 466.51673751045018 23340.269290214172 82.441297640092671 462.92323986720294 2049.2104841433465
leaf_count=2898 876 2194262 896 3401 85 284 4745 4490 47 64 1279 180 12363 3648 162 61 10122 4922 135 244 216 463177 1020 4107 116 1927 170961 517 3781 5985
internal_value=0.000495634 -0.000108568 0.0102189 0.0138762 0.0272135 0.00329397 0.000490915 -0.0113143 0.00264549 -0.00492464 -0.0223934 0.213047 -0.0260896 0.0177021 0.081451 0.467004 0.00612554 0.0131118 0.0232407 0.0184053 0.119288 0.00243317 -0.0404675 -0.000606841 0.0114119 0.00742732 0.00730197 0.06579 0.0158241 0.0251038
internal_weight=321943 264774 6069.71 5663.1 2938.6 57168.7 33652.6 5193.63 28459 4669.67 1803.65 26.9418 1776.7 348.781 158.87 11.4276 2866.02 2377.19 1843.95 1755.57 88.3819 28429.5 406.612 2724.5 1657.23 1592.58 23516.1 175.805 1726.83 2896.67
internal_count=2896971 2214697 20435 18519 8968 682274 510512 46412 464100 41922 17757 244 17513 5150 1502 223 24165 19420 14498 14147 351 464053 1916 9551 5444 5328 171762 801 13903 8883
cat_boundaries=0 1 2 3 4 5 6 7
cat_threshold=16 401 298 49 24 26 12
is_linear=0
shrinkage=0.08


Tree=143
num_leaves=31
num_cat=16
split_feature=38 43 47 37 41 34 38 41 19 19 42 47 12 7 11 42 39 47 13 17 7 2 33 42 11 13 47 19 11 34
split_gain=66.3707 219.77 237.524 348.058 208.277 226.022 142.616 147.691 347.069 304.299 241.482 218.59 227.955 190.722 144.802 138.562 303.149 292.445 280.161 237.944 166.793 139.11 138.441 193.42 134.86 538.981 295.22 134.644 122.05 117.53
threshold=0 1 2 3 4 5 6 7 822.45001220703136 1058.6099853515627 8 9 1611.9749755859377 777.22497558593761 9.5000000000000018 10 11 12 1374.8900146484377 1.0000000180025095e-35 733.06497192382824 2.5000000000000004 1.0000000180025095e-35 13 4.5000000000000009 306.07499694824224 14 2540.8850097656255 2.5000000000000004 15
decision_type=1 9 1 1 9 1 1 9 2 2 9 1 2 2 2 9 9 1 2 2 2 10 2 9 2 2 1 2 2 1
left_child=1 2 -1 24 29 6 7 8 10 13 -6 12 -11 28 -12 16 17 18 19 -7 -21 -17 -9 -24 25 -4 -27 -18 -10 -3
right_child=-2 4 3 -5 5 15 -8 22 9 11 14 -13 -14 -15 -16 21 27 -19 -20 20 -22 -23 23 -25 -26 26 -28 -29 -30 -31
leaf_value=0.0022705148567108246 0.00068017330233337715 0.050313289465373216 0.031765752453192277 -0.048883150792043639 -0.035234405490385368 0.29893567669444571 -0.033151734814173266 -0.014137023532031197 0.30763120747343853 0.045527083000354907 0.031349295316222013 -0.015114415663737384 0.45617895088452082 0.38898040285978946 0.24444442749167297 -7.5224908385501364e-05 0.01394534948097002 -0.0078101982543524739 0.42559207737487575 -0.089597948974451044 0.32481137551775724 -0.024318600954426773 0.14964880990059801 -0.075480344090241291 -0.063488153074762591 0.080256677887456024 0.64505357349477932 -0.0738303978915342 0.018736361004396972 0.0081232753868367338
leaf_weight=1670.6425733920187 245923.75493643549 739.38457073550671 179.73444936703891 1976.2214033859782 605.22674895636737 28.619899855926633 1789.4948619827628 7053.7618566979654 14.96347588393837 21.203365311026573 460.41812025755644 107.4991148468107 14.614044630900024 32.024013265967369 21.35483936034143 54426.380497216247 3012.9627020829357 64.456970423460007 27.978005094453692 30.689209434203804 7.7945499233901492 1558.1522486573085 63.921574793756008 31.69872357416898 52.525518694892526 9.6202196143567562 15.411702036857605 116.15684920921922 24.989326956681907 1000.6520182555541
leaf_count=3139 2314435 1929 2651 37630 6267 114 7390 64540 31 153 3029 1321 106 155 139 414499 17125 135 151 484 62 12765 401 370 1058 197 67 1116 242 3415
internal_value=4.43102e-05 -0.0020361 -0.0204927 -0.037611 -0.00102209 -0.00170807 -0.0126765 -0.00830714 0.0163927 0.109317 -0.00186136 0.0419153 0.213079 0.243525 0.0399653 0.000188856 0.0161224 0.12374 0.21292 0.124249 -0.00566295 -0.000749829 -0.0128229 0.0827737 0.0489656 0.0802029 0.427992 0.010687 0.126936 0.0262359
internal_weight=321082 75158.6 3904.16 2233.51 71254.4 69514.4 10241.2 8451.68 1302.29 215.293 1087 143.317 35.8174 71.9768 481.773 59273.2 3288.66 159.539 95.0817 67.1037 38.4838 55984.5 7149.38 95.6203 257.292 204.766 25.0319 3129.12 39.9528 1740.04
internal_count=2895116 580681 44742 41603 535939 530595 84144 76754 11443 2008 9435 1580 259 428 3168 446451 19187 946 811 660 546 427264 65311 771 3973 2915 264 18241 273 5344
cat_boundaries=0 1 2 3 4 5 6 7 8 9 10 11 12 13 14 15 16
cat_threshold=21 32 2 8 16 17 20 5 41 1 1 2 4 9 4 48
is_linear=0
shrinkage=0.08


Tree=144
num_leaves=31
num_cat=15
split_feature=1 34 3 44 3 3 36 45 37 4 4 37 3 11 3 33 0 36 3 4 40 36 3 37 4 34 41 36 41 37
split_gain=80.7205 363.901 230.131 182.238 209.773 187.166 176.837 170.565 232.708 169.925 179.765 155.166 305.101 153.534 145.709 126.404 155.503 156.199 131.404 127.057 199.883 189.572 250.785 202.165 201.912 195.34 293.824 179.938 171.401 160.195
threshold=1.5000000000000002 0 752.23001098632824 1 647.17498779296886 36.894998550415046 2 3 4 56.500000000000007 35.500000000000007 5 363.30499267578131 2.5000000000000004 516.06500244140636 1.0000000180025095e-35 1.5000000000000002 6 47.620000839233406 9.5000000000000018 7 8 304.22500610351568 9 18.500000000000004 10 11 12 13 14
decision_type=2 1 10 9 8 8 9 9 1 10 10 1 8 2 10 2 2 9 8 10 1 9 8 1 10 1 9 9 9 1
left_child=-1 2 6 4 7 -5 -2 8 -3 10 15 12 -8 -9 -15 19 17 -17 -19 27 21 22 -21 -23 -24 -26 -27 28 29 -7
right_child=1 3 -4 5 -6 9 11 13 -10 -11 -12 -13 -14 14 -16 16 -18 18 -20 20 -22 23 24 -25 25 26 -28 -29 -30 -31
leaf_value=-0.00051000755888584053 -0.020412203151903095 -0.044679451910882462 0.10876477511167593 -0.038135274063083917 -0.024036671173958399 0.030978288820577415 0.37914853389052505 0.02628269040014072 0.11913013495690646 0.17193646493826237 -0.05085900748908477 0.020977013161449443 0.039340903812711367 -0.031235870563777232 0.035938995937237997 0.17064788952919649 -0.066897344425416311 0.20372916575845623 -0.053207656921732828 0.18950796274533008 -0.033125494420607186 0.023583520330627276 -0.0047659466518103297 -0.017734392904589547 0.028661183292475904 0.20645851342850666 -0.01573717196277109 0.00071664446593912941 -0.03182114535114846 -0.020524891074810921
leaf_weight=270453.59386341169 676.73698021750897 71.072307493537664 184.35485297744162 870.53994616586715 754.49650009162724 696.25801165029407 24.42161319591105 2949.4374508168548 224.1428286191076 36.487683227285743 453.46495220810175 5558.6135154379299 54.983143701218069 667.83133665472269 299.26449679210782 28.231127116829157 369.40170481614769 14.727996625006197 94.328446819446981 76.226987073197961 537.36092069093138 2172.2939703362063 387.09447243064642 1153.5106101171114 293.89023807179183 121.26930446736515 59.88340674713254 28868.037628583494 2253.8267223909497 844.01438622642308
leaf_count=2366230 4019 354 1161 7798 2809 4650 210 10738 456 84 3870 40395 354 2955 1215 42 6072 13 848 201 3738 17119 2198 8499 1463 396 316 384079 17197 6471
internal_value=3.95708e-05 0.00296568 0.0206278 0.000369616 0.0148099 -0.00145365 0.0180874 0.0217689 0.0795216 -0.000623366 -0.000787231 0.0227045 0.127762 0.0171689 -0.0104488 -0.000189244 -0.0398793 0.0328186 -0.0169539 0.000347557 0.0124987 0.018283 0.0498885 0.00924275 0.0381226 0.0730708 0.136027 -0.00143874 -0.0177933 0.00280603
internal_weight=321250 50796.2 6499.11 44297.1 4966.24 39330.8 6314.76 4211.75 295.215 38460.3 38423.8 5638.02 79.4048 3916.53 967.096 37970.4 506.689 137.288 109.056 37463.7 4801.53 4264.17 938.364 3325.8 862.137 475.043 181.153 32662.1 3794.1 1540.27
internal_count=2895950 529720 46139 483581 18527 465054 44978 15718 810 457256 457172 40959 564 14908 4170 453302 6975 903 861 446327 33930 30192 4574 25618 4373 2175 712 412397 28318 11121
cat_boundaries=0 1 2 3 4 5 6 7 8 9 10 11 12 13 14 15
cat_threshold=35 1 43 2 44 66 2 2 89 105 8 34 113 37 84
is_linear=0
shrinkage=0.08


Tree=145
num_leaves=31
num_cat=18
split_feature=31 45 46 38 46 48 47 40 46 38 37 31 4 38 46 45 37 43 45 4 42 12 16 18 11 18 20 36 23 31
split_gain=100.587 218.923 250.684 123.959 119.805 87.5802 72.6199 205.657 273.223 193.903 257.948 254.39 249.885 478.091 187.385 252.67 156.571 274.925 281.63 296.288 236.113 203.345 190.461 185.127 202.482 175.277 170.866 168.64 296.792 318.169
threshold=1.0000000180025095e-35 0 1 2 3 4 5 6 7 8 9 1.0000000180025095e-35 1.0000000180025095e-35 10 11 12 13 14 15 15.500000000000002 16 33465.201171875007 2.5000000000000004 36106.441406250007 16.500000000000004 173.05000305175784 7.5000000000000009 17 -1.0000000180025095e-35 1.0000000180025095e-35
decision_type=10 9 1 1 1 9 1 1 1 1 1 8 8 1 1 9 1 9 9 10 9 2 2 2 2 2 2 9 2 8
left_child=5 4 -3 -4 -2 6 7 8 -1 10 -9 -11 13 -12 16 -16 17 -8 19 22 21 27 23 -19 -25 -24 -18 28 29 -20
right_child=1 2 3 -5 -6 -7 14 9 -10 11 12 -13 -14 -15 15 -17 26 18 20 -21 -22 -23 25 24 -26 -27 -28 -29 -30 -31
leaf_value=0.011389295264622703 -0.064439648019084209 0.02368387932865575 0.064719838620372699 -0.016465293308689809 0.095206153168381671 0.023093743027280338 0.035258136706744728 0.0011134793999916781 -0.029400424636271707 0.0040841288244536653 -0.013382968025528375 -0.0054825639377899553 -0.0027915531382714299 -0.06684683700061711 0.025997637083761044 -0.0054868878408885578 -0.0011494730796439334 -0.010315852641312363 0.92346135330912593 0.35621897268666203 -0.054077128977548496 0.24095178743283405 0.52980264524239606 0.42565050172354396 0.047288162516096161 0.06722790218264886 -0.049702155872264522 -0.013730143370152666 -0.08193708331554303 -0.082041005868150427
leaf_weight=17577.797144955955 340.5925151205156 4433.2125344756059 119.49847754836082 1774.3169801542535 32.9992063511163 1031.7125284699723 675.36732608941384 12143.263988072984 1117.8193861022592 66716.791198032908 3998.5080270431936 24257.030269618146 4785.838153754361 1460.5443693827838 3643.4273747024126 2946.778611223679 166866.3158732981 4428.7390262002591 6.4206173447892079 14.381866858806459 1806.5179375829175 23.030970919411629 7.7753060935065177 12.547859667800365 32.492256259545684 16.094059871626087 465.17757754301419 449.76616414147429 6.9566644448786965 2.9345997823402294
leaf_count=36881 2070 15131 114 8988 49 8962 19357 24961 2644 129647 8480 45605 10069 3761 13115 7973 2258130 123412 272 149 131917 158 31 172 788 429 11261 30808 377 135
internal_value=3.01955e-05 0.00972918 0.013255 -0.0110878 -0.0490259 -0.000176451 -0.000253042 0.0011741 0.00894567 -0.000108362 -0.00677621 0.00153312 -0.0161198 -0.0278339 -0.00129196 0.0119506 -0.00179118 -0.013105 -0.0179477 -0.006299 -0.0407165 0.0087258 -0.00747221 -0.00867471 0.152697 0.217909 -0.00128437 -0.0025623 0.194529 0.608049
internal_weight=321195 6700.62 6327.03 1893.82 373.592 314494 313462 132058 18695.6 113362 22388.2 90973.8 10244.9 5459.05 181405 6590.21 174815 7483.02 6807.66 4512.03 2295.63 489.109 4497.65 4473.78 45.0401 23.8694 167331 466.078 16.3119 9.35522
internal_count=2895846 26352 24233 9102 2119 2869494 2860532 262048 39525 222523 47271 175252 22310 12241 2598484 21088 2577396 308005 288648 124981 163667 31750 124832 124372 960 460 2269391 31592 784 407
cat_boundaries=0 1 2 3 4 5 6 7 8 9 10 11 12 13 14 15 16 17 18
cat_threshold=32 1 1 1 1 2 9 1 657 86 528 1 5 16 6 42 18 64
is_linear=0
shrinkage=0.08


Tree=146
num_leaves=31
num_cat=14
split_feature=44 45 42 26 40 18 6 18 40 18 21 43 7 42 18 43 0 18 43 36 7 45 41 42 11 17 4 7 19 35
split_gain=107.413 106.423 178.325 164.511 156.199 240.997 116.074 165.16 138.957 122.595 174.476 152.598 134.478 133.588 153.437 150.977 210.55 127.898 116.002 140.36 129.318 152.938 125.657 124.931 115.448 164.41 111.401 110.703 114.999 170.609
threshold=0 1 2 9.2500000000000018 3 42.875000000000007 484.00001525878912 120.07500076293947 4 3361.6149902343755 1.0000000180025095e-35 5 116.0499954223633 6 10033.079589843752 7 1.5000000000000002 1535.0250244140627 8 9 325.00500488281256 10 11 12 17.500000000000004 20.500000000000004 inf 1354.3750610351565 1209.7750244140627 13
decision_type=9 9 9 8 1 2 2 2 1 2 2 9 2 9 2 9 2 2 9 9 2 9 9 9 2 2 8 2 2 1
left_child=-1 2 -2 -4 5 -5 7 24 -9 17 12 -12 13 14 15 16 -11 -10 19 27 22 -22 26 -23 -3 -26 -21 28 -8 -30
right_child=1 6 3 4 -6 -7 18 8 9 10 11 -13 -14 -15 -16 -17 -18 -19 -20 20 21 23 -24 -25 25 -27 -28 -29 29 -31
leaf_value=0.0037597352228677179 -0.02236486546079107 0.00040119265198809733 0.23343298336297388 0.13327087748741762 -0.0032700529664242885 -0.052020602418343789 0.018563452164621068 0.061566572119014638 -0.004082238656470439 0.080050921469585395 0.0056937275208032503 0.094773913431589571 -0.019640070303051756 0.0067408473176877974 -0.02716734674539438 0.017649322962706267 0.30143789734511833 -0.019551475695766762 0.0070773938697722841 0.01444754228397465 -0.0042252344522481248 -0.011461218183691699 -0.012010357231785784 -0.05499293757117249 0.33281459995230378 -0.032121127953535611 -0.19785580066549444 -0.019050716659910902 0.11863918648288138 -0.0044506397893223325
leaf_weight=38634.583671305329 3429.5766962206108 144934.30987423542 21.001133836107329 140.23288528062403 1218.6129716765136 66.099396049045026 748.026416731067 196.83767021913081 81456.851141797495 64.804222766775638 241.6149063128978 259.36424623976927 1109.1486623117235 2031.8459504150087 81.346127243712544 97.54370269482024 47.753234298434108 3570.5609349565348 23466.546595854568 4291.2671376012731 10157.840394170489 1025.7506703585968 1698.6977630236652 728.97229698457522 16.061734674498442 15.549986584112046 15.876710078446193 304.55151011887938 197.43335256935097 118.28329658601433
leaf_count=177103 56760 1124251 196 477 15642 499 4924 876 878451 674 3501 1918 20123 26326 1112 726 796 53447 235703 59489 156792 26817 24889 18356 121 192 95 2718 1297 848
internal_value=-0.000195989 -0.000738408 -0.012443 0.0110822 0.00788297 0.0704954 -0.000531833 -0.00123182 -0.00394122 -0.00409263 0.00971463 0.0538173 0.00327767 0.0142187 0.0639262 0.102238 0.15978 -0.00473184 0.00330126 -0.00129623 -0.00318689 -0.00801429 0.00638293 -0.0297549 0.000434534 0.153301 0.0136333 0.0233062 0.0356522 0.0761404
internal_weight=320387 281752 4875.52 1445.95 1424.95 206.332 276877 234124 89157.7 88960.8 3933.42 500.979 3432.44 2323.29 291.447 210.101 112.557 85027.4 42753.2 19286.7 17918.4 11912.6 6005.84 1754.72 144966 31.6117 4307.14 1368.29 1063.74 315.717
internal_count=2895119 2718016 73574 16814 16618 976 2644442 2112514 987950 987074 55176 5419 49757 29634 3308 2196 1470 931898 531928 296225 286438 201965 84473 45173 1124564 313 59584 9787 7069 2145
cat_boundaries=0 1 2 3 4 5 6 7 8 9 10 11 12 13 14
cat_threshold=1 2 56 5 1 5 1 33 7 34 5 35 40 6
is_linear=0
shrinkage=0.08


Tree=147
num_leaves=31
num_cat=13
split_feature=37 2 47 3 41 47 45 19 38 3 7 18 41 36 3 47 4 3 36 36 3 3 4 18 11 3 2 17 47 40
split_gain=81.1228 266.269 367.944 327.698 200.849 191.259 168.849 258.037 157.69 232.084 260.406 199.252 159.413 361.642 201.262 283.284 201.218 143.455 164.366 141.788 140.698 194.863 125.083 118.745 290.273 176.144 108.313 105.655 90.155 283.293
threshold=0 1.5000000000000002 1 173.97499847412112 2 3 4 174.02500152587893 5 161.61499786376956 1540.2750244140627 215.02500152587893 6 7 76.880001068115249 8 46.500000000000007 725.07000732421886 9 10 253.72499847412112 267.19500732421881 66.500000000000014 235.02500152587893 2.5000000000000004 141.16999816894534 2.5000000000000004 4.5000000000000009 11 12
decision_type=1 10 1 8 9 1 9 2 1 10 2 2 9 9 10 1 10 10 9 9 8 8 8 2 2 10 10 2 1 1
left_child=1 8 4 5 26 23 7 20 9 11 -11 -1 22 14 -14 -16 19 -8 -19 -15 -5 -22 28 24 25 -4 -3 -13 29 -10
right_child=-2 2 3 6 -6 -7 17 -9 12 10 -12 27 13 16 15 -17 -18 18 -20 -21 21 -23 -24 -25 -26 -27 -28 -29 -30 -31
leaf_value=0.034888451068062307 -5.7968830297276501e-05 0.069922102546627105 0.28997944826599692 -0.021585063277539819 0.1683783156013447 0.030003165665390807 -0.047201890374584318 -0.034310091050924731 0.11436509030546711 -0.019429847929694554 0.25024793979543658 0.2303182259921378 -0.037755321402302602 -0.077256159216464962 0.019499596629099072 0.32905685196164791 0.226004929173687 0.26607098641391969 -0.025532326516968368 -0.020799966848562588 0.36321775198801315 0.10448649058650153 0.1667850378341823 0.023583161064666656 0.59930131438848766 -0.086479607788464308 -0.11243016452242792 0.086750210406827025 0.010455538121250177 -0.015131407607583944
leaf_weight=172.61255123466253 310296.68438958091 94.954275485128164 25.436458025127649 41.96770397387445 182.44542109966278 54.082834728062153 422.33851563837379 152.17476557381451 103.67301104031503 356.73312323354185 24.489229265600443 72.486777704209089 36.946505952626467 450.00867236126214 34.420471370220184 42.013800300657749 18.235426608473063 11.290493059903383 32.261842290870845 815.6729160938412 22.132528018206358 117.71996924653649 30.217879133298993 13.574276201426981 14.05522847175598 11.573873240500687 26.711073495447636 59.92876935005188 4364.0325106596574 2243.2815643690992
leaf_count=470 2813191 349 179 279 424 88 4532 1545 1445 1882 86 84 289 4514 61 264 29 74 338 5670 31 698 163 173 54 201 169 147 12364 45634
internal_value=0.000171228 0.00724238 0.0422368 0.0169864 0.118509 0.141011 -0.00142191 0.0413148 0.00240191 0.0389417 -0.0021061 0.0915196 -0.000726132 -0.0252185 0.106185 0.189655 -0.0375535 -0.0322541 0.105293 -0.0416475 0.106881 0.145432 0.00438042 0.23389 0.289793 0.172253 0.0276175 0.165342 0.00365568 -0.00898829
internal_weight=320344 10047.5 1222.72 918.608 304.111 118.723 799.886 333.995 8824.75 686.25 381.222 305.028 8138.5 1397.3 113.381 76.4343 1283.92 465.891 43.5523 1265.68 181.82 139.852 6741.2 64.6398 51.0656 37.0103 121.665 132.416 6710.99 2346.95
internal_count=2895427 82236 9134 8192 942 695 7497 2553 73102 2669 1968 701 70433 10827 614 325 10213 4944 412 10184 1008 729 59606 607 434 380 518 231 59443 47079
cat_boundaries=0 1 2 3 4 5 6 7 8 9 10 11 12 13
cat_threshold=66 1 3 4 9 195 38 16 2 64 136 4 8
is_linear=0
shrinkage=0.08


Tree=148
num_leaves=31
num_cat=10
split_feature=38 41 34 34 37 35 16 3 19 11 12 3 41 16 34 32 19 3 19 47 26 3 4 2 2 33 34 2 3 3
split_gain=93.8658 164.617 452.706 143.738 127.14 127.105 289.494 184.638 199.275 389.861 294.222 137.123 124.994 160.653 359.023 164.053 158.783 143.331 134.66 224.527 104.972 104.288 197.348 114.421 104.063 108.769 168.997 155.945 151.1 123.324
threshold=0 1 2 3 4 5 1.0000000180025095e-35 335.34500122070318 695.92501831054699 7.5000000000000009 414.77499389648443 277.12500000000006 6 1.0000000180025095e-35 7 -5.2449998855590811 113.22499847412111 630.52001953125011 4611.6398925781259 8 1.0000000180025095e-35 660.73498535156261 69.500000000000014 1.0000000180025095e-35 inf 1.0000000180025095e-35 9 1.5000000000000002 56.335000991821296 47.620000839233406
decision_type=1 9 1 1 1 1 2 8 2 2 2 10 9 2 1 10 2 10 2 1 8 10 10 10 8 2 1 10 8 10
left_child=1 2 -1 4 12 6 -6 8 9 11 -11 -8 13 -3 15 -15 -16 18 -14 -20 -5 -22 23 -23 25 -7 27 28 -27 -28
right_child=-2 3 -4 20 5 24 7 -9 -10 10 -12 -13 17 14 16 -17 -18 -19 19 -21 21 22 -24 -25 -26 26 29 -29 -30 -31
leaf_value=0.052090308458847635 0.00088544574990180971 -0.032284741376469799 -0.016468275096485418 0.11091335431986797 0.0068178029366280793 -0.00033087404409711343 0.02871169272400631 0.0014164234115636597 -5.8941866172628024e-05 0.48289204744691455 0.16445436750855916 0.19196632197245567 -0.0055286087618668968 0.13279651481500215 0.15207019224782053 0.53020161798017174 -0.023543224529964567 0.18901804215211243 0.23166882743152095 -0.025779205048364732 -0.012628974606016452 -0.0045618417130846743 0.32879249657810206 0.120869893176501 -0.026300509359495322 0.24978560763654112 0.093696428623006436 0.22986520260205406 0.026160924513474529 -0.079033805457171966
leaf_weight=1213.7129405634478 263828.82361314434 2159.7239771960303 1237.4127940926701 44.998291959520429 3936.9434169451706 24315.780522445217 118.79434521123767 157.49283475079574 82.894555118866265 30.932708950713277 46.462568068876863 45.554445188492537 9399.3142744163051 11.694873244035991 37.572381684556603 15.405572286806999 267.90063878474757 24.530178876593709 40.661756154149771 46.444191877730191 12362.631971069844 231.27709568245336 13.945239225402473 58.271840525325388 979.30347519321367 22.447679065167904 37.230190046131611 42.158883965574205 139.57972682919353 91.393794809002429
leaf_count=2885 2436586 20202 4145 77 27786 204073 672 1683 605 62 203 180 70698 84 142 143 3232 39 54 652 112167 2851 59 471 4282 31 61 112 706 1005
internal_value=0.000248425 -0.00268881 0.0175533 -0.00359789 -0.00134327 0.00143748 0.0139517 0.0724948 0.106977 0.14368 0.291725 0.0739629 -0.00829953 -0.0242172 0.027445 0.262021 -0.00188164 -0.00410733 -0.00461105 0.0943996 -0.0110496 -0.0114916 0.0348387 0.0206813 -0.000724982 0.000290855 0.0457157 0.0884721 0.0571424 -0.0269424
internal_weight=321041 57212.5 2451.13 54761.3 42050.2 30047 4419.07 482.131 324.639 241.744 77.3953 164.349 12003.2 2492.3 332.573 27.1004 305.473 9510.95 9486.42 87.1059 12711.1 12666.1 303.494 289.549 25627.9 24648.6 332.81 204.186 162.027 128.624
internal_count=2895948 459362 7030 452332 336707 241461 31191 3405 1722 1117 265 852 95246 23803 3601 227 3374 71443 71404 706 115625 115548 3381 3322 210270 205988 1915 849 737 1066
cat_boundaries=0 1 2 3 4 5 6 7 8 9 10
cat_threshold=133 16 112 78 96 5 36 64 1 10
is_linear=0
shrinkage=0.08


Tree=149
num_leaves=31
num_cat=21
split_feature=36 42 43 34 34 37 35 2 39 37 41 5 37 45 41 37 35 18 39 41 4 35 14 34 2 18 12 12 41 45
split_gain=84.4789 210.471 200.023 372.774 240.183 238.426 292.449 269.683 269.048 198.604 185.613 260.539 229.639 173.324 279.561 261.505 243.558 268.664 185.66 157.333 423.042 219.291 228.92 161.356 150.953 142.212 377.343 190.535 177.661 139.314
threshold=0 1 2 3 4 5 6 2.5000000000000004 7 8 9 10.500000000000002 10 11 12 13 14 138.06999969482425 15 16 23.500000000000004 17 1.0000000180025095e-35 18 1.0000000180025095e-35 129.0100021362305 60.049999237060554 374.77499389648443 19 20
decision_type=9 9 9 1 1 1 1 10 9 1 9 2 1 9 9 1 1 2 9 9 10 1 2 1 10 2 2 2 9 9
left_child=1 2 4 5 -1 8 -7 24 -4 -9 11 -3 29 14 15 16 17 -6 -16 20 21 23 -23 -20 -8 26 28 -27 -10 -12
right_child=-2 10 3 -5 13 6 7 9 25 -11 12 -13 -14 -15 18 -17 -18 -19 19 -21 -22 22 -24 -25 -26 27 -28 -29 -30 -31
leaf_value=-0.033790211461647263 0.00086334801394933648 -0.00068470234504292319 0.23505369438392901 -0.01921966309980265 0.28299694563400485 0.11540875074841493 0.0031714387078196878 0.21073765241457174 0.19541007190903167 -0.045474075662199354 -0.00028057272238250471 0.11462244717843305 -0.02875373493366893 0.0070489176131128817 -0.010361659118177154 0.17289497848229296 -0.040633002469955042 0.011716233807958585 0.25708741229458842 0.019458342735065273 0.33988620624467103 0.0066818564150147117 0.26213853991693042 0.041870219045789012 -0.069155277738848109 -0.13392481584826116 0.39392427105655209 0.052600599536700494 0.0032157621559219403 -0.027958421008875606
leaf_weight=527.04899473371916 289470.27406036761 7020.8694990631193 57.804404182359576 4258.293423487572 44.128385712858289 144.50304351467639 2355.7456427498255 55.592303220182657 31.628205703571439 28.822964285966009 5703.5640444257297 127.69338345341384 4667.4967194921337 2236.1448813113384 616.08350792713463 172.12660338915884 116.98644772171974 49.654269281774759 49.361158082261682 760.82956989761442 36.964825559407473 322.14485949929804 24.132452202960849 60.827481697313488 200.39149670861661 51.062280071899295 23.804618258029222 111.76524931192398 130.79883450455964 1453.0763222251553
leaf_count=3898 2709841 34704 197 28722 184 393 12433 67 100 264 36023 455 32088 12052 3201 738 1005 548 141 3379 77 1701 96 191 1297 517 88 650 739 10078
internal_value=0.000435559 -0.00350237 0.00457073 -0.00374544 0.0169045 0.0168941 0.00840817 0.00213929 0.0733864 0.142834 -0.00880668 0.00137309 -0.0149571 0.0229178 0.0385656 0.100278 0.0358298 0.125936 0.0254658 0.043267 0.0780027 0.0585041 0.0237977 0.15165 -0.0024987 0.0487166 0.0964635 -0.00589327 0.0528689 -0.00593142
internal_weight=320910 31439.3 12466.6 7450.21 5016.43 3191.92 2785.06 2640.55 406.864 84.4153 18972.7 7148.56 11824.1 4489.38 2253.24 382.896 210.769 93.7827 1870.34 1254.26 493.431 456.466 346.277 110.189 2556.14 349.059 186.232 162.828 162.427 7156.64
internal_count=2895867 186026 72678 45467 27211 16745 14454 14061 2291 331 113348 35159 78189 23313 11261 2475 1737 732 8786 5585 2206 2129 1797 332 13730 2094 927 1167 839 46101
cat_boundaries=0 1 2 3 4 5 6 7 8 9 10 11 12 13 14 15 16 17 18 19 20 21
cat_threshold=80 24 40 18 17 9 4 1 2 17 22 4 4 29 3 1 2 1 10 4 5
is_linear=0
shrinkage=0.08


end of trees

feature_importances:
MONTHLY_PREMIUM=452
TENURE_BAND=335
POLICY_OWNER_AGE_BAND=282
CHANNEL_ACQUISITION=267
LHC_LOADING_RATE=210
MARKETING_OPTIN=201
PAYMENT_FREQUENCY_DESC=195
EXTRAS_TIER=181
HOSPITAL_TIER=163
PREMIUM_CHANGE_3M=143
TOTAL_BENEFIT_PAID_ROLL12M=138
TOTAL_OUT_OF_POCKET_ROLL12M=137
STATE_CODE=131
PAYMENT_METHOD_DESC=124
HOSPITAL_EXCESS_AMT=122
INCOME_TIER=120
ACTIVE_CHILD_COUNT=108
SCALE=108
TOTAL_BENEFIT_PAID_ROLL6M=102
ARREARS_FLAG=97
TOTAL_OUT_OF_POCKET_ROLL6M=79
TOTAL_CLAIM_COUNT_ROLL12M=77
ARREARS_FLAG_LAG2M=70
PRODUCT_HOLDINGS=67
TOTAL_CLAIM_COUNT_ROLL6M=56
TOTAL_BENEFIT_PAID_ROLL3M=54
YOUNGEST_DEPENDANT_AGE_BAND=53
NEGATIVE_SENTIMENT_CALLS_LAST_6M=49
ACTIVE_ADULT_COUNT=39
TOTAL_OUT_OF_POCKET_ROLL3M=38
LAST_SERVICE_RATING=36
NO_BENEFIT_PAID_FLAG_ROLL12M=33
TOTAL_CLAIM_COUNT_ROLL3M=32
NO_BENEFIT_PAID_FLAG_ROLL6M=31
LAST_NPS_RATING=30
HOSPITAL_CLAIM_COUNT_ROLL12M=23
REVERSAL_FLAG_ROLL12M=21
MONTHS_SINCE_LAST_CLAIM=19
HOSPITAL_CLAIM_COUNT_ROLL6M=17
LAST_OVERALL_EXPERIENCE_RATING=16
REVERSAL_FLAG_ROLL6M=15
MONTHS_SINCE_LAST_SURVEY=8
NO_BENEFIT_PAID_FLAG_ROLL3M=6
HOSPITAL_CLAIM_COUNT_ROLL3M=5
REVERSAL_FLAG_ROLL3M=3
CALL_NEGATIVE_SENTIMENT=3
RESOLUTION_TIME=3
HAD_COMPLAINT_FLAG=1

parameters:
[boosting: gbdt]
[objective: binary]
[metric: auc,average_precision]
[tree_learner: serial]
[device_type: cpu]
[data_sample_strategy: bagging]
[data: ]
[valid: ]
[num_iterations: 150]
[learning_rate: 0.08]
[num_leaves: 31]
[num_threads: 4]
[seed: 42]
[deterministic: 1]
[force_col_wise: 1]
[force_row_wise: 0]
[histogram_pool_size: -1]
[max_depth: -1]
[min_data_in_leaf: 100]
[min_sum_hessian_in_leaf: 0.001]
[bagging_fraction: 0.6]
[pos_bagging_fraction: 1]
[neg_bagging_fraction: 1]
[bagging_freq: 1]
[bagging_seed: 400]
[bagging_by_query: 0]
[feature_fraction: 0.7]
[feature_fraction_bynode: 1]
[feature_fraction_seed: 30056]
[extra_trees: 0]
[extra_seed: 12879]
[early_stopping_round: 0]
[early_stopping_min_delta: 0]
[first_metric_only: 0]
[max_delta_step: 0]
[lambda_l1: 0]
[lambda_l2: 0]
[linear_lambda: 0]
[min_gain_to_split: 0]
[drop_rate: 0.1]
[max_drop: 50]
[skip_drop: 0.5]
[xgboost_dart_mode: 0]
[uniform_drop: 0]
[drop_seed: 17869]
[top_rate: 0.2]
[other_rate: 0.1]
[min_data_per_group: 100]
[max_cat_threshold: 32]
[cat_l2: 10]
[cat_smooth: 10]
[max_cat_to_onehot: 4]
[top_k: 20]
[monotone_constraints: ]
[monotone_constraints_method: basic]
[monotone_penalty: 0]
[feature_contri: ]
[forcedsplits_filename: ]
[refit_decay_rate: 0.9]
[cegb_tradeoff: 1]
[cegb_penalty_split: 0]
[cegb_penalty_feature_lazy: ]
[cegb_penalty_feature_coupled: ]
[path_smooth: 0]
[interaction_constraints: ]
[verbosity: -1]
[saved_feature_importance_type: 0]
[use_quantized_grad: 0]
[num_grad_quant_bins: 4]
[quant_train_renew_leaf: 0]
[stochastic_rounding: 1]
[linear_tree: 0]
[max_bin: 127]
[max_bin_by_feature: ]
[min_data_in_bin: 3]
[bin_construct_sample_cnt: 200000]
[data_random_seed: 175]
[is_enable_sparse: 1]
[enable_bundle: 1]
[use_missing: 1]
[zero_as_missing: 0]
[feature_pre_filter: 1]
[pre_partition: 0]
[two_round: 0]
[header: 0]
[label_column: ]
[weight_column: ]
[group_column: ]
[ignore_column: ]
[categorical_feature: 34,35,36,37,38,39,40,41,42,43,44,45,46,47,48,49]
[forcedbins_filename: ]
[precise_float_parser: 0]
[parser_config_file: ]
[objective_seed: 16083]
[num_class: 1]
[is_unbalance: 0]
[scale_pos_weight: 20.1663]
[sigmoid: 1]
[boost_from_average: 1]
[reg_sqrt: 0]
[alpha: 0.9]
[fair_c: 1]
[poisson_max_delta_step: 0.7]
[tweedie_variance_power: 1.5]
[lambdarank_truncation_level: 30]
[lambdarank_norm: 1]
[label_gain: ]
[lambdarank_position_bias_regularization: 0]
[eval_at: ]
[multi_error_top_k: 1]
[auc_mu_weights: ]
[num_machines: 1]
[local_listen_port: 12400]
[time_out: 120]
[machine_list_filename: ]
[machines: ]
[gpu_platform_id: -1]
[gpu_device_id: -1]
[gpu_device_id_list: ]
[gpu_use_dp: 0]
[num_gpu: 1]

end of parameters

pandas_categorical:null
